﻿<?xml version="1.0" encoding="utf-8"?>
<Entity>
  <Name LocalizedName="Contact" OriginalName="Contact">Contact</Name>
  <ObjectTypeCode>2</ObjectTypeCode>
  <EntityInfo>
    <entity Name="Contact">
      <LocalizedNames>
        <LocalizedName description="Contact" languagecode="1033" />
      </LocalizedNames>
      <LocalizedCollectionNames>
        <LocalizedCollectionName description="Contacts" languagecode="1033" />
      </LocalizedCollectionNames>
      <Descriptions>
        <Description description="Person with whom a business unit has a relationship, such as customer, supplier, and colleague." languagecode="1033" />
      </Descriptions>
      <attributes>
        <attribute PhysicalName="EMailAddress1">
          <Type>nvarchar</Type>
          <Name>emailaddress1</Name>
          <LogicalName>emailaddress1</LogicalName>
          <RequiredLevel>required</RequiredLevel>
          <DisplayMask>ValidForAdvancedFind|ValidForForm|ValidForGrid</DisplayMask>
          <ImeMode>inactive</ImeMode>
          <ValidForUpdateApi>1</ValidForUpdateApi>
          <ValidForReadApi>1</ValidForReadApi>
          <ValidForCreateApi>1</ValidForCreateApi>
          <IsCustomField>0</IsCustomField>
          <IsAuditEnabled>1</IsAuditEnabled>
          <IsSecured>0</IsSecured>
          <IntroducedVersion>5.0.0.0</IntroducedVersion>
          <SourceType>0</SourceType>
          <IsGlobalFilterEnabled>0</IsGlobalFilterEnabled>
          <IsSortableEnabled>1</IsSortableEnabled>
          <Format>email</Format>
          <MaxLength>100</MaxLength>
          <Length>200</Length>
          <displaynames>
            <displayname description="Email" languagecode="1033" />
          </displaynames>
          <Descriptions>
            <Description description="Type the primary email address for the contact." languagecode="1033" />
          </Descriptions>
        </attribute>
        <attribute PhysicalName="FullName">
          <Type>nvarchar</Type>
          <Name>fullname</Name>
          <LogicalName>fullname</LogicalName>
          <RequiredLevel>required</RequiredLevel>
          <DisplayMask>ActivityRegardingName|ActivityPointerRegardingName|PrimaryName|ValidForAdvancedFind|ValidForForm|ValidForGrid|RequiredForGrid</DisplayMask>
          <ImeMode>active</ImeMode>
          <ValidForReadApi>1</ValidForReadApi>
          <IsCustomField>0</IsCustomField>
          <IsAuditEnabled>1</IsAuditEnabled>
          <IsSecured>0</IsSecured>
          <IntroducedVersion>5.0.0.0</IntroducedVersion>
          <SourceType>0</SourceType>
          <IsGlobalFilterEnabled>0</IsGlobalFilterEnabled>
          <IsSortableEnabled>1</IsSortableEnabled>
          <Format>text</Format>
          <MaxLength>160</MaxLength>
          <Length>320</Length>
          <displaynames>
            <displayname description="Full Name" languagecode="1033" />
          </displaynames>
          <Descriptions>
            <Description description="Combines and shows the contact's first and last names so that the full name can be displayed in views and reports." languagecode="1033" />
          </Descriptions>
        </attribute>
        <attribute PhysicalName="JobTitle">
          <Type>nvarchar</Type>
          <Name>jobtitle</Name>
          <LogicalName>jobtitle</LogicalName>
          <RequiredLevel>required</RequiredLevel>
          <DisplayMask>ValidForAdvancedFind|ValidForForm|ValidForGrid</DisplayMask>
          <ImeMode>auto</ImeMode>
          <ValidForUpdateApi>1</ValidForUpdateApi>
          <ValidForReadApi>1</ValidForReadApi>
          <ValidForCreateApi>1</ValidForCreateApi>
          <IsCustomField>0</IsCustomField>
          <IsAuditEnabled>1</IsAuditEnabled>
          <IsSecured>0</IsSecured>
          <IntroducedVersion>5.0.0.0</IntroducedVersion>
          <SourceType>0</SourceType>
          <IsGlobalFilterEnabled>0</IsGlobalFilterEnabled>
          <IsSortableEnabled>0</IsSortableEnabled>
          <Format>text</Format>
          <MaxLength>100</MaxLength>
          <Length>200</Length>
          <displaynames>
            <displayname description="Job Title" languagecode="1033" />
          </displaynames>
          <Descriptions>
            <Description description="Type the job title of the contact to make sure the contact is addressed correctly in sales calls, email, and marketing campaigns." languagecode="1033" />
          </Descriptions>
        </attribute>
        <attribute PhysicalName="nwm_Axes">
          <Type>bit</Type>
          <Name>nwm_axes</Name>
          <LogicalName>nwm_axes</LogicalName>
          <RequiredLevel>none</RequiredLevel>
          <DisplayMask>ValidForAdvancedFind|ValidForForm|ValidForGrid</DisplayMask>
          <ImeMode>auto</ImeMode>
          <ValidForUpdateApi>1</ValidForUpdateApi>
          <ValidForReadApi>1</ValidForReadApi>
          <ValidForCreateApi>1</ValidForCreateApi>
          <IsCustomField>1</IsCustomField>
          <IsAuditEnabled>1</IsAuditEnabled>
          <IsSecured>0</IsSecured>
          <IntroducedVersion>0.0.0.1</IntroducedVersion>
          <IsCustomizable>1</IsCustomizable>
          <IsRenameable>1</IsRenameable>
          <CanModifySearchSettings>1</CanModifySearchSettings>
          <CanModifyRequirementLevelSettings>1</CanModifyRequirementLevelSettings>
          <CanModifyAdditionalSettings>1</CanModifyAdditionalSettings>
          <SourceType>0</SourceType>
          <IsGlobalFilterEnabled>0</IsGlobalFilterEnabled>
          <IsSortableEnabled>0</IsSortableEnabled>
          <CanModifyGlobalFilterSettings>1</CanModifyGlobalFilterSettings>
          <CanModifyIsSortableSettings>1</CanModifyIsSortableSettings>
          <AppDefaultValue>0</AppDefaultValue>
          <optionset Name="nwm_contact_nwm_axes">
            <OptionSetType>bit</OptionSetType>
            <IntroducedVersion>0.0.0.1</IntroducedVersion>
            <IsCustomizable>1</IsCustomizable>
            <displaynames>
              <displayname description="Axes" languagecode="1033" />
            </displaynames>
            <Descriptions>
              <Description description="Choose Axes or not." languagecode="1033" />
            </Descriptions>
            <options>
              <option value="0" Color="#0000ff">
                <labels>
                  <label description="No" languagecode="1033" />
                </labels>
              </option>
              <option value="1" Color="#0000ff">
                <labels>
                  <label description="Yes" languagecode="1033" />
                </labels>
              </option>
            </options>
          </optionset>
          <displaynames>
            <displayname description="Axes" languagecode="1033" />
          </displaynames>
          <Descriptions>
            <Description description="Choose Axes or not." languagecode="1033" />
          </Descriptions>
        </attribute>
        <attribute PhysicalName="nwm_AxesComment">
          <Type>ntext</Type>
          <Name>nwm_axescomment</Name>
          <LogicalName>nwm_axescomment</LogicalName>
          <RequiredLevel>none</RequiredLevel>
          <DisplayMask>ValidForAdvancedFind|ValidForForm|ValidForGrid</DisplayMask>
          <ImeMode>auto</ImeMode>
          <ValidForUpdateApi>1</ValidForUpdateApi>
          <ValidForReadApi>1</ValidForReadApi>
          <ValidForCreateApi>1</ValidForCreateApi>
          <IsCustomField>1</IsCustomField>
          <IsAuditEnabled>1</IsAuditEnabled>
          <IsSecured>0</IsSecured>
          <IntroducedVersion>0.0.0.1</IntroducedVersion>
          <IsCustomizable>1</IsCustomizable>
          <IsRenameable>1</IsRenameable>
          <CanModifySearchSettings>1</CanModifySearchSettings>
          <CanModifyRequirementLevelSettings>1</CanModifyRequirementLevelSettings>
          <CanModifyAdditionalSettings>1</CanModifyAdditionalSettings>
          <SourceType>0</SourceType>
          <IsGlobalFilterEnabled>0</IsGlobalFilterEnabled>
          <IsSortableEnabled>0</IsSortableEnabled>
          <CanModifyGlobalFilterSettings>1</CanModifyGlobalFilterSettings>
          <CanModifyIsSortableSettings>1</CanModifyIsSortableSettings>
          <Format></Format>
          <MaxLength>2000</MaxLength>
          <displaynames>
            <displayname description="Axes Comment" languagecode="1033" />
          </displaynames>
          <Descriptions>
            <Description description="Axes Comment." languagecode="1033" />
          </Descriptions>
        </attribute>
        <attribute PhysicalName="nwm_BloombergFrequency">
          <Type>picklist</Type>
          <Name>nwm_bloombergfrequency</Name>
          <LogicalName>nwm_bloombergfrequency</LogicalName>
          <RequiredLevel>none</RequiredLevel>
          <DisplayMask>ValidForAdvancedFind|ValidForForm|ValidForGrid</DisplayMask>
          <ImeMode>auto</ImeMode>
          <ValidForUpdateApi>1</ValidForUpdateApi>
          <ValidForReadApi>1</ValidForReadApi>
          <ValidForCreateApi>1</ValidForCreateApi>
          <IsCustomField>1</IsCustomField>
          <IsAuditEnabled>1</IsAuditEnabled>
          <IsSecured>0</IsSecured>
          <IntroducedVersion>0.0.0.1</IntroducedVersion>
          <IsCustomizable>1</IsCustomizable>
          <IsRenameable>1</IsRenameable>
          <CanModifySearchSettings>1</CanModifySearchSettings>
          <CanModifyRequirementLevelSettings>1</CanModifyRequirementLevelSettings>
          <CanModifyAdditionalSettings>1</CanModifyAdditionalSettings>
          <SourceType>0</SourceType>
          <IsGlobalFilterEnabled>0</IsGlobalFilterEnabled>
          <IsSortableEnabled>0</IsSortableEnabled>
          <CanModifyGlobalFilterSettings>1</CanModifyGlobalFilterSettings>
          <CanModifyIsSortableSettings>1</CanModifyIsSortableSettings>
          <AppDefaultValue>-1</AppDefaultValue>
          <OptionSetName>nwm_frequency</OptionSetName>
          <displaynames>
            <displayname description="Bloomberg Frequency" languagecode="1033" />
          </displaynames>
          <Descriptions>
            <Description description="Select Bloomberg Frequency" languagecode="1033" />
          </Descriptions>
        </attribute>
        <attribute PhysicalName="nwm_Business">
          <Type>picklist</Type>
          <Name>nwm_business</Name>
          <LogicalName>nwm_business</LogicalName>
          <RequiredLevel>none</RequiredLevel>
          <DisplayMask>ValidForAdvancedFind|ValidForForm|ValidForGrid</DisplayMask>
          <ImeMode>auto</ImeMode>
          <ValidForUpdateApi>1</ValidForUpdateApi>
          <ValidForReadApi>1</ValidForReadApi>
          <ValidForCreateApi>1</ValidForCreateApi>
          <IsCustomField>1</IsCustomField>
          <IsAuditEnabled>1</IsAuditEnabled>
          <IsSecured>0</IsSecured>
          <IntroducedVersion>0.0.0.1</IntroducedVersion>
          <IsCustomizable>1</IsCustomizable>
          <IsRenameable>1</IsRenameable>
          <CanModifySearchSettings>1</CanModifySearchSettings>
          <CanModifyRequirementLevelSettings>1</CanModifyRequirementLevelSettings>
          <CanModifyAdditionalSettings>1</CanModifyAdditionalSettings>
          <SourceType>0</SourceType>
          <IsGlobalFilterEnabled>0</IsGlobalFilterEnabled>
          <IsSortableEnabled>0</IsSortableEnabled>
          <CanModifyGlobalFilterSettings>1</CanModifyGlobalFilterSettings>
          <CanModifyIsSortableSettings>1</CanModifyIsSortableSettings>
          <AppDefaultValue>-1</AppDefaultValue>
          <OptionSetName>nwm_business</OptionSetName>
          <displaynames>
            <displayname description="Business" languagecode="1033" />
          </displaynames>
          <Descriptions>
            <Description description="Select Business." languagecode="1033" />
          </Descriptions>
        </attribute>
        <attribute PhysicalName="nwm_CallFrequency">
          <Type>picklist</Type>
          <Name>nwm_callfrequency</Name>
          <LogicalName>nwm_callfrequency</LogicalName>
          <RequiredLevel>none</RequiredLevel>
          <DisplayMask>ValidForAdvancedFind|ValidForForm|ValidForGrid</DisplayMask>
          <ImeMode>auto</ImeMode>
          <ValidForUpdateApi>1</ValidForUpdateApi>
          <ValidForReadApi>1</ValidForReadApi>
          <ValidForCreateApi>1</ValidForCreateApi>
          <IsCustomField>1</IsCustomField>
          <IsAuditEnabled>1</IsAuditEnabled>
          <IsSecured>0</IsSecured>
          <IntroducedVersion>0.0.0.1</IntroducedVersion>
          <IsCustomizable>1</IsCustomizable>
          <IsRenameable>1</IsRenameable>
          <CanModifySearchSettings>1</CanModifySearchSettings>
          <CanModifyRequirementLevelSettings>1</CanModifyRequirementLevelSettings>
          <CanModifyAdditionalSettings>1</CanModifyAdditionalSettings>
          <SourceType>0</SourceType>
          <IsGlobalFilterEnabled>0</IsGlobalFilterEnabled>
          <IsSortableEnabled>0</IsSortableEnabled>
          <CanModifyGlobalFilterSettings>1</CanModifyGlobalFilterSettings>
          <CanModifyIsSortableSettings>1</CanModifyIsSortableSettings>
          <AppDefaultValue>-1</AppDefaultValue>
          <OptionSetName>nwm_frequency</OptionSetName>
          <displaynames>
            <displayname description="Call Frequency" languagecode="1033" />
          </displaynames>
          <Descriptions>
            <Description description="Select Call Frequency." languagecode="1033" />
          </Descriptions>
        </attribute>
        <attribute PhysicalName="nwm_ContactRadarHigherTolerance">
          <Type>int</Type>
          <Name>nwm_contactradarhighertolerance</Name>
          <LogicalName>nwm_contactradarhighertolerance</LogicalName>
          <RequiredLevel>none</RequiredLevel>
          <DisplayMask>ValidForAdvancedFind|ValidForForm|ValidForGrid</DisplayMask>
          <ImeMode>auto</ImeMode>
          <ValidForUpdateApi>1</ValidForUpdateApi>
          <ValidForReadApi>1</ValidForReadApi>
          <ValidForCreateApi>1</ValidForCreateApi>
          <IsCustomField>1</IsCustomField>
          <IsAuditEnabled>1</IsAuditEnabled>
          <IsSecured>0</IsSecured>
          <IntroducedVersion>0.0.0.1</IntroducedVersion>
          <IsCustomizable>1</IsCustomizable>
          <IsRenameable>1</IsRenameable>
          <CanModifySearchSettings>1</CanModifySearchSettings>
          <CanModifyRequirementLevelSettings>1</CanModifyRequirementLevelSettings>
          <CanModifyAdditionalSettings>1</CanModifyAdditionalSettings>
          <SourceType>0</SourceType>
          <IsGlobalFilterEnabled>0</IsGlobalFilterEnabled>
          <IsSortableEnabled>0</IsSortableEnabled>
          <CanModifyGlobalFilterSettings>1</CanModifyGlobalFilterSettings>
          <CanModifyIsSortableSettings>1</CanModifyIsSortableSettings>
          <Format></Format>
          <MinValue>0</MinValue>
          <MaxValue>365</MaxValue>
          <displaynames>
            <displayname description="Contact Radar Higher Tolerance" languagecode="1033" />
          </displaynames>
          <Descriptions>
            <Description description="" languagecode="1033" />
          </Descriptions>
        </attribute>
        <attribute PhysicalName="nwm_ContactRadarLowerTolerance">
          <Type>int</Type>
          <Name>nwm_contactradarlowertolerance</Name>
          <LogicalName>nwm_contactradarlowertolerance</LogicalName>
          <RequiredLevel>none</RequiredLevel>
          <DisplayMask>ValidForAdvancedFind|ValidForForm|ValidForGrid</DisplayMask>
          <ImeMode>auto</ImeMode>
          <ValidForUpdateApi>1</ValidForUpdateApi>
          <ValidForReadApi>1</ValidForReadApi>
          <ValidForCreateApi>1</ValidForCreateApi>
          <IsCustomField>1</IsCustomField>
          <IsAuditEnabled>1</IsAuditEnabled>
          <IsSecured>0</IsSecured>
          <IntroducedVersion>0.0.0.1</IntroducedVersion>
          <IsCustomizable>1</IsCustomizable>
          <IsRenameable>1</IsRenameable>
          <CanModifySearchSettings>1</CanModifySearchSettings>
          <CanModifyRequirementLevelSettings>1</CanModifyRequirementLevelSettings>
          <CanModifyAdditionalSettings>1</CanModifyAdditionalSettings>
          <SourceType>0</SourceType>
          <IsGlobalFilterEnabled>0</IsGlobalFilterEnabled>
          <IsSortableEnabled>0</IsSortableEnabled>
          <CanModifyGlobalFilterSettings>1</CanModifyGlobalFilterSettings>
          <CanModifyIsSortableSettings>1</CanModifyIsSortableSettings>
          <Format></Format>
          <MinValue>0</MinValue>
          <MaxValue>365</MaxValue>
          <displaynames>
            <displayname description="Contact Radar Lower Tolerance" languagecode="1033" />
          </displaynames>
          <Descriptions>
            <Description description="" languagecode="1033" />
          </Descriptions>
        </attribute>
        <attribute PhysicalName="nwm_ContactRadarStatus">
          <Type>picklist</Type>
          <Name>nwm_contactradarstatus</Name>
          <LogicalName>nwm_contactradarstatus</LogicalName>
          <RequiredLevel>none</RequiredLevel>
          <DisplayMask>ValidForAdvancedFind|ValidForForm|ValidForGrid</DisplayMask>
          <ImeMode>auto</ImeMode>
          <ValidForReadApi>1</ValidForReadApi>
          <IsCustomField>1</IsCustomField>
          <IsAuditEnabled>0</IsAuditEnabled>
          <IsSecured>0</IsSecured>
          <IntroducedVersion>0.0.0.1</IntroducedVersion>
          <IsCustomizable>1</IsCustomizable>
          <IsRenameable>1</IsRenameable>
          <CanModifySearchSettings>1</CanModifySearchSettings>
          <CanModifyRequirementLevelSettings>1</CanModifyRequirementLevelSettings>
          <CanModifyAdditionalSettings>1</CanModifyAdditionalSettings>
          <SourceType>1</SourceType>
          <IsGlobalFilterEnabled>0</IsGlobalFilterEnabled>
          <IsSortableEnabled>0</IsSortableEnabled>
          <CanModifyGlobalFilterSettings>1</CanModifyGlobalFilterSettings>
          <CanModifyIsSortableSettings>1</CanModifyIsSortableSettings>
          <AppDefaultValue>-1</AppDefaultValue>
          <optionset Name="nwm_contact_nwm_contactradarstatus">
            <OptionSetType>picklist</OptionSetType>
            <IntroducedVersion>0.0.0.1</IntroducedVersion>
            <IsCustomizable>1</IsCustomizable>
            <displaynames>
              <displayname description="Contact Radar Status" languagecode="1033" />
            </displaynames>
            <Descriptions>
              <Description description="" languagecode="1033" />
            </Descriptions>
            <options>
              <option value="277810003" Color="#0000ff">
                <labels>
                  <label description="Unknown" languagecode="1033" />
                </labels>
              </option>
              <option value="277810000" Color="#c0392b">
                <labels>
                  <label description="Red" languagecode="1033" />
                </labels>
              </option>
              <option value="277810001" Color="#f39c12">
                <labels>
                  <label description="Amber" languagecode="1033" />
                </labels>
              </option>
              <option value="277810002" Color="#27ae60">
                <labels>
                  <label description="Green" languagecode="1033" />
                </labels>
              </option>
            </options>
          </optionset>
          <displaynames>
            <displayname description="Contact Radar Status" languagecode="1033" />
          </displaynames>
          <Descriptions>
            <Description description="" languagecode="1033" />
          </Descriptions>
          <FormulaDefinitionFileName>/Formulas/contact-nwm_contactradarstatus.xaml</FormulaDefinitionFileName>
        </attribute>
        <attribute PhysicalName="nwm_Country">
          <Type>lookup</Type>
          <Name>nwm_country</Name>
          <LogicalName>nwm_country</LogicalName>
          <RequiredLevel>required</RequiredLevel>
          <DisplayMask>ValidForAdvancedFind|ValidForForm|ValidForGrid</DisplayMask>
          <ImeMode>auto</ImeMode>
          <ValidForUpdateApi>1</ValidForUpdateApi>
          <ValidForReadApi>1</ValidForReadApi>
          <ValidForCreateApi>1</ValidForCreateApi>
          <IsCustomField>1</IsCustomField>
          <IsAuditEnabled>1</IsAuditEnabled>
          <IsSecured>0</IsSecured>
          <IntroducedVersion>0.0.0.1</IntroducedVersion>
          <IsCustomizable>1</IsCustomizable>
          <IsRenameable>1</IsRenameable>
          <CanModifySearchSettings>1</CanModifySearchSettings>
          <CanModifyRequirementLevelSettings>1</CanModifyRequirementLevelSettings>
          <CanModifyAdditionalSettings>1</CanModifyAdditionalSettings>
          <SourceType>0</SourceType>
          <IsGlobalFilterEnabled>0</IsGlobalFilterEnabled>
          <IsSortableEnabled>0</IsSortableEnabled>
          <CanModifyGlobalFilterSettings>1</CanModifyGlobalFilterSettings>
          <CanModifyIsSortableSettings>1</CanModifyIsSortableSettings>
          <LookupStyle>single</LookupStyle>
          <LookupTypes />
          <displaynames>
            <displayname description="Country" languagecode="1033" />
          </displaynames>
          <Descriptions>
            <Description description="Choose Country." languagecode="1033" />
          </Descriptions>
        </attribute>
        <attribute PhysicalName="nwm_CoverageModel">
          <Type>picklist</Type>
          <Name>nwm_coveragemodel</Name>
          <LogicalName>nwm_coveragemodel</LogicalName>
          <RequiredLevel>none</RequiredLevel>
          <DisplayMask>ValidForAdvancedFind|ValidForForm|ValidForGrid</DisplayMask>
          <ImeMode>auto</ImeMode>
          <ValidForUpdateApi>1</ValidForUpdateApi>
          <ValidForReadApi>1</ValidForReadApi>
          <ValidForCreateApi>1</ValidForCreateApi>
          <IsCustomField>1</IsCustomField>
          <IsAuditEnabled>1</IsAuditEnabled>
          <IsSecured>0</IsSecured>
          <IntroducedVersion>0.0.0.1</IntroducedVersion>
          <IsCustomizable>1</IsCustomizable>
          <IsRenameable>1</IsRenameable>
          <CanModifySearchSettings>1</CanModifySearchSettings>
          <CanModifyRequirementLevelSettings>1</CanModifyRequirementLevelSettings>
          <CanModifyAdditionalSettings>1</CanModifyAdditionalSettings>
          <SourceType>0</SourceType>
          <IsGlobalFilterEnabled>0</IsGlobalFilterEnabled>
          <IsSortableEnabled>0</IsSortableEnabled>
          <CanModifyGlobalFilterSettings>1</CanModifyGlobalFilterSettings>
          <CanModifyIsSortableSettings>1</CanModifyIsSortableSettings>
          <AppDefaultValue>-1</AppDefaultValue>
          <OptionSetName>nwm_coveragemodel</OptionSetName>
          <displaynames>
            <displayname description="Coverage Model" languagecode="1033" />
          </displaynames>
          <Descriptions>
            <Description description="Select Coverage Model." languagecode="1033" />
          </Descriptions>
        </attribute>
        <attribute PhysicalName="nwm_DaysSinceLastContact">
          <Type>int</Type>
          <Name>nwm_dayssincelastcontact</Name>
          <LogicalName>nwm_dayssincelastcontact</LogicalName>
          <RequiredLevel>none</RequiredLevel>
          <DisplayMask>ValidForAdvancedFind|ValidForForm|ValidForGrid</DisplayMask>
          <ImeMode>auto</ImeMode>
          <ValidForReadApi>1</ValidForReadApi>
          <IsCustomField>1</IsCustomField>
          <IsAuditEnabled>0</IsAuditEnabled>
          <IsSecured>0</IsSecured>
          <IntroducedVersion>0.0.0.1</IntroducedVersion>
          <IsCustomizable>1</IsCustomizable>
          <IsRenameable>1</IsRenameable>
          <CanModifySearchSettings>1</CanModifySearchSettings>
          <CanModifyRequirementLevelSettings>1</CanModifyRequirementLevelSettings>
          <CanModifyAdditionalSettings>1</CanModifyAdditionalSettings>
          <SourceType>1</SourceType>
          <IsGlobalFilterEnabled>0</IsGlobalFilterEnabled>
          <IsSortableEnabled>0</IsSortableEnabled>
          <CanModifyGlobalFilterSettings>1</CanModifyGlobalFilterSettings>
          <CanModifyIsSortableSettings>1</CanModifyIsSortableSettings>
          <Format></Format>
          <MinValue>-2147483648</MinValue>
          <MaxValue>2147483647</MaxValue>
          <displaynames>
            <displayname description="Days Since Last Contact" languagecode="1033" />
          </displaynames>
          <Descriptions>
            <Description description="" languagecode="1033" />
          </Descriptions>
          <FormulaDefinitionFileName>/Formulas/contact-nwm_dayssincelastcontact.xaml</FormulaDefinitionFileName>
        </attribute>
        <attribute PhysicalName="nwm_DeskAnalystCoverage">
          <Type>bit</Type>
          <Name>nwm_deskanalystcoverage</Name>
          <LogicalName>nwm_deskanalystcoverage</LogicalName>
          <RequiredLevel>none</RequiredLevel>
          <DisplayMask>ValidForAdvancedFind|ValidForForm|ValidForGrid</DisplayMask>
          <ImeMode>auto</ImeMode>
          <ValidForUpdateApi>1</ValidForUpdateApi>
          <ValidForReadApi>1</ValidForReadApi>
          <ValidForCreateApi>1</ValidForCreateApi>
          <IsCustomField>1</IsCustomField>
          <IsAuditEnabled>1</IsAuditEnabled>
          <IsSecured>0</IsSecured>
          <IntroducedVersion>0.0.0.1</IntroducedVersion>
          <IsCustomizable>1</IsCustomizable>
          <IsRenameable>1</IsRenameable>
          <CanModifySearchSettings>1</CanModifySearchSettings>
          <CanModifyRequirementLevelSettings>1</CanModifyRequirementLevelSettings>
          <CanModifyAdditionalSettings>1</CanModifyAdditionalSettings>
          <SourceType>0</SourceType>
          <IsGlobalFilterEnabled>0</IsGlobalFilterEnabled>
          <IsSortableEnabled>0</IsSortableEnabled>
          <CanModifyGlobalFilterSettings>1</CanModifyGlobalFilterSettings>
          <CanModifyIsSortableSettings>1</CanModifyIsSortableSettings>
          <AppDefaultValue>0</AppDefaultValue>
          <optionset Name="nwm_contact_nwm_deskanalystcoverage">
            <OptionSetType>bit</OptionSetType>
            <IntroducedVersion>0.0.0.1</IntroducedVersion>
            <IsCustomizable>1</IsCustomizable>
            <displaynames>
              <displayname description="Desk Analyst Coverage?" languagecode="1033" />
            </displaynames>
            <Descriptions>
              <Description description="Choose whether Desk Analyst Coverage or not" languagecode="1033" />
            </Descriptions>
            <options>
              <option value="0" Color="#0000ff">
                <labels>
                  <label description="No" languagecode="1033" />
                </labels>
              </option>
              <option value="1" Color="#0000ff">
                <labels>
                  <label description="Yes" languagecode="1033" />
                </labels>
              </option>
            </options>
          </optionset>
          <displaynames>
            <displayname description="Desk Analyst Coverage?" languagecode="1033" />
          </displaynames>
          <Descriptions>
            <Description description="Choose whether Desk Analyst Coverage or not" languagecode="1033" />
          </Descriptions>
        </attribute>
        <attribute PhysicalName="nwm_DinnerLunchFrequency">
          <Type>picklist</Type>
          <Name>nwm_dinnerlunchfrequency</Name>
          <LogicalName>nwm_dinnerlunchfrequency</LogicalName>
          <RequiredLevel>none</RequiredLevel>
          <DisplayMask>ValidForAdvancedFind|ValidForForm|ValidForGrid</DisplayMask>
          <ImeMode>auto</ImeMode>
          <ValidForUpdateApi>1</ValidForUpdateApi>
          <ValidForReadApi>1</ValidForReadApi>
          <ValidForCreateApi>1</ValidForCreateApi>
          <IsCustomField>1</IsCustomField>
          <IsAuditEnabled>1</IsAuditEnabled>
          <IsSecured>0</IsSecured>
          <IntroducedVersion>0.0.0.1</IntroducedVersion>
          <IsCustomizable>1</IsCustomizable>
          <IsRenameable>1</IsRenameable>
          <CanModifySearchSettings>1</CanModifySearchSettings>
          <CanModifyRequirementLevelSettings>1</CanModifyRequirementLevelSettings>
          <CanModifyAdditionalSettings>1</CanModifyAdditionalSettings>
          <SourceType>0</SourceType>
          <IsGlobalFilterEnabled>0</IsGlobalFilterEnabled>
          <IsSortableEnabled>0</IsSortableEnabled>
          <CanModifyGlobalFilterSettings>1</CanModifyGlobalFilterSettings>
          <CanModifyIsSortableSettings>1</CanModifyIsSortableSettings>
          <AppDefaultValue>-1</AppDefaultValue>
          <OptionSetName>nwm_frequency</OptionSetName>
          <displaynames>
            <displayname description="Dinner Lunch Frequency" languagecode="1033" />
          </displaynames>
          <Descriptions>
            <Description description="Select Dinner\Lunch Frequency" languagecode="1033" />
          </Descriptions>
        </attribute>
        <attribute PhysicalName="nwm_FlagAsImportant">
          <Type>bit</Type>
          <Name>nwm_flagasimportant</Name>
          <LogicalName>nwm_flagasimportant</LogicalName>
          <RequiredLevel>none</RequiredLevel>
          <DisplayMask>ValidForAdvancedFind|ValidForForm|ValidForGrid</DisplayMask>
          <ImeMode>auto</ImeMode>
          <ValidForUpdateApi>1</ValidForUpdateApi>
          <ValidForReadApi>1</ValidForReadApi>
          <ValidForCreateApi>1</ValidForCreateApi>
          <IsCustomField>1</IsCustomField>
          <IsAuditEnabled>1</IsAuditEnabled>
          <IsSecured>0</IsSecured>
          <IntroducedVersion>0.0.0.1</IntroducedVersion>
          <IsCustomizable>1</IsCustomizable>
          <IsRenameable>1</IsRenameable>
          <CanModifySearchSettings>1</CanModifySearchSettings>
          <CanModifyRequirementLevelSettings>1</CanModifyRequirementLevelSettings>
          <CanModifyAdditionalSettings>1</CanModifyAdditionalSettings>
          <SourceType>0</SourceType>
          <IsGlobalFilterEnabled>0</IsGlobalFilterEnabled>
          <IsSortableEnabled>0</IsSortableEnabled>
          <CanModifyGlobalFilterSettings>1</CanModifyGlobalFilterSettings>
          <CanModifyIsSortableSettings>1</CanModifyIsSortableSettings>
          <AppDefaultValue>0</AppDefaultValue>
          <optionset Name="nwm_contact_nwm_flagasimportant">
            <OptionSetType>bit</OptionSetType>
            <IntroducedVersion>0.0.0.1</IntroducedVersion>
            <IsCustomizable>1</IsCustomizable>
            <displaynames>
              <displayname description="Flag As Important" languagecode="1033" />
            </displaynames>
            <Descriptions>
              <Description description="" languagecode="1033" />
            </Descriptions>
            <options>
              <option value="0" Color="#0000ff">
                <labels>
                  <label description="No" languagecode="1033" />
                </labels>
              </option>
              <option value="1" Color="#0000ff">
                <labels>
                  <label description="Yes" languagecode="1033" />
                </labels>
              </option>
            </options>
          </optionset>
          <displaynames>
            <displayname description="Flag As Important" languagecode="1033" />
          </displaynames>
          <Descriptions>
            <Description description="Choose whether to Flag as Important or not." languagecode="1033" />
          </Descriptions>
        </attribute>
        <attribute PhysicalName="nwm_Hospitality">
          <Type>bit</Type>
          <Name>nwm_hospitality</Name>
          <LogicalName>nwm_hospitality</LogicalName>
          <RequiredLevel>none</RequiredLevel>
          <DisplayMask>ValidForAdvancedFind|ValidForForm|ValidForGrid</DisplayMask>
          <ImeMode>auto</ImeMode>
          <ValidForUpdateApi>1</ValidForUpdateApi>
          <ValidForReadApi>1</ValidForReadApi>
          <ValidForCreateApi>1</ValidForCreateApi>
          <IsCustomField>1</IsCustomField>
          <IsAuditEnabled>1</IsAuditEnabled>
          <IsSecured>0</IsSecured>
          <IntroducedVersion>0.0.0.1</IntroducedVersion>
          <IsCustomizable>1</IsCustomizable>
          <IsRenameable>1</IsRenameable>
          <CanModifySearchSettings>1</CanModifySearchSettings>
          <CanModifyRequirementLevelSettings>1</CanModifyRequirementLevelSettings>
          <CanModifyAdditionalSettings>1</CanModifyAdditionalSettings>
          <SourceType>0</SourceType>
          <IsGlobalFilterEnabled>0</IsGlobalFilterEnabled>
          <IsSortableEnabled>0</IsSortableEnabled>
          <CanModifyGlobalFilterSettings>1</CanModifyGlobalFilterSettings>
          <CanModifyIsSortableSettings>1</CanModifyIsSortableSettings>
          <AppDefaultValue>0</AppDefaultValue>
          <optionset Name="nwm_contact_nwm_hospitality">
            <OptionSetType>bit</OptionSetType>
            <IntroducedVersion>0.0.0.1</IntroducedVersion>
            <IsCustomizable>1</IsCustomizable>
            <displaynames>
              <displayname description="Hospitality" languagecode="1033" />
            </displaynames>
            <Descriptions>
              <Description description="" languagecode="1033" />
            </Descriptions>
            <options>
              <option value="0" Color="#0000ff">
                <labels>
                  <label description="No" languagecode="1033" />
                </labels>
              </option>
              <option value="1" Color="#0000ff">
                <labels>
                  <label description="Yes" languagecode="1033" />
                </labels>
              </option>
            </options>
          </optionset>
          <displaynames>
            <displayname description="Hospitality" languagecode="1033" />
          </displaynames>
          <Descriptions>
            <Description description="Choose Hospitality or not." languagecode="1033" />
          </Descriptions>
        </attribute>
        <attribute PhysicalName="nwm_HospitalityComment">
          <Type>ntext</Type>
          <Name>nwm_hospitalitycomment</Name>
          <LogicalName>nwm_hospitalitycomment</LogicalName>
          <RequiredLevel>none</RequiredLevel>
          <DisplayMask>ValidForAdvancedFind|ValidForForm|ValidForGrid</DisplayMask>
          <ImeMode>auto</ImeMode>
          <ValidForUpdateApi>1</ValidForUpdateApi>
          <ValidForReadApi>1</ValidForReadApi>
          <ValidForCreateApi>1</ValidForCreateApi>
          <IsCustomField>1</IsCustomField>
          <IsAuditEnabled>1</IsAuditEnabled>
          <IsSecured>0</IsSecured>
          <IntroducedVersion>0.0.0.1</IntroducedVersion>
          <IsCustomizable>1</IsCustomizable>
          <IsRenameable>1</IsRenameable>
          <CanModifySearchSettings>1</CanModifySearchSettings>
          <CanModifyRequirementLevelSettings>1</CanModifyRequirementLevelSettings>
          <CanModifyAdditionalSettings>1</CanModifyAdditionalSettings>
          <SourceType>0</SourceType>
          <IsGlobalFilterEnabled>0</IsGlobalFilterEnabled>
          <IsSortableEnabled>0</IsSortableEnabled>
          <CanModifyGlobalFilterSettings>1</CanModifyGlobalFilterSettings>
          <CanModifyIsSortableSettings>1</CanModifyIsSortableSettings>
          <Format></Format>
          <MaxLength>2000</MaxLength>
          <displaynames>
            <displayname description="Hospitality Comment" languagecode="1033" />
          </displaynames>
          <Descriptions>
            <Description description="Hospitality Comment." languagecode="1033" />
          </Descriptions>
        </attribute>
        <attribute PhysicalName="nwm_LastContactDate">
          <Type>datetime</Type>
          <Name>nwm_lastcontactdate</Name>
          <LogicalName>nwm_lastcontactdate</LogicalName>
          <RequiredLevel>none</RequiredLevel>
          <DisplayMask>ValidForAdvancedFind|ValidForForm|ValidForGrid</DisplayMask>
          <ImeMode>auto</ImeMode>
          <ValidForUpdateApi>1</ValidForUpdateApi>
          <ValidForReadApi>1</ValidForReadApi>
          <ValidForCreateApi>1</ValidForCreateApi>
          <IsCustomField>1</IsCustomField>
          <IsAuditEnabled>1</IsAuditEnabled>
          <IsSecured>0</IsSecured>
          <IntroducedVersion>0.0.0.1</IntroducedVersion>
          <IsCustomizable>1</IsCustomizable>
          <IsRenameable>1</IsRenameable>
          <CanModifySearchSettings>1</CanModifySearchSettings>
          <CanModifyRequirementLevelSettings>1</CanModifyRequirementLevelSettings>
          <CanModifyAdditionalSettings>1</CanModifyAdditionalSettings>
          <SourceType>0</SourceType>
          <IsGlobalFilterEnabled>0</IsGlobalFilterEnabled>
          <IsSortableEnabled>0</IsSortableEnabled>
          <CanModifyGlobalFilterSettings>1</CanModifyGlobalFilterSettings>
          <CanModifyIsSortableSettings>1</CanModifyIsSortableSettings>
          <Format>date</Format>
          <CanChangeDateTimeBehavior>1</CanChangeDateTimeBehavior>
          <Behavior>1</Behavior>
          <displaynames>
            <displayname description="Last Contact Date" languagecode="1033" />
          </displaynames>
          <Descriptions>
            <Description description="" languagecode="1033" />
          </Descriptions>
        </attribute>
        <attribute PhysicalName="nwm_MeetingsFrequency">
          <Type>picklist</Type>
          <Name>nwm_meetingsfrequency</Name>
          <LogicalName>nwm_meetingsfrequency</LogicalName>
          <RequiredLevel>none</RequiredLevel>
          <DisplayMask>ValidForAdvancedFind|ValidForForm|ValidForGrid</DisplayMask>
          <ImeMode>auto</ImeMode>
          <ValidForUpdateApi>1</ValidForUpdateApi>
          <ValidForReadApi>1</ValidForReadApi>
          <ValidForCreateApi>1</ValidForCreateApi>
          <IsCustomField>1</IsCustomField>
          <IsAuditEnabled>1</IsAuditEnabled>
          <IsSecured>0</IsSecured>
          <IntroducedVersion>0.0.0.1</IntroducedVersion>
          <IsCustomizable>1</IsCustomizable>
          <IsRenameable>1</IsRenameable>
          <CanModifySearchSettings>1</CanModifySearchSettings>
          <CanModifyRequirementLevelSettings>1</CanModifyRequirementLevelSettings>
          <CanModifyAdditionalSettings>1</CanModifyAdditionalSettings>
          <SourceType>0</SourceType>
          <IsGlobalFilterEnabled>0</IsGlobalFilterEnabled>
          <IsSortableEnabled>0</IsSortableEnabled>
          <CanModifyGlobalFilterSettings>1</CanModifyGlobalFilterSettings>
          <CanModifyIsSortableSettings>1</CanModifyIsSortableSettings>
          <AppDefaultValue>-1</AppDefaultValue>
          <OptionSetName>nwm_frequency</OptionSetName>
          <displaynames>
            <displayname description="Meetings Frequency" languagecode="1033" />
          </displaynames>
          <Descriptions>
            <Description description="Select Meetings Frequency." languagecode="1033" />
          </Descriptions>
        </attribute>
        <attribute PhysicalName="nwm_nextcontactdate">
          <Type>datetime</Type>
          <Name>nwm_nextcontactdate</Name>
          <LogicalName>nwm_nextcontactdate</LogicalName>
          <RequiredLevel>none</RequiredLevel>
          <DisplayMask>ValidForAdvancedFind|ValidForForm|ValidForGrid</DisplayMask>
          <ImeMode>auto</ImeMode>
          <ValidForUpdateApi>1</ValidForUpdateApi>
          <ValidForReadApi>1</ValidForReadApi>
          <ValidForCreateApi>1</ValidForCreateApi>
          <IsCustomField>1</IsCustomField>
          <IsAuditEnabled>1</IsAuditEnabled>
          <IsSecured>0</IsSecured>
          <IntroducedVersion>0.0.0.1</IntroducedVersion>
          <IsCustomizable>1</IsCustomizable>
          <IsRenameable>1</IsRenameable>
          <CanModifySearchSettings>1</CanModifySearchSettings>
          <CanModifyRequirementLevelSettings>1</CanModifyRequirementLevelSettings>
          <CanModifyAdditionalSettings>1</CanModifyAdditionalSettings>
          <SourceType>0</SourceType>
          <IsGlobalFilterEnabled>0</IsGlobalFilterEnabled>
          <IsSortableEnabled>0</IsSortableEnabled>
          <CanModifyGlobalFilterSettings>1</CanModifyGlobalFilterSettings>
          <CanModifyIsSortableSettings>1</CanModifyIsSortableSettings>
          <Format>date</Format>
          <CanChangeDateTimeBehavior>1</CanChangeDateTimeBehavior>
          <Behavior>3</Behavior>
          <displaynames>
            <displayname description="Next Contact Date" languagecode="1033" />
          </displaynames>
          <Descriptions>
            <Description description="Custom date field to capture next contact date of a contact" languagecode="1033" />
          </Descriptions>
        </attribute>
        <attribute PhysicalName="nwm_PrimaryCoverId">
          <Type>lookup</Type>
          <Name>nwm_primarycoverid</Name>
          <LogicalName>nwm_primarycoverid</LogicalName>
          <RequiredLevel>required</RequiredLevel>
          <DisplayMask>ValidForAdvancedFind|ValidForForm|ValidForGrid</DisplayMask>
          <ImeMode>auto</ImeMode>
          <ValidForUpdateApi>1</ValidForUpdateApi>
          <ValidForReadApi>1</ValidForReadApi>
          <ValidForCreateApi>1</ValidForCreateApi>
          <IsCustomField>1</IsCustomField>
          <IsAuditEnabled>0</IsAuditEnabled>
          <IsSecured>0</IsSecured>
          <IntroducedVersion>0.0.0.1</IntroducedVersion>
          <IsCustomizable>1</IsCustomizable>
          <IsRenameable>1</IsRenameable>
          <CanModifySearchSettings>1</CanModifySearchSettings>
          <CanModifyRequirementLevelSettings>1</CanModifyRequirementLevelSettings>
          <CanModifyAdditionalSettings>1</CanModifyAdditionalSettings>
          <SourceType>0</SourceType>
          <IsGlobalFilterEnabled>0</IsGlobalFilterEnabled>
          <IsSortableEnabled>0</IsSortableEnabled>
          <CanModifyGlobalFilterSettings>1</CanModifyGlobalFilterSettings>
          <CanModifyIsSortableSettings>1</CanModifyIsSortableSettings>
          <LookupStyle>single</LookupStyle>
          <LookupTypes />
          <displaynames>
            <displayname description="Primary Cover" languagecode="1033" />
          </displaynames>
          <Descriptions>
            <Description description="Unique identifier for User associated with Contact." languagecode="1033" />
          </Descriptions>
        </attribute>
        <attribute PhysicalName="nwm_Region">
          <Type>picklist</Type>
          <Name>nwm_region</Name>
          <LogicalName>nwm_region</LogicalName>
          <RequiredLevel>none</RequiredLevel>
          <DisplayMask>ValidForAdvancedFind|ValidForForm|ValidForGrid</DisplayMask>
          <ImeMode>auto</ImeMode>
          <ValidForUpdateApi>1</ValidForUpdateApi>
          <ValidForReadApi>1</ValidForReadApi>
          <ValidForCreateApi>1</ValidForCreateApi>
          <IsCustomField>1</IsCustomField>
          <IsAuditEnabled>1</IsAuditEnabled>
          <IsSecured>0</IsSecured>
          <IntroducedVersion>0.0.0.1</IntroducedVersion>
          <IsCustomizable>1</IsCustomizable>
          <IsRenameable>1</IsRenameable>
          <CanModifySearchSettings>1</CanModifySearchSettings>
          <CanModifyRequirementLevelSettings>1</CanModifyRequirementLevelSettings>
          <CanModifyAdditionalSettings>1</CanModifyAdditionalSettings>
          <SourceType>0</SourceType>
          <IsGlobalFilterEnabled>0</IsGlobalFilterEnabled>
          <IsSortableEnabled>0</IsSortableEnabled>
          <CanModifyGlobalFilterSettings>1</CanModifyGlobalFilterSettings>
          <CanModifyIsSortableSettings>1</CanModifyIsSortableSettings>
          <AppDefaultValue>-1</AppDefaultValue>
          <OptionSetName>nwm_region</OptionSetName>
          <displaynames>
            <displayname description="Region" languagecode="1033" />
          </displaynames>
          <Descriptions>
            <Description description="Select Region." languagecode="1033" />
          </Descriptions>
        </attribute>
        <attribute PhysicalName="nwm_Research">
          <Type>bit</Type>
          <Name>nwm_research</Name>
          <LogicalName>nwm_research</LogicalName>
          <RequiredLevel>none</RequiredLevel>
          <DisplayMask>ValidForAdvancedFind|ValidForForm|ValidForGrid</DisplayMask>
          <ImeMode>auto</ImeMode>
          <ValidForUpdateApi>1</ValidForUpdateApi>
          <ValidForReadApi>1</ValidForReadApi>
          <ValidForCreateApi>1</ValidForCreateApi>
          <IsCustomField>1</IsCustomField>
          <IsAuditEnabled>1</IsAuditEnabled>
          <IsSecured>0</IsSecured>
          <IntroducedVersion>0.0.0.1</IntroducedVersion>
          <IsCustomizable>1</IsCustomizable>
          <IsRenameable>1</IsRenameable>
          <CanModifySearchSettings>1</CanModifySearchSettings>
          <CanModifyRequirementLevelSettings>1</CanModifyRequirementLevelSettings>
          <CanModifyAdditionalSettings>1</CanModifyAdditionalSettings>
          <SourceType>0</SourceType>
          <IsGlobalFilterEnabled>0</IsGlobalFilterEnabled>
          <IsSortableEnabled>0</IsSortableEnabled>
          <CanModifyGlobalFilterSettings>1</CanModifyGlobalFilterSettings>
          <CanModifyIsSortableSettings>1</CanModifyIsSortableSettings>
          <AppDefaultValue>0</AppDefaultValue>
          <optionset Name="nwm_contact_nwm_research">
            <OptionSetType>bit</OptionSetType>
            <IntroducedVersion>0.0.0.1</IntroducedVersion>
            <IsCustomizable>1</IsCustomizable>
            <displaynames>
              <displayname description="Research" languagecode="1033" />
            </displaynames>
            <Descriptions>
              <Description description="" languagecode="1033" />
            </Descriptions>
            <options>
              <option value="0" Color="#0000ff">
                <labels>
                  <label description="No" languagecode="1033" />
                </labels>
              </option>
              <option value="1" Color="#0000ff">
                <labels>
                  <label description="Yes" languagecode="1033" />
                </labels>
              </option>
            </options>
          </optionset>
          <displaynames>
            <displayname description="Research" languagecode="1033" />
          </displaynames>
          <Descriptions>
            <Description description="Choose whether the contact is for Research or not." languagecode="1033" />
          </Descriptions>
        </attribute>
        <attribute PhysicalName="nwm_ResearchComment">
          <Type>ntext</Type>
          <Name>nwm_researchcomment</Name>
          <LogicalName>nwm_researchcomment</LogicalName>
          <RequiredLevel>none</RequiredLevel>
          <DisplayMask>ValidForAdvancedFind|ValidForForm|ValidForGrid</DisplayMask>
          <ImeMode>auto</ImeMode>
          <ValidForUpdateApi>1</ValidForUpdateApi>
          <ValidForReadApi>1</ValidForReadApi>
          <ValidForCreateApi>1</ValidForCreateApi>
          <IsCustomField>1</IsCustomField>
          <IsAuditEnabled>1</IsAuditEnabled>
          <IsSecured>0</IsSecured>
          <IntroducedVersion>0.0.0.1</IntroducedVersion>
          <IsCustomizable>1</IsCustomizable>
          <IsRenameable>1</IsRenameable>
          <CanModifySearchSettings>1</CanModifySearchSettings>
          <CanModifyRequirementLevelSettings>1</CanModifyRequirementLevelSettings>
          <CanModifyAdditionalSettings>1</CanModifyAdditionalSettings>
          <SourceType>0</SourceType>
          <IsGlobalFilterEnabled>0</IsGlobalFilterEnabled>
          <IsSortableEnabled>0</IsSortableEnabled>
          <CanModifyGlobalFilterSettings>1</CanModifyGlobalFilterSettings>
          <CanModifyIsSortableSettings>1</CanModifyIsSortableSettings>
          <Format></Format>
          <MaxLength>2000</MaxLength>
          <displaynames>
            <displayname description="Research Comment" languagecode="1033" />
          </displaynames>
          <Descriptions>
            <Description description="Research Comment." languagecode="1033" />
          </Descriptions>
        </attribute>
        <attribute PhysicalName="nwm_SecondaryCoverId">
          <Type>lookup</Type>
          <Name>nwm_secondarycoverid</Name>
          <LogicalName>nwm_secondarycoverid</LogicalName>
          <RequiredLevel>none</RequiredLevel>
          <DisplayMask>ValidForAdvancedFind|ValidForForm|ValidForGrid</DisplayMask>
          <ImeMode>auto</ImeMode>
          <ValidForUpdateApi>1</ValidForUpdateApi>
          <ValidForReadApi>1</ValidForReadApi>
          <ValidForCreateApi>1</ValidForCreateApi>
          <IsCustomField>1</IsCustomField>
          <IsAuditEnabled>0</IsAuditEnabled>
          <IsSecured>0</IsSecured>
          <IntroducedVersion>0.0.0.1</IntroducedVersion>
          <IsCustomizable>1</IsCustomizable>
          <IsRenameable>1</IsRenameable>
          <CanModifySearchSettings>1</CanModifySearchSettings>
          <CanModifyRequirementLevelSettings>1</CanModifyRequirementLevelSettings>
          <CanModifyAdditionalSettings>1</CanModifyAdditionalSettings>
          <SourceType>0</SourceType>
          <IsGlobalFilterEnabled>0</IsGlobalFilterEnabled>
          <IsSortableEnabled>0</IsSortableEnabled>
          <CanModifyGlobalFilterSettings>1</CanModifyGlobalFilterSettings>
          <CanModifyIsSortableSettings>1</CanModifyIsSortableSettings>
          <LookupStyle>single</LookupStyle>
          <LookupTypes />
          <displaynames>
            <displayname description="Secondary Cover" languagecode="1033" />
          </displaynames>
          <Descriptions>
            <Description description="Unique identifier for User associated with Contact." languagecode="1033" />
          </Descriptions>
        </attribute>
        <attribute PhysicalName="nwm_Team">
          <Type>lookup</Type>
          <Name>nwm_team</Name>
          <LogicalName>nwm_team</LogicalName>
          <RequiredLevel>none</RequiredLevel>
          <DisplayMask>ValidForAdvancedFind|ValidForForm|ValidForGrid</DisplayMask>
          <ImeMode>auto</ImeMode>
          <ValidForUpdateApi>1</ValidForUpdateApi>
          <ValidForReadApi>1</ValidForReadApi>
          <ValidForCreateApi>1</ValidForCreateApi>
          <IsCustomField>1</IsCustomField>
          <IsAuditEnabled>1</IsAuditEnabled>
          <IsSecured>0</IsSecured>
          <IntroducedVersion>0.0.0.1</IntroducedVersion>
          <IsCustomizable>1</IsCustomizable>
          <IsRenameable>1</IsRenameable>
          <CanModifySearchSettings>1</CanModifySearchSettings>
          <CanModifyRequirementLevelSettings>1</CanModifyRequirementLevelSettings>
          <CanModifyAdditionalSettings>1</CanModifyAdditionalSettings>
          <SourceType>0</SourceType>
          <IsGlobalFilterEnabled>0</IsGlobalFilterEnabled>
          <IsSortableEnabled>0</IsSortableEnabled>
          <CanModifyGlobalFilterSettings>1</CanModifyGlobalFilterSettings>
          <CanModifyIsSortableSettings>1</CanModifyIsSortableSettings>
          <LookupStyle>single</LookupStyle>
          <LookupTypes />
          <displaynames>
            <displayname description="Team" languagecode="1033" />
          </displaynames>
          <Descriptions>
            <Description description="Choose Team." languagecode="1033" />
          </Descriptions>
        </attribute>
        <attribute PhysicalName="nwm_TradeIdeas">
          <Type>bit</Type>
          <Name>nwm_tradeideas</Name>
          <LogicalName>nwm_tradeideas</LogicalName>
          <RequiredLevel>none</RequiredLevel>
          <DisplayMask>ValidForAdvancedFind|ValidForForm|ValidForGrid</DisplayMask>
          <ImeMode>auto</ImeMode>
          <ValidForUpdateApi>1</ValidForUpdateApi>
          <ValidForReadApi>1</ValidForReadApi>
          <ValidForCreateApi>1</ValidForCreateApi>
          <IsCustomField>1</IsCustomField>
          <IsAuditEnabled>1</IsAuditEnabled>
          <IsSecured>0</IsSecured>
          <IntroducedVersion>0.0.0.1</IntroducedVersion>
          <IsCustomizable>1</IsCustomizable>
          <IsRenameable>1</IsRenameable>
          <CanModifySearchSettings>1</CanModifySearchSettings>
          <CanModifyRequirementLevelSettings>1</CanModifyRequirementLevelSettings>
          <CanModifyAdditionalSettings>1</CanModifyAdditionalSettings>
          <SourceType>0</SourceType>
          <IsGlobalFilterEnabled>0</IsGlobalFilterEnabled>
          <IsSortableEnabled>0</IsSortableEnabled>
          <CanModifyGlobalFilterSettings>1</CanModifyGlobalFilterSettings>
          <CanModifyIsSortableSettings>1</CanModifyIsSortableSettings>
          <AppDefaultValue>0</AppDefaultValue>
          <optionset Name="nwm_contact_nwm_tradeideas">
            <OptionSetType>bit</OptionSetType>
            <IntroducedVersion>0.0.0.1</IntroducedVersion>
            <IsCustomizable>1</IsCustomizable>
            <displaynames>
              <displayname description="Trade Ideas" languagecode="1033" />
            </displaynames>
            <Descriptions>
              <Description description="Choose Whether the Contact is Trade Ideas or Not" languagecode="1033" />
            </Descriptions>
            <options>
              <option value="0" Color="#0000ff">
                <labels>
                  <label description="No" languagecode="1033" />
                </labels>
              </option>
              <option value="1" Color="#0000ff">
                <labels>
                  <label description="Yes" languagecode="1033" />
                </labels>
              </option>
            </options>
          </optionset>
          <displaynames>
            <displayname description="Trade Ideas" languagecode="1033" />
          </displaynames>
          <Descriptions>
            <Description description="Choose whether the contact is Trade Ideas or not." languagecode="1033" />
          </Descriptions>
        </attribute>
        <attribute PhysicalName="nwm_TradeIdeasComment">
          <Type>ntext</Type>
          <Name>nwm_tradeideascomment</Name>
          <LogicalName>nwm_tradeideascomment</LogicalName>
          <RequiredLevel>none</RequiredLevel>
          <DisplayMask>ValidForAdvancedFind|ValidForForm|ValidForGrid</DisplayMask>
          <ImeMode>auto</ImeMode>
          <ValidForUpdateApi>1</ValidForUpdateApi>
          <ValidForReadApi>1</ValidForReadApi>
          <ValidForCreateApi>1</ValidForCreateApi>
          <IsCustomField>1</IsCustomField>
          <IsAuditEnabled>1</IsAuditEnabled>
          <IsSecured>0</IsSecured>
          <IntroducedVersion>0.0.0.1</IntroducedVersion>
          <IsCustomizable>1</IsCustomizable>
          <IsRenameable>1</IsRenameable>
          <CanModifySearchSettings>1</CanModifySearchSettings>
          <CanModifyRequirementLevelSettings>1</CanModifyRequirementLevelSettings>
          <CanModifyAdditionalSettings>1</CanModifyAdditionalSettings>
          <SourceType>0</SourceType>
          <IsGlobalFilterEnabled>0</IsGlobalFilterEnabled>
          <IsSortableEnabled>0</IsSortableEnabled>
          <CanModifyGlobalFilterSettings>1</CanModifyGlobalFilterSettings>
          <CanModifyIsSortableSettings>1</CanModifyIsSortableSettings>
          <Format></Format>
          <MaxLength>2000</MaxLength>
          <displaynames>
            <displayname description="Trade Ideas Comment" languagecode="1033" />
          </displaynames>
          <Descriptions>
            <Description description="Trade Ideas Comment." languagecode="1033" />
          </Descriptions>
        </attribute>
        <attribute PhysicalName="ParentCustomerId">
          <Type>customer</Type>
          <Name>parentcustomerid</Name>
          <LogicalName>parentcustomerid</LogicalName>
          <RequiredLevel>required</RequiredLevel>
          <DisplayMask>ValidForAdvancedFind|ValidForForm|ValidForGrid</DisplayMask>
          <ImeMode>auto</ImeMode>
          <ValidForUpdateApi>1</ValidForUpdateApi>
          <ValidForReadApi>1</ValidForReadApi>
          <ValidForCreateApi>1</ValidForCreateApi>
          <IsCustomField>0</IsCustomField>
          <IsAuditEnabled>1</IsAuditEnabled>
          <IsSecured>0</IsSecured>
          <IntroducedVersion>5.0.0.0</IntroducedVersion>
          <SourceType>0</SourceType>
          <IsGlobalFilterEnabled>1</IsGlobalFilterEnabled>
          <IsSortableEnabled>0</IsSortableEnabled>
          <displaynames>
            <displayname description="Company Name" languagecode="1033" />
          </displaynames>
          <Descriptions>
            <Description description="Select the parent account or parent contact for the contact to provide a quick link to additional details, such as financial information, activities, and opportunities." languagecode="1033" />
          </Descriptions>
        </attribute>
        <attribute PhysicalName="Telephone1">
          <Type>nvarchar</Type>
          <Name>telephone1</Name>
          <LogicalName>telephone1</LogicalName>
          <RequiredLevel>required</RequiredLevel>
          <DisplayMask>ValidForAdvancedFind|ValidForForm|ValidForGrid</DisplayMask>
          <ImeMode>inactive</ImeMode>
          <ValidForUpdateApi>1</ValidForUpdateApi>
          <ValidForReadApi>1</ValidForReadApi>
          <ValidForCreateApi>1</ValidForCreateApi>
          <IsCustomField>0</IsCustomField>
          <IsAuditEnabled>1</IsAuditEnabled>
          <IsSecured>0</IsSecured>
          <IntroducedVersion>5.0.0.0</IntroducedVersion>
          <SourceType>0</SourceType>
          <IsGlobalFilterEnabled>0</IsGlobalFilterEnabled>
          <IsSortableEnabled>0</IsSortableEnabled>
          <Format>phone</Format>
          <MaxLength>50</MaxLength>
          <Length>100</Length>
          <displaynames>
            <displayname description="Business Phone" languagecode="1033" />
          </displaynames>
          <Descriptions>
            <Description description="Type the main phone number for this contact." languagecode="1033" />
          </Descriptions>
        </attribute>
      </attributes>
      <EntitySetName>contacts</EntitySetName>
      <IsDuplicateCheckSupported>1</IsDuplicateCheckSupported>
      <IsBusinessProcessEnabled>1</IsBusinessProcessEnabled>
      <IsRequiredOffline>0</IsRequiredOffline>
      <IsInteractionCentricEnabled>0</IsInteractionCentricEnabled>
      <IsCollaboration>0</IsCollaboration>
      <AutoRouteToOwnerQueue>0</AutoRouteToOwnerQueue>
      <IsConnectionsEnabled>1</IsConnectionsEnabled>
      <EntityColor>#005088</EntityColor>
      <IsDocumentManagementEnabled>0</IsDocumentManagementEnabled>
      <IsOneNoteIntegrationEnabled>0</IsOneNoteIntegrationEnabled>
      <IsKnowledgeManagementEnabled>0</IsKnowledgeManagementEnabled>
      <IsSLAEnabled>0</IsSLAEnabled>
      <IsDocumentRecommendationsEnabled>0</IsDocumentRecommendationsEnabled>
      <IsBPFEntity>0</IsBPFEntity>
      <OwnershipTypeMask>UserOwned</OwnershipTypeMask>
      <EntityMask>ActivityPointer</EntityMask>
      <IsAuditEnabled>1</IsAuditEnabled>
      <IsActivity>0</IsActivity>
      <ActivityTypeMask></ActivityTypeMask>
      <IsActivityParty>1</IsActivityParty>
      <IsReplicated>1</IsReplicated>
      <IsReplicationUserFiltered>1</IsReplicationUserFiltered>
      <IsMailMergeEnabled>1</IsMailMergeEnabled>
      <IsVisibleInMobile>1</IsVisibleInMobile>
      <IsVisibleInMobileClient>1</IsVisibleInMobileClient>
      <IsReadOnlyInMobileClient>0</IsReadOnlyInMobileClient>
      <IsOfflineInMobileClient>1</IsOfflineInMobileClient>
      <DaysSinceRecordLastModified>10</DaysSinceRecordLastModified>
      <MobileOfflineFilters>
		&lt;fetch version="1.0" output-format="xml-platform" mapping="logical" distinct="false"&gt;
			&lt;entity name="contact"&gt;
				&lt;filter type="and"&gt;
					&lt;condition attribute="modifiedon" operator="last-x-days" value="10"/&gt;
				&lt;/filter&gt;
			&lt;/entity&gt;
		&lt;/fetch&gt;
	</MobileOfflineFilters>
      <IsMapiGridEnabled>1</IsMapiGridEnabled>
      <IsReadingPaneEnabled>1</IsReadingPaneEnabled>
      <IsQuickCreateEnabled>1</IsQuickCreateEnabled>
      <SyncToExternalSearchIndex>1</SyncToExternalSearchIndex>
      <IntroducedVersion>5.0.0.0</IntroducedVersion>
      <EnforceStateTransitions>0</EnforceStateTransitions>
      <EntityHelpUrlEnabled>0</EntityHelpUrlEnabled>
      <EntityHelpUrl></EntityHelpUrl>
      <ChangeTrackingEnabled>1</ChangeTrackingEnabled>
      <IsEnabledForExternalChannels>1</IsEnabledForExternalChannels>
      <HasRelatedNotes>True</HasRelatedNotes>
      <HasRelatedFeedback>True</HasRelatedFeedback>
      <HasRelatedActivities>True</HasRelatedActivities>
    </entity>
  </EntityInfo>
  <FormXml />
  <RibbonDiffXml />
</Entity>