﻿<?xml version="1.0" encoding="utf-8"?>
<WebResource>
  <WebResourceId>{8d4a8e1f-b1e3-e611-80da-3863bb34cdb0}</WebResourceId>
  <Name>nwm_/html/CaptureComment.html</Name>
  <DisplayName>nwm_/html/CaptureComment.html</DisplayName>
  <Description>nwm_/html/CaptureComment.html</Description>
  <WebResourceType>1</WebResourceType>
  <IntroducedVersion>0.0.0.1</IntroducedVersion>
  <IsEnabledForMobileClient>0</IsEnabledForMobileClient>
  <IsAvailableForMobileOffline>0</IsAvailableForMobileOffline>
  <DependencyXml>&lt;Dependencies&gt;&lt;Dependency componentType="WebResource"/&gt;&lt;/Dependencies&gt;</DependencyXml>
  <IsCustomizable>1</IsCustomizable>
  <CanBeDeleted>1</CanBeDeleted>
  <IsHidden>0</IsHidden>
  <FileName>/WebResources/nwm_htmlCaptureCommenthtml8D4A8E1F-B1E3-E611-80DA-3863BB34CDB0</FileName>
</WebResource>