﻿<?xml version="1.0" encoding="utf-8"?>
<WebResource>
  <WebResourceId>{2106535a-56ed-e611-80d7-1458d0431600}</WebResourceId>
  <Name>nwm_/html/CaptureClientAccessRequest.html</Name>
  <DisplayName>nwm_/html/CaptureClientAccessRequest.html</DisplayName>
  <Description>nwm_/html/CaptureClientAccessRequest.html</Description>
  <WebResourceType>1</WebResourceType>
  <IntroducedVersion>0.0.0.1</IntroducedVersion>
  <IsEnabledForMobileClient>0</IsEnabledForMobileClient>
  <IsAvailableForMobileOffline>0</IsAvailableForMobileOffline>
  <DependencyXml>&lt;Dependencies&gt;&lt;Dependency componentType="WebResource"/&gt;&lt;/Dependencies&gt;</DependencyXml>
  <IsCustomizable>1</IsCustomizable>
  <CanBeDeleted>1</CanBeDeleted>
  <IsHidden>0</IsHidden>
  <FileName>/WebResources/nwm_htmlCaptureClientAccessRequesthtml2106535A-56ED-E611-80D7-1458D0431600</FileName>
</WebResource>