﻿<?xml version="1.0" encoding="utf-8"?>
<WebResource>
  <WebResourceId>{6d56a3d7-2603-e711-80df-3863bb34cdb0}</WebResourceId>
  <Name>nwm_/html/ClientDetail.html</Name>
  <DisplayName>nwm_/html/ClientDetail.html</DisplayName>
  <Description>nwm_/html/ClientDetail.html</Description>
  <WebResourceType>1</WebResourceType>
  <IntroducedVersion>0.0.0.1</IntroducedVersion>
  <IsEnabledForMobileClient>0</IsEnabledForMobileClient>
  <IsAvailableForMobileOffline>0</IsAvailableForMobileOffline>
  <DependencyXml>&lt;Dependencies&gt;&lt;Dependency componentType="WebResource"/&gt;&lt;/Dependencies&gt;</DependencyXml>
  <IsCustomizable>1</IsCustomizable>
  <CanBeDeleted>1</CanBeDeleted>
  <IsHidden>0</IsHidden>
  <FileName>/WebResources/nwm_htmlClientDetailhtml6D56A3D7-2603-E711-80DF-3863BB34CDB0</FileName>
</WebResource>