﻿<?xml version="1.0" encoding="utf-8"?>
<systemform>
  <formid>{3a901481-9997-41b9-9d5a-2837f32cf41f}</formid>
  <IntroducedVersion>1.0.0.0</IntroducedVersion>
  <FormPresentation>1</FormPresentation>
  <FormActivationState>1</FormActivationState>
  <form maxWidth="1900">
    <tabs>
      <tab id="{11e11b23-9997-4714-af39-3e65c28265d0}" name="tab_1" showlabel="false" locklevel="0" expanded="true">
        <labels>
          <label description="General" languagecode="1033" />
        </labels>
        <columns>
          <column width="33%">
            <sections>
              <section id="{83f37d37-ac36-4653-953d-dfd708882dbe}" name="tab_1_column_1_section_1" columns="1" showlabel="false" showbar="false" IsUserDefined="0">
                <labels>
                  <label description="section" languagecode="1033" />
                </labels>
                <rows>
                  <row>
                    <cell id="{65a1e79d-ea75-a341-066c-acce83428dde}" showlabel="true" locklevel="0">
                      <labels>
                        <label description="Security Role" languagecode="1033" />
                      </labels>
                      <control id="rbs_securityrole" classid="{270BD3DB-D9AF-4782-9025-509E298DEC0A}" datafieldname="rbs_securityrole" disabled="false" uniqueid="{e40a7a3a-dd50-150d-3383-dd2055c2819a}">
                        <parameters>
                          <AutoResolve>true</AutoResolve>
                          <DisableMru>false</DisableMru>
                          <DisableQuickFind>false</DisableQuickFind>
                          <DisableViewPicker>false</DisableViewPicker>
                          <DefaultViewId>{61F8D435-8E25-4751-8330-5969506EF536}</DefaultViewId>
                          <AllowFilterOff>false</AllowFilterOff>
                        </parameters>
                      </control>
                    </cell>
                  </row>
                </rows>
              </section>
            </sections>
          </column>
          <column width="33%">
            <sections>
              <section id="{6ea7d908-40eb-41b1-ac75-56fbe928bcb3}" name="tab_1_column_2_section_1" columns="1" showlabel="false" showbar="false" IsUserDefined="0">
                <labels>
                  <label description="section" languagecode="1033" />
                </labels>
                <rows>
                  <row>
                    <cell id="{253248e3-d838-2ecb-0a49-2e76548b1796}" showlabel="true" locklevel="0">
                      <labels>
                        <label description="Distribution Threshold Count" languagecode="1033" />
                      </labels>
                      <control id="rbs_distributionthresholdcount" classid="{C6D124CA-7EDA-4a60-AEA9-7FB8D318B68F}" datafieldname="rbs_distributionthresholdcount" disabled="false" />
                    </cell>
                  </row>
                </rows>
              </section>
            </sections>
          </column>
          <column width="33%">
            <sections>
              <section id="{042cef2e-bd55-4b6d-980f-7885cf22c088}" name="tab_1_column_3_section_1" columns="1" showlabel="false" showbar="false" IsUserDefined="0">
                <labels>
                  <label description="section" languagecode="1033" />
                </labels>
                <rows>
                  <row>
                    <cell id="{ee0f7c7f-31ff-439a-bc7e-5aeec3376e96}" showlabel="false">
                      <labels>
                        <label description="" languagecode="1033" />
                      </labels>
                    </cell>
                  </row>
                </rows>
              </section>
            </sections>
          </column>
        </columns>
      </tab>
    </tabs>
    <controlDescriptions />
    <formLibraries>
      <Library name="rbs_securityrolerulerelationship.js" libraryUniqueId="{1915e56d-4ebc-35a8-1279-c1cab3a8d86a}" />
    </formLibraries>
    <events>
      <event name="onload" application="false" active="false">
        <Handlers>
          <Handler functionName="setRolesView" libraryName="rbs_securityrolerulerelationship.js" handlerUniqueId="{049b9392-7acb-59c3-3948-6c8c85e114b8}" enabled="true" parameters="" passExecutionContext="false" />
        </Handlers>
      </event>
    </events>
    <DisplayConditions Order="1">
      <Role Id="{627090ff-40a3-4053-8790-584edc5be201}" />
      <Role Id="{119f245c-3cc8-4b62-b31c-d1a046ced15d}" />
    </DisplayConditions>
  </form>
  <IsCustomizable>1</IsCustomizable>
  <CanBeDeleted>1</CanBeDeleted>
  <LocalizedNames>
    <LocalizedName description="New Form" languagecode="1033" />
  </LocalizedNames>
</systemform>