﻿<?xml version="1.0" encoding="utf-8"?>
<WebResource>
  <WebResourceId>{bafacddc-763c-e611-a23b-005056ae789b}</WebResourceId>
  <Name>rbsm_/app/components/jit/jit_module.js</Name>
  <DisplayName>rbsm_/app/components/jit/jit_module.js</DisplayName>
  <WebResourceType>3</WebResourceType>
  <IntroducedVersion>1.0</IntroducedVersion>
  <IsCustomizable>1</IsCustomizable>
  <CanBeDeleted>1</CanBeDeleted>
  <IsHidden>0</IsHidden>
  <FileName>/WebResources/rbsm_appcomponentsjitjit_modulejsBAFACDDC-763C-E611-A23B-005056AE789B</FileName>
</WebResource>