﻿<?xml version="1.0" encoding="utf-8"?>
<savedquery>
  <IsCustomizable>1</IsCustomizable>
  <CanBeDeleted>0</CanBeDeleted>
  <isquickfindquery>0</isquickfindquery>
  <isprivate>0</isprivate>
  <isdefault>1</isdefault>
  <savedqueryid>{36057843-e0bc-4216-8682-a02e7da377f6}</savedqueryid>
  <layoutxml>
    <grid name="" jump="rbs_name" select="1" icon="1" preview="0">
      <row name="rbs_document" id="rbs_documentid">
        <cell name="rbs_name" width="300" />
        <cell name="rbs_iscustomervisibledocument" width="100" />
        <cell name="rbs_language" width="100" />
        <cell name="rbs_rbsclassification" width="100" />
        <cell name="rbs_rbscompany" width="100" />
        <cell name="rbs_rbshighriskrecord" width="100" />
        <cell name="rbs_rbsjurisdiction" width="100" />
        <cell name="rbs_rbspersonalinformation" width="100" />
        <cell name="rbs_recordtype" width="100" />
        <cell name="rbs_case" width="100" />
        <cell name="rbs_customerreference" width="100" />
        <cell name="rbs_opportunity" width="100" />
        <cell name="createdon" width="125" />
        <cell name="createdby" width="100" />
        <cell name="modifiedon" width="100" />
        <cell name="modifiedby" width="100" />
      </row>
    </grid>
  </layoutxml>
  <querytype>64</querytype>
  <fetchxml>
    <fetch version="1.0" mapping="logical">
      <entity name="rbs_document">
        <attribute name="rbs_documentid" />
        <attribute name="rbs_name" />
        <attribute name="createdon" />
        <filter type="and">
          <condition attribute="statecode" operator="eq" value="0" />
        </filter>
        <order attribute="rbs_name" descending="false" />
        <attribute name="rbs_recordtype" />
        <attribute name="rbs_rbspersonalinformation" />
        <attribute name="rbs_rbsjurisdiction" />
        <attribute name="rbs_rbshighriskrecord" />
        <attribute name="rbs_rbsclassification" />
        <attribute name="rbs_opportunity" />
        <attribute name="modifiedon" />
        <attribute name="modifiedby" />
        <attribute name="rbs_language" />
        <attribute name="rbs_iscustomervisibledocument" />
        <attribute name="rbs_customerreference" />
        <attribute name="createdby" />
        <attribute name="rbs_case" />
        <attribute name="rbs_rbscompany" />
      </entity>
    </fetch>
  </fetchxml>
  <IntroducedVersion>0.0.0.0</IntroducedVersion>
  <LocalizedNames>
    <LocalizedName description="Document Lookup View" languagecode="1033" />
  </LocalizedNames>
</savedquery>