﻿<?xml version="1.0" encoding="utf-8"?>
<savedquery>
  <IsCustomizable>1</IsCustomizable>
  <CanBeDeleted>0</CanBeDeleted>
  <isquickfindquery>1</isquickfindquery>
  <isprivate>0</isprivate>
  <isdefault>1</isdefault>
  <savedqueryid>{488f788e-a3fb-43a7-b152-cd5a8d6e42ff}</savedqueryid>
  <layoutxml>
    <grid name="resultset" jump="rbs_name" select="1" icon="1" preview="1">
      <row name="result" id="rbs_documentid">
        <cell name="rbs_name" width="300" />
        <cell name="rbs_iscustomervisibledocument" width="100" />
        <cell name="rbs_language" width="100" />
        <cell name="rbs_rbsclassification" width="100" />
        <cell name="rbs_rbscompany" width="100" />
        <cell name="rbs_rbshighriskrecord" width="100" />
        <cell name="rbs_rbsjurisdiction" width="100" />
        <cell name="rbs_rbspersonalinformation" width="100" />
        <cell name="rbs_recordtype" width="100" />
        <cell name="rbs_customerreference" width="100" />
        <cell name="rbs_case" width="100" />
        <cell name="rbs_opportunity" width="100" />
        <cell name="createdon" width="125" />
        <cell name="createdby" width="100" />
        <cell name="modifiedon" width="100" />
        <cell name="modifiedby" width="100" />
      </row>
    </grid>
  </layoutxml>
  <querytype>4</querytype>
  <fetchxml>
    <fetch version="1.0" mapping="logical">
      <entity name="rbs_document">
        <attribute name="rbs_name" />
        <attribute name="createdon" />
        <order attribute="rbs_name" descending="false" />
        <filter type="and">
          <condition attribute="statecode" operator="eq" value="0" />
        </filter>
        <filter type="or" isquickfindfields="1">
          <condition attribute="rbs_recordtype" operator="like" value="{0}" />
          <condition attribute="rbs_rbspersonalinformation" operator="like" value="{0}" />
          <condition attribute="rbs_rbsjurisdiction" operator="like" value="{0}" />
          <condition attribute="rbs_rbshighriskrecord" operator="like" value="{0}" />
          <condition attribute="rbs_rbscompany" operator="like" value="{0}" />
          <condition attribute="rbs_rbsclassification" operator="like" value="{0}" />
          <condition attribute="rbs_opportunity" operator="like" value="{0}" />
          <condition attribute="rbs_language" operator="like" value="{0}" />
          <condition attribute="rbs_iscustomervisibledocument" operator="like" value="{0}" />
          <condition attribute="rbs_name" operator="like" value="{0}" />
          <condition attribute="rbs_customerreference" operator="like" value="{0}" />
          <condition attribute="rbs_cmisobjectid" operator="like" value="{0}" />
          <condition attribute="rbs_case" operator="like" value="{0}" />
        </filter>
        <attribute name="rbs_recordtype" />
        <attribute name="rbs_rbspersonalinformation" />
        <attribute name="rbs_rbsjurisdiction" />
        <attribute name="rbs_rbshighriskrecord" />
        <attribute name="rbs_rbsclassification" />
        <attribute name="rbs_opportunity" />
        <attribute name="modifiedon" />
        <attribute name="modifiedby" />
        <attribute name="rbs_language" />
        <attribute name="rbs_iscustomervisibledocument" />
        <attribute name="rbs_customerreference" />
        <attribute name="createdby" />
        <attribute name="rbs_case" />
        <attribute name="rbs_rbscompany" />
        <attribute name="rbs_documentid" />
      </entity>
    </fetch>
  </fetchxml>
  <IntroducedVersion>0.0.0.0</IntroducedVersion>
  <LocalizedNames>
    <LocalizedName description="Quick Find Active Documents" languagecode="1033" />
  </LocalizedNames>
</savedquery>