﻿<?xml version="1.0" encoding="utf-8"?>
<savedquery unmodified="1">
  <isquickfindquery>1</isquickfindquery>
  <isprivate>0</isprivate>
  <isdefault>1</isdefault>
  <returnedtypecode>9958</returnedtypecode>
  <savedqueryid>{54badb53-723e-4598-a60e-7ed83cdce0b3}</savedqueryid>
  <layoutxml>
    <grid name="resultset" object="9958" jump="title" select="1" icon="1" preview="1">
      <row name="result" id="feedbackid">
        <cell name="title" width="300" />
        <cell name="createdon" width="125" />
      </row>
    </grid>
  </layoutxml>
  <querytype>4</querytype>
  <fetchxml>
    <fetch version="1.0" mapping="logical">
      <entity name="feedback">
        <attribute name="feedbackid" />
        <attribute name="title" />
        <attribute name="createdon" />
        <attribute name="comments" />
      </entity>
    </fetch>
  </fetchxml>
  <IntroducedVersion>8.1.0.0</IntroducedVersion>
  <LocalizedNames>
    <LocalizedName description="Quick Find Feedback" languagecode="1033" />
  </LocalizedNames>
</savedquery>