<?xml version="1.0" encoding="utf-8"?>
<savedqueries xmlns:xsi="http://www.w3.org/2001/XMLSchema-instance">
  <savedquery>
    <IsCustomizable>1</IsCustomizable>
    <CanBeDeleted>0</CanBeDeleted>
    <isquickfindquery>0</isquickfindquery>
    <isprivate>0</isprivate>
    <isdefault>1</isdefault>
    <savedqueryid>{73892b7d-8a0c-4b7e-99c7-fc5284530a0b}</savedqueryid>
    <layoutxml>
      <grid
        name="rhm_diagnosiscodes"
        jump="rhm_name"
        select="1"
        icon="1"
        preview="0">
        <row
          name="rhm_diagnosiscode"
          id="rhm_diagnosiscodeid">
          <cell
            name="rhm_name"
            width="300" />
          <cell
            name="createdon"
            width="125" />
        </row>
      </grid>
    </layoutxml>
    <querytype>64</querytype>
    <fetchxml>
      <fetch
        version="1.0"
        mapping="logical">
        <entity
          name="rhm_diagnosiscode">
          <attribute
            name="rhm_diagnosiscodeid" />
          <attribute
            name="rhm_name" />
          <attribute
            name="createdon" />
          <filter
            type="and">
            <condition
              attribute="statecode"
              operator="eq"
              value="0" />
          </filter>
        </entity>
      </fetch>
    </fetchxml>
    <IntroducedVersion>1.0</IntroducedVersion>
    <LocalizedNames>
      <LocalizedName
        description="Diagnosis Code Lookup View"
        languagecode="1033" />
    </LocalizedNames>
  </savedquery>
</savedqueries>