﻿<?xml version="1.0" encoding="utf-8"?>
<systemform>
  <formid>{cb00b664-5ccc-4ae8-a6d4-fb9d7b4be3b0}</formid>
  <IntroducedVersion>1.0.0.0</IntroducedVersion>
  <FormPresentation>1</FormPresentation>
  <FormActivationState>1</FormActivationState>
  <form maxWidth="1900">
    <tabs>
      <tab id="{08e96485-cfec-4ba9-815f-cd09e38597b3}" name="tab_1" showlabel="false" locklevel="0" expanded="true">
        <labels>
          <label description="CEO Activity Stakeholder" languagecode="1033" />
        </labels>
        <columns>
          <column width="33%">
            <sections>
              <section id="{80fb8297-abf8-4121-9b67-0302c9674f77}" name="tab_1_column_1_section_1" columns="1" showlabel="false" showbar="false" IsUserDefined="0">
                <labels>
                  <label description="section" languagecode="1033" />
                </labels>
                <rows>
                  <row>
                    <cell id="{e4d80b9b-6050-9d13-0ed0-1d75178c7010}" showlabel="true" locklevel="0">
                      <labels>
                        <label description="CEO Activity" languagecode="1033" />
                      </labels>
                      <control id="rbsm_ceoactivity" classid="{270BD3DB-D9AF-4782-9025-509E298DEC0A}" datafieldname="rbsm_ceoactivity" disabled="false" />
                    </cell>
                  </row>
                </rows>
              </section>
            </sections>
          </column>
          <column width="33%">
            <sections>
              <section id="{780fd33e-f3f5-4415-a6bc-88afcda74ade}" name="tab_1_column_2_section_1" columns="1" showlabel="false" showbar="false" IsUserDefined="0">
                <labels>
                  <label description="section" languagecode="1033" />
                </labels>
                <rows>
                  <row>
                    <cell id="{cd925b70-0785-c095-8a0d-7c5710e8ce64}" showlabel="true" locklevel="0">
                      <labels>
                        <label description="Stakeholder" languagecode="1033" />
                      </labels>
                      <control id="rbsm_contact" classid="{270BD3DB-D9AF-4782-9025-509E298DEC0A}" datafieldname="rbsm_contact" disabled="false" />
                    </cell>
                  </row>
                </rows>
              </section>
            </sections>
          </column>
          <column width="33%">
            <sections>
              <section id="{2d17af07-a890-4e5a-8fdb-19d2b2b73d1d}" name="tab_1_column_3_section_1" columns="1" showlabel="false" showbar="false" IsUserDefined="0">
                <labels>
                  <label description="section" languagecode="1033" />
                </labels>
                <rows>
                  <row>
                    <cell id="{44da3026-41c1-1590-2019-69015a844742}" showlabel="true" locklevel="0" rowspan="3">
                      <labels>
                        <label description="Comment" languagecode="1033" />
                      </labels>
                      <control id="rbsm_comment" classid="{E0DECE4B-6FC8-4a8f-A065-082708572369}" datafieldname="rbsm_comment" disabled="false" />
                    </cell>
                  </row>
                  <row />
                  <row />
                </rows>
              </section>
            </sections>
          </column>
        </columns>
      </tab>
    </tabs>
    <DisplayConditions Order="1">
      <Role Id="{627090ff-40a3-4053-8790-584edc5be201}" />
      <Role Id="{119f245c-3cc8-4b62-b31c-d1a046ced15d}" />
    </DisplayConditions>
  </form>
  <IsCustomizable>1</IsCustomizable>
  <CanBeDeleted>1</CanBeDeleted>
  <LocalizedNames>
    <LocalizedName description="Quick Create" languagecode="1033" />
  </LocalizedNames>
</systemform>