﻿<?xml version="1.0" encoding="utf-8"?>
<savedquery>
  <isquickfindquery>0</isquickfindquery>
  <isprivate>0</isprivate>
  <isdefault>1</isdefault>
  <returnedtypecode>1</returnedtypecode>
  <savedqueryid>{a9af0ab8-861d-4cfa-92a5-c6281fed7fab}</savedqueryid>
  <queryapi></queryapi>
  <layoutxml>
    <grid name="resultset" object="1" jump="name" select="1" preview="0" icon="1">
      <row name="result" id="accountid">
        <cell name="name" width="200" />
        <cell name="rbsm_franchise" width="200" />
        <cell name="fax" ishidden="1" width="100" />
        <cell name="address1_name" ishidden="1" width="100" />
        <cell name="address1_fax" ishidden="1" width="100" />
      </row>
    </grid>
  </layoutxml>
  <querytype>64</querytype>
  <fetchxml>
    <fetch version="1.0" mapping="logical">
      <entity name="account">
        <attribute name="name" />
        <attribute name="accountid" />
        <attribute name="fax" />
        <attribute name="address1_name" />
        <attribute name="address1_fax" />
        <filter type="and">
          <condition attribute="statecode" operator="eq" value="0" />
        </filter>
        <order attribute="name" descending="false" />
        <attribute name="rbsm_franchise" />
      </entity>
    </fetch>
  </fetchxml>
  <IntroducedVersion>5.0.0.0</IntroducedVersion>
  <LocalizedNames>
    <LocalizedName description="Account Lookup View" languagecode="1033" />
  </LocalizedNames>
</savedquery>