<?xml version="1.0" encoding="utf-8"?>
<forms xmlns:xsi="http://www.w3.org/2001/XMLSchema-instance">
  <systemform>
    <formid>{6ae13d90-4b54-4817-91be-960c58afc164}</formid>
    <IntroducedVersion>1.0</IntroducedVersion>
    <FormPresentation>1</FormPresentation>
    <FormActivationState>1</FormActivationState>
    <form>
      <tabs>
        <tab
          name="general"
          verticallayout="true"
          id="{86112245-b9cb-438b-9418-0258dc8025da}"
          IsUserDefined="0">
          <labels>
            <label
              description=""
              languagecode="1033" />
          </labels>
          <columns>
            <column
              width="25%">
              <sections>
                <section
                  name="ColorStrip"
                  showlabel="false"
                  showbar="false"
                  columns="1"
                  IsUserDefined="0"
                  id="{5be13c1f-756e-4676-8b38-b9f534de0036}">
                  <labels>
                    <label
                      description="ColorStrip"
                      languagecode="1033" />
                  </labels>
                </section>
              </sections>
            </column>
            <column
              width="75%">
              <sections>
                <section
                  name="CardHeader"
                  showlabel="false"
                  showbar="false"
                  columns="111"
                  id="{baa459d7-96d3-49c8-a0e6-2508f7120a08}"
                  IsUserDefined="0">
                  <labels>
                    <label
                      description="Header"
                      languagecode="1033" />
                    <label
                      description="Pengepala"
                      languagecode="1086" />
                  </labels>
                  <rows>
                    <row>
                      <cell
                        id="{cf4d99a7-adf8-4a38-a9c2-a230c9c04648}"
                        showlabel="true"
                        locklevel="0">
                        <labels>
                          <label
                            description=""
                            languagecode="1033" />
                        </labels>
                        <control
                          id="statuscode"
                          classid="{5D68B988-0661-4db2-BC3E-17598AD3BE6C}"
                          datafieldname="statuscode"
                          disabled="false" />
                      </cell>
                      <cell
                        id="{b2e29399-2221-4553-ad50-e2cb02056447}"
                        showlabel="true"
                        locklevel="0">
                        <labels>
                          <label
                            description=""
                            languagecode="1033" />
                        </labels>
                      </cell>
                      <cell
                        id="{2bc4fbc1-2742-480b-967c-83d76d375905}"
                        showlabel="true"
                        locklevel="0">
                        <labels>
                          <label
                            description=""
                            languagecode="1033" />
                        </labels>
                      </cell>
                    </row>
                  </rows>
                </section>
                <section
                  name="CardDetails"
                  showlabel="false"
                  showbar="false"
                  columns="1"
                  id="{5318e73a-4f23-4cdf-a8a3-c054ea3ba53a}"
                  IsUserDefined="0">
                  <labels>
                    <label
                      description="Details"
                      languagecode="1033" />
                    <label
                      description="Butiran"
                      languagecode="1086" />
                  </labels>
                  <rows>
                    <row>
                      <cell
                        id="{0b4dd461-06d2-4a9b-a11f-f42bd661bfb3}"
                        showlabel="true"
                        locklevel="0">
                        <labels>
                          <label
                            description=""
                            languagecode="1033" />
                        </labels>
                        <control
                          id="rhm_name"
                          classid="{4273EDBD-AC1D-40d3-9FB2-095C621B552D}"
                          datafieldname="rhm_name"
                          disabled="false" />
                      </cell>
                    </row>
                  </rows>
                </section>
                <section
                  name="CardFooter"
                  showlabel="false"
                  columns="1111"
                  showbar="false"
                  id="{19735843-2bc6-444a-8768-653847aeafca}"
                  IsUserDefined="0">
                  <labels>
                    <label
                      description="Footer"
                      languagecode="1033" />
                    <label
                      description="Pengaki"
                      languagecode="1086" />
                  </labels>
                  <rows>
                    <row>
                      <cell
                        id="{711314d7-dc68-4847-b5ce-e596538e73c2}"
                        showlabel="true"
                        locklevel="0">
                        <labels>
                          <label
                            description=""
                            languagecode="1033" />
                        </labels>
                        <control
                          id="createdon"
                          classid="{270BD3DB-D9AF-4782-9025-509E298DEC0A}"
                          datafieldname="createdon"
                          disabled="false" />
                      </cell>
                      <cell
                        id="{f09aecde-f1ea-437c-af28-3e844ea76b17}"
                        showlabel="true"
                        locklevel="0">
                        <labels>
                          <label
                            description=""
                            languagecode="1033" />
                        </labels>
                      </cell>
                      <cell
                        id="{7c594357-93f4-4b66-ae97-efc0327fe17f}"
                        showlabel="true"
                        locklevel="0">
                        <labels>
                          <label
                            description=""
                            languagecode="1033" />
                        </labels>
                      </cell>
                    </row>
                  </rows>
                </section>
              </sections>
            </column>
          </columns>
        </tab>
      </tabs>
    </form>
    <IsCustomizable>1</IsCustomizable>
    <CanBeDeleted>1</CanBeDeleted>
    <LocalizedNames>
      <LocalizedName
        description="Information"
        languagecode="1033" />
    </LocalizedNames>
    <Descriptions>
      <Description
        description="A card form for this entity."
        languagecode="1033" />
    </Descriptions>
  </systemform>
</forms>