﻿<?xml version="1.0" encoding="utf-8"?>
<EntityRelationships>
  <EntityRelationship Name="calendar_system_users">
    <EntityRelationshipType>OneToMany</EntityRelationshipType>
    <IntroducedVersion>5.0.0.0</IntroducedVersion>
    <IsHierarchical>0</IsHierarchical>
    <ReferencingEntityName>SystemUser</ReferencingEntityName>
    <ReferencedEntityName>Calendar</ReferencedEntityName>
    <CascadeAssign>NoCascade</CascadeAssign>
    <CascadeDelete>Restrict</CascadeDelete>
    <CascadeReparent>NoCascade</CascadeReparent>
    <CascadeShare>NoCascade</CascadeShare>
    <CascadeUnshare>NoCascade</CascadeUnshare>
    <ReferencingAttributeName>CalendarId</ReferencingAttributeName>
    <RelationshipDescription>
      <Descriptions>
        <Description description="Fiscal calendar associated with the user." languagecode="1033" />
        <Description description="Kalendarz obrachunkowy skojarzony z użytkownikiem." languagecode="1045" />
      </Descriptions>
    </RelationshipDescription>
  </EntityRelationship>
</EntityRelationships>