﻿<?xml version="1.0" encoding="utf-8"?>
<EntityRelationships>
  <EntityRelationship Name="role_template_roles" unmodified="1">
    <EntityRelationshipType>OneToMany</EntityRelationshipType>
    <IntroducedVersion>5.0.0.0</IntroducedVersion>
    <IsHierarchical>0</IsHierarchical>
    <ReferencingEntityName>Role</ReferencingEntityName>
    <ReferencedEntityName>RoleTemplate</ReferencedEntityName>
    <CascadeAssign>NoCascade</CascadeAssign>
    <CascadeDelete>NoCascade</CascadeDelete>
    <CascadeReparent>NoCascade</CascadeReparent>
    <CascadeShare>NoCascade</CascadeShare>
    <CascadeUnshare>NoCascade</CascadeUnshare>
    <ReferencingAttributeName>RoleTemplateId</ReferencingAttributeName>
    <RelationshipDescription>
      <Descriptions>
        <Description description="Unique identifier of the role template that is associated with the role." languagecode="1033" />
        <Description description="Unikatowy identyfikator szablonu roli skojarzonego z rolą." languagecode="1045" />
      </Descriptions>
    </RelationshipDescription>
  </EntityRelationship>
</EntityRelationships>