﻿<?xml version="1.0" encoding="utf-8"?>
<EntityRelationships>
  <EntityRelationship Name="teamtemplate_Teams" unmodified="1">
    <EntityRelationshipType>OneToMany</EntityRelationshipType>
    <IntroducedVersion>6.0.0.0</IntroducedVersion>
    <IsHierarchical>0</IsHierarchical>
    <ReferencingEntityName>Team</ReferencingEntityName>
    <ReferencedEntityName>TeamTemplate</ReferencedEntityName>
    <CascadeAssign>Cascade</CascadeAssign>
    <CascadeDelete>Cascade</CascadeDelete>
    <CascadeReparent>Cascade</CascadeReparent>
    <CascadeShare>Cascade</CascadeShare>
    <CascadeUnshare>Cascade</CascadeUnshare>
    <ReferencingAttributeName>TeamTemplateId</ReferencingAttributeName>
    <RelationshipDescription>
      <Descriptions>
        <Description description="Shows the team template that is associated with the team." languagecode="1033" />
        <Description description="Pokazuje szablon zespołu skojarzony z zespołem." languagecode="1045" />
      </Descriptions>
    </RelationshipDescription>
  </EntityRelationship>
</EntityRelationships>