﻿<?xml version="1.0" encoding="utf-8"?>
<RibbonDiffXml>
  <CustomActions>
    <CustomAction Id="nwm.account.CreateClientAccessRequest.Button.CustomAction" Location="Mscrm.Form.account.MainTab.Save.Controls._children" Sequence="1">
      <CommandUIDefinition>
        <Button Command="nwm.account.CreateClientAccessRequest.Command" Id="nwm.account.CreateClientAccessRequest.Button" Image32by32="$webresource:nwm_/Images/32px_ClientAccessRequest.png" Image16by16="$webresource:nwm_/Images/16px_ClientAccessRequest.png" LabelText="$LocLabels:nwm.account.CreateClientAccessRequest.Button.LabelText" Sequence="1" TemplateAlias="o1" ToolTipTitle="$LocLabels:nwm.account.CreateClientAccessRequest.Button.ToolTipTitle" ToolTipDescription="$LocLabels:nwm.account.CreateClientAccessRequest.Button.ToolTipDescription" />
      </CommandUIDefinition>
    </CustomAction>
    <CustomAction Id="nwm.account.MultiCreateCAR.Button.CustomAction" Location="Mscrm.HomepageGrid.account.MainTab.Management.Controls._children" Sequence="5">
      <CommandUIDefinition>
        <Button Alt="$LocLabels:nwm.account.MultiCreateCAR.Button.Alt" Command="nwm.account.MultiCreateCAR.Command" Id="nwm.account.MultiCreateCAR.Button" Image32by32="$webresource:nwm_/Images/32px_ClientAccessRequest.png" Image16by16="$webresource:nwm_/Images/16px_ClientAccessRequest.png" LabelText="$LocLabels:nwm.account.MultiCreateCAR.Button.LabelText" Sequence="5" TemplateAlias="o1" ToolTipTitle="$LocLabels:nwm.account.MultiCreateCAR.Button.ToolTipTitle" ToolTipDescription="$LocLabels:nwm.account.MultiCreateCAR.Button.ToolTipDescription" />
      </CommandUIDefinition>
    </CustomAction>
  </CustomActions>
  <Templates>
    <RibbonTemplates Id="Mscrm.Templates"></RibbonTemplates>
  </Templates>
  <CommandDefinitions>
    <CommandDefinition Id="nwm.account.CreateClientAccessRequest.Command">
      <EnableRules />
      <DisplayRules />
      <Actions>
        <JavaScriptFunction FunctionName="CreateClientAccessRequest" Library="$webresource:nwm_/Script/clientaccessrequest.js" />
      </Actions>
    </CommandDefinition>
    <CommandDefinition Id="nwm.account.MultiCreateCAR.Command">
      <EnableRules>
        <EnableRule Id="nwm.account.MultiCreateCAR.EnableRule" />
      </EnableRules>
      <DisplayRules />
      <Actions>
        <JavaScriptFunction FunctionName="isNaN" Library="$webresource:nwm_/app/assets/lib/jquery_1.9.1.js" />
        <JavaScriptFunction FunctionName="isNaN" Library="$webresource:nwm_/Script/process.js" />
        <JavaScriptFunction FunctionName="MultiCreateClientAccessRequest" Library="$webresource:nwm_/Script/clientaccessrequest.js">
          <CrmParameter Value="SelectedControlSelectedItemIds" />
        </JavaScriptFunction>
      </Actions>
    </CommandDefinition>
  </CommandDefinitions>
  <RuleDefinitions>
    <TabDisplayRules />
    <DisplayRules />
    <EnableRules>
      <EnableRule Id="nwm.account.MultiCreateCAR.EnableRule">
        <SelectionCountRule AppliesTo="SelectedEntity" Minimum="1" Maximum="100" />
      </EnableRule>
    </EnableRules>
  </RuleDefinitions>
  <LocLabels>
    <LocLabel Id="nwm.account.CreateClientAccessRequest.Button.LabelText">
      <Titles>
        <Title description="Create Client Access Request" languagecode="1033" />
      </Titles>
    </LocLabel>
    <LocLabel Id="nwm.account.CreateClientAccessRequest.Button.ToolTipDescription">
      <Titles>
        <Title description="Create Client Access Request" languagecode="1033" />
      </Titles>
    </LocLabel>
    <LocLabel Id="nwm.account.CreateClientAccessRequest.Button.ToolTipTitle">
      <Titles>
        <Title description="Create Client Access Request" languagecode="1033" />
      </Titles>
    </LocLabel>
    <LocLabel Id="nwm.account.MultiCreateCAR.Button.Alt">
      <Titles>
        <Title description="Create Client Access Requests" languagecode="1033" />
      </Titles>
    </LocLabel>
    <LocLabel Id="nwm.account.MultiCreateCAR.Button.LabelText">
      <Titles>
        <Title description="Create Client Access Requests" languagecode="1033" />
      </Titles>
    </LocLabel>
    <LocLabel Id="nwm.account.MultiCreateCAR.Button.ToolTipDescription">
      <Titles>
        <Title description="Create Client Access Requests" languagecode="1033" />
      </Titles>
    </LocLabel>
    <LocLabel Id="nwm.account.MultiCreateCAR.Button.ToolTipTitle">
      <Titles>
        <Title description="Create Client Access Requests" languagecode="1033" />
      </Titles>
    </LocLabel>
  </LocLabels>
</RibbonDiffXml>