<?xml version="1.0" encoding="utf-8"?>
<forms xmlns:xsi="http://www.w3.org/2001/XMLSchema-instance">
  <systemform>
    <formid>{580a9761-d5ed-4733-bda0-b44c944a7b22}</formid>
    <IntroducedVersion>1.0</IntroducedVersion>
    <FormPresentation>1</FormPresentation>
    <FormActivationState>1</FormActivationState>
    <form>
      <tabs>
        <tab
          name="general"
          verticallayout="true"
          id="{d87ccdf9-e477-46b5-b9d4-58ed5234b660}"
          IsUserDefined="0">
          <labels>
            <label
              description=""
              languagecode="1033" />
          </labels>
          <columns>
            <column
              width="25%">
              <sections>
                <section
                  name="ColorStrip"
                  showlabel="false"
                  showbar="false"
                  columns="1"
                  IsUserDefined="0"
                  id="{1835d8f7-523f-49a9-93f3-c9ecd3d2d595}">
                  <labels>
                    <label
                      description="ColorStrip"
                      languagecode="1033" />
                  </labels>
                </section>
              </sections>
            </column>
            <column
              width="75%">
              <sections>
                <section
                  name="CardHeader"
                  showlabel="false"
                  showbar="false"
                  columns="111"
                  id="{594a5383-0d7b-427d-82e3-8016e4145781}"
                  IsUserDefined="0">
                  <labels>
                    <label
                      description="Header"
                      languagecode="1033" />
                    <label
                      description="Pengepala"
                      languagecode="1086" />
                  </labels>
                  <rows>
                    <row>
                      <cell
                        id="{71a315a2-5f9d-4041-8ae4-e78b03dde47b}"
                        showlabel="true"
                        locklevel="0">
                        <labels>
                          <label
                            description=""
                            languagecode="1033" />
                        </labels>
                        <control
                          id="statuscode"
                          classid="{5D68B988-0661-4db2-BC3E-17598AD3BE6C}"
                          datafieldname="statuscode"
                          disabled="false" />
                      </cell>
                      <cell
                        id="{5bede158-ba37-4c6f-9b77-c5e13c14e733}"
                        showlabel="true"
                        locklevel="0">
                        <labels>
                          <label
                            description=""
                            languagecode="1033" />
                        </labels>
                      </cell>
                      <cell
                        id="{efe63376-6169-49b3-95b5-970758ab2e1e}"
                        showlabel="true"
                        locklevel="0">
                        <labels>
                          <label
                            description=""
                            languagecode="1033" />
                        </labels>
                      </cell>
                    </row>
                  </rows>
                </section>
                <section
                  name="CardDetails"
                  showlabel="false"
                  showbar="false"
                  columns="1"
                  id="{bfe649d0-6c84-44ad-b0ab-1c97e7c0b731}"
                  IsUserDefined="0">
                  <labels>
                    <label
                      description="Details"
                      languagecode="1033" />
                    <label
                      description="Butiran"
                      languagecode="1086" />
                  </labels>
                  <rows>
                    <row>
                      <cell
                        id="{668a6612-82fb-4e2f-95ad-98717972286f}"
                        showlabel="true"
                        locklevel="0">
                        <labels>
                          <label
                            description=""
                            languagecode="1033" />
                        </labels>
                        <control
                          id="rhm_name"
                          classid="{4273EDBD-AC1D-40d3-9FB2-095C621B552D}"
                          datafieldname="rhm_name"
                          disabled="false" />
                      </cell>
                    </row>
                  </rows>
                </section>
                <section
                  name="CardFooter"
                  showlabel="false"
                  columns="1111"
                  showbar="false"
                  id="{c7178cae-8f34-46b6-8c07-42d220fd0625}"
                  IsUserDefined="0">
                  <labels>
                    <label
                      description="Footer"
                      languagecode="1033" />
                    <label
                      description="Pengaki"
                      languagecode="1086" />
                  </labels>
                  <rows>
                    <row>
                      <cell
                        id="{6580f4b1-a38e-41fa-984c-327c01c82837}"
                        showlabel="true"
                        locklevel="0">
                        <labels>
                          <label
                            description=""
                            languagecode="1033" />
                        </labels>
                        <control
                          id="ownerid"
                          classid="{270BD3DB-D9AF-4782-9025-509E298DEC0A}"
                          datafieldname="ownerid"
                          disabled="false" />
                      </cell>
                      <cell
                        id="{14490d9a-3620-499b-8392-538829e9b617}"
                        showlabel="true"
                        locklevel="0">
                        <labels>
                          <label
                            description=""
                            languagecode="1033" />
                        </labels>
                        <control
                          id="createdon"
                          classid="{270BD3DB-D9AF-4782-9025-509E298DEC0A}"
                          datafieldname="createdon"
                          disabled="false" />
                      </cell>
                      <cell
                        id="{a30694ea-92d6-4f10-908e-c2f1504aca30}"
                        showlabel="true"
                        locklevel="0">
                        <labels>
                          <label
                            description=""
                            languagecode="1033" />
                        </labels>
                      </cell>
                      <cell
                        id="{21d121ab-6a77-44af-9bbc-a308efd5bdcc}"
                        showlabel="true"
                        locklevel="0">
                        <labels>
                          <label
                            description=""
                            languagecode="1033" />
                        </labels>
                      </cell>
                    </row>
                  </rows>
                </section>
              </sections>
            </column>
          </columns>
        </tab>
      </tabs>
    </form>
    <IsCustomizable>1</IsCustomizable>
    <CanBeDeleted>1</CanBeDeleted>
    <LocalizedNames>
      <LocalizedName
        description="Information"
        languagecode="1033" />
    </LocalizedNames>
    <Descriptions>
      <Description
        description="A card form for this entity."
        languagecode="1033" />
    </Descriptions>
  </systemform>
</forms>