﻿<?xml version="1.0" encoding="utf-8"?>
<Workflow WorkflowId="{abe5b276-7c3b-4369-8c5d-6060423328ac}" Name="Add an Option Set Value">
  <XamlFileName>/Workflows/AddanOptionSetValue-ABE5B276-7C3B-4369-8C5D-6060423328AC.xaml</XamlFileName>
  <Type>1</Type>
  <Subprocess>0</Subprocess>
  <Category>0</Category>
  <Mode>0</Mode>
  <Scope>4</Scope>
  <OnDemand>0</OnDemand>
  <TriggerOnCreate>1</TriggerOnCreate>
  <TriggerOnDelete>0</TriggerOnDelete>
  <AsyncAutodelete>1</AsyncAutodelete>
  <SyncWorkflowLogOnFailure>1</SyncWorkflowLogOnFailure>
  <StateCode>1</StateCode>
  <StatusCode>2</StatusCode>
  <CreateStage>40</CreateStage>
  <RunAs>0</RunAs>
  <IsTransacted>1</IsTransacted>
  <IntroducedVersion>3.3.0.0</IntroducedVersion>
  <IsCustomizable>1</IsCustomizable>
  <PrimaryEntity>rbs_optionsetvalue</PrimaryEntity>
  <LocalizedNames>
    <LocalizedName languagecode="1033" description="Add an Option Set Value" />
  </LocalizedNames>
</Workflow>