﻿<?xml version="1.0" encoding="utf-8"?>
<Workflow WorkflowId="{8b2b924f-198f-48ae-90b4-9a7672433cb6}" Name="Publish All Changes">
  <XamlFileName>/Workflows/PublishAllChanges-8B2B924F-198F-48AE-90B4-9A7672433CB6.xaml</XamlFileName>
  <Type>1</Type>
  <Subprocess>0</Subprocess>
  <Category>0</Category>
  <Mode>0</Mode>
  <Scope>4</Scope>
  <OnDemand>1</OnDemand>
  <TriggerOnCreate>0</TriggerOnCreate>
  <TriggerOnDelete>0</TriggerOnDelete>
  <AsyncAutodelete>0</AsyncAutodelete>
  <SyncWorkflowLogOnFailure>0</SyncWorkflowLogOnFailure>
  <StateCode>1</StateCode>
  <StatusCode>2</StatusCode>
  <RunAs>1</RunAs>
  <IsTransacted>1</IsTransacted>
  <IntroducedVersion>3.3.0.0</IntroducedVersion>
  <IsCustomizable>1</IsCustomizable>
  <PrimaryEntity>rbs_optionsetconfiguration</PrimaryEntity>
  <LocalizedNames>
    <LocalizedName languagecode="1033" description="Publish All Changes" />
  </LocalizedNames>
</Workflow>