﻿<?xml version="1.0" encoding="utf-8"?>
<Workflow WorkflowId="{6d07e9f5-1ddb-4cec-9add-a733cc9318e0}" Name="Remove an Option Set Value">
  <XamlFileName>/Workflows/RemoveanOptionSetValue-6D07E9F5-1DDB-4CEC-9ADD-A733CC9318E0.xaml</XamlFileName>
  <Type>1</Type>
  <Subprocess>0</Subprocess>
  <Category>0</Category>
  <Mode>0</Mode>
  <Scope>4</Scope>
  <OnDemand>0</OnDemand>
  <TriggerOnCreate>0</TriggerOnCreate>
  <TriggerOnDelete>1</TriggerOnDelete>
  <AsyncAutodelete>1</AsyncAutodelete>
  <SyncWorkflowLogOnFailure>1</SyncWorkflowLogOnFailure>
  <StateCode>1</StateCode>
  <StatusCode>2</StatusCode>
  <CreateStage>40</CreateStage>
  <DeleteStage>20</DeleteStage>
  <RunAs>0</RunAs>
  <IsTransacted>1</IsTransacted>
  <IntroducedVersion>3.3.0.0</IntroducedVersion>
  <IsCustomizable>1</IsCustomizable>
  <PrimaryEntity>rbs_optionsetvalue</PrimaryEntity>
  <LocalizedNames>
    <LocalizedName languagecode="1033" description="Remove an Option Set Value" />
  </LocalizedNames>
</Workflow>