﻿<?xml version="1.0" encoding="utf-8"?>
<Workflow WorkflowId="{f54a1cbf-6c2c-4b3c-9dfa-d1bb3edfa995}" Name="Sync Option Set Configuration">
  <XamlFileName>/Workflows/SyncOptionSetConfiguration-F54A1CBF-6C2C-4B3C-9DFA-D1BB3EDFA995.xaml</XamlFileName>
  <Type>1</Type>
  <Subprocess>0</Subprocess>
  <Category>0</Category>
  <Mode>0</Mode>
  <Scope>4</Scope>
  <OnDemand>1</OnDemand>
  <TriggerOnCreate>0</TriggerOnCreate>
  <TriggerOnDelete>0</TriggerOnDelete>
  <AsyncAutodelete>0</AsyncAutodelete>
  <SyncWorkflowLogOnFailure>0</SyncWorkflowLogOnFailure>
  <StateCode>1</StateCode>
  <StatusCode>2</StatusCode>
  <RunAs>1</RunAs>
  <IsTransacted>1</IsTransacted>
  <IntroducedVersion>3.3.0.0</IntroducedVersion>
  <IsCustomizable>1</IsCustomizable>
  <PrimaryEntity>rbs_optionsetconfiguration</PrimaryEntity>
  <LocalizedNames>
    <LocalizedName languagecode="1033" description="Sync Option Set Configuration" />
  </LocalizedNames>
</Workflow>