﻿<?xml version="1.0" encoding="utf-8"?>
<savedquery unmodified="1">
  <isquickfindquery>0</isquickfindquery>
  <isprivate>0</isprivate>
  <isdefault>1</isdefault>
  <returnedtypecode>8</returnedtypecode>
  <savedqueryid>{1468f00b-1618-42db-8445-d08a8e487890}</savedqueryid>
  <queryapi>SystemUser.RetrieveActiveDirectoryUsers</queryapi>
  <layoutxml>
    <grid name="resultset" object="8" jump="fullname" select="1" preview="0" icon="1">
      <row name="result" id="systemuserid">
        <cell name="fullname" width="300" />
        <cell name="domainname" width="200" />
        <cell name="title" width="100" />
        <cell name="positionid" width="100" />
        <cell name="address1_telephone1" width="100" />
        <cell name="internalemailaddress" width="200" />
        <cell name="address1_fax" ishidden="1" width="100" />
        <cell name="firstname" ishidden="1" width="100" />
        <cell name="lastname" ishidden="1" width="100" />
        <cell name="address1_telephone3" ishidden="1" width="100" />
        <cell name="homephone" ishidden="1" width="100" />
        <cell name="mobilephone" ishidden="1" width="100" />
        <cell name="address1_postofficebox" ishidden="1" width="100" />
        <cell name="address1_line1" ishidden="1" width="100" />
        <cell name="address1_city" ishidden="1" width="100" />
        <cell name="address1_postalcode" ishidden="1" width="100" />
        <cell name="address1_stateorprovince" ishidden="1" width="100" />
      </row>
    </grid>
  </layoutxml>
  <columnsetxml>
    <columnset version="3.0">
      <column>fullname</column>
      <column>domainname</column>
      <column>title</column>
      <column>address1_telephone1</column>
      <column>internalemailaddress</column>
      <column>address1_fax</column>
      <column>firstname</column>
      <column>lastname</column>
      <column>address1_telephone3</column>
      <column>homephone</column>
      <column>mobilephone</column>
      <column>address1_postofficebox</column>
      <column>address1_line1</column>
      <column>address1_city</column>
      <column>address1_postalcode</column>
      <column>address1_stateorprovince</column>
      <column>positionid</column>
    </columnset>
  </columnsetxml>
  <querytype>2048</querytype>
  <IntroducedVersion>5.0.0.0</IntroducedVersion>
  <LocalizedNames>
    <LocalizedName description="Active Directory Users" languagecode="1033" />
  </LocalizedNames>
</savedquery>