﻿<?xml version="1.0" encoding="utf-8"?>
<savedquery>
  <IsCustomizable>1</IsCustomizable>
  <CanBeDeleted>1</CanBeDeleted>
  <isquickfindquery>0</isquickfindquery>
  <isprivate>0</isprivate>
  <isdefault>0</isdefault>
  <returnedtypecode>8</returnedtypecode>
  <savedqueryid>{7d0557ff-2a02-e711-80da-1458d0431600}</savedqueryid>
  <layoutxml>
    <grid name="resultset" object="8" jump="fullname" select="1" preview="1" icon="1">
      <row name="result" id="systemuserid">
        <cell name="fullname" width="200" imageproviderfunctionname="" imageproviderwebresource="$webresource:" />
      </row>
    </grid>
  </layoutxml>
  <querytype>0</querytype>
  <fetchxml>
    <fetch version="1.0" output-format="xml-platform" mapping="logical" distinct="true">
      <entity name="systemuser">
        <attribute name="fullname" />
        <order attribute="fullname" descending="false" />
        <filter type="and">
          <condition attribute="isdisabled" operator="eq" value="0" />
        </filter>
        <link-entity name="systemuserroles" from="systemuserid" to="systemuserid" visible="false" intersect="true">
          <link-entity name="role" from="roleid" to="roleid" alias="aa">
            <filter type="and">
              <condition attribute="roleid" operator="in">
                <value uiname="FO Client Access Request Owner" uitype="role">{3EB81F31-4DE9-E611-80D6-1458D0431600}</value>
                <value uiname="F and RS Client Manager" uitype="role">{5FE5C02C-EEF1-E611-80D8-3863BB358E18}</value>
                <value uiname="F and RS Senior Manager" uitype="role">{0B2D02D9-F0F1-E611-80D8-3863BB358E18}</value>
              </condition>
            </filter>
          </link-entity>
        </link-entity>
        <attribute name="systemuserid" />
      </entity>
    </fetch>
  </fetchxml>
  <IntroducedVersion>0.0.0.1</IntroducedVersion>
  <LocalizedNames>
    <LocalizedName description="F&amp;RS Users" languagecode="1033" />
  </LocalizedNames>
</savedquery>