﻿<?xml version="1.0" encoding="utf-8"?>
<savedquery unmodified="1">
  <isquickfindquery>0</isquickfindquery>
  <isprivate>0</isprivate>
  <isdefault>0</isdefault>
  <returnedtypecode>8</returnedtypecode>
  <savedqueryid>{9c91ff7f-3df9-4aa9-9f00-aaa2beb3192f}</savedqueryid>
  <layoutxml>
    <grid name="resultset" object="8" jump="fullname" select="1" preview="1" icon="1">
      <row name="result" id="systemuserid">
        <cell name="fullname" width="200" />
      </row>
    </grid>
  </layoutxml>
  <querytype>0</querytype>
  <fetchxml>
    <fetch version="1.0" output-format="xml-platform" mapping="logical" distinct="true">
      <entity name="systemuser">
        <link-entity name="post" from="regardingobjectid" to="systemuserid" alias="postregardingobjectid"></link-entity>
        <attribute name="fullname" />
        <attribute name="systemuserid" />
      </entity>
    </fetch>
  </fetchxml>
  <IntroducedVersion>1.0.5.418</IntroducedVersion>
  <LocalizedNames>
    <LocalizedName description="@Me" languagecode="1033" />
  </LocalizedNames>
  <Descriptions>
    <Description description="@Me" languagecode="1033" />
  </Descriptions>
</savedquery>