﻿<?xml version="1.0" encoding="utf-8"?>
<savedquery unmodified="1">
  <isquickfindquery>0</isquickfindquery>
  <isprivate>0</isprivate>
  <isdefault>0</isdefault>
  <returnedtypecode>8</returnedtypecode>
  <savedqueryid>{e5d893d1-2b1f-46e5-8ea4-25562567ccce}</savedqueryid>
  <layoutxml>
    <grid name="resultset" object="8" jump="fullname" select="1" icon="1" preview="1">
      <row name="result" id="systemuserid">
        <cell name="fullname" width="200" />
      </row>
    </grid>
  </layoutxml>
  <querytype>0</querytype>
  <fetchxml>
    <fetch version="1.0" output-format="xml-platform" mapping="logical">
      <entity name="systemuser">
        <order attribute="fullname" descending="true" />
        <attribute name="fullname" />
        <attribute name="systemuserid" />
        <filter type="and">
          <condition attribute="mobileofflineprofileid" operator="not-null" />
        </filter>
      </entity>
    </fetch>
  </fetchxml>
  <IntroducedVersion>8.0.0.0</IntroducedVersion>
  <LocalizedNames>
    <LocalizedName description="Users Assigned to Mobile Offline Profile" languagecode="1033" />
  </LocalizedNames>
  <Descriptions>
    <Description description="Users who are assigned to a mobile offline profile." languagecode="1033" />
  </Descriptions>
</savedquery>