﻿<?xml version="1.0" encoding="utf-8"?>
<systemform>
  <formid>{abe6353d-471e-4ba5-b55c-7d695e045393}</formid>
  <IntroducedVersion>0.0.0.1</IntroducedVersion>
  <FormPresentation>1</FormPresentation>
  <FormActivationState>1</FormActivationState>
  <form>
    <tabs>
      <tab verticallayout="true" id="{512aa8c2-fe59-4ab8-91fe-b0987a452a28}" IsUserDefined="1">
        <labels>
          <label description="General Info" languagecode="1033" />
        </labels>
        <columns>
          <column width="24%">
            <sections>
              <section showlabel="false" showbar="false" IsUserDefined="0" id="{1c6c1cf9-427d-4191-8570-f99bc4a2a9b3}">
                <labels>
                  <label description="General" languagecode="1033" />
                </labels>
                <rows>
                  <row>
                    <cell id="{7c02f177-0b26-4d76-b1ca-1083174268cd}">
                      <labels>
                        <label description="Name" languagecode="1033" />
                      </labels>
                      <control id="nwm_name" classid="{4273EDBD-AC1D-40d3-9FB2-095C621B552D}" datafieldname="nwm_name" />
                    </cell>
                  </row>
                  <row>
                    <cell id="{bc564d27-0744-4da4-b739-516145c1d1b7}">
                      <labels>
                        <label description="Owner" languagecode="1033" />
                      </labels>
                      <control id="ownerid" classid="{270BD3DB-D9AF-4782-9025-509E298DEC0A}" datafieldname="ownerid" />
                    </cell>
                  </row>
                </rows>
              </section>
            </sections>
          </column>
          <column width="38%">
            <sections>
              <section showlabel="true" showbar="false" id="{3baab929-33ec-484b-8bb9-8d9b3a74f3e1}" IsUserDefined="0" height="auto">
                <labels>
                  <label description="TIMELINE" languagecode="1033" />
                </labels>
                <rows>
                  <row>
                    <cell showlabel="false" colspan="1" rowspan="18" auto="false" id="{9d89e2fa-dcbe-4fbb-aea9-b64670b24bb8}">
                      <labels>
                        <label description="Conversation Tabs" languagecode="1033" />
                      </labels>
                      <control id="interactionwallcontrol" classid="{1F179106-FA28-4495-961E-F6BD93C21974}" />
                    </cell>
                  </row>
                  <row />
                  <row />
                  <row />
                  <row />
                  <row />
                  <row />
                  <row />
                  <row />
                  <row />
                  <row />
                  <row />
                  <row />
                  <row />
                  <row />
                  <row />
                  <row />
                  <row height="auto" />
                </rows>
              </section>
            </sections>
          </column>
          <column width="38%">
            <sections>
              <section showlabel="true" columns="1" showbar="false" id="{7afec7a0-7369-4573-8b86-a7932d427d79}" name="ref_pan_{7afec7a0-7369-4573-8b86-a7932d427d79}" IsUserDefined="0">
                <labels>
                  <label description="RELATED" languagecode="1033" />
                </labels>
                <rows>
                  <row />
                </rows>
              </section>
            </sections>
          </column>
        </columns>
      </tab>
    </tabs>
    <header id="{40b34bd4-b4cf-416c-8188-e44880fd33ec}" celllabelposition="Left" columns="1111">
      <rows>
        <row />
      </rows>
    </header>
  </form>
  <IsCustomizable>1</IsCustomizable>
  <CanBeDeleted>1</CanBeDeleted>
  <LocalizedNames>
    <LocalizedName description="Information" languagecode="1033" />
  </LocalizedNames>
  <Descriptions>
    <Description description="A form for this entity." languagecode="1033" />
  </Descriptions>
</systemform>