﻿<?xml version="1.0" encoding="utf-8"?>
<Role id="{0b2d02d9-f0f1-e611-80d8-3863bb358e18}" name="F and RS Senior Manager">
  <IsCustomizable>1</IsCustomizable>
  <RolePrivileges>
    <RolePrivilege name="prvAddressBook" level="Global" />
    <RolePrivilege name="prvAppendAccount" level="Global" />
    <RolePrivilege name="prvAppendActivity" level="Local" />
    <RolePrivilege name="prvAppendCalendar" level="Local" />
    <RolePrivilege name="prvAppendConnection" level="Global" />
    <RolePrivilege name="prvAppendContact" level="Local" />
    <RolePrivilege name="prvAppendLanguageLocale" level="Global" />
    <RolePrivilege name="prvAppendMailbox" level="Basic" />
    <RolePrivilege name="prvAppendMailboxTrackingFolder" level="Basic" />
    <RolePrivilege name="prvAppendmsdyn_PostAlbum" level="Basic" />
    <RolePrivilege name="prvAppendmsdyn_wallsavedqueryusersettings" level="Basic" />
    <RolePrivilege name="prvAppendNote" level="Local" />
    <RolePrivilege name="prvAppendnwm_accountpriority" level="Global" />
    <RolePrivilege name="prvAppendnwm_CallReport" level="Local" />
    <RolePrivilege name="prvAppendnwm_callreportaccessuser" level="Global" />
    <RolePrivilege name="prvAppendnwm_clientaccessrequest" level="Global" />
    <RolePrivilege name="prvAppendnwm_clientaccessteam" level="Global" />
    <RolePrivilege name="prvAppendnwm_Country" level="Global" />
    <RolePrivilege name="prvAppendnwm_Team" level="Global" />
    <RolePrivilege name="prvAppendOpportunity" level="Local" />
    <RolePrivilege name="prvAppendOpportunitySalesProcess" level="Global" />
    <RolePrivilege name="prvAppendPersonalDocumentTemplate" level="Basic" />
    <RolePrivilege name="prvAppendPost" level="Global" />
    <RolePrivilege name="prvAppendPostFollow" level="Basic" />
    <RolePrivilege name="prvAppendProduct" level="Global" />
    <RolePrivilege name="prvAppendSocialProfile" level="Global" />
    <RolePrivilege name="prvAppendSyncError" level="Basic" />
    <RolePrivilege name="prvAppendToAccount" level="Global" />
    <RolePrivilege name="prvAppendToActivity" level="Local" />
    <RolePrivilege name="prvAppendToAsyncOperation" level="Basic" />
    <RolePrivilege name="prvAppendToCalendar" level="Global" />
    <RolePrivilege name="prvAppendToConnection" level="Global" />
    <RolePrivilege name="prvAppendToContact" level="Local" />
    <RolePrivilege name="prvAppendToEmailServerProfile" level="Global" />
    <RolePrivilege name="prvAppendToLanguageLocale" level="Global" />
    <RolePrivilege name="prvAppendTomsdyn_PostAlbum" level="Basic" />
    <RolePrivilege name="prvAppendTomsdyn_wallsavedqueryusersettings" level="Basic" />
    <RolePrivilege name="prvAppendToNote" level="Local" />
    <RolePrivilege name="prvAppendTonwm_accountpriority" level="Global" />
    <RolePrivilege name="prvAppendTonwm_CallReport" level="Local" />
    <RolePrivilege name="prvAppendTonwm_callreportaccessuser" level="Global" />
    <RolePrivilege name="prvAppendTonwm_clientaccessrequest" level="Global" />
    <RolePrivilege name="prvAppendTonwm_clientaccessteam" level="Global" />
    <RolePrivilege name="prvAppendTonwm_Country" level="Global" />
    <RolePrivilege name="prvAppendTonwm_Team" level="Global" />
    <RolePrivilege name="prvAppendToOpportunity" level="Local" />
    <RolePrivilege name="prvAppendToOpportunitySalesProcess" level="Global" />
    <RolePrivilege name="prvAppendToPersonalDocumentTemplate" level="Basic" />
    <RolePrivilege name="prvAppendToPost" level="Global" />
    <RolePrivilege name="prvAppendToProduct" level="Global" />
    <RolePrivilege name="prvAppendToSocialProfile" level="Global" />
    <RolePrivilege name="prvAppendToSyncError" level="Basic" />
    <RolePrivilege name="prvAppendToTraceLog" level="Global" />
    <RolePrivilege name="prvAppendToTransactionCurrency" level="Global" />
    <RolePrivilege name="prvAppendToUser" level="Global" />
    <RolePrivilege name="prvAppendToUserSettings" level="Local" />
    <RolePrivilege name="prvAppendToWorkflow" level="Global" />
    <RolePrivilege name="prvAppendToWorkflowSession" level="Basic" />
    <RolePrivilege name="prvAppendTraceLog" level="Global" />
    <RolePrivilege name="prvAppendTransactionCurrency" level="Global" />
    <RolePrivilege name="prvAppendUser" level="Global" />
    <RolePrivilege name="prvAppendWorkflow" level="Basic" />
    <RolePrivilege name="prvAppendWorkflowSession" level="Basic" />
    <RolePrivilege name="prvAssignActivity" level="Local" />
    <RolePrivilege name="prvAssignAsyncOperation" level="Basic" />
    <RolePrivilege name="prvAssignConnection" level="Local" />
    <RolePrivilege name="prvAssignContact" level="Basic" />
    <RolePrivilege name="prvAssignNote" level="Local" />
    <RolePrivilege name="prvAssignnwm_CallReport" level="Local" />
    <RolePrivilege name="prvAssignnwm_callreportaccessuser" level="Basic" />
    <RolePrivilege name="prvAssignnwm_clientaccessrequest" level="Basic" />
    <RolePrivilege name="prvAssignOpportunity" level="Local" />
    <RolePrivilege name="prvAssignPersonalDocumentTemplate" level="Basic" />
    <RolePrivilege name="prvAssignSocialProfile" level="Local" />
    <RolePrivilege name="prvAssignSyncError" level="Basic" />
    <RolePrivilege name="prvAssignUserEntityInstanceData" level="Basic" />
    <RolePrivilege name="prvAssignUserForm" level="Basic" />
    <RolePrivilege name="prvAssignUserQuery" level="Basic" />
    <RolePrivilege name="prvAssignUserQueryVisualizations" level="Basic" />
    <RolePrivilege name="prvAssignWorkflow" level="Basic" />
    <RolePrivilege name="prvAssignWorkflowSession" level="Basic" />
    <RolePrivilege name="prvBrowseAvailability" level="Global" />
    <RolePrivilege name="prvBulkEdit" level="Global" />
    <RolePrivilege name="prvCreateActivity" level="Basic" />
    <RolePrivilege name="prvCreateConnection" level="Local" />
    <RolePrivilege name="prvCreateContact" level="Basic" />
    <RolePrivilege name="prvCreateExchangeSyncIdMapping" level="Basic" />
    <RolePrivilege name="prvCreateMailboxTrackingFolder" level="Basic" />
    <RolePrivilege name="prvCreatemsdyn_PostAlbum" level="Basic" />
    <RolePrivilege name="prvCreatemsdyn_wallsavedqueryusersettings" level="Basic" />
    <RolePrivilege name="prvCreateNote" level="Basic" />
    <RolePrivilege name="prvCreatenwm_CallReport" level="Basic" />
    <RolePrivilege name="prvCreatenwm_callreportaccessuser" level="Basic" />
    <RolePrivilege name="prvCreatenwm_clientaccessrequest" level="Basic" />
    <RolePrivilege name="prvCreateOpportunity" level="Basic" />
    <RolePrivilege name="prvCreateOpportunitySalesProcess" level="Global" />
    <RolePrivilege name="prvCreatePersonalDocumentTemplate" level="Basic" />
    <RolePrivilege name="prvCreatePost" level="Global" />
    <RolePrivilege name="prvCreatePostFollow" level="Basic" />
    <RolePrivilege name="prvCreateSharePointData" level="Global" />
    <RolePrivilege name="prvCreateSocialProfile" level="Basic" />
    <RolePrivilege name="prvCreateSyncError" level="Basic" />
    <RolePrivilege name="prvCreateTraceLog" level="Global" />
    <RolePrivilege name="prvCreateUserApplicationMetadata" level="Basic" />
    <RolePrivilege name="prvCreateUserEntityInstanceData" level="Basic" />
    <RolePrivilege name="prvCreateUserEntityUISettings" level="Basic" />
    <RolePrivilege name="prvCreateUserForm" level="Basic" />
    <RolePrivilege name="prvCreateUserQuery" level="Basic" />
    <RolePrivilege name="prvCreateUserQueryVisualizations" level="Basic" />
    <RolePrivilege name="prvCreateUserSettings" level="Local" />
    <RolePrivilege name="prvCreateWorkflow" level="Basic" />
    <RolePrivilege name="prvCreateWorkflowSession" level="Basic" />
    <RolePrivilege name="prvDeleteActivity" level="Local" />
    <RolePrivilege name="prvDeleteExchangeSyncIdMapping" level="Basic" />
    <RolePrivilege name="prvDeleteMailboxTrackingFolder" level="Basic" />
    <RolePrivilege name="prvDeletemsdyn_PostAlbum" level="Basic" />
    <RolePrivilege name="prvDeletemsdyn_wallsavedqueryusersettings" level="Basic" />
    <RolePrivilege name="prvDeleteNote" level="Basic" />
    <RolePrivilege name="prvDeletenwm_callreportaccessuser" level="Deep" />
    <RolePrivilege name="prvDeleteOpportunitySalesProcess" level="Global" />
    <RolePrivilege name="prvDeletePersonalDocumentTemplate" level="Basic" />
    <RolePrivilege name="prvDeletePostFollow" level="Basic" />
    <RolePrivilege name="prvDeleteSocialProfile" level="Local" />
    <RolePrivilege name="prvDeleteSyncError" level="Basic" />
    <RolePrivilege name="prvDeleteUserApplicationMetadata" level="Basic" />
    <RolePrivilege name="prvDeleteUserEntityInstanceData" level="Basic" />
    <RolePrivilege name="prvDeleteUserEntityUISettings" level="Basic" />
    <RolePrivilege name="prvDeleteUserForm" level="Basic" />
    <RolePrivilege name="prvDeleteUserQuery" level="Basic" />
    <RolePrivilege name="prvDeleteUserQueryVisualizations" level="Basic" />
    <RolePrivilege name="prvDeleteUserSettings" level="Local" />
    <RolePrivilege name="prvDeleteWorkflow" level="Basic" />
    <RolePrivilege name="prvDeleteWorkflowSession" level="Basic" />
    <RolePrivilege name="prvDocumentGeneration" level="Global" />
    <RolePrivilege name="prvGoMobile" level="Global" />
    <RolePrivilege name="prvGoOffline" level="Global" />
    <RolePrivilege name="prvMailMerge" level="Global" />
    <RolePrivilege name="prvMerge" level="Global" />
    <RolePrivilege name="prvPrint" level="Global" />
    <RolePrivilege name="prvReadAccount" level="Global" />
    <RolePrivilege name="prvReadActivity" level="Local" />
    <RolePrivilege name="prvReadApplicationFile" level="Global" />
    <RolePrivilege name="prvReadAsyncOperation" level="Basic" />
    <RolePrivilege name="prvReadAttribute" level="Global" />
    <RolePrivilege name="prvReadAttributeMap" level="Global" />
    <RolePrivilege name="prvReadBusinessUnit" level="Global" />
    <RolePrivilege name="prvReadComplexControl" level="Global" />
    <RolePrivilege name="prvReadConnection" level="Global" />
    <RolePrivilege name="prvReadConnectionRole" level="Global" />
    <RolePrivilege name="prvReadContact" level="Local" />
    <RolePrivilege name="prvReadCustomization" level="Global" />
    <RolePrivilege name="prvReadDocumentTemplate" level="Global" />
    <RolePrivilege name="prvReadDuplicateRule" level="Global" />
    <RolePrivilege name="prvReadEmailServerProfile" level="Global" />
    <RolePrivilege name="prvReadEntity" level="Global" />
    <RolePrivilege name="prvReadEntityKey" level="Global" />
    <RolePrivilege name="prvReadEntityMap" level="Global" />
    <RolePrivilege name="prvReadExchangeSyncIdMapping" level="Basic" />
    <RolePrivilege name="prvReadFieldSecurityProfile" level="Global" />
    <RolePrivilege name="prvReadHierarchyRule" level="Global" />
    <RolePrivilege name="prvReadLanguageLocale" level="Global" />
    <RolePrivilege name="prvReadLicense" level="Global" />
    <RolePrivilege name="prvReadMailbox" level="Basic" />
    <RolePrivilege name="prvReadMailboxTrackingFolder" level="Basic" />
    <RolePrivilege name="prvReadMobileOfflineProfile" level="Global" />
    <RolePrivilege name="prvReadmsdyn_PostAlbum" level="Global" />
    <RolePrivilege name="prvReadmsdyn_PostConfig" level="Global" />
    <RolePrivilege name="prvReadmsdyn_PostRuleConfig" level="Global" />
    <RolePrivilege name="prvReadmsdyn_wallsavedquery" level="Global" />
    <RolePrivilege name="prvReadmsdyn_wallsavedqueryusersettings" level="Basic" />
    <RolePrivilege name="prvReadNewsArticle" level="Global" />
    <RolePrivilege name="prvReadNote" level="Local" />
    <RolePrivilege name="prvReadnwm_accountpriority" level="Global" />
    <RolePrivilege name="prvReadnwm_CallReport" level="Local" />
    <RolePrivilege name="prvReadnwm_callreportaccessuser" level="Global" />
    <RolePrivilege name="prvReadnwm_clientaccessrequest" level="Global" />
    <RolePrivilege name="prvReadnwm_clientaccessteam" level="Global" />
    <RolePrivilege name="prvReadnwm_clientdetail" level="Basic" />
    <RolePrivilege name="prvReadnwm_Country" level="Global" />
    <RolePrivilege name="prvReadnwm_coveragerole" level="Global" />
    <RolePrivilege name="prvReadnwm_Employee" level="Global" />
    <RolePrivilege name="prvReadnwm_employee_coveragerole" level="Global" />
    <RolePrivilege name="prvReadnwm_Team" level="Global" />
    <RolePrivilege name="prvReadOpportunity" level="Local" />
    <RolePrivilege name="prvReadOpportunitySalesProcess" level="Global" />
    <RolePrivilege name="prvReadOptionSet" level="Global" />
    <RolePrivilege name="prvReadOrganization" level="Global" />
    <RolePrivilege name="prvReadOwnCalendar" level="Global" />
    <RolePrivilege name="prvReadPersonalDocumentTemplate" level="Basic" />
    <RolePrivilege name="prvReadPluginAssembly" level="Global" />
    <RolePrivilege name="prvReadPluginType" level="Global" />
    <RolePrivilege name="prvReadPosition" level="Global" />
    <RolePrivilege name="prvReadPost" level="Global" />
    <RolePrivilege name="prvReadPostFollow" level="Global" />
    <RolePrivilege name="prvReadProduct" level="Global" />
    <RolePrivilege name="prvReadQuery" level="Global" />
    <RolePrivilege name="prvReadQueue" level="Basic" />
    <RolePrivilege name="prvReadRecordAuditHistory" level="Global" />
    <RolePrivilege name="prvReadRelationship" level="Global" />
    <RolePrivilege name="prvReadRole" level="Local" />
    <RolePrivilege name="prvReadSavedQueryVisualizations" level="Global" />
    <RolePrivilege name="prvReadSdkMessage" level="Global" />
    <RolePrivilege name="prvReadSdkMessageProcessingStep" level="Global" />
    <RolePrivilege name="prvReadSdkMessageProcessingStepImage" level="Global" />
    <RolePrivilege name="prvReadSharePointData" level="Global" />
    <RolePrivilege name="prvReadSharePointDocument" level="Global" />
    <RolePrivilege name="prvReadSocialProfile" level="Global" />
    <RolePrivilege name="prvReadSyncError" level="Basic" />
    <RolePrivilege name="prvReadSystemApplicationMetadata" level="Global" />
    <RolePrivilege name="prvReadSystemForm" level="Global" />
    <RolePrivilege name="prvReadTeam" level="Global" />
    <RolePrivilege name="prvReadTraceLog" level="Global" />
    <RolePrivilege name="prvReadTransactionCurrency" level="Global" />
    <RolePrivilege name="prvReadUser" level="Global" />
    <RolePrivilege name="prvReadUserApplicationMetadata" level="Basic" />
    <RolePrivilege name="prvReadUserEntityInstanceData" level="Basic" />
    <RolePrivilege name="prvReadUserEntityUISettings" level="Basic" />
    <RolePrivilege name="prvReadUserForm" level="Basic" />
    <RolePrivilege name="prvReadUserQuery" level="Basic" />
    <RolePrivilege name="prvReadUserQueryVisualizations" level="Basic" />
    <RolePrivilege name="prvReadUserSettings" level="Global" />
    <RolePrivilege name="prvReadWebResource" level="Global" />
    <RolePrivilege name="prvReadWebWizard" level="Global" />
    <RolePrivilege name="prvReadWizardAccessPrivilege" level="Global" />
    <RolePrivilege name="prvReadWizardPage" level="Global" />
    <RolePrivilege name="prvReadWorkflow" level="Global" />
    <RolePrivilege name="prvReadWorkflowSession" level="Global" />
    <RolePrivilege name="prvSearchAvailability" level="Global" />
    <RolePrivilege name="prvShareActivity" level="Local" />
    <RolePrivilege name="prvSharePersonalDocumentTemplate" level="Global" />
    <RolePrivilege name="prvShareSyncError" level="Basic" />
    <RolePrivilege name="prvShareUserEntityInstanceData" level="Basic" />
    <RolePrivilege name="prvShareUserEntityUISettings" level="Basic" />
    <RolePrivilege name="prvShareUserForm" level="Basic" />
    <RolePrivilege name="prvShareUserQuery" level="Basic" />
    <RolePrivilege name="prvShareUserQueryVisualizations" level="Basic" />
    <RolePrivilege name="prvShareWorkflow" level="Basic" />
    <RolePrivilege name="prvShareWorkflowSession" level="Basic" />
    <RolePrivilege name="prvSyncToOutlook" level="Global" />
    <RolePrivilege name="prvUseOfficeApps" level="Global" />
    <RolePrivilege name="prvUseTabletApp" level="Global" />
    <RolePrivilege name="prvWebMailMerge" level="Global" />
    <RolePrivilege name="prvWorkflowExecution" level="Global" />
    <RolePrivilege name="prvWriteActivity" level="Local" />
    <RolePrivilege name="prvWriteAsyncOperation" level="Basic" />
    <RolePrivilege name="prvWriteComplexControl" level="Global" />
    <RolePrivilege name="prvWriteConnection" level="Local" />
    <RolePrivilege name="prvWriteContact" level="Local" />
    <RolePrivilege name="prvWriteExchangeSyncIdMapping" level="Basic" />
    <RolePrivilege name="prvWriteMailbox" level="Basic" />
    <RolePrivilege name="prvWriteMailboxTrackingFolder" level="Basic" />
    <RolePrivilege name="prvWritemsdyn_PostAlbum" level="Basic" />
    <RolePrivilege name="prvWritemsdyn_wallsavedqueryusersettings" level="Basic" />
    <RolePrivilege name="prvWriteNote" level="Local" />
    <RolePrivilege name="prvWritenwm_CallReport" level="Local" />
    <RolePrivilege name="prvWritenwm_callreportaccessuser" level="Basic" />
    <RolePrivilege name="prvWritenwm_clientaccessrequest" level="Basic" />
    <RolePrivilege name="prvWriteOpportunity" level="Local" />
    <RolePrivilege name="prvWriteOpportunitySalesProcess" level="Global" />
    <RolePrivilege name="prvWriteOwnCalendar" level="Global" />
    <RolePrivilege name="prvWritePersonalDocumentTemplate" level="Basic" />
    <RolePrivilege name="prvWriteSharePointData" level="Global" />
    <RolePrivilege name="prvWriteSocialProfile" level="Global" />
    <RolePrivilege name="prvWriteSyncError" level="Basic" />
    <RolePrivilege name="prvWriteUserApplicationMetadata" level="Basic" />
    <RolePrivilege name="prvWriteUserEntityInstanceData" level="Basic" />
    <RolePrivilege name="prvWriteUserEntityUISettings" level="Basic" />
    <RolePrivilege name="prvWriteUserForm" level="Basic" />
    <RolePrivilege name="prvWriteUserQuery" level="Basic" />
    <RolePrivilege name="prvWriteUserQueryVisualizations" level="Basic" />
    <RolePrivilege name="prvWriteUserSettings" level="Local" />
    <RolePrivilege name="prvWriteWorkflow" level="Basic" />
    <RolePrivilege name="prvWriteWorkflowSession" level="Basic" />
  </RolePrivileges>
</Role>