﻿<?xml version="1.0" encoding="utf-8"?>
<Role id="{3eb81f31-4de9-e611-80d6-1458d0431600}" name="FO Client Access Request Owner">
  <IsCustomizable>1</IsCustomizable>
  <RolePrivileges>
    <RolePrivilege name="prvCreateSharePointData" level="Global" />
    <RolePrivilege name="prvReadnwm_clientaccessrequest" level="Global" />
    <RolePrivilege name="prvReadnwm_clientdetail" level="Basic" />
    <RolePrivilege name="prvReadPluginAssembly" level="Global" />
    <RolePrivilege name="prvReadPluginType" level="Global" />
    <RolePrivilege name="prvReadSdkMessage" level="Global" />
    <RolePrivilege name="prvReadSdkMessageProcessingStep" level="Global" />
    <RolePrivilege name="prvReadSdkMessageProcessingStepImage" level="Global" />
    <RolePrivilege name="prvReadSharePointData" level="Global" />
    <RolePrivilege name="prvReadSharePointDocument" level="Global" />
    <RolePrivilege name="prvWriteSharePointData" level="Global" />
  </RolePrivileges>
</Role>