﻿<?xml version="1.0" encoding="utf-8"?>
<Role id="{c766309e-150b-e711-80dc-3863bb358e18}" name="Public - Read">
  <IsCustomizable>1</IsCustomizable>
  <RolePrivileges>
    <RolePrivilege name="prvAddressBook" level="Global" />
    <RolePrivilege name="prvAppendCalendar" level="Local" />
    <RolePrivilege name="prvAppendMailbox" level="Basic" />
    <RolePrivilege name="prvAppendMailboxTrackingFolder" level="Basic" />
    <RolePrivilege name="prvAppendOpportunitySalesProcess" level="Global" />
    <RolePrivilege name="prvAppendPersonalDocumentTemplate" level="Basic" />
    <RolePrivilege name="prvAppendToAsyncOperation" level="Basic" />
    <RolePrivilege name="prvAppendToCalendar" level="Global" />
    <RolePrivilege name="prvAppendToEmailServerProfile" level="Global" />
    <RolePrivilege name="prvAppendToOpportunitySalesProcess" level="Global" />
    <RolePrivilege name="prvAppendToPersonalDocumentTemplate" level="Basic" />
    <RolePrivilege name="prvAppendToTransactionCurrency" level="Global" />
    <RolePrivilege name="prvAppendToUser" level="Local" />
    <RolePrivilege name="prvAppendToUserSettings" level="Local" />
    <RolePrivilege name="prvAppendToWorkflow" level="Global" />
    <RolePrivilege name="prvAppendToWorkflowSession" level="Basic" />
    <RolePrivilege name="prvAppendTransactionCurrency" level="Global" />
    <RolePrivilege name="prvAppendUser" level="Local" />
    <RolePrivilege name="prvAppendWorkflow" level="Basic" />
    <RolePrivilege name="prvAppendWorkflowSession" level="Basic" />
    <RolePrivilege name="prvAssignAsyncOperation" level="Basic" />
    <RolePrivilege name="prvAssignPersonalDocumentTemplate" level="Basic" />
    <RolePrivilege name="prvAssignWorkflow" level="Basic" />
    <RolePrivilege name="prvAssignWorkflowSession" level="Basic" />
    <RolePrivilege name="prvBrowseAvailability" level="Global" />
    <RolePrivilege name="prvBulkEdit" level="Global" />
    <RolePrivilege name="prvCreateExchangeSyncIdMapping" level="Basic" />
    <RolePrivilege name="prvCreateMailboxTrackingFolder" level="Basic" />
    <RolePrivilege name="prvCreateOpportunitySalesProcess" level="Global" />
    <RolePrivilege name="prvCreatePersonalDocumentTemplate" level="Basic" />
    <RolePrivilege name="prvCreateSharePointData" level="Global" />
    <RolePrivilege name="prvCreateUserApplicationMetadata" level="Basic" />
    <RolePrivilege name="prvCreateUserSettings" level="Local" />
    <RolePrivilege name="prvCreateWorkflow" level="Basic" />
    <RolePrivilege name="prvCreateWorkflowSession" level="Basic" />
    <RolePrivilege name="prvDeleteExchangeSyncIdMapping" level="Basic" />
    <RolePrivilege name="prvDeleteMailboxTrackingFolder" level="Basic" />
    <RolePrivilege name="prvDeleteOpportunitySalesProcess" level="Global" />
    <RolePrivilege name="prvDeletePersonalDocumentTemplate" level="Basic" />
    <RolePrivilege name="prvDeleteUserApplicationMetadata" level="Basic" />
    <RolePrivilege name="prvDeleteUserSettings" level="Local" />
    <RolePrivilege name="prvDeleteWorkflow" level="Basic" />
    <RolePrivilege name="prvDeleteWorkflowSession" level="Basic" />
    <RolePrivilege name="prvDocumentGeneration" level="Global" />
    <RolePrivilege name="prvGoMobile" level="Global" />
    <RolePrivilege name="prvGoOffline" level="Global" />
    <RolePrivilege name="prvMailMerge" level="Global" />
    <RolePrivilege name="prvMerge" level="Global" />
    <RolePrivilege name="prvPrint" level="Global" />
    <RolePrivilege name="prvReadAccount" level="Global" />
    <RolePrivilege name="prvReadActivity" level="Basic" />
    <RolePrivilege name="prvReadApplicationFile" level="Global" />
    <RolePrivilege name="prvReadAsyncOperation" level="Basic" />
    <RolePrivilege name="prvReadAttribute" level="Global" />
    <RolePrivilege name="prvReadAttributeMap" level="Global" />
    <RolePrivilege name="prvReadBusinessUnit" level="Global" />
    <RolePrivilege name="prvReadComplexControl" level="Global" />
    <RolePrivilege name="prvReadConnection" level="Global" />
    <RolePrivilege name="prvReadConnectionRole" level="Global" />
    <RolePrivilege name="prvReadContact" level="Basic" />
    <RolePrivilege name="prvReadCustomization" level="Global" />
    <RolePrivilege name="prvReadDocumentTemplate" level="Global" />
    <RolePrivilege name="prvReadEmailServerProfile" level="Global" />
    <RolePrivilege name="prvReadEntity" level="Global" />
    <RolePrivilege name="prvReadEntityKey" level="Global" />
    <RolePrivilege name="prvReadEntityMap" level="Global" />
    <RolePrivilege name="prvReadExchangeSyncIdMapping" level="Basic" />
    <RolePrivilege name="prvReadFieldSecurityProfile" level="Global" />
    <RolePrivilege name="prvReadHierarchyRule" level="Global" />
    <RolePrivilege name="prvReadLanguageLocale" level="Global" />
    <RolePrivilege name="prvReadLicense" level="Global" />
    <RolePrivilege name="prvReadMailbox" level="Basic" />
    <RolePrivilege name="prvReadMailboxTrackingFolder" level="Basic" />
    <RolePrivilege name="prvReadMobileOfflineProfile" level="Global" />
    <RolePrivilege name="prvReadmsdyn_PostAlbum" level="Global" />
    <RolePrivilege name="prvReadmsdyn_PostConfig" level="Global" />
    <RolePrivilege name="prvReadmsdyn_PostRuleConfig" level="Global" />
    <RolePrivilege name="prvReadmsdyn_wallsavedquery" level="Global" />
    <RolePrivilege name="prvReadmsdyn_wallsavedqueryusersettings" level="Basic" />
    <RolePrivilege name="prvReadNewsArticle" level="Global" />
    <RolePrivilege name="prvReadNote" level="Local" />
    <RolePrivilege name="prvReadnwm_accountpriority" level="Global" />
    <RolePrivilege name="prvReadnwm_CallReport" level="Basic" />
    <RolePrivilege name="prvReadnwm_callreportaccessuser" level="Global" />
    <RolePrivilege name="prvReadnwm_clientaccessrequest" level="Basic" />
    <RolePrivilege name="prvReadnwm_clientaccessteam" level="Global" />
    <RolePrivilege name="prvReadnwm_clientdetail" level="Basic" />
    <RolePrivilege name="prvReadnwm_Country" level="Global" />
    <RolePrivilege name="prvReadnwm_coveragerole" level="Global" />
    <RolePrivilege name="prvReadnwm_Employee" level="Global" />
    <RolePrivilege name="prvReadnwm_employee_coveragerole" level="Global" />
    <RolePrivilege name="prvReadnwm_Team" level="Global" />
    <RolePrivilege name="prvReadOpportunity" level="Basic" />
    <RolePrivilege name="prvReadOpportunitySalesProcess" level="Global" />
    <RolePrivilege name="prvReadOptionSet" level="Global" />
    <RolePrivilege name="prvReadOrganization" level="Global" />
    <RolePrivilege name="prvReadOwnCalendar" level="Global" />
    <RolePrivilege name="prvReadPersonalDocumentTemplate" level="Basic" />
    <RolePrivilege name="prvReadPluginAssembly" level="Global" />
    <RolePrivilege name="prvReadPluginType" level="Global" />
    <RolePrivilege name="prvReadPosition" level="Global" />
    <RolePrivilege name="prvReadPost" level="Global" />
    <RolePrivilege name="prvReadPostFollow" level="Global" />
    <RolePrivilege name="prvReadProduct" level="Global" />
    <RolePrivilege name="prvReadQuery" level="Global" />
    <RolePrivilege name="prvReadQueue" level="Basic" />
    <RolePrivilege name="prvReadRecordAuditHistory" level="Global" />
    <RolePrivilege name="prvReadRelationship" level="Global" />
    <RolePrivilege name="prvReadRole" level="Local" />
    <RolePrivilege name="prvReadSavedQueryVisualizations" level="Global" />
    <RolePrivilege name="prvReadSdkMessage" level="Global" />
    <RolePrivilege name="prvReadSdkMessageProcessingStep" level="Global" />
    <RolePrivilege name="prvReadSdkMessageProcessingStepImage" level="Global" />
    <RolePrivilege name="prvReadSharePointData" level="Global" />
    <RolePrivilege name="prvReadSharePointDocument" level="Global" />
    <RolePrivilege name="prvReadSocialProfile" level="Global" />
    <RolePrivilege name="prvReadSyncError" level="Basic" />
    <RolePrivilege name="prvReadSystemApplicationMetadata" level="Global" />
    <RolePrivilege name="prvReadSystemForm" level="Global" />
    <RolePrivilege name="prvReadTeam" level="Global" />
    <RolePrivilege name="prvReadTraceLog" level="Global" />
    <RolePrivilege name="prvReadTransactionCurrency" level="Global" />
    <RolePrivilege name="prvReadUser" level="Global" />
    <RolePrivilege name="prvReadUserApplicationMetadata" level="Basic" />
    <RolePrivilege name="prvReadUserEntityInstanceData" level="Basic" />
    <RolePrivilege name="prvReadUserEntityUISettings" level="Basic" />
    <RolePrivilege name="prvReadUserForm" level="Basic" />
    <RolePrivilege name="prvReadUserQuery" level="Basic" />
    <RolePrivilege name="prvReadUserQueryVisualizations" level="Basic" />
    <RolePrivilege name="prvReadUserSettings" level="Global" />
    <RolePrivilege name="prvReadWebResource" level="Global" />
    <RolePrivilege name="prvReadWebWizard" level="Global" />
    <RolePrivilege name="prvReadWizardAccessPrivilege" level="Global" />
    <RolePrivilege name="prvReadWizardPage" level="Global" />
    <RolePrivilege name="prvReadWorkflow" level="Global" />
    <RolePrivilege name="prvReadWorkflowSession" level="Global" />
    <RolePrivilege name="prvSearchAvailability" level="Global" />
    <RolePrivilege name="prvSharePersonalDocumentTemplate" level="Global" />
    <RolePrivilege name="prvShareWorkflow" level="Basic" />
    <RolePrivilege name="prvShareWorkflowSession" level="Basic" />
    <RolePrivilege name="prvSyncToOutlook" level="Global" />
    <RolePrivilege name="prvUseOfficeApps" level="Global" />
    <RolePrivilege name="prvUseTabletApp" level="Global" />
    <RolePrivilege name="prvWebMailMerge" level="Global" />
    <RolePrivilege name="prvWorkflowExecution" level="Global" />
    <RolePrivilege name="prvWriteAsyncOperation" level="Basic" />
    <RolePrivilege name="prvWriteExchangeSyncIdMapping" level="Basic" />
    <RolePrivilege name="prvWriteMailbox" level="Basic" />
    <RolePrivilege name="prvWriteMailboxTrackingFolder" level="Basic" />
    <RolePrivilege name="prvWriteOpportunitySalesProcess" level="Global" />
    <RolePrivilege name="prvWritePersonalDocumentTemplate" level="Basic" />
    <RolePrivilege name="prvWriteSharePointData" level="Global" />
    <RolePrivilege name="prvWriteUserApplicationMetadata" level="Basic" />
    <RolePrivilege name="prvWriteUserSettings" level="Local" />
    <RolePrivilege name="prvWriteWorkflow" level="Basic" />
    <RolePrivilege name="prvWriteWorkflowSession" level="Basic" />
  </RolePrivileges>
</Role>