{
  "environmentvariablevalues": {
    "environmentvariablevalue": {
      "@environmentvariablevalueid": "fa6d9e3a-f72a-ee11-bdf4-0022482b247c",
      "iscustomizable": "1",
      "value": "{   \"BusinesUnit\": \"\",   \"CaseFilters\": [     {       \"CaseType\": \"\",       \"CaseSubType\": \"\",       \"CaseDetails\": \"\",       \"days\": 10,       \"ConditionDate\": \"\"     },     {       \"CaseType\": \"\",       \"CaseSubType\": \"\",       \"CaseDetails\": \"\",       \"days\": 10,       \"ConditionDate\": \"\"     }   ] }"
    }
  }
}