<?xml version="1.0" encoding="utf-8"?>
<environmentvariabledefinition
  schemaname="rhm_RaypakAutoCaseClosureConfiguration">
  <displayname
    default="Raypak Auto Case Closure Configuration">
    <label
      description="Raypak Auto Case Closure Configuration"
      languagecode="1033" />
  </displayname>
  <introducedversion>1.0.0.0</introducedversion>
  <iscustomizable>1</iscustomizable>
  <isrequired>0</isrequired>
  <secretstore>0</secretstore>
  <type>100000003</type>
</environmentvariabledefinition>