﻿<?xml version="1.0" encoding="utf-8"?>
<systemform>
  <formid>{4b8b62c2-8e1e-479b-a371-909796d46e1e}</formid>
  <IntroducedVersion>1.0.0.0</IntroducedVersion>
  <FormPresentation>1</FormPresentation>
  <FormActivationState>1</FormActivationState>
  <form maxWidth="1900">
    <tabs>
      <tab id="{6a085cd5-5295-4a96-a03a-1ac464fc7350}" name="tab_1" showlabel="false">
        <labels>
          <label description="Tab" languagecode="1033" />
        </labels>
        <columns>
          <column width="33%">
            <sections>
              <section id="{df2f0d64-1af9-47eb-ae41-e4e40d8ac386}" name="tab_1_column_1_section_1" columns="1" showlabel="false" showbar="false" IsUserDefined="0">
                <labels>
                  <label description="section" languagecode="1033" />
                </labels>
                <rows>
                  <row>
                    <cell id="{cd5eaea6-1076-781b-5047-b38c102b8947}" showlabel="true" locklevel="0">
                      <labels>
                        <label description="Project Code" languagecode="1033" />
                      </labels>
                      <control id="rbsm_projectcode" classid="{4273EDBD-AC1D-40d3-9FB2-095C621B552D}" datafieldname="rbsm_projectcode" disabled="false" />
                    </cell>
                  </row>
                  <row>
                    <cell id="{4a4d406a-b9d6-db20-054b-06a9237ad75d}" showlabel="true" locklevel="0">
                      <labels>
                        <label description="Project Type" languagecode="1033" />
                      </labels>
                      <control id="rbsm_projecttype" classid="{3EF39988-22BB-4f0b-BBBE-64B5A3748AEE}" datafieldname="rbsm_projecttype" disabled="false" />
                    </cell>
                  </row>
                  <row>
                    <cell id="{635dbb87-6ba7-a945-43dc-7dc28012b962}" showlabel="true" locklevel="0">
                      <labels>
                        <label description="Project Name" languagecode="1033" />
                      </labels>
                      <control id="rbsm_projectname" classid="{4273EDBD-AC1D-40d3-9FB2-095C621B552D}" datafieldname="rbsm_projectname" disabled="false" />
                    </cell>
                  </row>
                </rows>
              </section>
            </sections>
          </column>
          <column width="33%">
            <sections>
              <section id="{32838bd6-4782-4c56-82b1-213eee22a2f2}" name="tab_1_column_2_section_1" columns="1" showlabel="false" showbar="false" IsUserDefined="0">
                <labels>
                  <label description="section" languagecode="1033" />
                </labels>
                <rows>
                  <row>
                    <cell id="{0f447286-f7c7-4792-b95a-3a11bb1a672c}" showlabel="false">
                      <labels>
                        <label description="" languagecode="1033" />
                      </labels>
                    </cell>
                  </row>
                </rows>
              </section>
            </sections>
          </column>
          <column width="33%">
            <sections>
              <section id="{4447bc5e-d372-4d56-a130-4b211c7354f6}" name="tab_1_column_3_section_1" columns="1" showlabel="false" showbar="false" IsUserDefined="0">
                <labels>
                  <label description="section" languagecode="1033" />
                </labels>
                <rows>
                  <row>
                    <cell id="{9172ac87-1fa1-43f3-9bdb-d73bd565baa8}" showlabel="false">
                      <labels>
                        <label description="" languagecode="1033" />
                      </labels>
                    </cell>
                  </row>
                </rows>
              </section>
            </sections>
          </column>
        </columns>
      </tab>
    </tabs>
    <DisplayConditions Order="1">
      <Role Id="{627090ff-40a3-4053-8790-584edc5be201}" />
      <Role Id="{119f245c-3cc8-4b62-b31c-d1a046ced15d}" />
    </DisplayConditions>
  </form>
  <IsCustomizable>1</IsCustomizable>
  <CanBeDeleted>1</CanBeDeleted>
  <LocalizedNames>
    <LocalizedName description="Project Quick Create" languagecode="1033" />
  </LocalizedNames>
</systemform>