﻿<?xml version="1.0" encoding="utf-8"?>
<Dashboard>
  <LocalizedNames>
    <LocalizedName description="Channels Enabler Adoption" languagecode="1033" />
  </LocalizedNames>
  <FormId>{0aa6dc6a-07d4-e511-bb31-005056ae52c3}</FormId>
  <IsCustomizable>1</IsCustomizable>
  <IsDefault>0</IsDefault>
  <FormXml>
    <forms type="dashboard">
      <form>
        <tabs>
          <tab showlabel="false" verticallayout="true" id="{0f2e6f0b-d2e6-4430-b390-f32252fbd732}" name="{0f2e6f0b-d2e6-4430-b390-f32252fbd732}" locklevel="0" expanded="true">
            <labels>
              <label description="Tab" languagecode="1033" />
            </labels>
            <columns>
              <column width="100%">
                <sections>
                  <section showlabel="false" showbar="false" columns="111" id="{3f3d877d-a247-48cd-ad6c-ddb823b8aad4}">
                    <labels>
                      <label description="Section" languagecode="1033" />
                    </labels>
                    <rows>
                      <row>
                        <cell colspan="1" rowspan="12" showlabel="false" id="{4a499396-6e06-4d99-ba3a-672db3707b89}" auto="false">
                          <labels>
                            <label description="Opportunity" languagecode="1033" />
                          </labels>
                          <control id="Component727e17a" classid="{E7A81278-8635-4d9e-8D4D-59480B391C5B}">
                            <parameters>
                              <TargetEntityType>opportunity</TargetEntityType>
                              <ChartGridMode>Chart</ChartGridMode>
                              <EnableQuickFind>false</EnableQuickFind>
                              <EnableViewPicker>false</EnableViewPicker>
                              <EnableJumpBar>false</EnableJumpBar>
                              <RecordsPerPage>10</RecordsPerPage>
                              <ViewId>{6FA0EE20-07D4-E511-BB31-005056AE52C3}</ViewId>
                              <IsUserView>false</IsUserView>
                              <ViewIds />
                              <AutoExpand>Fixed</AutoExpand>
                              <VisualizationId>{8724FF64-6594-E511-9F13-005056AE52C3}</VisualizationId>
                              <IsUserChart>false</IsUserChart>
                              <EnableChartPicker>false</EnableChartPicker>
                              <RelationshipName />
                            </parameters>
                          </control>
                        </cell>
                        <cell colspan="1" rowspan="12" showlabel="false" id="{d037dadd-e14a-4c99-8dd1-fdbd40646234}" auto="false">
                          <labels>
                            <label description="Opportunity" languagecode="1033" />
                          </labels>
                          <control id="Component82fd064" classid="{E7A81278-8635-4d9e-8D4D-59480B391C5B}">
                            <parameters>
                              <TargetEntityType>opportunity</TargetEntityType>
                              <ChartGridMode>Chart</ChartGridMode>
                              <EnableQuickFind>false</EnableQuickFind>
                              <EnableViewPicker>false</EnableViewPicker>
                              <EnableJumpBar>false</EnableJumpBar>
                              <RecordsPerPage>12</RecordsPerPage>
                              <ViewId>{6FA0EE20-07D4-E511-BB31-005056AE52C3}</ViewId>
                              <IsUserView>false</IsUserView>
                              <ViewIds>{5D95528E-18A0-E511-9F13-005056AE52C3}</ViewIds>
                              <AutoExpand>Fixed</AutoExpand>
                              <VisualizationId>{F45E562D-99E0-E511-969E-005056AE7883}</VisualizationId>
                              <IsUserChart>false</IsUserChart>
                              <EnableChartPicker>false</EnableChartPicker>
                              <RelationshipName />
                            </parameters>
                          </control>
                        </cell>
                        <cell id="{c52b3672-59e1-829d-71c8-005e244e2833}" showlabel="false" colspan="1" auto="false" rowspan="12">
                          <labels>
                            <label description="Investment Programme" languagecode="1033" />
                          </labels>
                          <control id="Component2122996" classid="{E7A81278-8635-4d9e-8D4D-59480B391C5B}">
                            <parameters>
                              <ViewId>{899D164E-B9E7-E511-969E-005056AE7883}</ViewId>
                              <IsUserView>false</IsUserView>
                              <RelationshipName />
                              <TargetEntityType>rbsm_programme</TargetEntityType>
                              <AutoExpand>Fixed</AutoExpand>
                              <EnableQuickFind>false</EnableQuickFind>
                              <EnableViewPicker>false</EnableViewPicker>
                              <ViewIds />
                              <EnableJumpBar>false</EnableJumpBar>
                              <ChartGridMode>Chart</ChartGridMode>
                              <VisualizationId>{3D6B1998-CBC5-E511-B886-005056AE52C3}</VisualizationId>
                              <IsUserChart>false</IsUserChart>
                              <EnableChartPicker>false</EnableChartPicker>
                              <RecordsPerPage>8</RecordsPerPage>
                            </parameters>
                          </control>
                        </cell>
                      </row>
                      <row></row>
                      <row></row>
                      <row></row>
                      <row></row>
                      <row></row>
                      <row></row>
                      <row></row>
                      <row></row>
                      <row></row>
                      <row></row>
                      <row></row>
                    </rows>
                  </section>
                </sections>
              </column>
            </columns>
          </tab>
          <tab showlabel="false" verticallayout="true" id="{46b68c76-7881-4893-8937-e2e76e8f00fb}" name="{46b68c76-7881-4893-8937-e2e76e8f00fb}" locklevel="0" expanded="true">
            <labels>
              <label description="Tab" languagecode="1033" />
            </labels>
            <columns>
              <column width="100%">
                <sections>
                  <section showlabel="false" showbar="false" columns="111" id="{c9afbe77-0164-4e2b-987f-406b6a5cce77}">
                    <labels>
                      <label description="Section" languagecode="1033" />
                    </labels>
                    <rows>
                      <row>
                        <cell colspan="3" rowspan="12" showlabel="false" id="{669356e4-8db4-4e8c-b046-ed1565112bf8}" auto="false">
                          <labels>
                            <label description="Opportunities" languagecode="1033" />
                          </labels>
                          <control id="Componentbe08065" classid="{E7A81278-8635-4d9e-8D4D-59480B391C5B}">
                            <parameters>
                              <TargetEntityType>opportunity</TargetEntityType>
                              <ChartGridMode>Grid</ChartGridMode>
                              <EnableQuickFind>true</EnableQuickFind>
                              <EnableViewPicker>true</EnableViewPicker>
                              <EnableJumpBar>true</EnableJumpBar>
                              <RecordsPerPage>8</RecordsPerPage>
                              <ViewId>{6FA0EE20-07D4-E511-BB31-005056AE52C3}</ViewId>
                              <IsUserView>false</IsUserView>
                              <ViewIds />
                              <AutoExpand>Fixed</AutoExpand>
                              <VisualizationId />
                              <IsUserChart>false</IsUserChart>
                              <EnableChartPicker>false</EnableChartPicker>
                              <RelationshipName />
                            </parameters>
                          </control>
                        </cell>
                      </row>
                      <row></row>
                      <row></row>
                      <row></row>
                      <row></row>
                      <row></row>
                      <row></row>
                      <row></row>
                      <row></row>
                      <row></row>
                      <row></row>
                      <row></row>
                    </rows>
                  </section>
                </sections>
              </column>
            </columns>
          </tab>
        </tabs>
      </form>
    </forms>
  </FormXml>
  <IntroducedVersion>1.0.0.0</IntroducedVersion>
</Dashboard>