﻿<?xml version="1.0" encoding="utf-8"?>
<Dashboard>
  <LocalizedNames>
    <LocalizedName description="Digital Signatures Product Dashboard" languagecode="1033" />
  </LocalizedNames>
  <FormId>{4ee2540c-061f-428d-90f4-256385050c08}</FormId>
  <IsCustomizable>1</IsCustomizable>
  <IsDefault>0</IsDefault>
  <FormXml>
    <forms type="dashboard">
      <form>
        <tabs>
          <tab showlabel="false" verticallayout="true" id="{50893f66-ffb6-49a8-9c14-67dd1b6ead31}" labelid="{c0f7f128-0b6e-4922-b4c6-5d76ba130b91}">
            <labels>
              <label description="Tab" languagecode="1033" />
            </labels>
            <columns>
              <column width="100%">
                <sections>
                  <section showlabel="false" showbar="false" columns="111" id="{fdd0acf5-16c0-46ec-98d5-eee643f8ae18}" labelid="{b99b8ad6-bf74-4941-9eda-fb3a74b4c4f9}">
                    <labels>
                      <label description="Section" languagecode="1033" />
                    </labels>
                    <rows>
                      <row>
                        <cell colspan="1" rowspan="12" showlabel="false" id="{48b7e2d0-cb1a-4711-99e2-7317a6765695}" auto="false" labelid="{1fb011ff-a369-4447-86f3-624a93cc3d80}">
                          <labels>
                            <label description="Opportunity" languagecode="1033" />
                          </labels>
                          <control id="Component84a9a7f" classid="{E7A81278-8635-4d9e-8D4D-59480B391C5B}">
                            <parameters>
                              <TargetEntityType>opportunity</TargetEntityType>
                              <ChartGridMode>Chart</ChartGridMode>
                              <EnableQuickFind>false</EnableQuickFind>
                              <EnableViewPicker>false</EnableViewPicker>
                              <EnableJumpBar>false</EnableJumpBar>
                              <RecordsPerPage>12</RecordsPerPage>
                              <ViewId>{89388A29-A73F-E611-B560-005056AE52C3}</ViewId>
                              <IsUserView>false</IsUserView>
                              <ViewIds>{AFAEA241-A53F-E611-B560-005056AE52C3},{0D3A2370-A53F-E611-B560-005056AE52C3},{B9D7398F-A53F-E611-B560-005056AE52C3},{B65BF19F-A63F-E611-B560-005056AE52C3},{A30878BF-A63F-E611-B560-005056AE52C3},{CF37740C-A73F-E611-B560-005056AE52C3},{89388A29-A73F-E611-B560-005056AE52C3},{5D95528E-18A0-E511-9F13-005056AE52C3}</ViewIds>
                              <AutoExpand>Fixed</AutoExpand>
                              <VisualizationId>{AB083306-8F3F-E611-8F24-005056AE789B}</VisualizationId>
                              <IsUserChart>false</IsUserChart>
                              <EnableChartPicker>false</EnableChartPicker>
                              <RelationshipName />
                            </parameters>
                          </control>
                        </cell>
                        <cell id="{954cca4b-49a3-ad66-13e8-b20c51a2acb0}" showlabel="false" colspan="1" auto="false" rowspan="12" labelid="{442e4c50-7572-4a3b-b690-8a139501f439}">
                          <labels>
                            <label description="Opportunity" languagecode="1033" />
                          </labels>
                          <control id="Component6367695" classid="{E7A81278-8635-4d9e-8D4D-59480B391C5B}">
                            <parameters>
                              <ViewId>{39B765A1-A43F-E611-B560-005056AE52C3}</ViewId>
                              <IsUserView>false</IsUserView>
                              <RelationshipName />
                              <TargetEntityType>opportunity</TargetEntityType>
                              <AutoExpand>Fixed</AutoExpand>
                              <EnableQuickFind>false</EnableQuickFind>
                              <EnableViewPicker>false</EnableViewPicker>
                              <ViewIds>{EB7FA998-A33F-E611-B560-005056AE52C3},{C99DA5BA-A33F-E611-B560-005056AE52C3},{2767AE11-A43F-E611-B560-005056AE52C3},{A799F9D9-A63F-E611-B560-005056AE52C3},{053BBC65-A43F-E611-B560-005056AE52C3},{39B765A1-A43F-E611-B560-005056AE52C3},{5D95528E-18A0-E511-9F13-005056AE52C3}</ViewIds>
                              <EnableJumpBar>false</EnableJumpBar>
                              <ChartGridMode>Chart</ChartGridMode>
                              <VisualizationId>{8724FF64-6594-E511-9F13-005056AE52C3}</VisualizationId>
                              <IsUserChart>false</IsUserChart>
                              <EnableChartPicker>false</EnableChartPicker>
                              <RecordsPerPage>12</RecordsPerPage>
                            </parameters>
                          </control>
                        </cell>
                        <cell id="{06283c1d-ecd7-46e7-9269-bb092b6cb82c}" showlabel="false" colspan="1" auto="false" rowspan="12" labelid="{891f20e9-9074-4b6f-a8e5-90dccd1befaa}">
                          <labels>
                            <label description="Opportunity" languagecode="1033" />
                          </labels>
                          <control id="Component9715087" classid="{E7A81278-8635-4d9e-8D4D-59480B391C5B}">
                            <parameters>
                              <ViewId>{39B765A1-A43F-E611-B560-005056AE52C3}</ViewId>
                              <IsUserView>false</IsUserView>
                              <RelationshipName />
                              <TargetEntityType>opportunity</TargetEntityType>
                              <AutoExpand>Fixed</AutoExpand>
                              <EnableQuickFind>false</EnableQuickFind>
                              <EnableViewPicker>false</EnableViewPicker>
                              <ViewIds>{EB7FA998-A33F-E611-B560-005056AE52C3},{C99DA5BA-A33F-E611-B560-005056AE52C3},{2767AE11-A43F-E611-B560-005056AE52C3},{A799F9D9-A63F-E611-B560-005056AE52C3},{053BBC65-A43F-E611-B560-005056AE52C3},{39B765A1-A43F-E611-B560-005056AE52C3},{5D95528E-18A0-E511-9F13-005056AE52C3}</ViewIds>
                              <EnableJumpBar>false</EnableJumpBar>
                              <ChartGridMode>Chart</ChartGridMode>
                              <VisualizationId>{13B090A0-A83F-E611-B560-005056AE52C3}</VisualizationId>
                              <IsUserChart>false</IsUserChart>
                              <EnableChartPicker>false</EnableChartPicker>
                              <RecordsPerPage>12</RecordsPerPage>
                            </parameters>
                          </control>
                        </cell>
                      </row>
                      <row></row>
                      <row></row>
                      <row></row>
                      <row></row>
                      <row></row>
                      <row></row>
                      <row></row>
                      <row></row>
                      <row></row>
                      <row></row>
                      <row></row>
                      <row>
                        <cell colspan="1" rowspan="12" showlabel="false" id="{16e99851-4664-443d-8c6b-d978e544ad44}" auto="false" labelid="{fe4ed25e-2075-48ba-b318-58cde156fbc5}">
                          <labels>
                            <label description="Opportunity" languagecode="1033" />
                          </labels>
                          <control id="Component68d9fca" classid="{E7A81278-8635-4d9e-8D4D-59480B391C5B}">
                            <parameters>
                              <TargetEntityType>opportunity</TargetEntityType>
                              <ChartGridMode>Chart</ChartGridMode>
                              <EnableQuickFind>false</EnableQuickFind>
                              <EnableViewPicker>false</EnableViewPicker>
                              <EnableJumpBar>false</EnableJumpBar>
                              <RecordsPerPage>12</RecordsPerPage>
                              <ViewId>{DD30EF9D-A23F-E611-B560-005056AE52C3}</ViewId>
                              <IsUserView>false</IsUserView>
                              <ViewIds>{8DD61CB9-A03F-E611-B560-005056AE52C3},{35EA2987-A13F-E611-B560-005056AE52C3},{D97ECEB2-A13F-E611-B560-005056AE52C3},{91E99028-A23F-E611-B560-005056AE52C3},{B150BAF0-A63F-E611-B560-005056AE52C3},{C19AB768-A23F-E611-B560-005056AE52C3},{DD30EF9D-A23F-E611-B560-005056AE52C3},{5D95528E-18A0-E511-9F13-005056AE52C3}</ViewIds>
                              <AutoExpand>Fixed</AutoExpand>
                              <VisualizationId>{1DE52773-98E0-E511-969E-005056AE7883}</VisualizationId>
                              <IsUserChart>false</IsUserChart>
                              <EnableChartPicker>false</EnableChartPicker>
                              <RelationshipName />
                            </parameters>
                          </control>
                        </cell>
                        <cell colspan="1" rowspan="12" showlabel="false" id="{164d1772-4461-44ae-9ad0-e3c363cfa61c}" auto="false" labelid="{4af6b89c-0933-4211-b411-7f54a45cb936}">
                          <labels>
                            <label description="Opportunity" languagecode="1033" />
                          </labels>
                          <control id="Componentdf7b3d2" classid="{E7A81278-8635-4d9e-8D4D-59480B391C5B}">
                            <parameters>
                              <TargetEntityType>opportunity</TargetEntityType>
                              <ChartGridMode>Chart</ChartGridMode>
                              <EnableQuickFind>false</EnableQuickFind>
                              <EnableViewPicker>false</EnableViewPicker>
                              <EnableJumpBar>false</EnableJumpBar>
                              <RecordsPerPage>12</RecordsPerPage>
                              <ViewId>{DD30EF9D-A23F-E611-B560-005056AE52C3}</ViewId>
                              <IsUserView>false</IsUserView>
                              <ViewIds>{8DD61CB9-A03F-E611-B560-005056AE52C3},{35EA2987-A13F-E611-B560-005056AE52C3},{D97ECEB2-A13F-E611-B560-005056AE52C3},{91E99028-A23F-E611-B560-005056AE52C3},{B150BAF0-A63F-E611-B560-005056AE52C3},{C19AB768-A23F-E611-B560-005056AE52C3},{DD30EF9D-A23F-E611-B560-005056AE52C3},{5D95528E-18A0-E511-9F13-005056AE52C3}</ViewIds>
                              <AutoExpand>Fixed</AutoExpand>
                              <VisualizationId>{8724FF64-6594-E511-9F13-005056AE52C3}</VisualizationId>
                              <IsUserChart>false</IsUserChart>
                              <EnableChartPicker>false</EnableChartPicker>
                              <RelationshipName />
                            </parameters>
                          </control>
                        </cell>
                        <cell id="{cbdc3914-8ede-97a4-3379-678244d7cc77}" showlabel="false" labelid="{da2b521b-9e63-4883-943c-680f4823f68a}">
                          <labels>
                            <label description="" languagecode="1033" />
                          </labels>
                        </cell>
                      </row>
                      <row>
                        <cell id="{b2b7c4cb-c5ed-1949-047b-36d1be63d729}" showlabel="false" labelid="{582e6238-fb93-4520-875c-cf104e49f961}">
                          <labels>
                            <label description="" languagecode="1033" />
                          </labels>
                        </cell>
                      </row>
                      <row>
                        <cell id="{a7491301-1516-168b-545b-a40e0127eed8}" showlabel="false" labelid="{1043052f-0fe4-4825-88f2-8fbd7dd005cf}">
                          <labels>
                            <label description="" languagecode="1033" />
                          </labels>
                        </cell>
                      </row>
                      <row>
                        <cell id="{9b84545e-7028-0e8b-d3c1-4c55eebbbc8d}" showlabel="false" labelid="{fdb28b19-90a9-4139-ab56-698bc6649552}">
                          <labels>
                            <label description="" languagecode="1033" />
                          </labels>
                        </cell>
                      </row>
                      <row>
                        <cell id="{1b736ed6-3e8b-869e-e0c2-b996158996e3}" showlabel="false" labelid="{b4a61d39-19bd-4ee4-9a82-9cc84198143b}">
                          <labels>
                            <label description="" languagecode="1033" />
                          </labels>
                        </cell>
                      </row>
                      <row>
                        <cell id="{0a7cc0b1-d042-6bbe-272c-2117d6a0571b}" showlabel="false" labelid="{b76b0fe6-b7a9-42c5-a5b5-b61bf7c9e317}">
                          <labels>
                            <label description="" languagecode="1033" />
                          </labels>
                        </cell>
                      </row>
                      <row>
                        <cell id="{88285976-3141-e114-7dd8-2ec86d47d51e}" showlabel="false" labelid="{80f2cd53-249c-462c-9f72-7e651c91a692}">
                          <labels>
                            <label description="" languagecode="1033" />
                          </labels>
                        </cell>
                      </row>
                      <row>
                        <cell id="{bc97d341-20db-cd9d-252d-0ded6de6b0b5}" showlabel="false" labelid="{f303feeb-fc13-427b-ba5f-f86558b63145}">
                          <labels>
                            <label description="" languagecode="1033" />
                          </labels>
                        </cell>
                      </row>
                      <row>
                        <cell id="{163a18a5-23e0-a57b-402a-cc95aa63ba33}" showlabel="false" labelid="{3d190f21-1151-42ee-ab0c-fcde8f1360c6}">
                          <labels>
                            <label description="" languagecode="1033" />
                          </labels>
                        </cell>
                      </row>
                      <row>
                        <cell id="{203593c6-2565-1b6e-391b-d20b1d5bb568}" showlabel="false" labelid="{e13c1901-5226-48d5-b28f-6e93b694f8dd}">
                          <labels>
                            <label description="" languagecode="1033" />
                          </labels>
                        </cell>
                      </row>
                      <row>
                        <cell id="{b7ee22b5-b456-7edd-4ac7-cce65408ce56}" showlabel="false" labelid="{5924fed0-e592-47ca-9d83-f291d62f0a12}">
                          <labels>
                            <label description="" languagecode="1033" />
                          </labels>
                        </cell>
                      </row>
                      <row>
                        <cell id="{6d1e4dba-3384-5731-288e-5a5cb7d4023d}" showlabel="false" labelid="{028439fc-17dd-4590-994a-a7299ca7ee60}">
                          <labels>
                            <label description="" languagecode="1033" />
                          </labels>
                        </cell>
                      </row>
                    </rows>
                  </section>
                </sections>
              </column>
            </columns>
          </tab>
        </tabs>
      </form>
    </forms>
  </FormXml>
  <IntroducedVersion>1.0.1.0</IntroducedVersion>
</Dashboard>