﻿<?xml version="1.0" encoding="utf-8"?>
<Dashboard>
  <LocalizedNames>
    <LocalizedName description="Process Enabler Dashboard" languagecode="1033" />
  </LocalizedNames>
  <FormId>{8ba908f9-5446-4eec-8906-f3e59bbae775}</FormId>
  <IsCustomizable>1</IsCustomizable>
  <IsDefault>0</IsDefault>
  <FormXml>
    <forms type="dashboard">
      <form>
        <tabs>
          <tab showlabel="false" verticallayout="true" id="{50893f66-ffb6-49a8-9c14-67dd1b6ead31}" labelid="{9e61688f-e697-4392-92d0-25d001ce2ec8}">
            <labels>
              <label description="Tab" languagecode="1033" />
            </labels>
            <columns>
              <column width="100%">
                <sections>
                  <section showlabel="false" showbar="false" columns="111" id="{fdd0acf5-16c0-46ec-98d5-eee643f8ae18}" labelid="{71b986c5-ac46-4f5c-af49-b79c6ffbfd53}">
                    <labels>
                      <label description="Section" languagecode="1033" />
                    </labels>
                    <rows>
                      <row>
                        <cell colspan="1" rowspan="12" showlabel="false" id="{48b7e2d0-cb1a-4711-99e2-7317a6765695}" auto="false" labelid="{53e15510-264c-4d85-87e1-84494d7d50d8}">
                          <labels>
                            <label description="Opportunity" languagecode="1033" />
                          </labels>
                          <control id="Component84a9a7f" classid="{E7A81278-8635-4d9e-8D4D-59480B391C5B}">
                            <parameters>
                              <TargetEntityType>opportunity</TargetEntityType>
                              <ChartGridMode>Chart</ChartGridMode>
                              <EnableQuickFind>false</EnableQuickFind>
                              <EnableViewPicker>false</EnableViewPicker>
                              <EnableJumpBar>false</EnableJumpBar>
                              <RecordsPerPage>12</RecordsPerPage>
                              <ViewId>{29011694-A73F-E611-B560-005056AE52C3}</ViewId>
                              <IsUserView>false</IsUserView>
                              <ViewIds>{B9D7398F-A53F-E611-B560-005056AE52C3},{29129946-A73F-E611-B560-005056AE52C3},{5D95528E-18A0-E511-9F13-005056AE52C3},{29011694-A73F-E611-B560-005056AE52C3}</ViewIds>
                              <AutoExpand>Fixed</AutoExpand>
                              <VisualizationId>{AB083306-8F3F-E611-8F24-005056AE789B}</VisualizationId>
                              <IsUserChart>false</IsUserChart>
                              <EnableChartPicker>false</EnableChartPicker>
                              <RelationshipName />
                            </parameters>
                          </control>
                        </cell>
                        <cell id="{954cca4b-49a3-ad66-13e8-b20c51a2acb0}" showlabel="false" colspan="1" auto="false" rowspan="12" labelid="{7ce2c0e4-2e97-4001-b9f7-2bfdb6fe71e0}">
                          <labels>
                            <label description="Opportunity" languagecode="1033" />
                          </labels>
                          <control id="Component6367695" classid="{E7A81278-8635-4d9e-8D4D-59480B391C5B}">
                            <parameters>
                              <ViewId>{73FF721E-A53F-E611-B560-005056AE52C3}</ViewId>
                              <IsUserView>false</IsUserView>
                              <RelationshipName />
                              <TargetEntityType>opportunity</TargetEntityType>
                              <AutoExpand>Fixed</AutoExpand>
                              <EnableQuickFind>false</EnableQuickFind>
                              <EnableViewPicker>false</EnableViewPicker>
                              <ViewIds>{FB529EC2-A43F-E611-B560-005056AE52C3},{110BCB86-2DA3-E511-9F13-005056AE52C3},{5D95528E-18A0-E511-9F13-005056AE52C3},{73FF721E-A53F-E611-B560-005056AE52C3}</ViewIds>
                              <EnableJumpBar>false</EnableJumpBar>
                              <ChartGridMode>Chart</ChartGridMode>
                              <VisualizationId>{8724FF64-6594-E511-9F13-005056AE52C3}</VisualizationId>
                              <IsUserChart>false</IsUserChart>
                              <EnableChartPicker>false</EnableChartPicker>
                              <RecordsPerPage>12</RecordsPerPage>
                            </parameters>
                          </control>
                        </cell>
                        <cell id="{06283c1d-ecd7-46e7-9269-bb092b6cb82c}" showlabel="false" colspan="1" auto="false" rowspan="12" labelid="{a35fae6a-4dc3-4448-82d1-0ccfe295a814}">
                          <labels>
                            <label description="Opportunity" languagecode="1033" />
                          </labels>
                          <control id="Component9715087" classid="{E7A81278-8635-4d9e-8D4D-59480B391C5B}">
                            <parameters>
                              <ViewId>{73FF721E-A53F-E611-B560-005056AE52C3}</ViewId>
                              <IsUserView>false</IsUserView>
                              <RelationshipName />
                              <TargetEntityType>opportunity</TargetEntityType>
                              <AutoExpand>Fixed</AutoExpand>
                              <EnableQuickFind>false</EnableQuickFind>
                              <EnableViewPicker>false</EnableViewPicker>
                              <ViewIds>{FB529EC2-A43F-E611-B560-005056AE52C3},{5D95528E-18A0-E511-9F13-005056AE52C3},{73FF721E-A53F-E611-B560-005056AE52C3}</ViewIds>
                              <EnableJumpBar>false</EnableJumpBar>
                              <ChartGridMode>Chart</ChartGridMode>
                              <VisualizationId>{13B090A0-A83F-E611-B560-005056AE52C3}</VisualizationId>
                              <IsUserChart>false</IsUserChart>
                              <EnableChartPicker>false</EnableChartPicker>
                              <RecordsPerPage>12</RecordsPerPage>
                            </parameters>
                          </control>
                        </cell>
                      </row>
                      <row />
                      <row />
                      <row />
                      <row />
                      <row />
                      <row />
                      <row />
                      <row />
                      <row />
                      <row />
                      <row />
                      <row>
                        <cell colspan="1" rowspan="12" showlabel="false" id="{16e99851-4664-443d-8c6b-d978e544ad44}" auto="false" labelid="{ce3bf450-6274-4e6a-8b71-02e3e7b5a984}">
                          <labels>
                            <label description="Opportunity" languagecode="1033" />
                          </labels>
                          <control id="Component68d9fca" classid="{E7A81278-8635-4d9e-8D4D-59480B391C5B}">
                            <parameters>
                              <TargetEntityType>opportunity</TargetEntityType>
                              <ChartGridMode>Chart</ChartGridMode>
                              <EnableQuickFind>false</EnableQuickFind>
                              <EnableViewPicker>false</EnableViewPicker>
                              <EnableJumpBar>false</EnableJumpBar>
                              <RecordsPerPage>12</RecordsPerPage>
                              <ViewId>{1985AD40-A33F-E611-B560-005056AE52C3}</ViewId>
                              <IsUserView>false</IsUserView>
                              <ViewIds>{D97ECEB2-A13F-E611-B560-005056AE52C3},{57F0BDB7-A23F-E611-B560-005056AE52C3},{5D95528E-18A0-E511-9F13-005056AE52C3},{1985AD40-A33F-E611-B560-005056AE52C3}</ViewIds>
                              <AutoExpand>Fixed</AutoExpand>
                              <VisualizationId>{1DE52773-98E0-E511-969E-005056AE7883}</VisualizationId>
                              <IsUserChart>false</IsUserChart>
                              <EnableChartPicker>false</EnableChartPicker>
                              <RelationshipName />
                            </parameters>
                          </control>
                        </cell>
                        <cell colspan="1" rowspan="12" showlabel="false" id="{164d1772-4461-44ae-9ad0-e3c363cfa61c}" auto="false" labelid="{21cff9e2-7c90-4016-85fa-385c565d7796}">
                          <labels>
                            <label description="Opportunity" languagecode="1033" />
                          </labels>
                          <control id="Componentdf7b3d2" classid="{E7A81278-8635-4d9e-8D4D-59480B391C5B}">
                            <parameters>
                              <TargetEntityType>opportunity</TargetEntityType>
                              <ChartGridMode>Chart</ChartGridMode>
                              <EnableQuickFind>false</EnableQuickFind>
                              <EnableViewPicker>false</EnableViewPicker>
                              <EnableJumpBar>false</EnableJumpBar>
                              <RecordsPerPage>12</RecordsPerPage>
                              <ViewId>{1985AD40-A33F-E611-B560-005056AE52C3}</ViewId>
                              <IsUserView>false</IsUserView>
                              <ViewIds>{D97ECEB2-A13F-E611-B560-005056AE52C3},{57F0BDB7-A23F-E611-B560-005056AE52C3},{5D95528E-18A0-E511-9F13-005056AE52C3},{1985AD40-A33F-E611-B560-005056AE52C3}</ViewIds>
                              <AutoExpand>Fixed</AutoExpand>
                              <VisualizationId>{8724FF64-6594-E511-9F13-005056AE52C3}</VisualizationId>
                              <IsUserChart>false</IsUserChart>
                              <EnableChartPicker>false</EnableChartPicker>
                              <RelationshipName />
                            </parameters>
                          </control>
                        </cell>
                        <cell id="{7c9867e0-7757-22c5-beee-7b49572b9950}" showlabel="false" colspan="1" auto="false" rowspan="12" labelid="{50d8b22b-03e9-4fb6-b38b-1addabe0a8c1}">
                          <labels>
                            <label description="Opportunities" languagecode="1033" />
                          </labels>
                          <control id="Component5328154" classid="{E7A81278-8635-4d9e-8D4D-59480B391C5B}">
                            <parameters>
                              <ViewId>{BD08E9E0-AA3F-E611-B560-005056AE52C3}</ViewId>
                              <IsUserView>false</IsUserView>
                              <RelationshipName />
                              <TargetEntityType>opportunity</TargetEntityType>
                              <AutoExpand>Fixed</AutoExpand>
                              <EnableQuickFind>false</EnableQuickFind>
                              <EnableViewPicker>false</EnableViewPicker>
                              <ViewIds>{5D95528E-18A0-E511-9F13-005056AE52C3},{BD08E9E0-AA3F-E611-B560-005056AE52C3}</ViewIds>
                              <EnableJumpBar>false</EnableJumpBar>
                              <ChartGridMode>Grid</ChartGridMode>
                              <VisualizationId>{8BC5FB18-48F2-4782-9E16-3D452FA4DDCE}</VisualizationId>
                              <IsUserChart>false</IsUserChart>
                              <EnableChartPicker>false</EnableChartPicker>
                              <RecordsPerPage>12</RecordsPerPage>
                            </parameters>
                          </control>
                        </cell>
                      </row>
                      <row />
                      <row />
                      <row />
                      <row />
                      <row />
                      <row />
                      <row />
                      <row />
                      <row />
                      <row />
                      <row />
                    </rows>
                  </section>
                </sections>
              </column>
            </columns>
          </tab>
        </tabs>
      </form>
    </forms>
  </FormXml>
  <IntroducedVersion>1.0.1.0</IntroducedVersion>
</Dashboard>