﻿<?xml version="1.0" encoding="utf-8"?>
<Dashboard>
  <LocalizedNames>
    <LocalizedName description="Developer Product Dashboard" languagecode="1033" />
  </LocalizedNames>
  <FormId>{9838d165-62f8-44c7-a80c-8e942817c412}</FormId>
  <IsCustomizable>1</IsCustomizable>
  <IsDefault>0</IsDefault>
  <FormXml>
    <forms type="dashboard">
      <form>
        <tabs>
          <tab showlabel="false" verticallayout="true" id="{50893f66-ffb6-49a8-9c14-67dd1b6ead31}" labelid="{ddd3d43b-4ff3-46c9-9390-e47137c8ffdd}">
            <labels>
              <label description="Tab" languagecode="1033" />
            </labels>
            <columns>
              <column width="100%">
                <sections>
                  <section showlabel="false" showbar="false" columns="111" id="{fdd0acf5-16c0-46ec-98d5-eee643f8ae18}" labelid="{f2af6414-5855-48ba-b8ba-33388ad19a12}">
                    <labels>
                      <label description="Section" languagecode="1033" />
                    </labels>
                    <rows>
                      <row>
                        <cell colspan="1" rowspan="12" showlabel="false" id="{48b7e2d0-cb1a-4711-99e2-7317a6765695}" auto="false" labelid="{d9a16a97-4d21-44b9-8e06-9a1a543ba89d}">
                          <labels>
                            <label description="Opportunity" languagecode="1033" />
                          </labels>
                          <control id="Component84a9a7f" classid="{E7A81278-8635-4d9e-8D4D-59480B391C5B}">
                            <parameters>
                              <TargetEntityType>opportunity</TargetEntityType>
                              <ChartGridMode>Chart</ChartGridMode>
                              <EnableQuickFind>false</EnableQuickFind>
                              <EnableViewPicker>false</EnableViewPicker>
                              <EnableJumpBar>false</EnableJumpBar>
                              <RecordsPerPage>12</RecordsPerPage>
                              <ViewId>{A30878BF-A63F-E611-B560-005056AE52C3}</ViewId>
                              <IsUserView>false</IsUserView>
                              <ViewIds>{AFAEA241-A53F-E611-B560-005056AE52C3},{0D3A2370-A53F-E611-B560-005056AE52C3},{B9D7398F-A53F-E611-B560-005056AE52C3},{B65BF19F-A63F-E611-B560-005056AE52C3},{A30878BF-A63F-E611-B560-005056AE52C3},{5D95528E-18A0-E511-9F13-005056AE52C3}</ViewIds>
                              <AutoExpand>Fixed</AutoExpand>
                              <VisualizationId>{AB083306-8F3F-E611-8F24-005056AE789B}</VisualizationId>
                              <IsUserChart>false</IsUserChart>
                              <EnableChartPicker>false</EnableChartPicker>
                              <RelationshipName />
                            </parameters>
                          </control>
                        </cell>
                        <cell id="{954cca4b-49a3-ad66-13e8-b20c51a2acb0}" showlabel="false" colspan="1" auto="false" rowspan="12" labelid="{48e9cf52-1054-4c28-b2c5-61362b98a09a}">
                          <labels>
                            <label description="Opportunity" languagecode="1033" />
                          </labels>
                          <control id="Component6367695" classid="{E7A81278-8635-4d9e-8D4D-59480B391C5B}">
                            <parameters>
                              <ViewId>{A799F9D9-A63F-E611-B560-005056AE52C3}</ViewId>
                              <IsUserView>false</IsUserView>
                              <RelationshipName />
                              <TargetEntityType>opportunity</TargetEntityType>
                              <AutoExpand>Fixed</AutoExpand>
                              <EnableQuickFind>false</EnableQuickFind>
                              <EnableViewPicker>false</EnableViewPicker>
                              <ViewIds>{EB7FA998-A33F-E611-B560-005056AE52C3},{C99DA5BA-A33F-E611-B560-005056AE52C3},{2767AE11-A43F-E611-B560-005056AE52C3},{A799F9D9-A63F-E611-B560-005056AE52C3},{5D95528E-18A0-E511-9F13-005056AE52C3}</ViewIds>
                              <EnableJumpBar>false</EnableJumpBar>
                              <ChartGridMode>Chart</ChartGridMode>
                              <VisualizationId>{8724FF64-6594-E511-9F13-005056AE52C3}</VisualizationId>
                              <IsUserChart>false</IsUserChart>
                              <EnableChartPicker>false</EnableChartPicker>
                              <RecordsPerPage>12</RecordsPerPage>
                            </parameters>
                          </control>
                        </cell>
                        <cell id="{06283c1d-ecd7-46e7-9269-bb092b6cb82c}" showlabel="false" colspan="1" auto="false" rowspan="12" labelid="{4057bf92-396c-4990-ad7a-6ff6966833ca}">
                          <labels>
                            <label description="Opportunity" languagecode="1033" />
                          </labels>
                          <control id="Component9715087" classid="{E7A81278-8635-4d9e-8D4D-59480B391C5B}">
                            <parameters>
                              <ViewId>{A799F9D9-A63F-E611-B560-005056AE52C3}</ViewId>
                              <IsUserView>false</IsUserView>
                              <RelationshipName />
                              <TargetEntityType>opportunity</TargetEntityType>
                              <AutoExpand>Fixed</AutoExpand>
                              <EnableQuickFind>false</EnableQuickFind>
                              <EnableViewPicker>false</EnableViewPicker>
                              <ViewIds>{EB7FA998-A33F-E611-B560-005056AE52C3},{C99DA5BA-A33F-E611-B560-005056AE52C3},{2767AE11-A43F-E611-B560-005056AE52C3},{A799F9D9-A63F-E611-B560-005056AE52C3},{5D95528E-18A0-E511-9F13-005056AE52C3}</ViewIds>
                              <EnableJumpBar>false</EnableJumpBar>
                              <ChartGridMode>Chart</ChartGridMode>
                              <VisualizationId>{13B090A0-A83F-E611-B560-005056AE52C3}</VisualizationId>
                              <IsUserChart>false</IsUserChart>
                              <EnableChartPicker>false</EnableChartPicker>
                              <RecordsPerPage>12</RecordsPerPage>
                            </parameters>
                          </control>
                        </cell>
                      </row>
                      <row />
                      <row />
                      <row />
                      <row />
                      <row />
                      <row />
                      <row />
                      <row />
                      <row />
                      <row />
                      <row />
                      <row>
                        <cell colspan="1" rowspan="12" showlabel="false" id="{16e99851-4664-443d-8c6b-d978e544ad44}" auto="false" labelid="{e30e9541-18d5-4ce3-8156-d3359c025c85}">
                          <labels>
                            <label description="Opportunity" languagecode="1033" />
                          </labels>
                          <control id="Component68d9fca" classid="{E7A81278-8635-4d9e-8D4D-59480B391C5B}">
                            <parameters>
                              <TargetEntityType>opportunity</TargetEntityType>
                              <ChartGridMode>Chart</ChartGridMode>
                              <EnableQuickFind>false</EnableQuickFind>
                              <EnableViewPicker>false</EnableViewPicker>
                              <EnableJumpBar>false</EnableJumpBar>
                              <RecordsPerPage>12</RecordsPerPage>
                              <ViewId>{B150BAF0-A63F-E611-B560-005056AE52C3}</ViewId>
                              <IsUserView>false</IsUserView>
                              <ViewIds>{8DD61CB9-A03F-E611-B560-005056AE52C3},{35EA2987-A13F-E611-B560-005056AE52C3},{D97ECEB2-A13F-E611-B560-005056AE52C3},{91E99028-A23F-E611-B560-005056AE52C3},{B150BAF0-A63F-E611-B560-005056AE52C3},{5D95528E-18A0-E511-9F13-005056AE52C3}</ViewIds>
                              <AutoExpand>Fixed</AutoExpand>
                              <VisualizationId>{1DE52773-98E0-E511-969E-005056AE7883}</VisualizationId>
                              <IsUserChart>false</IsUserChart>
                              <EnableChartPicker>false</EnableChartPicker>
                              <RelationshipName />
                            </parameters>
                          </control>
                        </cell>
                        <cell colspan="1" rowspan="12" showlabel="false" id="{164d1772-4461-44ae-9ad0-e3c363cfa61c}" auto="false" labelid="{05ead267-662f-4214-ba56-b9742d8c23c1}">
                          <labels>
                            <label description="Opportunity" languagecode="1033" />
                          </labels>
                          <control id="Componentdf7b3d2" classid="{E7A81278-8635-4d9e-8D4D-59480B391C5B}">
                            <parameters>
                              <TargetEntityType>opportunity</TargetEntityType>
                              <ChartGridMode>Chart</ChartGridMode>
                              <EnableQuickFind>false</EnableQuickFind>
                              <EnableViewPicker>false</EnableViewPicker>
                              <EnableJumpBar>false</EnableJumpBar>
                              <RecordsPerPage>12</RecordsPerPage>
                              <ViewId>{B150BAF0-A63F-E611-B560-005056AE52C3}</ViewId>
                              <IsUserView>false</IsUserView>
                              <ViewIds>{8DD61CB9-A03F-E611-B560-005056AE52C3},{35EA2987-A13F-E611-B560-005056AE52C3},{D97ECEB2-A13F-E611-B560-005056AE52C3},{91E99028-A23F-E611-B560-005056AE52C3},{B150BAF0-A63F-E611-B560-005056AE52C3},{5D95528E-18A0-E511-9F13-005056AE52C3}</ViewIds>
                              <AutoExpand>Fixed</AutoExpand>
                              <VisualizationId>{8724FF64-6594-E511-9F13-005056AE52C3}</VisualizationId>
                              <IsUserChart>false</IsUserChart>
                              <EnableChartPicker>false</EnableChartPicker>
                              <RelationshipName />
                            </parameters>
                          </control>
                        </cell>
                        <cell id="{cbdc3914-8ede-97a4-3379-678244d7cc77}" showlabel="false" labelid="{fe51c7c9-8ae0-4cf5-b976-5d1c9d903e5a}">
                          <labels>
                            <label description="" languagecode="1033" />
                          </labels>
                        </cell>
                      </row>
                      <row>
                        <cell id="{b2b7c4cb-c5ed-1949-047b-36d1be63d729}" showlabel="false" labelid="{acf1a511-5635-44c8-8bff-000473167e71}">
                          <labels>
                            <label description="" languagecode="1033" />
                          </labels>
                        </cell>
                      </row>
                      <row>
                        <cell id="{a7491301-1516-168b-545b-a40e0127eed8}" showlabel="false" labelid="{b938568c-9276-4421-9911-e7f70f1d71c4}">
                          <labels>
                            <label description="" languagecode="1033" />
                          </labels>
                        </cell>
                      </row>
                      <row>
                        <cell id="{9b84545e-7028-0e8b-d3c1-4c55eebbbc8d}" showlabel="false" labelid="{29e58b68-61fd-4830-ba41-9617a9a2312d}">
                          <labels>
                            <label description="" languagecode="1033" />
                          </labels>
                        </cell>
                      </row>
                      <row>
                        <cell id="{1b736ed6-3e8b-869e-e0c2-b996158996e3}" showlabel="false" labelid="{a22fedea-7cb3-422f-8efc-7761b202ac23}">
                          <labels>
                            <label description="" languagecode="1033" />
                          </labels>
                        </cell>
                      </row>
                      <row>
                        <cell id="{0a7cc0b1-d042-6bbe-272c-2117d6a0571b}" showlabel="false" labelid="{4b6d901b-d832-4a24-93ce-bfc8409a9229}">
                          <labels>
                            <label description="" languagecode="1033" />
                          </labels>
                        </cell>
                      </row>
                      <row>
                        <cell id="{88285976-3141-e114-7dd8-2ec86d47d51e}" showlabel="false" labelid="{da3e2321-291b-4a57-8043-d2673dd99f48}">
                          <labels>
                            <label description="" languagecode="1033" />
                          </labels>
                        </cell>
                      </row>
                      <row>
                        <cell id="{bc97d341-20db-cd9d-252d-0ded6de6b0b5}" showlabel="false" labelid="{a01b7c3f-5da5-4587-bc65-770b830e2c80}">
                          <labels>
                            <label description="" languagecode="1033" />
                          </labels>
                        </cell>
                      </row>
                      <row>
                        <cell id="{163a18a5-23e0-a57b-402a-cc95aa63ba33}" showlabel="false" labelid="{abd0e4af-600e-4ab4-91ae-fa44e3f64b15}">
                          <labels>
                            <label description="" languagecode="1033" />
                          </labels>
                        </cell>
                      </row>
                      <row>
                        <cell id="{203593c6-2565-1b6e-391b-d20b1d5bb568}" showlabel="false" labelid="{2ab2bdd2-f318-4584-93b0-66ba29013a9b}">
                          <labels>
                            <label description="" languagecode="1033" />
                          </labels>
                        </cell>
                      </row>
                      <row>
                        <cell id="{b7ee22b5-b456-7edd-4ac7-cce65408ce56}" showlabel="false" labelid="{3d843925-5105-4a19-84bd-cbc0fb44b5ea}">
                          <labels>
                            <label description="" languagecode="1033" />
                          </labels>
                        </cell>
                      </row>
                      <row>
                        <cell id="{6d1e4dba-3384-5731-288e-5a5cb7d4023d}" showlabel="false" labelid="{ef2fdd27-c6bd-4e81-9954-024fe2f96822}">
                          <labels>
                            <label description="" languagecode="1033" />
                          </labels>
                        </cell>
                      </row>
                    </rows>
                  </section>
                </sections>
              </column>
            </columns>
          </tab>
        </tabs>
      </form>
    </forms>
  </FormXml>
  <IntroducedVersion>1.0.1.0</IntroducedVersion>
</Dashboard>