﻿<?xml version="1.0" encoding="utf-8"?>
<Dashboard>
  <LocalizedNames>
    <LocalizedName description="Piccadilly Product Dashboard" languagecode="1033" />
  </LocalizedNames>
  <FormId>{9d7653a0-7d8c-46c9-b1f1-4dd212868306}</FormId>
  <IsCustomizable>1</IsCustomizable>
  <IsDefault>0</IsDefault>
  <FormXml>
    <forms type="dashboard">
      <form>
        <tabs>
          <tab showlabel="false" verticallayout="true" id="{50893f66-ffb6-49a8-9c14-67dd1b6ead31}" labelid="{174bcbbe-99d7-4b86-967b-e9671635e1c0}">
            <labels>
              <label description="Tab" languagecode="1033" />
            </labels>
            <columns>
              <column width="100%">
                <sections>
                  <section showlabel="false" showbar="false" columns="111" id="{fdd0acf5-16c0-46ec-98d5-eee643f8ae18}" labelid="{0780eb6c-2fc0-447e-96ae-17c48fcf264d}">
                    <labels>
                      <label description="Section" languagecode="1033" />
                    </labels>
                    <rows>
                      <row>
                        <cell colspan="1" rowspan="12" showlabel="false" id="{48b7e2d0-cb1a-4711-99e2-7317a6765695}" auto="false" labelid="{adc20d26-b9ed-47b1-8907-27f0647761ce}">
                          <labels>
                            <label description="Opportunity" languagecode="1033" />
                          </labels>
                          <control id="Component84a9a7f" classid="{E7A81278-8635-4d9e-8D4D-59480B391C5B}">
                            <parameters>
                              <TargetEntityType>opportunity</TargetEntityType>
                              <ChartGridMode>Chart</ChartGridMode>
                              <EnableQuickFind>false</EnableQuickFind>
                              <EnableViewPicker>false</EnableViewPicker>
                              <EnableJumpBar>false</EnableJumpBar>
                              <RecordsPerPage>12</RecordsPerPage>
                              <ViewId>{2FFED661-A73F-E611-B560-005056AE52C3}</ViewId>
                              <IsUserView>false</IsUserView>
                              <ViewIds>{AFAEA241-A53F-E611-B560-005056AE52C3},{0D3A2370-A53F-E611-B560-005056AE52C3},{B9D7398F-A53F-E611-B560-005056AE52C3},{B65BF19F-A63F-E611-B560-005056AE52C3},{A30878BF-A63F-E611-B560-005056AE52C3},{CF37740C-A73F-E611-B560-005056AE52C3},{89388A29-A73F-E611-B560-005056AE52C3},{2FFED661-A73F-E611-B560-005056AE52C3},{5D95528E-18A0-E511-9F13-005056AE52C3}</ViewIds>
                              <AutoExpand>Fixed</AutoExpand>
                              <VisualizationId>{AB083306-8F3F-E611-8F24-005056AE789B}</VisualizationId>
                              <IsUserChart>false</IsUserChart>
                              <EnableChartPicker>false</EnableChartPicker>
                              <RelationshipName />
                            </parameters>
                          </control>
                        </cell>
                        <cell id="{954cca4b-49a3-ad66-13e8-b20c51a2acb0}" showlabel="false" colspan="1" auto="false" rowspan="12" labelid="{c16f4463-8cb3-4b00-98bb-244018ee9008}">
                          <labels>
                            <label description="Opportunity" languagecode="1033" />
                          </labels>
                          <control id="Component6367695" classid="{E7A81278-8635-4d9e-8D4D-59480B391C5B}">
                            <parameters>
                              <ViewId>{9F5AAFEA-A43F-E611-B560-005056AE52C3}</ViewId>
                              <IsUserView>false</IsUserView>
                              <RelationshipName />
                              <TargetEntityType>opportunity</TargetEntityType>
                              <AutoExpand>Fixed</AutoExpand>
                              <EnableQuickFind>false</EnableQuickFind>
                              <EnableViewPicker>false</EnableViewPicker>
                              <ViewIds>{EB7FA998-A33F-E611-B560-005056AE52C3},{C99DA5BA-A33F-E611-B560-005056AE52C3},{2767AE11-A43F-E611-B560-005056AE52C3},{A799F9D9-A63F-E611-B560-005056AE52C3},{053BBC65-A43F-E611-B560-005056AE52C3},{39B765A1-A43F-E611-B560-005056AE52C3},{9F5AAFEA-A43F-E611-B560-005056AE52C3},{5D95528E-18A0-E511-9F13-005056AE52C3}</ViewIds>
                              <EnableJumpBar>false</EnableJumpBar>
                              <ChartGridMode>Chart</ChartGridMode>
                              <VisualizationId>{8724FF64-6594-E511-9F13-005056AE52C3}</VisualizationId>
                              <IsUserChart>false</IsUserChart>
                              <EnableChartPicker>false</EnableChartPicker>
                              <RecordsPerPage>12</RecordsPerPage>
                            </parameters>
                          </control>
                        </cell>
                        <cell id="{06283c1d-ecd7-46e7-9269-bb092b6cb82c}" showlabel="false" colspan="1" auto="false" rowspan="12" labelid="{40f886b9-687a-4b00-8957-35d36f86241a}">
                          <labels>
                            <label description="Opportunity" languagecode="1033" />
                          </labels>
                          <control id="Component9715087" classid="{E7A81278-8635-4d9e-8D4D-59480B391C5B}">
                            <parameters>
                              <ViewId>{9F5AAFEA-A43F-E611-B560-005056AE52C3}</ViewId>
                              <IsUserView>false</IsUserView>
                              <RelationshipName />
                              <TargetEntityType>opportunity</TargetEntityType>
                              <AutoExpand>Fixed</AutoExpand>
                              <EnableQuickFind>false</EnableQuickFind>
                              <EnableViewPicker>false</EnableViewPicker>
                              <ViewIds>{EB7FA998-A33F-E611-B560-005056AE52C3},{C99DA5BA-A33F-E611-B560-005056AE52C3},{2767AE11-A43F-E611-B560-005056AE52C3},{A799F9D9-A63F-E611-B560-005056AE52C3},{053BBC65-A43F-E611-B560-005056AE52C3},{39B765A1-A43F-E611-B560-005056AE52C3},{9F5AAFEA-A43F-E611-B560-005056AE52C3},{5D95528E-18A0-E511-9F13-005056AE52C3}</ViewIds>
                              <EnableJumpBar>false</EnableJumpBar>
                              <ChartGridMode>Chart</ChartGridMode>
                              <VisualizationId>{13B090A0-A83F-E611-B560-005056AE52C3}</VisualizationId>
                              <IsUserChart>false</IsUserChart>
                              <EnableChartPicker>false</EnableChartPicker>
                              <RecordsPerPage>12</RecordsPerPage>
                            </parameters>
                          </control>
                        </cell>
                      </row>
                      <row />
                      <row />
                      <row />
                      <row />
                      <row />
                      <row />
                      <row />
                      <row />
                      <row />
                      <row />
                      <row />
                      <row>
                        <cell colspan="1" rowspan="12" showlabel="false" id="{16e99851-4664-443d-8c6b-d978e544ad44}" auto="false" labelid="{575f7ad5-921d-48d7-a83b-20bf8200ac8a}">
                          <labels>
                            <label description="Opportunity" languagecode="1033" />
                          </labels>
                          <control id="Component68d9fca" classid="{E7A81278-8635-4d9e-8D4D-59480B391C5B}">
                            <parameters>
                              <TargetEntityType>opportunity</TargetEntityType>
                              <ChartGridMode>Chart</ChartGridMode>
                              <EnableQuickFind>false</EnableQuickFind>
                              <EnableViewPicker>false</EnableViewPicker>
                              <EnableJumpBar>false</EnableJumpBar>
                              <RecordsPerPage>12</RecordsPerPage>
                              <ViewId>{CB8E6AE2-A23F-E611-B560-005056AE52C3}</ViewId>
                              <IsUserView>false</IsUserView>
                              <ViewIds>{8DD61CB9-A03F-E611-B560-005056AE52C3},{35EA2987-A13F-E611-B560-005056AE52C3},{D97ECEB2-A13F-E611-B560-005056AE52C3},{91E99028-A23F-E611-B560-005056AE52C3},{B150BAF0-A63F-E611-B560-005056AE52C3},{C19AB768-A23F-E611-B560-005056AE52C3},{DD30EF9D-A23F-E611-B560-005056AE52C3},{CB8E6AE2-A23F-E611-B560-005056AE52C3},{5D95528E-18A0-E511-9F13-005056AE52C3}</ViewIds>
                              <AutoExpand>Fixed</AutoExpand>
                              <VisualizationId>{1DE52773-98E0-E511-969E-005056AE7883}</VisualizationId>
                              <IsUserChart>false</IsUserChart>
                              <EnableChartPicker>false</EnableChartPicker>
                              <RelationshipName />
                            </parameters>
                          </control>
                        </cell>
                        <cell colspan="1" rowspan="12" showlabel="false" id="{164d1772-4461-44ae-9ad0-e3c363cfa61c}" auto="false" labelid="{9ac2f305-34f6-4923-83db-22b6507913be}">
                          <labels>
                            <label description="Opportunity" languagecode="1033" />
                          </labels>
                          <control id="Componentdf7b3d2" classid="{E7A81278-8635-4d9e-8D4D-59480B391C5B}">
                            <parameters>
                              <TargetEntityType>opportunity</TargetEntityType>
                              <ChartGridMode>Chart</ChartGridMode>
                              <EnableQuickFind>false</EnableQuickFind>
                              <EnableViewPicker>false</EnableViewPicker>
                              <EnableJumpBar>false</EnableJumpBar>
                              <RecordsPerPage>12</RecordsPerPage>
                              <ViewId>{CB8E6AE2-A23F-E611-B560-005056AE52C3}</ViewId>
                              <IsUserView>false</IsUserView>
                              <ViewIds>{8DD61CB9-A03F-E611-B560-005056AE52C3},{35EA2987-A13F-E611-B560-005056AE52C3},{D97ECEB2-A13F-E611-B560-005056AE52C3},{91E99028-A23F-E611-B560-005056AE52C3},{B150BAF0-A63F-E611-B560-005056AE52C3},{C19AB768-A23F-E611-B560-005056AE52C3},{DD30EF9D-A23F-E611-B560-005056AE52C3},{CB8E6AE2-A23F-E611-B560-005056AE52C3},{5D95528E-18A0-E511-9F13-005056AE52C3}</ViewIds>
                              <AutoExpand>Fixed</AutoExpand>
                              <VisualizationId>{8724FF64-6594-E511-9F13-005056AE52C3}</VisualizationId>
                              <IsUserChart>false</IsUserChart>
                              <EnableChartPicker>false</EnableChartPicker>
                              <RelationshipName />
                            </parameters>
                          </control>
                        </cell>
                        <cell id="{cbdc3914-8ede-97a4-3379-678244d7cc77}" showlabel="false" labelid="{4b7dca6f-3548-492b-8185-5e069cd02ed4}">
                          <labels>
                            <label description="" languagecode="1033" />
                          </labels>
                        </cell>
                      </row>
                      <row>
                        <cell id="{b2b7c4cb-c5ed-1949-047b-36d1be63d729}" showlabel="false" labelid="{99c77a48-5a37-49bd-88cf-29d69cec35da}">
                          <labels>
                            <label description="" languagecode="1033" />
                          </labels>
                        </cell>
                      </row>
                      <row>
                        <cell id="{a7491301-1516-168b-545b-a40e0127eed8}" showlabel="false" labelid="{f56ae761-889d-424d-ab6e-e6bb8bcc6443}">
                          <labels>
                            <label description="" languagecode="1033" />
                          </labels>
                        </cell>
                      </row>
                      <row>
                        <cell id="{9b84545e-7028-0e8b-d3c1-4c55eebbbc8d}" showlabel="false" labelid="{c9d05ec2-fd0d-4361-9a36-deb51c214ca1}">
                          <labels>
                            <label description="" languagecode="1033" />
                          </labels>
                        </cell>
                      </row>
                      <row>
                        <cell id="{1b736ed6-3e8b-869e-e0c2-b996158996e3}" showlabel="false" labelid="{64932e06-f931-4605-823b-9fae535f7281}">
                          <labels>
                            <label description="" languagecode="1033" />
                          </labels>
                        </cell>
                      </row>
                      <row>
                        <cell id="{0a7cc0b1-d042-6bbe-272c-2117d6a0571b}" showlabel="false" labelid="{e11a4bf2-8acd-4027-a872-455785c58b6d}">
                          <labels>
                            <label description="" languagecode="1033" />
                          </labels>
                        </cell>
                      </row>
                      <row>
                        <cell id="{88285976-3141-e114-7dd8-2ec86d47d51e}" showlabel="false" labelid="{abdea319-167f-4328-9751-09609f365d8c}">
                          <labels>
                            <label description="" languagecode="1033" />
                          </labels>
                        </cell>
                      </row>
                      <row>
                        <cell id="{bc97d341-20db-cd9d-252d-0ded6de6b0b5}" showlabel="false" labelid="{a622322d-5cfe-40f6-9978-7c4d41222105}">
                          <labels>
                            <label description="" languagecode="1033" />
                          </labels>
                        </cell>
                      </row>
                      <row>
                        <cell id="{163a18a5-23e0-a57b-402a-cc95aa63ba33}" showlabel="false" labelid="{6a9c42f8-94c3-4ad2-8870-982cee41818e}">
                          <labels>
                            <label description="" languagecode="1033" />
                          </labels>
                        </cell>
                      </row>
                      <row>
                        <cell id="{203593c6-2565-1b6e-391b-d20b1d5bb568}" showlabel="false" labelid="{290c69bf-7aa7-4378-8a70-01ed377016bf}">
                          <labels>
                            <label description="" languagecode="1033" />
                          </labels>
                        </cell>
                      </row>
                      <row>
                        <cell id="{b7ee22b5-b456-7edd-4ac7-cce65408ce56}" showlabel="false" labelid="{c801f83f-217d-4f50-a4e6-0465cae9a840}">
                          <labels>
                            <label description="" languagecode="1033" />
                          </labels>
                        </cell>
                      </row>
                      <row>
                        <cell id="{6d1e4dba-3384-5731-288e-5a5cb7d4023d}" showlabel="false" labelid="{a94ec6f2-c87f-418c-b3fe-3f252187c0da}">
                          <labels>
                            <label description="" languagecode="1033" />
                          </labels>
                        </cell>
                      </row>
                    </rows>
                  </section>
                </sections>
              </column>
            </columns>
          </tab>
        </tabs>
      </form>
    </forms>
  </FormXml>
  <IntroducedVersion>1.0.1.0</IntroducedVersion>
</Dashboard>