﻿<?xml version="1.0" encoding="utf-8"?>
<Dashboard>
  <LocalizedNames>
    <LocalizedName description="Agile Product Dashboard" languagecode="1033" />
  </LocalizedNames>
  <FormId>{aaf8471c-0abe-4ebf-87a4-e2b2f9a86aa4}</FormId>
  <IsCustomizable>1</IsCustomizable>
  <IsDefault>0</IsDefault>
  <FormXml>
    <forms type="dashboard">
      <form>
        <tabs>
          <tab showlabel="false" verticallayout="true" id="{50893f66-ffb6-49a8-9c14-67dd1b6ead31}" labelid="{3d3f7980-edf4-459c-a343-d8d543de92ab}">
            <labels>
              <label description="Tab" languagecode="1033" />
            </labels>
            <columns>
              <column width="100%">
                <sections>
                  <section showlabel="false" showbar="false" columns="111" id="{fdd0acf5-16c0-46ec-98d5-eee643f8ae18}" labelid="{33b956c5-c0bd-4a69-af11-fd1b92525ca8}">
                    <labels>
                      <label description="Section" languagecode="1033" />
                    </labels>
                    <rows>
                      <row>
                        <cell colspan="1" rowspan="12" showlabel="false" id="{48b7e2d0-cb1a-4711-99e2-7317a6765695}" auto="false" labelid="{b29e0aa1-fe3b-4594-bf4d-63f391c3e867}">
                          <labels>
                            <label description="Opportunity" languagecode="1033" />
                          </labels>
                          <control id="Component84a9a7f" classid="{E7A81278-8635-4d9e-8D4D-59480B391C5B}">
                            <parameters>
                              <TargetEntityType>opportunity</TargetEntityType>
                              <ChartGridMode>Chart</ChartGridMode>
                              <EnableQuickFind>false</EnableQuickFind>
                              <EnableViewPicker>false</EnableViewPicker>
                              <EnableJumpBar>false</EnableJumpBar>
                              <RecordsPerPage>12</RecordsPerPage>
                              <ViewId>{AFAEA241-A53F-E611-B560-005056AE52C3}</ViewId>
                              <IsUserView>false</IsUserView>
                              <ViewIds>{AFAEA241-A53F-E611-B560-005056AE52C3},{B9D7398F-A53F-E611-B560-005056AE52C3},{5D95528E-18A0-E511-9F13-005056AE52C3}</ViewIds>
                              <AutoExpand>Fixed</AutoExpand>
                              <VisualizationId>{AB083306-8F3F-E611-8F24-005056AE789B}</VisualizationId>
                              <IsUserChart>false</IsUserChart>
                              <EnableChartPicker>false</EnableChartPicker>
                              <RelationshipName />
                            </parameters>
                          </control>
                        </cell>
                        <cell id="{954cca4b-49a3-ad66-13e8-b20c51a2acb0}" showlabel="false" colspan="1" auto="false" rowspan="12" labelid="{bf90dd7f-e377-4e8d-bc8d-a648a3ad4916}">
                          <labels>
                            <label description="Opportunity" languagecode="1033" />
                          </labels>
                          <control id="Component6367695" classid="{E7A81278-8635-4d9e-8D4D-59480B391C5B}">
                            <parameters>
                              <ViewId>{EB7FA998-A33F-E611-B560-005056AE52C3}</ViewId>
                              <IsUserView>false</IsUserView>
                              <RelationshipName />
                              <TargetEntityType>opportunity</TargetEntityType>
                              <AutoExpand>Fixed</AutoExpand>
                              <EnableQuickFind>false</EnableQuickFind>
                              <EnableViewPicker>false</EnableViewPicker>
                              <ViewIds>{EB7FA998-A33F-E611-B560-005056AE52C3},{5D95528E-18A0-E511-9F13-005056AE52C3}</ViewIds>
                              <EnableJumpBar>false</EnableJumpBar>
                              <ChartGridMode>Chart</ChartGridMode>
                              <VisualizationId>{8724FF64-6594-E511-9F13-005056AE52C3}</VisualizationId>
                              <IsUserChart>false</IsUserChart>
                              <EnableChartPicker>false</EnableChartPicker>
                              <RecordsPerPage>12</RecordsPerPage>
                            </parameters>
                          </control>
                        </cell>
                        <cell id="{06283c1d-ecd7-46e7-9269-bb092b6cb82c}" showlabel="false" colspan="1" auto="false" rowspan="12" labelid="{6d991a12-b2e4-41a3-ac5e-eed784ecfbcb}">
                          <labels>
                            <label description="Opportunity" languagecode="1033" />
                          </labels>
                          <control id="Component9715087" classid="{E7A81278-8635-4d9e-8D4D-59480B391C5B}">
                            <parameters>
                              <ViewId>{EB7FA998-A33F-E611-B560-005056AE52C3}</ViewId>
                              <IsUserView>false</IsUserView>
                              <RelationshipName />
                              <TargetEntityType>opportunity</TargetEntityType>
                              <AutoExpand>Fixed</AutoExpand>
                              <EnableQuickFind>false</EnableQuickFind>
                              <EnableViewPicker>false</EnableViewPicker>
                              <ViewIds>{EB7FA998-A33F-E611-B560-005056AE52C3},{5D95528E-18A0-E511-9F13-005056AE52C3}</ViewIds>
                              <EnableJumpBar>false</EnableJumpBar>
                              <ChartGridMode>Chart</ChartGridMode>
                              <VisualizationId>{13B090A0-A83F-E611-B560-005056AE52C3}</VisualizationId>
                              <IsUserChart>false</IsUserChart>
                              <EnableChartPicker>false</EnableChartPicker>
                              <RecordsPerPage>12</RecordsPerPage>
                            </parameters>
                          </control>
                        </cell>
                      </row>
                      <row />
                      <row />
                      <row />
                      <row />
                      <row />
                      <row />
                      <row />
                      <row />
                      <row />
                      <row />
                      <row />
                      <row>
                        <cell colspan="1" rowspan="12" showlabel="false" id="{16e99851-4664-443d-8c6b-d978e544ad44}" auto="false" labelid="{8dea5aad-6d45-4a08-9b3d-3cc402c5e6c8}">
                          <labels>
                            <label description="Opportunity" languagecode="1033" />
                          </labels>
                          <control id="Component68d9fca" classid="{E7A81278-8635-4d9e-8D4D-59480B391C5B}">
                            <parameters>
                              <TargetEntityType>opportunity</TargetEntityType>
                              <ChartGridMode>Chart</ChartGridMode>
                              <EnableQuickFind>false</EnableQuickFind>
                              <EnableViewPicker>false</EnableViewPicker>
                              <EnableJumpBar>false</EnableJumpBar>
                              <RecordsPerPage>12</RecordsPerPage>
                              <ViewId>{8DD61CB9-A03F-E611-B560-005056AE52C3}</ViewId>
                              <IsUserView>false</IsUserView>
                              <ViewIds>{8DD61CB9-A03F-E611-B560-005056AE52C3},{D97ECEB2-A13F-E611-B560-005056AE52C3},{5D95528E-18A0-E511-9F13-005056AE52C3}</ViewIds>
                              <AutoExpand>Fixed</AutoExpand>
                              <VisualizationId>{1DE52773-98E0-E511-969E-005056AE7883}</VisualizationId>
                              <IsUserChart>false</IsUserChart>
                              <EnableChartPicker>false</EnableChartPicker>
                              <RelationshipName />
                            </parameters>
                          </control>
                        </cell>
                        <cell colspan="1" rowspan="12" showlabel="false" id="{164d1772-4461-44ae-9ad0-e3c363cfa61c}" auto="false" labelid="{ebd64e24-ace4-49a9-a9c9-2ae33a85c637}">
                          <labels>
                            <label description="Opportunity" languagecode="1033" />
                          </labels>
                          <control id="Componentdf7b3d2" classid="{E7A81278-8635-4d9e-8D4D-59480B391C5B}">
                            <parameters>
                              <TargetEntityType>opportunity</TargetEntityType>
                              <ChartGridMode>Chart</ChartGridMode>
                              <EnableQuickFind>false</EnableQuickFind>
                              <EnableViewPicker>false</EnableViewPicker>
                              <EnableJumpBar>false</EnableJumpBar>
                              <RecordsPerPage>12</RecordsPerPage>
                              <ViewId>{8DD61CB9-A03F-E611-B560-005056AE52C3}</ViewId>
                              <IsUserView>false</IsUserView>
                              <ViewIds>{8DD61CB9-A03F-E611-B560-005056AE52C3},{D97ECEB2-A13F-E611-B560-005056AE52C3},{5D95528E-18A0-E511-9F13-005056AE52C3}</ViewIds>
                              <AutoExpand>Fixed</AutoExpand>
                              <VisualizationId>{8724FF64-6594-E511-9F13-005056AE52C3}</VisualizationId>
                              <IsUserChart>false</IsUserChart>
                              <EnableChartPicker>false</EnableChartPicker>
                              <RelationshipName />
                            </parameters>
                          </control>
                        </cell>
                        <cell id="{cbdc3914-8ede-97a4-3379-678244d7cc77}" showlabel="false" labelid="{da6749f2-484a-4d61-b383-bdd528b0ac67}">
                          <labels>
                            <label description="" languagecode="1033" />
                          </labels>
                        </cell>
                      </row>
                      <row>
                        <cell id="{b2b7c4cb-c5ed-1949-047b-36d1be63d729}" showlabel="false" labelid="{eefff33b-27de-4c29-a298-2499004e7f57}">
                          <labels>
                            <label description="" languagecode="1033" />
                          </labels>
                        </cell>
                      </row>
                      <row>
                        <cell id="{a7491301-1516-168b-545b-a40e0127eed8}" showlabel="false" labelid="{61660853-0952-4049-84c7-a43153befd5b}">
                          <labels>
                            <label description="" languagecode="1033" />
                          </labels>
                        </cell>
                      </row>
                      <row>
                        <cell id="{9b84545e-7028-0e8b-d3c1-4c55eebbbc8d}" showlabel="false" labelid="{6b1f7907-74c3-4821-85c4-2073aa6464f2}">
                          <labels>
                            <label description="" languagecode="1033" />
                          </labels>
                        </cell>
                      </row>
                      <row>
                        <cell id="{1b736ed6-3e8b-869e-e0c2-b996158996e3}" showlabel="false" labelid="{184df69c-2e5f-4851-ad47-60d7b228ae3c}">
                          <labels>
                            <label description="" languagecode="1033" />
                          </labels>
                        </cell>
                      </row>
                      <row>
                        <cell id="{0a7cc0b1-d042-6bbe-272c-2117d6a0571b}" showlabel="false" labelid="{f9f0dcd6-5376-4a01-87b4-3b496759224e}">
                          <labels>
                            <label description="" languagecode="1033" />
                          </labels>
                        </cell>
                      </row>
                      <row>
                        <cell id="{88285976-3141-e114-7dd8-2ec86d47d51e}" showlabel="false" labelid="{078f4f4e-a3fe-4088-ae71-53e98a9e2bf9}">
                          <labels>
                            <label description="" languagecode="1033" />
                          </labels>
                        </cell>
                      </row>
                      <row>
                        <cell id="{bc97d341-20db-cd9d-252d-0ded6de6b0b5}" showlabel="false" labelid="{28cb7310-7e7f-4cdd-b996-5ca0dff35588}">
                          <labels>
                            <label description="" languagecode="1033" />
                          </labels>
                        </cell>
                      </row>
                      <row>
                        <cell id="{163a18a5-23e0-a57b-402a-cc95aa63ba33}" showlabel="false" labelid="{db44f8b7-15e2-4547-8583-36488a1b1acf}">
                          <labels>
                            <label description="" languagecode="1033" />
                          </labels>
                        </cell>
                      </row>
                      <row>
                        <cell id="{203593c6-2565-1b6e-391b-d20b1d5bb568}" showlabel="false" labelid="{1975b362-7384-4945-97fb-f30f202fa55e}">
                          <labels>
                            <label description="" languagecode="1033" />
                          </labels>
                        </cell>
                      </row>
                      <row>
                        <cell id="{b7ee22b5-b456-7edd-4ac7-cce65408ce56}" showlabel="false" labelid="{26f131b7-b333-4cdf-ab98-15924a009b6b}">
                          <labels>
                            <label description="" languagecode="1033" />
                          </labels>
                        </cell>
                      </row>
                      <row>
                        <cell id="{6d1e4dba-3384-5731-288e-5a5cb7d4023d}" showlabel="false" labelid="{94c83b30-05fe-4048-a358-7e7ac15063f1}">
                          <labels>
                            <label description="" languagecode="1033" />
                          </labels>
                        </cell>
                      </row>
                    </rows>
                  </section>
                </sections>
              </column>
            </columns>
          </tab>
        </tabs>
      </form>
    </forms>
  </FormXml>
  <IntroducedVersion>1.0.1.0</IntroducedVersion>
</Dashboard>