﻿<?xml version="1.0" encoding="utf-8"?>
<Dashboard>
  <LocalizedNames>
    <LocalizedName description="PBB Pipeline Activities" languagecode="1033" />
  </LocalizedNames>
  <FormId>{b071ae31-6002-e611-969e-005056ae7883}</FormId>
  <IsCustomizable>1</IsCustomizable>
  <IsDefault>0</IsDefault>
  <FormXml>
    <forms type="dashboard">
      <form>
        <tabs>
          <tab showlabel="false" verticallayout="true" id="{265c86b1-2beb-4413-8a63-7e10b7251c64}">
            <labels>
              <label description="Tab" languagecode="1033" />
            </labels>
            <columns>
              <column width="100%">
                <sections>
                  <section showlabel="false" showbar="false" columns="111" id="{380ad6a8-5060-4dd8-89ab-e0d83b493b36}">
                    <labels>
                      <label description="Section" languagecode="1033" />
                    </labels>
                    <rows>
                      <row>
                        <cell colspan="1" rowspan="12" showlabel="false" id="{4eaa8302-a8e9-4656-b3df-efa6439080f5}" auto="false">
                          <labels>
                            <label description="Opportunity" languagecode="1033" />
                          </labels>
                          <control id="Component3d65448" classid="{E7A81278-8635-4d9e-8D4D-59480B391C5B}">
                            <parameters>
                              <TargetEntityType>opportunity</TargetEntityType>
                              <ChartGridMode>Chart</ChartGridMode>
                              <EnableQuickFind>false</EnableQuickFind>
                              <EnableViewPicker>false</EnableViewPicker>
                              <EnableJumpBar>false</EnableJumpBar>
                              <RecordsPerPage>10</RecordsPerPage>
                              <ViewId>{110BCB86-2DA3-E511-9F13-005056AE52C3}</ViewId>
                              <IsUserView>false</IsUserView>
                              <ViewIds></ViewIds>
                              <AutoExpand>Fixed</AutoExpand>
                              <VisualizationId>{1DE52773-98E0-E511-969E-005056AE7883}</VisualizationId>
                              <IsUserChart>false</IsUserChart>
                              <EnableChartPicker>false</EnableChartPicker>
                              <RelationshipName></RelationshipName>
                            </parameters>
                          </control>
                        </cell>
                        <cell colspan="1" rowspan="12" showlabel="false" id="{2a2a5fbd-77d5-4d34-8063-6440f882577a}" auto="false">
                          <labels>
                            <label description="Opportunity" languagecode="1033" />
                          </labels>
                          <control id="Componentb10b640" classid="{E7A81278-8635-4d9e-8D4D-59480B391C5B}">
                            <parameters>
                              <TargetEntityType>opportunity</TargetEntityType>
                              <ChartGridMode>Chart</ChartGridMode>
                              <EnableQuickFind>false</EnableQuickFind>
                              <EnableViewPicker>false</EnableViewPicker>
                              <EnableJumpBar>false</EnableJumpBar>
                              <RecordsPerPage>10</RecordsPerPage>
                              <ViewId>{110BCB86-2DA3-E511-9F13-005056AE52C3}</ViewId>
                              <IsUserView>false</IsUserView>
                              <ViewIds></ViewIds>
                              <AutoExpand>Fixed</AutoExpand>
                              <VisualizationId>{095DEC16-1696-E211-BE8F-00155D882404}</VisualizationId>
                              <IsUserChart>false</IsUserChart>
                              <EnableChartPicker>false</EnableChartPicker>
                              <RelationshipName></RelationshipName>
                            </parameters>
                          </control>
                        </cell>
                        <cell colspan="1" rowspan="12" showlabel="false" id="{7eea0d32-cbc2-4cb8-93c1-1b6b8410461b}" auto="false">
                          <labels>
                            <label description="Opportunity" languagecode="1033" />
                          </labels>
                          <control id="Component8d2fad4" classid="{E7A81278-8635-4d9e-8D4D-59480B391C5B}">
                            <parameters>
                              <TargetEntityType>opportunity</TargetEntityType>
                              <ChartGridMode>Chart</ChartGridMode>
                              <EnableQuickFind>false</EnableQuickFind>
                              <EnableViewPicker>false</EnableViewPicker>
                              <EnableJumpBar>false</EnableJumpBar>
                              <RecordsPerPage>12</RecordsPerPage>
                              <ViewId>{B7B686EC-5E02-E611-969E-005056AE7883}</ViewId>
                              <IsUserView>false</IsUserView>
                              <ViewIds>{5D95528E-18A0-E511-9F13-005056AE52C3}</ViewIds>
                              <AutoExpand>Fixed</AutoExpand>
                              <VisualizationId>{8843C0ED-B72B-E611-B141-005056AE789B}</VisualizationId>
                              <IsUserChart>false</IsUserChart>
                              <EnableChartPicker>false</EnableChartPicker>
                              <RelationshipName></RelationshipName>
                            </parameters>
                          </control>
                        </cell>
                      </row>
                      <row></row>
                      <row></row>
                      <row></row>
                      <row></row>
                      <row></row>
                      <row></row>
                      <row></row>
                      <row></row>
                      <row></row>
                      <row></row>
                      <row></row>
                      <row>
                        <cell colspan="1" rowspan="12" showlabel="false" id="{96595be5-0aaf-4792-95b2-c1d3c9fd09e0}" auto="false">
                          <labels>
                            <label description="Opportunity" languagecode="1033" />
                          </labels>
                          <control id="Componentaf7e737" classid="{E7A81278-8635-4d9e-8D4D-59480B391C5B}">
                            <parameters>
                              <TargetEntityType>opportunity</TargetEntityType>
                              <ChartGridMode>Chart</ChartGridMode>
                              <EnableQuickFind>false</EnableQuickFind>
                              <EnableViewPicker>false</EnableViewPicker>
                              <EnableJumpBar>false</EnableJumpBar>
                              <RecordsPerPage>10</RecordsPerPage>
                              <ViewId>{110BCB86-2DA3-E511-9F13-005056AE52C3}</ViewId>
                              <IsUserView>false</IsUserView>
                              <ViewIds></ViewIds>
                              <AutoExpand>Fixed</AutoExpand>
                              <VisualizationId>{003D7E4D-B0E7-E511-969E-005056AE7883}</VisualizationId>
                              <IsUserChart>false</IsUserChart>
                              <EnableChartPicker>false</EnableChartPicker>
                              <RelationshipName></RelationshipName>
                            </parameters>
                          </control>
                        </cell>
                        <cell colspan="2" rowspan="12" showlabel="false" id="{adb9e50e-fe71-4876-8a0a-3eab281040af}" auto="false">
                          <labels>
                            <label description="Opportunities" languagecode="1033" />
                          </labels>
                          <control id="Component65bb604" classid="{E7A81278-8635-4d9e-8D4D-59480B391C5B}">
                            <parameters>
                              <TargetEntityType>opportunity</TargetEntityType>
                              <ChartGridMode>Grid</ChartGridMode>
                              <EnableQuickFind>true</EnableQuickFind>
                              <EnableViewPicker>true</EnableViewPicker>
                              <EnableJumpBar>true</EnableJumpBar>
                              <RecordsPerPage>8</RecordsPerPage>
                              <ViewId>{8033110A-5F02-E611-969E-005056AE7883}</ViewId>
                              <IsUserView>false</IsUserView>
                              <ViewIds></ViewIds>
                              <AutoExpand>Fixed</AutoExpand>
                              <VisualizationId></VisualizationId>
                              <IsUserChart>false</IsUserChart>
                              <EnableChartPicker>false</EnableChartPicker>
                              <RelationshipName></RelationshipName>
                            </parameters>
                          </control>
                        </cell>
                      </row>
                      <row></row>
                      <row></row>
                      <row></row>
                      <row></row>
                      <row></row>
                      <row></row>
                      <row></row>
                      <row></row>
                      <row></row>
                      <row></row>
                      <row></row>
                    </rows>
                  </section>
                </sections>
              </column>
            </columns>
          </tab>
        </tabs>
      </form>
    </forms>
  </FormXml>
  <IntroducedVersion>1.0.0.0</IntroducedVersion>
</Dashboard>