﻿<?xml version="1.0" encoding="utf-8"?>
<Dashboard>
  <LocalizedNames>
    <LocalizedName description="Investment Programmes Engagement" languagecode="1033" />
  </LocalizedNames>
  <FormId>{b0c77bfe-cec5-e511-b886-005056ae52c3}</FormId>
  <IsCustomizable>1</IsCustomizable>
  <IsDefault>0</IsDefault>
  <FormXml>
    <forms type="dashboard">
      <form>
        <tabs>
          <tab showlabel="false" verticallayout="true" id="{be469d4c-7382-4220-a227-904ec0c00f50}">
            <labels>
              <label description="Tab" languagecode="1033" />
            </labels>
            <columns>
              <column width="100%">
                <sections>
                  <section showlabel="false" showbar="false" columns="1111" id="{63873e4d-5854-4a92-b7f3-078b9ceba16a}">
                    <labels>
                      <label description="Section" languagecode="1033" />
                    </labels>
                    <rows>
                      <row>
                        <cell colspan="2" rowspan="12" showlabel="false" id="{d32c549f-9de3-406c-b278-4bc1b1977d7b}" auto="false">
                          <labels>
                            <label description="Investment Programme" languagecode="1033" />
                          </labels>
                          <control id="Component5f0be08" classid="{E7A81278-8635-4d9e-8D4D-59480B391C5B}">
                            <parameters>
                              <TargetEntityType>rbsm_programme</TargetEntityType>
                              <ChartGridMode>Chart</ChartGridMode>
                              <EnableQuickFind>false</EnableQuickFind>
                              <EnableViewPicker>false</EnableViewPicker>
                              <EnableJumpBar>false</EnableJumpBar>
                              <RecordsPerPage>12</RecordsPerPage>
                              <ViewId>{B924E0A4-2198-E511-9F13-005056AE52C3}</ViewId>
                              <IsUserView>false</IsUserView>
                              <ViewIds>{7BA93B6D-D52B-40EE-A6F2-0A8D7B2C911F},{B924E0A4-2198-E511-9F13-005056AE52C3}</ViewIds>
                              <AutoExpand>Fixed</AutoExpand>
                              <VisualizationId>{3D6B1998-CBC5-E511-B886-005056AE52C3}</VisualizationId>
                              <IsUserChart>false</IsUserChart>
                              <EnableChartPicker>false</EnableChartPicker>
                              <RelationshipName />
                            </parameters>
                          </control>
                        </cell>
                        <cell colspan="2" rowspan="12" showlabel="false" id="{6f7fa2d9-a4af-4133-956b-7e2fc469aa6b}" auto="false">
                          <labels>
                            <label description="Opportunity" languagecode="1033" />
                          </labels>
                          <control id="Component36aa202" classid="{E7A81278-8635-4d9e-8D4D-59480B391C5B}">
                            <parameters>
                              <TargetEntityType>opportunity</TargetEntityType>
                              <ChartGridMode>Chart</ChartGridMode>
                              <EnableQuickFind>false</EnableQuickFind>
                              <EnableViewPicker>false</EnableViewPicker>
                              <EnableJumpBar>false</EnableJumpBar>
                              <RecordsPerPage>10</RecordsPerPage>
                              <ViewId>{5D95528E-18A0-E511-9F13-005056AE52C3}</ViewId>
                              <IsUserView>false</IsUserView>
                              <ViewIds />
                              <AutoExpand>Fixed</AutoExpand>
                              <VisualizationId>{E37CCEE0-CCC5-E511-B886-005056AE52C3}</VisualizationId>
                              <IsUserChart>false</IsUserChart>
                              <EnableChartPicker>false</EnableChartPicker>
                              <RelationshipName />
                            </parameters>
                          </control>
                        </cell>
                      </row>
                      <row />
                      <row />
                      <row />
                      <row />
                      <row />
                      <row />
                      <row />
                      <row />
                      <row />
                      <row />
                      <row />
                      <row>
                        <cell colspan="4" rowspan="12" showlabel="false" id="{723b231d-ff1e-4170-8420-82e21b109370}" auto="false">
                          <labels>
                            <label description="Opportunities" languagecode="1033" />
                          </labels>
                          <control id="Component6297108" classid="{E7A81278-8635-4d9e-8D4D-59480B391C5B}">
                            <parameters>
                              <TargetEntityType>opportunity</TargetEntityType>
                              <ChartGridMode>Grid</ChartGridMode>
                              <EnableQuickFind>true</EnableQuickFind>
                              <EnableViewPicker>true</EnableViewPicker>
                              <EnableJumpBar>true</EnableJumpBar>
                              <RecordsPerPage>8</RecordsPerPage>
                              <ViewId>{FDDABC91-BCC5-E511-B886-005056AE52C3}</ViewId>
                              <IsUserView>false</IsUserView>
                              <ViewIds>{FDDABC91-BCC5-E511-B886-005056AE52C3}</ViewIds>
                              <AutoExpand>Fixed</AutoExpand>
                              <VisualizationId>{8BC5FB18-48F2-4782-9E16-3D452FA4DDCE}</VisualizationId>
                              <IsUserChart>false</IsUserChart>
                              <EnableChartPicker>false</EnableChartPicker>
                              <RelationshipName />
                            </parameters>
                          </control>
                        </cell>
                      </row>
                      <row />
                      <row />
                      <row />
                      <row />
                      <row />
                      <row />
                      <row />
                      <row />
                      <row />
                      <row />
                      <row />
                    </rows>
                  </section>
                </sections>
              </column>
            </columns>
          </tab>
        </tabs>
      </form>
    </forms>
  </FormXml>
  <IntroducedVersion>1.0.0.0</IntroducedVersion>
</Dashboard>