﻿<?xml version="1.0" encoding="utf-8"?>
<Dashboard>
  <LocalizedNames>
    <LocalizedName description="Ulster Pipeline Activities" languagecode="1033" />
  </LocalizedNames>
  <FormId>{b65329a8-6002-e611-969e-005056ae7883}</FormId>
  <IsCustomizable>1</IsCustomizable>
  <IsDefault>0</IsDefault>
  <FormXml>
    <forms type="dashboard">
      <form>
        <tabs>
          <tab showlabel="false" verticallayout="true" id="{1f06e29b-5aec-43a8-9e7f-cb99769e715c}">
            <labels>
              <label description="Tab" languagecode="1033" />
            </labels>
            <columns>
              <column width="100%">
                <sections>
                  <section showlabel="false" showbar="false" columns="111" id="{052cc3a4-f16b-49e7-b348-19022c1925ad}">
                    <labels>
                      <label description="Section" languagecode="1033" />
                    </labels>
                    <rows>
                      <row>
                        <cell colspan="1" rowspan="12" showlabel="false" id="{7d59ddb0-1307-46b6-8ec7-8b5a24570957}" auto="false">
                          <labels>
                            <label description="Opportunity" languagecode="1033" />
                          </labels>
                          <control id="Component96e7612" classid="{E7A81278-8635-4d9e-8D4D-59480B391C5B}">
                            <parameters>
                              <TargetEntityType>opportunity</TargetEntityType>
                              <ChartGridMode>Chart</ChartGridMode>
                              <EnableQuickFind>false</EnableQuickFind>
                              <EnableViewPicker>false</EnableViewPicker>
                              <EnableJumpBar>false</EnableJumpBar>
                              <RecordsPerPage>10</RecordsPerPage>
                              <ViewId>{4CDC5CE1-0CD4-E511-BB31-005056AE52C3}</ViewId>
                              <IsUserView>false</IsUserView>
                              <ViewIds></ViewIds>
                              <AutoExpand>Fixed</AutoExpand>
                              <VisualizationId>{1DE52773-98E0-E511-969E-005056AE7883}</VisualizationId>
                              <IsUserChart>false</IsUserChart>
                              <EnableChartPicker>false</EnableChartPicker>
                              <RelationshipName></RelationshipName>
                            </parameters>
                          </control>
                        </cell>
                        <cell colspan="1" rowspan="12" showlabel="false" id="{08ae6087-6abb-4a19-a3d4-b1e56c072d21}" auto="false">
                          <labels>
                            <label description="Opportunity" languagecode="1033" />
                          </labels>
                          <control id="Component0d8ba0b" classid="{E7A81278-8635-4d9e-8D4D-59480B391C5B}">
                            <parameters>
                              <TargetEntityType>opportunity</TargetEntityType>
                              <ChartGridMode>Chart</ChartGridMode>
                              <EnableQuickFind>false</EnableQuickFind>
                              <EnableViewPicker>false</EnableViewPicker>
                              <EnableJumpBar>false</EnableJumpBar>
                              <RecordsPerPage>10</RecordsPerPage>
                              <ViewId>{4CDC5CE1-0CD4-E511-BB31-005056AE52C3}</ViewId>
                              <IsUserView>false</IsUserView>
                              <ViewIds></ViewIds>
                              <AutoExpand>Fixed</AutoExpand>
                              <VisualizationId>{095DEC16-1696-E211-BE8F-00155D882404}</VisualizationId>
                              <IsUserChart>false</IsUserChart>
                              <EnableChartPicker>false</EnableChartPicker>
                              <RelationshipName></RelationshipName>
                            </parameters>
                          </control>
                        </cell>
                        <cell colspan="1" rowspan="12" showlabel="false" id="{18af3af5-9ec4-4b97-a828-2f134c3b9abc}" auto="false">
                          <labels>
                            <label description="Opportunity" languagecode="1033" />
                          </labels>
                          <control id="Componentb7fbce5" classid="{E7A81278-8635-4d9e-8D4D-59480B391C5B}">
                            <parameters>
                              <TargetEntityType>opportunity</TargetEntityType>
                              <ChartGridMode>Chart</ChartGridMode>
                              <EnableQuickFind>false</EnableQuickFind>
                              <EnableViewPicker>false</EnableViewPicker>
                              <EnableJumpBar>false</EnableJumpBar>
                              <RecordsPerPage>12</RecordsPerPage>
                              <ViewId>{28ED7936-5F02-E611-969E-005056AE7883}</ViewId>
                              <IsUserView>false</IsUserView>
                              <ViewIds>{5D95528E-18A0-E511-9F13-005056AE52C3}</ViewIds>
                              <AutoExpand>Fixed</AutoExpand>
                              <VisualizationId>{8843C0ED-B72B-E611-B141-005056AE789B}</VisualizationId>
                              <IsUserChart>false</IsUserChart>
                              <EnableChartPicker>false</EnableChartPicker>
                              <RelationshipName></RelationshipName>
                            </parameters>
                          </control>
                        </cell>
                      </row>
                      <row></row>
                      <row></row>
                      <row></row>
                      <row></row>
                      <row></row>
                      <row></row>
                      <row></row>
                      <row></row>
                      <row></row>
                      <row></row>
                      <row></row>
                      <row>
                        <cell colspan="1" rowspan="12" showlabel="false" id="{f566e0ef-418a-4b64-94f9-630c177e6a4b}" auto="false">
                          <labels>
                            <label description="Opportunity" languagecode="1033" />
                          </labels>
                          <control id="Component0c5e5c2" classid="{E7A81278-8635-4d9e-8D4D-59480B391C5B}">
                            <parameters>
                              <TargetEntityType>opportunity</TargetEntityType>
                              <ChartGridMode>Chart</ChartGridMode>
                              <EnableQuickFind>false</EnableQuickFind>
                              <EnableViewPicker>false</EnableViewPicker>
                              <EnableJumpBar>false</EnableJumpBar>
                              <RecordsPerPage>12</RecordsPerPage>
                              <ViewId>{4CDC5CE1-0CD4-E511-BB31-005056AE52C3}</ViewId>
                              <IsUserView>false</IsUserView>
                              <ViewIds>{5D95528E-18A0-E511-9F13-005056AE52C3}</ViewIds>
                              <AutoExpand>Fixed</AutoExpand>
                              <VisualizationId>{003D7E4D-B0E7-E511-969E-005056AE7883}</VisualizationId>
                              <IsUserChart>false</IsUserChart>
                              <EnableChartPicker>false</EnableChartPicker>
                              <RelationshipName></RelationshipName>
                            </parameters>
                          </control>
                        </cell>
                        <cell colspan="2" rowspan="12" showlabel="false" id="{7dd102c0-e137-4a85-80f7-7d0390aeb7f1}" auto="false">
                          <labels>
                            <label description="Opportunities" languagecode="1033" />
                          </labels>
                          <control id="Componentd5eb952" classid="{E7A81278-8635-4d9e-8D4D-59480B391C5B}">
                            <parameters>
                              <TargetEntityType>opportunity</TargetEntityType>
                              <ChartGridMode>Grid</ChartGridMode>
                              <EnableQuickFind>true</EnableQuickFind>
                              <EnableViewPicker>true</EnableViewPicker>
                              <EnableJumpBar>true</EnableJumpBar>
                              <RecordsPerPage>8</RecordsPerPage>
                              <ViewId>{35593858-5F02-E611-969E-005056AE7883}</ViewId>
                              <IsUserView>false</IsUserView>
                              <ViewIds></ViewIds>
                              <AutoExpand>Fixed</AutoExpand>
                              <VisualizationId></VisualizationId>
                              <IsUserChart>false</IsUserChart>
                              <EnableChartPicker>false</EnableChartPicker>
                              <RelationshipName></RelationshipName>
                            </parameters>
                          </control>
                        </cell>
                      </row>
                      <row></row>
                      <row></row>
                      <row></row>
                      <row></row>
                      <row></row>
                      <row></row>
                      <row></row>
                      <row></row>
                      <row></row>
                      <row></row>
                      <row></row>
                    </rows>
                  </section>
                </sections>
              </column>
            </columns>
          </tab>
        </tabs>
      </form>
    </forms>
  </FormXml>
  <IntroducedVersion>1.0.0.0</IntroducedVersion>
</Dashboard>