﻿<?xml version="1.0" encoding="utf-8"?>
<Dashboard>
  <LocalizedNames>
    <LocalizedName description="API Product Dashboard" languagecode="1033" />
  </LocalizedNames>
  <FormId>{c399ee6c-95a3-40e0-8521-ed3ec0479f7c}</FormId>
  <IsCustomizable>1</IsCustomizable>
  <IsDefault>0</IsDefault>
  <FormXml>
    <forms type="dashboard">
      <form>
        <tabs>
          <tab showlabel="false" verticallayout="true" id="{50893f66-ffb6-49a8-9c14-67dd1b6ead31}" labelid="{190ba411-5ef7-465c-8466-1c9d21b5256b}">
            <labels>
              <label description="Tab" languagecode="1033" />
            </labels>
            <columns>
              <column width="100%">
                <sections>
                  <section showlabel="false" showbar="false" columns="111" id="{fdd0acf5-16c0-46ec-98d5-eee643f8ae18}" labelid="{a6d0c134-16e2-46b9-90ae-174065870d3e}">
                    <labels>
                      <label description="Section" languagecode="1033" />
                    </labels>
                    <rows>
                      <row>
                        <cell colspan="1" rowspan="12" showlabel="false" id="{48b7e2d0-cb1a-4711-99e2-7317a6765695}" auto="false" labelid="{390a0070-6316-4d14-bc40-1fb77c31a735}">
                          <labels>
                            <label description="Opportunity" languagecode="1033" />
                          </labels>
                          <control id="Component84a9a7f" classid="{E7A81278-8635-4d9e-8D4D-59480B391C5B}">
                            <parameters>
                              <TargetEntityType>opportunity</TargetEntityType>
                              <ChartGridMode>Chart</ChartGridMode>
                              <EnableQuickFind>false</EnableQuickFind>
                              <EnableViewPicker>false</EnableViewPicker>
                              <EnableJumpBar>false</EnableJumpBar>
                              <RecordsPerPage>12</RecordsPerPage>
                              <ViewId>{0D3A2370-A53F-E611-B560-005056AE52C3}</ViewId>
                              <IsUserView>false</IsUserView>
                              <ViewIds>{AFAEA241-A53F-E611-B560-005056AE52C3},{0D3A2370-A53F-E611-B560-005056AE52C3},{B9D7398F-A53F-E611-B560-005056AE52C3},{5D95528E-18A0-E511-9F13-005056AE52C3}</ViewIds>
                              <AutoExpand>Fixed</AutoExpand>
                              <VisualizationId>{AB083306-8F3F-E611-8F24-005056AE789B}</VisualizationId>
                              <IsUserChart>false</IsUserChart>
                              <EnableChartPicker>false</EnableChartPicker>
                              <RelationshipName />
                            </parameters>
                          </control>
                        </cell>
                        <cell id="{954cca4b-49a3-ad66-13e8-b20c51a2acb0}" showlabel="false" colspan="1" auto="false" rowspan="12" labelid="{0279abde-819c-4ad9-8c16-e1fe77bbd767}">
                          <labels>
                            <label description="Opportunity" languagecode="1033" />
                          </labels>
                          <control id="Component6367695" classid="{E7A81278-8635-4d9e-8D4D-59480B391C5B}">
                            <parameters>
                              <ViewId>{C99DA5BA-A33F-E611-B560-005056AE52C3}</ViewId>
                              <IsUserView>false</IsUserView>
                              <RelationshipName />
                              <TargetEntityType>opportunity</TargetEntityType>
                              <AutoExpand>Fixed</AutoExpand>
                              <EnableQuickFind>false</EnableQuickFind>
                              <EnableViewPicker>false</EnableViewPicker>
                              <ViewIds>{EB7FA998-A33F-E611-B560-005056AE52C3},{C99DA5BA-A33F-E611-B560-005056AE52C3},{5D95528E-18A0-E511-9F13-005056AE52C3}</ViewIds>
                              <EnableJumpBar>false</EnableJumpBar>
                              <ChartGridMode>Chart</ChartGridMode>
                              <VisualizationId>{8724FF64-6594-E511-9F13-005056AE52C3}</VisualizationId>
                              <IsUserChart>false</IsUserChart>
                              <EnableChartPicker>false</EnableChartPicker>
                              <RecordsPerPage>12</RecordsPerPage>
                            </parameters>
                          </control>
                        </cell>
                        <cell id="{06283c1d-ecd7-46e7-9269-bb092b6cb82c}" showlabel="false" colspan="1" auto="false" rowspan="12" labelid="{32fc3915-fee7-405a-aeff-421088babd8a}">
                          <labels>
                            <label description="Opportunity" languagecode="1033" />
                          </labels>
                          <control id="Component9715087" classid="{E7A81278-8635-4d9e-8D4D-59480B391C5B}">
                            <parameters>
                              <ViewId>{C99DA5BA-A33F-E611-B560-005056AE52C3}</ViewId>
                              <IsUserView>false</IsUserView>
                              <RelationshipName />
                              <TargetEntityType>opportunity</TargetEntityType>
                              <AutoExpand>Fixed</AutoExpand>
                              <EnableQuickFind>false</EnableQuickFind>
                              <EnableViewPicker>false</EnableViewPicker>
                              <ViewIds>{EB7FA998-A33F-E611-B560-005056AE52C3},{C99DA5BA-A33F-E611-B560-005056AE52C3},{5D95528E-18A0-E511-9F13-005056AE52C3}</ViewIds>
                              <EnableJumpBar>false</EnableJumpBar>
                              <ChartGridMode>Chart</ChartGridMode>
                              <VisualizationId>{13B090A0-A83F-E611-B560-005056AE52C3}</VisualizationId>
                              <IsUserChart>false</IsUserChart>
                              <EnableChartPicker>false</EnableChartPicker>
                              <RecordsPerPage>12</RecordsPerPage>
                            </parameters>
                          </control>
                        </cell>
                      </row>
                      <row />
                      <row />
                      <row />
                      <row />
                      <row />
                      <row />
                      <row />
                      <row />
                      <row />
                      <row />
                      <row />
                      <row>
                        <cell colspan="1" rowspan="12" showlabel="false" id="{16e99851-4664-443d-8c6b-d978e544ad44}" auto="false" labelid="{614faf29-0b7f-4ed7-aff9-96dd68786c44}">
                          <labels>
                            <label description="Opportunity" languagecode="1033" />
                          </labels>
                          <control id="Component68d9fca" classid="{E7A81278-8635-4d9e-8D4D-59480B391C5B}">
                            <parameters>
                              <TargetEntityType>opportunity</TargetEntityType>
                              <ChartGridMode>Chart</ChartGridMode>
                              <EnableQuickFind>false</EnableQuickFind>
                              <EnableViewPicker>false</EnableViewPicker>
                              <EnableJumpBar>false</EnableJumpBar>
                              <RecordsPerPage>12</RecordsPerPage>
                              <ViewId>{35EA2987-A13F-E611-B560-005056AE52C3}</ViewId>
                              <IsUserView>false</IsUserView>
                              <ViewIds>{8DD61CB9-A03F-E611-B560-005056AE52C3},{35EA2987-A13F-E611-B560-005056AE52C3},{D97ECEB2-A13F-E611-B560-005056AE52C3},{5D95528E-18A0-E511-9F13-005056AE52C3}</ViewIds>
                              <AutoExpand>Fixed</AutoExpand>
                              <VisualizationId>{1DE52773-98E0-E511-969E-005056AE7883}</VisualizationId>
                              <IsUserChart>false</IsUserChart>
                              <EnableChartPicker>false</EnableChartPicker>
                              <RelationshipName />
                            </parameters>
                          </control>
                        </cell>
                        <cell colspan="1" rowspan="12" showlabel="false" id="{164d1772-4461-44ae-9ad0-e3c363cfa61c}" auto="false" labelid="{d766f581-c1a9-4e51-8385-e8fe01ffaf6c}">
                          <labels>
                            <label description="Opportunity" languagecode="1033" />
                          </labels>
                          <control id="Componentdf7b3d2" classid="{E7A81278-8635-4d9e-8D4D-59480B391C5B}">
                            <parameters>
                              <TargetEntityType>opportunity</TargetEntityType>
                              <ChartGridMode>Chart</ChartGridMode>
                              <EnableQuickFind>false</EnableQuickFind>
                              <EnableViewPicker>false</EnableViewPicker>
                              <EnableJumpBar>false</EnableJumpBar>
                              <RecordsPerPage>12</RecordsPerPage>
                              <ViewId>{35EA2987-A13F-E611-B560-005056AE52C3}</ViewId>
                              <IsUserView>false</IsUserView>
                              <ViewIds>{8DD61CB9-A03F-E611-B560-005056AE52C3},{35EA2987-A13F-E611-B560-005056AE52C3},{D97ECEB2-A13F-E611-B560-005056AE52C3},{5D95528E-18A0-E511-9F13-005056AE52C3}</ViewIds>
                              <AutoExpand>Fixed</AutoExpand>
                              <VisualizationId>{8724FF64-6594-E511-9F13-005056AE52C3}</VisualizationId>
                              <IsUserChart>false</IsUserChart>
                              <EnableChartPicker>false</EnableChartPicker>
                              <RelationshipName />
                            </parameters>
                          </control>
                        </cell>
                        <cell id="{cbdc3914-8ede-97a4-3379-678244d7cc77}" showlabel="false" labelid="{22885eda-8fea-4a24-b4d1-2ca8ac52419f}">
                          <labels>
                            <label description="" languagecode="1033" />
                          </labels>
                        </cell>
                      </row>
                      <row>
                        <cell id="{b2b7c4cb-c5ed-1949-047b-36d1be63d729}" showlabel="false" labelid="{222a9050-1e05-424d-9f51-5090ae810d90}">
                          <labels>
                            <label description="" languagecode="1033" />
                          </labels>
                        </cell>
                      </row>
                      <row>
                        <cell id="{a7491301-1516-168b-545b-a40e0127eed8}" showlabel="false" labelid="{8cc90d0a-d70e-4483-835d-0f3e8a7e1ec7}">
                          <labels>
                            <label description="" languagecode="1033" />
                          </labels>
                        </cell>
                      </row>
                      <row>
                        <cell id="{9b84545e-7028-0e8b-d3c1-4c55eebbbc8d}" showlabel="false" labelid="{c2397e85-2ae7-4bfd-bcd4-b13f8a8e77f4}">
                          <labels>
                            <label description="" languagecode="1033" />
                          </labels>
                        </cell>
                      </row>
                      <row>
                        <cell id="{1b736ed6-3e8b-869e-e0c2-b996158996e3}" showlabel="false" labelid="{6ebd3af4-6ff2-4b32-896c-421a0f80633a}">
                          <labels>
                            <label description="" languagecode="1033" />
                          </labels>
                        </cell>
                      </row>
                      <row>
                        <cell id="{0a7cc0b1-d042-6bbe-272c-2117d6a0571b}" showlabel="false" labelid="{310d4a80-1a55-4104-ace2-890097521007}">
                          <labels>
                            <label description="" languagecode="1033" />
                          </labels>
                        </cell>
                      </row>
                      <row>
                        <cell id="{88285976-3141-e114-7dd8-2ec86d47d51e}" showlabel="false" labelid="{fe3c7b19-8271-4031-bb77-9fa929634385}">
                          <labels>
                            <label description="" languagecode="1033" />
                          </labels>
                        </cell>
                      </row>
                      <row>
                        <cell id="{bc97d341-20db-cd9d-252d-0ded6de6b0b5}" showlabel="false" labelid="{ec93c86f-f3ff-46e4-9faf-765a7e260497}">
                          <labels>
                            <label description="" languagecode="1033" />
                          </labels>
                        </cell>
                      </row>
                      <row>
                        <cell id="{163a18a5-23e0-a57b-402a-cc95aa63ba33}" showlabel="false" labelid="{d372dc5f-1e5f-4ec3-84fb-77e2e96e1275}">
                          <labels>
                            <label description="" languagecode="1033" />
                          </labels>
                        </cell>
                      </row>
                      <row>
                        <cell id="{203593c6-2565-1b6e-391b-d20b1d5bb568}" showlabel="false" labelid="{348d9d92-4315-4148-84cd-cead2be493a9}">
                          <labels>
                            <label description="" languagecode="1033" />
                          </labels>
                        </cell>
                      </row>
                      <row>
                        <cell id="{b7ee22b5-b456-7edd-4ac7-cce65408ce56}" showlabel="false" labelid="{55802244-0acc-4366-af93-2409ccbd8560}">
                          <labels>
                            <label description="" languagecode="1033" />
                          </labels>
                        </cell>
                      </row>
                      <row>
                        <cell id="{6d1e4dba-3384-5731-288e-5a5cb7d4023d}" showlabel="false" labelid="{5b322548-c963-49a2-9849-b3d368305b70}">
                          <labels>
                            <label description="" languagecode="1033" />
                          </labels>
                        </cell>
                      </row>
                    </rows>
                  </section>
                </sections>
              </column>
            </columns>
          </tab>
        </tabs>
      </form>
    </forms>
  </FormXml>
  <IntroducedVersion>1.0.1.0</IntroducedVersion>
</Dashboard>