﻿<?xml version="1.0" encoding="utf-8"?>
<Dashboard>
  <LocalizedNames>
    <LocalizedName description="CIB Pipeline Activities" languagecode="1033" />
  </LocalizedNames>
  <FormId>{e34bc3b1-2f02-e611-969e-005056ae7883}</FormId>
  <IsCustomizable>1</IsCustomizable>
  <IsDefault>0</IsDefault>
  <FormXml>
    <forms type="dashboard">
      <form>
        <tabs>
          <tab showlabel="false" verticallayout="true" id="{c9eef614-d1c0-4d25-ab57-bdb9579e66a5}">
            <labels>
              <label description="Tab" languagecode="1033" />
            </labels>
            <columns>
              <column width="100%">
                <sections>
                  <section showlabel="false" showbar="false" columns="111" id="{77f7bafa-b831-47f1-b08c-37f052dd94b8}">
                    <labels>
                      <label description="Section" languagecode="1033" />
                    </labels>
                    <rows>
                      <row>
                        <cell colspan="1" rowspan="12" showlabel="false" id="{7936eb2e-2c5d-4da6-b953-94a5996045fa}" auto="false">
                          <labels>
                            <label description="Opportunity" languagecode="1033" />
                          </labels>
                          <control id="Component2be2004" classid="{E7A81278-8635-4d9e-8D4D-59480B391C5B}">
                            <parameters>
                              <TargetEntityType>opportunity</TargetEntityType>
                              <ChartGridMode>Chart</ChartGridMode>
                              <EnableQuickFind>false</EnableQuickFind>
                              <EnableViewPicker>false</EnableViewPicker>
                              <EnableJumpBar>false</EnableJumpBar>
                              <RecordsPerPage>10</RecordsPerPage>
                              <ViewId>{E1104C3E-2DA3-E511-9F13-005056AE52C3}</ViewId>
                              <IsUserView>false</IsUserView>
                              <ViewIds />
                              <AutoExpand>Fixed</AutoExpand>
                              <VisualizationId>{1DE52773-98E0-E511-969E-005056AE7883}</VisualizationId>
                              <IsUserChart>false</IsUserChart>
                              <EnableChartPicker>false</EnableChartPicker>
                              <RelationshipName />
                            </parameters>
                          </control>
                        </cell>
                        <cell colspan="1" rowspan="12" showlabel="false" id="{810a5337-d7a2-4870-ba21-c350202bb29b}" auto="false">
                          <labels>
                            <label description="Opportunity" languagecode="1033" />
                          </labels>
                          <control id="Component647f581" classid="{E7A81278-8635-4d9e-8D4D-59480B391C5B}">
                            <parameters>
                              <TargetEntityType>opportunity</TargetEntityType>
                              <ChartGridMode>Chart</ChartGridMode>
                              <EnableQuickFind>false</EnableQuickFind>
                              <EnableViewPicker>false</EnableViewPicker>
                              <EnableJumpBar>false</EnableJumpBar>
                              <RecordsPerPage>10</RecordsPerPage>
                              <ViewId>{E1104C3E-2DA3-E511-9F13-005056AE52C3}</ViewId>
                              <IsUserView>false</IsUserView>
                              <ViewIds />
                              <AutoExpand>Fixed</AutoExpand>
                              <VisualizationId>{095DEC16-1696-E211-BE8F-00155D882404}</VisualizationId>
                              <IsUserChart>false</IsUserChart>
                              <EnableChartPicker>false</EnableChartPicker>
                              <RelationshipName />
                            </parameters>
                          </control>
                        </cell>
                        <cell colspan="1" rowspan="12" showlabel="false" id="{a9dec250-ca85-403a-8c2c-7fda3e086b54}" auto="false">
                          <labels>
                            <label description="Opportunity" languagecode="1033" />
                          </labels>
                          <control id="Componentd1f6beb" classid="{E7A81278-8635-4d9e-8D4D-59480B391C5B}">
                            <parameters>
                              <TargetEntityType>opportunity</TargetEntityType>
                              <ChartGridMode>Chart</ChartGridMode>
                              <EnableQuickFind>false</EnableQuickFind>
                              <EnableViewPicker>false</EnableViewPicker>
                              <EnableJumpBar>false</EnableJumpBar>
                              <RecordsPerPage>12</RecordsPerPage>
                              <ViewId>{5B7F795E-4F02-E611-969E-005056AE7883}</ViewId>
                              <IsUserView>false</IsUserView>
                              <ViewIds>{5B7F795E-4F02-E611-969E-005056AE7883},{5D95528E-18A0-E511-9F13-005056AE52C3}</ViewIds>
                              <AutoExpand>Fixed</AutoExpand>
                              <VisualizationId>{8843C0ED-B72B-E611-B141-005056AE789B}</VisualizationId>
                              <IsUserChart>false</IsUserChart>
                              <EnableChartPicker>false</EnableChartPicker>
                              <RelationshipName></RelationshipName>
                            </parameters>
                          </control>
                        </cell>
                      </row>
                      <row></row>
                      <row></row>
                      <row></row>
                      <row></row>
                      <row></row>
                      <row></row>
                      <row></row>
                      <row></row>
                      <row></row>
                      <row></row>
                      <row></row>
                      <row>
                        <cell colspan="1" rowspan="12" showlabel="false" id="{c8e82a56-c3c4-4676-9e9d-afb01ae6ef98}" auto="false">
                          <labels>
                            <label description="Opportunity" languagecode="1033" />
                          </labels>
                          <control id="Component4cd30ac" classid="{E7A81278-8635-4d9e-8D4D-59480B391C5B}">
                            <parameters>
                              <TargetEntityType>opportunity</TargetEntityType>
                              <ChartGridMode>Chart</ChartGridMode>
                              <EnableQuickFind>false</EnableQuickFind>
                              <EnableViewPicker>false</EnableViewPicker>
                              <EnableJumpBar>false</EnableJumpBar>
                              <RecordsPerPage>10</RecordsPerPage>
                              <ViewId>{E1104C3E-2DA3-E511-9F13-005056AE52C3}</ViewId>
                              <IsUserView>false</IsUserView>
                              <ViewIds />
                              <AutoExpand>Fixed</AutoExpand>
                              <VisualizationId>{003D7E4D-B0E7-E511-969E-005056AE7883}</VisualizationId>
                              <IsUserChart>false</IsUserChart>
                              <EnableChartPicker>false</EnableChartPicker>
                              <RelationshipName />
                            </parameters>
                          </control>
                        </cell>
                        <cell colspan="2" rowspan="12" showlabel="false" id="{64e326fa-2397-4499-af68-2cf1dbaf9406}" auto="false">
                          <labels>
                            <label description="Opportunities" languagecode="1033" />
                          </labels>
                          <control id="Componenta147eab" classid="{E7A81278-8635-4d9e-8D4D-59480B391C5B}">
                            <parameters>
                              <TargetEntityType>opportunity</TargetEntityType>
                              <ChartGridMode>Grid</ChartGridMode>
                              <EnableQuickFind>true</EnableQuickFind>
                              <EnableViewPicker>true</EnableViewPicker>
                              <EnableJumpBar>true</EnableJumpBar>
                              <RecordsPerPage>8</RecordsPerPage>
                              <ViewId>{3F714626-4F02-E611-969E-005056AE7883}</ViewId>
                              <IsUserView>false</IsUserView>
                              <ViewIds></ViewIds>
                              <AutoExpand>Fixed</AutoExpand>
                              <VisualizationId>{8BC5FB18-48F2-4782-9E16-3D452FA4DDCE}</VisualizationId>
                              <IsUserChart>false</IsUserChart>
                              <EnableChartPicker>false</EnableChartPicker>
                              <RelationshipName></RelationshipName>
                            </parameters>
                          </control>
                        </cell>
                      </row>
                      <row></row>
                      <row></row>
                      <row></row>
                      <row></row>
                      <row></row>
                      <row></row>
                      <row></row>
                      <row></row>
                      <row></row>
                      <row></row>
                      <row></row>
                    </rows>
                  </section>
                </sections>
              </column>
            </columns>
          </tab>
        </tabs>
      </form>
    </forms>
  </FormXml>
  <IntroducedVersion>1.0.0.0</IntroducedVersion>
</Dashboard>