﻿<?xml version="1.0" encoding="utf-8"?>
<Dashboard>
  <LocalizedNames>
    <LocalizedName description="My Pipeline Activities" languagecode="1033" />
  </LocalizedNames>
  <FormId>{f25d263a-0cd4-e511-bb31-005056ae52c3}</FormId>
  <IsCustomizable>1</IsCustomizable>
  <IsDefault>1</IsDefault>
  <FormXml>
    <forms type="dashboard">
      <form>
        <tabs>
          <tab showlabel="false" verticallayout="true" id="{cbb67dc0-539c-4424-be48-c0cefc9642fb}" name="{cbb67dc0-539c-4424-be48-c0cefc9642fb}" locklevel="0" expanded="true">
            <labels>
              <label description="Tab" languagecode="1033" />
            </labels>
            <columns>
              <column width="100%">
                <sections>
                  <section showlabel="false" showbar="false" columns="111" id="{1404beec-b380-4129-8576-67d3e3e40712}">
                    <labels>
                      <label description="Section" languagecode="1033" />
                    </labels>
                    <rows>
                      <row>
                        <cell colspan="1" rowspan="12" showlabel="false" id="{ef389df7-7988-4545-8654-d713654b4f4a}" auto="false">
                          <labels>
                            <label description="CEO Activities" languagecode="1033" />
                          </labels>
                          <control id="Component8ecc187" classid="{E7A81278-8635-4d9e-8D4D-59480B391C5B}">
                            <parameters>
                              <TargetEntityType>rbsm_ceoactivity</TargetEntityType>
                              <ChartGridMode>Grid</ChartGridMode>
                              <EnableQuickFind>true</EnableQuickFind>
                              <EnableViewPicker>true</EnableViewPicker>
                              <EnableJumpBar>true</EnableJumpBar>
                              <RecordsPerPage>8</RecordsPerPage>
                              <ViewId>{91F5F597-A7D1-E511-BB31-005056AE52C3}</ViewId>
                              <IsUserView>false</IsUserView>
                              <ViewIds />
                              <AutoExpand>Fixed</AutoExpand>
                              <VisualizationId />
                              <IsUserChart>false</IsUserChart>
                              <EnableChartPicker>false</EnableChartPicker>
                              <RelationshipName />
                            </parameters>
                          </control>
                        </cell>
                        <cell colspan="1" rowspan="12" showlabel="false" id="{d6a42090-a293-4c55-98f5-4edd7ee15883}" auto="false">
                          <labels>
                            <label description="Activities" languagecode="1033" />
                          </labels>
                          <control id="Componentb779d08" classid="{E7A81278-8635-4d9e-8D4D-59480B391C5B}">
                            <parameters>
                              <TargetEntityType>activitypointer</TargetEntityType>
                              <ChartGridMode>Grid</ChartGridMode>
                              <EnableQuickFind>true</EnableQuickFind>
                              <EnableViewPicker>true</EnableViewPicker>
                              <EnableJumpBar>true</EnableJumpBar>
                              <RecordsPerPage>8</RecordsPerPage>
                              <ViewId>{00000000-0000-0000-00AA-000010001899}</ViewId>
                              <IsUserView>false</IsUserView>
                              <ViewIds />
                              <AutoExpand>Fixed</AutoExpand>
                              <VisualizationId />
                              <IsUserChart>false</IsUserChart>
                              <EnableChartPicker>false</EnableChartPicker>
                              <RelationshipName />
                            </parameters>
                          </control>
                        </cell>
                        <cell colspan="1" rowspan="12" showlabel="false" id="{d4377ee9-c800-4227-a292-ff58a2b4477c}" auto="false">
                          <labels>
                            <label description="Opportunity" languagecode="1033" />
                          </labels>
                          <control id="Componentb173cbe" classid="{E7A81278-8635-4d9e-8D4D-59480B391C5B}">
                            <parameters>
                              <TargetEntityType>opportunity</TargetEntityType>
                              <ChartGridMode>Chart</ChartGridMode>
                              <EnableQuickFind>false</EnableQuickFind>
                              <EnableViewPicker>false</EnableViewPicker>
                              <EnableJumpBar>false</EnableJumpBar>
                              <RecordsPerPage>12</RecordsPerPage>
                              <ViewId>{00000000-0000-0000-00AA-000010003000}</ViewId>
                              <IsUserView>false</IsUserView>
                              <ViewIds>{5D95528E-18A0-E511-9F13-005056AE52C3}</ViewIds>
                              <AutoExpand>Fixed</AutoExpand>
                              <VisualizationId>{F45E562D-99E0-E511-969E-005056AE7883}</VisualizationId>
                              <IsUserChart>false</IsUserChart>
                              <EnableChartPicker>false</EnableChartPicker>
                              <RelationshipName />
                            </parameters>
                          </control>
                        </cell>
                      </row>
                      <row />
                      <row />
                      <row />
                      <row />
                      <row />
                      <row />
                      <row />
                      <row />
                      <row />
                      <row />
                      <row />
                    </rows>
                  </section>
                </sections>
              </column>
            </columns>
          </tab>
          <tab showlabel="false" verticallayout="true" id="{d104057a-9d94-4257-8073-7dead5f7f974}" name="{d104057a-9d94-4257-8073-7dead5f7f974}" locklevel="0" expanded="true">
            <labels>
              <label description="Tab" languagecode="1033" />
            </labels>
            <columns>
              <column width="100%">
                <sections>
                  <section showlabel="false" showbar="false" columns="111" id="{04578fad-21cd-433a-b55d-613b0517d6e1}">
                    <labels>
                      <label description="Section" languagecode="1033" />
                    </labels>
                    <rows>
                      <row>
                        <cell colspan="3" rowspan="12" showlabel="false" id="{cf2c7207-24ce-4006-8225-36a3082a162c}" auto="false">
                          <labels>
                            <label description="Opportunities" languagecode="1033" />
                          </labels>
                          <control id="Component76afe05" classid="{E7A81278-8635-4d9e-8D4D-59480B391C5B}">
                            <parameters>
                              <TargetEntityType>opportunity</TargetEntityType>
                              <ChartGridMode>Grid</ChartGridMode>
                              <EnableQuickFind>true</EnableQuickFind>
                              <EnableViewPicker>true</EnableViewPicker>
                              <EnableJumpBar>true</EnableJumpBar>
                              <RecordsPerPage>8</RecordsPerPage>
                              <ViewId>{00000000-0000-0000-00AA-000010003000}</ViewId>
                              <IsUserView>false</IsUserView>
                              <ViewIds />
                              <AutoExpand>Fixed</AutoExpand>
                              <VisualizationId />
                              <IsUserChart>false</IsUserChart>
                              <EnableChartPicker>false</EnableChartPicker>
                              <RelationshipName />
                            </parameters>
                          </control>
                        </cell>
                      </row>
                      <row />
                      <row />
                      <row />
                      <row />
                      <row />
                      <row />
                      <row />
                      <row />
                      <row />
                      <row />
                      <row />
                    </rows>
                  </section>
                </sections>
              </column>
            </columns>
          </tab>
        </tabs>
      </form>
    </forms>
  </FormXml>
  <IntroducedVersion>1.0.0.0</IntroducedVersion>
</Dashboard>