﻿<?xml version="1.0" encoding="utf-8"?>
<savedquery>
  <isquickfindquery>0</isquickfindquery>
  <isprivate>0</isprivate>
  <isdefault>0</isdefault>
  <returnedtypecode>8</returnedtypecode>
  <savedqueryid>{f79ad170-ae03-4f4c-8132-d4aa08520a0c}</savedqueryid>
  <queryapi></queryapi>
  <layoutxml>
    <grid name="systemusers" object="8" jump="fullname" select="1" icon="1" preview="1">
      <row name="systemuser" id="systemuserid">
        <cell name="fullname" width="200" />
        <cell name="businessunitid" width="125" />
        <cell name="internalemailaddress" width="10" />
        <cell name="mobilephone" width="200" />
        <cell name="internalemailaddress" ishidden="1" />
      </row>
    </grid>
  </layoutxml>
  <querytype>0</querytype>
  <fetchxml>
    <fetch version="1.0" output-format="xml-platform" mapping="logical">
      <entity name="systemuser">
        <attribute name="fullname" />
        <attribute name="internalemailaddress" />
        <order attribute="fullname" descending="false" />
        <attribute name="internalemailaddress" />
        <attribute name="businessunitid" />
        <attribute name="mobilephone" />
        <attribute name="systemuserid" />
      </entity>
    </fetch>
  </fetchxml>
  <IntroducedVersion>6.0.0.0</IntroducedVersion>
  <LocalizedNames>
    <LocalizedName description="Associated Record Team Members" languagecode="1033" />
  </LocalizedNames>
</savedquery>