﻿<?xml version="1.0" encoding="utf-8"?>
<systemform>
  <formid>{6a8262a8-3152-4306-a9ac-0e69a0b387b6}</formid>
  <IntroducedVersion>0.0.0.1</IntroducedVersion>
  <FormPresentation>1</FormPresentation>
  <FormActivationState>1</FormActivationState>
  <form maxWidth="1900">
    <tabs>
      <tab id="{e63e8b27-cd3b-474b-ad45-eaa98c843c46}" name="tab_clientaccessrequest" showlabel="false" locklevel="0" expanded="true" availableforphone="false">
        <labels>
          <label description="Client Access Request" languagecode="1033" />
        </labels>
        <columns>
          <column width="33%">
            <sections>
              <section id="{bcc2a3cf-df49-41e0-83da-23980e39a918}" name="tab_1_column_1_section_1" columns="1" showlabel="false" showbar="false" IsUserDefined="0">
                <labels>
                  <label description="section" languagecode="1033" />
                </labels>
                <rows>
                  <row>
                    <cell id="{6ba3b4ac-6aca-a359-e784-a147322c4a8c}" showlabel="true" locklevel="0">
                      <labels>
                        <label description="Client" languagecode="1033" />
                      </labels>
                      <control id="nwm_client" classid="{270BD3DB-D9AF-4782-9025-509E298DEC0A}" datafieldname="nwm_client" disabled="false" />
                    </cell>
                  </row>
                  <row>
                    <cell id="{044c9d1b-9324-8e2e-d5ad-83374cdae95e}" showlabel="true" locklevel="0">
                      <labels>
                        <label description="User" languagecode="1033" />
                      </labels>
                      <control id="nwm_user" classid="{270BD3DB-D9AF-4782-9025-509E298DEC0A}" datafieldname="nwm_user" disabled="false" />
                    </cell>
                  </row>
                  <row>
                    <cell id="{d3ec65b3-90e6-93d3-cce7-0622ab8494ae}" showlabel="true" locklevel="0">
                      <labels>
                        <label description="Coverage Role" languagecode="1033" />
                      </labels>
                      <control id="nwm_coveragerole" classid="{3EF39988-22BB-4f0b-BBBE-64B5A3748AEE}" datafieldname="nwm_coveragerole" disabled="false" />
                    </cell>
                  </row>
                  <row>
                    <cell id="{683c8de4-707a-059c-b50d-cc5ba305ce02}" showlabel="true" locklevel="0">
                      <labels>
                        <label description="Request Type" languagecode="1033" />
                      </labels>
                      <control id="nwm_requesttype" classid="{3EF39988-22BB-4f0b-BBBE-64B5A3748AEE}" datafieldname="nwm_requesttype" disabled="false" />
                    </cell>
                  </row>
                  <row>
                    <cell id="{9a4d88d7-5c6c-5841-6ac8-a219437b796d}" showlabel="true" locklevel="0" rowspan="2">
                      <labels>
                        <label description="Comment" languagecode="1033" />
                      </labels>
                      <control id="nwm_comment" classid="{E0DECE4B-6FC8-4a8f-A065-082708572369}" datafieldname="nwm_comment" disabled="false" uniqueid="{289d0d13-497c-62cd-44c4-39acb07de779}" />
                    </cell>
                  </row>
                  <row />
                  <row>
                    <cell id="{1398a5d1-a5d1-6752-dd8e-c33459de7ba3}" showlabel="true" locklevel="0">
                      <labels>
                        <label description="Direct Submit" languagecode="1033" />
                      </labels>
                      <control id="nwm_directsubmit" classid="{B0C6723A-8503-4fd7-BB28-C8A06AC933C2}" datafieldname="nwm_directsubmit" disabled="false" uniqueid="{1e97aa7c-a11b-ba8b-1773-57cb625a08ba}" />
                    </cell>
                  </row>
                </rows>
              </section>
            </sections>
          </column>
          <column width="33%">
            <sections>
              <section id="{67e93b99-27df-4f1e-a887-c84e89107d6b}" name="tab_1_column_2_section_1" columns="1" showlabel="false" showbar="false" IsUserDefined="0">
                <labels>
                  <label description="section" languagecode="1033" />
                </labels>
                <rows>
                  <row>
                    <cell id="{054b6c6f-f1b9-4575-a37d-8873d448ae5a}" showlabel="false">
                      <labels>
                        <label description="" languagecode="1033" />
                      </labels>
                    </cell>
                  </row>
                </rows>
              </section>
            </sections>
          </column>
          <column width="33%">
            <sections>
              <section id="{84a1787f-6b8c-4951-9f47-10c6fa44c969}" name="tab_1_column_3_section_1" columns="1" showlabel="false" showbar="false" IsUserDefined="0">
                <labels>
                  <label description="section" languagecode="1033" />
                </labels>
                <rows>
                  <row>
                    <cell id="{55750596-e560-4f85-a2f3-777af0c052a1}" showlabel="false">
                      <labels>
                        <label description="" languagecode="1033" />
                      </labels>
                    </cell>
                  </row>
                </rows>
              </section>
            </sections>
          </column>
        </columns>
      </tab>
    </tabs>
    <controlDescriptions />
    <formLibraries>
      <Library name="nwm_/Script/Telemetry.js" libraryUniqueId="{9bc8288d-ab36-8c4a-6e6a-4bc97565bd67}" />
    </formLibraries>
    <events>
      <event name="onload" application="false" active="false">
        <Handlers>
          <Handler functionName="captureTelemetry" libraryName="nwm_/Script/Telemetry.js" handlerUniqueId="{4c90e3ca-157d-b5a8-b443-5a715cc35397}" enabled="true" parameters="" passExecutionContext="false" />
        </Handlers>
      </event>
    </events>
    <DisplayConditions Order="1">
      <Role Id="{627090ff-40a3-4053-8790-584edc5be201}" />
      <Role Id="{119f245c-3cc8-4b62-b31c-d1a046ced15d}" />
    </DisplayConditions>
  </form>
  <IsCustomizable>1</IsCustomizable>
  <CanBeDeleted>1</CanBeDeleted>
  <LocalizedNames>
    <LocalizedName description="New Form" languagecode="1033" />
  </LocalizedNames>
</systemform>