﻿<?xml version="1.0" encoding="utf-8"?>
<systemform unmodified="1">
  <formid>{d26924ef-4d80-46f7-ab1d-e6ae80a54ce8}</formid>
  <IntroducedVersion>8.2.0.0</IntroducedVersion>
  <FormPresentation>1</FormPresentation>
  <FormActivationState>1</FormActivationState>
  <form showImage="true">
    <ancestor id="{dc997a6b-d4a8-48e0-be9a-a9a7ac1d4039}" />
    <hiddencontrols>
      <data id="emailrouteraccessapproval" datafieldname="emailrouteraccessapproval" classid="{5546E6CD-394C-4bee-94A8-4425E17EF6C6}" />
      <data id="outgoingemaildeliverymethod" datafieldname="outgoingemaildeliverymethod" classid="{5546E6CD-394C-4bee-94A8-4425E17EF6C6}" />
      <data id="incomingemaildeliverymethod" datafieldname="incomingemaildeliverymethod" classid="{5546E6CD-394C-4bee-94A8-4425E17EF6C6}" />
    </hiddencontrols>
    <tabs>
      <tab name="SUMMARY_TAB" id="{b4df8366-c804-4b62-a973-97d00cf9898b}" IsUserDefined="0" showlabel="true" expanded="true">
        <labels>
          <label description="Summary" languagecode="1033" />
        </labels>
        <columns>
          <column width="28%">
            <sections>
              <section name="onpremise account information" showlabel="true" showbar="true" id="{861c0ea7-e1bf-41c6-af29-44620286f46a}" IsUserDefined="0" locklevel="0">
                <labels>
                  <label description="Account Information" languagecode="1033" />
                </labels>
                <rows>
                  <row>
                    <cell auto="false" showlabel="true" locklevel="0" rowspan="1" colspan="1" id="{27a1c94b-2260-453c-902d-ea8c733452b0}">
                      <labels>
                        <label description="User Name" languagecode="1033" />
                      </labels>
                      <control id="domainname" classid="{4273EDBD-AC1D-40d3-9FB2-095C621B552D}" datafieldname="domainname" disabled="false" />
                    </cell>
                  </row>
                  <row>
                    <cell id="{658f6715-944b-42a6-aec4-7ebcb66501f5}">
                      <labels>
                        <label description="Application ID" languagecode="1033" />
                      </labels>
                      <control id="applicationid" classid="{4273EDBD-AC1D-40d3-9FB2-095C621B552D}" datafieldname="applicationid" />
                    </cell>
                  </row>
                  <row>
                    <cell id="{2f89c8b0-e957-4c99-a61b-0b1a9294394f}">
                      <labels>
                        <label description="Application ID URI" languagecode="1033" />
                      </labels>
                      <control id="applicationiduri" classid="{4273EDBD-AC1D-40d3-9FB2-095C621B552D}" datafieldname="applicationiduri" />
                    </cell>
                  </row>
                  <row>
                    <cell id="{0673139a-042b-41d9-9958-ab151cb6e059}">
                      <labels>
                        <label description="Azure AD Object ID" languagecode="1033" />
                      </labels>
                      <control id="azureactivedirectoryobjectid" classid="{4273EDBD-AC1D-40d3-9FB2-095C621B552D}" datafieldname="azureactivedirectoryobjectid" />
                    </cell>
                  </row>
                </rows>
              </section>
              <section name="user information" showlabel="true" showbar="true" id="{9386e20c-b937-4b04-a112-eadb556f7d47}" IsUserDefined="0" locklevel="0">
                <labels>
                  <label description="User Information" languagecode="1033" />
                </labels>
                <rows>
                  <row>
                    <cell id="{e0cb0ab8-8532-4a1d-aa24-c926da926f0c}">
                      <labels>
                        <label description="Full Name" languagecode="1033" />
                      </labels>
                      <control id="fullname" classid="{4273EDBD-AC1D-40d3-9FB2-095C621B552D}" datafieldname="fullname" />
                    </cell>
                  </row>
                  <row>
                    <cell id="{8bdbd9da-3986-4a1e-8c4f-3b977f04361b}">
                      <labels>
                        <label description="Primary Email" languagecode="1033" />
                      </labels>
                      <control id="internalemailaddress" classid="{ADA2203E-B4CD-49be-9DDF-234642B43B52}" datafieldname="internalemailaddress" />
                    </cell>
                  </row>
                </rows>
              </section>
            </sections>
          </column>
        </columns>
      </tab>
    </tabs>
    <footer id="{70d00118-9d66-4a82-b2e9-3fb7bab29cb9}">
      <rows>
        <row>
          <cell id="{d9bca1fc-3281-4acb-84ed-c87a6c94c0e5}">
            <labels>
              <label description="Status" languagecode="1033" />
            </labels>
            <control id="footer_isdisabled" classid="{3EF39988-22BB-4f0b-BBBE-64B5A3748AEE}" datafieldname="isdisabled" />
          </cell>
        </row>
      </rows>
    </footer>
    <clientresources>
      <internalresources>
        <clientincludes>
          <internaljscriptfile src="/_static/_controls/lookup/lookup.js" />
          <internaljscriptfile src="/_static/_grid/cmds/util.js" />
          <internaljscriptfile src="/_static/biz/users/systemuser.js" />
          <internaljscriptfile src="/_static/biz/teams/members.js" />
          <internaljscriptfile src="$webresource:SystemUser_main_system_library.js" />
        </clientincludes>
        <clientvariables>
          <internaljscriptvariable name="LOCID_REASSIGNINGRECORDS" resourceid="Message_Reassigning_Records" />
        </clientvariables>
      </internalresources>
    </clientresources>
    <events>
      <event name="onchange" application="true" active="true" attribute="domainname">
        <InternalHandlers>
          <Handler functionName="Mscrm.domainname_onchange" libraryName="SystemUser_main_system_library.js" handlerUniqueId="d3b227fb-f3b5-4106-ab55-1cbd9edd1946" enabled="true">
            <dependencies>
              <dependency id="domainname" />
            </dependencies>
          </Handler>
        </InternalHandlers>
      </event>
      <event name="onchange" application="true" active="true" attribute="applicationid">
        <InternalHandlers>
          <Handler functionName="applicationIdOnChange" libraryName="SystemUser_main_system_library.js" handlerUniqueId="503d7cdc-acf4-4b02-9569-85ad1cbfad7b" enabled="true">
            <dependencies>
              <dependency id="applicationid" />
            </dependencies>
          </Handler>
        </InternalHandlers>
      </event>
      <event name="onchange" application="true" active="true" attribute="internalemailaddress">
        <InternalHandlers>
          <Handler functionName="primaryemailOnChange" libraryName="SystemUser_main_system_library.js" handlerUniqueId="156053f1-0eee-4c98-89de-e317a7733ecc" enabled="true">
            <dependencies>
              <dependency id="internalemailaddress" />
            </dependencies>
          </Handler>
        </InternalHandlers>
      </event>
      <event name="onload" application="true" active="true">
        <InternalHandlers>
          <Handler functionName="Mscrm.Form_onload" libraryName="SystemUser_main_system_library.js" handlerUniqueId="de67cc7a-a007-412e-a011-fcc38a62ca01" enabled="true">
            <dependencies />
          </Handler>
        </InternalHandlers>
      </event>
    </events>
    <Navigation>
      <NavBar />
      <NavBarAreas>
        <NavBarArea Id="Info">
          <Titles>
            <Title LCID="1033" Text="Common" />
            <Title LCID="1025" Text="عام" />
            <Title LCID="1026" Text="Общо" />
            <Title LCID="1027" Text="Comú" />
            <Title LCID="1029" Text="Společné" />
            <Title LCID="1030" Text="Almindelig" />
            <Title LCID="1031" Text="Gemeinsam verwendet" />
            <Title LCID="1032" Text="Κοινή" />
            <Title LCID="3082" Text="Común" />
            <Title LCID="1061" Text="Ühine" />
            <Title LCID="1069" Text="Ohikoak" />
            <Title LCID="1035" Text="Yhteiset" />
            <Title LCID="1036" Text="Éléments communs" />
            <Title LCID="1110" Text="Común" />
            <Title LCID="1037" Text="פריטים נפוצים‬" />
            <Title LCID="1081" Text="सामान्य" />
            <Title LCID="1050" Text="Uobičajeno" />
            <Title LCID="1038" Text="Általános" />
            <Title LCID="1057" Text="Umum" />
            <Title LCID="1040" Text="Elementi comuni" />
            <Title LCID="1041" Text="共通" />
            <Title LCID="1087" Text="Жалпы" />
            <Title LCID="1042" Text="일반" />
            <Title LCID="1063" Text="Bendra" />
            <Title LCID="1062" Text="Vispārīgi" />
            <Title LCID="1086" Text="Umum" />
            <Title LCID="1044" Text="Felles" />
            <Title LCID="1043" Text="Algemeen" />
            <Title LCID="1045" Text="Wspólne" />
            <Title LCID="1046" Text="Comum" />
            <Title LCID="2070" Text="Comuns" />
            <Title LCID="1048" Text="Comun" />
            <Title LCID="1049" Text="Общее" />
            <Title LCID="1051" Text="Spoločné" />
            <Title LCID="1060" Text="Splošno" />
            <Title LCID="10266" Text="Уобичајено" />
            <Title LCID="9242" Text="Uobičajeno" />
            <Title LCID="1053" Text="Standard" />
            <Title LCID="1054" Text="ทั่วไป" />
            <Title LCID="1055" Text="Ortak" />
            <Title LCID="1058" Text="Спільні" />
            <Title LCID="1066" Text="Thông thường" />
            <Title LCID="2052" Text="通用" />
            <Title LCID="3076" Text="一般" />
            <Title LCID="1028" Text="一般" />
          </Titles>
        </NavBarArea>
        <NavBarArea Id="Sales">
          <Titles>
            <Title LCID="1033" Text="Sales" />
            <Title LCID="1025" Text="مبيعات" />
            <Title LCID="1026" Text="Продажби" />
            <Title LCID="1027" Text="Vendes" />
            <Title LCID="1029" Text="Prodej" />
            <Title LCID="1030" Text="Salg" />
            <Title LCID="1031" Text="Vertrieb" />
            <Title LCID="1032" Text="Πωλήσεις" />
            <Title LCID="3082" Text="Ventas" />
            <Title LCID="1061" Text="Müük" />
            <Title LCID="1069" Text="Salmentak" />
            <Title LCID="1035" Text="Myynti" />
            <Title LCID="1036" Text="Ventes" />
            <Title LCID="1110" Text="Vendas" />
            <Title LCID="1037" Text="מכירות" />
            <Title LCID="1081" Text="विक्रय" />
            <Title LCID="1050" Text="Prodaja" />
            <Title LCID="1038" Text="Értékesítés" />
            <Title LCID="1057" Text="Penjualan" />
            <Title LCID="1040" Text="Vendite" />
            <Title LCID="1041" Text="営業" />
            <Title LCID="1087" Text="Сатылым" />
            <Title LCID="1042" Text="영업" />
            <Title LCID="1063" Text="Pardavimas" />
            <Title LCID="1062" Text="Pārdošana" />
            <Title LCID="1086" Text="Jualan" />
            <Title LCID="1044" Text="Salg" />
            <Title LCID="1043" Text="Verkoop" />
            <Title LCID="1045" Text="Sprzedaż" />
            <Title LCID="1046" Text="Vendas" />
            <Title LCID="2070" Text="Vendas" />
            <Title LCID="1048" Text="Vânzări" />
            <Title LCID="1049" Text="Продажи" />
            <Title LCID="1051" Text="Predaj" />
            <Title LCID="1060" Text="Prodaja" />
            <Title LCID="10266" Text="Продаја" />
            <Title LCID="9242" Text="Prodaja" />
            <Title LCID="1053" Text="Försäljning" />
            <Title LCID="1054" Text="การขาย" />
            <Title LCID="1055" Text="Satış" />
            <Title LCID="1058" Text="Збут" />
            <Title LCID="1066" Text="Bán hàng" />
            <Title LCID="2052" Text="销售" />
            <Title LCID="3076" Text="銷售" />
            <Title LCID="1028" Text="銷售" />
          </Titles>
        </NavBarArea>
        <NavBarArea Id="Service">
          <Titles>
            <Title LCID="1033" Text="Service" />
            <Title LCID="1025" Text="خدمة" />
            <Title LCID="1026" Text="Услуга" />
            <Title LCID="1027" Text="Servei" />
            <Title LCID="1029" Text="Služby" />
            <Title LCID="1030" Text="Service" />
            <Title LCID="1031" Text="Service" />
            <Title LCID="1032" Text="Εξυπηρέτηση" />
            <Title LCID="3082" Text="Servicio" />
            <Title LCID="1061" Text="Teenindus" />
            <Title LCID="1069" Text="Zerbitzua" />
            <Title LCID="1035" Text="Palvelu" />
            <Title LCID="1036" Text="Service" />
            <Title LCID="1110" Text="Servizo" />
            <Title LCID="1037" Text="שירות" />
            <Title LCID="1081" Text="सेवा" />
            <Title LCID="1050" Text="Usluga" />
            <Title LCID="1038" Text="Szolgáltatás" />
            <Title LCID="1057" Text="Layanan" />
            <Title LCID="1040" Text="Servizio" />
            <Title LCID="1041" Text="サービス" />
            <Title LCID="1087" Text="Қызмет" />
            <Title LCID="1042" Text="서비스" />
            <Title LCID="1063" Text="Aptarnavimas" />
            <Title LCID="1062" Text="Serviss" />
            <Title LCID="1086" Text="Perkhidmatan" />
            <Title LCID="1044" Text="Service" />
            <Title LCID="1043" Text="Service" />
            <Title LCID="1045" Text="Usługa" />
            <Title LCID="1046" Text="Serviço" />
            <Title LCID="2070" Text="Serviço" />
            <Title LCID="1048" Text="Serviciu" />
            <Title LCID="1049" Text="Сервис" />
            <Title LCID="1051" Text="Služba" />
            <Title LCID="1060" Text="Storitev" />
            <Title LCID="10266" Text="Услуга" />
            <Title LCID="9242" Text="Usluga" />
            <Title LCID="1053" Text="Tjänst" />
            <Title LCID="1054" Text="การบริการ" />
            <Title LCID="1055" Text="Servis" />
            <Title LCID="1058" Text="Обслуговування" />
            <Title LCID="1066" Text="Dịch vụ" />
            <Title LCID="2052" Text="服务" />
            <Title LCID="3076" Text="服務" />
            <Title LCID="1028" Text="服務" />
          </Titles>
        </NavBarArea>
        <NavBarArea Id="Marketing">
          <Titles>
            <Title LCID="1033" Text="Marketing" />
            <Title LCID="1025" Text="التسويق" />
            <Title LCID="1026" Text="Маркетинг" />
            <Title LCID="1027" Text="Màrqueting" />
            <Title LCID="1029" Text="Marketing" />
            <Title LCID="1030" Text="Marketing" />
            <Title LCID="1031" Text="Marketing" />
            <Title LCID="1032" Text="Μάρκετινγκ" />
            <Title LCID="3082" Text="Marketing" />
            <Title LCID="1061" Text="Turundus" />
            <Title LCID="1069" Text="Marketina" />
            <Title LCID="1035" Text="Markkinointi" />
            <Title LCID="1036" Text="Marketing" />
            <Title LCID="1110" Text="Márketing" />
            <Title LCID="1037" Text="שיווק" />
            <Title LCID="1081" Text="मार्केटिंग" />
            <Title LCID="1050" Text="Marketing" />
            <Title LCID="1038" Text="Marketing" />
            <Title LCID="1057" Text="Pemasaran" />
            <Title LCID="1040" Text="Marketing" />
            <Title LCID="1041" Text="マーケティング" />
            <Title LCID="1087" Text="Маркетинг" />
            <Title LCID="1042" Text="마케팅" />
            <Title LCID="1063" Text="Rinkodara" />
            <Title LCID="1062" Text="Mārketings" />
            <Title LCID="1086" Text="Pemasaran" />
            <Title LCID="1044" Text="Markedsføring" />
            <Title LCID="1043" Text="Marketing" />
            <Title LCID="1045" Text="Marketing" />
            <Title LCID="1046" Text="Marketing" />
            <Title LCID="2070" Text="Marketing" />
            <Title LCID="1048" Text="Marketing" />
            <Title LCID="1049" Text="Маркетинг" />
            <Title LCID="1051" Text="Marketing" />
            <Title LCID="1060" Text="Trženje" />
            <Title LCID="10266" Text="Маркетинг" />
            <Title LCID="9242" Text="Marketing" />
            <Title LCID="1053" Text="Marknadsföring" />
            <Title LCID="1054" Text="การตลาด" />
            <Title LCID="1055" Text="Pazarlama" />
            <Title LCID="1058" Text="Маркетинг" />
            <Title LCID="1066" Text="Tiếp thị" />
            <Title LCID="2052" Text="市场营销" />
            <Title LCID="3076" Text="行銷" />
            <Title LCID="1028" Text="行銷" />
          </Titles>
        </NavBarArea>
        <NavBarArea Id="ProcessCenter">
          <Titles>
            <Title LCID="1033" Text="Processes" />
            <Title LCID="1025" Text="‏‏العمليات" />
            <Title LCID="1026" Text="Процеси" />
            <Title LCID="1027" Text="Processos" />
            <Title LCID="1029" Text="Procesy" />
            <Title LCID="1030" Text="Processer" />
            <Title LCID="1031" Text="Prozesse" />
            <Title LCID="1032" Text="Διεργασίες" />
            <Title LCID="3082" Text="Procesos" />
            <Title LCID="1061" Text="Protsessid" />
            <Title LCID="1069" Text="Prozesuak" />
            <Title LCID="1035" Text="Prosessit" />
            <Title LCID="1036" Text="Processus" />
            <Title LCID="1110" Text="Procesos" />
            <Title LCID="1037" Text="תהליכים" />
            <Title LCID="1081" Text="प्रक्रियाएँ" />
            <Title LCID="1050" Text="Procesi" />
            <Title LCID="1038" Text="Folyamatok" />
            <Title LCID="1057" Text="Proses" />
            <Title LCID="1040" Text="Processi" />
            <Title LCID="1041" Text="プロセス" />
            <Title LCID="1087" Text="Процестер" />
            <Title LCID="1042" Text="프로세스" />
            <Title LCID="1063" Text="Procesai" />
            <Title LCID="1062" Text="Procesi" />
            <Title LCID="1086" Text="Proses" />
            <Title LCID="1044" Text="Prosesser" />
            <Title LCID="1043" Text="Processen" />
            <Title LCID="1045" Text="Procesy" />
            <Title LCID="1046" Text="Processos" />
            <Title LCID="2070" Text="Processos" />
            <Title LCID="1048" Text="Procese" />
            <Title LCID="1049" Text="Процессы" />
            <Title LCID="1051" Text="Procesy" />
            <Title LCID="1060" Text="Procesi" />
            <Title LCID="10266" Text="Процеси" />
            <Title LCID="9242" Text="Procesi" />
            <Title LCID="1053" Text="Processer" />
            <Title LCID="1054" Text="กระบวนการ" />
            <Title LCID="1055" Text="İşlemler" />
            <Title LCID="1058" Text="Процеси" />
            <Title LCID="1066" Text="Quy trình" />
            <Title LCID="2052" Text="流程" />
            <Title LCID="3076" Text="程序" />
            <Title LCID="1028" Text="程序" />
          </Titles>
        </NavBarArea>
      </NavBarAreas>
    </Navigation>
    <DisplayConditions FallbackForm="true" Order="3">
      <Everyone />
    </DisplayConditions>
  </form>
  <LocalizedNames>
    <LocalizedName description="Application User" languagecode="1033" />
  </LocalizedNames>
  <Descriptions>
    <Description description="Application User Form" languagecode="1033" />
  </Descriptions>
</systemform>