﻿<?xml version="1.0" encoding="utf-8"?>
<savedquery>
  <IsCustomizable>1</IsCustomizable>
  <CanBeDeleted>1</CanBeDeleted>
  <isquickfindquery>0</isquickfindquery>
  <isprivate>0</isprivate>
  <isdefault>1</isdefault>
  <savedqueryid>{30e83eb0-bb9e-e711-80e4-3863bb35fc90}</savedqueryid>
  <querytype>8192</querytype>
  <fetchxml>
    <fetch version="1.0" mapping="logical" output-format="xml-platform">
      <entity name="rbs_notificationrecipient">
        <attribute name="rbs_notificationrecipientid" />
        <filter type="and">
          <condition attribute="statecode" operator="eq" value="0" />
          <condition attribute="ownerid" operator="eq-userid" />
        </filter>
      </entity>
    </fetch>
  </fetchxml>
  <IntroducedVersion>1.0.0.0</IntroducedVersion>
  <LocalizedNames>
    <LocalizedName description="My Notification Recipients" languagecode="1033" />
  </LocalizedNames>
  <Descriptions>
    <Description description="Active Notification Recipients owned by me" languagecode="1033" />
  </Descriptions>
</savedquery>