<?xml version="1.0" encoding="utf-8"?>
<forms xmlns:xsi="http://www.w3.org/2001/XMLSchema-instance">
  <systemform>
    <formid>{07061fe6-3020-46a1-bf58-fa4d8b29c5b3}</formid>
    <IntroducedVersion>1.0</IntroducedVersion>
    <FormPresentation>1</FormPresentation>
    <FormActivationState>1</FormActivationState>
    <form>
      <tabs>
        <tab
          verticallayout="true"
          id="{5867f8a7-ac9d-42c2-ae8d-0617a5ce551f}"
          IsUserDefined="1">
          <labels>
            <label
              description="General"
              languagecode="1033" />
            <label
              description="Umum"
              languagecode="1086" />
          </labels>
          <columns>
            <column
              width="100%">
              <sections>
                <section
                  showlabel="false"
                  showbar="false"
                  IsUserDefined="0"
                  id="{5fca773c-e3aa-4d89-b256-821af1c7be68}">
                  <labels>
                    <label
                      description="General"
                      languagecode="1033" />
                    <label
                      description="Umum"
                      languagecode="1086" />
                  </labels>
                  <rows>
                    <row>
                      <cell
                        id="{4e1e1914-8d0a-4219-9137-1ca60992d045}">
                        <labels>
                          <label
                            description="Name"
                            languagecode="1033" />
                        </labels>
                        <control
                          id="rhm_name"
                          classid="{4273EDBD-AC1D-40d3-9FB2-095C621B552D}"
                          datafieldname="rhm_name" />
                      </cell>
                    </row>
                  </rows>
                </section>
              </sections>
            </column>
          </columns>
        </tab>
      </tabs>
    </form>
    <IsCustomizable>1</IsCustomizable>
    <CanBeDeleted>1</CanBeDeleted>
    <LocalizedNames>
      <LocalizedName
        description="Information"
        languagecode="1033" />
    </LocalizedNames>
    <Descriptions>
      <Description
        description="A form for this entity."
        languagecode="1033" />
    </Descriptions>
  </systemform>
</forms>