<?xml version="1.0" encoding="utf-8"?>
<forms xmlns:xsi="http://www.w3.org/2001/XMLSchema-instance">
  <systemform>
    <formid>{1c3ce279-f618-ee11-8f6e-0022482b23b1}</formid>
    <IntroducedVersion>1.0.0.25</IntroducedVersion>
    <FormPresentation>1</FormPresentation>
    <FormActivationState>1</FormActivationState>
    <form
      headerdensity="HighWithControls">
      <tabs>
        <tab
          verticallayout="true"
          id="{5867f8a7-ac9d-42c2-ae8d-0617a5ce551f}"
          IsUserDefined="1"
          labelid="{534dd6c6-b8fe-4683-a3c7-9b1da45574bb}">
          <labels>
            <label
              description="General"
              languagecode="1033" />
          </labels>
          <columns>
            <column
              width="50%">
              <sections>
                <section
                  showlabel="false"
                  showbar="false"
                  IsUserDefined="0"
                  id="{5fca773c-e3aa-4d89-b256-821af1c7be68}"
                  labelid="{f9a56e59-4b66-4ef7-9042-14f8800898c2}">
                  <labels>
                    <label
                      description="General"
                      languagecode="1033" />
                  </labels>
                  <rows>
                    <row>
                      <cell
                        id="{4e1e1914-8d0a-4219-9137-1ca60992d045}"
                        labelid="{f4d826ca-498a-4b8c-b595-331bec1906f8}">
                        <labels>
                          <label
                            description="Name"
                            languagecode="1033" />
                        </labels>
                        <control
                          id="rhm_name"
                          classid="{4273EDBD-AC1D-40d3-9FB2-095C621B552D}"
                          datafieldname="rhm_name" />
                      </cell>
                    </row>
                    <row>
                      <cell
                        id="{1164cd7a-29ec-4175-8612-8bbc33170221}"
                        locklevel="0"
                        colspan="1"
                        rowspan="1"
                        labelid="{c1c54374-c31a-405d-88ba-a801db873ccd}">
                        <labels>
                          <label
                            description="Division"
                            languagecode="1033" />
                        </labels>
                        <control
                          id="rhm_division"
                          classid="{4273EDBD-AC1D-40D3-9FB2-095C621B552D}"
                          datafieldname="rhm_division"
                          disabled="false" />
                      </cell>
                    </row>
                    <row>
                      <cell
                        id="{afde42af-5f67-4c7c-8bd4-b4f319fa376c}"
                        locklevel="0"
                        colspan="1"
                        rowspan="1"
                        labelid="{459a9646-0638-4825-a288-64ddd0d99d4b}">
                        <labels>
                          <label
                            description="Account Type"
                            languagecode="1033" />
                        </labels>
                        <control
                          id="rhm_accounttype"
                          classid="{4273EDBD-AC1D-40D3-9FB2-095C621B552D}"
                          datafieldname="rhm_accounttype"
                          disabled="false" />
                      </cell>
                    </row>
                  </rows>
                </section>
              </sections>
            </column>
            <column
              width="50%">
              <sections>
                <section
                  name="_section_640"
                  id="bd574229-8444-4f2e-939e-6790d86754c1"
                  IsUserDefined="0"
                  locklevel="0"
                  showlabel="false"
                  showbar="false"
                  layout="varwidth"
                  celllabelalignment="Left"
                  celllabelposition="Left"
                  columns="1"
                  labelwidth="115"
                  labelid="{40d0a778-440d-4dc0-9c02-c062be1ee65c}">
                  <labels>
                    <label
                      description="New Section"
                      languagecode="1033" />
                  </labels>
                  <rows>
                    <row>
                      <cell
                        showlabel="false"
                        locklevel="0"
                        id="{2383d026-a93d-44da-b94e-097c53867855}"
                        labelid="{294ded8f-d11b-44bd-b776-1a6022103a57}">
                        <labels>
                          <label
                            description=""
                            languagecode="1033" />
                        </labels>
                      </cell>
                    </row>
                    <row>
                      <cell
                        id="{16b14770-a553-4d8e-bcd5-16b7ae9031e2}"
                        locklevel="0"
                        colspan="1"
                        rowspan="20"
                        auto="false"
                        labelid="{92aca7e4-a9ce-4dbd-922a-3bd62370c8e9}">
                        <labels>
                          <label
                            description="Duplication Rule"
                            languagecode="1033" />
                        </labels>
                        <control
                          id="rhm_duplicationrule"
                          classid="{E0DECE4B-6FC8-4A8F-A065-082708572369}"
                          datafieldname="rhm_duplicationrule"
                          disabled="false" />
                      </cell>
                    </row>
                    <row />
                    <row />
                    <row />
                    <row />
                    <row />
                    <row />
                    <row />
                    <row />
                    <row />
                    <row />
                    <row />
                    <row />
                    <row />
                    <row />
                    <row />
                    <row />
                    <row />
                    <row />
                    <row />
                  </rows>
                </section>
              </sections>
            </column>
          </columns>
        </tab>
      </tabs>
      <header
        id="{09df521b-a55a-4fe8-b7b4-c9a8746e615f}"
        celllabelposition="Top"
        columns="111"
        labelwidth="115"
        celllabelalignment="Left">
        <rows>
          <row>
            <cell
              id="{667510d8-fbd3-4606-88db-47f8161ca11a}"
              showlabel="false"
              labelid="{4710ad16-7d17-49e7-8273-4b7bb5c591e3}">
              <labels>
                <label
                  description=""
                  languagecode="1033" />
              </labels>
            </cell>
            <cell
              id="{86739faa-3ed8-4a39-aea8-62ec34797d51}"
              showlabel="false"
              labelid="{0b91cbd0-670b-45cf-b12a-761c9018ac73}">
              <labels>
                <label
                  description=""
                  languagecode="1033" />
              </labels>
            </cell>
            <cell
              id="{8986b23f-5fd1-4e43-9a38-01b5bc27f015}"
              showlabel="false"
              labelid="{c5b08a66-7567-41b3-bb48-0e5f512a8466}">
              <labels>
                <label
                  description=""
                  languagecode="1033" />
              </labels>
            </cell>
          </row>
        </rows>
      </header>
      <footer
        id="{3b3c6ad7-6fd1-45aa-9586-4c44c8825943}"
        celllabelposition="Top"
        columns="111"
        labelwidth="115"
        celllabelalignment="Left">
        <rows>
          <row>
            <cell
              id="{10ca5c57-7ae3-4cbc-a7d1-a5661a87db34}"
              showlabel="false"
              labelid="{6b60465e-1f98-41b5-8fd4-003e35bbcc98}">
              <labels>
                <label
                  description=""
                  languagecode="1033" />
              </labels>
            </cell>
            <cell
              id="{75e4f595-f2b6-4228-ac64-50abf5d0bf86}"
              showlabel="false"
              labelid="{513ca119-ae0b-4de5-8954-55d2cc393e84}">
              <labels>
                <label
                  description=""
                  languagecode="1033" />
              </labels>
            </cell>
            <cell
              id="{f126e169-f5cc-4b16-9a90-de1585f306a5}"
              showlabel="false"
              labelid="{3ae04618-a8f9-4dfb-8408-f97f4354fd59}">
              <labels>
                <label
                  description=""
                  languagecode="1033" />
              </labels>
            </cell>
          </row>
        </rows>
      </footer>
      <DisplayConditions
        Order="1"
        FallbackForm="true">
        <Role
          Id="{627090ff-40a3-4053-8790-584edc5be201}" />
        <Role
          Id="{119f245c-3cc8-4b62-b31c-d1a046ced15d}" />
        <Role
          Id="{14ab597e-c4a8-4ab4-a297-2e7144ba5503}" />
        <Role
          Id="{3e8ca3c2-c741-4917-ab64-2f3143647c01}" />
        <Role
          Id="{a5431ff4-cf1d-4671-8491-36420513946f}" />
        <Role
          Id="{00b5c89b-f87e-43b6-a683-3f0a2e83b471}" />
        <Role
          Id="{3c7cc908-0d9d-4dae-b88b-47677ed7f477}" />
        <Role
          Id="{d9aa89c0-626a-4ac0-a737-4f16ac7420e7}" />
        <Role
          Id="{85d4ed9a-9c0d-4b47-abcf-513946da2d5f}" />
        <Role
          Id="{cce95e50-483a-44f5-ad98-6cf6af36e180}" />
        <Role
          Id="{4a51bc3c-877b-4fa7-8266-6db612304ad8}" />
        <Role
          Id="{5bb447f6-0b60-42e5-8be9-8822fa1b20b2}" />
        <Role
          Id="{6cc2f88d-a343-4bd0-93c8-8bf6d459b9de}" />
        <Role
          Id="{e6931e3a-0243-4593-beb9-8d1dce0b78d5}" />
        <Role
          Id="{3005dc36-244d-440e-831f-927a3936c9e6}" />
        <Role
          Id="{da9fa840-cda1-4456-886f-9d7af6eb6593}" />
        <Role
          Id="{1034a297-09d6-4794-8b95-d48a7dd3f894}" />
        <Role
          Id="{8eb16154-3c5b-4269-8a3c-f151245b41f5}" />
        <Role
          Id="{8fa168c1-e263-4ade-8657-f6bf46c5d1a8}" />
        <Role
          Id="{c8444382-9985-477e-a556-fb034d263f61}" />
      </DisplayConditions>
    </form>
    <IsCustomizable>1</IsCustomizable>
    <CanBeDeleted>1</CanBeDeleted>
    <LocalizedNames>
      <LocalizedName
        description="Account Duplication Rule main form"
        languagecode="1033" />
    </LocalizedNames>
    <Descriptions>
      <Description
        description="A form for this entity."
        languagecode="1033" />
    </Descriptions>
  </systemform>
</forms>