﻿<?xml version="1.0" encoding="utf-8"?>
<systemform>
  <formid>{bc503287-05ff-4d4f-b9b7-73ffc74b5024}</formid>
  <IntroducedVersion>0.0.0.1</IntroducedVersion>
  <FormPresentation>1</FormPresentation>
  <FormActivationState>1</FormActivationState>
  <form showImage="true" shownavigationbar="true" maxWidth="1900">
    <ancestor id="{1fed44d1-ae68-4a41-bd2b-f13acac4acfa}" />
    <hiddencontrols>
      <data id="fullname" datafieldname="fullname" classid="{5546E6CD-394C-4bee-94A8-4425E17EF6C6}" />
      <data id="address1_addressid" datafieldname="address1_addressid" classid="{5546E6CD-394C-4bee-94A8-4425E17EF6C6}" />
      <data id="address2_addressid" datafieldname="address2_addressid" classid="{5546E6CD-394C-4bee-94A8-4425E17EF6C6}" />
    </hiddencontrols>
    <tabs>
      <tab name="SUMMARY_TAB" id="{15bb2d4b-71da-74ea-3c5b-e497d78a55a2}" IsUserDefined="0" showlabel="true" expanded="true" labelid="{1b4972dc-64f4-473f-af4d-b2c3f81d028a}">
        <labels>
          <label description="Summary" languagecode="1033" />
        </labels>
        <columns>
          <column width="28%">
            <sections>
              <section name="CONTACT_INFORMATION" showlabel="true" showbar="false" id="{9d943649-0387-1882-caa1-36de40d5a86c}" IsUserDefined="0" layout="varwidth" columns="1" labelwidth="115" celllabelposition="Left" labelid="{796f79ad-be84-4394-abad-0604bbf71621}">
                <labels>
                  <label description="CONTACT INFORMATION" languagecode="1033" />
                </labels>
                <rows>
                  <row>
                    <cell id="{542e581d-cca1-5e40-e6d9-d67a9d1468b4}" showlabel="true" locklevel="0" labelid="{62131b2f-773a-4fca-8e70-d18133fd5384}">
                      <labels>
                        <label description="Full Name" languagecode="1033" />
                      </labels>
                      <control id="fullname" classid="{4273EDBD-AC1D-40d3-9FB2-095C621B552D}" datafieldname="fullname" disabled="false" uniqueid="{c7d24087-8d73-67b5-b90d-a9dbe8210075}" />
                    </cell>
                  </row>
                  <row>
                    <cell id="{07326cde-7529-ddc0-e421-c0bcddd07b8a}" showlabel="true" labelid="{35e932c7-e5b4-4517-b3d0-911142877f8d}" locklevel="0">
                      <labels>
                        <label description="Job Title" languagecode="1033" />
                      </labels>
                      <control id="jobtitle" classid="{4273EDBD-AC1D-40d3-9FB2-095C621B552D}" datafieldname="jobtitle" disabled="false" uniqueid="{cc3bc084-a139-4977-a421-6e44702a3439}" />
                    </cell>
                  </row>
                  <row>
                    <cell id="{a54c19c9-4722-ce25-60c5-2bb9452680d2}" showlabel="true" locklevel="0" labelid="{28a1cc04-817b-48a6-9731-3e1696d7bbf1}">
                      <labels>
                        <label description="Client Name" languagecode="1033" />
                      </labels>
                      <control id="parentcustomerid" classid="{270BD3DB-D9AF-4782-9025-509E298DEC0A}" datafieldname="parentcustomerid" disabled="false" uniqueid="{c3b5d191-7b76-2bb6-75a2-7bad44bd50e7}">
                        <parameters>
                          <AutoResolve>true</AutoResolve>
                          <DisableMru>false</DisableMru>
                        </parameters>
                      </control>
                    </cell>
                  </row>
                  <row>
                    <cell id="{6116084d-229a-e46e-1c85-42c517ed507a}" showlabel="true" locklevel="0">
                      <labels>
                        <label description="Primary Cover" languagecode="1033" />
                      </labels>
                      <control id="nwm_primarycoverid" classid="{270BD3DB-D9AF-4782-9025-509E298DEC0A}" datafieldname="nwm_primarycoverid" disabled="false" />
                    </cell>
                  </row>
                  <row>
                    <cell id="{e1573243-aa6d-2961-e6a5-999a85001aac}" showlabel="true" locklevel="0">
                      <labels>
                        <label description="Secondary Cover" languagecode="1033" />
                      </labels>
                      <control id="nwm_secondarycoverid" classid="{270BD3DB-D9AF-4782-9025-509E298DEC0A}" datafieldname="nwm_secondarycoverid" disabled="false" />
                    </cell>
                  </row>
                  <row>
                    <cell id="{3514ce9c-a7a7-3808-453c-3ee0cb303e3b}" showlabel="true" locklevel="0">
                      <labels>
                        <label description="Flag As Important" languagecode="1033" />
                      </labels>
                      <control id="nwm_flagasimportant" classid="{67FAC785-CD58-4f9f-ABB3-4B7DDC6ED5ED}" datafieldname="nwm_flagasimportant" disabled="false" />
                    </cell>
                  </row>
                  <row>
                    <cell id="{7d538a97-98eb-b438-72de-57a808b9a308}" showlabel="true" labelid="{f775a8a5-3c2b-442e-a235-db0471e9e333}" locklevel="0">
                      <labels>
                        <label description="Email" languagecode="1033" />
                      </labels>
                      <control id="emailaddress1" classid="{ADA2203E-B4CD-49be-9DDF-234642B43B52}" datafieldname="emailaddress1" disabled="false" uniqueid="{2ce9ea3d-e151-31be-1d82-44de0aa09005}" />
                    </cell>
                  </row>
                  <row>
                    <cell id="{435e32c5-bab6-1bc9-ebb5-d5acc5201056}" showlabel="true" locklevel="0">
                      <labels>
                        <label description="Bloomberg Email" languagecode="1033" />
                      </labels>
                      <control id="emailaddress2" classid="{ADA2203E-B4CD-49be-9DDF-234642B43B52}" datafieldname="emailaddress2" disabled="false" />
                    </cell>
                  </row>
                  <row>
                    <cell id="{215da2d0-2b64-3481-8d2d-16107d4d7e5b}" showlabel="true" labelid="{f76912dd-c3cb-4bd4-b97b-1b3ebc1b2a74}" locklevel="0">
                      <labels>
                        <label description="Business Phone" languagecode="1033" />
                      </labels>
                      <control id="telephone1" classid="{4273EDBD-AC1D-40d3-9FB2-095C621B552D}" datafieldname="telephone1" disabled="false" uniqueid="{51ae8aa8-b66a-a69a-e984-46aba3abea08}" />
                    </cell>
                  </row>
                  <row>
                    <cell id="{290b48ba-c0cc-7746-6dda-93e240e4cc78}" showlabel="true" labelid="{8584a2fa-b8e7-4bfd-8a82-2d88307aa19a}">
                      <labels>
                        <label description="Mobile Phone" languagecode="1033" />
                      </labels>
                      <control id="mobilephone" classid="{4273EDBD-AC1D-40d3-9FB2-095C621B552D}" datafieldname="mobilephone" disabled="false" />
                    </cell>
                  </row>
                  <row>
                    <cell id="{1b54cdb3-1582-c29e-cc9e-9d4bc2a5700b}" showlabel="true" labelid="{037026a7-a4da-4bb8-ac10-9a5e229ec597}">
                      <labels>
                        <label description="Fax" languagecode="1033" />
                      </labels>
                      <control id="fax" classid="{4273EDBD-AC1D-40d3-9FB2-095C621B552D}" datafieldname="fax" disabled="false" />
                    </cell>
                  </row>
                  <row>
                    <cell id="{99512502-5cb5-619a-ca92-ded52491513e}" showlabel="true" locklevel="0">
                      <labels>
                        <label description="Address Type" languagecode="1033" />
                      </labels>
                      <control id="address1_addresstypecode" classid="{3EF39988-22BB-4f0b-BBBE-64B5A3748AEE}" datafieldname="address1_addresstypecode" disabled="false" uniqueid="{b78131c0-0938-332c-596c-6e947e94100c}" />
                    </cell>
                  </row>
                  <row>
                    <cell id="{133d09d6-c374-954a-315b-435e1eeb722c}" showlabel="true" locklevel="0" labelid="{7a31c1c0-d3e7-4c28-bd34-cc893df4df5c}">
                      <labels>
                        <label description="Address" languagecode="1033" />
                      </labels>
                      <control id="address1_composite" classid="{E0DECE4B-6FC8-4a8f-A065-082708572369}" datafieldname="address1_composite" disabled="false" />
                    </cell>
                  </row>
                  <row>
                    <cell id="{cb950b57-3d38-8308-cb5d-6311a7e5817b}" showlabel="true" locklevel="0">
                      <labels>
                        <label description="Country" languagecode="1033" />
                      </labels>
                      <control id="nwm_country" classid="{270BD3DB-D9AF-4782-9025-509E298DEC0A}" datafieldname="nwm_country" disabled="false" uniqueid="{0002055b-de8e-3bde-da2d-806e9e5e4b84}">
                        <parameters>
                          <AutoResolve>true</AutoResolve>
                          <DisableMru>false</DisableMru>
                          <DisableQuickFind>false</DisableQuickFind>
                          <DisableViewPicker>false</DisableViewPicker>
                          <DefaultViewId>{8D66ED47-F0A4-474F-AAA4-B6DDC44DDF53}</DefaultViewId>
                          <AllowFilterOff>false</AllowFilterOff>
                        </parameters>
                      </control>
                    </cell>
                  </row>
                </rows>
              </section>
              <section name="MapSection" showlabel="false" showbar="false" id="{e0109668-cb5b-4b6c-8ca6-9d0c4b24f385}" IsUserDefined="0" layout="varwidth" columns="1" labelwidth="115" celllabelposition="Left" labelid="{d4f4d21d-f620-4ca9-8683-d0d544ed9fa1}">
                <labels>
                  <label description="" languagecode="1033" />
                </labels>
                <rows>
                  <row>
                    <cell id="{4a07b010-3ae2-440c-adbd-7fe13249b0d7}" showlabel="false" rowspan="9" colspan="1" auto="false" labelid="{8ab79c7d-26eb-4356-a205-7734ba2efa12}">
                      <labels>
                        <label description="Map View" languagecode="1033" />
                      </labels>
                      <control id="mapcontrol" classid="{62B0DF79-0464-470F-8AF7-4483CFEA0C7D}">
                        <parameters>
                          <AddressField>address1_composite</AddressField>
                        </parameters>
                      </control>
                    </cell>
                  </row>
                  <row />
                  <row />
                  <row />
                  <row />
                  <row />
                  <row />
                  <row />
                  <row />
                </rows>
              </section>
            </sections>
          </column>
          <column width="44%">
            <sections>
              <section name="SOCIAL_PANE_TAB" showlabel="false" showbar="false" id="{bea579b8-8901-77b0-1128-351760e68bd4}" IsUserDefined="0" layout="varwidth" columns="1" labelwidth="200" celllabelposition="Left" labelid="{538d71bb-a8fd-49ec-8d9c-87ea70920096}" locklevel="0" celllabelalignment="Left">
                <labels>
                  <label description="SOCIAL PANE" languagecode="1033" />
                </labels>
                <rows>
                  <row height="stdwithlabel">
                    <cell id="{c80bc051-733a-0c09-c97d-a7b2c7922a35}" showlabel="false" colspan="1" auto="false" rowspan="1">
                      <labels>
                        <label description="Contact Radar" languagecode="1033" />
                      </labels>
                      <control id="WebResource_ContactRadar" classid="{9FDF5F91-88B1-47f4-AD53-C11EFC01A01D}">
                        <parameters>
                          <Url>nwm_/app/components/widgets/contact_radar.html</Url>
                          <PassParameters>false</PassParameters>
                          <ShowOnMobileClient>false</ShowOnMobileClient>
                          <Security>false</Security>
                          <Scrolling>no</Scrolling>
                          <Border>false</Border>
                          <WebResourceId>{A8B7F572-E6B6-E611-80E6-C4346BAC7E3C}</WebResourceId>
                        </parameters>
                      </control>
                      <events>
                        <event name="onload" application="0">
                          <dependencies />
                        </event>
                      </events>
                    </cell>
                  </row>
                  <row>
                    <cell id="{a0e42c82-d2b2-5c30-9cae-9e343c7aa044}" showlabel="true" locklevel="0" visible="false">
                      <labels>
                        <label description="Days Since Last Contact" languagecode="1033" />
                      </labels>
                      <control id="nwm_dayssincelastcontact" classid="{C6D124CA-7EDA-4a60-AEA9-7FB8D318B68F}" datafieldname="nwm_dayssincelastcontact" disabled="false" uniqueid="{596dce24-1a5d-0ee4-896d-840d9b2ccec2}" />
                    </cell>
                  </row>
                  <row>
                    <cell id="{4900c6a4-5085-212e-2132-1d5ad1906176}" showlabel="true" locklevel="0">
                      <labels>
                        <label description="Last Contact Date" languagecode="1033" />
                      </labels>
                      <control id="nwm_lastcontactdate" classid="{5B773807-9FB2-42db-97C3-7A91EFF8ADFF}" datafieldname="nwm_lastcontactdate" disabled="true" uniqueid="{e3d4e1c6-c24b-c86a-4ebb-b637e460cc02}" />
                    </cell>
                  </row>
                  <row>
                    <cell id="{7471580c-9e8c-28c2-2983-a078e988d094}" showlabel="true" locklevel="0">
                      <labels>
                        <label description="Next Contact Date" languagecode="1033" />
                      </labels>
                      <control id="nwm_nextcontactdate" classid="{5B773807-9FB2-42db-97C3-7A91EFF8ADFF}" datafieldname="nwm_nextcontactdate" disabled="true" uniqueid="{92c9d1ca-5770-7957-b4dc-d067b5ae0074}" />
                    </cell>
                  </row>
                  <row>
                    <cell id="{8e2856e3-c03d-8edb-7681-57528b47abd5}" showlabel="true" locklevel="0">
                      <labels>
                        <label description="Contact Radar Status" languagecode="1033" />
                      </labels>
                      <control id="nwm_contactradarstatus" classid="{3EF39988-22BB-4f0b-BBBE-64B5A3748AEE}" datafieldname="nwm_contactradarstatus" disabled="false" />
                    </cell>
                  </row>
                  <row>
                    <cell id="{5bc75399-0486-e05e-0242-49a539b27e6c}" showlabel="true" locklevel="0">
                      <labels>
                        <label description="Contact Radar Lower Tolerance" languagecode="1033" />
                      </labels>
                      <control id="nwm_contactradarlowertolerance" classid="{C6D124CA-7EDA-4a60-AEA9-7FB8D318B68F}" datafieldname="nwm_contactradarlowertolerance" disabled="false" />
                    </cell>
                  </row>
                  <row>
                    <cell id="{ba1c61a7-ba83-0c3c-dd89-56bd7146b8a3}" showlabel="true" locklevel="0">
                      <labels>
                        <label description="Contact Radar Higher Tolerance" languagecode="1033" />
                      </labels>
                      <control id="nwm_contactradarhighertolerance" classid="{C6D124CA-7EDA-4a60-AEA9-7FB8D318B68F}" datafieldname="nwm_contactradarhighertolerance" disabled="false" />
                    </cell>
                  </row>
                  <row>
                    <cell id="{59dc5076-0c83-c748-c02d-bb13eabc3623}" showlabel="false" userspacer="true">
                      <labels>
                        <label description="" languagecode="1033" />
                      </labels>
                    </cell>
                  </row>
                  <row>
                    <cell id="{db701364-1d99-369c-c409-11d17878e513}" showlabel="false" rowspan="23" auto="false" colspan="1" labelid="{f6600333-f200-4bbd-b865-213843801ad1}">
                      <labels>
                        <label description="" languagecode="1033" />
                      </labels>
                      <control id="notescontrol" classid="{06375649-C143-495E-A496-C962E5B4488E}" disabled="false" />
                    </cell>
                  </row>
                  <row />
                  <row />
                  <row />
                  <row />
                  <row />
                  <row />
                  <row />
                  <row />
                  <row />
                  <row />
                  <row />
                  <row />
                  <row />
                  <row />
                  <row />
                  <row />
                  <row />
                  <row />
                  <row />
                  <row />
                  <row />
                  <row />
                </rows>
              </section>
            </sections>
          </column>
          <column width="28%">
            <sections>
              <section name="CUSTOMER_DETAILS_TAB" showlabel="false" showbar="false" id="{0ed6b616-7ef0-4ffe-9a77-610beef03f9c}" IsUserDefined="0" layout="varwidth" columns="1" labelwidth="115" celllabelposition="Top" labelid="{f6e773a6-c8eb-49df-88a8-748243886879}">
                <labels>
                  <label description="CUSTOMER DETAILS" languagecode="1033" />
                </labels>
                <rows>
                  <row>
                    <cell id="{98f3b282-986b-4ace-9df9-9f47e1740e0d}" showlabel="true" labelid="{134cb608-66ff-4a23-941b-80c3392ea9c7}">
                      <labels>
                        <label description="Company" languagecode="1033" />
                      </labels>
                      <control id="parentcustomerid" classid="{270BD3DB-D9AF-4782-9025-509E298DEC0A}" datafieldname="parentcustomerid" disabled="false" uniqueid="{53c5607e-650c-397b-ee3e-4dac8b2bc615}">
                        <parameters>
                          <AutoResolve>true</AutoResolve>
                          <DisableMru>false</DisableMru>
                        </parameters>
                      </control>
                    </cell>
                  </row>
                  <row>
                    <cell id="{309AA48F-B748-4C9E-A0A8-F8A93BE633E5}" colspan="1" showlabel="false" labelid="{9fcb8878-c418-41a6-9d23-0ddc540ca56f}">
                      <labels>
                        <label description="Company Name" languagecode="1033" />
                      </labels>
                      <control id="contactquickform" classid="{5C5600E0-1D6E-4205-A272-BE80DA87FD42}" datafieldname="parentcustomerid" disabled="false">
                        <parameters>
                          <QuickForms>&lt;QuickFormIds&gt;&lt;QuickFormId entityname="contact"&gt;29DE27BC-A257-4F29-99CF-BAB4A84E688F&lt;/QuickFormId&gt;&lt;/QuickFormIds&gt;</QuickForms>
                          <ControlMode>Edit</ControlMode>
                        </parameters>
                      </control>
                    </cell>
                  </row>
                  <row>
                    <cell id="{18922d47-153a-1a49-e025-dd6a6eb57d9d}" showlabel="true" colspan="1" rowspan="5" labelid="{a01f2254-3344-424e-bfae-22038cea62ee}">
                      <labels>
                        <label description="RECENT OPPORTUNITIES" languagecode="1033" />
                      </labels>
                      <control id="contactopportunitiesgrid" classid="{E7A81278-8635-4d9e-8D4D-59480B391C5B}">
                        <parameters>
                          <ViewId>{9C3F7EE8-ECA7-E211-9FB6-00155DD0EA05}</ViewId>
                          <RelationshipName>opportunity_customer_contacts</RelationshipName>
                          <TargetEntityType>opportunity</TargetEntityType>
                          <AutoExpand>Fixed</AutoExpand>
                          <EnableQuickFind>false</EnableQuickFind>
                          <EnableViewPicker>false</EnableViewPicker>
                          <EnableJumpBar>false</EnableJumpBar>
                          <EnableChartPicker>false</EnableChartPicker>
                          <RecordsPerPage>5</RecordsPerPage>
                          <IsUserView>false</IsUserView>
                          <ViewIds>{00000000-0000-0000-00AA-000010003000},{9C3F7EE8-ECA7-E211-9FB6-00155DD0EA05}</ViewIds>
                          <ChartGridMode>Grid</ChartGridMode>
                          <VisualizationId>{8BC5FB18-48F2-4782-9E16-3D452FA4DDCE}</VisualizationId>
                          <IsUserChart>false</IsUserChart>
                        </parameters>
                      </control>
                    </cell>
                  </row>
                  <row />
                  <row />
                  <row />
                  <row />
                </rows>
              </section>
            </sections>
          </column>
        </columns>
      </tab>
      <tab name="DETAILS_TAB" id="{fe1c5c3b-d556-4552-a444-4781214a6d63}" IsUserDefined="0" expanded="true" showlabel="true" labelid="{9b4b8d8d-bb65-4393-be11-28e3016ce424}">
        <labels>
          <label description="Details" languagecode="1033" />
        </labels>
        <columns>
          <column width="34%">
            <sections>
              <section name="frequency" showlabel="true" showbar="false" locklevel="0" id="{a188d8ee-35d1-4f22-acf7-9588059a3f08}" IsUserDefined="0" layout="varheight" columns="1" labelwidth="115" celllabelposition="Left" labelid="{660fd6c9-39bc-4ed5-b062-75845038ba55}" celllabelalignment="Left">
                <labels>
                  <label description="FREQUENCY OF CONTACT" languagecode="1033" />
                </labels>
                <rows>
                  <row>
                    <cell id="{84c638d1-a1e3-ca9c-81e9-70b6205c7911}" showlabel="true" locklevel="0">
                      <labels>
                        <label description="Call Frequency" languagecode="1033" />
                      </labels>
                      <control id="nwm_callfrequency" classid="{3EF39988-22BB-4f0b-BBBE-64B5A3748AEE}" datafieldname="nwm_callfrequency" disabled="false" />
                    </cell>
                  </row>
                  <row>
                    <cell id="{d57091a7-1973-6945-764b-05210434ba0b}" showlabel="true" locklevel="0">
                      <labels>
                        <label description="Bloomberg Frequency" languagecode="1033" />
                      </labels>
                      <control id="nwm_bloombergfrequency" classid="{3EF39988-22BB-4f0b-BBBE-64B5A3748AEE}" datafieldname="nwm_bloombergfrequency" disabled="false" />
                    </cell>
                  </row>
                  <row>
                    <cell id="{6bba0d09-2778-77cb-2c0b-d963a2bb2447}" showlabel="true" locklevel="0">
                      <labels>
                        <label description="Meetings Frequency" languagecode="1033" />
                      </labels>
                      <control id="nwm_meetingsfrequency" classid="{3EF39988-22BB-4f0b-BBBE-64B5A3748AEE}" datafieldname="nwm_meetingsfrequency" disabled="false" />
                    </cell>
                  </row>
                  <row>
                    <cell id="{7dc312b8-740b-c724-0ace-2b13eb99879c}" showlabel="true" locklevel="0">
                      <labels>
                        <label description="Dinner / Lunch Frequency" languagecode="1033" />
                      </labels>
                      <control id="nwm_dinnerlunchfrequency" classid="{3EF39988-22BB-4f0b-BBBE-64B5A3748AEE}" datafieldname="nwm_dinnerlunchfrequency" disabled="false" uniqueid="{267c4484-2d05-911c-3219-32ba22cde4ca}" />
                    </cell>
                  </row>
                </rows>
              </section>
              <section name="PERSONAL_NOTES_SECTION" showlabel="true" showbar="false" locklevel="0" id="{9435d60e-c5ac-2462-a159-414573dc2e45}" IsUserDefined="0" layout="varwidth" columns="1" labelwidth="115" celllabelalignment="Left" celllabelposition="Top" labelid="{3d5718b7-b83c-48ff-94c8-339d58d04213}">
                <labels>
                  <label description="PERSONAL NOTES" languagecode="1033" />
                </labels>
                <rows>
                  <row>
                    <cell id="{d0c6aad7-7064-924e-b0e0-718dc557ccee}" showlabel="false" locklevel="0" rowspan="5" labelid="{8e5abb4c-7b9d-49f9-ba8c-a12a35dc8a41}">
                      <labels>
                        <label description="Description" languagecode="1033" />
                      </labels>
                      <control id="description" classid="{E0DECE4B-6FC8-4a8f-A065-082708572369}" datafieldname="description" disabled="false" />
                    </cell>
                  </row>
                  <row />
                  <row />
                  <row />
                  <row />
                </rows>
              </section>
            </sections>
          </column>
          <column width="33%">
            <sections>
              <section name="CONTACT_PREFERENCES" showlabel="true" showbar="false" id="{42aa148d-17fa-4c73-8213-bd22400b74ea}" IsUserDefined="0" columns="1" labelwidth="115" celllabelposition="Left" labelid="{6903a917-99cb-4629-aea0-7ffd1c3a0018}">
                <labels>
                  <label description="CONTACT PREFERENCES" languagecode="1033" />
                </labels>
                <rows>
                  <row>
                    <cell id="{d4ec2d52-6658-cee9-4a2a-7a8029ad1862}" showlabel="true" locklevel="0" labelid="{cb996209-aba5-4c9d-b006-b54fc975e4de}">
                      <labels>
                        <label description="Contact Method" languagecode="1033" />
                      </labels>
                      <control id="preferredcontactmethodcode" classid="{3EF39988-22BB-4f0b-BBBE-64B5A3748AEE}" datafieldname="preferredcontactmethodcode" disabled="false" />
                    </cell>
                  </row>
                  <row>
                    <cell id="{f0b4951b-b5ec-4103-b69d-7ac2ad176ee4}" labelid="{2964f407-ed5a-40e1-9f1d-d28cd08a69a6}">
                      <labels>
                        <label description="Email" languagecode="1033" />
                      </labels>
                      <control id="donotemail" classid="{67FAC785-CD58-4f9f-ABB3-4B7DDC6ED5ED}" datafieldname="donotemail" />
                    </cell>
                  </row>
                  <row>
                    <cell id="{041968bd-14fe-486a-baa0-719e7691e6ee}" labelid="{6cc1dd2c-e2ee-4a54-8020-896675e90f80}">
                      <labels>
                        <label description="Bulk Email" languagecode="1033" />
                      </labels>
                      <control id="donotbulkemail" classid="{67FAC785-CD58-4f9f-ABB3-4B7DDC6ED5ED}" datafieldname="donotbulkemail" />
                    </cell>
                  </row>
                  <row>
                    <cell id="{569cf3bd-3b14-46d8-a03a-22e6317d1d41}" labelid="{cb9ed650-2b0d-492d-9b32-47d4e30b6983}">
                      <labels>
                        <label description="Phone" languagecode="1033" />
                      </labels>
                      <control id="donotphone" classid="{67FAC785-CD58-4f9f-ABB3-4B7DDC6ED5ED}" datafieldname="donotphone" />
                    </cell>
                  </row>
                  <row>
                    <cell id="{28d804f2-b314-42f6-92f8-982f4929bd6f}" labelid="{0a01b71f-61e3-4f3f-afe8-391a1c2129e7}">
                      <labels>
                        <label description="Fax" languagecode="1033" />
                      </labels>
                      <control id="donotfax" classid="{67FAC785-CD58-4f9f-ABB3-4B7DDC6ED5ED}" datafieldname="donotfax" />
                    </cell>
                  </row>
                  <row>
                    <cell id="{dfe9aafd-1acc-488d-b31e-feef6f63a34d}" labelid="{d33d1d17-d3bb-40eb-91a6-a6bcffa8cc6e}">
                      <labels>
                        <label description="Mail" languagecode="1033" />
                      </labels>
                      <control id="donotpostalmail" classid="{67FAC785-CD58-4f9f-ABB3-4B7DDC6ED5ED}" datafieldname="donotpostalmail" />
                    </cell>
                  </row>
                </rows>
              </section>
            </sections>
          </column>
          <column width="33%">
            <sections>
              <section name="more information" showlabel="true" showbar="false" id="{4565ac06-d780-4467-9baa-d03d6af45ae7}" IsUserDefined="0" columns="1" labelwidth="115" celllabelposition="Left" labelid="{aba6fe91-0559-4ff7-be82-b7885c17b2a3}" locklevel="0" celllabelalignment="Left">
                <labels>
                  <label description="MORE INFORMATION" languagecode="1033" />
                </labels>
                <rows>
                  <row>
                    <cell id="{a3a25557-3d12-8c38-0215-dbab14de777d}" showlabel="true" locklevel="0">
                      <labels>
                        <label description="Hospitality" languagecode="1033" />
                      </labels>
                      <control id="nwm_hospitality" classid="{67FAC785-CD58-4f9f-ABB3-4B7DDC6ED5ED}" datafieldname="nwm_hospitality" disabled="false" />
                    </cell>
                  </row>
                  <row>
                    <cell id="{496e9617-75cc-a810-bc48-8cc8c1e292c4}" showlabel="false" locklevel="0">
                      <labels>
                        <label description="Hospitality Comment" languagecode="1033" />
                      </labels>
                      <control id="nwm_hospitalitycomment" classid="{E0DECE4B-6FC8-4a8f-A065-082708572369}" datafieldname="nwm_hospitalitycomment" disabled="false" uniqueid="{ca0e5434-1ec7-98c3-6b1b-d5437e19e1d8}" />
                    </cell>
                  </row>
                  <row>
                    <cell id="{2d3a050e-14ce-730e-988e-b7cb3c31db9d}" showlabel="true" locklevel="0">
                      <labels>
                        <label description="Research" languagecode="1033" />
                      </labels>
                      <control id="nwm_research" classid="{67FAC785-CD58-4f9f-ABB3-4B7DDC6ED5ED}" datafieldname="nwm_research" disabled="false" />
                    </cell>
                  </row>
                  <row>
                    <cell id="{cb724e18-5387-7317-9e32-970130bade36}" showlabel="false" locklevel="0">
                      <labels>
                        <label description="Research Comment" languagecode="1033" />
                      </labels>
                      <control id="nwm_researchcomment" classid="{E0DECE4B-6FC8-4a8f-A065-082708572369}" datafieldname="nwm_researchcomment" disabled="false" uniqueid="{429850b5-27b8-b6a6-2edb-5ed2acc941c7}" />
                    </cell>
                  </row>
                  <row>
                    <cell id="{0ca8d9a2-642c-a4ad-551e-3cad933d6345}" showlabel="true" locklevel="0">
                      <labels>
                        <label description="Trade Ideas" languagecode="1033" />
                      </labels>
                      <control id="nwm_tradeideas" classid="{67FAC785-CD58-4f9f-ABB3-4B7DDC6ED5ED}" datafieldname="nwm_tradeideas" disabled="false" />
                    </cell>
                  </row>
                  <row>
                    <cell id="{59374532-dc1b-c59e-2734-d6d5837b7374}" showlabel="false" locklevel="0">
                      <labels>
                        <label description="Trade Ideas Comment" languagecode="1033" />
                      </labels>
                      <control id="nwm_tradeideascomment" classid="{E0DECE4B-6FC8-4a8f-A065-082708572369}" datafieldname="nwm_tradeideascomment" disabled="false" uniqueid="{788ee32b-3eb3-b6c9-1c0d-5c7cca17c2b4}" />
                    </cell>
                  </row>
                  <row>
                    <cell id="{1bb32484-0bad-1405-288e-72d5a0707a2e}" showlabel="true" locklevel="0">
                      <labels>
                        <label description="Axes" languagecode="1033" />
                      </labels>
                      <control id="nwm_axes" classid="{67FAC785-CD58-4f9f-ABB3-4B7DDC6ED5ED}" datafieldname="nwm_axes" disabled="false" />
                    </cell>
                  </row>
                  <row>
                    <cell id="{0b493b0e-e666-561c-25a1-aa5d6e621d28}" showlabel="false" locklevel="0">
                      <labels>
                        <label description="Axes Comment" languagecode="1033" />
                      </labels>
                      <control id="nwm_axescomment" classid="{E0DECE4B-6FC8-4a8f-A065-082708572369}" datafieldname="nwm_axescomment" disabled="false" uniqueid="{005deb02-52e5-7ce5-dbeb-464cd7a580c8}" />
                    </cell>
                  </row>
                  <row>
                    <cell id="{07077089-dcb9-6d96-211c-3c5edc19ba54}" showlabel="true" locklevel="0">
                      <labels>
                        <label description="Coverage Model" languagecode="1033" />
                      </labels>
                      <control id="nwm_coveragemodel" classid="{3EF39988-22BB-4f0b-BBBE-64B5A3748AEE}" datafieldname="nwm_coveragemodel" disabled="false" />
                    </cell>
                  </row>
                  <row>
                    <cell id="{8e64a044-c2e7-5dc3-ea89-9c4ab8624350}" showlabel="true" locklevel="0">
                      <labels>
                        <label description="Region" languagecode="1033" />
                      </labels>
                      <control id="nwm_region" classid="{3EF39988-22BB-4f0b-BBBE-64B5A3748AEE}" datafieldname="nwm_region" disabled="false" />
                    </cell>
                  </row>
                  <row>
                    <cell id="{4d26a4d5-a448-cac6-ca94-134dba1e2867}" showlabel="true" locklevel="0">
                      <labels>
                        <label description="Business" languagecode="1033" />
                      </labels>
                      <control id="nwm_business" classid="{3EF39988-22BB-4f0b-BBBE-64B5A3748AEE}" datafieldname="nwm_business" disabled="false" />
                    </cell>
                  </row>
                  <row>
                    <cell id="{b1882475-0183-1aa3-2938-598bd66ca7a7}" showlabel="true" locklevel="0">
                      <labels>
                        <label description="Team" languagecode="1033" />
                      </labels>
                      <control id="nwm_team" classid="{270BD3DB-D9AF-4782-9025-509E298DEC0A}" datafieldname="nwm_team" disabled="false" />
                    </cell>
                  </row>
                  <row>
                    <cell id="{c963bbcd-636b-6027-3d70-39061c0195a2}" showlabel="true" locklevel="0">
                      <labels>
                        <label description="Desk Analyst Coverage?" languagecode="1033" />
                      </labels>
                      <control id="nwm_deskanalystcoverage" classid="{67FAC785-CD58-4f9f-ABB3-4B7DDC6ED5ED}" datafieldname="nwm_deskanalystcoverage" disabled="false" />
                    </cell>
                  </row>
                </rows>
              </section>
            </sections>
          </column>
        </columns>
      </tab>
    </tabs>
    <header id="{3ff9aa06-4e43-41ce-afa9-22a038af5c19}" celllabelposition="Top" columns="1" labelwidth="115" celllabelalignment="Left">
      <rows>
        <row>
          <cell id="{24be01cc-16a6-8eea-8916-42d20a1097ae}" showlabel="true" locklevel="1" labelid="{77f900ae-b3e2-4a0c-9cc8-4915090b5665}">
            <labels>
              <label description="Owner" languagecode="1033" />
            </labels>
            <control id="header_ownerid" classid="{270BD3DB-D9AF-4782-9025-509E298DEC0A}" datafieldname="ownerid" />
          </cell>
        </row>
      </rows>
    </header>
    <clientresources>
      <internalresources>
        <clientincludes>
          <internaljscriptfile src="$webresource:Contact_main_system_library.js" />
        </clientincludes>
      </internalresources>
    </clientresources>
    <events>
      <event name="onload" application="true" active="true">
        <InternalHandlers>
          <Handler functionName="Mscrm.ContactMainSystemLibraryWebResource.form_onload" libraryName="Contact_main_system_library.js" handlerUniqueId="4ea24ebd-795d-434e-af94-6812c3867b54" enabled="true" />
        </InternalHandlers>
        <Handlers>
          <Handler functionName="captureTelemetry" libraryName="nwm_/Script/contact.js" handlerUniqueId="{9281ede1-b1b4-2590-1b54-97bba729a779}" enabled="true" parameters="" passExecutionContext="false" />
        </Handlers>
      </event>
      <event name="onchange" application="false" active="false" attribute="nwm_contactradarstatus">
        <Handlers>
          <Handler functionName="RefreshContactRadar" libraryName="nwm_/Script/contact.js" handlerUniqueId="{03c19c20-c78b-8e80-97b2-365577457437}" enabled="true" parameters="" passExecutionContext="false" />
        </Handlers>
      </event>
    </events>
    <Navigation>
      <NavBar>
        <NavBarByRelationshipItem RelationshipName="invoice_customer_contacts" Id="navInvoices" Sequence="10" Area="Info" Show="false">
          <Privileges>
            <Privilege Entity="" Privilege="ReadActivity" />
          </Privileges>
          <Titles>
            <Title LCID="1033" Text="Invoice" />
          </Titles>
        </NavBarByRelationshipItem>
        <NavBarByRelationshipItem RelationshipName="quote_customer_contacts" Id="navQuotes" Sequence="10" Area="Info" Show="false">
          <Privileges>
            <Privilege Entity="" Privilege="ReadActivity" />
          </Privileges>
          <Titles>
            <Title LCID="1033" Text="Quote" />
          </Titles>
        </NavBarByRelationshipItem>
        <NavBarByRelationshipItem RelationshipName="contract_customer_contacts" Id="navContracts" Sequence="10" Area="Info" Show="false">
          <Privileges>
            <Privilege Entity="" Privilege="ReadActivity" />
          </Privileges>
          <Titles>
            <Title LCID="1033" Text="Contract" />
          </Titles>
        </NavBarByRelationshipItem>
        <NavBarByRelationshipItem RelationshipName="contact_customer_relationship_customer" Id="navRelationships" Sequence="10" Area="Info" Show="false">
          <Privileges>
            <Privilege Entity="" Privilege="ReadActivity" />
          </Privileges>
          <Titles>
            <Title LCID="1033" Text="CustomerRelationship" />
          </Titles>
        </NavBarByRelationshipItem>
        <NavBarByRelationshipItem RelationshipName="Contact_CustomerAddress" Id="navAddresses" Sequence="10" Area="Info" Show="false">
          <Privileges>
            <Privilege Entity="" Privilege="ReadActivity" />
          </Privileges>
          <Titles>
            <Title LCID="1033" Text="Addresses" />
          </Titles>
        </NavBarByRelationshipItem>
        <NavBarByRelationshipItem RelationshipName="order_customer_contacts" Id="navOrders" Sequence="10" Area="Info" Show="false">
          <Privileges>
            <Privilege Entity="" Privilege="ReadActivity" />
          </Privileges>
          <Titles>
            <Title LCID="1033" Text="SalesOrder" />
          </Titles>
        </NavBarByRelationshipItem>
        <NavBarByRelationshipItem RelationshipName="contact_customer_contacts" Id="navSubConts" Sequence="10" Area="Info" Show="false">
          <Privileges>
            <Privilege Entity="" Privilege="ReadActivity" />
          </Privileges>
          <Titles>
            <Title LCID="1033" Text="Contacts" />
          </Titles>
        </NavBarByRelationshipItem>
        <NavBarByRelationshipItem RelationshipName="listcontact_association" Id="navListsInSFA" Sequence="10" Area="Info" Show="false">
          <Privileges>
            <Privilege Entity="" Privilege="ReadActivity" />
          </Privileges>
          <Titles>
            <Title LCID="1033" Text="List" />
          </Titles>
        </NavBarByRelationshipItem>
        <NavBarByRelationshipItem RelationshipName="hardcoded_{B7196B13-6B9D-42CD-BD58-B19A3953126F}navCampaignsInSFA" Sequence="20" Area="Marketing" Id="navCampaignsInSFA" Show="false">
          <Titles>
            <Title LCID="1033" Text="Campaigns" />
          </Titles>
        </NavBarByRelationshipItem>
        <NavBarByRelationshipItem RelationshipName="hardcoded_{B7196B13-6B9D-42CD-BD58-B19A3953126F}navAsyncOperations" Sequence="9500" Area="ProcessCenter" Id="navAsyncOperations" Show="false">
          <Titles>
            <Title LCID="1033" Text="Workflows" />
          </Titles>
        </NavBarByRelationshipItem>
        <NavBarByRelationshipItem RelationshipName="hardcoded_{B7196B13-6B9D-42CD-BD58-B19A3953126F}navProcessSessions" Sequence="9700" Area="ProcessCenter" Id="navProcessSessions" Show="false">
          <Titles>
            <Title LCID="1033" Text="Dialog Sessions" />
          </Titles>
        </NavBarByRelationshipItem>
      </NavBar>
      <NavBarAreas>
        <NavBarArea Id="Info">
          <Titles>
            <Title LCID="1033" Text="Common" />
          </Titles>
        </NavBarArea>
        <NavBarArea Id="Sales">
          <Titles>
            <Title LCID="1033" Text="Sales" />
          </Titles>
        </NavBarArea>
        <NavBarArea Id="Service">
          <Titles>
            <Title LCID="1033" Text="Service" />
          </Titles>
        </NavBarArea>
        <NavBarArea Id="Marketing">
          <Titles>
            <Title LCID="1033" Text="Marketing" />
          </Titles>
        </NavBarArea>
        <NavBarArea Id="ProcessCenter">
          <Titles>
            <Title LCID="1033" Text="Process Sessions" />
          </Titles>
        </NavBarArea>
      </NavBarAreas>
    </Navigation>
    <controlDescriptions />
    <formLibraries>
      <Library name="nwm_/Script/contact.js" libraryUniqueId="{7cd4a3ab-d46b-cd32-db8c-2d07da018b4c}" />
      <Library name="nwm_/Script/Telemetry.js" libraryUniqueId="{2e73c922-5c32-469a-552d-6d287e3c5858}" />
    </formLibraries>
    <DisplayConditions Order="3" FallbackForm="true">
      <Role Id="{F1D0A138-DC7F-E611-80DD-C4346BAC7E3C}" />
      <Role Id="{8E902825-DC7F-E611-80DD-C4346BAC7E3C}" />
      <Role Id="{627090ff-40a3-4053-8790-584edc5be201}" />
    </DisplayConditions>
  </form>
  <IsCustomizable>1</IsCustomizable>
  <CanBeDeleted>1</CanBeDeleted>
  <LocalizedNames>
    <LocalizedName description="RBS Contact" languagecode="1033" />
  </LocalizedNames>
  <Descriptions>
    <Description description="RBS Contact Form." languagecode="1033" />
  </Descriptions>
</systemform>