<?xml version="1.0" encoding="utf-8"?>
<forms xmlns:xsi="http://www.w3.org/2001/XMLSchema-instance">
  <systemform>
    <formid>{88337cbf-1f76-413c-93d1-7dd5fd979277}</formid>
    <IntroducedVersion>1.0</IntroducedVersion>
    <FormPresentation>1</FormPresentation>
    <FormActivationState>1</FormActivationState>
    <form>
      <tabs>
        <tab
          verticallayout="true"
          id="{491aad8d-739e-429d-9721-8071b423df9a}"
          IsUserDefined="1">
          <labels>
            <label
              description=""
              languagecode="1033" />
          </labels>
          <columns>
            <column
              width="100%">
              <sections>
                <section
                  showlabel="false"
                  showbar="false"
                  IsUserDefined="0"
                  id="{2572cfc0-16c5-4494-9a2f-2462f48d569e}">
                  <labels>
                    <label
                      description="GENERAL"
                      languagecode="1033" />
                  </labels>
                  <rows>
                    <row>
                      <cell
                        id="{452a91c5-05d9-4b2a-a1f8-a936f2cc0bc6}"
                        showlabel="true"
                        locklevel="0"
                        visible="false">
                        <labels>
                          <label
                            description="Name"
                            languagecode="1033" />
                        </labels>
                        <control
                          id="rhm_name"
                          classid="{4273EDBD-AC1D-40d3-9FB2-095C621B552D}"
                          datafieldname="rhm_name"
                          disabled="true"
                          uniqueid="{477768e9-8b60-dbbb-18b2-27c7981d1941}" />
                      </cell>
                    </row>
                    <row>
                      <cell
                        id="{96e6e9b6-8d11-4f72-bb52-07778c884c78}"
                        locklevel="0"
                        colspan="1"
                        rowspan="1">
                        <labels>
                          <label
                            description="Account"
                            languagecode="1033" />
                        </labels>
                        <control
                          id="rhm_accountid"
                          classid="{270BD3DB-D9AF-4782-9025-509E298DEC0A}"
                          datafieldname="rhm_accountid"
                          disabled="false" />
                      </cell>
                    </row>
                    <row>
                      <cell
                        id="{83b5cbf0-396b-4819-abfc-e2570be21e3c}"
                        locklevel="0"
                        colspan="1"
                        rowspan="1"
                        showlabel="true"
                        visible="false">
                        <labels>
                          <label
                            description="Account Type"
                            languagecode="1033" />
                        </labels>
                        <control
                          id="rhm_accounttypeid"
                          classid="{270BD3DB-D9AF-4782-9025-509E298DEC0A}"
                          datafieldname="rhm_accounttypeid"
                          disabled="false"
                          uniqueid="{6821367e-6d3b-9de0-a24c-e36352023c0d}">
                          <parameters>
                            <AutoResolve>true</AutoResolve>
                            <DisableMru>false</DisableMru>
                            <DisableQuickFind>false</DisableQuickFind>
                            <DisableViewPicker>false</DisableViewPicker>
                            <DefaultViewId>{1BE15424-AF68-4908-B5A6-E93994C04BE0}</DefaultViewId>
                            <AllowFilterOff>false</AllowFilterOff>
                          </parameters>
                        </control>
                      </cell>
                    </row>
                    <row>
                      <cell
                        id="{74bf42fc-7b77-41a3-a626-d5995390b751}"
                        locklevel="0"
                        colspan="1"
                        rowspan="1"
                        showlabel="true"
                        visible="false">
                        <labels>
                          <label
                            description="Oracle Account Id"
                            languagecode="1033" />
                        </labels>
                        <control
                          id="rhm_oracleaccountid"
                          classid="{4273EDBD-AC1D-40D3-9FB2-095C621B552D}"
                          datafieldname="rhm_oracleaccountid"
                          disabled="false"
                          uniqueid="{64983ed7-d3a7-8de7-7a66-8ac839e043c9}" />
                      </cell>
                    </row>
                    <row>
                      <cell
                        id="{87e3fdb7-4381-48c1-8e0f-4a6f8aa47b5d}"
                        colspan="1"
                        rowspan="1"
                        showlabel="true"
                        locklevel="1"
                        visible="false">
                        <labels>
                          <label
                            description="Owner"
                            languagecode="1033" />
                        </labels>
                        <control
                          id="ownerid"
                          classid="{270BD3DB-D9AF-4782-9025-509E298DEC0A}"
                          datafieldname="ownerid"
                          uniqueid="{e17d7e37-bb6d-224e-cd86-3756985a426b}"
                          disabled="false">
                          <parameters>
                            <AutoResolve>true</AutoResolve>
                            <DisableMru>false</DisableMru>
                          </parameters>
                        </control>
                      </cell>
                    </row>
                  </rows>
                </section>
              </sections>
            </column>
          </columns>
        </tab>
      </tabs>
      <DisplayConditions
        Order="0"
        FallbackForm="true">
        <Everyone />
      </DisplayConditions>
    </form>
    <IsCustomizable>1</IsCustomizable>
    <CanBeDeleted>1</CanBeDeleted>
    <LocalizedNames>
      <LocalizedName
        description="Information"
        languagecode="1033" />
    </LocalizedNames>
  </systemform>
</forms>