<environmentvariabledefinition schemaname="lcc_SupplierFilterSupplierGroup">
  <defaultvalue>0100,0101,0102,0103,0104,0105,0106,0107,0109,0110,0111,0122,0123,0124,0125,0127,0128</defaultvalue>
  <displayname default="Supplier Filter Supplier Group">
    <label description="Supplier Filter Supplier Group" languagecode="1033" />
  </displayname>
  <introducedversion>1.0.0.58</introducedversion>
  <iscustomizable>1</iscustomizable>
  <isrequired>0</isrequired>
  <secretstore>0</secretstore>
  <type>100000000</type>
</environmentvariabledefinition>