﻿<?xml version="1.0" encoding="utf-8"?>
<systemform>
  <formid>{14ae399a-9bb4-4047-994a-4e21d3a78e76}</formid>
  <IntroducedVersion>1.0.0.0</IntroducedVersion>
  <FormPresentation>1</FormPresentation>
  <FormActivationState>1</FormActivationState>
  <form>
    <tabs>
      <tab verticallayout="true" id="{182ae478-b234-46a8-b6b5-ba858ee4a3c1}" IsUserDefined="1">
        <labels>
          <label description="General" languagecode="1033" />
        </labels>
        <columns>
          <column width="100%">
            <sections>
              <section showlabel="false" showbar="false" IsUserDefined="0" id="{635d741c-1bbc-4503-bd58-8a459d03d398}">
                <labels>
                  <label description="General" languagecode="1033" />
                </labels>
                <rows>
                  <row>
                    <cell id="{2c95ab7c-de0a-4e90-b139-477f8649a6bc}" showlabel="true" locklevel="0" visible="false">
                      <labels>
                        <label description="Name" languagecode="1033" />
                      </labels>
                      <control id="rbs_name" classid="{4273EDBD-AC1D-40d3-9FB2-095C621B552D}" datafieldname="rbs_name" uniqueid="{be947a5d-136a-3e54-5065-3326809821ca}" disabled="true" />
                    </cell>
                  </row>
                  <row>
                    <cell id="{a468a9c2-09b6-1a1a-09e7-3035eecb7485}" showlabel="true" locklevel="0">
                      <labels>
                        <label description="Phone Call" languagecode="1033" />
                      </labels>
                      <control id="rbs_phonecall" classid="{270BD3DB-D9AF-4782-9025-509E298DEC0A}" datafieldname="rbs_phonecall" disabled="true" uniqueid="{59cac960-c661-bec0-8aad-578ee3c9edc1}">
                        <parameters>
                          <AutoResolve>true</AutoResolve>
                          <DisableMru>false</DisableMru>
                          <DisableQuickFind>false</DisableQuickFind>
                          <DisableViewPicker>false</DisableViewPicker>
                          <DefaultViewId>{D4A3E33D-16D2-41FD-91AA-14CFBF88633A}</DefaultViewId>
                          <AllowFilterOff>false</AllowFilterOff>
                        </parameters>
                      </control>
                    </cell>
                  </row>
                  <row>
                    <cell id="{b765b0ae-41da-de29-19ad-eb40ed958cb8}" showlabel="true" locklevel="0">
                      <labels>
                        <label description="Is Assigned" languagecode="1033" />
                      </labels>
                      <control id="rbs_isassigned" classid="{67FAC785-CD58-4f9f-ABB3-4B7DDC6ED5ED}" datafieldname="rbs_isassigned" disabled="true" uniqueid="{405ed6b8-7574-9623-a3d5-1d488c059d6a}" />
                    </cell>
                  </row>
                  <row>
                    <cell id="{77496c09-0d29-a04b-dc08-d835ed3ee6b0}" showlabel="true" locklevel="0">
                      <labels>
                        <label description="Failure Reason" languagecode="1033" />
                      </labels>
                      <control id="rbs_failurereason" classid="{E0DECE4B-6FC8-4a8f-A065-082708572369}" datafieldname="rbs_failurereason" disabled="true" uniqueid="{96d0e51d-5262-257c-6e0e-975a766b5eb4}" />
                    </cell>
                  </row>
                </rows>
              </section>
            </sections>
          </column>
        </columns>
      </tab>
    </tabs>
    <header id="{1e46f776-5c68-4f5d-a688-336d92e2b910}" columns="111">
      <rows>
        <row>
          <cell id="{484bbc2d-ba09-4a6d-bf2a-d92ff0e88795}" showlabel="false">
            <labels>
              <label description="" languagecode="1033" />
            </labels>
          </cell>
          <cell id="{6e6037d7-4c35-471e-8574-11367ffe043e}" showlabel="false">
            <labels>
              <label description="" languagecode="1033" />
            </labels>
          </cell>
          <cell id="{298e18dd-3335-1c58-0065-77ad508e0abe}" showlabel="true" locklevel="0">
            <labels>
              <label description="Created On" languagecode="1033" />
            </labels>
            <control id="header_createdon" classid="{5B773807-9FB2-42db-97C3-7A91EFF8ADFF}" datafieldname="createdon" disabled="true" uniqueid="{a9632c53-a4d1-e28c-1d30-c547140d4704}" />
          </cell>
        </row>
      </rows>
    </header>
    <Navigation>
      <NavBar></NavBar>
      <NavBarAreas>
        <NavBarArea Id="Info">
          <Titles>
            <Title LCID="1033" Text="Common" />
          </Titles>
        </NavBarArea>
        <NavBarArea Id="Sales">
          <Titles>
            <Title LCID="1033" Text="Sales" />
          </Titles>
        </NavBarArea>
        <NavBarArea Id="Service">
          <Titles>
            <Title LCID="1033" Text="Service" />
          </Titles>
        </NavBarArea>
        <NavBarArea Id="Marketing">
          <Titles>
            <Title LCID="1033" Text="Marketing" />
          </Titles>
        </NavBarArea>
        <NavBarArea Id="ProcessCenter">
          <Titles>
            <Title LCID="1033" Text="Process Sessions" />
          </Titles>
        </NavBarArea>
      </NavBarAreas>
    </Navigation>
    <controlDescriptions />
  </form>
  <IsCustomizable>1</IsCustomizable>
  <CanBeDeleted>1</CanBeDeleted>
  <LocalizedNames>
    <LocalizedName description="Information" languagecode="1033" />
  </LocalizedNames>
  <Descriptions>
    <Description description="A form for this entity." languagecode="1033" />
  </Descriptions>
</systemform>