<?xml version="1.0" encoding="utf-8"?>
<savedqueries xmlns:xsi="http://www.w3.org/2001/XMLSchema-instance">
  <savedquery>
    <IsCustomizable>1</IsCustomizable>
    <CanBeDeleted>0</CanBeDeleted>
    <isquickfindquery>0</isquickfindquery>
    <isprivate>0</isprivate>
    <isdefault>0</isdefault>
    <savedqueryid>{09bd154f-6bd6-44c3-b22a-56ffac9503a2}</savedqueryid>
    <layoutxml>
      <grid
        name="resultset"
        jump="rhm_name"
        select="1"
        icon="1"
        preview="1">
        <row
          name="result"
          id="rhm_accounttypeid">
          <cell
            name="rhm_name"
            width="300" />
          <cell
            name="createdon"
            width="125" />
        </row>
      </grid>
    </layoutxml>
    <querytype>0</querytype>
    <fetchxml>
      <fetch
        version="1.0"
        mapping="logical">
        <entity
          name="rhm_accounttype">
          <attribute
            name="rhm_accounttypeid" />
          <attribute
            name="rhm_name" />
          <attribute
            name="createdon" />
          <order
            attribute="rhm_name"
            descending="false" />
          <filter
            type="and">
            <condition
              attribute="statecode"
              operator="eq"
              value="1" />
          </filter>
        </entity>
      </fetch>
    </fetchxml>
    <IntroducedVersion>1.0</IntroducedVersion>
    <LocalizedNames>
      <LocalizedName
        description="Inactive Account Types"
        languagecode="1033" />
    </LocalizedNames>
  </savedquery>
</savedqueries>