﻿<?xml version="1.0" encoding="utf-8"?>
<systemform>
  <formid>{64ea84fd-646b-4005-b03d-755a46f79557}</formid>
  <IntroducedVersion>0.0.0.1</IntroducedVersion>
  <FormPresentation>1</FormPresentation>
  <FormActivationState>1</FormActivationState>
  <form>
    <tabs>
      <tab verticallayout="true" id="{10feae3a-1f70-425c-936d-eea574d0b7cb}" IsUserDefined="1">
        <labels>
          <label description="General" languagecode="1033" />
        </labels>
        <columns>
          <column width="100%">
            <sections>
              <section showlabel="false" showbar="false" IsUserDefined="0" id="{c44515c3-9f38-4f22-a4a5-e356c74910ab}">
                <labels>
                  <label description="General" languagecode="1033" />
                </labels>
                <rows>
                  <row>
                    <cell id="{8190c306-be8a-457b-9e6f-3bee391de0b3}" showlabel="true" locklevel="0" visible="false">
                      <labels>
                        <label description="Name" languagecode="1033" />
                      </labels>
                      <control id="nwm_name" classid="{4273EDBD-AC1D-40d3-9FB2-095C621B552D}" datafieldname="nwm_name" uniqueid="{ab7e619b-5c74-0a77-712a-95a3c59ea94a}" disabled="false" />
                    </cell>
                  </row>
                  <row>
                    <cell id="{eed2766a-24ce-b126-d7b5-25e66c7ed359}" showlabel="true" locklevel="0" availableforphone="false">
                      <labels>
                        <label description="Revenue LY" languagecode="1033" />
                      </labels>
                      <control id="nwm_revenuely" classid="{533B9E00-756B-4312-95A0-DC888637AC78}" datafieldname="nwm_revenuely" disabled="false" uniqueid="{177532ac-1de1-8513-b7b9-34225c3065b5}" />
                    </cell>
                  </row>
                  <row>
                    <cell id="{722aaea2-1406-81cc-b750-5be8ea72d816}" showlabel="true" locklevel="0" availableforphone="false">
                      <labels>
                        <label description="Revenue YTD" languagecode="1033" />
                      </labels>
                      <control id="nwm_revenueytd" classid="{533B9E00-756B-4312-95A0-DC888637AC78}" datafieldname="nwm_revenueytd" disabled="false" uniqueid="{35bbc423-d749-1513-10a4-1a099a0658ad}" />
                    </cell>
                  </row>
                  <row>
                    <cell id="{6db4c38a-9013-8b21-d40e-ab8c209b1a1d}" showlabel="true" locklevel="0" availableforphone="false">
                      <labels>
                        <label description="% Change" languagecode="1033" />
                      </labels>
                      <control id="nwm_percentagechange" classid="{C3EFE0C3-0EC6-42be-8349-CBD9079DFD8E}" datafieldname="nwm_percentagechange" disabled="false" uniqueid="{9a08e2e3-1b66-5583-c8e6-653bcbc9b069}" />
                    </cell>
                  </row>
                  <row>
                    <cell id="{31e2e571-96cb-7800-eb53-26c0c4747d4b}" showlabel="true" locklevel="0">
                      <labels>
                        <label description="Budget" languagecode="1033" />
                      </labels>
                      <control id="nwm_budget" classid="{533B9E00-756B-4312-95A0-DC888637AC78}" datafieldname="nwm_budget" disabled="false" />
                    </cell>
                  </row>
                  <row>
                    <cell id="{72744087-4060-ae82-165d-683ee662189d}" showlabel="true" locklevel="0">
                      <labels>
                        <label description="Rolling Average" languagecode="1033" />
                      </labels>
                      <control id="nwm_rollingaverage" classid="{533B9E00-756B-4312-95A0-DC888637AC78}" datafieldname="nwm_rollingaverage" disabled="false" />
                    </cell>
                  </row>
                  <row>
                    <cell id="{8ee15601-78ca-b71a-dbb6-e68b029672eb}" showlabel="true" locklevel="0">
                      <labels>
                        <label description="Credit Limit" languagecode="1033" />
                      </labels>
                      <control id="nwm_creditlimit" classid="{533B9E00-756B-4312-95A0-DC888637AC78}" datafieldname="nwm_creditlimit" disabled="false" />
                    </cell>
                  </row>
                  <row>
                    <cell id="{18f49df9-166d-41e0-a9b5-33fd5c50fafd}" showlabel="true" locklevel="1" visible="false">
                      <labels>
                        <label description="Owner" languagecode="1033" />
                      </labels>
                      <control id="ownerid" classid="{270BD3DB-D9AF-4782-9025-509E298DEC0A}" datafieldname="ownerid" uniqueid="{e99bbe5d-0c0a-a7dd-802c-ea6a6b760842}" disabled="false">
                        <parameters>
                          <AutoResolve>true</AutoResolve>
                          <DisableMru>false</DisableMru>
                        </parameters>
                      </control>
                    </cell>
                  </row>
                </rows>
              </section>
            </sections>
          </column>
        </columns>
      </tab>
    </tabs>
    <Navigation>
      <NavBar></NavBar>
      <NavBarAreas>
        <NavBarArea Id="Info">
          <Titles>
            <Title LCID="1033" Text="Common" />
          </Titles>
        </NavBarArea>
        <NavBarArea Id="Sales">
          <Titles>
            <Title LCID="1033" Text="Sales" />
          </Titles>
        </NavBarArea>
        <NavBarArea Id="Service">
          <Titles>
            <Title LCID="1033" Text="Service" />
          </Titles>
        </NavBarArea>
        <NavBarArea Id="Marketing">
          <Titles>
            <Title LCID="1033" Text="Marketing" />
          </Titles>
        </NavBarArea>
        <NavBarArea Id="ProcessCenter">
          <Titles>
            <Title LCID="1033" Text="Process Sessions" />
          </Titles>
        </NavBarArea>
      </NavBarAreas>
    </Navigation>
    <controlDescriptions />
  </form>
  <IsCustomizable>1</IsCustomizable>
  <CanBeDeleted>1</CanBeDeleted>
  <LocalizedNames>
    <LocalizedName description="Information" languagecode="1033" />
  </LocalizedNames>
  <Descriptions>
    <Description description="A form for this entity." languagecode="1033" />
  </Descriptions>
</systemform>