﻿<?xml version="1.0" encoding="utf-8"?>
<WebResource>
  <WebResourceId>{6ef98b9a-6ac7-e611-80e3-c4346baccc44}</WebResourceId>
  <Name>nwm_/Images/16px_CallReport.png</Name>
  <DisplayName>nwm_/Images/16px_CallReport.png</DisplayName>
  <Description>Call Report 16 Pixel Icon.</Description>
  <WebResourceType>5</WebResourceType>
  <IntroducedVersion>0.0.0.1</IntroducedVersion>
  <IsEnabledForMobileClient>0</IsEnabledForMobileClient>
  <IsAvailableForMobileOffline>0</IsAvailableForMobileOffline>
  <IsCustomizable>1</IsCustomizable>
  <CanBeDeleted>1</CanBeDeleted>
  <IsHidden>0</IsHidden>
  <FileName>/WebResources/nwm_Images16px_CallReportpng6EF98B9A-6AC7-E611-80E3-C4346BACCC44</FileName>
</WebResource>