﻿<?xml version="1.0" encoding="utf-8"?>
<WebResource>
  <WebResourceId>{8abce0bc-67de-e611-80d4-3863bb358e18}</WebResourceId>
  <Name>nwm_/Images/16px_ClientAccessRequest.png</Name>
  <DisplayName>nwm_/Images/16px_ClientAccessRequest.png</DisplayName>
  <Description>Client Access Report 16 Pixel Icon.</Description>
  <WebResourceType>5</WebResourceType>
  <IntroducedVersion>0.0.0.1</IntroducedVersion>
  <IsEnabledForMobileClient>0</IsEnabledForMobileClient>
  <IsAvailableForMobileOffline>0</IsAvailableForMobileOffline>
  <DependencyXml>&lt;Dependencies&gt;&lt;Dependency componentType="WebResource"/&gt;&lt;/Dependencies&gt;</DependencyXml>
  <IsCustomizable>1</IsCustomizable>
  <CanBeDeleted>1</CanBeDeleted>
  <IsHidden>0</IsHidden>
  <FileName>/WebResources/nwm_Images16px_ClientAccessRequestpng8ABCE0BC-67DE-E611-80D4-3863BB358E18</FileName>
</WebResource>