﻿<?xml version="1.0" encoding="utf-8"?>
<systemform>
  <formid>{cf9bdd92-a1b4-46ce-8fa9-a56273ac590d}</formid>
  <IntroducedVersion>0.0.0.1</IntroducedVersion>
  <FormPresentation>1</FormPresentation>
  <FormActivationState>1</FormActivationState>
  <form shownavigationbar="true" showImage="false" maxWidth="1900">
    <tabs>
      <tab verticallayout="true" id="{3d76cbfb-3ee6-48d4-946c-081fa87ca84f}" IsUserDefined="1">
        <labels>
          <label description="General" languagecode="1033" />
        </labels>
        <columns>
          <column width="100%">
            <sections>
              <section showlabel="false" showbar="false" IsUserDefined="0" id="{b25daa81-1112-4f18-aec9-d0fcf075a063}">
                <labels>
                  <label description="General" languagecode="1033" />
                </labels>
                <rows>
                  <row>
                    <cell id="{93af40e7-bd37-4684-b03c-349b4177976f}" showlabel="true" locklevel="0" visible="false">
                      <labels>
                        <label description="Name" languagecode="1033" />
                      </labels>
                      <control id="nwm_name" classid="{4273EDBD-AC1D-40d3-9FB2-095C621B552D}" datafieldname="nwm_name" uniqueid="{7a673139-a1b3-30d2-a17b-081623c943c3}" disabled="false" />
                    </cell>
                  </row>
                  <row>
                    <cell id="{e582f251-12bc-43bf-8af9-059519bcc2b7}" showlabel="true" locklevel="1" visible="false">
                      <labels>
                        <label description="Owner" languagecode="1033" />
                      </labels>
                      <control id="ownerid" classid="{270BD3DB-D9AF-4782-9025-509E298DEC0A}" datafieldname="ownerid" uniqueid="{c65ca9a9-0207-ceb1-33e9-e5c7b5ddc93d}" disabled="false">
                        <parameters>
                          <AutoResolve>true</AutoResolve>
                          <DisableMru>false</DisableMru>
                        </parameters>
                      </control>
                    </cell>
                  </row>
                  <row>
                    <cell id="{1a097197-30d0-c0e2-8898-93625999e230}" showlabel="true" locklevel="0">
                      <labels>
                        <label description="Client" languagecode="1033" />
                      </labels>
                      <control id="nwm_client" classid="{270BD3DB-D9AF-4782-9025-509E298DEC0A}" datafieldname="nwm_client" disabled="false" />
                    </cell>
                  </row>
                  <row>
                    <cell id="{32c5492d-c6b8-2e21-b13d-8ccd746decd0}" showlabel="true" locklevel="0">
                      <labels>
                        <label description="User" languagecode="1033" />
                      </labels>
                      <control id="nwm_user" classid="{270BD3DB-D9AF-4782-9025-509E298DEC0A}" datafieldname="nwm_user" disabled="false" />
                    </cell>
                  </row>
                  <row>
                    <cell id="{9cc88225-e8d4-96a5-c315-68d1429d084c}" showlabel="true" locklevel="0">
                      <labels>
                        <label description="Coverage Role" languagecode="1033" />
                      </labels>
                      <control id="nwm_coveragerole" classid="{3EF39988-22BB-4f0b-BBBE-64B5A3748AEE}" datafieldname="nwm_coveragerole" disabled="false" />
                    </cell>
                  </row>
                  <row>
                    <cell id="{2bc79ae1-235c-9a20-26b9-8c17a715de53}" showlabel="true" locklevel="0">
                      <labels>
                        <label description="Request Type" languagecode="1033" />
                      </labels>
                      <control id="nwm_requesttype" classid="{3EF39988-22BB-4f0b-BBBE-64B5A3748AEE}" datafieldname="nwm_requesttype" disabled="false" />
                    </cell>
                  </row>
                  <row>
                    <cell id="{4a794c9a-5d31-a634-65ac-e683990ccc51}" showlabel="true" locklevel="0" rowspan="2">
                      <labels>
                        <label description="Comment" languagecode="1033" />
                      </labels>
                      <control id="nwm_comment" classid="{E0DECE4B-6FC8-4a8f-A065-082708572369}" datafieldname="nwm_comment" disabled="false" uniqueid="{674acdcc-265d-9751-8971-811b11ebc315}" />
                    </cell>
                  </row>
                  <row />
                </rows>
              </section>
              <section name="section_Approval" showlabel="true" showbar="false" locklevel="0" id="{65794781-a3ac-cb50-2b56-c47595156b88}" IsUserDefined="0" layout="varwidth" columns="1" labelwidth="115" celllabelalignment="Left" celllabelposition="Left">
                <labels>
                  <label description="Approval" languagecode="1033" />
                </labels>
                <rows>
                  <row>
                    <cell id="{11681d97-7e74-e41d-2a24-a436d2487641}" showlabel="true" locklevel="0" availableforphone="false">
                      <labels>
                        <label description="Approval By" languagecode="1033" />
                      </labels>
                      <control id="nwm_approver" classid="{270BD3DB-D9AF-4782-9025-509E298DEC0A}" datafieldname="nwm_approver" disabled="false" uniqueid="{592cc349-4338-5561-27d9-076e07834cca}">
                        <parameters>
                          <AutoResolve>true</AutoResolve>
                          <DisableMru>false</DisableMru>
                          <DisableQuickFind>false</DisableQuickFind>
                          <DisableViewPicker>false</DisableViewPicker>
                          <DefaultViewId>{E88CA999-0B16-4AE9-B6A9-9EDC840D42D8}</DefaultViewId>
                          <AllowFilterOff>false</AllowFilterOff>
                        </parameters>
                      </control>
                    </cell>
                  </row>
                  <row>
                    <cell id="{0e55e1ee-a576-9ce4-0c0d-23c351b96a2d}" showlabel="true" locklevel="0" availableforphone="false">
                      <labels>
                        <label description="Approval Date" languagecode="1033" />
                      </labels>
                      <control id="nwm_approvaldate" classid="{5B773807-9FB2-42db-97C3-7A91EFF8ADFF}" datafieldname="nwm_approvaldate" disabled="false" uniqueid="{84a27d5d-9cc4-64ae-4e15-7379517ceb5b}" />
                    </cell>
                  </row>
                  <row>
                    <cell id="{c8240c91-a821-93d8-309c-aece783e324a}" showlabel="true" locklevel="0">
                      <labels>
                        <label description="Approval Comments" languagecode="1033" />
                      </labels>
                      <control id="nwm_approvercomment" classid="{4273EDBD-AC1D-40d3-9FB2-095C621B552D}" datafieldname="nwm_approvercomment" disabled="false" uniqueid="{116d8c93-82d1-0852-b1a3-918cd2913458}" />
                    </cell>
                  </row>
                </rows>
              </section>
            </sections>
          </column>
        </columns>
      </tab>
    </tabs>
    <header id="{da116daa-ff3d-4196-b09f-6ca017b5211f}" columns="111">
      <rows>
        <row>
          <cell id="{c6771362-0773-0acd-e193-17e7e1ca510d}" showlabel="true" locklevel="0">
            <labels>
              <label description="Status Reason" languagecode="1033" />
            </labels>
            <control id="header_statuscode" classid="{5D68B988-0661-4db2-BC3E-17598AD3BE6C}" datafieldname="statuscode" disabled="true" uniqueid="{599357a3-32b5-e073-84aa-0304ee7715e0}" />
          </cell>
          <cell id="{35701c69-86e9-776b-b314-189649d6659e}" showlabel="true" locklevel="0" visible="false">
            <labels>
              <label description="Status" languagecode="1033" />
            </labels>
            <control id="header_statecode" classid="{3EF39988-22BB-4f0b-BBBE-64B5A3748AEE}" datafieldname="statecode" disabled="true" uniqueid="{58aaec70-c20b-ad05-6488-9dd2ccc6a6de}" />
          </cell>
          <cell id="{891ec88c-e582-23b1-a88d-959de9a3e9bb}" showlabel="true" locklevel="0">
            <labels>
              <label description="Owner" languagecode="1033" />
            </labels>
            <control id="header_ownerid" classid="{270BD3DB-D9AF-4782-9025-509E298DEC0A}" datafieldname="ownerid" disabled="true" uniqueid="{5ce57a78-0001-2609-ec50-819bb10093c2}">
              <parameters>
                <AutoResolve>true</AutoResolve>
                <DisableMru>false</DisableMru>
              </parameters>
            </control>
          </cell>
        </row>
      </rows>
    </header>
    <Navigation>
      <NavBar></NavBar>
      <NavBarAreas>
        <NavBarArea Id="Info">
          <Titles>
            <Title LCID="1033" Text="Common" />
          </Titles>
        </NavBarArea>
        <NavBarArea Id="Sales">
          <Titles>
            <Title LCID="1033" Text="Sales" />
          </Titles>
        </NavBarArea>
        <NavBarArea Id="Service">
          <Titles>
            <Title LCID="1033" Text="Service" />
          </Titles>
        </NavBarArea>
        <NavBarArea Id="Marketing">
          <Titles>
            <Title LCID="1033" Text="Marketing" />
          </Titles>
        </NavBarArea>
        <NavBarArea Id="ProcessCenter">
          <Titles>
            <Title LCID="1033" Text="Process Sessions" />
          </Titles>
        </NavBarArea>
      </NavBarAreas>
    </Navigation>
    <controlDescriptions />
    <formLibraries>
      <Library name="nwm_/Script/process.js" libraryUniqueId="{5a610528-3960-0778-39e3-322832be2497}" />
      <Library name="nwm_/Script/xrmservicetoolkit.js" libraryUniqueId="{9d76559e-6239-2ae1-0e21-4cee9529a58e}" />
      <Library name="nwm_/Script/Telemetry.js" libraryUniqueId="{5e2c3de7-872b-a9de-07c1-7ab63ae2a585}" />
    </formLibraries>
    <events>
      <event name="onload" application="false" active="false">
        <Handlers>
          <Handler functionName="captureTelemetry" libraryName="nwm_/Script/Telemetry.js" handlerUniqueId="{51576ada-4a75-32a3-48d9-559b17bbde2c}" enabled="true" parameters="" passExecutionContext="false" />
        </Handlers>
      </event>
    </events>
    <DisplayConditions FallbackForm="true">
      <Everyone />
    </DisplayConditions>
  </form>
  <IsCustomizable>1</IsCustomizable>
  <CanBeDeleted>1</CanBeDeleted>
  <LocalizedNames>
    <LocalizedName description="Information" languagecode="1033" />
  </LocalizedNames>
  <Descriptions>
    <Description description="A form for this entity." languagecode="1033" />
  </Descriptions>
</systemform>