<?xml version="1.0" encoding="utf-8"?>
<forms xmlns:xsi="http://www.w3.org/2001/XMLSchema-instance">
  <systemform>
    <formid>{9f50f1f6-8131-46e7-8ba1-e42403a51119}</formid>
    <IntroducedVersion>5.0.0.0</IntroducedVersion>
    <FormPresentation>0</FormPresentation>
    <FormActivationState>1</FormActivationState>
    <form
      maxWidth="1920"
      solutionaction="Modified">
      <tabs>
        <tab
          name="general"
          verticallayout="true"
          id="{7888d08c-bbd0-448c-873f-12e49a67fbe2}"
          IsUserDefined="0"
          ordinalvalue="0">
          <columns>
            <column
              width="100%"
              id="0">
              <sections>
                <section
                  name="information"
                  showlabel="false"
                  showbar="false"
                  locklevel="0"
                  id="{1545688b-63ec-4f33-b2c6-2022059e12d9}"
                  IsUserDefined="0"
                  layout="varwidth"
                  columns="1"
                  ordinalvalue="0">
                  <rows>
                    <row>
                      <cell
                        id="{5fcd374a-735f-4500-9a35-ec131e7c8574}"
                        showlabel="true"
                        locklevel="0"
                        rowspan="1"
                        colspan="2"
                        ordinalvalue="10000"
                        solutionaction="Removed" />
                    </row>
                    <row>
                      <cell
                        auto="false"
                        showlabel="true"
                        locklevel="0"
                        rowspan="1"
                        colspan="2"
                        id="{ac5eb818-5917-4afc-9ac5-003ef5ab12d1}"
                        ordinalvalue="10001"
                        solutionaction="Removed" />
                    </row>
                    <row>
                      <cell
                        id="{4a0f0293-372f-4b94-bea1-532235ec2068}"
                        locklevel="1"
                        colspan="1"
                        rowspan="1"
                        showlabel="true"
                        ordinalvalue="10000"
                        solutionaction="Added">
                        <labels>
                          <label
                            description="Resolution Type"
                            languagecode="1033" />
                          <label
                            description="Jenis Penyelesaian"
                            languagecode="1086" />
                        </labels>
                        <control
                          id="resolutiontypecode"
                          classid="{3EF39988-22BB-4F0B-BBBE-64B5A3748AEE}"
                          datafieldname="resolutiontypecode"
                          disabled="true"
                          uniqueid="{4c24e1a3-2de1-a8c0-8d97-d594121506d0}" />
                      </cell>
                    </row>
                    <row>
                      <cell
                        id="{0562c5cb-37da-4aac-87b3-6509c06a1fd3}"
                        locklevel="0"
                        colspan="1"
                        rowspan="1"
                        showlabel="true"
                        visible="false"
                        ordinalvalue="10001"
                        solutionaction="Added">
                        <labels>
                          <label
                            description="Case Sub Type"
                            languagecode="1033" />
                        </labels>
                        <control
                          id="rhm_casesubtype"
                          classid="{270BD3DB-D9AF-4782-9025-509E298DEC0A}"
                          datafieldname="rhm_casesubtype"
                          disabled="true"
                          uniqueid="{4a526763-11b3-8e21-1216-ec38661a2455}">
                          <parameters>
                            <AutoResolve>true</AutoResolve>
                            <DisableMru>false</DisableMru>
                            <DisableQuickFind>false</DisableQuickFind>
                            <DisableViewPicker>false</DisableViewPicker>
                            <DefaultViewId>{C003287F-CA61-4E78-93BD-B68CBB04490C}</DefaultViewId>
                            <AllowFilterOff>false</AllowFilterOff>
                          </parameters>
                        </control>
                      </cell>
                    </row>
                    <row>
                      <cell
                        id="{d102cbb0-8e2a-4183-8425-62d90fd9573c}"
                        locklevel="0"
                        colspan="1"
                        rowspan="1"
                        ordinalvalue="10002"
                        solutionaction="Added">
                        <labels>
                          <label
                            description="Case Sub-Status"
                            languagecode="1033" />
                        </labels>
                        <control
                          id="rhm_casesubstatus"
                          classid="{3EF39988-22BB-4F0B-BBBE-64B5A3748AEE}"
                          datafieldname="rhm_casesubstatus"
                          disabled="false" />
                      </cell>
                    </row>
                    <row>
                      <cell
                        id="{8a5ecf9f-12f1-4c42-8ce7-780967ba7869}"
                        locklevel="0"
                        colspan="1"
                        rowspan="1"
                        ordinalvalue="10003"
                        solutionaction="Added">
                        <labels>
                          <label
                            description="Resolution Code"
                            languagecode="1033" />
                        </labels>
                        <control
                          id="rhm_resolutioncode"
                          classid="{270BD3DB-D9AF-4782-9025-509E298DEC0A}"
                          datafieldname="rhm_resolutioncode"
                          disabled="false" />
                      </cell>
                    </row>
                    <row>
                      <cell
                        id="{6844a471-b24c-c4ec-bd9a-01c793083c2b}"
                        showlabel="true"
                        locklevel="0"
                        ordinalvalue="10004"
                        solutionaction="Added">
                        <labels>
                          <label
                            description="Remarks"
                            languagecode="1033" />
                          <label
                            description="Catatan"
                            languagecode="1086" />
                        </labels>
                        <control
                          id="description"
                          classid="{E0DECE4B-6FC8-4a8f-A065-082708572369}"
                          datafieldname="description"
                          disabled="false"
                          uniqueid="{12e77662-1954-1d84-6943-5ec20bbd8acb}" />
                      </cell>
                    </row>
                  </rows>
                </section>
              </sections>
            </column>
          </columns>
        </tab>
      </tabs>
      <controlDescriptions
        solutionaction="Added" />
      <DisplayConditions
        Order="0"
        FallbackForm="true"
        solutionaction="Added">
        <Everyone />
      </DisplayConditions>
    </form>
    <LocalizedNames>
      <LocalizedName
        description="Resolved Case"
        languagecode="1033" />
      <LocalizedName
        description="Borang Cipta Cepat Penyelesaian Kes"
        languagecode="1086" />
    </LocalizedNames>
    <Descriptions>
      <Description
        description="A Quick Create Form for Incident Resolution entity."
        languagecode="1033" />
      <Description
        description="Borang Cipta Cepat untuk entiti Penyelesaian Kejadian."
        languagecode="1086" />
    </Descriptions>
  </systemform>
</forms>