﻿<?xml version="1.0" encoding="utf-8"?>
<WebResource>
  <WebResourceId>{d1f30186-7825-e711-8a78-005056ae2c72}</WebResourceId>
  <Name>rbsm_ConfigHelper</Name>
  <DisplayName>ConfigHelper</DisplayName>
  <LanguageCode>1033</LanguageCode>
  <WebResourceType>3</WebResourceType>
  <IntroducedVersion>1.0</IntroducedVersion>
  <IsCustomizable>1</IsCustomizable>
  <CanBeDeleted>1</CanBeDeleted>
  <IsHidden>0</IsHidden>
  <FileName>/WebResources/rbsm_ConfigHelperD1F30186-7825-E711-8A78-005056AE2C72</FileName>
</WebResource>