﻿<?xml version="1.0" encoding="utf-8"?>
<WebResource>
  <WebResourceId>{dce52985-9537-e511-90e7-005056ae52c3}</WebResourceId>
  <Name>rbsm_XrmServiceToolkit</Name>
  <DisplayName>XrmServiceToolkit</DisplayName>
  <WebResourceType>3</WebResourceType>
  <IntroducedVersion>1.0</IntroducedVersion>
  <IsCustomizable>1</IsCustomizable>
  <CanBeDeleted>1</CanBeDeleted>
  <IsHidden>0</IsHidden>
  <FileName>/WebResources/rbsm_XrmServiceToolkitDCE52985-9537-E511-90E7-005056AE52C3</FileName>
</WebResource>