<?xml version="1.0" encoding="utf-8"?>
<Entity xmlns:xsi="http://www.w3.org/2001/XMLSchema-instance">
  <Name
    LocalizedName="Phone Call"
    OriginalName="">PhoneCall</Name>
  <EntityInfo>
    <entity
      Name="PhoneCall">
      <LocalizedNames>
        <LocalizedName
          description="Phone Call"
          languagecode="1033" />
      </LocalizedNames>
      <LocalizedCollectionNames>
        <LocalizedCollectionName
          description="Phone Calls"
          languagecode="1033" />
      </LocalizedCollectionNames>
      <Descriptions>
        <Description
          description="Activity to track a telephone call."
          languagecode="1033" />
      </Descriptions>
      <attributes>
        <attribute
          PhysicalName="DirectionCode">
          <Type>bit</Type>
          <Name>directioncode</Name>
          <LogicalName>directioncode</LogicalName>
          <RequiredLevel>none</RequiredLevel>
          <DisplayMask>ValidForAdvancedFind|ValidForForm|ValidForGrid</DisplayMask>
          <ImeMode>auto</ImeMode>
          <ValidForUpdateApi>1</ValidForUpdateApi>
          <ValidForReadApi>1</ValidForReadApi>
          <ValidForCreateApi>1</ValidForCreateApi>
          <IsCustomField>0</IsCustomField>
          <IsAuditEnabled>1</IsAuditEnabled>
          <IsSecured>0</IsSecured>
          <IntroducedVersion>5.0.0.0</IntroducedVersion>
          <SourceType>0</SourceType>
          <IsGlobalFilterEnabled>0</IsGlobalFilterEnabled>
          <IsSortableEnabled>0</IsSortableEnabled>
          <IsDataSourceSecret>0</IsDataSourceSecret>
          <AutoNumberFormat></AutoNumberFormat>
          <IsSearchable>0</IsSearchable>
          <IsFilterable>0</IsFilterable>
          <IsRetrievable>0</IsRetrievable>
          <IsLocalizable>0</IsLocalizable>
          <AppDefaultValue>1</AppDefaultValue>
          <optionset
            Name="phonecall_directioncode">
            <OptionSetType>bit</OptionSetType>
            <IntroducedVersion>5.0.0.0</IntroducedVersion>
            <displaynames>
              <displayname
                description="Direction"
                languagecode="1033" />
              <displayname
                description="Arah"
                languagecode="1086" />
            </displaynames>
            <Descriptions>
              <Description
                description="Direction code for the phone call; incoming or outgoing."
                languagecode="1033" />
              <Description
                description="Kod arah untuk panggilan telefon: masuk atau keluar."
                languagecode="1086" />
            </Descriptions>
            <options>
              <option
                value="0"
                Color="#0000ff">
                <labels>
                  <label
                    description="Masuk"
                    languagecode="1086" />
                  <label
                    description="Inbound"
                    languagecode="1033" />
                </labels>
              </option>
              <option
                value="1"
                Color="#0000ff">
                <labels>
                  <label
                    description="Keluar"
                    languagecode="1086" />
                  <label
                    description="Outbound"
                    languagecode="1033" />
                </labels>
              </option>
            </options>
          </optionset>
          <displaynames>
            <displayname
              description="Arah"
              languagecode="1086" />
            <displayname
              description="Direction"
              languagecode="1033" />
          </displaynames>
          <Descriptions>
            <Description
              description="Pilih arah panggilan telefon sebagai masuk atau keluar."
              languagecode="1086" />
            <Description
              description="Select the direction of the phone call as incoming or outbound."
              languagecode="1033" />
          </Descriptions>
        </attribute>
        <attribute
          PhysicalName="rhm_CallerType">
          <Type>picklist</Type>
          <Name>rhm_callertype</Name>
          <LogicalName>rhm_callertype</LogicalName>
          <RequiredLevel>none</RequiredLevel>
          <DisplayMask>ValidForAdvancedFind|ValidForForm|ValidForGrid</DisplayMask>
          <ImeMode>auto</ImeMode>
          <ValidForUpdateApi>1</ValidForUpdateApi>
          <ValidForReadApi>1</ValidForReadApi>
          <ValidForCreateApi>1</ValidForCreateApi>
          <IsCustomField>1</IsCustomField>
          <IsAuditEnabled>1</IsAuditEnabled>
          <IsSecured>0</IsSecured>
          <IntroducedVersion>1.0.0.1</IntroducedVersion>
          <IsCustomizable>1</IsCustomizable>
          <IsRenameable>1</IsRenameable>
          <CanModifySearchSettings>1</CanModifySearchSettings>
          <CanModifyRequirementLevelSettings>1</CanModifyRequirementLevelSettings>
          <CanModifyAdditionalSettings>1</CanModifyAdditionalSettings>
          <SourceType>0</SourceType>
          <IsGlobalFilterEnabled>0</IsGlobalFilterEnabled>
          <IsSortableEnabled>0</IsSortableEnabled>
          <CanModifyGlobalFilterSettings>1</CanModifyGlobalFilterSettings>
          <CanModifyIsSortableSettings>1</CanModifyIsSortableSettings>
          <IsDataSourceSecret>0</IsDataSourceSecret>
          <AutoNumberFormat></AutoNumberFormat>
          <IsSearchable>0</IsSearchable>
          <IsFilterable>0</IsFilterable>
          <IsRetrievable>0</IsRetrievable>
          <IsLocalizable>0</IsLocalizable>
          <AppDefaultValue>-1</AppDefaultValue>
          <optionset
            Name="rhm_phonecall_rhm_callertype">
            <OptionSetType>picklist</OptionSetType>
            <IntroducedVersion>1.0.0.1</IntroducedVersion>
            <IsCustomizable>1</IsCustomizable>
            <displaynames>
              <displayname
                description="Caller Type"
                languagecode="1033" />
            </displaynames>
            <Descriptions>
              <Description
                description=""
                languagecode="1033" />
            </Descriptions>
            <options>
              <option
                value="535790000"
                ExternalValue=""
                Color="#0000ff">
                <labels>
                  <label
                    description="Contractor"
                    languagecode="1033" />
                </labels>
              </option>
              <option
                value="535790001"
                ExternalValue=""
                Color="#0000ff">
                <labels>
                  <label
                    description="Distributor/Retail Store"
                    languagecode="1033" />
                </labels>
              </option>
              <option
                value="535790002"
                ExternalValue=""
                Color="#0000ff">
                <labels>
                  <label
                    description="Heater Owner"
                    languagecode="1033" />
                </labels>
              </option>
            </options>
          </optionset>
          <displaynames>
            <displayname
              description="Caller Type"
              languagecode="1033" />
          </displaynames>
          <Descriptions>
            <Description
              description=""
              languagecode="1033" />
          </Descriptions>
        </attribute>
        <attribute
          PhysicalName="rhm_EmailReminderTime">
          <Type>picklist</Type>
          <Name>rhm_emailremindertime</Name>
          <LogicalName>rhm_emailremindertime</LogicalName>
          <RequiredLevel>none</RequiredLevel>
          <DisplayMask>ValidForAdvancedFind|ValidForForm|ValidForGrid</DisplayMask>
          <ImeMode>auto</ImeMode>
          <ValidForUpdateApi>1</ValidForUpdateApi>
          <ValidForReadApi>1</ValidForReadApi>
          <ValidForCreateApi>1</ValidForCreateApi>
          <IsCustomField>1</IsCustomField>
          <IsAuditEnabled>1</IsAuditEnabled>
          <IsSecured>0</IsSecured>
          <IntroducedVersion>1.0.0.1</IntroducedVersion>
          <IsCustomizable>1</IsCustomizable>
          <IsRenameable>1</IsRenameable>
          <CanModifySearchSettings>1</CanModifySearchSettings>
          <CanModifyRequirementLevelSettings>1</CanModifyRequirementLevelSettings>
          <CanModifyAdditionalSettings>1</CanModifyAdditionalSettings>
          <SourceType>0</SourceType>
          <IsGlobalFilterEnabled>0</IsGlobalFilterEnabled>
          <IsSortableEnabled>0</IsSortableEnabled>
          <CanModifyGlobalFilterSettings>1</CanModifyGlobalFilterSettings>
          <CanModifyIsSortableSettings>1</CanModifyIsSortableSettings>
          <IsDataSourceSecret>0</IsDataSourceSecret>
          <AutoNumberFormat></AutoNumberFormat>
          <IsSearchable>0</IsSearchable>
          <IsFilterable>0</IsFilterable>
          <IsRetrievable>0</IsRetrievable>
          <IsLocalizable>0</IsLocalizable>
          <AppDefaultValue>-1</AppDefaultValue>
          <optionset
            Name="rhm_phonecall_rhm_emailremindertime">
            <OptionSetType>picklist</OptionSetType>
            <IntroducedVersion>1.0.0.1</IntroducedVersion>
            <IsCustomizable>1</IsCustomizable>
            <ExternalTypeName></ExternalTypeName>
            <displaynames>
              <displayname
                description="Email Reminder Time"
                languagecode="1033" />
            </displaynames>
            <Descriptions>
              <Description
                description=""
                languagecode="1033" />
            </Descriptions>
            <options>
              <option
                value="535790000"
                ExternalValue="">
                <labels>
                  <label
                    description="None"
                    languagecode="1033" />
                </labels>
                <Descriptions>
                  <Description
                    description=""
                    languagecode="1033" />
                </Descriptions>
              </option>
              <option
                value="535790001"
                ExternalValue="">
                <labels>
                  <label
                    description="1 minute prior"
                    languagecode="1033" />
                </labels>
                <Descriptions>
                  <Description
                    description=""
                    languagecode="1033" />
                </Descriptions>
              </option>
              <option
                value="535790002"
                ExternalValue="">
                <labels>
                  <label
                    description="5 minutes prior"
                    languagecode="1033" />
                </labels>
                <Descriptions>
                  <Description
                    description=""
                    languagecode="1033" />
                </Descriptions>
              </option>
              <option
                value="535790003"
                ExternalValue="">
                <labels>
                  <label
                    description="10 minutes prior"
                    languagecode="1033" />
                </labels>
                <Descriptions>
                  <Description
                    description=""
                    languagecode="1033" />
                </Descriptions>
              </option>
              <option
                value="535790004"
                ExternalValue="">
                <labels>
                  <label
                    description="15 minutes prior"
                    languagecode="1033" />
                </labels>
                <Descriptions>
                  <Description
                    description=""
                    languagecode="1033" />
                </Descriptions>
              </option>
              <option
                value="535790005"
                ExternalValue="">
                <labels>
                  <label
                    description="30 minutes prior"
                    languagecode="1033" />
                </labels>
                <Descriptions>
                  <Description
                    description=""
                    languagecode="1033" />
                </Descriptions>
              </option>
              <option
                value="535790006"
                ExternalValue="">
                <labels>
                  <label
                    description="1 hour prior"
                    languagecode="1033" />
                </labels>
                <Descriptions>
                  <Description
                    description=""
                    languagecode="1033" />
                </Descriptions>
              </option>
              <option
                value="535790007"
                ExternalValue="">
                <labels>
                  <label
                    description="2 hours prior"
                    languagecode="1033" />
                </labels>
                <Descriptions>
                  <Description
                    description=""
                    languagecode="1033" />
                </Descriptions>
              </option>
              <option
                value="535790008"
                ExternalValue="">
                <labels>
                  <label
                    description="3 hours prior"
                    languagecode="1033" />
                </labels>
                <Descriptions>
                  <Description
                    description=""
                    languagecode="1033" />
                </Descriptions>
              </option>
              <option
                value="535790009"
                ExternalValue="">
                <labels>
                  <label
                    description="5 hours prior"
                    languagecode="1033" />
                </labels>
                <Descriptions>
                  <Description
                    description=""
                    languagecode="1033" />
                </Descriptions>
              </option>
              <option
                value="535790010"
                ExternalValue="">
                <labels>
                  <label
                    description="1 day prior"
                    languagecode="1033" />
                </labels>
                <Descriptions>
                  <Description
                    description=""
                    languagecode="1033" />
                </Descriptions>
              </option>
            </options>
          </optionset>
          <displaynames>
            <displayname
              description="Email Reminder Time"
              languagecode="1033" />
          </displaynames>
          <Descriptions>
            <Description
              description=""
              languagecode="1033" />
          </Descriptions>
        </attribute>
        <attribute
          PhysicalName="rhm_PopupReminderTime">
          <Type>picklist</Type>
          <Name>rhm_popupremindertime</Name>
          <LogicalName>rhm_popupremindertime</LogicalName>
          <RequiredLevel>none</RequiredLevel>
          <DisplayMask>ValidForAdvancedFind|ValidForForm|ValidForGrid</DisplayMask>
          <ImeMode>auto</ImeMode>
          <ValidForUpdateApi>1</ValidForUpdateApi>
          <ValidForReadApi>1</ValidForReadApi>
          <ValidForCreateApi>1</ValidForCreateApi>
          <IsCustomField>1</IsCustomField>
          <IsAuditEnabled>1</IsAuditEnabled>
          <IsSecured>0</IsSecured>
          <IntroducedVersion>1.0.0.1</IntroducedVersion>
          <IsCustomizable>1</IsCustomizable>
          <IsRenameable>1</IsRenameable>
          <CanModifySearchSettings>1</CanModifySearchSettings>
          <CanModifyRequirementLevelSettings>1</CanModifyRequirementLevelSettings>
          <CanModifyAdditionalSettings>1</CanModifyAdditionalSettings>
          <SourceType>0</SourceType>
          <IsGlobalFilterEnabled>0</IsGlobalFilterEnabled>
          <IsSortableEnabled>0</IsSortableEnabled>
          <CanModifyGlobalFilterSettings>1</CanModifyGlobalFilterSettings>
          <CanModifyIsSortableSettings>1</CanModifyIsSortableSettings>
          <IsDataSourceSecret>0</IsDataSourceSecret>
          <AutoNumberFormat></AutoNumberFormat>
          <IsSearchable>0</IsSearchable>
          <IsFilterable>0</IsFilterable>
          <IsRetrievable>0</IsRetrievable>
          <IsLocalizable>0</IsLocalizable>
          <AppDefaultValue>-1</AppDefaultValue>
          <optionset
            Name="rhm_phonecall_rhm_popupremindertime">
            <OptionSetType>picklist</OptionSetType>
            <IntroducedVersion>1.0.0.1</IntroducedVersion>
            <IsCustomizable>1</IsCustomizable>
            <ExternalTypeName></ExternalTypeName>
            <displaynames>
              <displayname
                description="Popup Reminder Time"
                languagecode="1033" />
            </displaynames>
            <Descriptions>
              <Description
                description=""
                languagecode="1033" />
            </Descriptions>
            <options>
              <option
                value="535790000"
                ExternalValue="">
                <labels>
                  <label
                    description="None"
                    languagecode="1033" />
                </labels>
                <Descriptions>
                  <Description
                    description=""
                    languagecode="1033" />
                </Descriptions>
              </option>
              <option
                value="535790001"
                ExternalValue="">
                <labels>
                  <label
                    description="1 minute prior"
                    languagecode="1033" />
                </labels>
                <Descriptions>
                  <Description
                    description=""
                    languagecode="1033" />
                </Descriptions>
              </option>
              <option
                value="535790002"
                ExternalValue="">
                <labels>
                  <label
                    description="5 minutes prior"
                    languagecode="1033" />
                </labels>
                <Descriptions>
                  <Description
                    description=""
                    languagecode="1033" />
                </Descriptions>
              </option>
              <option
                value="535790003"
                ExternalValue="">
                <labels>
                  <label
                    description="10 minutes prior"
                    languagecode="1033" />
                </labels>
                <Descriptions>
                  <Description
                    description=""
                    languagecode="1033" />
                </Descriptions>
              </option>
              <option
                value="535790004"
                ExternalValue="">
                <labels>
                  <label
                    description="15 minutes prior"
                    languagecode="1033" />
                </labels>
                <Descriptions>
                  <Description
                    description=""
                    languagecode="1033" />
                </Descriptions>
              </option>
              <option
                value="535790005"
                ExternalValue="">
                <labels>
                  <label
                    description="30 minutes prior"
                    languagecode="1033" />
                </labels>
                <Descriptions>
                  <Description
                    description=""
                    languagecode="1033" />
                </Descriptions>
              </option>
              <option
                value="535790006"
                ExternalValue="">
                <labels>
                  <label
                    description="1 hour prior"
                    languagecode="1033" />
                </labels>
                <Descriptions>
                  <Description
                    description=""
                    languagecode="1033" />
                </Descriptions>
              </option>
              <option
                value="535790007"
                ExternalValue="">
                <labels>
                  <label
                    description="2 hours prior"
                    languagecode="1033" />
                </labels>
                <Descriptions>
                  <Description
                    description=""
                    languagecode="1033" />
                </Descriptions>
              </option>
              <option
                value="535790008"
                ExternalValue="">
                <labels>
                  <label
                    description="3 hours prior"
                    languagecode="1033" />
                </labels>
                <Descriptions>
                  <Description
                    description=""
                    languagecode="1033" />
                </Descriptions>
              </option>
              <option
                value="535790009"
                ExternalValue="">
                <labels>
                  <label
                    description="5 hours prior"
                    languagecode="1033" />
                </labels>
                <Descriptions>
                  <Description
                    description=""
                    languagecode="1033" />
                </Descriptions>
              </option>
              <option
                value="535790010"
                ExternalValue="">
                <labels>
                  <label
                    description="1 day prior"
                    languagecode="1033" />
                </labels>
                <Descriptions>
                  <Description
                    description=""
                    languagecode="1033" />
                </Descriptions>
              </option>
            </options>
          </optionset>
          <displaynames>
            <displayname
              description="Popup Reminder Time"
              languagecode="1033" />
          </displaynames>
          <Descriptions>
            <Description
              description=""
              languagecode="1033" />
          </Descriptions>
        </attribute>
        <attribute
          PhysicalName="rhm_PrimaryAgencyAssignment">
          <Type>nvarchar</Type>
          <Name>rhm_primaryagencyassignment</Name>
          <LogicalName>rhm_primaryagencyassignment</LogicalName>
          <RequiredLevel>none</RequiredLevel>
          <DisplayMask>ValidForAdvancedFind|ValidForForm|ValidForGrid</DisplayMask>
          <ImeMode>auto</ImeMode>
          <ValidForUpdateApi>1</ValidForUpdateApi>
          <ValidForReadApi>1</ValidForReadApi>
          <ValidForCreateApi>1</ValidForCreateApi>
          <IsCustomField>1</IsCustomField>
          <IsAuditEnabled>1</IsAuditEnabled>
          <IsSecured>0</IsSecured>
          <IntroducedVersion>1.0.0.1</IntroducedVersion>
          <IsCustomizable>1</IsCustomizable>
          <IsRenameable>1</IsRenameable>
          <CanModifySearchSettings>1</CanModifySearchSettings>
          <CanModifyRequirementLevelSettings>1</CanModifyRequirementLevelSettings>
          <CanModifyAdditionalSettings>1</CanModifyAdditionalSettings>
          <SourceType>0</SourceType>
          <IsGlobalFilterEnabled>0</IsGlobalFilterEnabled>
          <IsSortableEnabled>0</IsSortableEnabled>
          <CanModifyGlobalFilterSettings>1</CanModifyGlobalFilterSettings>
          <CanModifyIsSortableSettings>1</CanModifyIsSortableSettings>
          <IsDataSourceSecret>0</IsDataSourceSecret>
          <AutoNumberFormat></AutoNumberFormat>
          <IsSearchable>0</IsSearchable>
          <IsFilterable>0</IsFilterable>
          <IsRetrievable>0</IsRetrievable>
          <IsLocalizable>0</IsLocalizable>
          <Format>text</Format>
          <MaxLength>100</MaxLength>
          <Length>200</Length>
          <displaynames>
            <displayname
              description="Primary Agency Assignment"
              languagecode="1033" />
          </displaynames>
          <Descriptions>
            <Description
              description=""
              languagecode="1033" />
          </Descriptions>
        </attribute>
        <attribute
          PhysicalName="rhm_VOCFeedback">
          <Type>bit</Type>
          <Name>rhm_vocfeedback</Name>
          <LogicalName>rhm_vocfeedback</LogicalName>
          <RequiredLevel>none</RequiredLevel>
          <DisplayMask>ValidForAdvancedFind|ValidForForm|ValidForGrid</DisplayMask>
          <ImeMode>auto</ImeMode>
          <ValidForUpdateApi>1</ValidForUpdateApi>
          <ValidForReadApi>1</ValidForReadApi>
          <ValidForCreateApi>1</ValidForCreateApi>
          <IsCustomField>1</IsCustomField>
          <IsAuditEnabled>1</IsAuditEnabled>
          <IsSecured>0</IsSecured>
          <IntroducedVersion>1.0.0.1</IntroducedVersion>
          <IsCustomizable>1</IsCustomizable>
          <IsRenameable>1</IsRenameable>
          <CanModifySearchSettings>1</CanModifySearchSettings>
          <CanModifyRequirementLevelSettings>1</CanModifyRequirementLevelSettings>
          <CanModifyAdditionalSettings>1</CanModifyAdditionalSettings>
          <SourceType>0</SourceType>
          <IsGlobalFilterEnabled>0</IsGlobalFilterEnabled>
          <IsSortableEnabled>0</IsSortableEnabled>
          <CanModifyGlobalFilterSettings>1</CanModifyGlobalFilterSettings>
          <CanModifyIsSortableSettings>1</CanModifyIsSortableSettings>
          <IsDataSourceSecret>0</IsDataSourceSecret>
          <AutoNumberFormat></AutoNumberFormat>
          <IsSearchable>0</IsSearchable>
          <IsFilterable>0</IsFilterable>
          <IsRetrievable>0</IsRetrievable>
          <IsLocalizable>0</IsLocalizable>
          <AppDefaultValue>0</AppDefaultValue>
          <optionset
            Name="rhm_phonecall_rhm_vocfeedback">
            <OptionSetType>bit</OptionSetType>
            <IntroducedVersion>1.0.0.1</IntroducedVersion>
            <IsCustomizable>1</IsCustomizable>
            <ExternalTypeName></ExternalTypeName>
            <displaynames>
              <displayname
                description="VOC Feedback"
                languagecode="1033" />
            </displaynames>
            <Descriptions>
              <Description
                description=""
                languagecode="1033" />
            </Descriptions>
            <options>
              <option
                value="1"
                ExternalValue="">
                <labels>
                  <label
                    description="Yes"
                    languagecode="1033" />
                </labels>
              </option>
              <option
                value="0"
                ExternalValue="">
                <labels>
                  <label
                    description="No"
                    languagecode="1033" />
                </labels>
              </option>
            </options>
          </optionset>
          <displaynames>
            <displayname
              description="VOC Feedback"
              languagecode="1033" />
          </displaynames>
          <Descriptions>
            <Description
              description=""
              languagecode="1033" />
          </Descriptions>
        </attribute>
        <attribute
          PhysicalName="StatusCode">
          <Type>status</Type>
          <Name>statuscode</Name>
          <LogicalName>statuscode</LogicalName>
          <RequiredLevel>none</RequiredLevel>
          <DisplayMask>ValidForAdvancedFind|ValidForForm|ValidForGrid</DisplayMask>
          <ImeMode>auto</ImeMode>
          <ValidForUpdateApi>1</ValidForUpdateApi>
          <ValidForReadApi>1</ValidForReadApi>
          <ValidForCreateApi>1</ValidForCreateApi>
          <IsCustomField>0</IsCustomField>
          <IsAuditEnabled>1</IsAuditEnabled>
          <IsSecured>0</IsSecured>
          <IntroducedVersion>5.0.0.0</IntroducedVersion>
          <SourceType>0</SourceType>
          <IsGlobalFilterEnabled>0</IsGlobalFilterEnabled>
          <IsSortableEnabled>0</IsSortableEnabled>
          <IsDataSourceSecret>0</IsDataSourceSecret>
          <AutoNumberFormat></AutoNumberFormat>
          <IsSearchable>0</IsSearchable>
          <IsFilterable>0</IsFilterable>
          <IsRetrievable>0</IsRetrievable>
          <IsLocalizable>0</IsLocalizable>
          <optionset
            Name="phonecall_statuscode">
            <OptionSetType>status</OptionSetType>
            <IntroducedVersion>5.0.0.0</IntroducedVersion>
            <displaynames>
              <displayname
                description="Status Reason"
                languagecode="1033" />
              <displayname
                description="Sebab Status"
                languagecode="1086" />
            </displaynames>
            <Descriptions>
              <Description
                description="Reason for the status of the phone call activity."
                languagecode="1033" />
              <Description
                description="Sebab untuk status aktiviti panggilan telefon."
                languagecode="1086" />
            </Descriptions>
            <statuses>
              <status
                value="1"
                state="0"
                TransitionData=""
                Color="#3b79b7">
                <labels>
                  <label
                    description="Buka"
                    languagecode="1086" />
                  <label
                    description="Bad/Disconnected"
                    languagecode="1033" />
                </labels>
              </status>
              <status
                value="535790000"
                state="0"
                TransitionData=""
                Color="#0000ff">
                <labels>
                  <label
                    description="Completed - Left VM"
                    languagecode="1033" />
                </labels>
              </status>
              <status
                value="535790001"
                state="0"
                TransitionData=""
                Color="#0000ff">
                <labels>
                  <label
                    description="Completed - No Response"
                    languagecode="1033" />
                </labels>
              </status>
              <status
                value="535790002"
                state="0"
                TransitionData=""
                Color="#0000ff">
                <labels>
                  <label
                    description="Connected"
                    languagecode="1033" />
                </labels>
              </status>
              <status
                value="535790003"
                state="0"
                TransitionData=""
                Color="#0000ff">
                <labels>
                  <label
                    description="Follow Up"
                    languagecode="1033" />
                </labels>
              </status>
              <status
                value="535790004"
                state="0"
                TransitionData=""
                Color="#0000ff">
                <labels>
                  <label
                    description="Message"
                    languagecode="1033" />
                </labels>
              </status>
              <status
                value="535790005"
                state="0"
                TransitionData=""
                Color="#0000ff">
                <labels>
                  <label
                    description="No Message"
                    languagecode="1033" />
                </labels>
              </status>
              <status
                value="535790006"
                state="0"
                TransitionData=""
                Color="#0000ff">
                <labels>
                  <label
                    description="Scheduled"
                    languagecode="1033" />
                </labels>
              </status>
              <status
                value="535790008"
                state="0"
                TransitionData=""
                Color="#0000ff">
                <labels>
                  <label
                    description="Not Interested"
                    languagecode="1033" />
                </labels>
              </status>
              <status
                value="535790009"
                state="0"
                TransitionData=""
                Color="#0000ff">
                <labels>
                  <label
                    description="Duplicate"
                    languagecode="1033" />
                </labels>
              </status>
              <status
                value="2"
                state="1"
                TransitionData=""
                Color="#358717">
                <labels>
                  <label
                    description="Dibuat"
                    languagecode="1086" />
                  <label
                    description="Made"
                    languagecode="1033" />
                </labels>
              </status>
              <status
                value="4"
                state="1"
                TransitionData=""
                Color="#358717">
                <labels>
                  <label
                    description="Diterima"
                    languagecode="1086" />
                  <label
                    description="Received"
                    languagecode="1033" />
                </labels>
              </status>
              <status
                value="535790007"
                state="1"
                TransitionData=""
                Color="#0000ff">
                <labels>
                  <label
                    description="Completed"
                    languagecode="1033" />
                </labels>
              </status>
              <status
                value="3"
                state="2"
                TransitionData=""
                Color="#666666">
                <labels>
                  <label
                    description="Dibatalkan"
                    languagecode="1086" />
                  <label
                    description="Canceled"
                    languagecode="1033" />
                </labels>
              </status>
            </statuses>
          </optionset>
          <displaynames>
            <displayname
              description="Sebab Status"
              languagecode="1086" />
            <displayname
              description="Status Reason"
              languagecode="1033" />
          </displaynames>
          <Descriptions>
            <Description
              description="Pilih status panggilan telefon."
              languagecode="1086" />
            <Description
              description="Select the phone call's status."
              languagecode="1033" />
          </Descriptions>
        </attribute>
      </attributes>
      <EntitySetName>phonecalls</EntitySetName>
      <IsDuplicateCheckSupported>1</IsDuplicateCheckSupported>
      <IsBusinessProcessEnabled>1</IsBusinessProcessEnabled>
      <IsRequiredOffline>0</IsRequiredOffline>
      <IsInteractionCentricEnabled>1</IsInteractionCentricEnabled>
      <IsCollaboration>1</IsCollaboration>
      <AutoRouteToOwnerQueue>0</AutoRouteToOwnerQueue>
      <IsConnectionsEnabled>1</IsConnectionsEnabled>
      <EntityColor></EntityColor>
      <IsDocumentManagementEnabled>0</IsDocumentManagementEnabled>
      <AutoCreateAccessTeams>0</AutoCreateAccessTeams>
      <IsOneNoteIntegrationEnabled>0</IsOneNoteIntegrationEnabled>
      <IsKnowledgeManagementEnabled>0</IsKnowledgeManagementEnabled>
      <IsSLAEnabled>0</IsSLAEnabled>
      <IsDocumentRecommendationsEnabled>0</IsDocumentRecommendationsEnabled>
      <IsBPFEntity>0</IsBPFEntity>
      <OwnershipTypeMask>UserOwned</OwnershipTypeMask>
      <IsAuditEnabled>1</IsAuditEnabled>
      <IsRetrieveAuditEnabled>0</IsRetrieveAuditEnabled>
      <IsRetrieveMultipleAuditEnabled>0</IsRetrieveMultipleAuditEnabled>
      <IsActivity>1</IsActivity>
      <ActivityTypeMask>CommunicationActivity</ActivityTypeMask>
      <IsActivityParty>0</IsActivityParty>
      <IsReplicated>1</IsReplicated>
      <IsReplicationUserFiltered>1</IsReplicationUserFiltered>
      <IsMailMergeEnabled>0</IsMailMergeEnabled>
      <IsVisibleInMobile>1</IsVisibleInMobile>
      <IsVisibleInMobileClient>1</IsVisibleInMobileClient>
      <IsReadOnlyInMobileClient>0</IsReadOnlyInMobileClient>
      <IsOfflineInMobileClient>1</IsOfflineInMobileClient>
      <DaysSinceRecordLastModified>0</DaysSinceRecordLastModified>
      <MobileOfflineFilters>&lt;fetch version="1.0" output-format="xml-platform" mapping="logical" distinct="false"&gt;&lt;entity name="phonecall"&gt;&lt;/entity&gt;&lt;/fetch&gt;</MobileOfflineFilters>
      <IsMapiGridEnabled>1</IsMapiGridEnabled>
      <IsReadingPaneEnabled>1</IsReadingPaneEnabled>
      <IsQuickCreateEnabled>1</IsQuickCreateEnabled>
      <SyncToExternalSearchIndex>1</SyncToExternalSearchIndex>
      <IntroducedVersion>5.0.0.0</IntroducedVersion>
      <IconVectorName></IconVectorName>
      <EnforceStateTransitions>0</EnforceStateTransitions>
      <EntityHelpUrlEnabled>0</EntityHelpUrlEnabled>
      <EntityHelpUrl></EntityHelpUrl>
      <ChangeTrackingEnabled>1</ChangeTrackingEnabled>
      <IsEnabledForExternalChannels>0</IsEnabledForExternalChannels>
      <IsSolutionAware>0</IsSolutionAware>
      <HasRelatedNotes>True</HasRelatedNotes>
    </entity>
  </EntityInfo>
  <FormXml />
  <RibbonDiffXml />
</Entity>