<?xml version="1.0" encoding="utf-8"?>
<RibbonDiffXml xmlns:xsi="http://www.w3.org/2001/XMLSchema-instance">
  <CustomActions>
    <CustomAction
      Id="new.Mscrm.Form.phonecall.SaveAndClose.CustomAction"
      Location="Mscrm.Form.phonecall.MainTab.Save.Controls._children"
      Sequence="30">
      <CommandUIDefinition>
        <Button
          Alt="$Resources:Ribbon.Form.MainTab.Save.SaveAndClose"
          Command="Mscrm.SaveAndClosePrimary"
          Id="Mscrm.Form.phonecall.SaveAndClose"
          Image32by32="/_imgs/ribbon/SaveAndClose_32.png"
          Image16by16="/_imgs/FormEditorRibbon/SaveAndClose_16.png"
          LabelText="$Resources:Ribbon.Form.MainTab.Save.SaveAndClose"
          Sequence="30"
          TemplateAlias="o1"
          ToolTipTitle="$Resources:Mscrm_Form_Other_MainTab_Save_SaveAndClose_ToolTipTitle"
          ToolTipDescription="$Resources(EntityDisplayName):Ribbon.Tooltip.SaveAndClose"
          ModernImage="SaveAndClose" />
      </CommandUIDefinition>
    </CustomAction>
    <CustomAction
      Id="new.Mscrm.Form.phonecall.SaveAsComplete.CustomAction"
      Location="Mscrm.Form.phonecall.MainTab.Save.Controls._children"
      Sequence="20">
      <CommandUIDefinition>
        <Button
          Alt="$Resources:Ribbon.Form.MainTab.Save.SaveAsComplete"
          Command="Mscrm.SavePrimaryActivityAsComplete"
          Id="Mscrm.Form.phonecall.SaveAsComplete"
          Image32by32="/_imgs/ribbon/SaveAsCompleted_32.png"
          Image16by16="/_imgs/ribbon/MarkAsComplete_16.png"
          LabelText="$Resources:Ribbon.Form.MainTab.Save.SaveAsComplete"
          Sequence="20"
          TemplateAlias="o1"
          ToolTipTitle="$Resources:Ribbon.Form.MainTab.Save.SaveAsComplete"
          ToolTipDescription="$Resources(EntityDisplayName):Ribbon.Tooltip.SaveAsComplete"
          ModernImage="SaveAsComplete" />
      </CommandUIDefinition>
    </CustomAction>
  </CustomActions>
  <Templates>
    <RibbonTemplates
      Id="Mscrm.Templates"></RibbonTemplates>
  </Templates>
  <CommandDefinitions>
    <CommandDefinition
      Id="Mscrm.SaveAndClosePrimary">
      <EnableRules>
        <EnableRule
          Id="Mscrm.IsAutoSaveDisable" />
        <EnableRule
          Id="Mscrm.AvailableOnForm" />
        <EnableRule
          Id="Mscrm.CanSavePrimary" />
        <EnableRule
          Id="Mscrm.IsEntityAvailableForUserInMocaOffline" />
      </EnableRules>
      <DisplayRules>
        <DisplayRule
          Id="Mscrm.CanSaveAndClosePrimaryEntityType" />
      </DisplayRules>
      <Actions>
        <JavaScriptFunction
          FunctionName="XrmCore.Commands.Save.saveAndCloseForm"
          Library="$webresource:Main_system_library.js">
          <CrmParameter
            Value="PrimaryControl" />
        </JavaScriptFunction>
      </Actions>
    </CommandDefinition>
    <CommandDefinition
      Id="Mscrm.SavePrimaryActivityAsComplete">
      <EnableRules>
        <EnableRule
          Id="Mscrm.AvailableOnForm" />
        <EnableRule
          Id="Mscrm.CanSavePrimary" />
        <EnableRule
          Id="Mscrm.ReadPrimaryPermission" />
        <EnableRule
          Id="Mscrm.IsEntityAvailableForUserInMocaOffline" />
      </EnableRules>
      <DisplayRules>
        <DisplayRule
          Id="Mscrm.PrimaryIsActivity" />
        <DisplayRule
          Id="Mscrm.CanSavePrimaryEntityType" />
      </DisplayRules>
      <Actions>
        <JavaScriptFunction
          FunctionName="XrmCore.Commands.Save.saveAsCompleted"
          Library="$webresource:Main_system_library.js" />
      </Actions>
    </CommandDefinition>
  </CommandDefinitions>
  <RuleDefinitions>
    <TabDisplayRules />
    <DisplayRules>
      <DisplayRule
        Id="Mscrm.CanSaveAndClosePrimaryEntityType">
        <OrRule>
          <Or>
            <EntityPrivilegeRule
              PrivilegeType="Create"
              PrivilegeDepth="Basic"
              AppliesTo="PrimaryEntity" />
          </Or>
          <Or>
            <EntityPrivilegeRule
              PrivilegeType="Write"
              PrivilegeDepth="Basic"
              AppliesTo="PrimaryEntity" />
          </Or>
        </OrRule>
      </DisplayRule>
      <DisplayRule
        Id="Mscrm.CanSavePrimaryEntityType">
        <OrRule>
          <Or>
            <EntityPrivilegeRule
              PrivilegeType="Create"
              PrivilegeDepth="Basic"
              AppliesTo="PrimaryEntity" />
          </Or>
          <Or>
            <EntityPrivilegeRule
              PrivilegeType="Write"
              PrivilegeDepth="Basic"
              AppliesTo="PrimaryEntity" />
          </Or>
        </OrRule>
        <EntityPrivilegeRule
          PrivilegeType="Read"
          PrivilegeDepth="Basic"
          AppliesTo="PrimaryEntity" />
      </DisplayRule>
      <DisplayRule
        Id="Mscrm.PrimaryIsActivity">
        <EntityPropertyRule
          AppliesTo="PrimaryEntity"
          PropertyName="IsActivity"
          PropertyValue="true" />
      </DisplayRule>
    </DisplayRules>
    <EnableRules>
      <EnableRule
        Id="Mscrm.AvailableOnForm">
        <EntityRule
          AppliesTo="PrimaryEntity"
          Context="Form"
          Default="false" />
      </EnableRule>
      <EnableRule
        Id="Mscrm.CanSavePrimary">
        <OrRule>
          <Or>
            <RecordPrivilegeRule
              PrivilegeType="Create"
              AppliesTo="PrimaryEntity" />
            <FormStateRule
              State="Create" />
          </Or>
          <Or>
            <RecordPrivilegeRule
              PrivilegeType="Write"
              AppliesTo="PrimaryEntity" />
            <FormStateRule
              State="Existing" />
          </Or>
        </OrRule>
      </EnableRule>
      <EnableRule
        Id="Mscrm.IsAutoSaveDisable">
        <OrRule>
          <Or>
            <FormStateRule
              State="Create" />
          </Or>
          <Or>
            <CustomRule
              FunctionName="XrmCore.Rules.AutoSave.isAutoSaveEnabled"
              Library="$webresource:Main_system_library.js"
              InvertResult="true" />
          </Or>
          <Or>
            <CustomRule
              FunctionName="XrmCore.Rules.RefreshForm.isRefreshForm"
              Library="$webresource:Main_system_library.js"
              InvertResult="true" />
          </Or>
          <Or>
            <CommandClientTypeRule
              Type="Modern" />
          </Or>
        </OrRule>
      </EnableRule>
      <EnableRule
        Id="Mscrm.IsEntityAvailableForUserInMocaOffline">
        <CustomRule
          FunctionName="XrmCore.Rules.Online.IsEntityAvailableForUserInMocaOffline"
          Library="$webresource:Main_system_library.js">
          <CrmParameter
            Value="SelectedEntityTypeName" />
        </CustomRule>
      </EnableRule>
      <EnableRule
        Id="Mscrm.ReadPrimaryPermission">
        <RecordPrivilegeRule
          PrivilegeType="Read"
          AppliesTo="PrimaryEntity" />
      </EnableRule>
    </EnableRules>
  </RuleDefinitions>
  <LocLabels />
</RibbonDiffXml>