﻿<?xml version="1.0" encoding="utf-8"?>
<WebResource>
  <WebResourceId>{8055803f-3bcd-e811-a950-000d3a441839}</WebResourceId>
  <Name>rbs_DocumentIFrame.js</Name>
  <DisplayName>DocumentIFrame.js</DisplayName>
  <WebResourceType>3</WebResourceType>
  <IntroducedVersion>1.0</IntroducedVersion>
  <IsEnabledForMobileClient>0</IsEnabledForMobileClient>
  <IsAvailableForMobileOffline>0</IsAvailableForMobileOffline>
  <IsCustomizable>1</IsCustomizable>
  <CanBeDeleted>1</CanBeDeleted>
  <IsHidden>0</IsHidden>
  <FileName>/WebResources/rbs_DocumentIFramejs8055803F-3BCD-E811-A950-000D3A441839</FileName>
</WebResource>