﻿<?xml version="1.0" encoding="utf-8"?>
<systemform>
  <formid>{707fc57b-c5e6-471b-a180-e37ed28a38e2}</formid>
  <IntroducedVersion>5.0.0.0</IntroducedVersion>
  <FormPresentation>0</FormPresentation>
  <FormActivationState>1</FormActivationState>
  <form hasmargin="false" shownavigationbar="false">
    <ancestor id="{707fc57b-c5e6-471b-a180-e37ed28a38e2}" />
    <tabs showlabels="false">
      <tab name="general" verticallayout="true" id="{bdcab9c4-24c2-4853-a201-6aa01db10ae5}" IsUserDefined="0">
        <labels>
          <label description="General" languagecode="1033" />
        </labels>
        <columns>
          <column width="100%">
            <sections>
              <section name="information" labelwidth="90" id="{54e1a9ca-d4be-4e4d-b7f4-e670b899f648}" IsUserDefined="0" showlabel="true" showbar="false">
                <labels>
                  <label description="CUSTOMER DETAILS" languagecode="1033" />
                </labels>
                <rows>
                  <row>
                    <cell id="{64346500-b4fa-41ea-96fd-4e0aaca4c81d}" showlabel="false" locklevel="0">
                      <labels>
                        <label description="Full Name" languagecode="1033" />
                      </labels>
                      <control id="fullname" classid="{4273EDBD-AC1D-40d3-9FB2-095C621B552D}" datafieldname="fullname" disabled="false" />
                    </cell>
                  </row>
                  <row>
                    <cell id="{a945ecf7-fbf8-41c6-a80e-52378f914222}" showlabel="true" locklevel="0">
                      <labels>
                        <label description="Business Area" languagecode="1033" />
                      </labels>
                      <control id="parentcustomerid" classid="{270BD3DB-D9AF-4782-9025-509E298DEC0A}" datafieldname="parentcustomerid" disabled="false">
                        <parameters>
                          <AutoResolve>true</AutoResolve>
                          <DisableMru>false</DisableMru>
                        </parameters>
                      </control>
                    </cell>
                  </row>
                  <row>
                    <cell id="{81747d1f-dd2b-4ea8-be83-81fd5d7f00d3}" showlabel="true" locklevel="0">
                      <labels>
                        <label description="Email" languagecode="1033" />
                      </labels>
                      <control id="emailaddress1" classid="{ADA2203E-B4CD-49be-9DDF-234642B43B52}" datafieldname="emailaddress1" disabled="false" />
                    </cell>
                  </row>
                  <row>
                    <cell id="{ee7669b9-4619-4e47-b2e8-242448ede52b}" showlabel="true" locklevel="0">
                      <labels>
                        <label description="Mobile" languagecode="1033" />
                      </labels>
                      <control id="mobilephone" classid="{4273EDBD-AC1D-40d3-9FB2-095C621B552D}" datafieldname="mobilephone" disabled="false" />
                    </cell>
                  </row>
                  <row>
                    <cell id="{d072fd37-7bf4-4c4e-8bf1-4db6c2a3ce28}" showlabel="true" locklevel="0">
                      <labels>
                        <label description="Business" languagecode="1033" />
                      </labels>
                      <control id="telephone1" classid="{4273EDBD-AC1D-40d3-9FB2-095C621B552D}" datafieldname="telephone1" disabled="false" />
                    </cell>
                  </row>
                </rows>
              </section>
              <section name="Entitlements" labelwidth="90" id="{cfe5faa7-0f32-4d8b-9f85-0378938071e0}" IsUserDefined="0" showlabel="true" showbar="false" height="auto">
                <labels>
                  <label description="ENTITLEMENT" languagecode="1033" />
                </labels>
                <rows>
                  <row>
                    <cell id="{a69e4651-94b0-4600-85ae-e363d7aa993a}" showlabel="false" colspan="1" auto="true" rowspan="5">
                      <labels>
                        <label description="ENTITLEMENT" languagecode="1033" />
                      </labels>
                      <control id="subgrid_Entitlement" classid="{E7A81278-8635-4d9e-8D4D-59480B391C5B}">
                        <parameters>
                          <ViewId>{961bf8aa-042f-4f4d-bcca-935bfc9a6994}</ViewId>
                          <IsUserView>false</IsUserView>
                          <RelationshipName>contact_entitlement_Customer</RelationshipName>
                          <TargetEntityType>entitlement</TargetEntityType>
                          <AutoExpand>Auto</AutoExpand>
                          <EnableQuickFind>false</EnableQuickFind>
                          <EnableViewPicker>false</EnableViewPicker>
                          <EnableJumpBar>false</EnableJumpBar>
                          <ChartGridMode>Grid</ChartGridMode>
                          <VisualizationId />
                          <IsUserChart>false</IsUserChart>
                          <EnableChartPicker>false</EnableChartPicker>
                          <RecordsPerPage>3</RecordsPerPage>
                          <EnableContextualActions>false</EnableContextualActions>
                        </parameters>
                      </control>
                    </cell>
                  </row>
                  <row />
                  <row />
                  <row />
                  <row height="auto" />
                </rows>
              </section>
              <section name="Cases" labelwidth="90" id="{4f015484-cba9-41b7-8a8d-64076910eddd}" IsUserDefined="0" showlabel="true" showbar="false" height="auto">
                <labels>
                  <label description="RECENT CASES" languagecode="1033" />
                </labels>
                <rows>
                  <row>
                    <cell id="{30169577-8122-4379-96a4-739821c07568}" showlabel="false" colspan="1" auto="true" rowspan="7">
                      <labels>
                        <label description="Cases" languagecode="1033" />
                      </labels>
                      <control id="contactcasessgrid" classid="{E7A81278-8635-4d9e-8D4D-59480B391C5B}">
                        <parameters>
                          <TargetEntityType>incident</TargetEntityType>
                          <ViewId>{00000000-0000-0000-00AA-000010001039}</ViewId>
                          <RelationshipName>incident_customer_contacts</RelationshipName>
                          <AutoExpand>Auto</AutoExpand>
                          <EnableQuickFind>false</EnableQuickFind>
                          <EnableViewPicker>false</EnableViewPicker>
                          <EnableJumpBar>false</EnableJumpBar>
                          <EnableChartPicker>false</EnableChartPicker>
                          <RecordsPerPage>5</RecordsPerPage>
                          <EnableContextualActions>false</EnableContextualActions>
                        </parameters>
                      </control>
                    </cell>
                  </row>
                  <row />
                  <row />
                  <row />
                  <row />
                  <row />
                  <row height="auto" />
                </rows>
              </section>
            </sections>
          </column>
        </columns>
      </tab>
    </tabs>
  </form>
  <LocalizedNames>
    <LocalizedName description="contact card" languagecode="1033" />
  </LocalizedNames>
  <Descriptions>
    <Description description="A form that displays the contact card." languagecode="1033" />
  </Descriptions>
</systemform>