<?xml version="1.0" encoding="utf-8"?>
<forms xmlns:xsi="http://www.w3.org/2001/XMLSchema-instance">
  <systemform>
    <formid>{1e854750-99d3-4720-8aed-143d6e0d2260}</formid>
    <IntroducedVersion>1.0</IntroducedVersion>
    <FormPresentation>1</FormPresentation>
    <FormActivationState>1</FormActivationState>
    <form>
      <tabs>
        <tab
          name="general"
          verticallayout="true"
          id="{f91e41ca-2bd7-4e1d-93ca-6e9b39b48122}"
          IsUserDefined="0">
          <labels>
            <label
              description=""
              languagecode="1033" />
          </labels>
          <columns>
            <column
              width="25%">
              <sections>
                <section
                  name="ColorStrip"
                  showlabel="false"
                  showbar="false"
                  columns="1"
                  IsUserDefined="0"
                  id="{e3d6baa6-84f0-4fb3-b428-eef799e4a5f4}">
                  <labels>
                    <label
                      description="ColorStrip"
                      languagecode="1033" />
                  </labels>
                </section>
              </sections>
            </column>
            <column
              width="75%">
              <sections>
                <section
                  name="CardHeader"
                  showlabel="false"
                  showbar="false"
                  columns="111"
                  id="{34c40dc6-b214-489f-b158-8d2f91c2e274}"
                  IsUserDefined="0">
                  <labels>
                    <label
                      description="Header"
                      languagecode="1033" />
                  </labels>
                  <rows>
                    <row>
                      <cell
                        id="{7b304d1d-7448-414b-b83d-5109d642b2b9}"
                        showlabel="true"
                        locklevel="0">
                        <labels>
                          <label
                            description=""
                            languagecode="1033" />
                        </labels>
                        <control
                          id="statuscode"
                          classid="{5D68B988-0661-4db2-BC3E-17598AD3BE6C}"
                          datafieldname="statuscode"
                          disabled="false" />
                      </cell>
                      <cell
                        id="{35116c84-f21b-4d45-b768-9c2fd9bae4f2}"
                        showlabel="true"
                        locklevel="0">
                        <labels>
                          <label
                            description=""
                            languagecode="1033" />
                        </labels>
                      </cell>
                      <cell
                        id="{4422015b-c26b-49b0-9e84-5ad1c0bb48b1}"
                        showlabel="true"
                        locklevel="0">
                        <labels>
                          <label
                            description=""
                            languagecode="1033" />
                        </labels>
                      </cell>
                    </row>
                  </rows>
                </section>
                <section
                  name="CardDetails"
                  showlabel="false"
                  showbar="false"
                  columns="1"
                  id="{4cd97722-1070-499f-83ba-73bff2b7c709}"
                  IsUserDefined="0">
                  <labels>
                    <label
                      description="Details"
                      languagecode="1033" />
                  </labels>
                  <rows>
                    <row>
                      <cell
                        id="{993a0f22-98cd-44ed-beeb-764f7eb084ae}"
                        showlabel="true"
                        locklevel="0">
                        <labels>
                          <label
                            description=""
                            languagecode="1033" />
                        </labels>
                        <control
                          id="rhm_name"
                          classid="{4273EDBD-AC1D-40d3-9FB2-095C621B552D}"
                          datafieldname="rhm_name"
                          disabled="false" />
                      </cell>
                    </row>
                  </rows>
                </section>
                <section
                  name="CardFooter"
                  showlabel="false"
                  columns="1111"
                  showbar="false"
                  id="{1c352625-659b-448c-8494-9c99c69cb562}"
                  IsUserDefined="0">
                  <labels>
                    <label
                      description="Footer"
                      languagecode="1033" />
                  </labels>
                  <rows>
                    <row>
                      <cell
                        id="{9c773498-36d4-4cd9-9e69-b8c8c9948ca9}"
                        showlabel="true"
                        locklevel="0">
                        <labels>
                          <label
                            description=""
                            languagecode="1033" />
                        </labels>
                        <control
                          id="ownerid"
                          classid="{270BD3DB-D9AF-4782-9025-509E298DEC0A}"
                          datafieldname="ownerid"
                          disabled="false" />
                      </cell>
                      <cell
                        id="{85faa380-1397-4998-8659-39eaaa970707}"
                        showlabel="true"
                        locklevel="0">
                        <labels>
                          <label
                            description=""
                            languagecode="1033" />
                        </labels>
                        <control
                          id="createdon"
                          classid="{270BD3DB-D9AF-4782-9025-509E298DEC0A}"
                          datafieldname="createdon"
                          disabled="false" />
                      </cell>
                      <cell
                        id="{af6e5335-61b4-4725-868f-996f5c8a79aa}"
                        showlabel="true"
                        locklevel="0">
                        <labels>
                          <label
                            description=""
                            languagecode="1033" />
                        </labels>
                      </cell>
                      <cell
                        id="{a768340f-c8d9-4ff1-bf86-c96faa5a81a2}"
                        showlabel="true"
                        locklevel="0">
                        <labels>
                          <label
                            description=""
                            languagecode="1033" />
                        </labels>
                      </cell>
                    </row>
                  </rows>
                </section>
              </sections>
            </column>
          </columns>
        </tab>
      </tabs>
    </form>
    <IsCustomizable>1</IsCustomizable>
    <CanBeDeleted>1</CanBeDeleted>
    <LocalizedNames>
      <LocalizedName
        description="Information"
        languagecode="1033" />
    </LocalizedNames>
    <Descriptions>
      <Description
        description="A card form for this entity."
        languagecode="1033" />
    </Descriptions>
  </systemform>
</forms>