﻿<?xml version="1.0" encoding="utf-8"?>
<WebResource>
  <WebResourceId>{1eb84717-d84c-e611-8f24-005056ae789b}</WebResourceId>
  <Name>rbsm_/app/assets/css/addNodeIcon.png</Name>
  <DisplayName>rbsm_/app/assets/css/addNodeIcon.png</DisplayName>
  <WebResourceType>5</WebResourceType>
  <IntroducedVersion>1.0</IntroducedVersion>
  <IsCustomizable>1</IsCustomizable>
  <CanBeDeleted>1</CanBeDeleted>
  <IsHidden>0</IsHidden>
  <FileName>/WebResources/rbsm_appassetscssaddNodeIconpng1EB84717-D84C-E611-8F24-005056AE789B</FileName>
</WebResource>