﻿<?xml version="1.0" encoding="utf-8"?>
<WebResource>
  <WebResourceId>{34250c70-934d-e611-8f24-005056ae789b}</WebResourceId>
  <Name>rbsm_/app/assets/css/deleteIcon.png</Name>
  <DisplayName>rbsm_/app/assets/css/deleteIcon.png</DisplayName>
  <WebResourceType>5</WebResourceType>
  <IntroducedVersion>1.0</IntroducedVersion>
  <IsCustomizable>1</IsCustomizable>
  <CanBeDeleted>1</CanBeDeleted>
  <IsHidden>0</IsHidden>
  <FileName>/WebResources/rbsm_appassetscssdeleteIconpng34250C70-934D-E611-8F24-005056AE789B</FileName>
</WebResource>