﻿<?xml version="1.0" encoding="utf-8"?>
<WebResource>
  <WebResourceId>{c1930f1b-3a47-e611-8f24-005056ae789b}</WebResourceId>
  <Name>rbsm_/app/assets/css/editIcon.png</Name>
  <DisplayName>rbsm_/app/assets/css/editIcon.png</DisplayName>
  <WebResourceType>5</WebResourceType>
  <IntroducedVersion>1.0</IntroducedVersion>
  <IsCustomizable>1</IsCustomizable>
  <CanBeDeleted>1</CanBeDeleted>
  <IsHidden>0</IsHidden>
  <FileName>/WebResources/rbsm_appassetscsseditIconpngC1930F1B-3A47-E611-8F24-005056AE789B</FileName>
</WebResource>