﻿<?xml version="1.0" encoding="utf-8"?>
<WebResource>
  <WebResourceId>{b4facddc-763c-e611-a23b-005056ae789b}</WebResourceId>
  <Name>rbsm_/app/assets/css/jit_base.css</Name>
  <DisplayName>rbsm_/app/assets/css/jit_base.css</DisplayName>
  <WebResourceType>2</WebResourceType>
  <IntroducedVersion>1.0</IntroducedVersion>
  <IsCustomizable>1</IsCustomizable>
  <CanBeDeleted>1</CanBeDeleted>
  <IsHidden>0</IsHidden>
  <FileName>/WebResources/rbsm_appassetscssjit_basecssB4FACDDC-763C-E611-A23B-005056AE789B</FileName>
</WebResource>