<entities xmlns:xsi="http://www.w3.org/2001/XMLSchema-instance">
  <entity name="duplicaterulecondition" displayname="Duplicate Rule Condition" etc="4416" primaryidfield="duplicateruleconditionid" primarynamefield="" disableplugins="false">
    <fields>
      <field displayname="Base Field" name="baseattributename" type="string" />
      <field displayname="Created By (Delegate)" name="createdonbehalfby" type="entityreference" lookupType="systemuser" />
      <field updateCompare="true" displayname="Duplicate Rule Condition" name="duplicateruleconditionid" type="guid" primaryKey="true" />
      <field displayname="Ignore Blank Values" name="ignoreblankvalues" type="bool" />
      <field updateCompare="true" displayname="Matching Field" name="matchingattributename" type="string" />
      <field displayname="Modified By (Delegate)" name="modifiedonbehalfby" type="entityreference" lookupType="systemuser" />
      <field displayname="Operator Code" name="operatorcode" type="optionsetvalue" />
      <field displayname="Operator Parameter" name="operatorparam" type="number" />
      <field displayname="Owner" name="ownerid" type="owner" />
      <field updateCompare="true" displayname="Regarding" name="regardingobjectid" type="entityreference" lookupType="duplicaterule" />
    </fields>
  </entity>
  <entity name="duplicaterule" displayname="Duplicate Detection Rule" etc="4414" primaryidfield="duplicateruleid" primarynamefield="name" disableplugins="false">
    <fields>
      <field displayname="Base Record Type" name="baseentityname" type="string" />
      <field displayname="Base Record Type" name="baseentitytypecode" type="optionsetvalue" />
      <field displayname="Base Record Type Match Code Table" name="baseentitymatchcodetable" type="string" />
      <field displayname="Case Sensitive" name="iscasesensitive" type="bool" />
      <field displayname="Created By (Delegate)" name="createdonbehalfby" type="entityreference" lookupType="systemuser" />
      <field displayname="Description" name="description" type="string" />
      <field displayname="Duplicate Detection Rule" name="duplicateruleid" type="guid" primaryKey="true" />
      <field displayname="Exclude Inactive Records" name="excludeinactiverecords" type="bool" />
      <field displayname="Matching Record Type" name="matchingentityname" type="string" />
      <field displayname="Matching Record Type" name="matchingentitytypecode" type="optionsetvalue" />
      <field displayname="Matching Record Type Match Code Table" name="matchingentitymatchcodetable" type="string" />
      <field displayname="Modified By (Delegate)" name="modifiedonbehalfby" type="entityreference" lookupType="systemuser" />
      <field displayname="Owner" name="ownerid" type="owner" />
      <field displayname="Owning Team" name="owningteam" type="entityreference" lookupType="team" />
      <field displayname="Owning User" name="owninguser" type="entityreference" lookupType="systemuser" />
      <field displayname="Rule Name" name="name" type="string" />
      <field displayname="Status" name="statecode" type="state" />
      <field displayname="Status Reason" name="statuscode" type="status" />
    </fields>
  </entity>
</entities>