﻿<?xml version="1.0" encoding="utf-8"?>
<systemform>
  <formid>{b2c67403-af42-4299-bc44-191978abce3a}</formid>
  <IntroducedVersion>1.0.0.0</IntroducedVersion>
  <FormPresentation>1</FormPresentation>
  <FormActivationState>1</FormActivationState>
  <form>
    <tabs>
      <tab verticallayout="true" id="{af3e3ff1-89f1-420b-9bf2-d07a62a6bbcc}" IsUserDefined="1">
        <labels>
          <label description="General" languagecode="1033" />
        </labels>
        <columns>
          <column width="100%">
            <sections>
              <section showlabel="false" showbar="false" IsUserDefined="0" id="{c6b524f2-d7bf-497f-8b5b-49a2420d0273}">
                <labels>
                  <label description="General" languagecode="1033" />
                </labels>
                <rows>
                  <row>
                    <cell id="{d0aab7b1-48d2-4c20-b17c-e8dc52126bd1}">
                      <labels>
                        <label description="Name" languagecode="1033" />
                      </labels>
                      <control id="rbs_name" classid="{4273EDBD-AC1D-40d3-9FB2-095C621B552D}" datafieldname="rbs_name" />
                    </cell>
                  </row>
                  <row>
                    <cell id="{d1618a70-e57a-e25e-2cd6-368a8c721ac3}" showlabel="true" locklevel="0">
                      <labels>
                        <label description="Description" languagecode="1033" />
                      </labels>
                      <control id="rbs_description" classid="{4273EDBD-AC1D-40d3-9FB2-095C621B552D}" datafieldname="rbs_description" disabled="false" />
                    </cell>
                  </row>
                  <row>
                    <cell id="{898351a3-630b-419a-eb13-2cd3d28eb889}" showlabel="true" locklevel="0">
                      <labels>
                        <label description="Action Type" languagecode="1033" />
                      </labels>
                      <control id="rbs_actiontype" classid="{3EF39988-22BB-4f0b-BBBE-64B5A3748AEE}" datafieldname="rbs_actiontype" disabled="false" />
                    </cell>
                  </row>
                  <row>
                    <cell id="{16d63822-2538-bc7e-bca5-ed2033164285}" showlabel="true" locklevel="0">
                      <labels>
                        <label description="Action" languagecode="1033" />
                      </labels>
                      <control id="rbs_action" classid="{4273EDBD-AC1D-40d3-9FB2-095C621B552D}" datafieldname="rbs_action" disabled="false" />
                    </cell>
                  </row>
                  <row>
                    <cell id="{7ad2003b-2f79-4fd8-af72-bb228694f77a}">
                      <labels>
                        <label description="Owner" languagecode="1033" />
                      </labels>
                      <control id="ownerid" classid="{270BD3DB-D9AF-4782-9025-509E298DEC0A}" datafieldname="ownerid" />
                    </cell>
                  </row>
                </rows>
              </section>
            </sections>
          </column>
        </columns>
      </tab>
    </tabs>
    <Navigation>
      <NavBar></NavBar>
      <NavBarAreas>
        <NavBarArea Id="Info">
          <Titles>
            <Title LCID="1033" Text="Common" />
          </Titles>
        </NavBarArea>
        <NavBarArea Id="Sales">
          <Titles>
            <Title LCID="1033" Text="Sales" />
          </Titles>
        </NavBarArea>
        <NavBarArea Id="Service">
          <Titles>
            <Title LCID="1033" Text="Service" />
          </Titles>
        </NavBarArea>
        <NavBarArea Id="Marketing">
          <Titles>
            <Title LCID="1033" Text="Marketing" />
          </Titles>
        </NavBarArea>
        <NavBarArea Id="ProcessCenter">
          <Titles>
            <Title LCID="1033" Text="Process Sessions" />
          </Titles>
        </NavBarArea>
      </NavBarAreas>
    </Navigation>
  </form>
  <IsCustomizable>1</IsCustomizable>
  <CanBeDeleted>1</CanBeDeleted>
  <LocalizedNames>
    <LocalizedName description="Information" languagecode="1033" />
  </LocalizedNames>
  <Descriptions>
    <Description description="A form for this entity." languagecode="1033" />
  </Descriptions>
</systemform>