﻿<?xml version="1.0" encoding="utf-8"?>
<systemform>
  <formid>{ba2316fa-f2b4-454c-979a-de4febea0c38}</formid>
  <IntroducedVersion>1.0.0.0</IntroducedVersion>
  <FormPresentation>1</FormPresentation>
  <FormActivationState>1</FormActivationState>
  <form>
    <tabs>
      <tab verticallayout="true" id="{c0228861-443f-4660-8659-b640e3c753da}" IsUserDefined="1">
        <labels>
          <label description="" languagecode="1033" />
        </labels>
        <columns>
          <column width="100%">
            <sections>
              <section showlabel="false" showbar="false" IsUserDefined="0" id="{9af1bd25-a22b-4f0e-8aaf-f6c019960cd1}">
                <labels>
                  <label description="GENERAL" languagecode="1033" />
                </labels>
                <rows>
                  <row>
                    <cell id="{a91a1a57-de4e-448b-ae73-e22920ab6bd6}">
                      <labels>
                        <label description="Name" languagecode="1033" />
                      </labels>
                      <control id="rbs_name" classid="{4273EDBD-AC1D-40d3-9FB2-095C621B552D}" datafieldname="rbs_name" />
                    </cell>
                  </row>
                </rows>
              </section>
            </sections>
          </column>
        </columns>
      </tab>
    </tabs>
  </form>
  <IsCustomizable>1</IsCustomizable>
  <CanBeDeleted>1</CanBeDeleted>
  <LocalizedNames>
    <LocalizedName description="Information" languagecode="1033" />
  </LocalizedNames>
</systemform>