﻿<?xml version="1.0" encoding="utf-8"?>
<savedquery>
  <IsCustomizable>1</IsCustomizable>
  <CanBeDeleted>0</CanBeDeleted>
  <isquickfindquery>1</isquickfindquery>
  <isprivate>0</isprivate>
  <isdefault>1</isdefault>
  <returnedtypecode>10027</returnedtypecode>
  <savedqueryid>{10c51316-4087-4911-aae7-44e29732a00b}</savedqueryid>
  <layoutxml>
    <grid name="resultset" object="10027" jump="rbsm_projectcode" select="1" icon="1" preview="1">
      <row name="result" id="rbsm_projectid">
        <cell name="rbsm_projectcode" width="125" />
        <cell name="rbsm_projecttype" width="125" />
      </row>
    </grid>
  </layoutxml>
  <querytype>4</querytype>
  <fetchxml>
    <fetch version="1.0" mapping="logical">
      <entity name="rbsm_project">
        <attribute name="rbsm_projectcode" />
        <order attribute="rbsm_projectcode" descending="false" />
        <filter type="and">
          <condition attribute="statecode" operator="eq" value="0" />
        </filter>
        <filter type="or" isquickfindfields="1">
          <condition attribute="rbsm_projectcode" operator="like" value="{0}" />
        </filter>
        <attribute name="rbsm_projecttype" />
        <attribute name="rbsm_projectid" />
      </entity>
    </fetch>
  </fetchxml>
  <IntroducedVersion>1.0.0.0</IntroducedVersion>
  <LocalizedNames>
    <LocalizedName description="Quick Find Active Projects" languagecode="1033" />
  </LocalizedNames>
</savedquery>