﻿<?xml version="1.0" encoding="utf-8"?>
<savedquery>
  <IsCustomizable>1</IsCustomizable>
  <CanBeDeleted>1</CanBeDeleted>
  <isquickfindquery>0</isquickfindquery>
  <isprivate>0</isprivate>
  <isdefault>1</isdefault>
  <returnedtypecode>10027</returnedtypecode>
  <savedqueryid>{54e8a321-9316-e611-bc9d-005056ae789b}</savedqueryid>
  <querytype>8192</querytype>
  <fetchxml>
    <fetch version="1.0" mapping="logical" output-format="xml-platform">
      <entity name="rbsm_project">
        <attribute name="rbsm_projectid" />
        <filter type="and">
          <condition attribute="statecode" operator="eq" value="0" />
          <condition attribute="ownerid" operator="eq-userid" />
        </filter>
      </entity>
    </fetch>
  </fetchxml>
  <IntroducedVersion>1.0.0.0</IntroducedVersion>
  <LocalizedNames>
    <LocalizedName description="My Projects" languagecode="1033" />
  </LocalizedNames>
</savedquery>