﻿<?xml version="1.0" encoding="utf-8"?>
<savedquery>
  <IsCustomizable>1</IsCustomizable>
  <CanBeDeleted>0</CanBeDeleted>
  <isquickfindquery>0</isquickfindquery>
  <isprivate>0</isprivate>
  <isdefault>1</isdefault>
  <returnedtypecode>10027</returnedtypecode>
  <savedqueryid>{7fc3690c-1329-42cf-b179-2cb1d7bb963d}</savedqueryid>
  <layoutxml>
    <grid name="" object="10027" jump="rbsm_projectcode" select="1" icon="1" preview="0">
      <row name="rbsm_project" id="rbsm_projectid">
        <cell name="rbsm_projectcode" width="125" />
        <cell name="rbsm_projecttype" width="125" />
        <cell name="rbsm_investmentprogrammeid" width="150" />
      </row>
    </grid>
  </layoutxml>
  <querytype>64</querytype>
  <fetchxml>
    <fetch version="1.0" mapping="logical">
      <entity name="rbsm_project">
        <attribute name="rbsm_projectid" />
        <attribute name="rbsm_projectcode" />
        <filter type="and">
          <condition attribute="statecode" operator="eq" value="0" />
        </filter>
        <order attribute="rbsm_projectcode" descending="false" />
        <attribute name="rbsm_projecttype" />
        <attribute name="rbsm_investmentprogrammeid" />
      </entity>
    </fetch>
  </fetchxml>
  <IntroducedVersion>1.0.0.0</IntroducedVersion>
  <LocalizedNames>
    <LocalizedName description="Project Lookup View" languagecode="1033" />
  </LocalizedNames>
</savedquery>