﻿<?xml version="1.0" encoding="utf-8"?>
<savedquery>
  <IsCustomizable>1</IsCustomizable>
  <CanBeDeleted>0</CanBeDeleted>
  <isquickfindquery>0</isquickfindquery>
  <isprivate>0</isprivate>
  <isdefault>1</isdefault>
  <returnedtypecode>10027</returnedtypecode>
  <savedqueryid>{beaf4c1c-216b-4973-8d0a-95ff779793c8}</savedqueryid>
  <layoutxml>
    <grid name="" object="10027" jump="rbsm_projectcode" select="1" icon="1" preview="1">
      <row name="rbsm_project" id="rbsm_projectid">
        <cell name="rbsm_projectcode" width="300" />
        <cell name="createdon" width="125" />
      </row>
    </grid>
  </layoutxml>
  <querytype>2</querytype>
  <fetchxml>
    <fetch version="1.0" mapping="logical">
      <entity name="rbsm_project">
        <attribute name="rbsm_projectid" />
        <attribute name="rbsm_projectcode" />
        <attribute name="createdon" />
        <order attribute="rbsm_projectcode" descending="false" />
        <filter type="and">
          <condition attribute="statecode" operator="eq" value="0" />
        </filter>
      </entity>
    </fetch>
  </fetchxml>
  <IntroducedVersion>1.0.0.0</IntroducedVersion>
  <LocalizedNames>
    <LocalizedName description="Project Associated View" languagecode="1033" />
  </LocalizedNames>
</savedquery>