﻿<?xml version="1.0" encoding="utf-8"?>
<savedquery>
  <IsCustomizable>1</IsCustomizable>
  <CanBeDeleted>0</CanBeDeleted>
  <isquickfindquery>0</isquickfindquery>
  <isprivate>0</isprivate>
  <isdefault>0</isdefault>
  <returnedtypecode>10027</returnedtypecode>
  <savedqueryid>{f12da37d-3e21-44e0-8800-f46f08e8061c}</savedqueryid>
  <layoutxml>
    <grid name="resultset" object="10027" jump="rbsm_projectcode" select="1" icon="1" preview="1">
      <row name="result" id="rbsm_projectid">
        <cell name="rbsm_projectcode" width="300" />
        <cell name="createdon" width="125" />
      </row>
    </grid>
  </layoutxml>
  <querytype>0</querytype>
  <fetchxml>
    <fetch version="1.0" mapping="logical">
      <entity name="rbsm_project">
        <attribute name="rbsm_projectid" />
        <attribute name="rbsm_projectcode" />
        <attribute name="createdon" />
        <order attribute="rbsm_projectcode" descending="false" />
        <filter type="and">
          <condition attribute="statecode" operator="eq" value="1" />
        </filter>
      </entity>
    </fetch>
  </fetchxml>
  <IntroducedVersion>1.0.0.0</IntroducedVersion>
  <LocalizedNames>
    <LocalizedName description="Inactive Projects" languagecode="1033" />
  </LocalizedNames>
</savedquery>