﻿<?xml version="1.0" encoding="utf-8"?>
<systemform>
  <formid>{b3f5588f-09b6-4500-b11a-5f4ee2d3e136}</formid>
  <IntroducedVersion>0.0.0.1</IntroducedVersion>
  <FormPresentation>1</FormPresentation>
  <FormActivationState>1</FormActivationState>
  <form>
    <tabs>
      <tab name="general" verticallayout="true" id="{6e7bc2e0-5967-4603-a72b-29c59758db4e}" IsUserDefined="0">
        <labels>
          <label description="" languagecode="1033" />
        </labels>
        <columns>
          <column width="25%">
            <sections>
              <section name="ColorStrip" showlabel="false" showbar="false" columns="1" IsUserDefined="0" id="{a73ba8fe-9318-4fe8-a4d1-0db22ca397c4}">
                <labels>
                  <label description="ColorStrip" languagecode="1033" />
                </labels>
              </section>
            </sections>
          </column>
          <column width="75%">
            <sections>
              <section name="CardHeader" showlabel="false" showbar="false" columns="111" id="{fc91956b-e936-4706-8129-23730f219153}" IsUserDefined="0">
                <labels>
                  <label description="Header" languagecode="1033" />
                </labels>
                <rows>
                  <row>
                    <cell id="{71520ee1-2a36-4b4e-bbe1-7cb32b19e7aa}" showlabel="true" locklevel="0">
                      <labels>
                        <label description="Status Reason" languagecode="1033" />
                      </labels>
                      <control id="statuscode" classid="{5D68B988-0661-4db2-BC3E-17598AD3BE6C}" datafieldname="statuscode" disabled="false" />
                    </cell>
                    <cell id="{aaccd3fd-8b28-452a-ba16-1d229fca2f80}" showlabel="true" locklevel="0">
                      <labels>
                        <label description="" languagecode="1033" />
                      </labels>
                    </cell>
                    <cell id="{0c3a25a4-0901-4f3d-a273-23347cffb992}" showlabel="true" locklevel="0">
                      <labels>
                        <label description="" languagecode="1033" />
                      </labels>
                    </cell>
                  </row>
                </rows>
              </section>
              <section name="CardDetails" showlabel="false" showbar="false" columns="1" id="{51043f0c-05e0-44cc-b2db-991be00f0690}" IsUserDefined="0">
                <labels>
                  <label description="Details" languagecode="1033" />
                </labels>
                <rows>
                  <row>
                    <cell id="{f943e66e-a334-4c59-8cef-695cc9afb960}" showlabel="true" locklevel="0">
                      <labels>
                        <label description="Name" languagecode="1033" />
                      </labels>
                      <control id="nwm_name" classid="{4273EDBD-AC1D-40d3-9FB2-095C621B552D}" datafieldname="nwm_name" disabled="false" />
                    </cell>
                  </row>
                </rows>
              </section>
              <section name="CardFooter" showlabel="false" columns="1111" showbar="false" id="{d0208fd2-a11e-44bb-8ab0-4e8f216540fa}" IsUserDefined="0">
                <labels>
                  <label description="Footer" languagecode="1033" />
                </labels>
                <rows>
                  <row>
                    <cell id="{b95fac2b-255b-4d2d-a919-ade9d555e55f}" showlabel="true" locklevel="0">
                      <labels>
                        <label description="Owner" languagecode="1033" />
                      </labels>
                      <control id="ownerid" classid="{270BD3DB-D9AF-4782-9025-509E298DEC0A}" datafieldname="ownerid" disabled="false" />
                    </cell>
                    <cell id="{955104d4-604f-4be0-9e73-f44da0ba71b6}" showlabel="true" locklevel="0">
                      <labels>
                        <label description="Created On" languagecode="1033" />
                      </labels>
                      <control id="createdon" classid="{270BD3DB-D9AF-4782-9025-509E298DEC0A}" datafieldname="createdon" disabled="false" />
                    </cell>
                    <cell id="{7146b3af-1ca4-4c30-89b5-038a61ab4951}" showlabel="true" locklevel="0">
                      <labels>
                        <label description="" languagecode="1033" />
                      </labels>
                    </cell>
                    <cell id="{9004a0aa-a442-4ebf-8094-33165697dce5}" showlabel="true" locklevel="0">
                      <labels>
                        <label description="" languagecode="1033" />
                      </labels>
                    </cell>
                  </row>
                </rows>
              </section>
            </sections>
          </column>
        </columns>
      </tab>
    </tabs>
  </form>
  <IsCustomizable>1</IsCustomizable>
  <CanBeDeleted>1</CanBeDeleted>
  <LocalizedNames>
    <LocalizedName description="Information" languagecode="1033" />
  </LocalizedNames>
  <Descriptions>
    <Description description="A card form for this entity." languagecode="1033" />
  </Descriptions>
</systemform>