﻿<?xml version="1.0" encoding="utf-8"?>
<systemform>
  <formid>{59afb330-39b0-4548-8d87-c1a6d385f19e}</formid>
  <IntroducedVersion>0.0.0.1</IntroducedVersion>
  <FormPresentation>1</FormPresentation>
  <FormActivationState>1</FormActivationState>
  <form>
    <tabs>
      <tab verticallayout="true" id="{1a98f7b9-58d6-419d-a164-cb1f6147cb56}" IsUserDefined="1">
        <labels>
          <label description="General" languagecode="1033" />
        </labels>
        <columns>
          <column width="100%">
            <sections>
              <section showlabel="false" showbar="false" IsUserDefined="0" id="{2a33047b-0b24-42fe-a7af-2e8e86f6f928}">
                <labels>
                  <label description="General" languagecode="1033" />
                </labels>
                <rows>
                  <row>
                    <cell id="{dae2eadf-2b1e-4790-8a34-7cfd7afa5c16}" showlabel="true" locklevel="0">
                      <labels>
                        <label description="Name" languagecode="1033" />
                      </labels>
                      <control id="nwm_name" classid="{4273EDBD-AC1D-40d3-9FB2-095C621B552D}" datafieldname="nwm_name" uniqueid="{42ae3b9c-ce36-167a-a66c-a6abcd151c2e}" disabled="false" />
                    </cell>
                  </row>
                  <row>
                    <cell id="{e513db5c-45aa-424d-9ee1-9eed0da348cf}">
                      <labels>
                        <label description="Owner" languagecode="1033" />
                      </labels>
                      <control id="ownerid" classid="{270BD3DB-D9AF-4782-9025-509E298DEC0A}" datafieldname="ownerid" />
                    </cell>
                  </row>
                  <row>
                    <cell id="{099102b0-c7c8-71a4-0827-063c1b09de0c}" showlabel="true" locklevel="0">
                      <labels>
                        <label description="Account" languagecode="1033" />
                      </labels>
                      <control id="nwm_account" classid="{270BD3DB-D9AF-4782-9025-509E298DEC0A}" datafieldname="nwm_account" disabled="false" />
                    </cell>
                  </row>
                  <row>
                    <cell id="{d37b36d9-4077-3534-7837-edb84148308c}" showlabel="true" locklevel="0">
                      <labels>
                        <label description="Coverage Role" languagecode="1033" />
                      </labels>
                      <control id="nwm_covreagerole" classid="{270BD3DB-D9AF-4782-9025-509E298DEC0A}" datafieldname="nwm_covreagerole" disabled="false" />
                    </cell>
                  </row>
                  <row>
                    <cell id="{e00c9d41-1952-531e-48aa-6ea11bea9c34}" showlabel="true" locklevel="0">
                      <labels>
                        <label description="Employee" languagecode="1033" />
                      </labels>
                      <control id="nwm_employee" classid="{270BD3DB-D9AF-4782-9025-509E298DEC0A}" datafieldname="nwm_employee" disabled="false" />
                    </cell>
                  </row>
                </rows>
              </section>
            </sections>
          </column>
        </columns>
      </tab>
    </tabs>
    <Navigation>
      <NavBar></NavBar>
      <NavBarAreas>
        <NavBarArea Id="Info">
          <Titles>
            <Title LCID="1033" Text="Common" />
          </Titles>
        </NavBarArea>
        <NavBarArea Id="Sales">
          <Titles>
            <Title LCID="1033" Text="Sales" />
          </Titles>
        </NavBarArea>
        <NavBarArea Id="Service">
          <Titles>
            <Title LCID="1033" Text="Service" />
          </Titles>
        </NavBarArea>
        <NavBarArea Id="Marketing">
          <Titles>
            <Title LCID="1033" Text="Marketing" />
          </Titles>
        </NavBarArea>
        <NavBarArea Id="ProcessCenter">
          <Titles>
            <Title LCID="1033" Text="Process Sessions" />
          </Titles>
        </NavBarArea>
      </NavBarAreas>
    </Navigation>
    <controlDescriptions />
  </form>
  <IsCustomizable>1</IsCustomizable>
  <CanBeDeleted>1</CanBeDeleted>
  <LocalizedNames>
    <LocalizedName description="Information" languagecode="1033" />
  </LocalizedNames>
  <Descriptions>
    <Description description="A form for this entity." languagecode="1033" />
  </Descriptions>
</systemform>