<?xml version="1.0" encoding="utf-8"?>
<EntityMaps xmlns:xsi="http://www.w3.org/2001/XMLSchema-instance">
  <EntityMap>
    <EntitySource>incident</EntitySource>
    <EntityTarget>incident</EntityTarget>
    <AttributeMaps>
      <AttributeMap>
        <AttributeSource>casetypecode</AttributeSource>
        <AttributeTarget>casetypecode</AttributeTarget>
      </AttributeMap>
      <AttributeMap>
        <AttributeSource>prioritycode</AttributeSource>
        <AttributeTarget>prioritycode</AttributeTarget>
      </AttributeMap>
      <AttributeMap>
        <AttributeSource>rhm_casedetail</AttributeSource>
        <AttributeTarget>rhm_casedetail</AttributeTarget>
      </AttributeMap>
      <AttributeMap>
        <AttributeSource>rhm_casesubtype</AttributeSource>
        <AttributeTarget>rhm_casesubtype</AttributeTarget>
      </AttributeMap>
    </AttributeMaps>
  </EntityMap>
  <EntityMap>
    <EntitySource>incident</EntitySource>
    <EntityTarget>incidentresolution</EntityTarget>
    <AttributeMaps>
      <AttributeMap>
        <AttributeSource>rhm_casesubtype</AttributeSource>
        <AttributeTarget>rhm_casesubtype</AttributeTarget>
      </AttributeMap>
    </AttributeMaps>
  </EntityMap>
</EntityMaps>