﻿<?xml version="1.0" encoding="utf-8"?>
<RibbonDiffXml>
  <CustomActions>
    <HideCustomAction HideActionId="rbs.Mscrm.Form.rbs_optionsetconfiguration.Activate.Hide" Location="Mscrm.Form.rbs_optionsetconfiguration.Activate" />
    <HideCustomAction HideActionId="rbs.Mscrm.Form.rbs_optionsetconfiguration.Deactivate.Hide" Location="Mscrm.Form.rbs_optionsetconfiguration.Deactivate" />
    <HideCustomAction HideActionId="rbs.Mscrm.Form.rbs_optionsetconfiguration.Delete.Hide" Location="Mscrm.Form.rbs_optionsetconfiguration.Delete" />
    <HideCustomAction HideActionId="rbs.Mscrm.Form.rbs_optionsetconfiguration.NewRecord.Hide" Location="Mscrm.Form.rbs_optionsetconfiguration.NewRecord" />
    <HideCustomAction HideActionId="rbs.Mscrm.Form.rbs_optionsetconfiguration.NewRecordForBPFEntity.Hide" Location="Mscrm.Form.rbs_optionsetconfiguration.NewRecordForBPFEntity" />
    <HideCustomAction HideActionId="rbs.Mscrm.Form.rbs_optionsetconfiguration.SaveAndNew.Hide" Location="Mscrm.Form.rbs_optionsetconfiguration.SaveAndNew" />
    <HideCustomAction HideActionId="rbs.Mscrm.HomepageGrid.rbs_optionsetconfiguration.Activate.Hide" Location="Mscrm.HomepageGrid.rbs_optionsetconfiguration.Activate" />
    <HideCustomAction HideActionId="rbs.Mscrm.HomepageGrid.rbs_optionsetconfiguration.Deactivate.Hide" Location="Mscrm.HomepageGrid.rbs_optionsetconfiguration.Deactivate" />
    <HideCustomAction HideActionId="rbs.Mscrm.HomepageGrid.rbs_optionsetconfiguration.DeleteMenu.Hide" Location="Mscrm.HomepageGrid.rbs_optionsetconfiguration.DeleteMenu" />
    <HideCustomAction HideActionId="rbs.Mscrm.HomepageGrid.rbs_optionsetconfiguration.Detect.Hide" Location="Mscrm.HomepageGrid.rbs_optionsetconfiguration.Detect" />
    <HideCustomAction HideActionId="rbs.Mscrm.HomepageGrid.rbs_optionsetconfiguration.Edit.Hide" Location="Mscrm.HomepageGrid.rbs_optionsetconfiguration.Edit" />
    <HideCustomAction HideActionId="rbs.Mscrm.HomepageGrid.rbs_optionsetconfiguration.NewRecord.Hide" Location="Mscrm.HomepageGrid.rbs_optionsetconfiguration.NewRecord" />
    <HideCustomAction HideActionId="rbs.Mscrm.HomepageGrid.rbs_optionsetconfiguration.NewRecordForBPFEntity.Hide" Location="Mscrm.HomepageGrid.rbs_optionsetconfiguration.NewRecordForBPFEntity" />
    <HideCustomAction HideActionId="rbs.Mscrm.SubGrid.rbs_optionsetconfiguration.Activate.Hide" Location="Mscrm.SubGrid.rbs_optionsetconfiguration.Activate" />
    <HideCustomAction HideActionId="rbs.Mscrm.SubGrid.rbs_optionsetconfiguration.AddNewStandard.Hide" Location="Mscrm.SubGrid.rbs_optionsetconfiguration.AddNewStandard" />
    <HideCustomAction HideActionId="rbs.Mscrm.SubGrid.rbs_optionsetconfiguration.BulkDelete.Hide" Location="Mscrm.SubGrid.rbs_optionsetconfiguration.BulkDelete" />
    <HideCustomAction HideActionId="rbs.Mscrm.SubGrid.rbs_optionsetconfiguration.Deactivate.Hide" Location="Mscrm.SubGrid.rbs_optionsetconfiguration.Deactivate" />
    <HideCustomAction HideActionId="rbs.Mscrm.SubGrid.rbs_optionsetconfiguration.Delete.Hide" Location="Mscrm.SubGrid.rbs_optionsetconfiguration.Delete" />
    <HideCustomAction HideActionId="rbs.Mscrm.SubGrid.rbs_optionsetconfiguration.Edit.Hide" Location="Mscrm.SubGrid.rbs_optionsetconfiguration.Edit" />
    <HideCustomAction HideActionId="rbs.Mscrm.SubGrid.rbs_optionsetconfiguration.NewRecord.Hide" Location="Mscrm.SubGrid.rbs_optionsetconfiguration.NewRecord" />
    <CustomAction Id="rbs.rbs_optionsetconfiguration.btnFormPublishAllChanges.Button.CustomAction" Location="Mscrm.Form.rbs_optionsetconfiguration.MainTab.Save.Controls._children" Sequence="43">
      <CommandUIDefinition>
        <Button Command="rbs.rbs_optionsetconfiguration.cmdPublishAllChanges.Command" Id="rbs.rbs_optionsetconfiguration.btnFormPublishAllChanges.Button" Image32by32="$webresource:ProductManagement/_imgs/ribbon/Publish_Hierarchy_32.png" Image16by16="$webresource:ProductManagement/_imgs/ribbon/Publish_Hierarchy_16.png" LabelText="$LocLabels:rbs.rbs_optionsetconfiguration.btnFormPublishAllChanges.Button.LabelText" Sequence="43" TemplateAlias="o1" ToolTipTitle="$LocLabels:rbs.rbs_optionsetconfiguration.btnFormPublishAllChanges.Button.ToolTipTitle" />
      </CommandUIDefinition>
    </CustomAction>
    <CustomAction Id="rbs.rbs_optionsetconfiguration.btnSync.Button.CustomAction" Location="Mscrm.Form.rbs_optionsetconfiguration.MainTab.Save.Controls._children" Sequence="37">
      <CommandUIDefinition>
        <Button Command="rbs.rbs_optionsetconfiguration.cmdSync.Command" Id="rbs.rbs_optionsetconfiguration.btnSync.Button" Image32by32="/_imgs/ribbon/Share_32.png" Image16by16="/_imgs/ribbon/Share_16.png" LabelText="$LocLabels:rbs.rbs_optionsetconfiguration.btnSync.Button.LabelText" Sequence="37" TemplateAlias="o1" ToolTipTitle="$LocLabels:rbs.rbs_optionsetconfiguration.btnSync.Button.ToolTipTitle" />
      </CommandUIDefinition>
    </CustomAction>
  </CustomActions>
  <Templates>
    <RibbonTemplates Id="Mscrm.Templates"></RibbonTemplates>
  </Templates>
  <CommandDefinitions>
    <CommandDefinition Id="rbs.rbs_optionsetconfiguration.cmdPublishAllChanges.Command">
      <EnableRules />
      <DisplayRules />
      <Actions>
        <JavaScriptFunction FunctionName="Mscrm.CommandBarActions.launchOnDemandWorkflowForm" Library="/_static/_common/scripts/CommandBarActions.js">
          <CrmParameter Value="PrimaryEntityTypeCode" />
          <StringParameter Value="8B2B924F-198F-48AE-90B4-9A7672433CB6" />
        </JavaScriptFunction>
      </Actions>
    </CommandDefinition>
    <CommandDefinition Id="rbs.rbs_optionsetconfiguration.cmdSync.Command">
      <EnableRules />
      <DisplayRules />
      <Actions>
        <JavaScriptFunction FunctionName="Mscrm.CommandBarActions.launchOnDemandWorkflowForm" Library="/_static/_common/scripts/CommandBarActions.js">
          <CrmParameter Value="PrimaryEntityTypeCode" />
          <StringParameter Value="F54A1CBF-6C2C-4B3C-9DFA-D1BB3EDFA995" />
        </JavaScriptFunction>
      </Actions>
    </CommandDefinition>
  </CommandDefinitions>
  <RuleDefinitions>
    <TabDisplayRules />
    <DisplayRules />
    <EnableRules />
  </RuleDefinitions>
  <LocLabels>
    <LocLabel Id="rbs.rbs_optionsetconfiguration.btnFormPublishAllChanges.Button.LabelText">
      <Titles>
        <Title description="Publish All Changes" languagecode="1033" />
      </Titles>
    </LocLabel>
    <LocLabel Id="rbs.rbs_optionsetconfiguration.btnFormPublishAllChanges.Button.ToolTipTitle">
      <Titles>
        <Title description="Publish all the changes made in configuration" languagecode="1033" />
      </Titles>
    </LocLabel>
    <LocLabel Id="rbs.rbs_optionsetconfiguration.btnSync.Button.LabelText">
      <Titles>
        <Title description="Sync" languagecode="1033" />
      </Titles>
    </LocLabel>
    <LocLabel Id="rbs.rbs_optionsetconfiguration.btnSync.Button.ToolTipTitle">
      <Titles>
        <Title description="Sync the metadata configuration to entity records" languagecode="1033" />
      </Titles>
    </LocLabel>
  </LocLabels>
</RibbonDiffXml>