﻿<?xml version="1.0" encoding="utf-8"?>
<WebResource>
  <WebResourceId>{60493355-0b52-e611-80d5-00155d048d13}</WebResourceId>
  <Name>mag_/css/alert.css</Name>
  <DisplayName>/css/alert.css</DisplayName>
  <WebResourceType>2</WebResourceType>
  <IntroducedVersion>1.1.0.0</IntroducedVersion>
  <IsEnabledForMobileClient>0</IsEnabledForMobileClient>
  <IsAvailableForMobileOffline>0</IsAvailableForMobileOffline>
  <DependencyXml>&lt;Dependencies&gt;&lt;Dependency componentType="WebResource"/&gt;&lt;/Dependencies&gt;</DependencyXml>
  <IsCustomizable>1</IsCustomizable>
  <CanBeDeleted>1</CanBeDeleted>
  <IsHidden>0</IsHidden>
  <FileName>/WebResources/mag_cssalertcss60493355-0B52-E611-80D5-00155D048D13</FileName>
</WebResource>