﻿<?xml version="1.0" encoding="utf-8"?>
<SdkMessageProcessingStep Name="PostLeadCreate" SdkMessageProcessingStepId="{f8542a0d-fc57-e611-8f24-005056ae789b}">
  <PluginTypeName>Rbs.Crm.DESCRM.Plugins.PostLeadCreate, Rbs.Crm.DESCRM.Plugins, Version=1.0.0.0, Culture=neutral, PublicKeyToken=1bc638ad38631369</PluginTypeName>
  <PrimaryEntity>lead</PrimaryEntity>
  <AsyncAutoDelete>0</AsyncAutoDelete>
  <Description>Post-Operation of Lead Create</Description>
  <InvocationSource>1</InvocationSource>
  <Mode>0</Mode>
  <Rank>1</Rank>
  <SdkMessageId>{9ebdbb1b-ea3e-db11-86a7-000a3a5473e8}</SdkMessageId>
  <EventHandlerTypeCode>4602</EventHandlerTypeCode>
  <Stage>40</Stage>
  <IsCustomizable>1</IsCustomizable>
  <IsHidden>0</IsHidden>
  <SupportedDeployment>0</SupportedDeployment>
  <IntroducedVersion>1.0.1.0</IntroducedVersion>
  <SdkMessageProcessingStepImages />
</SdkMessageProcessingStep>