﻿<?xml version="1.0" encoding="utf-8"?>
<systemform>
  <formid>{8d98fe07-918e-4513-9232-692a13813a57}</formid>
  <IntroducedVersion>1.0.0.0</IntroducedVersion>
  <FormPresentation>1</FormPresentation>
  <FormActivationState>1</FormActivationState>
  <form>
    <tabs>
      <tab verticallayout="true" id="{50bdb9c9-9c78-43a7-b438-f7310daef0aa}" IsUserDefined="1">
        <labels>
          <label description="General" languagecode="1033" />
        </labels>
        <columns>
          <column width="100%">
            <sections>
              <section showlabel="false" showbar="false" IsUserDefined="0" id="{5ee339d5-600f-459a-b7a8-2250c765123f}">
                <labels>
                  <label description="General" languagecode="1033" />
                </labels>
                <rows>
                  <row>
                    <cell id="{14d3c5d5-8b0e-47fd-a4e6-996865b276ab}" showlabel="true" locklevel="0" visible="false">
                      <labels>
                        <label description="Name" languagecode="1033" />
                      </labels>
                      <control id="rbsm_name" classid="{4273EDBD-AC1D-40d3-9FB2-095C621B552D}" datafieldname="rbsm_name" disabled="false" />
                    </cell>
                  </row>
                  <row>
                    <cell id="{1c82b504-b78a-a805-72ad-7678db3e669c}" showlabel="true" locklevel="0">
                      <labels>
                        <label description="Opportunity" languagecode="1033" />
                      </labels>
                      <control id="rbsm_opportunity" classid="{270BD3DB-D9AF-4782-9025-509E298DEC0A}" datafieldname="rbsm_opportunity" disabled="false" />
                    </cell>
                  </row>
                  <row>
                    <cell id="{ecc8a368-1e1e-2583-e2c4-e47d7ec869c0}" showlabel="true" locklevel="0">
                      <labels>
                        <label description="Service Catalogue" languagecode="1033" />
                      </labels>
                      <control id="rbsm_servicecatalog" classid="{270BD3DB-D9AF-4782-9025-509E298DEC0A}" datafieldname="rbsm_servicecatalog" disabled="false">
                        <parameters>
                          <AutoResolve>true</AutoResolve>
                          <DisableMru>false</DisableMru>
                          <DisableQuickFind>false</DisableQuickFind>
                          <DisableViewPicker>false</DisableViewPicker>
                          <DefaultViewId>{0C0FB702-DFD5-4F39-817C-3DC90FAECB92}</DefaultViewId>
                          <AllowFilterOff>false</AllowFilterOff>
                        </parameters>
                      </control>
                    </cell>
                  </row>
                  <row>
                    <cell id="{05c577e7-b95e-231c-da62-54d4aa471165}" showlabel="false" colspan="1" auto="false">
                      <labels>
                        <label description="Service Catalogue" languagecode="1033" />
                      </labels>
                      <control id="QuickViewServiceCatalog" classid="{5C5600E0-1D6E-4205-A272-BE80DA87FD42}" datafieldname="rbsm_servicecatalog" disabled="false">
                        <parameters>
                          <QuickForms>&lt;QuickFormIds&gt;&lt;QuickFormId entityname="rbsm_productservicescatalog"&gt;a6f4fada-43d3-4cf9-8e4c-a4ce62b23c12&lt;/QuickFormId&gt;&lt;/QuickFormIds&gt;</QuickForms>
                          <ControlMode>Edit</ControlMode>
                        </parameters>
                      </control>
                    </cell>
                  </row>
                  <row>
                    <cell id="{21a97736-581c-2195-9ec2-ba8ee9e997a2}" showlabel="true" locklevel="0">
                      <labels>
                        <label description="Comments" languagecode="1033" />
                      </labels>
                      <control id="rbsm_comments" classid="{E0DECE4B-6FC8-4a8f-A065-082708572369}" datafieldname="rbsm_comments" disabled="false" />
                    </cell>
                  </row>
                </rows>
              </section>
            </sections>
          </column>
        </columns>
      </tab>
    </tabs>
    <header id="{d26eafbc-5da6-4890-bfbb-77df2ea24ba6}" columns="111">
      <rows>
        <row>
          <cell id="{b83a7ec0-3bd4-4a8f-ad3c-6fe504cb1a6e}" showlabel="false">
            <labels>
              <label description="" languagecode="1033" />
            </labels>
          </cell>
          <cell id="{bc669b03-6a71-4307-b6eb-a3dca49ccb71}" showlabel="false">
            <labels>
              <label description="" languagecode="1033" />
            </labels>
          </cell>
          <cell id="{107349d3-114c-28b1-4dd3-7436eca7aa5e}" showlabel="true" locklevel="0">
            <labels>
              <label description="Owner" languagecode="1033" />
            </labels>
            <control id="header_ownerid" classid="{270BD3DB-D9AF-4782-9025-509E298DEC0A}" datafieldname="ownerid" disabled="false" />
          </cell>
        </row>
      </rows>
    </header>
    <Navigation>
      <NavBar></NavBar>
      <NavBarAreas>
        <NavBarArea Id="Info">
          <Titles>
            <Title LCID="1033" Text="Common" />
          </Titles>
        </NavBarArea>
        <NavBarArea Id="Sales">
          <Titles>
            <Title LCID="1033" Text="Sales" />
          </Titles>
        </NavBarArea>
        <NavBarArea Id="Service">
          <Titles>
            <Title LCID="1033" Text="Service" />
          </Titles>
        </NavBarArea>
        <NavBarArea Id="Marketing">
          <Titles>
            <Title LCID="1033" Text="Marketing" />
          </Titles>
        </NavBarArea>
        <NavBarArea Id="ProcessCenter">
          <Titles>
            <Title LCID="1033" Text="Process Sessions" />
          </Titles>
        </NavBarArea>
      </NavBarAreas>
    </Navigation>
  </form>
  <IsCustomizable>1</IsCustomizable>
  <CanBeDeleted>1</CanBeDeleted>
  <LocalizedNames>
    <LocalizedName description="Information" languagecode="1033" />
  </LocalizedNames>
  <Descriptions>
    <Description description="A form for this entity." languagecode="1033" />
  </Descriptions>
</systemform>