﻿<?xml version="1.0" encoding="utf-8"?>
<WebResource>
  <WebResourceId>{d11e975e-0e2f-e611-b141-005056ae789b}</WebResourceId>
  <Name>rbsm_/Script/opportunity.js</Name>
  <DisplayName>rbsm_/Script/opportunity.js</DisplayName>
  <WebResourceType>3</WebResourceType>
  <IntroducedVersion>1.0</IntroducedVersion>
  <IsCustomizable>1</IsCustomizable>
  <CanBeDeleted>1</CanBeDeleted>
  <IsHidden>0</IsHidden>
  <FileName>/WebResources/rbsm_ScriptopportunityjsD11E975E-0E2F-E611-B141-005056AE789B</FileName>
</WebResource>