﻿<?xml version="1.0" encoding="utf-8"?>
<Workflow WorkflowId="{43e1491e-13e4-e811-a958-000d3a441839}" Name="Show or Hide Opportunity" Description="Click to add description">
  <XamlFileName>/Workflows/ShoworHideOpportunity-43E1491E-13E4-E811-A958-000D3A441839.xaml</XamlFileName>
  <Type>1</Type>
  <Subprocess>0</Subprocess>
  <Category>2</Category>
  <Mode>1</Mode>
  <Scope>4</Scope>
  <OnDemand>0</OnDemand>
  <TriggerOnCreate>0</TriggerOnCreate>
  <TriggerOnDelete>0</TriggerOnDelete>
  <AsyncAutodelete>0</AsyncAutodelete>
  <SyncWorkflowLogOnFailure>0</SyncWorkflowLogOnFailure>
  <StateCode>1</StateCode>
  <StatusCode>2</StatusCode>
  <RunAs>1</RunAs>
  <IsTransacted>1</IsTransacted>
  <IntroducedVersion>1.0.0.0</IntroducedVersion>
  <IsCustomizable>1</IsCustomizable>
  <BusinessProcessType>0</BusinessProcessType>
  <PrimaryEntity>rbs_document</PrimaryEntity>
  <LocalizedNames>
    <LocalizedName languagecode="1033" description="Show or Hide Opportunity" />
  </LocalizedNames>
  <Descriptions>
    <Description languagecode="1033" description="Click to add description" />
  </Descriptions>
  <ProcessTriggers>
    <ProcessTrigger processtriggerid="{8f4f4424-13e4-e811-a958-000d3a441839}">
      <controltype>1</controltype>
      <formid>{78b0c32d-1144-4bc2-ac6a-17c517d822b2}</formid>
      <scope>1</scope>
      <controlname>rbs_opportunity</controlname>
      <event>change</event>
      <pipelinestage>0</pipelinestage>
      <iscustomizable>1</iscustomizable>
      <primaryentitytypecode>rbs_document</primaryentitytypecode>
    </ProcessTrigger>
    <ProcessTrigger processtriggerid="{904f4424-13e4-e811-a958-000d3a441839}">
      <formid>{78b0c32d-1144-4bc2-ac6a-17c517d822b2}</formid>
      <scope>1</scope>
      <event>load</event>
      <pipelinestage>0</pipelinestage>
      <iscustomizable>1</iscustomizable>
      <primaryentitytypecode>rbs_document</primaryentitytypecode>
    </ProcessTrigger>
  </ProcessTriggers>
</Workflow>