<?xml version="1.0" encoding="utf-8"?>
<Workflow
  WorkflowId="{ec4de6c5-811e-ee11-9cbe-0022482b23b1}"
  Name="CommonAction" xmlns:xsi="http://www.w3.org/2001/XMLSchema-instance">
  <XamlFileName>/Workflows/CommonAction-EC4DE6C5-811E-EE11-9CBE-0022482B23B1.xaml</XamlFileName>
  <Type>1</Type>
  <Subprocess>0</Subprocess>
  <Category>3</Category>
  <Mode>0</Mode>
  <Scope>4</Scope>
  <OnDemand>0</OnDemand>
  <TriggerOnCreate>0</TriggerOnCreate>
  <TriggerOnDelete>0</TriggerOnDelete>
  <AsyncAutodelete>0</AsyncAutodelete>
  <SyncWorkflowLogOnFailure>1</SyncWorkflowLogOnFailure>
  <StateCode>1</StateCode>
  <StatusCode>2</StatusCode>
  <CreateStage>40</CreateStage>
  <RunAs>1</RunAs>
  <SdkMessageId>{ee4de6c5-811e-ee11-9cbe-0022482b23b1}</SdkMessageId>
  <UniqueName>CommonAction</UniqueName>
  <IsTransacted>1</IsTransacted>
  <IntroducedVersion>1.0.0.11</IntroducedVersion>
  <IsCustomizable>1</IsCustomizable>
  <BusinessProcessType>0</BusinessProcessType>
  <FormId>{00000000-0000-0000-0000-000000000000}</FormId>
  <IsCustomProcessingStepAllowedForOtherPublishers>1</IsCustomProcessingStepAllowedForOtherPublishers>
  <PrimaryEntity>none</PrimaryEntity>
  <LocalizedNames>
    <LocalizedName
      languagecode="1033"
      description="CommonAction" />
  </LocalizedNames>
</Workflow>