<?xml version="1.0" encoding="utf-8"?>
<Workflow
  WorkflowId="{d6a6000f-a047-ee11-be6d-0022482b28ad}"
  Name="FedEx Address Validation" xmlns:xsi="http://www.w3.org/2001/XMLSchema-instance">
  <XamlFileName>/Workflows/FedExAddressValidation-D6A6000F-A047-EE11-BE6D-0022482B28AD.xaml</XamlFileName>
  <Type>1</Type>
  <Subprocess>0</Subprocess>
  <Category>3</Category>
  <Mode>0</Mode>
  <Scope>4</Scope>
  <OnDemand>0</OnDemand>
  <TriggerOnCreate>0</TriggerOnCreate>
  <TriggerOnDelete>0</TriggerOnDelete>
  <AsyncAutodelete>0</AsyncAutodelete>
  <SyncWorkflowLogOnFailure>1</SyncWorkflowLogOnFailure>
  <StateCode>1</StateCode>
  <StatusCode>2</StatusCode>
  <CreateStage>40</CreateStage>
  <RunAs>1</RunAs>
  <SdkMessageId>{e7a6000f-a047-ee11-be6d-0022482b28ad}</SdkMessageId>
  <UniqueName>FedExAddressValidation</UniqueName>
  <IsTransacted>1</IsTransacted>
  <IntroducedVersion>1.0.0.0</IntroducedVersion>
  <IsCustomizable>1</IsCustomizable>
  <BusinessProcessType>0</BusinessProcessType>
  <FormId>{00000000-0000-0000-0000-000000000000}</FormId>
  <IsCustomProcessingStepAllowedForOtherPublishers>1</IsCustomProcessingStepAllowedForOtherPublishers>
  <PrimaryEntity>none</PrimaryEntity>
  <LocalizedNames>
    <LocalizedName
      languagecode="1033"
      description="FedEx Address Validation" />
  </LocalizedNames>
</Workflow>