<?xml version="1.0" encoding="utf-8"?>
<Workflow
  WorkflowId="{b4e02e9e-8e1c-ee11-8f6e-0022482b2e79}"
  Name="FindDuplicateRecords" xmlns:xsi="http://www.w3.org/2001/XMLSchema-instance">
  <XamlFileName>/Workflows/FindDuplicateRecords-B4E02E9E-8E1C-EE11-8F6E-0022482B2E79.xaml</XamlFileName>
  <Type>1</Type>
  <Subprocess>0</Subprocess>
  <Category>3</Category>
  <Mode>0</Mode>
  <Scope>4</Scope>
  <OnDemand>0</OnDemand>
  <TriggerOnCreate>0</TriggerOnCreate>
  <TriggerOnDelete>0</TriggerOnDelete>
  <AsyncAutodelete>0</AsyncAutodelete>
  <SyncWorkflowLogOnFailure>1</SyncWorkflowLogOnFailure>
  <StateCode>0</StateCode>
  <StatusCode>1</StatusCode>
  <CreateStage>40</CreateStage>
  <RunAs>1</RunAs>
  <SdkMessageId>{b6e02e9e-8e1c-ee11-8f6e-0022482b2e79}</SdkMessageId>
  <UniqueName>FindDuplicateRecords</UniqueName>
  <IsTransacted>1</IsTransacted>
  <IntroducedVersion>1.0.0.11</IntroducedVersion>
  <IsCustomizable>1</IsCustomizable>
  <BusinessProcessType>0</BusinessProcessType>
  <FormId>{00000000-0000-0000-0000-000000000000}</FormId>
  <IsCustomProcessingStepAllowedForOtherPublishers>1</IsCustomProcessingStepAllowedForOtherPublishers>
  <PrimaryEntity>none</PrimaryEntity>
  <LocalizedNames>
    <LocalizedName
      languagecode="1033"
      description="FindDuplicateRecords" />
  </LocalizedNames>
</Workflow>