<?xml version="1.0" encoding="utf-8"?>
<Workflow
  WorkflowId="{ef17c6f9-0f9b-ed11-aad1-6045bda859f6}"
  Name="Google API Action" xmlns:xsi="http://www.w3.org/2001/XMLSchema-instance">
  <XamlFileName>/Workflows/GoogleAPIAction-EF17C6F9-0F9B-ED11-AAD1-6045BDA859F6.xaml</XamlFileName>
  <Type>1</Type>
  <Subprocess>0</Subprocess>
  <Category>3</Category>
  <Mode>0</Mode>
  <Scope>4</Scope>
  <OnDemand>0</OnDemand>
  <TriggerOnCreate>0</TriggerOnCreate>
  <TriggerOnDelete>0</TriggerOnDelete>
  <AsyncAutodelete>0</AsyncAutodelete>
  <SyncWorkflowLogOnFailure>1</SyncWorkflowLogOnFailure>
  <StateCode>1</StateCode>
  <StatusCode>2</StatusCode>
  <CreateStage>40</CreateStage>
  <RunAs>1</RunAs>
  <SdkMessageId>{f017c6f9-0f9b-ed11-aad1-6045bda859f6}</SdkMessageId>
  <UniqueName>GoogleAPIAction</UniqueName>
  <IsTransacted>1</IsTransacted>
  <IntroducedVersion>1.0.0.0</IntroducedVersion>
  <IsCustomizable>1</IsCustomizable>
  <BusinessProcessType>0</BusinessProcessType>
  <FormId>{00000000-0000-0000-0000-000000000000}</FormId>
  <IsCustomProcessingStepAllowedForOtherPublishers>1</IsCustomProcessingStepAllowedForOtherPublishers>
  <PrimaryEntity>none</PrimaryEntity>
  <LocalizedNames>
    <LocalizedName
      languagecode="1033"
      description="Google API Action" />
  </LocalizedNames>
</Workflow>