<?xml version="1.0" encoding="utf-8"?>
<Workflow
  WorkflowId="{609ed179-7719-4e23-a917-fe1ea21601a4}"
  Name="Part Order Update CRM API" xmlns:xsi="http://www.w3.org/2001/XMLSchema-instance">
  <XamlFileName>/Workflows/PartOrderUpdateCRMAPI-609ED179-7719-4E23-A917-FE1EA21601A4.xaml</XamlFileName>
  <Type>1</Type>
  <Subprocess>0</Subprocess>
  <Category>3</Category>
  <Mode>0</Mode>
  <Scope>4</Scope>
  <OnDemand>0</OnDemand>
  <TriggerOnCreate>0</TriggerOnCreate>
  <TriggerOnDelete>0</TriggerOnDelete>
  <AsyncAutodelete>0</AsyncAutodelete>
  <SyncWorkflowLogOnFailure>1</SyncWorkflowLogOnFailure>
  <StateCode>1</StateCode>
  <StatusCode>2</StatusCode>
  <CreateStage>40</CreateStage>
  <RunAs>1</RunAs>
  <SdkMessageId>{b2ed30e6-dcf3-ed11-8848-000d3a174e23}</SdkMessageId>
  <UniqueName>PartOrderUpdateCRMAPI</UniqueName>
  <IsTransacted>1</IsTransacted>
  <IntroducedVersion>1.0.0.1</IntroducedVersion>
  <IsCustomizable>1</IsCustomizable>
  <FormId>{00000000-0000-0000-0000-000000000000}</FormId>
  <IsCustomProcessingStepAllowedForOtherPublishers>1</IsCustomProcessingStepAllowedForOtherPublishers>
  <PrimaryEntity>none</PrimaryEntity>
  <LocalizedNames>
    <LocalizedName
      languagecode="1033"
      description="Part Order Update CRM API" />
  </LocalizedNames>
</Workflow>