<?xml version="1.0" encoding="utf-8"?>
<forms xmlns:xsi="http://www.w3.org/2001/XMLSchema-instance">
  <systemform>
    <formid>{3eaf0ce9-d03d-4194-a778-c5dbd9a005af}</formid>
    <IntroducedVersion>1.0</IntroducedVersion>
    <FormPresentation>1</FormPresentation>
    <FormActivationState>1</FormActivationState>
    <form
      headerdensity="HighWithControls">
      <tabs>
        <tab
          verticallayout="true"
          id="{9fb1c313-0adf-464a-9180-350f435c0829}"
          IsUserDefined="1">
          <labels>
            <label
              description="General"
              languagecode="1033" />
          </labels>
          <columns>
            <column
              width="100%">
              <sections>
                <section
                  showlabel="false"
                  showbar="false"
                  IsUserDefined="0"
                  id="{663ee738-18ea-487f-9cf3-3c07a5e5c044}">
                  <labels>
                    <label
                      description="General"
                      languagecode="1033" />
                  </labels>
                  <rows>
                    <row>
                      <cell
                        id="{12f5baa0-df6a-4c22-ad60-146524d2c090}">
                        <labels>
                          <label
                            description="Name"
                            languagecode="1033" />
                        </labels>
                        <control
                          id="rhm_name"
                          classid="{4273EDBD-AC1D-40d3-9FB2-095C621B552D}"
                          datafieldname="rhm_name" />
                      </cell>
                    </row>
                    <row>
                      <cell
                        id="{8a30ac24-796d-4449-9a7f-32017b6886e0}">
                        <labels>
                          <label
                            description="Owner"
                            languagecode="1033" />
                        </labels>
                        <control
                          id="ownerid"
                          classid="{270BD3DB-D9AF-4782-9025-509E298DEC0A}"
                          datafieldname="ownerid" />
                      </cell>
                    </row>
                    <row>
                      <cell
                        locklevel="0"
                        id="{05e30954-19b8-4db3-93fe-783314d429b9}"
                        rowspan="6"
                        colspan="1"
                        auto="false"
                        showlabel="false">
                        <labels>
                          <label
                            description="SubType"
                            languagecode="1033" />
                        </labels>
                        <control
                          indicationOfSubgrid="true"
                          id="Subgrid_Subtype"
                          classid="{E7A81278-8635-4d9e-8D4D-59480B391C5B}"
                          uniqueid="{2b8e6d93-aecc-1c7d-ccaa-8aedab423846}">
                          <parameters>
                            <RecordsPerPage>4</RecordsPerPage>
                            <AutoExpand>Fixed</AutoExpand>
                            <EnableQuickFind>false</EnableQuickFind>
                            <EnableViewPicker>false</EnableViewPicker>
                            <EnableChartPicker>true</EnableChartPicker>
                            <ChartGridMode>All</ChartGridMode>
                            <TargetEntityType>rhm_subtype</TargetEntityType>
                            <ViewId>{9326CCA7-0F10-46A4-B408-28F219A3232C}</ViewId>
                            <ViewIds>{9326CCA7-0F10-46A4-B408-28F219A3232C}</ViewIds>
                            <RelationshipName>rhm_rhm_subtype_Type_rhm_type</RelationshipName>
                            <HeaderColorCode>#F3F3F3</HeaderColorCode>
                            <IsUserView>false</IsUserView>
                            <EnableJumpBar>false</EnableJumpBar>
                            <VisualizationId />
                            <IsUserChart>false</IsUserChart>
                          </parameters>
                        </control>
                      </cell>
                    </row>
                    <row />
                    <row />
                    <row />
                    <row />
                    <row />
                  </rows>
                </section>
              </sections>
            </column>
          </columns>
        </tab>
      </tabs>
      <header
        id="{7cd5647a-3094-4ab9-854a-8f95084504e7}"
        celllabelposition="Top"
        columns="111"
        labelwidth="115"
        celllabelalignment="Left">
        <rows>
          <row>
            <cell
              id="{4c5af0f3-c3a6-4b87-9a40-b6bbffbedb87}"
              showlabel="false">
              <labels>
                <label
                  description=""
                  languagecode="1033" />
              </labels>
            </cell>
            <cell
              id="{9ba7b1ad-3a20-4522-8b85-de5be54e34b8}"
              showlabel="false">
              <labels>
                <label
                  description=""
                  languagecode="1033" />
              </labels>
            </cell>
            <cell
              id="{b66c8f3d-8d88-4a14-98aa-bb301cdc6847}"
              showlabel="false">
              <labels>
                <label
                  description=""
                  languagecode="1033" />
              </labels>
            </cell>
          </row>
        </rows>
      </header>
      <footer
        id="{49b838a7-7372-44e2-9254-e3a76d2a934b}"
        celllabelposition="Top"
        columns="111"
        labelwidth="115"
        celllabelalignment="Left">
        <rows>
          <row>
            <cell
              id="{9c3b75a2-052c-47bf-8a26-33f7a829d94e}"
              showlabel="false">
              <labels>
                <label
                  description=""
                  languagecode="1033" />
              </labels>
            </cell>
            <cell
              id="{70c48e7e-1144-4fe8-aaa9-3a02b6b40690}"
              showlabel="false">
              <labels>
                <label
                  description=""
                  languagecode="1033" />
              </labels>
            </cell>
            <cell
              id="{c8a09ca7-51a5-44f8-9a68-997dd6f084f6}"
              showlabel="false">
              <labels>
                <label
                  description=""
                  languagecode="1033" />
              </labels>
            </cell>
          </row>
        </rows>
      </footer>
      <Navigation>
        <NavBar></NavBar>
        <NavBarAreas>
          <NavBarArea
            Id="Info">
            <Titles>
              <Title
                LCID="1033"
                Text="Common" />
            </Titles>
          </NavBarArea>
          <NavBarArea
            Id="Sales">
            <Titles>
              <Title
                LCID="1033"
                Text="Sales" />
            </Titles>
          </NavBarArea>
          <NavBarArea
            Id="Service">
            <Titles>
              <Title
                LCID="1033"
                Text="Service" />
            </Titles>
          </NavBarArea>
          <NavBarArea
            Id="Marketing">
            <Titles>
              <Title
                LCID="1033"
                Text="Marketing" />
            </Titles>
          </NavBarArea>
          <NavBarArea
            Id="ProcessCenter">
            <Titles>
              <Title
                LCID="1033"
                Text="Process Sessions" />
            </Titles>
          </NavBarArea>
        </NavBarAreas>
      </Navigation>
      <controlDescriptions />
      <DisplayConditions
        Order="0"
        FallbackForm="true">
        <Everyone />
      </DisplayConditions>
    </form>
    <IsCustomizable>1</IsCustomizable>
    <CanBeDeleted>1</CanBeDeleted>
    <LocalizedNames>
      <LocalizedName
        description="Information"
        languagecode="1033" />
    </LocalizedNames>
    <Descriptions>
      <Description
        description="A form for this entity."
        languagecode="1033" />
    </Descriptions>
  </systemform>
</forms>