﻿<?xml version="1.0" encoding="utf-8"?>
<savedquery>
  <isquickfindquery>0</isquickfindquery>
  <isprivate>0</isprivate>
  <isdefault>1</isdefault>
  <returnedtypecode>92</returnedtypecode>
  <savedqueryid>{05abdcae-a30c-466c-bfd0-59f54ddf1475}</savedqueryid>
  <queryapi></queryapi>
  <layoutxml>
    <grid name="resultset" object="92" jump="name" select="1" preview="0" icon="1">
      <row name="result" id="teamtemplateid">
        <cell name="teamtemplatename" width="100" />
      </row>
    </grid>
  </layoutxml>
  <querytype>64</querytype>
  <fetchxml>
    <fetch version="1.0" output-format="xml-platform" mapping="logical">
      <entity name="teamtemplate">
        <attribute name="teamtemplatename" />
        <order attribute="teamtemplatename" descending="false" />
        <attribute name="teamtemplateid" />
        <attribute name="objecttypecode" />
        <order attribute="teamtemplatename" descending="false" />
        <attribute name="teamtemplatename" />
      </entity>
    </fetch>
  </fetchxml>
  <IntroducedVersion>7.0.0.0</IntroducedVersion>
  <LocalizedNames>
    <LocalizedName description="TeamTemplate Lookup View" languagecode="1033" />
  </LocalizedNames>
</savedquery>