﻿<?xml version="1.0" encoding="utf-8"?>
<WebResource>
  <WebResourceId>{fadaa6f2-1527-e611-b141-005056ae789b}</WebResourceId>
  <Name>rbsm_/app/assets/lib/jquery_1.9.1.js</Name>
  <DisplayName>rbsm_/app/assets/lib/jquery_1.9.1.js</DisplayName>
  <WebResourceType>3</WebResourceType>
  <IntroducedVersion>1.0</IntroducedVersion>
  <IsCustomizable>1</IsCustomizable>
  <CanBeDeleted>1</CanBeDeleted>
  <IsHidden>0</IsHidden>
  <FileName>/WebResources/rbsm_appassetslibjquery_191jsFADAA6F2-1527-E611-B141-005056AE789B</FileName>
</WebResource>