﻿<?xml version="1.0" encoding="utf-8"?>
<WebResource>
  <WebResourceId>{5932448c-e344-e611-8f24-005056ae789b}</WebResourceId>
  <Name>rbsm_/app/assets/lib/vis.js</Name>
  <DisplayName>rbsm_/app/assets/lib/vis.js</DisplayName>
  <WebResourceType>3</WebResourceType>
  <IntroducedVersion>1.0</IntroducedVersion>
  <IsCustomizable>1</IsCustomizable>
  <CanBeDeleted>1</CanBeDeleted>
  <IsHidden>0</IsHidden>
  <FileName>/WebResources/rbsm_appassetslibvisjs5932448C-E344-E611-8F24-005056AE789B</FileName>
</WebResource>