<?xml version="1.0" encoding="utf-8"?>
<savedqueries xmlns:xsi="http://www.w3.org/2001/XMLSchema-instance">
  <savedquery>
    <IsCustomizable>1</IsCustomizable>
    <CanBeDeleted>0</CanBeDeleted>
    <isquickfindquery>0</isquickfindquery>
    <isprivate>0</isprivate>
    <isdefault>0</isdefault>
    <savedqueryid>{9b90be59-804e-43fc-aeb9-09b056c9d513}</savedqueryid>
    <layoutxml>
      <grid
        name="resultset"
        jump="rhm_warrantyitem"
        select="1"
        icon="1"
        preview="1">
        <row
          name="result"
          id="rhm_warrantyid">
          <cell
            name="rhm_warrantyitem"
            width="300" />
          <cell
            name="createdon"
            width="125" />
        </row>
      </grid>
    </layoutxml>
    <querytype>0</querytype>
    <fetchxml>
      <fetch
        version="1.0"
        mapping="logical">
        <entity
          name="rhm_warranty">
          <attribute
            name="rhm_warrantyid" />
          <attribute
            name="rhm_warrantyitem" />
          <attribute
            name="createdon" />
          <order
            attribute="rhm_warrantyitem"
            descending="false" />
          <filter
            type="and">
            <condition
              attribute="statecode"
              operator="eq"
              value="1" />
          </filter>
        </entity>
      </fetch>
    </fetchxml>
    <IntroducedVersion>1.0</IntroducedVersion>
    <LocalizedNames>
      <LocalizedName
        description="Inactive Warranties"
        languagecode="1033" />
    </LocalizedNames>
  </savedquery>
</savedqueries>