<?xml version="1.0" encoding="utf-8"?>
<savedqueries xmlns:xsi="http://www.w3.org/2001/XMLSchema-instance">
  <savedquery>
    <IsCustomizable>1</IsCustomizable>
    <CanBeDeleted>0</CanBeDeleted>
    <isquickfindquery>0</isquickfindquery>
    <isprivate>0</isprivate>
    <isdefault>1</isdefault>
    <savedqueryid>{dcdbec5f-73ba-4bdc-8eaa-bbbfce62ba57}</savedqueryid>
    <layoutxml>
      <grid
        name="resultset"
        jump="rhm_warrantyitem"
        select="1"
        icon="1"
        preview="1">
        <row
          name="result"
          id="rhm_warrantyid">
          <cell
            name="rhm_warrantyitem"
            width="150"
            imageproviderfunctionname=""
            imageproviderwebresource="$webresource:" />
          <cell
            name="rhm_contractnumber"
            width="138" />
          <cell
            name="rhm_enddate"
            width="150"
            imageproviderfunctionname=""
            imageproviderwebresource="$webresource:" />
          <cell
            name="rhm_startdate"
            width="150"
            imageproviderfunctionname=""
            imageproviderwebresource="$webresource:" />
          <cell
            name="rhm_warrantystatus"
            width="150"
            imageproviderfunctionname=""
            imageproviderwebresource="$webresource:" />
          <cell
            name="rhm_warrantytype"
            width="150"
            imageproviderfunctionname=""
            imageproviderwebresource="$webresource:" />
        </row>
      </grid>
    </layoutxml>
    <querytype>0</querytype>
    <fetchxml>
      <fetch
        version="1.0"
        mapping="logical">
        <entity
          name="rhm_warranty">
          <attribute
            name="rhm_warrantyitem" />
          <order
            attribute="rhm_warrantyitem"
            descending="false" />
          <filter
            type="and">
            <condition
              attribute="statecode"
              operator="eq"
              value="0" />
          </filter>
          <attribute
            name="rhm_warrantytype" />
          <attribute
            name="rhm_warrantystatus" />
          <attribute
            name="rhm_startdate" />
          <attribute
            name="rhm_enddate" />
          <attribute
            name="rhm_warrantyid" />
          <attribute
            name="rhm_contractnumber" />
        </entity>
      </fetch>
    </fetchxml>
    <IntroducedVersion>1.0</IntroducedVersion>
    <LocalizedNames>
      <LocalizedName
        description="Active Warranties"
        languagecode="1033" />
    </LocalizedNames>
  </savedquery>
</savedqueries>