<?xml version="1.0" encoding="utf-8"?>
<forms xmlns:xsi="http://www.w3.org/2001/XMLSchema-instance">
  <systemform>
    <formid>{6ed25386-e3ec-4e2b-bc5e-6a2a7803c8f3}</formid>
    <IntroducedVersion>9.0.0.0</IntroducedVersion>
    <FormPresentation>1</FormPresentation>
    <FormActivationState>1</FormActivationState>
    <form
      headerdensity="HighWithControls"
      solutionaction="Modified">
      <tabs>
        <tab
          name="general"
          verticallayout="true"
          id="{26ee6844-370e-41e0-97f4-66afd3d838b9}"
          IsUserDefined="0"
          ordinalvalue="0">
          <columns>
            <column
              width="34%"
              id="0">
              <sections>
                <section
                  name="queue information"
                  showlabel="true"
                  showbar="false"
                  id="{6a5f6485-f4fb-4809-a27c-1bec47ea232f}"
                  IsUserDefined="0"
                  ordinalvalue="0">
                  <rows>
                    <row>
                      <cell
                        colspan="2"
                        id="{c41a3cfb-87c1-4a3f-ae79-9e4969338ef4}"
                        ordinalvalue="10000">
                        <labels>
                          <label
                            description="Name"
                            languagecode="1033"
                            solutionaction="Modified" />
                          <label
                            description="Nama"
                            languagecode="1086"
                            solutionaction="Added" />
                        </labels>
                      </cell>
                    </row>
                    <row>
                      <cell
                        colspan="2"
                        id="{a5cccf27-97b5-49c6-b1bc-9fdf037804f7}"
                        ordinalvalue="10001">
                        <labels>
                          <label
                            description="Type"
                            languagecode="1033"
                            solutionaction="Modified" />
                          <label
                            description="Jenis"
                            languagecode="1086"
                            solutionaction="Added" />
                        </labels>
                      </cell>
                    </row>
                    <row>
                      <cell
                        colspan="2"
                        id="{0ae52dec-4a09-4af3-a2da-e0046e088913}"
                        ordinalvalue="10002">
                        <labels>
                          <label
                            description="Incoming Email"
                            languagecode="1033"
                            solutionaction="Modified" />
                          <label
                            description="E-Mel Masuk"
                            languagecode="1086"
                            solutionaction="Added" />
                        </labels>
                      </cell>
                    </row>
                    <row>
                      <cell
                        colspan="2"
                        id="{dc16fa25-d252-4ed3-b0bc-38054a643069}"
                        ordinalvalue="10003">
                        <labels>
                          <label
                            description="Owner"
                            languagecode="1033"
                            solutionaction="Modified" />
                          <label
                            description="Pemilik"
                            languagecode="1086"
                            solutionaction="Added" />
                        </labels>
                        <control
                          id="ownerid"
                          classid="{270BD3DB-D9AF-4782-9025-509E298DEC0A}"
                          datafieldname="ownerid"
                          uniqueid="{28c63c8c-bcb0-393a-e1e8-059e6b8aa721}"
                          solutionaction="Modified" />
                      </cell>
                    </row>
                    <row>
                      <cell
                        colspan="2"
                        showlabel="true"
                        rowspan="3"
                        id="{d69d808e-6aad-4db5-b772-6693cf7ce512}"
                        ordinalvalue="10008"
                        solutionaction="Modified">
                        <labels>
                          <label
                            description="Description"
                            languagecode="1033"
                            solutionaction="Modified" />
                          <label
                            description="Perihalan"
                            languagecode="1086"
                            solutionaction="Added" />
                        </labels>
                      </cell>
                    </row>
                    <row>
                      <cell
                        id="{1e5acfba-4f88-4aea-87e6-861455008bf8}"
                        locklevel="0"
                        colspan="1"
                        rowspan="1"
                        ordinalvalue="10004"
                        solutionaction="Added">
                        <labels>
                          <label
                            description="Team"
                            languagecode="1033" />
                        </labels>
                        <control
                          id="rhm_team"
                          classid="{270BD3DB-D9AF-4782-9025-509E298DEC0A}"
                          datafieldname="rhm_team"
                          disabled="false" />
                      </cell>
                      <cell
                        id="{1a7ca33b-3b11-a64d-8a2b-c658c1dc153d}"
                        showlabel="false"
                        ordinalvalue="20005"
                        solutionaction="Added">
                        <labels>
                          <label
                            description=""
                            languagecode="1033" />
                        </labels>
                      </cell>
                    </row>
                    <row>
                      <cell
                        id="{2015e272-d840-4360-9ab6-4b5534de6140}"
                        showlabel="true"
                        locklevel="0"
                        ordinalvalue="10006"
                        solutionaction="Added">
                        <labels>
                          <label
                            description="Case Type"
                            languagecode="1033" />
                        </labels>
                        <control
                          id="rhm_casetype"
                          classid="{3EF39988-22BB-4f0b-BBBE-64B5A3748AEE}"
                          datafieldname="rhm_casetype"
                          disabled="false" />
                      </cell>
                      <cell
                        locklevel="0"
                        id="{9bffc12f-b30e-4b50-99b3-64c43e92072d}"
                        ordinalvalue="20007"
                        solutionaction="Added">
                        <labels>
                          <label
                            description=""
                            languagecode="1033" />
                        </labels>
                      </cell>
                    </row>
                  </rows>
                </section>
                <section
                  name="incoming email"
                  showlabel="true"
                  showbar="false"
                  locklevel="0"
                  id="{90b8dd85-867b-4aca-8d30-7c00117e693a}"
                  IsUserDefined="0"
                  labelwidth="200"
                  ordinalvalue="1">
                  <rows>
                    <row>
                      <cell
                        id="{46b89973-7949-4e41-83b9-baeba8ccde64}"
                        ordinalvalue="10000">
                        <labels>
                          <label
                            description="Convert Incoming Email To Activities"
                            languagecode="1033"
                            solutionaction="Modified" />
                          <label
                            description="Tukar E-mel Masuk Kepada Aktiviti"
                            languagecode="1086"
                            solutionaction="Added" />
                        </labels>
                      </cell>
                    </row>
                    <row>
                      <cell
                        id="{a24c5251-56c3-4b8f-824a-fc013d4b4534}"
                        showlabel="true"
                        locklevel="0"
                        ordinalvalue="10001">
                        <labels>
                          <label
                            description="Mailbox"
                            languagecode="1033"
                            solutionaction="Modified" />
                          <label
                            description="Peti Mel"
                            languagecode="1086"
                            solutionaction="Added" />
                        </labels>
                      </cell>
                    </row>
                  </rows>
                </section>
              </sections>
            </column>
            <column
              width="66%"
              id="1">
              <sections>
                <section
                  name="QueueMembersNoRecord"
                  showlabel="true"
                  showbar="false"
                  id="{5D36D820-65C5-4F55-B084-33388D7202A9}"
                  IsUserDefined="0"
                  locklevel="0"
                  labelwidth="250"
                  visible="false"
                  ordinalvalue="2">
                  <rows>
                    <row>
                      <cell
                        id="{f6dfac0c-aa8b-495e-8d2f-6df5b46970f0}"
                        ordinalvalue="10000"
                        solutionaction="Added">
                        <labels>
                          <label
                            description=""
                            languagecode="1033" />
                        </labels>
                      </cell>
                      <cell
                        id="{7ffd9059-9a82-43e0-b84b-22c92a4305b7}"
                        ordinalvalue="20001"
                        solutionaction="Added">
                        <labels>
                          <label
                            description=""
                            languagecode="1033" />
                        </labels>
                      </cell>
                    </row>
                  </rows>
                </section>
              </sections>
            </column>
          </columns>
        </tab>
        <tab
          id="{5ea9eecd-d412-4194-8854-8c7880ec594f}"
          name="conflictstab"
          group="solutionconflictstab"
          ordinalvalue="1">
          <columns>
            <column
              width="100%"
              id="0">
              <sections>
                <section
                  id="{92381606-2413-4cc4-b16c-d157ad42ddbe}"
                  name="conflictssection"
                  group="solutionconflictssection"
                  ordinalvalue="1">
                  <rows>
                    <row>
                      <cell
                        id="{36ac0c58-5206-43fd-9b70-488fe83c33c0}"
                        ordinalvalue="10000"
                        solutionaction="Added">
                        <labels>
                          <label
                            description=""
                            languagecode="1033" />
                        </labels>
                      </cell>
                      <cell
                        id="{499602cc-b8fc-4da7-a209-7eb59e8dcc46}"
                        ordinalvalue="20001"
                        solutionaction="Added">
                        <labels>
                          <label
                            description=""
                            languagecode="1033" />
                        </labels>
                      </cell>
                    </row>
                  </rows>
                </section>
              </sections>
            </column>
          </columns>
        </tab>
      </tabs>
      <Navigation>
        <NavBar />
      </Navigation>
      <header
        id="{b5c3ea54-a216-4ea8-b61e-100edb31c779}"
        celllabelposition="Top"
        columns="111"
        labelwidth="115"
        celllabelalignment="Left"
        solutionaction="Added">
        <rows>
          <row>
            <cell
              id="{9b8d620b-c752-42ca-b1d8-06a01eb7b494}"
              showlabel="false"
              ordinalvalue="10000">
              <labels>
                <label
                  description=""
                  languagecode="1033" />
              </labels>
            </cell>
            <cell
              id="{dd45f664-6eee-4fc6-9336-5fec19c57f84}"
              showlabel="false"
              ordinalvalue="20001">
              <labels>
                <label
                  description=""
                  languagecode="1033" />
              </labels>
            </cell>
            <cell
              id="{c07ada16-f651-4a03-aef8-9712780977a9}"
              showlabel="false"
              ordinalvalue="30002">
              <labels>
                <label
                  description=""
                  languagecode="1033" />
              </labels>
            </cell>
          </row>
        </rows>
      </header>
      <footer
        id="{003c7033-acfd-4703-b253-0a7830c15b91}"
        celllabelposition="Top"
        columns="111"
        labelwidth="115"
        celllabelalignment="Left"
        solutionaction="Added">
        <rows>
          <row>
            <cell
              id="{354bed57-ded0-4e7d-b431-6704bd012237}"
              showlabel="false"
              ordinalvalue="10000">
              <labels>
                <label
                  description=""
                  languagecode="1033" />
              </labels>
            </cell>
            <cell
              id="{036631ba-6774-4c0f-95df-82d2a75761a1}"
              showlabel="false"
              ordinalvalue="20001">
              <labels>
                <label
                  description=""
                  languagecode="1033" />
              </labels>
            </cell>
            <cell
              id="{472d2de0-e38b-4897-b423-7c21296e46eb}"
              showlabel="false"
              ordinalvalue="30002">
              <labels>
                <label
                  description=""
                  languagecode="1033" />
              </labels>
            </cell>
          </row>
        </rows>
      </footer>
    </form>
    <LocalizedNames>
      <LocalizedName
        description="Queue"
        languagecode="1033" />
      <LocalizedName
        description="Baris gilir"
        languagecode="1086" />
    </LocalizedNames>
    <Descriptions>
      <Description
        description="Updated default Queue form."
        languagecode="1033" />
      <Description
        description="Borang Baris lalai yang dikemas kini."
        languagecode="1086" />
    </Descriptions>
  </systemform>
</forms>