﻿<?xml version="1.0" encoding="utf-8"?>
<systemform>
  <formid>{04b58f4d-d763-491f-8560-17f902c72968}</formid>
  <IntroducedVersion>1.0</IntroducedVersion>
  <FormPresentation>0</FormPresentation>
  <FormActivationState>1</FormActivationState>
  <form shownavigationbar="false">
    <tabs>
      <tab name="info" verticallayout="true" id="{6f9d9695-de6a-4999-a308-7be62fcbad9e}" IsUserDefined="0" labelid="{35cdbd1a-11bd-40e7-8d8a-4404d30877c2}">
        <labels>
          <label description="Connect To" languagecode="1033" />
        </labels>
        <columns>
          <column width="100%">
            <sections>
              <section name="info_s" showlabel="false" showbar="false" id="{d48011eb-e73b-4503-a05f-ac93a317cb47}" IsUserDefined="0" columns="11" labelwidth="115" celllabelalignment="Left" celllabelposition="Left" labelid="{8b8f107f-c224-4db6-9829-66b66852bee0}">
                <labels>
                  <label description="Connect To" languagecode="1033" />
                </labels>
                <rows>
                  <row>
                    <cell id="{d3af1eb8-04f9-4f21-8ef3-9a25c3040dea}" labelid="{49c6d144-3ba9-40f3-86af-e9beb1d467e5}" showlabel="true" locklevel="0">
                      <labels>
                        <label description="As this role" languagecode="1033" />
                      </labels>
                      <events>
                        <event name="setadditionalparams" application="true" active="true">
                          <InternalHandlers>
                            <Handler functionName="Mscrm.record2roleid_setadditionalparams" libraryName="Connection_main_system_library.js" handlerUniqueId="41b0e728-e2e4-42e6-b505-f94d369e0936" enabled="true" passExecutionContext="true">
                              <dependencies>
                                <dependency id="record2id" />
                                <dependency id="record1roleid" />
                              </dependencies>
                            </Handler>
                          </InternalHandlers>
                        </event>
                      </events>
                      <control id="record2roleid" classid="{270BD3DB-D9AF-4782-9025-509E298DEC0A}" datafieldname="record2roleid" uniqueid="{a2b1469c-d8a1-6197-a891-ea56d52caade}" disabled="false">
                        <parameters>
                          <AutoResolve>true</AutoResolve>
                          <DisableMru>false</DisableMru>
                          <DisableQuickFind>false</DisableQuickFind>
                          <DisableViewPicker>false</DisableViewPicker>
                          <DefaultViewId>{04C66E75-F7C7-475C-9151-6284249FBBB7}</DefaultViewId>
                          <AllowFilterOff>false</AllowFilterOff>
                        </parameters>
                      </control>
                    </cell>
                    <cell id="{c1b0f1c1-59b7-49b1-9791-d55f58dc57d6}" colspan="1" labelid="{fc42abd7-6a9d-4590-96d8-51d4359fca18}">
                      <labels>
                        <label description="Name" languagecode="1033" />
                      </labels>
                      <events>
                        <event name="onclick" application="true" active="true">
                          <InternalHandlers>
                            <Handler functionName="Mscrm.record2id_onclick" libraryName="Connection_main_system_library.js" handlerUniqueId="a9c1f8a2-98c8-4528-baf4-145ce0f2b37d" enabled="true" passExecutionContext="true">
                              <dependencies>
                                <dependency id="record2roleid" />
                                <dependency id="record1roleid" />
                              </dependencies>
                            </Handler>
                          </InternalHandlers>
                        </event>
                      </events>
                      <control id="record2id" classid="{3246F906-1F71-45F7-B11F-D7BE0F9D04C9}" datafieldname="record2id" />
                    </cell>
                  </row>
                </rows>
              </section>
              <section name="description" showlabel="false" showbar="false" id="{bc3b8e23-8b8a-89dd-63a8-510a2b9a2e7b}" IsUserDefined="0" layout="varwidth" columns="11" labelwidth="115" celllabelalignment="Left" celllabelposition="Left" labelid="{401a40e7-298c-45fe-8b0a-64b8ea245cb2}">
                <labels>
                  <label description="Description" languagecode="1033" />
                </labels>
                <rows>
                  <row>
                    <cell id="{06e1e691-d198-4832-b330-f7df04553b78}" rowspan="2" auto="false" colspan="2" showlabel="true" labelid="{724a4592-4090-4f61-9c36-771d1966e3f0}">
                      <labels>
                        <label description="Description" languagecode="1033" />
                      </labels>
                      <control id="description" classid="{E0DECE4B-6FC8-4a8f-A065-082708572369}" datafieldname="description" />
                    </cell>
                  </row>
                  <row></row>
                </rows>
              </section>
            </sections>
          </column>
        </columns>
      </tab>
      <tab name="details" verticallayout="true" id="{4f1a8ad2-97e8-475f-adef-8460a1f967a6}" IsUserDefined="0" showlabel="true" labelid="{534be12b-adeb-4093-a8c4-174e60535fd9}" expanded="true">
        <labels>
          <label description="Details" languagecode="1033" />
        </labels>
        <columns>
          <column width="100%">
            <sections>
              <section name="connect_from" showlabel="false" showbar="false" id="{8b6dee92-267b-30de-6778-e52d60341009}" IsUserDefined="0" layout="varwidth" columns="11" labelwidth="115" celllabelalignment="Left" celllabelposition="Left" labelid="{1484be36-ea37-4c4a-a9d3-b7fc9f819c80}">
                <labels>
                  <label description="Connected From" languagecode="1033" />
                </labels>
                <rows>
                  <row>
                    <cell id="{4d2107d8-5ec9-42e5-8e43-be8001bde895}" colspan="1" showlabel="true" locklevel="1" labelid="{e202b3f5-263c-4642-9568-57adaff44b9c}">
                      <labels>
                        <label description="Connected From" languagecode="1033" />
                      </labels>
                      <events>
                        <event name="onclick" application="true" active="true">
                          <InternalHandlers>
                            <Handler functionName="Mscrm.record1id_onclick" libraryName="Connection_main_system_library.js" handlerUniqueId="f88cc3c6-d605-4ac2-b3c7-87a5ae1250c3" enabled="true" passExecutionContext="true">
                              <dependencies>
                                <dependency id="record1roleid" />
                                <dependency id="record2roleid" />
                              </dependencies>
                            </Handler>
                          </InternalHandlers>
                        </event>
                      </events>
                      <control id="record1id" classid="{3246F906-1F71-45F7-B11F-D7BE0F9D04C9}" datafieldname="record1id">
                        <parameters>
                          <AutoResolve>true</AutoResolve>
                          <DisableMru>false</DisableMru>
                        </parameters>
                      </control>
                    </cell>
                    <cell id="{49893952-2dbe-4df6-904e-ec5028657386}" colspan="1" labelid="{cb8d9c5b-64e6-4544-b496-929190337c2b}">
                      <labels>
                        <label description="As this role" languagecode="1033" />
                      </labels>
                      <events>
                        <event name="setadditionalparams" application="true" active="true">
                          <InternalHandlers>
                            <Handler functionName="Mscrm.record1roleid_setadditionalparams" libraryName="Connection_main_system_library.js" handlerUniqueId="b766ab59-1f67-4e4e-ac80-48a203cc3286" enabled="true" passExecutionContext="true">
                              <dependencies>
                                <dependency id="record1id" />
                                <dependency id="record2roleid" />
                              </dependencies>
                            </Handler>
                          </InternalHandlers>
                        </event>
                      </events>
                      <control id="record1roleid" classid="{270BD3DB-D9AF-4782-9025-509E298DEC0A}" datafieldname="record1roleid" />
                    </cell>
                  </row>
                </rows>
              </section>
              <section name="details" showlabel="false" showbar="true" id="{1517d952-33c0-4115-8255-514cb2973ab1}" IsUserDefined="0" columns="11" labelwidth="115" celllabelalignment="Left" celllabelposition="Left" labelid="{451d71cb-ba5b-4764-a6f9-7ed96a41f69a}">
                <labels>
                  <label description="Details" languagecode="1033" />
                </labels>
                <rows>
                  <row>
                    <cell id="{b537444f-e96d-47bd-b5ec-ba3ce830bac9}" showlabel="true" colspan="1" labelid="{fa7664de-0c2b-4153-adbe-1ae481d90feb}">
                      <labels>
                        <label description="Start Date" languagecode="1033" />
                      </labels>
                      <control id="effectivestart" classid="{5B773807-9FB2-42db-97C3-7A91EFF8ADFF}" datafieldname="effectivestart" />
                    </cell>
                    <cell id="{1ecbaaaa-48a0-2491-6714-a9259c67a974}" showlabel="false" labelid="{f69540ab-fb23-4cc3-92a9-26c1e11cb894}">
                      <labels>
                        <label description="" languagecode="1033" />
                      </labels>
                    </cell>
                  </row>
                  <row>
                    <cell id="{921bc687-16ff-4f1e-926b-791af4901c5c}" showlabel="true" colspan="1" labelid="{528a5a6e-e75d-4adb-a50c-db6d08771567}">
                      <labels>
                        <label description="End Date" languagecode="1033" />
                      </labels>
                      <control id="effectiveend" classid="{5B773807-9FB2-42db-97C3-7A91EFF8ADFF}" datafieldname="effectiveend" />
                    </cell>
                    <cell id="{85ebca94-9d5c-adc5-106c-0234e88b2387}" showlabel="false" labelid="{664e78db-cca0-49ed-a74a-e73c0f5eadf9}">
                      <labels>
                        <label description="" languagecode="1033" />
                      </labels>
                    </cell>
                  </row>
                  <row>
                    <cell id="{f5a83ed7-8311-42a6-8E1a-45C568a271cb}" showlabel="true" colspan="1" labelid="{98fb65c9-5ef0-4f36-8157-85d5f33db7f9}">
                      <labels>
                        <label description="Owner" languagecode="1033" />
                      </labels>
                      <control id="ownerid" classid="{270BD3DB-D9AF-4782-9025-509E298DEC0A}" datafieldname="ownerid" />
                    </cell>
                    <cell id="{cc0cdb3c-e5d9-c4ec-2ee2-d9d168e1a33e}" showlabel="false" labelid="{46fdb2a0-d9ee-4fad-8d53-b17bcc6dea48}">
                      <labels>
                        <label description="" languagecode="1033" />
                      </labels>
                    </cell>
                  </row>
                </rows>
              </section>
            </sections>
          </column>
        </columns>
      </tab>
    </tabs>
    <header id="{8e79872a-cf90-45f8-98dc-38763d268266}" labelwidth="115" celllabelalignment="Left" celllabelposition="Left">
      <rows>
        <row>
          <cell id="{7686d269-c2ba-ae9d-e98b-bc349dcce7ed}" showlabel="false" colspan="1" labelid="{39bbcffe-0628-4ef3-859a-a3a984771c17}">
            <labels>
              <label description="Connected From" languagecode="1033" />
            </labels>
            <control id="header_record1id" classid="{3246F906-1F71-45F7-B11F-D7BE0F9D04C9}" datafieldname="record1id" disabled="true">
              <parameters>
                <AutoResolve>true</AutoResolve>
                <DisableMru>false</DisableMru>
              </parameters>
            </control>
          </cell>
        </row>
      </rows>
    </header>
    <footer id="{47B3ACC4-ADC5-45d1-BA21-C2E78B746AD6}">
      <rows>
        <row>
          <cell id="{93AFD0B8-40AE-4aeb-8511-C7356FF24A27}" labelid="{bbc6bf69-1137-4e7e-a209-02f6f9c22c45}">
            <labels>
              <label description="Status" languagecode="1033" />
            </labels>
            <control id="footer_statecode" classid="{3EF39988-22BB-4f0b-BBBE-64B5A3748AEE}" datafieldname="statecode" />
          </cell>
        </row>
      </rows>
    </footer>
    <events>
      <event name="onchange" application="true" active="true" attribute="record1roleid">
        <InternalHandlers>
          <Handler functionName="Mscrm.record1roleid_onchange" libraryName="Connection_main_system_library.js" handlerUniqueId="88e2fd45-17c0-405e-8166-c9f6a2e9e4f1" enabled="true" passExecutionContext="true">
            <dependencies>
              <dependency id="record2roleid" />
            </dependencies>
          </Handler>
        </InternalHandlers>
      </event>
      <event name="onchange" application="true" active="true" attribute="record2roleid">
        <InternalHandlers>
          <Handler functionName="Mscrm.record2roleid_onchange" libraryName="Connection_main_system_library.js" handlerUniqueId="6fa70061-3e5f-4e9f-b8bb-7c30e7b98659" enabled="true" passExecutionContext="true">
            <dependencies>
              <dependency id="record1roleid" />
            </dependencies>
          </Handler>
        </InternalHandlers>
      </event>
    </events>
    <clientresources>
      <internalresources>
        <clientincludes>
          <internaljscriptfile src="$webresource:Connection_main_system_library.js" />
        </clientincludes>
      </internalresources>
    </clientresources>
    <Navigation>
      <NavBar></NavBar>
      <NavBarAreas>
        <NavBarArea Id="Info">
          <Titles>
            <Title LCID="1033" Text="Common" />
          </Titles>
        </NavBarArea>
        <NavBarArea Id="Sales">
          <Titles>
            <Title LCID="1033" Text="Sales" />
          </Titles>
        </NavBarArea>
        <NavBarArea Id="Service">
          <Titles>
            <Title LCID="1033" Text="Service" />
          </Titles>
        </NavBarArea>
        <NavBarArea Id="Marketing">
          <Titles>
            <Title LCID="1033" Text="Marketing" />
          </Titles>
        </NavBarArea>
        <NavBarArea Id="ProcessCenter">
          <Titles>
            <Title LCID="1033" Text="Process Sessions" />
          </Titles>
        </NavBarArea>
      </NavBarAreas>
    </Navigation>
    <controlDescriptions />
    <DisplayConditions Order="1">
      <Everyone />
    </DisplayConditions>
  </form>
  <IsCustomizable>1</IsCustomizable>
  <CanBeDeleted>1</CanBeDeleted>
  <LocalizedNames>
    <LocalizedName description="RBS Connection" languagecode="1033" />
  </LocalizedNames>
  <Descriptions>
    <Description description="A form for this entity." languagecode="1033" />
  </Descriptions>
</systemform>