﻿<?xml version="1.0" encoding="utf-8"?>
<systemform>
  <formid>{a91390a5-99bb-4d10-9eee-3a5c87f841f1}</formid>
  <IntroducedVersion>6.0.0.0</IntroducedVersion>
  <FormPresentation>1</FormPresentation>
  <FormActivationState>1</FormActivationState>
  <form>
    <ancestor id="{A91390A5-99BB-4D10-9EEE-3A5C87F841F1}" />
    <tabs>
      <tab name="phonecall" showlabel="false" verticallayout="true" id="{A22C3771-5942-48AA-8DA7-098AF8C01BB7}" IsUserDefined="0">
        <labels>
          <label description="Phone Call" languagecode="1033" />
        </labels>
        <columns>
          <column width="67%">
            <sections>
              <section name="general information" showlabel="false" showbar="false" locklevel="0" id="{277C507E-79FC-479D-A0E0-D9B61FBA48B0}" IsUserDefined="0" layout="varwidth" columns="1" labelwidth="115" celllabelalignment="Left" celllabelposition="Left">
                <labels>
                  <label description="General Information" languagecode="1033" />
                </labels>
                <rows>
                  <row>
                    <cell auto="false" showlabel="true" locklevel="0" rowspan="1" colspan="1" id="{C75D0ED5-B39C-4678-A94B-1382258EA55E}">
                      <labels>
                        <label description="Subject" languagecode="1033" />
                      </labels>
                      <control id="subject" classid="{4273EDBD-AC1D-40d3-9FB2-095C621B552D}" datafieldname="subject" disabled="false" />
                    </cell>
                  </row>
                  <row>
                    <cell auto="false" showlabel="true" locklevel="0" rowspan="1" colspan="1" id="{405658C7-633B-44F6-91BA-038B9BAF4A41}">
                      <labels>
                        <label description="Call From" languagecode="1033" />
                      </labels>
                      <control id="from" classid="{CBFB742C-14E7-4a17-96BB-1A13F7F64AA2}" datafieldname="from" disabled="false" />
                    </cell>
                  </row>
                  <row>
                    <cell auto="false" showlabel="true" locklevel="0" rowspan="1" colspan="1" id="{EFA00B37-8E3E-4229-8331-47DC1F3615BE}">
                      <labels>
                        <label description="Call To" languagecode="1033" />
                      </labels>
                      <control id="to" classid="{CBFB742C-14E7-4a17-96BB-1A13F7F64AA2}" datafieldname="to" disabled="false" />
                    </cell>
                  </row>
                  <row>
                    <cell auto="false" showlabel="true" locklevel="0" rowspan="1" colspan="1" id="{6965D7BF-C0EA-4BBB-90AD-7F3415DF1BAB}">
                      <labels>
                        <label description="Phone Number" languagecode="1033" />
                      </labels>
                      <control id="phonenumber" classid="{4273EDBD-AC1D-40d3-9FB2-095C621B552D}" datafieldname="phonenumber" disabled="false" />
                    </cell>
                  </row>
                  <row>
                    <cell id="{8a545bc0-21a2-b226-7862-a8e35589939e}" showlabel="true" locklevel="0">
                      <labels>
                        <label description="Actual End" languagecode="1033" />
                      </labels>
                      <control id="actualend" classid="{5B773807-9FB2-42db-97C3-7A91EFF8ADFF}" datafieldname="actualend" disabled="false" />
                    </cell>
                  </row>
                  <row>
                    <cell id="{e90847a4-75da-cb85-031b-00372c80b6d1}" showlabel="true" locklevel="0">
                      <labels>
                        <label description="Due" languagecode="1033" />
                      </labels>
                      <control id="scheduledend" classid="{5B773807-9FB2-42db-97C3-7A91EFF8ADFF}" datafieldname="scheduledend" disabled="false" />
                    </cell>
                  </row>
                </rows>
              </section>
              <section name="phone call description" showlabel="true" showbar="false" locklevel="0" id="{ACFFC6AB-1FD9-492E-A349-3373A49E30C8}" IsUserDefined="0" layout="varwidth" columns="11" height="auto">
                <labels>
                  <label description="Description" languagecode="1033" />
                </labels>
                <rows>
                  <row>
                    <cell colspan="2" showlabel="false" rowspan="5" id="{F481F1A2-6111-40C9-8ECA-FF477666B75A}">
                      <labels>
                        <label description="Description" languagecode="1033" />
                      </labels>
                      <control id="description" classid="{E0DECE4B-6FC8-4a8f-A065-082708572369}" datafieldname="description" />
                    </cell>
                  </row>
                  <row></row>
                  <row></row>
                  <row></row>
                  <row></row>
                </rows>
              </section>
              <section name="phone call details" showlabel="false" showbar="false" locklevel="0" id="{661FB024-4B09-4352-9373-2AFDBC56E7B5}" IsUserDefined="0" layout="varwidth" columns="11">
                <labels>
                  <label description="Phone Call Details" languagecode="1033" />
                </labels>
                <rows>
                  <row>
                    <cell auto="false" showlabel="true" locklevel="0" rowspan="1" colspan="2" id="{196075AD-03CE-4F20-A982-02C8DB06769B}">
                      <labels>
                        <label description="Regarding" languagecode="1033" />
                      </labels>
                      <control id="regardingobjectid" classid="{F3015350-44A2-4aa0-97B5-00166532B5E9}" datafieldname="regardingobjectid" disabled="false">
                        <parameters>
                          <AutoResolve>true</AutoResolve>
                        </parameters>
                      </control>
                    </cell>
                  </row>
                  <row>
                    <cell auto="false" showlabel="true" locklevel="0" rowspan="1" colspan="1" id="{7474F28A-C24C-44A6-BD4E-B648D5D1ACAC}">
                      <labels>
                        <label description="Duration" languagecode="1033" />
                      </labels>
                      <control id="actualdurationminutes" classid="{AA987274-CE4E-4271-A803-66164311A958}" datafieldname="actualdurationminutes" disabled="false" />
                    </cell>
                    <cell id="{A5537ED6-8A5D-46E9-A9B5-3A0962E52C95}" showlabel="false">
                      <labels>
                        <label description="" languagecode="1033" />
                      </labels>
                    </cell>
                  </row>
                </rows>
              </section>
            </sections>
          </column>
          <column width="33%">
            <sections>
              <section name="tab_2_section_2" showlabel="true" showbar="false" locklevel="0" id="{4a080252-866c-7442-5775-a75a626c87b3}" IsUserDefined="0" layout="varwidth" columns="1" labelwidth="115" labelid="{7943cc45-ce22-48c2-a081-6375db696f5c}" celllabelalignment="Left" celllabelposition="Left">
                <labels>
                  <label description="Notes" languagecode="1033" />
                </labels>
                <rows>
                  <row>
                    <cell id="{01399a06-9c65-e4d8-7016-40962877abae}" showlabel="false" rowspan="15" auto="false" colspan="1" locklevel="0">
                      <labels>
                        <label description="Note Text" languagecode="1033" />
                      </labels>
                      <control id="notescontrol" classid="{06375649-c143-495e-a496-c962e5b4488e}" disabled="false">
                        <parameters>
                          <DefaultTabId>NotesTab</DefaultTabId>
                        </parameters>
                      </control>
                    </cell>
                  </row>
                  <row></row>
                  <row></row>
                  <row></row>
                  <row></row>
                  <row></row>
                  <row></row>
                  <row></row>
                  <row></row>
                  <row></row>
                  <row></row>
                  <row></row>
                  <row></row>
                  <row></row>
                  <row></row>
                </rows>
              </section>
            </sections>
          </column>
        </columns>
      </tab>
    </tabs>
    <header id="{5A88E8A6-D3C5-48E8-806D-644E55DFC2E7}" columns="1111" celllabelposition="Top" labelwidth="115">
      <rows>
        <row>
          <cell id="{850991FD-30C2-4098-A369-AA6EC7CEE7CB}" showlabel="true">
            <labels>
              <label description="Priority" languagecode="1033" />
            </labels>
            <control id="header_priority" classid="{3EF39988-22BB-4f0b-BBBE-64B5A3748AEE}" datafieldname="prioritycode" />
          </cell>
          <cell showlabel="true" locklevel="0" rowspan="1" colspan="1" id="{A74F621F-B15C-4FFA-890F-6A20E9746998}">
            <labels>
              <label description="Due" languagecode="1033" />
            </labels>
            <control id="header_scheduledend" classid="{5B773807-9FB2-42db-97C3-7A91EFF8ADFF}" datafieldname="scheduledend" disabled="false" />
          </cell>
          <cell id="{DCBC8C79-0F64-488D-BAE1-1ABDCBB8E460}">
            <labels>
              <label description="Status" languagecode="1033" />
            </labels>
            <control id="header_statecode" classid="{3EF39988-22BB-4f0b-BBBE-64B5A3748AEE}" datafieldname="statecode" />
          </cell>
          <cell id="{2C735F61-F74C-4D9A-A25B-56DF11AF5216}" showlabel="true" locklevel="1">
            <labels>
              <label description="Owner" languagecode="1033" />
            </labels>
            <control id="header_ownerid" classid="{270BD3DB-D9AF-4782-9025-509E298DEC0A}" datafieldname="ownerid" />
          </cell>
        </row>
      </rows>
    </header>
    <events>
      <event name="onload" application="true" active="true">
        <InternalHandlers>
          <Handler functionName="Mscrm.Form_onload" libraryName="PhoneCall_main_system_library.js" handlerUniqueId="64c59696-aed0-41fd-9570-b6a504ba7ea2" enabled="true" />
        </InternalHandlers>
      </event>
      <event name="onchange" application="true" active="true" attribute="directioncode">
        <InternalHandlers>
          <Handler functionName="Mscrm.directioncode_onchange" libraryName="PhoneCall_main_system_library.js" handlerUniqueId="17d9b56a-72fb-4cf6-8fde-4a7263c84ca4" enabled="true">
            <dependencies>
              <dependency id="to" />
              <dependency id="from" />
            </dependencies>
          </Handler>
        </InternalHandlers>
      </event>
    </events>
    <clientresources>
      <internalresources>
        <clientincludes>
          <internaljscriptfile src="$webresource:PhoneCall_main_system_library.js" />
        </clientincludes>
      </internalresources>
    </clientresources>
    <Navigation>
      <NavBar></NavBar>
      <NavBarAreas>
        <NavBarArea Id="Info">
          <Titles>
            <Title LCID="1033" Text="Common" />
          </Titles>
        </NavBarArea>
        <NavBarArea Id="Sales">
          <Titles>
            <Title LCID="1033" Text="Sales" />
          </Titles>
        </NavBarArea>
        <NavBarArea Id="Service">
          <Titles>
            <Title LCID="1033" Text="Service" />
          </Titles>
        </NavBarArea>
        <NavBarArea Id="Marketing">
          <Titles>
            <Title LCID="1033" Text="Marketing" />
          </Titles>
        </NavBarArea>
        <NavBarArea Id="ProcessCenter">
          <Titles>
            <Title LCID="1033" Text="Process Sessions" />
          </Titles>
        </NavBarArea>
      </NavBarAreas>
    </Navigation>
  </form>
  <LocalizedNames>
    <LocalizedName description="Phone Call" languagecode="1033" />
  </LocalizedNames>
  <Descriptions>
    <Description description="Updated Default Phone Call Form" languagecode="1033" />
  </Descriptions>
</systemform>