﻿<?xml version="1.0" encoding="utf-8"?>
<savedquery unmodified="1">
  <isquickfindquery>0</isquickfindquery>
  <isprivate>0</isprivate>
  <isdefault>0</isdefault>
  <returnedtypecode>1</returnedtypecode>
  <savedqueryid>{00000000-0000-0000-00aa-000010001001}</savedqueryid>
  <queryapi></queryapi>
  <layoutxml>
    <grid name="resultset" object="1" jump="name" select="1" icon="1" preview="1">
      <row name="result" id="accountid">
        <cell name="name" width="300" />
        <cell name="telephone1" width="100" />
        <cell name="address1_city" width="100" />
        <cell name="primarycontactid" width="150" />
        <cell name="accountprimarycontactidcontactcontactid.emailaddress1" width="150" disableSorting="1" />
      </row>
    </grid>
  </layoutxml>
  <querytype>0</querytype>
  <fetchxml>
    <fetch version="1.0" output-format="xml-platform" mapping="logical">
      <entity name="account">
        <attribute name="name" />
        <attribute name="address1_city" />
        <order attribute="name" descending="false" />
        <filter type="and">
          <condition attribute="ownerid" operator="eq-userid" />
          <condition attribute="statecode" operator="eq" value="0" />
        </filter>
        <attribute name="primarycontactid" />
        <attribute name="telephone1" />
        <attribute name="accountid" />
        <link-entity alias="accountprimarycontactidcontactcontactid" name="contact" from="contactid" to="primarycontactid" link-type="outer" visible="false">
          <attribute name="emailaddress1" />
        </link-entity>
      </entity>
    </fetch>
  </fetchxml>
  <IntroducedVersion>5.0.0.0</IntroducedVersion>
  <LocalizedNames>
    <LocalizedName description="My Active Accounts" languagecode="1033" />
  </LocalizedNames>
</savedquery>