﻿<?xml version="1.0" encoding="utf-8"?>
<savedquery>
  <isquickfindquery>0</isquickfindquery>
  <isprivate>0</isprivate>
  <isdefault>1</isdefault>
  <returnedtypecode>1</returnedtypecode>
  <savedqueryid>{00000000-0000-0000-00aa-000000666000}</savedqueryid>
  <queryapi></queryapi>
  <layoutxml>
    <grid name="resultset" object="1" jump="name" select="1" icon="1" preview="1">
      <row name="result" id="accountid">
        <cell name="name" width="200" imageproviderfunctionname="" imageproviderwebresource="$webresource:" />
        <cell name="nwm_level" width="50" imageproviderfunctionname="" imageproviderwebresource="$webresource:" />
        <cell name="parentaccountid" width="200" imageproviderfunctionname="" imageproviderwebresource="$webresource:" />
        <cell name="nwm_clienttier" width="75" imageproviderfunctionname="" imageproviderwebresource="$webresource:" />
        <cell name="nwm_cibcoveragemodelid" width="150" imageproviderfunctionname="" imageproviderwebresource="$webresource:" />
        <cell name="nwm_sector" width="100" />
        <cell name="nwm_subsector" width="100" />
        <cell name="nwm_geography" width="100" />
        <cell name="nwm_domicile" width="100" />
        <cell name="nwm_classification" width="100" />
      </row>
    </grid>
  </layoutxml>
  <querytype>1</querytype>
  <fetchxml>
    <fetch version="1.0" output-format="xml-platform" mapping="logical">
      <entity name="account">
        <attribute name="name" />
        <order attribute="name" descending="false" />
        <order attribute="nwm_level" descending="false" />
        <attribute name="nwm_subsector" />
        <attribute name="nwm_sector" />
        <attribute name="nwm_level" />
        <attribute name="nwm_geography" />
        <attribute name="nwm_domicile" />
        <attribute name="nwm_clienttier" />
        <attribute name="nwm_classification" />
        <attribute name="nwm_cibcoveragemodelid" />
        <attribute name="parentaccountid" />
        <attribute name="accountid" />
      </entity>
    </fetch>
  </fetchxml>
  <IntroducedVersion>5.0.0.0</IntroducedVersion>
  <LocalizedNames>
    <LocalizedName description="Client Advanced Find View" languagecode="1033" />
  </LocalizedNames>
</savedquery>