﻿<?xml version="1.0" encoding="utf-8"?>
<savedquery>
  <IsCustomizable>1</IsCustomizable>
  <CanBeDeleted>1</CanBeDeleted>
  <isquickfindquery>0</isquickfindquery>
  <isprivate>0</isprivate>
  <isdefault>1</isdefault>
  <returnedtypecode>1</returnedtypecode>
  <savedqueryid>{303ad981-52ff-e611-80d9-3863bb358e18}</savedqueryid>
  <layoutxml>
    <grid name="resultset" object="1" jump="name" select="1" preview="1" icon="1">
      <row name="result" id="accountid">
        <cell name="name" width="150" />
        <cell name="parentaccountid" width="100" />
        <cell name="nwm_ciscode" width="100" />
        <cell name="address1_city" width="100" imageproviderfunctionname="" imageproviderwebresource="$webresource:" />
        <cell name="nwm_level" width="100" />
      </row>
    </grid>
  </layoutxml>
  <querytype>0</querytype>
  <fetchxml>
    <fetch version="1.0" output-format="xml-platform" mapping="logical" distinct="true">
      <entity name="account">
        <attribute name="name" />
        <attribute name="parentaccountid" />
        <attribute name="nwm_level" />
        <attribute name="nwm_ciscode" />
        <attribute name="address1_city" />
        <order attribute="name" descending="false" />
        <filter type="and">
          <condition attribute="statecode" operator="eq" value="0" />
        </filter>
        <link-entity name="nwm_clientaccessteam" from="nwm_client" to="accountid" alias="aa">
          <filter type="and">
            <condition attribute="nwm_user" operator="eq-userid" />
          </filter>
        </link-entity>
        <attribute name="accountid" />
      </entity>
    </fetch>
  </fetchxml>
  <IntroducedVersion>0.0.0.1</IntroducedVersion>
  <LocalizedNames>
    <LocalizedName description="My Active Clients" languagecode="1033" />
  </LocalizedNames>
  <Descriptions>
    <Description description="My Active Clients based on CAT." languagecode="1033" />
  </Descriptions>
</savedquery>