﻿<?xml version="1.0" encoding="utf-8"?>
<savedquery>
  <IsCustomizable>1</IsCustomizable>
  <CanBeDeleted>1</CanBeDeleted>
  <isquickfindquery>0</isquickfindquery>
  <isprivate>0</isprivate>
  <isdefault>0</isdefault>
  <returnedtypecode>1</returnedtypecode>
  <savedqueryid>{337805a4-93dd-e611-80d4-3863bb358e18}</savedqueryid>
  <layoutxml>
    <grid name="resultset" object="1" jump="name" select="1" preview="1" icon="1">
      <row name="result" id="accountid">
        <cell name="name" width="200" imageproviderfunctionname="" imageproviderwebresource="$webresource:" />
        <cell name="nwm_level" width="50" imageproviderfunctionname="" imageproviderwebresource="$webresource:" />
        <cell name="parentaccountid" width="200" imageproviderfunctionname="" imageproviderwebresource="$webresource:" />
        <cell name="nwm_clienttier" width="75" imageproviderfunctionname="" imageproviderwebresource="$webresource:" />
        <cell name="nwm_cibcoveragemodelid" width="150" imageproviderfunctionname="" imageproviderwebresource="$webresource:" />
        <cell name="nwm_sector" width="100" />
        <cell name="nwm_subsector" width="100" />
        <cell name="nwm_geography" width="100" />
        <cell name="nwm_domicile" width="100" />
        <cell name="nwm_classification" width="100" />
      </row>
    </grid>
  </layoutxml>
  <querytype>0</querytype>
  <fetchxml>
    <fetch version="1.0" output-format="xml-platform" mapping="logical" distinct="true">
      <entity name="account">
        <attribute name="name" />
        <attribute name="nwm_level" />
        <order attribute="name" descending="false" />
        <order attribute="nwm_level" descending="false" />
        <link-entity name="nwm_clientaccessteam" from="nwm_client" to="accountid" alias="aa">
          <filter type="and">
            <condition attribute="nwm_user" operator="eq-userid" />
          </filter>
        </link-entity>
        <attribute name="nwm_cibcoveragemodelid" />
        <attribute name="nwm_clienttier" />
        <attribute name="parentaccountid" />
        <attribute name="nwm_classification" />
        <attribute name="nwm_domicile" />
        <attribute name="nwm_subsector" />
        <attribute name="nwm_sector" />
        <attribute name="nwm_geography" />
        <attribute name="accountid" />
      </entity>
    </fetch>
  </fetchxml>
  <IntroducedVersion>0.0.0.1</IntroducedVersion>
  <LocalizedNames>
    <LocalizedName description="My Portfolio Clients" languagecode="1033" />
  </LocalizedNames>
</savedquery>