﻿<?xml version="1.0" encoding="utf-8"?>
<savedquery unmodified="1">
  <isquickfindquery>0</isquickfindquery>
  <isprivate>0</isprivate>
  <isdefault>0</isdefault>
  <returnedtypecode>1</returnedtypecode>
  <savedqueryid>{49fb9771-09e1-4e70-b193-198752493577}</savedqueryid>
  <queryapi></queryapi>
  <layoutxml>
    <grid name="resultset" object="1" jump="name" select="1" icon="1" preview="1">
      <row name="result" id="accountid">
        <cell name="name" width="300" />
        <cell name="telephone1" width="100" />
        <cell name="address1_city" width="100" />
      </row>
    </grid>
  </layoutxml>
  <querytype>0</querytype>
  <fetchxml>
    <fetch version="1.0" output-format="xml-platform" mapping="logical" distinct="true">
      <entity name="account">
        <attribute name="name" />
        <attribute name="address1_city" />
        <order attribute="name" descending="false" />
        <attribute name="telephone1" />
        <link-entity name="activityparty" from="partyid" to="accountid" link-type="inner">
          <link-entity name="campaignresponse" from="activityid" to="activityid" link-type="inner">
            <filter type="and">
              <condition attribute="receivedon" operator="last-x-months" value="6" />
            </filter>
          </link-entity>
          <filter type="and">
            <condition attribute="participationtypemask" operator="eq" value="11" />
          </filter>
        </link-entity>
        <attribute name="accountid" />
      </entity>
    </fetch>
  </fetchxml>
  <IntroducedVersion>5.0.0.0</IntroducedVersion>
  <LocalizedNames>
    <LocalizedName description="Accounts: Responded to Campaigns in Last 6 Months" languagecode="1033" />
  </LocalizedNames>
</savedquery>