﻿<?xml version="1.0" encoding="utf-8"?>
<savedquery>
  <isquickfindquery>0</isquickfindquery>
  <isprivate>0</isprivate>
  <isdefault>1</isdefault>
  <returnedtypecode>1</returnedtypecode>
  <savedqueryid>{a9af0ab8-861d-4cfa-92a5-c6281fed7fab}</savedqueryid>
  <queryapi></queryapi>
  <layoutxml>
    <grid name="resultset" object="1" jump="name" select="1" preview="0" icon="1">
      <row name="result" id="accountid">
        <cell name="name" width="200" imageproviderfunctionname="" imageproviderwebresource="$webresource:" />
        <cell name="nwm_level" width="50" imageproviderfunctionname="" imageproviderwebresource="$webresource:" />
        <cell name="parentaccountid" width="200" imageproviderfunctionname="" imageproviderwebresource="$webresource:" />
        <cell name="nwm_clienttier" width="75" imageproviderfunctionname="" imageproviderwebresource="$webresource:" />
        <cell name="nwm_cibcoveragemodelid" width="150" imageproviderfunctionname="" imageproviderwebresource="$webresource:" />
        <cell name="nwm_sector" width="100" />
        <cell name="nwm_subsector" width="100" />
        <cell name="nwm_geography" width="100" />
        <cell name="nwm_domicile" width="100" />
        <cell name="nwm_classification" width="100" />
        <cell name="fax" ishidden="1" width="100" />
        <cell name="address1_name" ishidden="1" width="100" />
        <cell name="address1_fax" ishidden="1" width="100" />
      </row>
    </grid>
  </layoutxml>
  <querytype>64</querytype>
  <fetchxml>
    <fetch version="1.0" mapping="logical">
      <entity name="account">
        <attribute name="name" />
        <attribute name="accountid" />
        <attribute name="fax" />
        <attribute name="address1_name" />
        <attribute name="address1_fax" />
        <filter type="and">
          <condition attribute="statecode" operator="eq" value="0" />
        </filter>
        <order attribute="name" descending="false" />
        <order attribute="nwm_level" descending="false" />
        <attribute name="nwm_subsector" />
        <attribute name="nwm_sector" />
        <attribute name="parentaccountid" />
        <attribute name="nwm_level" />
        <attribute name="nwm_geography" />
        <attribute name="nwm_domicile" />
        <attribute name="nwm_clienttier" />
        <attribute name="nwm_classification" />
        <attribute name="nwm_cibcoveragemodelid" />
      </entity>
    </fetch>
  </fetchxml>
  <IntroducedVersion>5.0.0.0</IntroducedVersion>
  <LocalizedNames>
    <LocalizedName description="Client Lookup View" languagecode="1033" />
  </LocalizedNames>
</savedquery>