﻿<?xml version="1.0" encoding="utf-8"?>
<savedquery>
  <IsCustomizable>1</IsCustomizable>
  <CanBeDeleted>0</CanBeDeleted>
  <isquickfindquery>0</isquickfindquery>
  <isprivate>0</isprivate>
  <isdefault>0</isdefault>
  <returnedtypecode>10071</returnedtypecode>
  <savedqueryid>{32e80bb7-be93-45bb-b2ac-28b31a0b7b71}</savedqueryid>
  <layoutxml>
    <grid name="resultset" object="10071" jump="nwm_name" select="1" icon="1" preview="1">
      <row name="result" id="nwm_clientaccessrequestid">
        <cell name="nwm_client" width="100" />
        <cell name="nwm_user" width="100" />
        <cell name="nwm_coveragerole" width="100" />
        <cell name="statuscode" width="100" />
        <cell name="nwm_approver" width="100" />
      </row>
    </grid>
  </layoutxml>
  <querytype>0</querytype>
  <fetchxml>
    <fetch version="1.0" mapping="logical">
      <entity name="nwm_clientaccessrequest">
        <order attribute="nwm_approver" descending="false" />
        <filter type="and">
          <condition attribute="statecode" operator="eq" value="1" />
        </filter>
        <attribute name="nwm_user" />
        <attribute name="statuscode" />
        <attribute name="nwm_coveragerole" />
        <attribute name="nwm_client" />
        <attribute name="nwm_approver" />
        <attribute name="nwm_clientaccessrequestid" />
      </entity>
    </fetch>
  </fetchxml>
  <IntroducedVersion>0.0.0.1</IntroducedVersion>
  <LocalizedNames>
    <LocalizedName description="Closed Client Access Requests" languagecode="1033" />
  </LocalizedNames>
</savedquery>