﻿<?xml version="1.0" encoding="utf-8"?>
<savedquery>
  <IsCustomizable>1</IsCustomizable>
  <CanBeDeleted>1</CanBeDeleted>
  <isquickfindquery>0</isquickfindquery>
  <isprivate>0</isprivate>
  <isdefault>0</isdefault>
  <returnedtypecode>10071</returnedtypecode>
  <savedqueryid>{559239bb-ede9-e611-80d6-1458d0431600}</savedqueryid>
  <layoutxml>
    <grid name="resultset" object="10071" jump="nwm_name" select="1" preview="1" icon="1">
      <row name="result" id="nwm_clientaccessrequestid">
        <cell name="nwm_client" width="100" />
        <cell name="nwm_user" width="100" />
        <cell name="nwm_coveragerole" width="100" />
        <cell name="statuscode" width="100" />
        <cell name="createdby" width="100" />
        <cell name="modifiedon" width="100" />
      </row>
    </grid>
  </layoutxml>
  <querytype>0</querytype>
  <fetchxml>
    <fetch version="1.0" output-format="xml-platform" mapping="logical" distinct="false">
      <entity name="nwm_clientaccessrequest">
        <order attribute="nwm_client" descending="false" />
        <filter type="and">
          <condition attribute="statuscode" operator="eq" value="100000000" />
        </filter>
        <attribute name="nwm_user" />
        <attribute name="statuscode" />
        <attribute name="modifiedon" />
        <attribute name="nwm_coveragerole" />
        <attribute name="nwm_client" />
        <attribute name="createdby" />
        <attribute name="nwm_clientaccessrequestid" />
      </entity>
    </fetch>
  </fetchxml>
  <IntroducedVersion>0.0.0.1</IntroducedVersion>
  <LocalizedNames>
    <LocalizedName description="Submitted Client Access Request" languagecode="1033" />
  </LocalizedNames>
  <Descriptions>
    <Description description="List of all the submitted Client Access Request" languagecode="1033" />
  </Descriptions>
</savedquery>