﻿<?xml version="1.0" encoding="utf-8"?>
<savedquery>
  <IsCustomizable>1</IsCustomizable>
  <CanBeDeleted>1</CanBeDeleted>
  <isquickfindquery>0</isquickfindquery>
  <isprivate>0</isprivate>
  <isdefault>0</isdefault>
  <returnedtypecode>10071</returnedtypecode>
  <savedqueryid>{b80ce097-60e8-e611-80d6-3863bb35ff48}</savedqueryid>
  <layoutxml>
    <grid name="resultset" object="10071" jump="nwm_name" select="1" preview="1" icon="1">
      <row name="result" id="nwm_clientaccessrequestid">
        <cell name="statuscode" width="100" />
        <cell name="nwm_client" width="100" />
        <cell name="nwm_user" width="100" />
        <cell name="nwm_coveragerole" width="100" />
        <cell name="nwm_requesttype" width="100" />
        <cell name="nwm_comment" width="100" disableSorting="1" />
        <cell name="nwm_approver" width="100" />
      </row>
    </grid>
  </layoutxml>
  <querytype>0</querytype>
  <fetchxml>
    <fetch version="1.0" output-format="xml-platform" mapping="logical" distinct="false">
      <entity name="nwm_clientaccessrequest">
        <attribute name="nwm_user" />
        <attribute name="statuscode" />
        <attribute name="nwm_requesttype" />
        <attribute name="nwm_coveragerole" />
        <attribute name="nwm_comment" />
        <attribute name="nwm_client" />
        <attribute name="nwm_approver" />
        <order attribute="nwm_approver" descending="false" />
        <filter type="and">
          <filter type="and">
            <condition attribute="ownerid" operator="eq-userid" />
            <condition attribute="statecode" operator="eq" value="0" />
          </filter>
        </filter>
        <attribute name="nwm_clientaccessrequestid" />
      </entity>
    </fetch>
  </fetchxml>
  <IntroducedVersion>0.0.0.1</IntroducedVersion>
  <LocalizedNames>
    <LocalizedName description="My Client Access requests" languagecode="1033" />
  </LocalizedNames>
  <Descriptions>
    <Description description="My Client Access requests" languagecode="1033" />
  </Descriptions>
</savedquery>