﻿<?xml version="1.0" encoding="utf-8"?>
<savedquery>
  <IsCustomizable>1</IsCustomizable>
  <CanBeDeleted>0</CanBeDeleted>
  <isquickfindquery>0</isquickfindquery>
  <isprivate>0</isprivate>
  <isdefault>1</isdefault>
  <returnedtypecode>10071</returnedtypecode>
  <savedqueryid>{c3528d51-09a2-4f32-9e3a-7e054aa0b66d}</savedqueryid>
  <layoutxml>
    <grid name="" object="10071" jump="nwm_name" select="1" icon="1" preview="0">
      <row name="nwm_clientaccessrequest" id="nwm_clientaccessrequestid">
        <cell name="nwm_name" width="300" />
        <cell name="nwm_client" width="100" />
        <cell name="nwm_user" width="100" />
        <cell name="nwm_coveragerole" width="100" />
        <cell name="statuscode" width="100" />
        <cell name="nwm_approver" width="100" />
      </row>
    </grid>
  </layoutxml>
  <querytype>64</querytype>
  <fetchxml>
    <fetch version="1.0" mapping="logical">
      <entity name="nwm_clientaccessrequest">
        <attribute name="nwm_clientaccessrequestid" />
        <attribute name="nwm_name" />
        <filter type="and">
          <condition attribute="statecode" operator="eq" value="0" />
        </filter>
        <order attribute="nwm_name" descending="false" />
        <attribute name="nwm_user" />
        <attribute name="statuscode" />
        <attribute name="nwm_coveragerole" />
        <attribute name="nwm_client" />
        <attribute name="nwm_approver" />
      </entity>
    </fetch>
  </fetchxml>
  <IntroducedVersion>0.0.0.1</IntroducedVersion>
  <LocalizedNames>
    <LocalizedName description="Client Access Request Lookup View" languagecode="1033" />
  </LocalizedNames>
</savedquery>