﻿<?xml version="1.0" encoding="utf-8"?>
<savedquery>
  <IsCustomizable>1</IsCustomizable>
  <CanBeDeleted>0</CanBeDeleted>
  <isquickfindquery>0</isquickfindquery>
  <isprivate>0</isprivate>
  <isdefault>1</isdefault>
  <returnedtypecode>10071</returnedtypecode>
  <savedqueryid>{ddadd7a5-14eb-4116-9a0c-9c43f0b817e0}</savedqueryid>
  <layoutxml>
    <grid name="resultset" object="10071" jump="nwm_name" select="1" icon="1" preview="1">
      <row name="result" id="nwm_clientaccessrequestid">
        <cell name="nwm_client" width="100" />
        <cell name="nwm_user" width="100" />
        <cell name="nwm_coveragerole" width="100" />
        <cell name="statuscode" width="100" />
        <cell name="nwm_approver" width="100" />
        <cell name="modifiedon" width="100" />
      </row>
    </grid>
  </layoutxml>
  <querytype>0</querytype>
  <fetchxml>
    <fetch version="1.0" mapping="logical">
      <entity name="nwm_clientaccessrequest">
        <order attribute="modifiedon" descending="true" />
        <order attribute="nwm_user" descending="false" />
        <filter type="and">
          <condition attribute="statecode" operator="eq" value="0" />
        </filter>
        <attribute name="nwm_user" />
        <attribute name="statuscode" />
        <attribute name="nwm_coveragerole" />
        <attribute name="nwm_client" />
        <attribute name="nwm_approver" />
        <attribute name="modifiedon" />
        <attribute name="nwm_clientaccessrequestid" />
      </entity>
    </fetch>
  </fetchxml>
  <IntroducedVersion>0.0.0.1</IntroducedVersion>
  <LocalizedNames>
    <LocalizedName description="Open Client Access Requests" languagecode="1033" />
  </LocalizedNames>
</savedquery>