<environmentvariabledefinition schemaname="lcc_BankAccountValidationURL">
  <defaultvalue>https://api.addressy.com/BankAccountValidation/Interactive/Validate/v2.00/json3.ws</defaultvalue>
  <description default="The Loqate Service URL for bank account validation.">
    <label description="The Loqate Service URL for bank account validation." languagecode="1033" />
  </description>
  <displayname default="BankAccountValidationURL">
    <label description="BankAccountValidationURL" languagecode="1033" />
  </displayname>
  <introducedversion>1.0.0.0</introducedversion>
  <iscustomizable>1</iscustomizable>
  <isrequired>0</isrequired>
  <secretstore>0</secretstore>
  <type>100000000</type>
</environmentvariabledefinition>