﻿<?xml version="1.0" encoding="utf-8"?>
<systemform>
  <formid>{114addee-196f-4625-9308-9940355ba4fa}</formid>
  <IntroducedVersion>0.0.0.0</IntroducedVersion>
  <FormPresentation>1</FormPresentation>
  <FormActivationState>1</FormActivationState>
  <form>
    <tabs>
      <tab verticallayout="true" id="{674110dd-6af3-4a44-88a6-4aecf727c832}" IsUserDefined="1">
        <labels>
          <label description="General" languagecode="1033" />
        </labels>
        <columns>
          <column width="100%">
            <sections>
              <section showlabel="false" showbar="false" IsUserDefined="0" id="{4a315358-e19a-4d49-93db-d48dcc8c5070}">
                <labels>
                  <label description="General" languagecode="1033" />
                </labels>
                <rows>
                  <row>
                    <cell id="{2b3d88b7-11c1-4e6f-b2c6-07273c3051ae}">
                      <labels>
                        <label description="Record Type Name" languagecode="1033" />
                      </labels>
                      <control id="rbs_name" classid="{4273EDBD-AC1D-40d3-9FB2-095C621B552D}" datafieldname="rbs_name" />
                    </cell>
                  </row>
                  <row>
                    <cell id="{4121a396-6b6b-ca64-20dd-93aa630141a5}" showlabel="true" locklevel="0">
                      <labels>
                        <label description="Record Class" languagecode="1033" />
                      </labels>
                      <control id="rbs_recordclass" classid="{270BD3DB-D9AF-4782-9025-509E298DEC0A}" datafieldname="rbs_recordclass" disabled="false" />
                    </cell>
                  </row>
                  <row>
                    <cell id="{ea603a5b-d7cc-4e00-818d-3e5ce8adbae4}">
                      <labels>
                        <label description="Owner" languagecode="1033" />
                      </labels>
                      <control id="ownerid" classid="{270BD3DB-D9AF-4782-9025-509E298DEC0A}" datafieldname="ownerid" />
                    </cell>
                  </row>
                </rows>
              </section>
            </sections>
          </column>
        </columns>
      </tab>
    </tabs>
    <Navigation>
      <NavBar></NavBar>
      <NavBarAreas>
        <NavBarArea Id="Info">
          <Titles>
            <Title LCID="1033" Text="Common" />
          </Titles>
        </NavBarArea>
        <NavBarArea Id="Sales">
          <Titles>
            <Title LCID="1033" Text="Sales" />
          </Titles>
        </NavBarArea>
        <NavBarArea Id="Service">
          <Titles>
            <Title LCID="1033" Text="Service" />
          </Titles>
        </NavBarArea>
        <NavBarArea Id="Marketing">
          <Titles>
            <Title LCID="1033" Text="Marketing" />
          </Titles>
        </NavBarArea>
        <NavBarArea Id="ProcessCenter">
          <Titles>
            <Title LCID="1033" Text="Process Sessions" />
          </Titles>
        </NavBarArea>
      </NavBarAreas>
    </Navigation>
  </form>
  <IsCustomizable>1</IsCustomizable>
  <CanBeDeleted>1</CanBeDeleted>
  <LocalizedNames>
    <LocalizedName description="Information" languagecode="1033" />
  </LocalizedNames>
  <Descriptions>
    <Description description="A form for this entity." languagecode="1033" />
  </Descriptions>
</systemform>