<?xml version="1.0" encoding="utf-8"?>
<forms xmlns:xsi="http://www.w3.org/2001/XMLSchema-instance">
  <systemform>
    <formid>{6dd66d48-bb8d-4c17-840c-20ea73495d20}</formid>
    <IntroducedVersion>1.0</IntroducedVersion>
    <FormPresentation>1</FormPresentation>
    <FormActivationState>1</FormActivationState>
    <form
      headerdensity="HighWithControls">
      <tabs>
        <tab
          verticallayout="true"
          id="{039ec938-26d0-4b59-b66d-d09e9dc08d1d}"
          IsUserDefined="1">
          <labels>
            <label
              description="General"
              languagecode="1033" />
            <label
              description="Umum"
              languagecode="1086" />
          </labels>
          <columns>
            <column
              width="50%">
              <sections>
                <section
                  showlabel="false"
                  showbar="false"
                  IsUserDefined="0"
                  id="{a339637b-3bbe-482f-b711-708aad277a6d}">
                  <labels>
                    <label
                      description="General"
                      languagecode="1033" />
                    <label
                      description="Umum"
                      languagecode="1086" />
                  </labels>
                  <rows>
                    <row>
                      <cell
                        id="{93e9ac3b-03c4-4073-9b2b-02ee5e5fc585}">
                        <labels>
                          <label
                            description=""
                            languagecode="1033" />
                        </labels>
                        <control
                          id="rhm_name"
                          classid="{4273EDBD-AC1D-40d3-9FB2-095C621B552D}"
                          datafieldname="rhm_name" />
                      </cell>
                    </row>
                    <row>
                      <cell
                        id="{03c1d34a-48cf-4fc7-826f-7be7011d4d1c}"
                        locklevel="0"
                        colspan="1"
                        rowspan="1">
                        <labels>
                          <label
                            description=""
                            languagecode="1033" />
                        </labels>
                        <control
                          id="rhm_wcnnumber"
                          classid="{C6D124CA-7EDA-4A60-AEA9-7FB8D318B68F}"
                          datafieldname="rhm_wcnnumber"
                          disabled="false" />
                      </cell>
                    </row>
                    <row>
                      <cell
                        id="{a71674d6-e26e-4e2e-9ce7-3dfb483b07d2}">
                        <labels>
                          <label
                            description=""
                            languagecode="1033" />
                        </labels>
                        <control
                          id="ownerid"
                          classid="{270BD3DB-D9AF-4782-9025-509E298DEC0A}"
                          datafieldname="ownerid" />
                      </cell>
                    </row>
                  </rows>
                </section>
              </sections>
            </column>
            <column
              width="50%">
              <sections>
                <section
                  name="_section_838"
                  id="34b8856a-2b45-43d5-8760-4b4e78d4f8dd"
                  IsUserDefined="0"
                  locklevel="0"
                  showlabel="false"
                  showbar="false"
                  layout="varwidth"
                  celllabelalignment="Left"
                  celllabelposition="Left"
                  columns="1"
                  labelwidth="115">
                  <labels>
                    <label
                      description="New Section"
                      languagecode="1033" />
                  </labels>
                  <rows>
                    <row>
                      <cell
                        showlabel="false"
                        locklevel="0"
                        id="{9ec14d55-38fc-4dc4-af1b-816ed7dac165}">
                        <labels>
                          <label
                            description=""
                            languagecode="1033" />
                        </labels>
                      </cell>
                    </row>
                    <row>
                      <cell
                        id="{38a0bb53-08f4-4326-93ef-dcc02c12f8be}"
                        locklevel="0"
                        colspan="1"
                        rowspan="1">
                        <labels>
                          <label
                            description=""
                            languagecode="1033" />
                        </labels>
                        <control
                          id="rhm_laboramount"
                          classid="{533B9E00-756B-4312-95A0-DC888637AC78}"
                          datafieldname="rhm_laboramount"
                          disabled="false" />
                      </cell>
                    </row>
                    <row>
                      <cell
                        id="{fc6fb52f-deb6-43cd-b75d-b86ee7b7b779}"
                        locklevel="0"
                        colspan="1"
                        rowspan="1">
                        <labels>
                          <label
                            description=""
                            languagecode="1033" />
                        </labels>
                        <control
                          id="rhm_additionallaboramount"
                          classid="{533B9E00-756B-4312-95A0-DC888637AC78}"
                          datafieldname="rhm_additionallaboramount"
                          disabled="false" />
                      </cell>
                    </row>
                    <row>
                      <cell
                        id="{9a96190c-48cc-4141-9cff-093cdc20e08c}"
                        locklevel="0"
                        colspan="1"
                        rowspan="1">
                        <labels>
                          <label
                            description=""
                            languagecode="1033" />
                        </labels>
                        <control
                          id="rhm_travelamount"
                          classid="{533B9E00-756B-4312-95A0-DC888637AC78}"
                          datafieldname="rhm_travelamount"
                          disabled="false" />
                      </cell>
                    </row>
                    <row>
                      <cell
                        id="{ccc75197-af78-4fd5-9415-5e553fba9d3a}"
                        locklevel="0"
                        colspan="1"
                        rowspan="1">
                        <labels>
                          <label
                            description=""
                            languagecode="1033" />
                        </labels>
                        <control
                          id="rhm_otheramount"
                          classid="{533B9E00-756B-4312-95A0-DC888637AC78}"
                          datafieldname="rhm_otheramount"
                          disabled="false" />
                      </cell>
                    </row>
                    <row>
                      <cell
                        id="{cf14c1e8-1d54-4962-a974-dd3d110330d3}"
                        locklevel="0"
                        colspan="1"
                        rowspan="1">
                        <labels>
                          <label
                            description=""
                            languagecode="1033" />
                        </labels>
                        <control
                          id="rhm_partamount"
                          classid="{533B9E00-756B-4312-95A0-DC888637AC78}"
                          datafieldname="rhm_partamount"
                          disabled="false" />
                      </cell>
                    </row>
                  </rows>
                </section>
              </sections>
            </column>
          </columns>
        </tab>
      </tabs>
      <header
        id="{e887a02f-3eee-4ad1-a099-3afb96b3ba8f}"
        celllabelposition="Top"
        columns="111"
        labelwidth="115"
        celllabelalignment="Left">
        <rows>
          <row>
            <cell
              id="{60b18674-fc25-4122-b294-bdc62ced46ba}"
              showlabel="false">
              <labels>
                <label
                  description=""
                  languagecode="1033" />
              </labels>
            </cell>
            <cell
              id="{34a39a4a-ee4e-4d4e-9b75-7a4be4cfefbf}"
              showlabel="false">
              <labels>
                <label
                  description=""
                  languagecode="1033" />
              </labels>
            </cell>
            <cell
              id="{86786099-4608-4422-bac3-9113ee5c5093}"
              showlabel="false">
              <labels>
                <label
                  description=""
                  languagecode="1033" />
              </labels>
            </cell>
          </row>
        </rows>
      </header>
      <footer
        id="{85794c75-f4aa-4e45-9a30-2169dde87933}"
        celllabelposition="Top"
        columns="111"
        labelwidth="115"
        celllabelalignment="Left">
        <rows>
          <row>
            <cell
              id="{e1a89150-d2bb-4783-b784-20e39a18b837}"
              showlabel="false">
              <labels>
                <label
                  description=""
                  languagecode="1033" />
              </labels>
            </cell>
            <cell
              id="{5465cf8e-6638-4c9b-92a7-e8b3fd1a5e64}"
              showlabel="false">
              <labels>
                <label
                  description=""
                  languagecode="1033" />
              </labels>
            </cell>
            <cell
              id="{b9d4b3a8-d8fa-4d0c-8387-11afb6283a6e}"
              showlabel="false">
              <labels>
                <label
                  description=""
                  languagecode="1033" />
              </labels>
            </cell>
          </row>
        </rows>
      </footer>
      <DisplayConditions
        Order="0"
        FallbackForm="true">
        <Everyone />
      </DisplayConditions>
    </form>
    <IsCustomizable>1</IsCustomizable>
    <CanBeDeleted>1</CanBeDeleted>
    <LocalizedNames>
      <LocalizedName
        description="Information"
        languagecode="1033" />
    </LocalizedNames>
    <Descriptions>
      <Description
        description="A form for this entity."
        languagecode="1033" />
    </Descriptions>
  </systemform>
</forms>