﻿<?xml version="1.0" encoding="utf-8"?>
<ImportExportXml version="8.2.0002.1259" SolutionPackageVersion="8.2" languagecode="1033" generatedBy="CrmLive" xmlns:xsi="http://www.w3.org/2001/XMLSchema-instance">
  <SolutionManifest>
    <UniqueName>DESCrmCoreSanitizeData</UniqueName>
    <LocalizedNames>
      <LocalizedName description="DES.Crm.Core.SanitizeData" languagecode="1033" />
    </LocalizedNames>
    <Descriptions />
    <Version>1.0.0.0</Version>
    <Managed>0</Managed>
    <Publisher>
      <UniqueName>rbs</UniqueName>
      <LocalizedNames>
        <LocalizedName description="RBS" languagecode="1033" />
      </LocalizedNames>
      <Descriptions />
      <EMailAddress xsi:nil="true"></EMailAddress>
      <SupportingWebsiteUrl xsi:nil="true"></SupportingWebsiteUrl>
      <CustomizationPrefix>rbs</CustomizationPrefix>
      <CustomizationOptionValuePrefix>85977</CustomizationOptionValuePrefix>
      <Addresses>
        <Address>
          <AddressNumber>1</AddressNumber>
          <AddressTypeCode>1</AddressTypeCode>
          <City xsi:nil="true"></City>
          <County xsi:nil="true"></County>
          <Country xsi:nil="true"></Country>
          <Fax xsi:nil="true"></Fax>
          <FreightTermsCode xsi:nil="true"></FreightTermsCode>
          <ImportSequenceNumber xsi:nil="true"></ImportSequenceNumber>
          <Latitude xsi:nil="true"></Latitude>
          <Line1 xsi:nil="true"></Line1>
          <Line2 xsi:nil="true"></Line2>
          <Line3 xsi:nil="true"></Line3>
          <Longitude xsi:nil="true"></Longitude>
          <Name xsi:nil="true"></Name>
          <PostalCode xsi:nil="true"></PostalCode>
          <PostOfficeBox xsi:nil="true"></PostOfficeBox>
          <PrimaryContactName xsi:nil="true"></PrimaryContactName>
          <ShippingMethodCode>1</ShippingMethodCode>
          <StateOrProvince xsi:nil="true"></StateOrProvince>
          <Telephone1 xsi:nil="true"></Telephone1>
          <Telephone2 xsi:nil="true"></Telephone2>
          <Telephone3 xsi:nil="true"></Telephone3>
          <TimeZoneRuleVersionNumber xsi:nil="true"></TimeZoneRuleVersionNumber>
          <UPSZone xsi:nil="true"></UPSZone>
          <UTCOffset xsi:nil="true"></UTCOffset>
          <UTCConversionTimeZoneCode xsi:nil="true"></UTCConversionTimeZoneCode>
        </Address>
        <Address>
          <AddressNumber>2</AddressNumber>
          <AddressTypeCode>1</AddressTypeCode>
          <City xsi:nil="true"></City>
          <County xsi:nil="true"></County>
          <Country xsi:nil="true"></Country>
          <Fax xsi:nil="true"></Fax>
          <FreightTermsCode xsi:nil="true"></FreightTermsCode>
          <ImportSequenceNumber xsi:nil="true"></ImportSequenceNumber>
          <Latitude xsi:nil="true"></Latitude>
          <Line1 xsi:nil="true"></Line1>
          <Line2 xsi:nil="true"></Line2>
          <Line3 xsi:nil="true"></Line3>
          <Longitude xsi:nil="true"></Longitude>
          <Name xsi:nil="true"></Name>
          <PostalCode xsi:nil="true"></PostalCode>
          <PostOfficeBox xsi:nil="true"></PostOfficeBox>
          <PrimaryContactName xsi:nil="true"></PrimaryContactName>
          <ShippingMethodCode>1</ShippingMethodCode>
          <StateOrProvince xsi:nil="true"></StateOrProvince>
          <Telephone1 xsi:nil="true"></Telephone1>
          <Telephone2 xsi:nil="true"></Telephone2>
          <Telephone3 xsi:nil="true"></Telephone3>
          <TimeZoneRuleVersionNumber xsi:nil="true"></TimeZoneRuleVersionNumber>
          <UPSZone xsi:nil="true"></UPSZone>
          <UTCOffset xsi:nil="true"></UTCOffset>
          <UTCConversionTimeZoneCode xsi:nil="true"></UTCConversionTimeZoneCode>
        </Address>
      </Addresses>
    </Publisher>
    <RootComponents>
      <RootComponent type="29" id="{7aac6a6f-d997-4420-9d30-4a2abb42354a}" behavior="0" />
      <RootComponent type="29" id="{80c18178-383f-4ed9-b8d0-59e366479e45}" behavior="0" />
      <RootComponent type="29" id="{938ee892-1f65-4ab0-b357-2f5c2d7f519f}" behavior="0" />
      <RootComponent type="29" id="{9710b2f3-901a-4acc-a439-395f84006306}" behavior="0" />
      <RootComponent type="29" id="{9e494bcf-9762-43fc-ace0-db171a229fe0}" behavior="0" />
      <RootComponent type="29" id="{dec68f3f-1712-4f5d-9aec-4652e176a015}" behavior="0" />
      <RootComponent type="91" schemaName="DES.Crm.Core.SanitizeData.Workflows, Version=1.3.0.0, Culture=neutral, PublicKeyToken=bbae4e6e6fe09f24" behavior="0" />
    </RootComponents>
    <MissingDependencies>
      <MissingDependency>
        <Required key="0" type="1" schemaName="rbsm_configurationsetting" displayName="Configuration Setting" solution="Active" />
        <Dependent key="1" type="29" displayName="Sanitize Customer Data Action" id="{7aac6a6f-d997-4420-9d30-4a2abb42354a}" />
      </MissingDependency>
      <MissingDependency>
        <Required key="0" type="1" schemaName="rbsm_configurationsetting" displayName="Configuration Setting" solution="Active" />
        <Dependent key="2" type="29" displayName="Sanitize Case Data Action" id="{9710b2f3-901a-4acc-a439-395f84006306}" />
      </MissingDependency>
      <MissingDependency>
        <Required key="0" type="1" schemaName="rbsm_configurationsetting" displayName="Configuration Setting" solution="Active" />
        <Dependent key="3" type="29" displayName="Sanitize Phone Call Data" id="{9e494bcf-9762-43fc-ace0-db171a229fe0}" />
      </MissingDependency>
      <MissingDependency>
        <Required key="0" type="1" schemaName="rbsm_configurationsetting" displayName="Configuration Setting" solution="Active" />
        <Dependent key="4" type="29" displayName="Sanitize Customer Data" id="{938ee892-1f65-4ab0-b357-2f5c2d7f519f}" />
      </MissingDependency>
      <MissingDependency>
        <Required key="0" type="1" schemaName="rbsm_configurationsetting" displayName="Configuration Setting" solution="Active" />
        <Dependent key="5" type="29" displayName="Sanitize Case Data" id="{dec68f3f-1712-4f5d-9aec-4652e176a015}" />
      </MissingDependency>
      <MissingDependency>
        <Required key="0" type="1" schemaName="rbsm_configurationsetting" displayName="Configuration Setting" solution="Active" />
        <Dependent key="6" type="29" displayName="Sanitize Phone Call Data Action" id="{80c18178-383f-4ed9-b8d0-59e366479e45}" />
      </MissingDependency>
      <MissingDependency>
        <Required key="7" type="2" schemaName="rbs_contact" displayName="Contact" parentSchemaName="phonecall" parentDisplayName="Phone Call" solution="Active" />
        <Dependent key="6" type="29" displayName="Sanitize Phone Call Data Action" id="{80c18178-383f-4ed9-b8d0-59e366479e45}" />
      </MissingDependency>
      <MissingDependency>
        <Required key="8" type="2" schemaName="rbsm_key" displayName="Key" parentSchemaName="rbsm_configurationsetting" parentDisplayName="Configuration Setting" solution="Active" />
        <Dependent key="6" type="29" displayName="Sanitize Phone Call Data Action" id="{80c18178-383f-4ed9-b8d0-59e366479e45}" />
      </MissingDependency>
      <MissingDependency>
        <Required key="9" type="2" schemaName="rbsm_configurationsettingid" displayName="Configuration Setting" parentSchemaName="rbsm_configurationsetting" parentDisplayName="Configuration Setting" solution="Active" />
        <Dependent key="6" type="29" displayName="Sanitize Phone Call Data Action" id="{80c18178-383f-4ed9-b8d0-59e366479e45}" />
      </MissingDependency>
      <MissingDependency>
        <Required key="8" type="2" schemaName="rbsm_key" displayName="Key" parentSchemaName="rbsm_configurationsetting" parentDisplayName="Configuration Setting" solution="Active" />
        <Dependent key="4" type="29" displayName="Sanitize Customer Data" id="{938ee892-1f65-4ab0-b357-2f5c2d7f519f}" />
      </MissingDependency>
      <MissingDependency>
        <Required key="9" type="2" schemaName="rbsm_configurationsettingid" displayName="Configuration Setting" parentSchemaName="rbsm_configurationsetting" parentDisplayName="Configuration Setting" solution="Active" />
        <Dependent key="4" type="29" displayName="Sanitize Customer Data" id="{938ee892-1f65-4ab0-b357-2f5c2d7f519f}" />
      </MissingDependency>
      <MissingDependency>
        <Required key="9" type="2" schemaName="rbsm_configurationsettingid" displayName="Configuration Setting" parentSchemaName="rbsm_configurationsetting" parentDisplayName="Configuration Setting" solution="Active" />
        <Dependent key="5" type="29" displayName="Sanitize Case Data" id="{dec68f3f-1712-4f5d-9aec-4652e176a015}" />
      </MissingDependency>
      <MissingDependency>
        <Required key="8" type="2" schemaName="rbsm_key" displayName="Key" parentSchemaName="rbsm_configurationsetting" parentDisplayName="Configuration Setting" solution="Active" />
        <Dependent key="5" type="29" displayName="Sanitize Case Data" id="{dec68f3f-1712-4f5d-9aec-4652e176a015}" />
      </MissingDependency>
      <MissingDependency>
        <Required key="9" type="2" schemaName="rbsm_configurationsettingid" displayName="Configuration Setting" parentSchemaName="rbsm_configurationsetting" parentDisplayName="Configuration Setting" solution="Active" />
        <Dependent key="3" type="29" displayName="Sanitize Phone Call Data" id="{9e494bcf-9762-43fc-ace0-db171a229fe0}" />
      </MissingDependency>
      <MissingDependency>
        <Required key="9" type="2" schemaName="rbsm_configurationsettingid" displayName="Configuration Setting" parentSchemaName="rbsm_configurationsetting" parentDisplayName="Configuration Setting" solution="Active" />
        <Dependent key="2" type="29" displayName="Sanitize Case Data Action" id="{9710b2f3-901a-4acc-a439-395f84006306}" />
      </MissingDependency>
      <MissingDependency>
        <Required key="8" type="2" schemaName="rbsm_key" displayName="Key" parentSchemaName="rbsm_configurationsetting" parentDisplayName="Configuration Setting" solution="Active" />
        <Dependent key="2" type="29" displayName="Sanitize Case Data Action" id="{9710b2f3-901a-4acc-a439-395f84006306}" />
      </MissingDependency>
      <MissingDependency>
        <Required key="10" type="2" schemaName="rbs_customer_registration_number" displayName="Customer Registration Number" parentSchemaName="account" parentDisplayName="Customer" solution="Active" />
        <Dependent key="1" type="29" displayName="Sanitize Customer Data Action" id="{7aac6a6f-d997-4420-9d30-4a2abb42354a}" />
      </MissingDependency>
      <MissingDependency>
        <Required key="11" type="2" schemaName="rbs_cash_to_turnover" displayName="Cash to Turnover %" parentSchemaName="account" parentDisplayName="Customer" solution="Active" />
        <Dependent key="1" type="29" displayName="Sanitize Customer Data Action" id="{7aac6a6f-d997-4420-9d30-4a2abb42354a}" />
      </MissingDependency>
      <MissingDependency>
        <Required key="12" type="2" schemaName="rbs_custome_rid" displayName="CustomerID" parentSchemaName="account" parentDisplayName="Customer" solution="Active" />
        <Dependent key="1" type="29" displayName="Sanitize Customer Data Action" id="{7aac6a6f-d997-4420-9d30-4a2abb42354a}" />
      </MissingDependency>
      <MissingDependency>
        <Required key="8" type="2" schemaName="rbsm_key" displayName="Key" parentSchemaName="rbsm_configurationsetting" parentDisplayName="Configuration Setting" solution="Active" />
        <Dependent key="3" type="29" displayName="Sanitize Phone Call Data" id="{9e494bcf-9762-43fc-ace0-db171a229fe0}" />
      </MissingDependency>
      <MissingDependency>
        <Required key="13" type="2" schemaName="rbs_total_cash" displayName="Total Cash" parentSchemaName="account" parentDisplayName="Customer" solution="Active" />
        <Dependent key="1" type="29" displayName="Sanitize Customer Data Action" id="{7aac6a6f-d997-4420-9d30-4a2abb42354a}" />
      </MissingDependency>
      <MissingDependency>
        <Required key="14" type="2" schemaName="rbs_est_cr_turnover" displayName="Est CR Turnover" parentSchemaName="account" parentDisplayName="Customer" solution="Active" />
        <Dependent key="1" type="29" displayName="Sanitize Customer Data Action" id="{7aac6a6f-d997-4420-9d30-4a2abb42354a}" />
      </MissingDependency>
      <MissingDependency>
        <Required key="8" type="2" schemaName="rbsm_key" displayName="Key" parentSchemaName="rbsm_configurationsetting" parentDisplayName="Configuration Setting" solution="Active" />
        <Dependent key="1" type="29" displayName="Sanitize Customer Data Action" id="{7aac6a6f-d997-4420-9d30-4a2abb42354a}" />
      </MissingDependency>
      <MissingDependency>
        <Required key="9" type="2" schemaName="rbsm_configurationsettingid" displayName="Configuration Setting" parentSchemaName="rbsm_configurationsetting" parentDisplayName="Configuration Setting" solution="Active" />
        <Dependent key="1" type="29" displayName="Sanitize Customer Data Action" id="{7aac6a6f-d997-4420-9d30-4a2abb42354a}" />
      </MissingDependency>
    </MissingDependencies>
  </SolutionManifest>
</ImportExportXml>