<?xml version="1.0" encoding="utf-8"?>
<RibbonDiffXml xmlns:xsi="http://www.w3.org/2001/XMLSchema-instance">
  <CustomActions>
    <CustomAction
      Id="rhm.new.rhm_productserialnumber.Button2.Button.CustomAction"
      Location="Mscrm.SubGrid.rhm_productserialnumber.MainTab.Management.Controls._children"
      Sequence="45">
      <CommandUIDefinition>
        <Button
          Command="new.rhm_productserialnumber.Command2.Command"
          Id="new.rhm_productserialnumber.Button2.Button"
          LabelText="$LocLabels:new.rhm_productserialnumber.Button2.Button.LabelText"
          Sequence="45"
          TemplateAlias="o1" />
      </CommandUIDefinition>
    </CustomAction>
    <CustomAction
      Id="rhm.rhm_productserialnumber.CustomButton.GetClaims.CustomAction"
      Location="Mscrm.Form.rhm_productserialnumber.MainTab.Save.Controls._children"
      Sequence="48">
      <CommandUIDefinition>
        <Button
          Command="rhm.rhm_productserialnumber.CustomCommand.GetClaims"
          Id="rhm.rhm_productserialnumber.CustomButton.GetClaims"
          LabelText="$LocLabels:rhm.rhm_productserialnumber.CustomButton.GetClaims.LabelText"
          Sequence="48"
          TemplateAlias="o2"
          ToolTipTitle="$LocLabels:rhm.rhm_productserialnumber.CustomButton.GetClaims.ToolTipTitle"
          ToolTipDescription="$LocLabels:rhm.rhm_productserialnumber.CustomButton.GetClaims.ToolTipDescription" />
      </CommandUIDefinition>
    </CustomAction>
    <CustomAction
      Id="rhm.rhm_productserialnumber.CustomButton.PartOrder.CustomAction"
      Location="Mscrm.Form.rhm_productserialnumber.MainTab.Save.Controls._children"
      Sequence="45">
      <CommandUIDefinition>
        <Button
          Command="rhm.rhm_productserialnumber.CustomCommand.PartOrder"
          Id="rhm.rhm_productserialnumber.CustomButton.PartOrder"
          Image32by32="/_imgs/ribbon/newrecord32.png"
          Image16by16="/_imgs/ribbon/NewRecord_16.png"
          LabelText="$LocLabels:rhm.rhm_productserialnumber.CustomButton.PartOrder.LabelText"
          Sequence="45"
          TemplateAlias="o2"
          ToolTipTitle="$LocLabels:rhm.rhm_productserialnumber.CustomButton.PartOrder.ToolTipTitle"
          ToolTipDescription="$LocLabels:rhm.rhm_productserialnumber.CustomButton.PartOrder.ToolTipDescription" />
      </CommandUIDefinition>
    </CustomAction>
    <CustomAction
      Id="rhm.rhm_productserialnumber.ShowWarrantyCertificate.Button.CustomAction"
      Location="Mscrm.Form.rhm_productserialnumber.MainTab.Save.Controls._children"
      Sequence="49">
      <CommandUIDefinition>
        <Button
          Command="rhm.rhm_productserialnumber.ShowWarrantyCertificate.Command"
          Id="rhm.rhm_productserialnumber.ShowWarrantyCertificate.Button"
          LabelText="$LocLabels:rhm.rhm_productserialnumber.ShowWarrantyCertificate.Button.LabelText"
          Sequence="49"
          TemplateAlias="o2"
          ToolTipTitle="$LocLabels:rhm.rhm_productserialnumber.ShowWarrantyCertificate.Button.ToolTipTitle"
          ToolTipDescription="$LocLabels:rhm.rhm_productserialnumber.ShowWarrantyCertificate.Button.ToolTipDescription"
          ModernImage="$webresource:msdyn_/Analytics/imgs/FieldServiceReportIcon.svg" />
      </CommandUIDefinition>
    </CustomAction>
  </CustomActions>
  <Templates>
    <RibbonTemplates
      Id="Mscrm.Templates"></RibbonTemplates>
  </Templates>
  <CommandDefinitions>
    <CommandDefinition
      Id="new.rhm_productserialnumber.Command2.Command">
      <EnableRules>
        <EnableRule
          Id="new.rhm_productserialnumber.EnableRule0.EnableRule" />
      </EnableRules>
      <DisplayRules />
      <Actions>
        <JavaScriptFunction
          FunctionName="Rheem.Jscripts.ProductSerialNumber_Ribbon.onClickOfGetClaimsSubgrid"
          Library="$webresource:rhm_/Scripts/ProductSerialNumber_Ribbon.js">
          <CrmParameter
            Value="SelectedControlSelectedItemIds" />
        </JavaScriptFunction>
      </Actions>
    </CommandDefinition>
    <CommandDefinition
      Id="rhm.rhm_productserialnumber.CustomCommand.GetClaims">
      <EnableRules />
      <DisplayRules>
        <DisplayRule
          Id="rhm.rhm_productserialnumber.CustomDisplayRule.GetClaims" />
      </DisplayRules>
      <Actions>
        <JavaScriptFunction
          FunctionName="Rheem.Jscripts.ProductSerialNumber_Ribbon.OnClickOfGetClaims"
          Library="$webresource:rhm_/Scripts/ProductSerialNumber_Ribbon.js">
          <CrmParameter
            Value="PrimaryControl" />
        </JavaScriptFunction>
      </Actions>
    </CommandDefinition>
    <CommandDefinition
      Id="rhm.rhm_productserialnumber.CustomCommand.PartOrder">
      <EnableRules />
      <DisplayRules>
        <DisplayRule
          Id="rhm.rhm_productserialnumber.CustomDisplayRule.PartOrder" />
      </DisplayRules>
      <Actions>
        <JavaScriptFunction
          FunctionName="Rheem.Jscripts.ProductSerialNumber_Ribbon.OnClickOfPartOrder"
          Library="$webresource:rhm_/Scripts/ProductSerialNumber_Ribbon.js">
          <CrmParameter
            Value="PrimaryControl" />
        </JavaScriptFunction>
      </Actions>
    </CommandDefinition>
    <CommandDefinition
      Id="rhm.rhm_productserialnumber.ShowWarrantyCertificate.Command">
      <EnableRules />
      <DisplayRules>
        <DisplayRule
          Id="rhm.rhm_productserialnumber.ShowWarrantyCertificate.DisplayRule" />
      </DisplayRules>
      <Actions>
        <JavaScriptFunction
          FunctionName="Rheem.Jscripts.ProductSerialNumber_Ribbon.ShowWarrantyCertificate"
          Library="$webresource:rhm_/Scripts/ProductSerialNumber_Ribbon.js">
          <CrmParameter
            Value="PrimaryControl" />
        </JavaScriptFunction>
      </Actions>
    </CommandDefinition>
  </CommandDefinitions>
  <RuleDefinitions>
    <TabDisplayRules />
    <DisplayRules>
      <DisplayRule
        Id="rhm.rhm_productserialnumber.CustomDisplayRule.GetClaims">
        <FormStateRule
          State="Existing"
          Default="true" />
      </DisplayRule>
      <DisplayRule
        Id="rhm.rhm_productserialnumber.CustomDisplayRule.PartOrder">
        <FormStateRule
          State="Existing"
          Default="true" />
      </DisplayRule>
      <DisplayRule
        Id="rhm.rhm_productserialnumber.ShowWarrantyCertificate.DisplayRule">
        <FormStateRule
          State="Existing"
          Default="true" />
      </DisplayRule>
    </DisplayRules>
    <EnableRules>
      <EnableRule
        Id="new.rhm_productserialnumber.EnableRule0.EnableRule">
        <SelectionCountRule
          Minimum="1"
          Maximum="1" />
      </EnableRule>
    </EnableRules>
  </RuleDefinitions>
  <LocLabels>
    <LocLabel
      Id="new.rhm_productserialnumber.Button2.Button.LabelText">
      <Titles>
        <Title
          description="Claims"
          languagecode="1033" />
      </Titles>
    </LocLabel>
    <LocLabel
      Id="rhm.rhm_productserialnumber.CustomButton.GetClaims.LabelText">
      <Titles>
        <Title
          description="Retrieve Claims"
          languagecode="1033" />
      </Titles>
    </LocLabel>
    <LocLabel
      Id="rhm.rhm_productserialnumber.CustomButton.GetClaims.ToolTipDescription">
      <Titles>
        <Title
          description="Retrieve Claims"
          languagecode="1033" />
      </Titles>
    </LocLabel>
    <LocLabel
      Id="rhm.rhm_productserialnumber.CustomButton.GetClaims.ToolTipTitle">
      <Titles>
        <Title
          description="Retrieve Claims"
          languagecode="1033" />
      </Titles>
    </LocLabel>
    <LocLabel
      Id="rhm.rhm_productserialnumber.CustomButton.PartOrder.LabelText">
      <Titles>
        <Title
          description="Add Part Order"
          languagecode="1033" />
      </Titles>
    </LocLabel>
    <LocLabel
      Id="rhm.rhm_productserialnumber.CustomButton.PartOrder.ToolTipDescription">
      <Titles>
        <Title
          description="Add Part Orders"
          languagecode="1033" />
      </Titles>
    </LocLabel>
    <LocLabel
      Id="rhm.rhm_productserialnumber.CustomButton.PartOrder.ToolTipTitle">
      <Titles>
        <Title
          description="Add Part Orders"
          languagecode="1033" />
      </Titles>
    </LocLabel>
    <LocLabel
      Id="rhm.rhm_productserialnumber.ShowWarrantyCertificate.Button.LabelText">
      <Titles>
        <Title
          description="Show Warranty Card"
          languagecode="1033" />
      </Titles>
    </LocLabel>
    <LocLabel
      Id="rhm.rhm_productserialnumber.ShowWarrantyCertificate.Button.ToolTipDescription">
      <Titles>
        <Title
          description="Show Warranty Card"
          languagecode="1033" />
      </Titles>
    </LocLabel>
    <LocLabel
      Id="rhm.rhm_productserialnumber.ShowWarrantyCertificate.Button.ToolTipTitle">
      <Titles>
        <Title
          description="Show Warranty Card"
          languagecode="1033" />
      </Titles>
    </LocLabel>
  </LocLabels>
</RibbonDiffXml>