<?xml version="1.0" encoding="utf-8"?>
<forms xmlns:xsi="http://www.w3.org/2001/XMLSchema-instance">
  <systemform>
    <formid>{58a7aadd-2a37-4b65-be02-c4074f46ccfb}</formid>
    <IntroducedVersion>1.0</IntroducedVersion>
    <FormPresentation>1</FormPresentation>
    <FormActivationState>1</FormActivationState>
    <form
      headerdensity="HighWithControls"
      shownavigationbar="true"
      showImage="false"
      maxWidth="1920">
      <tabs>
        <tab
          verticallayout="true"
          id="{49ad9829-0300-46cf-87b1-5afd4ecc0582}"
          IsUserDefined="1">
          <labels>
            <label
              description="General"
              languagecode="1033" />
          </labels>
          <columns>
            <column
              width="100%">
              <sections>
                <section
                  showlabel="true"
                  showbar="false"
                  IsUserDefined="0"
                  id="{ba10cdc9-052f-4b7a-a3a7-88a944269dfc}"
                  columns="11"
                  name="rhm_section_businesscard">
                  <labels>
                    <label
                      description="Business Card"
                      languagecode="1033" />
                  </labels>
                  <rows>
                    <row>
                      <cell
                        id="{d8b9c6f9-37da-49f2-a987-c77bd26a6152}">
                        <labels>
                          <label
                            description="Part Number"
                            languagecode="1033" />
                        </labels>
                        <control
                          id="rhm_partnumber"
                          classid="{4273EDBD-AC1D-40d3-9FB2-095C621B552D}"
                          datafieldname="rhm_partnumber" />
                      </cell>
                      <cell
                        id="{f79aca04-95e0-4efb-9374-72868d2a8ec4}"
                        locklevel="0"
                        colspan="1"
                        rowspan="1">
                        <labels>
                          <label
                            description="Installed Address"
                            languagecode="1033" />
                        </labels>
                        <control
                          id="rhm_installedaddress"
                          classid="{67FAC785-CD58-4F9F-ABB3-4B7DDC6ED5ED}"
                          datafieldname="rhm_installedaddress"
                          disabled="false" />
                      </cell>
                    </row>
                    <row>
                      <cell
                        id="{ed7a5cf5-85d1-4498-8e73-378a97259759}"
                        locklevel="0"
                        colspan="1"
                        rowspan="1">
                        <labels>
                          <label
                            description="Ship Method"
                            languagecode="1033" />
                        </labels>
                        <control
                          id="rhm_shipmethod"
                          classid="{3EF39988-22BB-4F0B-BBBE-64B5A3748AEE}"
                          datafieldname="rhm_shipmethod"
                          disabled="false" />
                      </cell>
                      <cell
                        id="{7be54cfe-00aa-4014-9ea5-708864f51b2a}"
                        locklevel="0"
                        colspan="1"
                        rowspan="1">
                        <labels>
                          <label
                            description="Ship to Name"
                            languagecode="1033" />
                        </labels>
                        <control
                          id="rhm_shiptoname"
                          classid="{4273EDBD-AC1D-40D3-9FB2-095C621B552D}"
                          datafieldname="rhm_shiptoname"
                          disabled="false" />
                      </cell>
                    </row>
                    <row>
                      <cell
                        id="{25114feb-fd04-46d9-9daa-1c06bfd9e88a}"
                        locklevel="0"
                        colspan="1"
                        rowspan="1">
                        <labels>
                          <label
                            description="Actual Shipment Method"
                            languagecode="1033" />
                        </labels>
                        <control
                          id="rhm_actualshipmentmethod"
                          classid="{4273EDBD-AC1D-40D3-9FB2-095C621B552D}"
                          datafieldname="rhm_actualshipmentmethod"
                          disabled="false" />
                      </cell>
                      <cell
                        id="{85a50ba0-7426-465b-985b-6a75b1fdf1b7}"
                        locklevel="0"
                        colspan="1"
                        rowspan="1">
                        <labels>
                          <label
                            description="Ship Address Street"
                            languagecode="1033" />
                        </labels>
                        <control
                          id="rhm_shipaddressstreet"
                          classid="{4273EDBD-AC1D-40D3-9FB2-095C621B552D}"
                          datafieldname="rhm_shipaddressstreet"
                          disabled="false" />
                      </cell>
                    </row>
                    <row>
                      <cell
                        id="{4e792ef6-f98e-4612-b7c6-33c82ca123c3}"
                        locklevel="0"
                        colspan="1"
                        rowspan="1">
                        <labels>
                          <label
                            description="Product Serial Number"
                            languagecode="1033" />
                        </labels>
                        <control
                          id="rhm_productserialnumber"
                          classid="{270BD3DB-D9AF-4782-9025-509E298DEC0A}"
                          datafieldname="rhm_productserialnumber"
                          disabled="false" />
                      </cell>
                      <cell
                        id="{fe83504f-a86f-49db-8a84-735e321de391}"
                        locklevel="0"
                        colspan="1"
                        rowspan="1">
                        <labels>
                          <label
                            description="Ship Address Street 2"
                            languagecode="1033" />
                        </labels>
                        <control
                          id="rhm_shipaddressstreet2"
                          classid="{4273EDBD-AC1D-40D3-9FB2-095C621B552D}"
                          datafieldname="rhm_shipaddressstreet2"
                          disabled="false" />
                      </cell>
                    </row>
                    <row>
                      <cell
                        id="{19742c7f-45d3-45bd-817e-7ff79ce341a8}"
                        locklevel="0"
                        colspan="1"
                        rowspan="1">
                        <labels>
                          <label
                            description="Part Description"
                            languagecode="1033" />
                        </labels>
                        <control
                          id="rhm_partdescription"
                          classid="{E0DECE4B-6FC8-4A8F-A065-082708572369}"
                          datafieldname="rhm_partdescription"
                          disabled="false" />
                      </cell>
                      <cell
                        id="{74acf0e6-8992-4e9f-89b6-4e03923829a6}"
                        locklevel="0"
                        colspan="1"
                        rowspan="1">
                        <labels>
                          <label
                            description="Ship Address City"
                            languagecode="1033" />
                        </labels>
                        <control
                          id="rhm_shipaddresscity"
                          classid="{4273EDBD-AC1D-40D3-9FB2-095C621B552D}"
                          datafieldname="rhm_shipaddresscity"
                          disabled="false" />
                      </cell>
                    </row>
                    <row>
                      <cell
                        id="{b154dc9b-273e-4acf-a1da-b5c3a0304e20}"
                        locklevel="0"
                        colspan="1"
                        rowspan="1">
                        <labels>
                          <label
                            description="Quantity"
                            languagecode="1033" />
                        </labels>
                        <control
                          id="rhm_quantity"
                          classid="{C6D124CA-7EDA-4A60-AEA9-7FB8D318B68F}"
                          datafieldname="rhm_quantity"
                          disabled="false" />
                      </cell>
                      <cell
                        id="{56efe5be-6ac1-42dc-b0a0-4c1e191c0b8d}"
                        locklevel="0"
                        colspan="1"
                        rowspan="1">
                        <labels>
                          <label
                            description="Ship Address State"
                            languagecode="1033" />
                        </labels>
                        <control
                          id="rhm_shipaddressstate"
                          classid="{4273EDBD-AC1D-40D3-9FB2-095C621B552D}"
                          datafieldname="rhm_shipaddressstate"
                          disabled="false" />
                      </cell>
                    </row>
                    <row>
                      <cell
                        id="{9046e2ea-1232-4b5a-9a01-5348c357dfc1}"
                        locklevel="0"
                        colspan="1"
                        rowspan="1">
                        <labels>
                          <label
                            description="Address Validated"
                            languagecode="1033" />
                        </labels>
                        <control
                          id="rhm_addressvalidated"
                          classid="{3EF39988-22BB-4F0B-BBBE-64B5A3748AEE}"
                          datafieldname="rhm_addressvalidated"
                          disabled="false" />
                      </cell>
                      <cell
                        id="{eb188299-58cd-4844-8679-9d40dda69264}"
                        locklevel="0"
                        colspan="1"
                        rowspan="1">
                        <labels>
                          <label
                            description="Ship Address Country"
                            languagecode="1033" />
                        </labels>
                        <control
                          id="rhm_shipaddresscountry"
                          classid="{4273EDBD-AC1D-40D3-9FB2-095C621B552D}"
                          datafieldname="rhm_shipaddresscountry"
                          disabled="false" />
                      </cell>
                    </row>
                    <row>
                      <cell
                        id="{4f368680-4734-4f92-98e0-17d67dcabfe3}"
                        locklevel="0"
                        colspan="1"
                        rowspan="1">
                        <labels>
                          <label
                            description="Sales Order Number"
                            languagecode="1033" />
                        </labels>
                        <control
                          id="rhm_salesordernumber"
                          classid="{4273EDBD-AC1D-40D3-9FB2-095C621B552D}"
                          datafieldname="rhm_salesordernumber"
                          disabled="false" />
                      </cell>
                      <cell
                        id="{48060f54-b98c-426f-833b-b214342e222f}"
                        locklevel="0"
                        colspan="1"
                        rowspan="1">
                        <labels>
                          <label
                            description="Ship Address Postal Code"
                            languagecode="1033" />
                        </labels>
                        <control
                          id="rhm_shipaddresspostalcode"
                          classid="{4273EDBD-AC1D-40D3-9FB2-095C621B552D}"
                          datafieldname="rhm_shipaddresspostalcode"
                          disabled="false" />
                      </cell>
                    </row>
                    <row>
                      <cell
                        id="{f9e7ff28-7549-40cf-ad52-f2da82a20932}"
                        locklevel="0"
                        colspan="1"
                        rowspan="1">
                        <labels>
                          <label
                            description="Sales Order Status"
                            languagecode="1033" />
                        </labels>
                        <control
                          id="rhm_salesorderstatus"
                          classid="{3EF39988-22BB-4F0B-BBBE-64B5A3748AEE}"
                          datafieldname="rhm_salesorderstatus"
                          disabled="false" />
                      </cell>
                      <cell
                        id="{f474202a-f94e-4887-85cb-3c28c94b1d7f}"
                        locklevel="0"
                        colspan="1"
                        rowspan="1">
                        <labels>
                          <label
                            description="Shipment Notification Email"
                            languagecode="1033" />
                        </labels>
                        <control
                          id="rhm_shipmentnotificationemail"
                          classid="{4273EDBD-AC1D-40D3-9FB2-095C621B552D}"
                          datafieldname="rhm_shipmentnotificationemail"
                          disabled="false" />
                      </cell>
                    </row>
                    <row>
                      <cell
                        id="{af0245fb-e84e-430d-98fe-25a92bee5a95}"
                        locklevel="0"
                        colspan="1"
                        rowspan="1">
                        <labels>
                          <label
                            description="Order Reference"
                            languagecode="1033" />
                        </labels>
                        <control
                          id="rhm_orderreference"
                          classid="{4273EDBD-AC1D-40D3-9FB2-095C621B552D}"
                          datafieldname="rhm_orderreference"
                          disabled="false" />
                      </cell>
                      <cell
                        id="{1efdd54d-1886-4569-a4d3-0760d70fbbc4}"
                        locklevel="0"
                        colspan="1"
                        rowspan="1">
                        <labels>
                          <label
                            description="Phone"
                            languagecode="1033" />
                        </labels>
                        <control
                          id="rhm_phone"
                          classid="{4273EDBD-AC1D-40D3-9FB2-095C621B552D}"
                          datafieldname="rhm_phone"
                          disabled="false" />
                      </cell>
                    </row>
                    <row>
                      <cell
                        id="{9577330c-94a4-4a8d-80ba-91ea0fc4383b}"
                        locklevel="0"
                        colspan="1"
                        rowspan="1">
                        <labels>
                          <label
                            description="Message"
                            languagecode="1033" />
                        </labels>
                        <control
                          id="rhm_message"
                          classid="{E0DECE4B-6FC8-4A8F-A065-082708572369}"
                          datafieldname="rhm_message"
                          disabled="true" />
                      </cell>
                      <cell
                        locklevel="0"
                        id="{1b2de17b-1edc-4d77-b062-9b5800f5c579}">
                        <labels>
                          <label
                            description=""
                            languagecode="1033" />
                        </labels>
                      </cell>
                    </row>
                  </rows>
                </section>
                <section
                  name="rhm_section_paymentinformation"
                  id="d83e4f43-4450-495e-9267-7e9f74e4825d"
                  IsUserDefined="0"
                  locklevel="0"
                  showlabel="true"
                  showbar="false"
                  layout="varwidth"
                  celllabelalignment="Left"
                  celllabelposition="Left"
                  columns="11"
                  labelwidth="115">
                  <labels>
                    <label
                      description="Payment Information"
                      languagecode="1033" />
                  </labels>
                  <rows>
                    <row>
                      <cell
                        id="{33f844a6-d58b-42d8-988b-05b94f99035e}"
                        locklevel="0"
                        colspan="1"
                        rowspan="1">
                        <labels>
                          <label
                            description="Do NOT Charge"
                            languagecode="1033" />
                        </labels>
                        <control
                          id="rhm_donotcharge"
                          classid="{67FAC785-CD58-4F9F-ABB3-4B7DDC6ED5ED}"
                          datafieldname="rhm_donotcharge"
                          disabled="false" />
                      </cell>
                      <cell
                        id="{6bb8c87e-3035-4d8d-b11e-042f9ed7d99b}"
                        locklevel="0"
                        colspan="1"
                        rowspan="1">
                        <labels>
                          <label
                            description="Reason For No Charge"
                            languagecode="1033" />
                        </labels>
                        <control
                          id="rhm_reasonfornocharge"
                          classid="{3EF39988-22BB-4F0B-BBBE-64B5A3748AEE}"
                          datafieldname="rhm_reasonfornocharge"
                          disabled="false" />
                      </cell>
                    </row>
                    <row>
                      <cell
                        id="{29cf43d2-4f39-46f5-bb0e-65a70d92ce83}"
                        locklevel="0"
                        colspan="1"
                        rowspan="1">
                        <labels>
                          <label
                            description="Payment Order Number"
                            languagecode="1033" />
                        </labels>
                        <control
                          id="rhm_paymentordernumber"
                          classid="{4273EDBD-AC1D-40D3-9FB2-095C621B552D}"
                          datafieldname="rhm_paymentordernumber"
                          disabled="false" />
                      </cell>
                      <cell
                        id="{8737b5f6-fc23-4f38-bfb3-712c32c81818}"
                        locklevel="0"
                        colspan="1"
                        rowspan="1">
                        <labels>
                          <label
                            description="Payment Order Status"
                            languagecode="1033" />
                        </labels>
                        <control
                          id="rhm_paymentorderstatus"
                          classid="{4273EDBD-AC1D-40D3-9FB2-095C621B552D}"
                          datafieldname="rhm_paymentorderstatus"
                          disabled="false" />
                      </cell>
                    </row>
                    <row>
                      <cell
                        id="{975374ea-d40c-4912-a025-907a144b9fd5}"
                        locklevel="0"
                        colspan="1"
                        rowspan="1">
                        <labels>
                          <label
                            description="Payment Comments"
                            languagecode="1033" />
                        </labels>
                        <control
                          id="rhm_paymentcomments"
                          classid="{4273EDBD-AC1D-40D3-9FB2-095C621B552D}"
                          datafieldname="rhm_paymentcomments"
                          disabled="false" />
                      </cell>
                      <cell
                        id="{79105f51-c5c7-4170-b597-fdf46b6f8080}"
                        locklevel="0"
                        colspan="1"
                        rowspan="1">
                        <labels>
                          <label
                            description="Shipment Revenue"
                            languagecode="1033" />
                        </labels>
                        <control
                          id="rhm_shipmentrevenue"
                          classid="{533B9E00-756B-4312-95A0-DC888637AC78}"
                          datafieldname="rhm_shipmentrevenue"
                          disabled="false" />
                      </cell>
                    </row>
                    <row>
                      <cell
                        id="{4e61b881-f12b-4313-91d5-c12aa01d0eaf}"
                        locklevel="0"
                        colspan="1"
                        rowspan="1">
                        <labels>
                          <label
                            description="Card Charge Amount"
                            languagecode="1033" />
                        </labels>
                        <control
                          id="rhm_cardchargeamount"
                          classid="{533B9E00-756B-4312-95A0-DC888637AC78}"
                          datafieldname="rhm_cardchargeamount"
                          disabled="false" />
                      </cell>
                      <cell
                        id="{68ba78e4-cbeb-43c6-8a60-bf5367d39d96}"
                        locklevel="0"
                        colspan="1"
                        rowspan="1">
                        <labels>
                          <label
                            description="Card Charge Date"
                            languagecode="1033" />
                        </labels>
                        <control
                          id="rhm_cardchargedate"
                          classid="{5B773807-9FB2-42DB-97C3-7A91EFF8ADFF}"
                          datafieldname="rhm_cardchargedate"
                          disabled="false" />
                      </cell>
                    </row>
                    <row>
                      <cell
                        id="{0f1d96b8-f810-4499-b8c0-d9d63749b7ec}"
                        locklevel="0"
                        colspan="1"
                        rowspan="1">
                        <labels>
                          <label
                            description="Card Holder First Name"
                            languagecode="1033" />
                        </labels>
                        <control
                          id="rhm_cardholderfirstname"
                          classid="{4273EDBD-AC1D-40D3-9FB2-095C621B552D}"
                          datafieldname="rhm_cardholderfirstname"
                          disabled="false" />
                      </cell>
                      <cell
                        id="{b7904e33-336c-4ec9-ba8e-f424041b366c}"
                        locklevel="0"
                        colspan="1"
                        rowspan="1">
                        <labels>
                          <label
                            description="Card Holder Last Name"
                            languagecode="1033" />
                        </labels>
                        <control
                          id="rhm_cardholderlastname"
                          classid="{4273EDBD-AC1D-40D3-9FB2-095C621B552D}"
                          datafieldname="rhm_cardholderlastname"
                          disabled="false" />
                      </cell>
                    </row>
                    <row>
                      <cell
                        id="{93c7cfd5-49ce-46a2-b10a-2cd76eec5273}"
                        locklevel="0"
                        colspan="1"
                        rowspan="1">
                        <labels>
                          <label
                            description="Do Not Use IVR"
                            languagecode="1033" />
                        </labels>
                        <control
                          id="rhm_donotuseivr"
                          classid="{67FAC785-CD58-4F9F-ABB3-4B7DDC6ED5ED}"
                          datafieldname="rhm_donotuseivr"
                          disabled="false" />
                      </cell>
                      <cell
                        id="{f3abcdbb-0152-43a1-9a3d-5ceafa6b978c}"
                        locklevel="0"
                        colspan="1"
                        rowspan="1">
                        <labels>
                          <label
                            description="Reason For Not Using IVR Payment"
                            languagecode="1033" />
                        </labels>
                        <control
                          id="rhm_reasonfornotusingivrpayment"
                          classid="{3EF39988-22BB-4F0B-BBBE-64B5A3748AEE}"
                          datafieldname="rhm_reasonfornotusingivrpayment"
                          disabled="false" />
                      </cell>
                    </row>
                    <row>
                      <cell
                        id="{daa42334-09fc-4cca-9a98-432dc82a8c3e}"
                        locklevel="0"
                        colspan="1"
                        rowspan="1">
                        <labels>
                          <label
                            description="Comment For Not Using IVR"
                            languagecode="1033" />
                        </labels>
                        <control
                          id="rhm_commentfornotusingivr"
                          classid="{E0DECE4B-6FC8-4A8F-A065-082708572369}"
                          datafieldname="rhm_commentfornotusingivr"
                          disabled="false" />
                      </cell>
                      <cell
                        locklevel="0"
                        id="{aef49b60-a2d0-4962-a8ca-86e9007d813a}"
                        showlabel="false">
                        <labels>
                          <label
                            description=""
                            languagecode="1033" />
                        </labels>
                      </cell>
                    </row>
                  </rows>
                </section>
                <section
                  name="rhm_section_samedayinformation"
                  id="b35237ba-649e-48a4-bbbb-8db27ecf669e"
                  IsUserDefined="0"
                  locklevel="0"
                  showlabel="true"
                  showbar="false"
                  layout="varwidth"
                  celllabelalignment="Left"
                  celllabelposition="Left"
                  columns="11"
                  labelwidth="115">
                  <labels>
                    <label
                      description="Same Day Information"
                      languagecode="1033" />
                  </labels>
                  <rows>
                    <row>
                      <cell
                        id="{d1fd8029-0966-47bb-a127-d4502aea60dd}"
                        locklevel="0"
                        colspan="1"
                        rowspan="1">
                        <labels>
                          <label
                            description="Eligible for same day ?"
                            languagecode="1033" />
                        </labels>
                        <control
                          id="rhm_eligibleforsameday"
                          classid="{4273EDBD-AC1D-40D3-9FB2-095C621B552D}"
                          datafieldname="rhm_eligibleforsameday"
                          disabled="false" />
                      </cell>
                      <cell
                        id="{c80ea998-d24d-4544-8c99-7b24cd7da82a}"
                        locklevel="0"
                        colspan="1"
                        rowspan="1">
                        <labels>
                          <label
                            description="Reason for not accepting same day shipping?"
                            languagecode="1033" />
                        </labels>
                        <control
                          id="rhm_reasonfornotacceptingsamedayshipping"
                          classid="{E0DECE4B-6FC8-4A8F-A065-082708572369}"
                          datafieldname="rhm_reasonfornotacceptingsamedayshipping"
                          disabled="false" />
                      </cell>
                    </row>
                    <row>
                      <cell
                        id="{1c3a5df7-0242-49a0-8e77-0b2ebfc34330}"
                        locklevel="0"
                        colspan="1"
                        rowspan="1">
                        <labels>
                          <label
                            description="Agree for same day shipping ?"
                            languagecode="1033" />
                        </labels>
                        <control
                          id="rhm_agreeforsamedayshipping"
                          classid="{67FAC785-CD58-4F9F-ABB3-4B7DDC6ED5ED}"
                          datafieldname="rhm_agreeforsamedayshipping"
                          disabled="false" />
                      </cell>
                      <cell
                        id="{507723f2-5e7f-498e-8a4b-3b1ee2913ba1}"
                        locklevel="0"
                        colspan="1"
                        rowspan="1">
                        <labels>
                          <label
                            description="Reason for not Accepting Same Day"
                            languagecode="1033" />
                        </labels>
                        <control
                          id="rhm_reasonfornotacceptingsameday"
                          classid="{3EF39988-22BB-4F0B-BBBE-64B5A3748AEE}"
                          datafieldname="rhm_reasonfornotacceptingsameday"
                          disabled="false" />
                      </cell>
                    </row>
                    <row>
                      <cell
                        id="{8b3a0834-c382-43bd-a6ec-46a9301d1672}"
                        locklevel="0"
                        colspan="1"
                        rowspan="1">
                        <labels>
                          <label
                            description="Same Day Charges"
                            languagecode="1033" />
                        </labels>
                        <control
                          id="rhm_samedaycharges"
                          classid="{533B9E00-756B-4312-95A0-DC888637AC78}"
                          datafieldname="rhm_samedaycharges"
                          disabled="false" />
                      </cell>
                      <cell
                        id="{0b3b538e-f4aa-468c-b282-ca12818ff6a8}"
                        locklevel="0"
                        colspan="1"
                        rowspan="1">
                        <labels>
                          <label
                            description="Same Day Earliest Pickup Time"
                            languagecode="1033" />
                        </labels>
                        <control
                          id="rhm_samedayearliestpickuptime"
                          classid="{5B773807-9FB2-42DB-97C3-7A91EFF8ADFF}"
                          datafieldname="rhm_samedayearliestpickuptime"
                          disabled="false" />
                      </cell>
                    </row>
                    <row>
                      <cell
                        id="{d650d8c8-f8e7-495a-a817-623b319e0533}"
                        locklevel="0"
                        colspan="1"
                        rowspan="1">
                        <labels>
                          <label
                            description="Same Day Customer Instructions"
                            languagecode="1033" />
                        </labels>
                        <control
                          id="rhm_samedaycustomerinstructions"
                          classid="{E0DECE4B-6FC8-4A8F-A065-082708572369}"
                          datafieldname="rhm_samedaycustomerinstructions"
                          disabled="false" />
                      </cell>
                      <cell
                        id="{0a4e6b5e-b88d-4529-bad3-64ea81cea581}"
                        locklevel="0"
                        colspan="1"
                        rowspan="1">
                        <labels>
                          <label
                            description="Same Day Preferred Pickup Time"
                            languagecode="1033" />
                        </labels>
                        <control
                          id="rhm_samedaypreferredpickuptime"
                          classid="{3EF39988-22BB-4F0B-BBBE-64B5A3748AEE}"
                          datafieldname="rhm_samedaypreferredpickuptime"
                          disabled="false" />
                      </cell>
                    </row>
                    <row>
                      <cell
                        id="{dffce9c8-1a3f-4b8c-bdf5-1c1e528dfa91}"
                        locklevel="0"
                        colspan="1"
                        rowspan="1">
                        <labels>
                          <label
                            description="Same Day Warehouse Name"
                            languagecode="1033" />
                        </labels>
                        <control
                          id="rhm_samedaywarehousename"
                          classid="{4273EDBD-AC1D-40D3-9FB2-095C621B552D}"
                          datafieldname="rhm_samedaywarehousename"
                          disabled="false" />
                      </cell>
                      <cell
                        id="{6a71d628-eca8-47d8-a50f-161413bafedc}"
                        locklevel="0"
                        colspan="1"
                        rowspan="1">
                        <labels>
                          <label
                            description="Pickup Location"
                            languagecode="1033" />
                        </labels>
                        <control
                          id="rhm_pickuplocation"
                          classid="{4273EDBD-AC1D-40D3-9FB2-095C621B552D}"
                          datafieldname="rhm_pickuplocation"
                          disabled="false" />
                      </cell>
                    </row>
                    <row>
                      <cell
                        id="{9660daa6-e964-4090-82a8-44e1a4878bab}"
                        locklevel="0"
                        colspan="1"
                        rowspan="1">
                        <labels>
                          <label
                            description="Same Day Cancellation Code"
                            languagecode="1033" />
                        </labels>
                        <control
                          id="rhm_samedaycancellationcode"
                          classid="{4273EDBD-AC1D-40D3-9FB2-095C621B552D}"
                          datafieldname="rhm_samedaycancellationcode"
                          disabled="false" />
                      </cell>
                      <cell
                        id="{121f0145-4ce6-4301-9135-8f5be2926a9b}"
                        locklevel="0"
                        colspan="1"
                        rowspan="1">
                        <labels>
                          <label
                            description="Same Day Cancellation Notes"
                            languagecode="1033" />
                        </labels>
                        <control
                          id="rhm_samedaycancellationnotes"
                          classid="{E0DECE4B-6FC8-4A8F-A065-082708572369}"
                          datafieldname="rhm_samedaycancellationnotes"
                          disabled="false" />
                      </cell>
                    </row>
                  </rows>
                </section>
              </sections>
            </column>
          </columns>
        </tab>
        <tab
          name="RecordInformation"
          id="8f1abb33-e139-489c-8915-4a2ba97ae924"
          IsUserDefined="0"
          locklevel="0"
          showlabel="true"
          visible="false">
          <labels>
            <label
              description="Record Information"
              languagecode="1033" />
          </labels>
          <columns>
            <column
              width="50%">
              <sections>
                <section
                  name="tab_2_section_1"
                  id="726dda0b-cf6d-4063-b9ba-829a87db72a0"
                  IsUserDefined="0"
                  locklevel="0"
                  showlabel="true"
                  showbar="false"
                  layout="varwidth"
                  celllabelalignment="Left"
                  celllabelposition="Left"
                  columns="1"
                  labelwidth="115">
                  <labels>
                    <label
                      description="New Section"
                      languagecode="1033" />
                  </labels>
                  <rows>
                    <row>
                      <cell
                        showlabel="false"
                        locklevel="0"
                        id="{3e677ed9-c9f4-4605-a213-1a613c8e787c}">
                        <labels>
                          <label
                            description=""
                            languagecode="1033" />
                        </labels>
                      </cell>
                    </row>
                    <row>
                      <cell
                        id="{cd756131-41a7-4684-b318-d9f3f8459efa}"
                        locklevel="0"
                        colspan="1"
                        rowspan="10">
                        <labels>
                          <label
                            description="Oracle Update Last Request"
                            languagecode="1033" />
                        </labels>
                        <control
                          id="rhm_oracleupdatelastrequest"
                          classid="{E0DECE4B-6FC8-4A8F-A065-082708572369}"
                          datafieldname="rhm_oracleupdatelastrequest"
                          disabled="false" />
                      </cell>
                    </row>
                    <row />
                    <row />
                    <row />
                    <row />
                    <row />
                    <row />
                    <row />
                    <row />
                    <row />
                  </rows>
                </section>
              </sections>
            </column>
            <column
              width="50%">
              <sections>
                <section
                  name="_section_632"
                  id="bace2e92-254d-4cb6-a6d3-5e441d80886f"
                  IsUserDefined="0"
                  locklevel="0"
                  showlabel="true"
                  showbar="false"
                  layout="varwidth"
                  celllabelalignment="Left"
                  celllabelposition="Left"
                  columns="1"
                  labelwidth="115">
                  <labels>
                    <label
                      description="New Section"
                      languagecode="1033" />
                  </labels>
                  <rows>
                    <row>
                      <cell
                        showlabel="false"
                        locklevel="0"
                        id="{4c751163-0155-40cc-91e6-76c68fbd7068}">
                        <labels>
                          <label
                            description=""
                            languagecode="1033" />
                        </labels>
                      </cell>
                    </row>
                    <row>
                      <cell
                        id="{0a5f8511-95c9-47ec-8dae-9638eb2f8d3f}"
                        locklevel="0"
                        colspan="1"
                        rowspan="10">
                        <labels>
                          <label
                            description="Oracle Update Last Response"
                            languagecode="1033" />
                        </labels>
                        <control
                          id="rhm_oracleupdatelastresponse"
                          classid="{E0DECE4B-6FC8-4A8F-A065-082708572369}"
                          datafieldname="rhm_oracleupdatelastresponse"
                          disabled="false" />
                      </cell>
                    </row>
                    <row />
                    <row />
                    <row />
                    <row />
                    <row />
                    <row />
                    <row />
                    <row />
                    <row />
                  </rows>
                </section>
              </sections>
            </column>
          </columns>
        </tab>
      </tabs>
      <header
        id="{598109ed-a63f-4ee7-9578-502b93925341}"
        celllabelposition="Top"
        columns="111"
        labelwidth="115"
        celllabelalignment="Left">
        <rows>
          <row>
            <cell
              id="{8d6f1972-78df-4fab-9c7f-5c960290bf82}"
              showlabel="false">
              <labels>
                <label
                  description=""
                  languagecode="1033" />
              </labels>
            </cell>
            <cell
              id="{7cb0cfcd-a07b-4775-b328-9354584233e7}"
              showlabel="false">
              <labels>
                <label
                  description=""
                  languagecode="1033" />
              </labels>
            </cell>
            <cell
              id="{4cb95e85-22ce-40bc-bbe2-856302801601}"
              showlabel="false">
              <labels>
                <label
                  description=""
                  languagecode="1033" />
              </labels>
            </cell>
            <cell
              id="{89a692c9-b3a5-494d-8b90-d887f7887582}"
              colspan="1"
              rowspan="1">
              <labels>
                <label
                  description="Owner"
                  languagecode="1033" />
              </labels>
              <control
                id="header_ownerid"
                classid="{270BD3DB-D9AF-4782-9025-509E298DEC0A}"
                datafieldname="ownerid" />
            </cell>
            <cell
              id="{a7a37d28-d066-4247-929b-b3c9ab7b200a}"
              locklevel="0"
              colspan="1"
              rowspan="1">
              <labels>
                <label
                  description="Status"
                  languagecode="1033" />
              </labels>
              <control
                id="header_statecode"
                classid="{3EF39988-22BB-4F0B-BBBE-64B5A3748AEE}"
                datafieldname="statecode"
                disabled="false" />
            </cell>
            <cell
              id="{6356159d-df42-4d49-aa2f-0fea4a883712}"
              locklevel="0"
              colspan="1"
              rowspan="1">
              <labels>
                <label
                  description="Status Reason"
                  languagecode="1033" />
              </labels>
              <control
                id="header_statuscode"
                classid="{3EF39988-22BB-4F0B-BBBE-64B5A3748AEE}"
                datafieldname="statuscode"
                disabled="false" />
            </cell>
          </row>
        </rows>
      </header>
      <footer
        id="{68c6dec8-8f89-403f-96cb-0bb3c642d16a}"
        celllabelposition="Top"
        columns="111"
        labelwidth="115"
        celllabelalignment="Left">
        <rows>
          <row>
            <cell
              id="{8b25b470-4f88-4c22-a3c0-611d983e1f99}"
              showlabel="false">
              <labels>
                <label
                  description=""
                  languagecode="1033" />
              </labels>
            </cell>
            <cell
              id="{5107826e-e2de-4dc1-9403-d89705c68cb1}"
              showlabel="false">
              <labels>
                <label
                  description=""
                  languagecode="1033" />
              </labels>
            </cell>
            <cell
              id="{7be938dd-3c35-4236-8042-7f05ad5ed0dc}"
              showlabel="false">
              <labels>
                <label
                  description=""
                  languagecode="1033" />
              </labels>
            </cell>
          </row>
        </rows>
      </footer>
      <formLibraries>
        <Library
          name="rhm_/Scripts/PartOrder_Form.js"
          libraryUniqueId="{ad382a6d-76e4-8451-379a-8a4aa625e2be}" />
      </formLibraries>
      <events>
        <event
          name="onload"
          application="false"
          active="false">
          <Handlers>
            <Handler
              functionName="Rheem.Jscripts.PartOrder_Form.OnLoad"
              libraryName="rhm_/Scripts/PartOrder_Form.js"
              handlerUniqueId="{c3274874-95de-46df-a8de-340d0300abf4}"
              enabled="true"
              parameters=""
              passExecutionContext="true" />
          </Handlers>
        </event>
      </events>
      <Navigation>
        <NavBar></NavBar>
        <NavBarAreas>
          <NavBarArea
            Id="Info">
            <Titles>
              <Title
                LCID="1033"
                Text="Common" />
            </Titles>
          </NavBarArea>
          <NavBarArea
            Id="Sales">
            <Titles>
              <Title
                LCID="1033"
                Text="Sales" />
            </Titles>
          </NavBarArea>
          <NavBarArea
            Id="Service">
            <Titles>
              <Title
                LCID="1033"
                Text="Service" />
            </Titles>
          </NavBarArea>
          <NavBarArea
            Id="Marketing">
            <Titles>
              <Title
                LCID="1033"
                Text="Marketing" />
            </Titles>
          </NavBarArea>
          <NavBarArea
            Id="ProcessCenter">
            <Titles>
              <Title
                LCID="1033"
                Text="Process Sessions" />
            </Titles>
          </NavBarArea>
        </NavBarAreas>
      </Navigation>
      <DisplayConditions
        Order="0"
        FallbackForm="true">
        <Everyone />
      </DisplayConditions>
    </form>
    <IsCustomizable>1</IsCustomizable>
    <CanBeDeleted>1</CanBeDeleted>
    <LocalizedNames>
      <LocalizedName
        description="Information"
        languagecode="1033" />
    </LocalizedNames>
    <Descriptions>
      <Description
        description="A form for this entity."
        languagecode="1033" />
    </Descriptions>
  </systemform>
</forms>