﻿<?xml version="1.0" encoding="utf-8"?>
<savedquery>
  <IsCustomizable>1</IsCustomizable>
  <CanBeDeleted>1</CanBeDeleted>
  <isquickfindquery>0</isquickfindquery>
  <isprivate>0</isprivate>
  <isdefault>0</isdefault>
  <savedqueryid>{060c8700-18bc-e811-814e-5065f38b1651}</savedqueryid>
  <layoutxml>
    <grid name="resultset" jump="rbs_name" select="1" preview="1" icon="1">
      <row name="result" id="rbs_distributiontargetrecordid">
        <cell name="rbs_phonecall" width="150" imageproviderfunctionname="" imageproviderwebresource="$webresource:" />
        <cell name="a_acf9500a0fbce811814e5065f38b1651.regardingobjectid" width="150" disableSorting="1" imageproviderfunctionname="" imageproviderwebresource="$webresource:" />
        <cell name="rbs_failurereason" width="300" disableSorting="1" imageproviderfunctionname="" imageproviderwebresource="$webresource:" />
      </row>
    </grid>
  </layoutxml>
  <querytype>0</querytype>
  <fetchxml>
    <fetch version="1.0" output-format="xml-platform" mapping="logical" distinct="false">
      <entity name="rbs_distributiontargetrecord">
        <attribute name="rbs_phonecall" />
        <attribute name="rbs_failurereason" />
        <order attribute="rbs_phonecall" descending="false" />
        <filter type="and">
          <condition attribute="rbs_isassigned" operator="eq" value="0" />
        </filter>
        <link-entity alias="a_acf9500a0fbce811814e5065f38b1651" name="phonecall" from="activityid" to="rbs_phonecall" link-type="outer" visible="false">
          <attribute name="regardingobjectid" />
        </link-entity>
        <attribute name="rbs_distributiontargetrecordid" />
      </entity>
    </fetch>
  </fetchxml>
  <IntroducedVersion>1.0.0.0</IntroducedVersion>
  <LocalizedNames>
    <LocalizedName description="Failed Records" languagecode="1033" />
  </LocalizedNames>
</savedquery>