﻿<?xml version="1.0" encoding="utf-8"?>
<savedquery>
  <IsCustomizable>1</IsCustomizable>
  <CanBeDeleted>0</CanBeDeleted>
  <isquickfindquery>0</isquickfindquery>
  <isprivate>0</isprivate>
  <isdefault>1</isdefault>
  <savedqueryid>{31f03bae-1050-4687-9b01-c06fe6e750d7}</savedqueryid>
  <layoutxml>
    <grid name="" jump="rbs_name" select="1" icon="1" preview="1">
      <row name="rbs_distributiontargetrecord" id="rbs_distributiontargetrecordid">
        <cell name="rbs_phonecall" width="150" imageproviderfunctionname="" imageproviderwebresource="$webresource:" />
        <cell name="a_acf9500a0fbce811814e5065f38b1651.regardingobjectid" width="150" disableSorting="1" imageproviderfunctionname="" imageproviderwebresource="$webresource:" />
        <cell name="rbs_distributiontargetteam" width="150" imageproviderfunctionname="" imageproviderwebresource="$webresource:" />
        <cell name="rbs_distributiontargetuser" width="150" imageproviderfunctionname="" imageproviderwebresource="$webresource:" />
        <cell name="rbs_isassigned" width="100" />
        <cell name="rbs_failurereason" width="200" disableSorting="1" imageproviderfunctionname="" imageproviderwebresource="$webresource:" />
        <cell name="createdon" width="125" />
      </row>
    </grid>
  </layoutxml>
  <querytype>2</querytype>
  <fetchxml>
    <fetch version="1.0" mapping="logical">
      <entity name="rbs_distributiontargetrecord">
        <attribute name="createdon" />
        <order attribute="createdon" descending="true" />
        <filter type="and">
          <condition attribute="statecode" operator="eq" value="0" />
        </filter>
        <attribute name="rbs_phonecall" />
        <attribute name="rbs_isassigned" />
        <attribute name="rbs_failurereason" />
        <attribute name="rbs_distributiontargetuser" />
        <attribute name="rbs_distributiontargetteam" />
        <link-entity alias="a_acf9500a0fbce811814e5065f38b1651" name="phonecall" from="activityid" to="rbs_phonecall" link-type="outer" visible="false">
          <attribute name="regardingobjectid" />
        </link-entity>
        <attribute name="rbs_distributiontargetrecordid" />
      </entity>
    </fetch>
  </fetchxml>
  <IntroducedVersion>1.0.0.0</IntroducedVersion>
  <LocalizedNames>
    <LocalizedName description="Distribution Target Record Associated View" languagecode="1033" />
  </LocalizedNames>
</savedquery>