<?xml version="1.0" encoding="utf-8"?>
<forms xmlns:xsi="http://www.w3.org/2001/XMLSchema-instance">
  <systemform>
    <formid>{1e29c029-b33b-4054-b5f3-66856f6c44e5}</formid>
    <IntroducedVersion>1.0</IntroducedVersion>
    <FormPresentation>1</FormPresentation>
    <FormActivationState>1</FormActivationState>
    <form
      headerdensity="HighWithControls">
      <tabs>
        <tab
          verticallayout="true"
          id="{b2c9b617-aeb7-45f2-9cd9-5d79f1d5f046}"
          IsUserDefined="1"
          name="General">
          <labels>
            <label
              description="General"
              languagecode="1033" />
          </labels>
          <columns>
            <column
              width="50%">
              <sections>
                <section
                  showlabel="false"
                  showbar="false"
                  IsUserDefined="0"
                  id="{a6f675fc-d485-420a-923d-db69fa1c785b}"
                  name="General_Section">
                  <labels>
                    <label
                      description="General"
                      languagecode="1033" />
                  </labels>
                  <rows>
                    <row>
                      <cell
                        id="{929eb66d-b0fc-48c0-98d6-90d1163a26fd}"
                        colspan="1"
                        rowspan="1"
                        showlabel="true"
                        locklevel="0">
                        <labels>
                          <label
                            description="Warranty Item"
                            languagecode="1033" />
                        </labels>
                        <control
                          id="rhm_warrantyitem"
                          classid="{4273EDBD-AC1D-40d3-9FB2-095C621B552D}"
                          datafieldname="rhm_warrantyitem"
                          uniqueid="{b27a90da-5058-843e-8ea0-146e2dbd409c}"
                          disabled="true" />
                      </cell>
                    </row>
                    <row>
                      <cell
                        id="{11637430-d42b-43f0-82f4-e7065aa1a287}"
                        locklevel="0"
                        colspan="1"
                        rowspan="1"
                        showlabel="true">
                        <labels>
                          <label
                            description="Product Serial Number"
                            languagecode="1033" />
                        </labels>
                        <control
                          id="rhm_productserialnumber"
                          classid="{270BD3DB-D9AF-4782-9025-509E298DEC0A}"
                          datafieldname="rhm_productserialnumber"
                          disabled="true"
                          uniqueid="{11c3c498-7ae7-cd22-46ba-61185db939b9}">
                          <parameters>
                            <AutoResolve>true</AutoResolve>
                            <DisableMru>false</DisableMru>
                            <DisableQuickFind>false</DisableQuickFind>
                            <DisableViewPicker>false</DisableViewPicker>
                            <DefaultViewId>{E32615D8-DB07-4269-A527-8B9F4194AFF0}</DefaultViewId>
                            <AllowFilterOff>false</AllowFilterOff>
                          </parameters>
                        </control>
                      </cell>
                    </row>
                    <row>
                      <cell
                        id="{24b3448f-f0b1-43f2-9fa2-ac4a3415d7ae}"
                        locklevel="0"
                        colspan="1"
                        rowspan="1">
                        <labels>
                          <label
                            description="Contract Number"
                            languagecode="1033" />
                        </labels>
                        <control
                          id="rhm_contractnumber"
                          classid="{4273EDBD-AC1D-40D3-9FB2-095C621B552D}"
                          datafieldname="rhm_contractnumber"
                          disabled="true" />
                      </cell>
                    </row>
                    <row>
                      <cell
                        id="{0f28aaa8-1937-4fa1-bd26-9be54c29e5f9}"
                        locklevel="0"
                        colspan="1"
                        rowspan="1"
                        showlabel="true">
                        <labels>
                          <label
                            description="Warranty Status"
                            languagecode="1033" />
                        </labels>
                        <control
                          id="rhm_warrantystatus"
                          classid="{4273EDBD-AC1D-40D3-9FB2-095C621B552D}"
                          datafieldname="rhm_warrantystatus"
                          disabled="true"
                          uniqueid="{2e2d65c4-143a-8ca9-9222-1765247094ab}" />
                      </cell>
                    </row>
                    <row>
                      <cell
                        id="{779335f9-dedf-4ee1-85f5-1d538d53b47b}"
                        locklevel="0"
                        colspan="1"
                        rowspan="1"
                        showlabel="true">
                        <labels>
                          <label
                            description="Warranty Type"
                            languagecode="1033" />
                        </labels>
                        <control
                          id="rhm_warrantytype"
                          classid="{4273EDBD-AC1D-40D3-9FB2-095C621B552D}"
                          datafieldname="rhm_warrantytype"
                          disabled="true"
                          uniqueid="{ad056551-dbbb-c878-aad9-8501d19e226e}" />
                      </cell>
                    </row>
                    <row>
                      <cell
                        id="{7ae70c50-6b11-466d-9c95-8451f1fae3cc}"
                        locklevel="0"
                        colspan="1"
                        rowspan="1"
                        showlabel="true">
                        <labels>
                          <label
                            description="Description"
                            languagecode="1033" />
                        </labels>
                        <control
                          id="rhm_description"
                          classid="{E0DECE4B-6FC8-4A8F-A065-082708572369}"
                          datafieldname="rhm_description"
                          disabled="true"
                          uniqueid="{403be54e-1356-dbd7-66ee-1be67920e387}" />
                      </cell>
                    </row>
                  </rows>
                </section>
              </sections>
            </column>
            <column
              width="50%">
              <sections>
                <section
                  name="Information_Section"
                  id="bfcd4008-a423-4514-bf30-3eb86887c4a5"
                  IsUserDefined="0"
                  locklevel="0"
                  showlabel="true"
                  showbar="false"
                  layout="varwidth"
                  celllabelalignment="Left"
                  celllabelposition="Left"
                  columns="11"
                  labelwidth="115">
                  <labels>
                    <label
                      description="Information"
                      languagecode="1033" />
                  </labels>
                  <rows>
                    <row>
                      <cell
                        id="{72645f0c-6ca3-440d-8ee0-72d38969b691}"
                        locklevel="0"
                        colspan="1"
                        rowspan="1"
                        showlabel="true">
                        <labels>
                          <label
                            description="Start Date"
                            languagecode="1033" />
                        </labels>
                        <control
                          id="rhm_startdate"
                          classid="{5B773807-9FB2-42DB-97C3-7A91EFF8ADFF}"
                          datafieldname="rhm_startdate"
                          disabled="true"
                          uniqueid="{a424e70b-c2b1-ba66-3230-9797b33cd758}" />
                      </cell>
                      <cell
                        id="{9f66cd76-5a18-444e-b773-8d7f9c3a0057}"
                        locklevel="0"
                        colspan="1"
                        rowspan="1"
                        showlabel="true">
                        <labels>
                          <label
                            description="End Date"
                            languagecode="1033" />
                        </labels>
                        <control
                          id="rhm_enddate"
                          classid="{5B773807-9FB2-42DB-97C3-7A91EFF8ADFF}"
                          datafieldname="rhm_enddate"
                          disabled="true"
                          uniqueid="{e4422c1c-c6d1-35c2-66c1-5db674a1eb42}" />
                      </cell>
                    </row>
                    <row>
                      <cell
                        id="{415d34b6-0fea-45a7-b60a-2678f1396595}"
                        locklevel="0"
                        colspan="1"
                        rowspan="1"
                        showlabel="true">
                        <labels>
                          <label
                            description="Created On"
                            languagecode="1033" />
                        </labels>
                        <control
                          id="createdon"
                          classid="{5B773807-9FB2-42DB-97C3-7A91EFF8ADFF}"
                          datafieldname="createdon"
                          disabled="true"
                          uniqueid="{2707722d-9d23-a28d-0876-411342ca8160}" />
                      </cell>
                      <cell
                        id="{d9299b6e-5b60-419a-9412-066d34a74e92}"
                        locklevel="0"
                        colspan="1"
                        rowspan="1"
                        showlabel="true">
                        <labels>
                          <label
                            description="Modified On"
                            languagecode="1033" />
                        </labels>
                        <control
                          id="modifiedon"
                          classid="{5B773807-9FB2-42DB-97C3-7A91EFF8ADFF}"
                          datafieldname="modifiedon"
                          disabled="true"
                          uniqueid="{4ead3926-7d89-ae28-a1d8-b76c615905b1}" />
                      </cell>
                    </row>
                  </rows>
                </section>
              </sections>
            </column>
          </columns>
        </tab>
      </tabs>
      <header
        id="{6684a91e-4820-4b8f-9640-5b9bcfb5aee8}"
        celllabelposition="Top"
        columns="111"
        labelwidth="115"
        celllabelalignment="Left">
        <rows>
          <row>
            <cell
              id="{55ccf67a-40b1-4ec0-81d5-caca59b0e991}"
              showlabel="false">
              <labels>
                <label
                  description=""
                  languagecode="1033" />
              </labels>
            </cell>
            <cell
              id="{06999b94-db09-4094-8729-a6aa34fc8083}"
              showlabel="false">
              <labels>
                <label
                  description=""
                  languagecode="1033" />
              </labels>
            </cell>
            <cell
              id="{2c5e37bc-1aa1-4fa0-8309-7af5015676ae}"
              showlabel="false">
              <labels>
                <label
                  description=""
                  languagecode="1033" />
              </labels>
            </cell>
            <cell
              id="{86a150bd-325f-4432-8a6a-f6e29457d09a}"
              colspan="1"
              rowspan="1">
              <labels>
                <label
                  description="Owner"
                  languagecode="1033" />
              </labels>
              <control
                id="header_ownerid"
                classid="{270BD3DB-D9AF-4782-9025-509E298DEC0A}"
                datafieldname="ownerid" />
            </cell>
          </row>
        </rows>
      </header>
      <footer
        id="{6e70de72-dc10-4b0b-9eac-cbf8566bc283}"
        celllabelposition="Top"
        columns="111"
        labelwidth="115"
        celllabelalignment="Left">
        <rows>
          <row>
            <cell
              id="{dabbc583-9817-40ec-b818-80811f3decaf}"
              showlabel="false">
              <labels>
                <label
                  description=""
                  languagecode="1033" />
              </labels>
            </cell>
            <cell
              id="{27930434-820f-4cb5-ace3-3c4affe2ac5c}"
              showlabel="false">
              <labels>
                <label
                  description=""
                  languagecode="1033" />
              </labels>
            </cell>
            <cell
              id="{0aaf900a-8825-4eff-b6fb-cd9fa18178af}"
              showlabel="false">
              <labels>
                <label
                  description=""
                  languagecode="1033" />
              </labels>
            </cell>
          </row>
        </rows>
      </footer>
      <Navigation>
        <NavBar />
        <NavBarAreas>
          <NavBarArea
            Id="Info">
            <Titles>
              <Title
                LCID="1033"
                Text="Common" />
            </Titles>
          </NavBarArea>
          <NavBarArea
            Id="Sales">
            <Titles>
              <Title
                LCID="1033"
                Text="Sales" />
            </Titles>
          </NavBarArea>
          <NavBarArea
            Id="Service">
            <Titles>
              <Title
                LCID="1033"
                Text="Service" />
            </Titles>
          </NavBarArea>
          <NavBarArea
            Id="Marketing">
            <Titles>
              <Title
                LCID="1033"
                Text="Marketing" />
            </Titles>
          </NavBarArea>
          <NavBarArea
            Id="ProcessCenter">
            <Titles>
              <Title
                LCID="1033"
                Text="Process Sessions" />
            </Titles>
          </NavBarArea>
        </NavBarAreas>
      </Navigation>
      <controlDescriptions />
      <DisplayConditions
        Order="0"
        FallbackForm="true">
        <Everyone />
      </DisplayConditions>
    </form>
    <IsCustomizable>1</IsCustomizable>
    <CanBeDeleted>1</CanBeDeleted>
    <LocalizedNames>
      <LocalizedName
        description="Information"
        languagecode="1033" />
    </LocalizedNames>
    <Descriptions>
      <Description
        description="A form for this entity."
        languagecode="1033" />
    </Descriptions>
  </systemform>
</forms>