﻿<?xml version="1.0" encoding="utf-8"?>
<savedquery>
  <IsCustomizable>1</IsCustomizable>
  <CanBeDeleted>1</CanBeDeleted>
  <isquickfindquery>0</isquickfindquery>
  <isprivate>0</isprivate>
  <isdefault>1</isdefault>
  <returnedtypecode>10074</returnedtypecode>
  <savedqueryid>{2555c10a-37e1-e611-80da-3863bb34cdb0}</savedqueryid>
  <querytype>8192</querytype>
  <fetchxml>
    <fetch version="1.0" mapping="logical" output-format="xml-platform">
      <entity name="nwm_employee_coveragerole">
        <attribute name="nwm_employee_coverageroleid" />
        <filter type="and">
          <condition attribute="statecode" operator="eq" value="0" />
          <condition attribute="ownerid" operator="eq-userid" />
        </filter>
      </entity>
    </fetch>
  </fetchxml>
  <IntroducedVersion>0.0.0.1</IntroducedVersion>
  <LocalizedNames>
    <LocalizedName description="My Employee_CoverageRoles" languagecode="1033" />
  </LocalizedNames>
  <Descriptions>
    <Description description="Active Employee_CoverageRoles owned by me" languagecode="1033" />
  </Descriptions>
</savedquery>