﻿<?xml version="1.0" encoding="utf-8"?>
<savedquery>
  <IsCustomizable>1</IsCustomizable>
  <CanBeDeleted>0</CanBeDeleted>
  <isquickfindquery>0</isquickfindquery>
  <isprivate>0</isprivate>
  <isdefault>0</isdefault>
  <returnedtypecode>10074</returnedtypecode>
  <savedqueryid>{88c0d8c9-b5fb-4e0f-ada9-6b54a6e289b0}</savedqueryid>
  <layoutxml>
    <grid name="resultset" object="10074" jump="nwm_name" select="1" icon="1" preview="1">
      <row name="result" id="nwm_employee_coverageroleid">
        <cell name="nwm_employee" width="100" />
        <cell name="nwm_covreagerole" width="100" />
        <cell name="a_caf5a53937e1e61180da3863bb34cdb0.nwm_emailaddress" width="100" disableSorting="1" />
        <cell name="a_caf5a53937e1e61180da3863bb34cdb0.nwm_phonenumber" width="100" disableSorting="1" />
        <cell name="nwm_account" width="100" />
        <cell name="createdon" width="125" />
      </row>
    </grid>
  </layoutxml>
  <querytype>0</querytype>
  <fetchxml>
    <fetch version="1.0" mapping="logical">
      <entity name="nwm_employee_coveragerole">
        <attribute name="createdon" />
        <order attribute="createdon" descending="false" />
        <filter type="and">
          <condition attribute="statecode" operator="eq" value="1" />
        </filter>
        <attribute name="nwm_employee" />
        <attribute name="nwm_covreagerole" />
        <attribute name="nwm_account" />
        <link-entity alias="a_caf5a53937e1e61180da3863bb34cdb0" name="nwm_employee" from="nwm_employeeid" to="nwm_employee" link-type="outer" visible="false">
          <attribute name="nwm_phonenumber" />
          <attribute name="nwm_emailaddress" />
        </link-entity>
        <attribute name="nwm_employee_coverageroleid" />
      </entity>
    </fetch>
  </fetchxml>
  <IntroducedVersion>0.0.0.1</IntroducedVersion>
  <LocalizedNames>
    <LocalizedName description="Inactive Client Coverage Roles" languagecode="1033" />
  </LocalizedNames>
</savedquery>