﻿<?xml version="1.0" encoding="utf-8"?>
<savedquery>
  <IsCustomizable>1</IsCustomizable>
  <CanBeDeleted>0</CanBeDeleted>
  <isquickfindquery>0</isquickfindquery>
  <isprivate>0</isprivate>
  <isdefault>1</isdefault>
  <returnedtypecode>10074</returnedtypecode>
  <savedqueryid>{89fc3e99-537f-43ff-abda-ce8703f0b6dd}</savedqueryid>
  <layoutxml>
    <grid name="resultset" object="10074" jump="nwm_name" select="1" icon="1" preview="1">
      <row name="result" id="nwm_employee_coverageroleid">
        <cell name="nwm_employee" width="100" imageproviderfunctionname="" imageproviderwebresource="$webresource:" />
        <cell name="nwm_covreagerole" width="200" imageproviderfunctionname="" imageproviderwebresource="$webresource:" />
        <cell name="a_caf5a53937e1e61180da3863bb34cdb0.nwm_emailaddress" width="150" disableSorting="1" imageproviderfunctionname="" imageproviderwebresource="$webresource:" />
        <cell name="a_caf5a53937e1e61180da3863bb34cdb0.nwm_phonenumber" width="150" disableSorting="1" imageproviderfunctionname="" imageproviderwebresource="$webresource:" />
      </row>
    </grid>
  </layoutxml>
  <querytype>0</querytype>
  <fetchxml>
    <fetch version="1.0" mapping="logical">
      <entity name="nwm_employee_coveragerole">
        <order attribute="nwm_employee" descending="false" />
        <filter type="and">
          <condition attribute="statecode" operator="eq" value="0" />
        </filter>
        <attribute name="nwm_employee" />
        <attribute name="nwm_covreagerole" />
        <link-entity alias="a_caf5a53937e1e61180da3863bb34cdb0" name="nwm_employee" from="nwm_employeeid" to="nwm_employee" link-type="outer" visible="false">
          <attribute name="nwm_emailaddress" />
          <attribute name="nwm_phonenumber" />
        </link-entity>
        <attribute name="nwm_employee_coverageroleid" />
      </entity>
    </fetch>
  </fetchxml>
  <IntroducedVersion>0.0.0.1</IntroducedVersion>
  <LocalizedNames>
    <LocalizedName description="Active Client Coverage Roles" languagecode="1033" />
  </LocalizedNames>
</savedquery>