﻿<?xml version="1.0" encoding="utf-8"?>
<systemform>
  <formid>{b55ee404-bc89-4b2f-9e4f-bec24b87cc1a}</formid>
  <IntroducedVersion>0.0.0.1</IntroducedVersion>
  <FormPresentation>1</FormPresentation>
  <FormActivationState>1</FormActivationState>
  <form shownavigationbar="true" showImage="false" maxWidth="1900">
    <tabs>
      <tab verticallayout="true" id="{2534e483-7889-4ab9-a627-24bbe79293a4}" IsUserDefined="1" locklevel="0" showlabel="true" expanded="true" name="{2534e483-7889-4ab9-a627-24bbe79293a4}">
        <labels>
          <label description="PUBLIC" languagecode="1033" />
        </labels>
        <columns>
          <column width="67%">
            <sections>
              <section showlabel="false" showbar="false" IsUserDefined="0" id="{26ee0da8-c829-4513-8a6b-16fe53af9230}" name="{26ee0da8-c829-4513-8a6b-16fe53af9230}" columns="1" locklevel="0" labelwidth="120" celllabelalignment="Left" celllabelposition="Left" height="auto">
                <labels>
                  <label description="General" languagecode="1033" />
                </labels>
                <rows>
                  <row>
                    <cell id="{6ed70bca-370d-4861-8a60-c55fca4b5a6a}">
                      <labels>
                        <label description="Name" languagecode="1033" />
                      </labels>
                      <control id="nwm_name" classid="{4273EDBD-AC1D-40d3-9FB2-095C621B552D}" datafieldname="nwm_name" uniqueid="{b5c51ae7-1713-4d2a-0c16-085d7893d5ee}" />
                    </cell>
                  </row>
                  <row>
                    <cell id="{416e0b23-7b82-70c0-40c3-9cb0b025c417}" showlabel="true" locklevel="0">
                      <labels>
                        <label description="Client" languagecode="1033" />
                      </labels>
                      <control id="nwm_clientid" classid="{270BD3DB-D9AF-4782-9025-509E298DEC0A}" datafieldname="nwm_clientid" disabled="false" uniqueid="{a01d824b-8b88-8a7d-3089-9d5b40dc8359}">
                        <parameters>
                          <AutoResolve>true</AutoResolve>
                          <DisableMru>false</DisableMru>
                          <DisableQuickFind>false</DisableQuickFind>
                          <DisableViewPicker>false</DisableViewPicker>
                          <DefaultViewId>{337805A4-93DD-E611-80D4-3863BB358E18}</DefaultViewId>
                          <AllowFilterOff>false</AllowFilterOff>
                          <AvailableViewIds>{303AD981-52FF-E611-80D9-3863BB358E18},{337805A4-93DD-E611-80D4-3863BB358E18}</AvailableViewIds>
                        </parameters>
                      </control>
                    </cell>
                  </row>
                  <row>
                    <cell id="{7e8293b4-e505-4665-b752-362a996ece17}" showlabel="true" locklevel="0" visible="false">
                      <labels>
                        <label description="L1 Client" languagecode="1033" />
                      </labels>
                      <control id="nwm_l1client" classid="{270BD3DB-D9AF-4782-9025-509E298DEC0A}" datafieldname="nwm_l1client" disabled="true" uniqueid="{21abc6a9-2a13-93a0-171e-86e070c22bc9}">
                        <parameters>
                          <AutoResolve>true</AutoResolve>
                          <DisableMru>false</DisableMru>
                          <DisableQuickFind>false</DisableQuickFind>
                          <DisableViewPicker>false</DisableViewPicker>
                          <DefaultViewId>{A9AF0AB8-861D-4CFA-92A5-C6281FED7FAB}</DefaultViewId>
                          <AllowFilterOff>false</AllowFilterOff>
                        </parameters>
                      </control>
                    </cell>
                  </row>
                  <row>
                    <cell id="{757de789-d331-62d8-c446-4591bc584665}" showlabel="true" locklevel="0" visible="false">
                      <labels>
                        <label description="Classification" languagecode="1033" />
                      </labels>
                      <control id="nwm_classification" classid="{3EF39988-22BB-4f0b-BBBE-64B5A3748AEE}" datafieldname="nwm_classification" disabled="false" uniqueid="{5c9ba5d2-e5b8-b672-63b1-27d2a8c75961}" />
                    </cell>
                  </row>
                  <row>
                    <cell id="{badba922-7b80-c45d-6e6e-033ed54c3eb2}" showlabel="true" locklevel="0">
                      <labels>
                        <label description="Channel" languagecode="1033" />
                      </labels>
                      <control id="nwm_channel" classid="{3EF39988-22BB-4f0b-BBBE-64B5A3748AEE}" datafieldname="nwm_channel" disabled="false" uniqueid="{705948d5-3e33-d8a6-6a94-ab27ad698acc}" />
                    </cell>
                  </row>
                  <row>
                    <cell id="{e73eda50-b0aa-8495-3a3d-c07e65e4660c}" showlabel="true" locklevel="0" visible="false">
                      <labels>
                        <label description="Meeting" languagecode="1033" />
                      </labels>
                      <control id="nwm_meetingid" classid="{270BD3DB-D9AF-4782-9025-509E298DEC0A}" datafieldname="nwm_meetingid" disabled="false" uniqueid="{12b871ea-74be-cace-159e-4365222a9c9c}">
                        <parameters>
                          <AutoResolve>true</AutoResolve>
                          <DisableMru>false</DisableMru>
                          <DisableQuickFind>false</DisableQuickFind>
                          <DisableViewPicker>false</DisableViewPicker>
                          <DefaultViewId>{DE2E5182-841C-43BF-8D21-46CFFF36F706}</DefaultViewId>
                          <FilterRelationshipName>Account_Appointments</FilterRelationshipName>
                          <DependentAttributeName>nwm_callreport.nwm_clientid</DependentAttributeName>
                          <DependentAttributeType>account</DependentAttributeType>
                          <AllowFilterOff>false</AllowFilterOff>
                        </parameters>
                      </control>
                    </cell>
                  </row>
                  <row>
                    <cell id="{6d2c8c66-ee3a-ed7b-1751-d8b37dc25219}" showlabel="true" locklevel="0" visible="false">
                      <labels>
                        <label description="Phone Call" languagecode="1033" />
                      </labels>
                      <control id="nwm_phonecallid" classid="{270BD3DB-D9AF-4782-9025-509E298DEC0A}" datafieldname="nwm_phonecallid" disabled="false" uniqueid="{e1dc9977-eb88-09b4-9c1b-6987ba237101}">
                        <parameters>
                          <AutoResolve>true</AutoResolve>
                          <DisableMru>false</DisableMru>
                          <DisableQuickFind>false</DisableQuickFind>
                          <DisableViewPicker>false</DisableViewPicker>
                          <DefaultViewId>{D4A3E33D-16D2-41FD-91AA-14CFBF88633A}</DefaultViewId>
                          <FilterRelationshipName>Account_Phonecalls</FilterRelationshipName>
                          <DependentAttributeName>nwm_callreport.nwm_clientid</DependentAttributeName>
                          <DependentAttributeType>account</DependentAttributeType>
                          <AllowFilterOff>false</AllowFilterOff>
                        </parameters>
                      </control>
                    </cell>
                  </row>
                  <row>
                    <cell id="{5d837079-0930-3057-5c35-d50a02d3764d}" showlabel="true" locklevel="0" visible="false">
                      <labels>
                        <label description="Date of Activity" languagecode="1033" />
                      </labels>
                      <control id="nwm_dateofactivity" classid="{5B773807-9FB2-42db-97C3-7A91EFF8ADFF}" datafieldname="nwm_dateofactivity" disabled="true" uniqueid="{30cd30ba-451e-5951-c1b3-90aecdad9852}" />
                    </cell>
                  </row>
                  <row>
                    <cell id="{567e2935-b5c1-1e6c-554a-87e62b2248e1}" showlabel="false" userspacer="true">
                      <labels>
                        <label description="" languagecode="1033" />
                      </labels>
                    </cell>
                  </row>
                  <row>
                    <cell id="{2a6ea406-a1ea-35c7-9dda-72051242a1d6}" showlabel="true" locklevel="0">
                      <labels>
                        <label description="Is Copy" languagecode="1033" />
                      </labels>
                      <control id="nwm_iscopy" classid="{67FAC785-CD58-4f9f-ABB3-4B7DDC6ED5ED}" datafieldname="nwm_iscopy" disabled="true" uniqueid="{657c9bad-e332-1785-8a64-a9836d1be087}" />
                    </cell>
                  </row>
                  <row>
                    <cell id="{bb68bcdd-1376-b71c-4119-94a0b1cd0981}" showlabel="true" locklevel="0" rowspan="7" auto="true">
                      <labels>
                        <label description="Public Notes" languagecode="1033" />
                      </labels>
                      <control id="nwm_detail" classid="{E0DECE4B-6FC8-4a8f-A065-082708572369}" datafieldname="nwm_detail" disabled="false" uniqueid="{2b2c54d1-218b-3ba6-a3ec-ba57618c8e71}" />
                    </cell>
                  </row>
                  <row />
                  <row />
                  <row />
                  <row />
                  <row />
                  <row height="auto" />
                </rows>
              </section>
            </sections>
          </column>
          <column width="33%">
            <sections>
              <section name="{2534e483-7889-4ab9-a627-24bbe79293a4}_section_2" showlabel="false" showbar="false" locklevel="0" id="{75096cc1-9b8d-3d0d-c051-242853904c70}" IsUserDefined="0" layout="varwidth" columns="1" labelwidth="115">
                <labels>
                  <label description="Section" languagecode="1033" />
                </labels>
                <rows>
                  <row>
                    <cell id="{be5a1132-a37b-0780-207d-3330ec6038a1}" showlabel="true" colspan="1" auto="false" rowspan="6">
                      <labels>
                        <label description="Call Report Access Users" languagecode="1033" />
                      </labels>
                      <control id="CallReportAccessUsers" classid="{E7A81278-8635-4d9e-8D4D-59480B391C5B}" indicationOfSubgrid="true" uniqueid="{2c4dd0ba-3e60-5db6-040c-e511c4ba8e60}">
                        <parameters>
                          <ViewId>{795C4A26-B307-4BFB-9406-0D9EDC0433B2}</ViewId>
                          <IsUserView>false</IsUserView>
                          <RelationshipName>nwm_nwm_callreport_nwm_callreportaccessuser_CallReport</RelationshipName>
                          <TargetEntityType>nwm_callreportaccessuser</TargetEntityType>
                          <AutoExpand>Fixed</AutoExpand>
                          <EnableQuickFind>false</EnableQuickFind>
                          <EnableViewPicker>false</EnableViewPicker>
                          <ViewIds>{795C4A26-B307-4BFB-9406-0D9EDC0433B2}</ViewIds>
                          <EnableJumpBar>false</EnableJumpBar>
                          <ChartGridMode>Grid</ChartGridMode>
                          <VisualizationId />
                          <IsUserChart>false</IsUserChart>
                          <EnableChartPicker>false</EnableChartPicker>
                          <RecordsPerPage>4</RecordsPerPage>
                        </parameters>
                      </control>
                    </cell>
                  </row>
                  <row />
                  <row />
                  <row />
                  <row />
                  <row />
                  <row>
                    <cell id="{ee190a64-7dc6-cc3c-ad39-8859dc842713}" showlabel="false" colspan="1" auto="false">
                      <labels>
                        <label description="Phone Call Quick View" languagecode="1033" />
                      </labels>
                      <control id="PhoneCallQuickView" classid="{5C5600E0-1D6E-4205-A272-BE80DA87FD42}" datafieldname="nwm_phonecallid" disabled="false">
                        <parameters>
                          <QuickForms>&lt;QuickFormIds&gt;&lt;QuickFormId entityname="phonecall"&gt;c466c56a-ab9d-41a3-ac68-008a60bfe67e&lt;/QuickFormId&gt;&lt;/QuickFormIds&gt;</QuickForms>
                          <ControlMode>Edit</ControlMode>
                        </parameters>
                      </control>
                    </cell>
                  </row>
                </rows>
              </section>
            </sections>
          </column>
        </columns>
      </tab>
    </tabs>
    <header id="{3eaf81d8-5a27-4193-b111-ec18cc700831}" columns="111" labelwidth="115" celllabelalignment="Left" celllabelposition="Left">
      <rows>
        <row>
          <cell id="{78779107-5119-7ad3-0b54-c35d83652b7a}" showlabel="true" locklevel="0">
            <labels>
              <label description="Owner" languagecode="1033" />
            </labels>
            <control id="header_ownerid" classid="{270BD3DB-D9AF-4782-9025-509E298DEC0A}" datafieldname="ownerid" disabled="false" uniqueid="{11886817-4614-7b02-c074-bd1e3ed6ba42}">
              <parameters>
                <AutoResolve>true</AutoResolve>
                <DisableMru>false</DisableMru>
              </parameters>
            </control>
          </cell>
          <cell id="{8b717b1a-31a2-4397-1ebb-72c074947bc8}" showlabel="true" locklevel="0">
            <labels>
              <label description="Created By" languagecode="1033" />
            </labels>
            <control id="header_createdby" classid="{270BD3DB-D9AF-4782-9025-509E298DEC0A}" datafieldname="createdby" disabled="false" />
          </cell>
          <cell id="{cb1498ca-1e1d-8acc-355d-051baa167319}" showlabel="true" locklevel="0">
            <labels>
              <label description="Modified By" languagecode="1033" />
            </labels>
            <control id="header_modifiedby" classid="{270BD3DB-D9AF-4782-9025-509E298DEC0A}" datafieldname="modifiedby" disabled="false" />
          </cell>
        </row>
        <row>
          <cell id="{031a9bea-cc1a-3dce-03dc-0d305e33bd56}" showlabel="true" locklevel="0" visible="false">
            <labels>
              <label description="Status" languagecode="1033" />
            </labels>
            <control id="header_statecode" classid="{3EF39988-22BB-4f0b-BBBE-64B5A3748AEE}" datafieldname="statecode" disabled="false" uniqueid="{80788396-6c26-ebda-2989-510083075ee1}" />
          </cell>
          <cell id="{dbb514e6-2a70-1552-caae-1deed0b67051}" showlabel="false">
            <labels>
              <label description="" languagecode="1033" />
            </labels>
          </cell>
          <cell id="{373b1327-5568-124d-ebca-835c3d86b959}" showlabel="false">
            <labels>
              <label description="" languagecode="1033" />
            </labels>
          </cell>
        </row>
      </rows>
    </header>
    <footer id="{fa980e0b-0c57-424c-b66c-3949685ba123}" columns="111">
      <rows>
        <row>
          <cell id="{21a8530e-d30c-acc3-0398-36845bc73b51}" showlabel="true" locklevel="0">
            <labels>
              <label description="Created On" languagecode="1033" />
            </labels>
            <control id="footer_createdon" classid="{5B773807-9FB2-42db-97C3-7A91EFF8ADFF}" datafieldname="createdon" disabled="true" />
          </cell>
          <cell id="{53663963-c43b-b707-e73d-15768d33a1ae}" showlabel="true" locklevel="0">
            <labels>
              <label description="Modified On" languagecode="1033" />
            </labels>
            <control id="footer_modifiedon" classid="{5B773807-9FB2-42db-97C3-7A91EFF8ADFF}" datafieldname="modifiedon" disabled="true" />
          </cell>
          <cell id="{3b576919-567f-4552-888a-85da27fdb006}" showlabel="false">
            <labels>
              <label description="" languagecode="1033" />
            </labels>
          </cell>
        </row>
      </rows>
    </footer>
    <Navigation>
      <NavBar>
        <NavBarByRelationshipItem RelationshipName="hardcoded_{B7196B13-6B9D-42CD-BD58-B19A3953126F}navConnections" Sequence="8500" Area="Info" Id="navConnections" Show="false">
          <Titles>
            <Title LCID="1033" Text="Connections" />
          </Titles>
        </NavBarByRelationshipItem>
        <NavBarByRelationshipItem RelationshipName="nwm_nwm_callreport_nwm_callreport" Sequence="10000" Area="Info" Id="nav_nwm_nwm_callreport_nwm_callreport" Show="false">
          <Titles>
            <Title LCID="1033" Text="Call Reports" />
          </Titles>
        </NavBarByRelationshipItem>
      </NavBar>
      <NavBarAreas>
        <NavBarArea Id="Info">
          <Titles>
            <Title LCID="1033" Text="Common" />
          </Titles>
        </NavBarArea>
        <NavBarArea Id="Sales">
          <Titles>
            <Title LCID="1033" Text="Sales" />
          </Titles>
        </NavBarArea>
        <NavBarArea Id="Service">
          <Titles>
            <Title LCID="1033" Text="Service" />
          </Titles>
        </NavBarArea>
        <NavBarArea Id="Marketing">
          <Titles>
            <Title LCID="1033" Text="Marketing" />
          </Titles>
        </NavBarArea>
        <NavBarArea Id="ProcessCenter">
          <Titles>
            <Title LCID="1033" Text="Process Sessions" />
          </Titles>
        </NavBarArea>
      </NavBarAreas>
    </Navigation>
    <controlDescriptions />
    <formLibraries>
      <Library name="nwm_/Script/Telemetry.js" libraryUniqueId="{c3de4762-2ad4-c388-6026-44e8b3bb359b}" />
    </formLibraries>
    <events>
      <event name="onload" application="false" active="false">
        <Handlers>
          <Handler functionName="captureTelemetry" libraryName="nwm_/Script/Telemetry.js" handlerUniqueId="{5397966c-c385-5179-0d82-416c207e9bc0}" enabled="true" parameters="" passExecutionContext="false" />
        </Handlers>
      </event>
    </events>
    <DisplayConditions FallbackForm="true">
      <Role Id="{627090ff-40a3-4053-8790-584edc5be201}" />
      <Role Id="{119f245c-3cc8-4b62-b31c-d1a046ced15d}" />
      <Role Id="{8E902825-DC7F-E611-80DD-C4346BAC7E3C}" />
      <Role Id="{F1D0A138-DC7F-E611-80DD-C4346BAC7E3C}" />
    </DisplayConditions>
  </form>
  <IsCustomizable>1</IsCustomizable>
  <CanBeDeleted>1</CanBeDeleted>
  <LocalizedNames>
    <LocalizedName description="PUBLIC" languagecode="1033" />
  </LocalizedNames>
  <Descriptions>
    <Description description="Public Call Report form for T&amp;FS users" languagecode="1033" />
  </Descriptions>
</systemform>