﻿<?xml version="1.0" encoding="utf-8"?>
<systemform>
  <formid>{eb609563-f9a5-43a6-8036-577133d752a1}</formid>
  <IntroducedVersion>0.0.0.1</IntroducedVersion>
  <FormPresentation>1</FormPresentation>
  <FormActivationState>1</FormActivationState>
  <form shownavigationbar="true" showImage="false" maxWidth="1900">
    <tabs>
      <tab verticallayout="true" id="{2534e483-7889-4ab9-a627-24bbe79293a4}" IsUserDefined="1" locklevel="0" showlabel="true" expanded="true" name="{2534e483-7889-4ab9-a627-24bbe79293a4}" labelid="{015fbde4-a25c-4813-86d0-2876a3c0f0c4}">
        <labels>
          <label description="PRIVATE" languagecode="1033" />
        </labels>
        <columns>
          <column width="67%">
            <sections>
              <section showlabel="false" showbar="false" IsUserDefined="0" id="{26ee0da8-c829-4513-8a6b-16fe53af9230}" name="{26ee0da8-c829-4513-8a6b-16fe53af9230}" columns="1" locklevel="0" labelwidth="120" celllabelalignment="Left" celllabelposition="Left" height="auto" labelid="{3f5d6afb-f53d-4561-82d6-6162b8b076b2}">
                <labels>
                  <label description="General" languagecode="1033" />
                </labels>
                <rows>
                  <row>
                    <cell id="{6ed70bca-370d-4861-8a60-c55fca4b5a6a}" labelid="{2a12c2a7-1fdb-478b-bc11-1473047230d9}">
                      <labels>
                        <label description="Name" languagecode="1033" />
                      </labels>
                      <control id="nwm_name" classid="{4273EDBD-AC1D-40d3-9FB2-095C621B552D}" datafieldname="nwm_name" uniqueid="{b5c51ae7-1713-4d2a-0c16-085d7893d5ee}" />
                    </cell>
                  </row>
                  <row>
                    <cell id="{0c552a63-d0bd-ce4d-3ae5-e29527c18c21}" showlabel="true" locklevel="0">
                      <labels>
                        <label description="Client" languagecode="1033" />
                      </labels>
                      <control id="nwm_clientid" classid="{270BD3DB-D9AF-4782-9025-509E298DEC0A}" datafieldname="nwm_clientid" disabled="false" uniqueid="{94463d38-36cb-d4e0-c313-30c138ea05b9}">
                        <parameters>
                          <AutoResolve>true</AutoResolve>
                          <DisableMru>false</DisableMru>
                          <DisableQuickFind>false</DisableQuickFind>
                          <DisableViewPicker>false</DisableViewPicker>
                          <DefaultViewId>{337805A4-93DD-E611-80D4-3863BB358E18}</DefaultViewId>
                          <AvailableViewIds>{303AD981-52FF-E611-80D9-3863BB358E18},{337805A4-93DD-E611-80D4-3863BB358E18}</AvailableViewIds>
                          <AllowFilterOff>false</AllowFilterOff>
                        </parameters>
                      </control>
                    </cell>
                  </row>
                  <row>
                    <cell id="{7e8293b4-e505-4665-b752-362a996ece17}" showlabel="true" locklevel="0" labelid="{6469a8cd-3027-4546-b2b8-adcee5d09c17}" visible="false">
                      <labels>
                        <label description="L1 Client" languagecode="1033" />
                      </labels>
                      <control id="nwm_l1client" classid="{270BD3DB-D9AF-4782-9025-509E298DEC0A}" datafieldname="nwm_l1client" disabled="true" uniqueid="{21abc6a9-2a13-93a0-171e-86e070c22bc9}">
                        <parameters>
                          <AutoResolve>true</AutoResolve>
                          <DisableMru>false</DisableMru>
                          <DisableQuickFind>false</DisableQuickFind>
                          <DisableViewPicker>false</DisableViewPicker>
                          <DefaultViewId>{A9AF0AB8-861D-4CFA-92A5-C6281FED7FAB}</DefaultViewId>
                          <AllowFilterOff>false</AllowFilterOff>
                        </parameters>
                      </control>
                    </cell>
                  </row>
                  <row>
                    <cell id="{757de789-d331-62d8-c446-4591bc584665}" showlabel="true" locklevel="0" labelid="{124ac0f4-1676-4408-9eb2-624ed2b2111f}" visible="false">
                      <labels>
                        <label description="Classification" languagecode="1033" />
                      </labels>
                      <control id="nwm_classification" classid="{3EF39988-22BB-4f0b-BBBE-64B5A3748AEE}" datafieldname="nwm_classification" disabled="false" uniqueid="{5c9ba5d2-e5b8-b672-63b1-27d2a8c75961}" />
                    </cell>
                  </row>
                  <row>
                    <cell id="{badba922-7b80-c45d-6e6e-033ed54c3eb2}" showlabel="true" locklevel="0" labelid="{0e5a6897-1a21-43b0-9b35-593d9262f609}">
                      <labels>
                        <label description="Channel" languagecode="1033" />
                      </labels>
                      <control id="nwm_channel" classid="{3EF39988-22BB-4f0b-BBBE-64B5A3748AEE}" datafieldname="nwm_channel" disabled="false" uniqueid="{705948d5-3e33-d8a6-6a94-ab27ad698acc}" />
                    </cell>
                  </row>
                  <row>
                    <cell id="{e73eda50-b0aa-8495-3a3d-c07e65e4660c}" showlabel="true" locklevel="0" labelid="{02c3996e-e17e-4c1f-a44b-cbbf4bd4f00a}" visible="false">
                      <labels>
                        <label description="Meeting" languagecode="1033" />
                      </labels>
                      <control id="nwm_meetingid" classid="{270BD3DB-D9AF-4782-9025-509E298DEC0A}" datafieldname="nwm_meetingid" disabled="false" uniqueid="{12b871ea-74be-cace-159e-4365222a9c9c}">
                        <parameters>
                          <AutoResolve>true</AutoResolve>
                          <DisableMru>false</DisableMru>
                          <DisableQuickFind>false</DisableQuickFind>
                          <DisableViewPicker>false</DisableViewPicker>
                          <DefaultViewId>{DE2E5182-841C-43BF-8D21-46CFFF36F706}</DefaultViewId>
                          <FilterRelationshipName>Account_Appointments</FilterRelationshipName>
                          <DependentAttributeName>nwm_callreport.nwm_clientid</DependentAttributeName>
                          <DependentAttributeType>account</DependentAttributeType>
                          <AllowFilterOff>false</AllowFilterOff>
                        </parameters>
                      </control>
                    </cell>
                  </row>
                  <row>
                    <cell id="{6d2c8c66-ee3a-ed7b-1751-d8b37dc25219}" showlabel="true" locklevel="0" labelid="{dcfffc27-11a3-4d88-acbd-c964c2946778}" visible="false">
                      <labels>
                        <label description="Phone Call" languagecode="1033" />
                      </labels>
                      <control id="nwm_phonecallid" classid="{270BD3DB-D9AF-4782-9025-509E298DEC0A}" datafieldname="nwm_phonecallid" disabled="false" uniqueid="{e1dc9977-eb88-09b4-9c1b-6987ba237101}">
                        <parameters>
                          <AutoResolve>true</AutoResolve>
                          <DisableMru>false</DisableMru>
                          <DisableQuickFind>false</DisableQuickFind>
                          <DisableViewPicker>false</DisableViewPicker>
                          <DefaultViewId>{D4A3E33D-16D2-41FD-91AA-14CFBF88633A}</DefaultViewId>
                          <FilterRelationshipName>Account_Phonecalls</FilterRelationshipName>
                          <DependentAttributeName>nwm_callreport.nwm_clientid</DependentAttributeName>
                          <DependentAttributeType>account</DependentAttributeType>
                          <AllowFilterOff>false</AllowFilterOff>
                        </parameters>
                      </control>
                    </cell>
                  </row>
                  <row>
                    <cell id="{5d837079-0930-3057-5c35-d50a02d3764d}" showlabel="true" locklevel="0" labelid="{34867bc4-5499-4a24-a5c5-2adc2613a15a}" visible="false">
                      <labels>
                        <label description="Date / Time of Meeting" languagecode="1033" />
                      </labels>
                      <control id="nwm_dateofactivity" classid="{5B773807-9FB2-42db-97C3-7A91EFF8ADFF}" datafieldname="nwm_dateofactivity" disabled="true" uniqueid="{30cd30ba-451e-5951-c1b3-90aecdad9852}" />
                    </cell>
                  </row>
                  <row>
                    <cell id="{bd85860d-1305-00db-a85b-7cb723dc5b13}" showlabel="false" userspacer="true">
                      <labels>
                        <label description="" languagecode="1033" />
                      </labels>
                    </cell>
                  </row>
                  <row>
                    <cell id="{27c66c19-ca18-10d4-beac-779002866a8c}" showlabel="true" locklevel="0" auto="true" rowspan="7">
                      <labels>
                        <label description="Private Notes" languagecode="1033" />
                      </labels>
                      <control id="nwm_privatenotes" classid="{E0DECE4B-6FC8-4a8f-A065-082708572369}" datafieldname="nwm_privatenotes" disabled="false" uniqueid="{98a65232-54d2-2406-8760-3d2192192e56}" />
                    </cell>
                  </row>
                  <row />
                  <row />
                  <row />
                  <row />
                  <row />
                  <row height="auto" />
                  <row>
                    <cell id="{ba764e1b-c2ed-7c58-3a2d-75834e17ecac}" showlabel="false" userspacer="true">
                      <labels>
                        <label description="" languagecode="1033" />
                      </labels>
                    </cell>
                  </row>
                  <row>
                    <cell id="{c86b43b8-dbd3-c0d0-eb56-9285b2367865}" showlabel="true" locklevel="0">
                      <labels>
                        <label description="Make Public" languagecode="1033" />
                      </labels>
                      <control id="nwm_makepublic" classid="{B0C6723A-8503-4fd7-BB28-C8A06AC933C2}" datafieldname="nwm_makepublic" disabled="false" uniqueid="{541eb816-b395-d171-20c3-42d0ec4848c3}" />
                    </cell>
                  </row>
                  <row>
                    <cell id="{bb68bcdd-1376-b71c-4119-94a0b1cd0981}" showlabel="true" locklevel="0" rowspan="7" labelid="{8b31316d-0785-4499-b708-1596e8f977d5}">
                      <labels>
                        <label description="Public Notes" languagecode="1033" />
                      </labels>
                      <control id="nwm_detail" classid="{E0DECE4B-6FC8-4a8f-A065-082708572369}" datafieldname="nwm_detail" disabled="false" uniqueid="{2b2c54d1-218b-3ba6-a3ec-ba57618c8e71}" />
                    </cell>
                  </row>
                  <row />
                  <row />
                  <row />
                  <row />
                  <row />
                  <row />
                </rows>
              </section>
            </sections>
          </column>
          <column width="33%">
            <sections>
              <section name="{2534e483-7889-4ab9-a627-24bbe79293a4}_section_2" showlabel="false" showbar="false" locklevel="0" id="{75096cc1-9b8d-3d0d-c051-242853904c70}" IsUserDefined="0" layout="varwidth" columns="1" labelwidth="115" labelid="{a3c023e3-2ce3-4b55-acec-72ea5b71b6a4}">
                <labels>
                  <label description="Section" languagecode="1033" />
                </labels>
                <rows>
                  <row>
                    <cell id="{b6c39bc6-74de-0a26-4092-c39ab32542c0}" showlabel="true" colspan="1" auto="false" rowspan="6">
                      <labels>
                        <label description="Call Report Access Users" languagecode="1033" />
                      </labels>
                      <control id="CallReportAccessUsers" classid="{E7A81278-8635-4d9e-8D4D-59480B391C5B}" indicationOfSubgrid="true" uniqueid="{2836e980-a64a-25a8-2b53-668735d37eb2}">
                        <parameters>
                          <ViewId>{795C4A26-B307-4BFB-9406-0D9EDC0433B2}</ViewId>
                          <IsUserView>false</IsUserView>
                          <RelationshipName>nwm_nwm_callreport_nwm_callreportaccessuser_CallReport</RelationshipName>
                          <TargetEntityType>nwm_callreportaccessuser</TargetEntityType>
                          <AutoExpand>Fixed</AutoExpand>
                          <EnableQuickFind>false</EnableQuickFind>
                          <EnableViewPicker>false</EnableViewPicker>
                          <ViewIds>{795C4A26-B307-4BFB-9406-0D9EDC0433B2}</ViewIds>
                          <EnableJumpBar>false</EnableJumpBar>
                          <ChartGridMode>Grid</ChartGridMode>
                          <VisualizationId />
                          <IsUserChart>false</IsUserChart>
                          <EnableChartPicker>false</EnableChartPicker>
                          <RecordsPerPage>4</RecordsPerPage>
                        </parameters>
                      </control>
                    </cell>
                  </row>
                  <row />
                  <row />
                  <row />
                  <row />
                  <row />
                  <row>
                    <cell id="{ee190a64-7dc6-cc3c-ad39-8859dc842713}" showlabel="false" colspan="1" auto="false" labelid="{12074b1f-acf7-4a03-be08-c6b621a6d08f}">
                      <labels>
                        <label description="Phone Call Quick View" languagecode="1033" />
                      </labels>
                      <control id="PhoneCallQuickView" classid="{5C5600E0-1D6E-4205-A272-BE80DA87FD42}" datafieldname="nwm_phonecallid" disabled="false">
                        <parameters>
                          <QuickForms>&lt;QuickFormIds&gt;&lt;QuickFormId entityname="phonecall"&gt;c466c56a-ab9d-41a3-ac68-008a60bfe67e&lt;/QuickFormId&gt;&lt;/QuickFormIds&gt;</QuickForms>
                          <ControlMode>Edit</ControlMode>
                        </parameters>
                      </control>
                    </cell>
                  </row>
                </rows>
              </section>
            </sections>
          </column>
        </columns>
      </tab>
    </tabs>
    <header id="{3eaf81d8-5a27-4193-b111-ec18cc700831}" columns="111" labelwidth="115" celllabelalignment="Left" celllabelposition="Left">
      <rows>
        <row>
          <cell id="{78779107-5119-7ad3-0b54-c35d83652b7a}" showlabel="true" locklevel="0" visible="false" labelid="{a62b630d-f593-4e56-8191-c211437d397d}">
            <labels>
              <label description="Owner" languagecode="1033" />
            </labels>
            <control id="header_ownerid" classid="{270BD3DB-D9AF-4782-9025-509E298DEC0A}" datafieldname="ownerid" disabled="false" uniqueid="{11886817-4614-7b02-c074-bd1e3ed6ba42}">
              <parameters>
                <AutoResolve>true</AutoResolve>
                <DisableMru>false</DisableMru>
              </parameters>
            </control>
          </cell>
          <cell id="{8b717b1a-31a2-4397-1ebb-72c074947bc8}" showlabel="true" locklevel="0" labelid="{06911ba0-2948-419a-b7ee-ee6a011f7b59}">
            <labels>
              <label description="Created By" languagecode="1033" />
            </labels>
            <control id="header_createdby" classid="{270BD3DB-D9AF-4782-9025-509E298DEC0A}" datafieldname="createdby" disabled="false" />
          </cell>
          <cell id="{cb1498ca-1e1d-8acc-355d-051baa167319}" showlabel="true" locklevel="0" labelid="{6741f34c-ff82-4b41-86cf-fcd9f84aacc1}">
            <labels>
              <label description="Modified By" languagecode="1033" />
            </labels>
            <control id="header_modifiedby" classid="{270BD3DB-D9AF-4782-9025-509E298DEC0A}" datafieldname="modifiedby" disabled="false" />
          </cell>
        </row>
        <row>
          <cell id="{031a9bea-cc1a-3dce-03dc-0d305e33bd56}" showlabel="true" locklevel="0" visible="false" labelid="{22e399c2-9e57-4483-913e-36c05587a3c2}">
            <labels>
              <label description="Status" languagecode="1033" />
            </labels>
            <control id="header_statecode" classid="{3EF39988-22BB-4f0b-BBBE-64B5A3748AEE}" datafieldname="statecode" disabled="false" uniqueid="{80788396-6c26-ebda-2989-510083075ee1}" />
          </cell>
          <cell id="{dbb514e6-2a70-1552-caae-1deed0b67051}" showlabel="false" labelid="{34e97bb7-1ad9-425c-b827-1cf3abad5d30}">
            <labels>
              <label description="" languagecode="1033" />
            </labels>
          </cell>
          <cell id="{373b1327-5568-124d-ebca-835c3d86b959}" showlabel="false" labelid="{33849cdc-56eb-41ff-a159-b140db4efe6e}">
            <labels>
              <label description="" languagecode="1033" />
            </labels>
          </cell>
        </row>
      </rows>
    </header>
    <footer id="{fa980e0b-0c57-424c-b66c-3949685ba123}" columns="111">
      <rows>
        <row>
          <cell id="{21a8530e-d30c-acc3-0398-36845bc73b51}" showlabel="true" locklevel="0" labelid="{24f132e6-1de5-4a09-8e0b-0c43abd03c59}">
            <labels>
              <label description="Created On" languagecode="1033" />
            </labels>
            <control id="footer_createdon" classid="{5B773807-9FB2-42db-97C3-7A91EFF8ADFF}" datafieldname="createdon" disabled="true" />
          </cell>
          <cell id="{53663963-c43b-b707-e73d-15768d33a1ae}" showlabel="true" locklevel="0" labelid="{3713cd0a-2b5b-4d9e-b20d-ea2bc1867748}">
            <labels>
              <label description="Modified On" languagecode="1033" />
            </labels>
            <control id="footer_modifiedon" classid="{5B773807-9FB2-42db-97C3-7A91EFF8ADFF}" datafieldname="modifiedon" disabled="true" />
          </cell>
          <cell id="{3b576919-567f-4552-888a-85da27fdb006}" showlabel="false" labelid="{0f97bc68-07e8-4880-bc44-8d0367b15d0a}">
            <labels>
              <label description="" languagecode="1033" />
            </labels>
          </cell>
        </row>
      </rows>
    </footer>
    <Navigation>
      <NavBar>
        <NavBarByRelationshipItem RelationshipName="nwm_nwm_callreport_nwm_callreport" Sequence="10000" Area="Info" Id="nav_nwm_nwm_callreport_nwm_callreport" Show="false">
          <Titles>
            <Title LCID="1033" Text="Call Reports" />
          </Titles>
        </NavBarByRelationshipItem>
        <NavBarByRelationshipItem RelationshipName="hardcoded_{B7196B13-6B9D-42CD-BD58-B19A3953126F}navConnections" Id="navConnections" Area="Info" Sequence="10001" Show="false">
          <Titles>
            <Title LCID="1033" Text="Connections" />
          </Titles>
        </NavBarByRelationshipItem>
      </NavBar>
      <NavBarAreas>
        <NavBarArea Id="Info">
          <Titles>
            <Title LCID="1033" Text="Common" />
          </Titles>
        </NavBarArea>
        <NavBarArea Id="Sales">
          <Titles>
            <Title LCID="1033" Text="Sales" />
          </Titles>
        </NavBarArea>
        <NavBarArea Id="Service">
          <Titles>
            <Title LCID="1033" Text="Service" />
          </Titles>
        </NavBarArea>
        <NavBarArea Id="Marketing">
          <Titles>
            <Title LCID="1033" Text="Marketing" />
          </Titles>
        </NavBarArea>
        <NavBarArea Id="ProcessCenter">
          <Titles>
            <Title LCID="1033" Text="Process Sessions" />
          </Titles>
        </NavBarArea>
      </NavBarAreas>
    </Navigation>
    <controlDescriptions />
    <formLibraries>
      <Library name="nwm_/Script/Telemetry.js" libraryUniqueId="{b17dc5a8-7eeb-bc9a-773a-8457b5182c76}" />
      <Library name="nwm_/Script/callreport.js" libraryUniqueId="{d2263937-0eae-10c1-e6b2-db73091861b3}" />
    </formLibraries>
    <events>
      <event name="onload" application="false" active="false">
        <Handlers>
          <Handler functionName="captureTelemetry" libraryName="nwm_/Script/Telemetry.js" handlerUniqueId="{9be5062d-e2ee-d164-71a7-1d2c4951b7a3}" enabled="true" parameters="" passExecutionContext="false" />
        </Handlers>
      </event>
      <event name="onchange" application="false" active="false" attribute="nwm_makepublic">
        <Handlers>
          <Handler functionName="Rbs.Crm.FOS.CallReport.makePublic_OnChange" libraryName="nwm_/Script/callreport.js" handlerUniqueId="{71b4d0b6-7a2b-9288-86d7-3d87da2798c5}" enabled="true" parameters="" passExecutionContext="false" />
        </Handlers>
      </event>
    </events>
    <DisplayConditions Order="1">
      <Role Id="{5FE5C02C-EEF1-E611-80D8-3863BB358E18}" />
      <Role Id="{0B2D02D9-F0F1-E611-80D8-3863BB358E18}" />
      <Role Id="{627090ff-40a3-4053-8790-584edc5be201}" />
    </DisplayConditions>
  </form>
  <IsCustomizable>1</IsCustomizable>
  <CanBeDeleted>1</CanBeDeleted>
  <LocalizedNames>
    <LocalizedName description="PRIVATE" languagecode="1033" />
  </LocalizedNames>
  <Descriptions>
    <Description description="Private call report form for call report" languagecode="1033" />
  </Descriptions>
</systemform>