<?xml version="1.0" encoding="utf-8"?>
<forms xmlns:xsi="http://www.w3.org/2001/XMLSchema-instance">
  <systemform>
    <formid>{148bfb9d-ae0d-4f27-a22b-eae93ab2055f}</formid>
    <IntroducedVersion>1.0</IntroducedVersion>
    <FormPresentation>1</FormPresentation>
    <FormActivationState>1</FormActivationState>
    <form>
      <tabs>
        <tab
          verticallayout="true"
          id="{d9c40a26-a688-4e80-bcbd-2143b1569932}"
          IsUserDefined="1">
          <labels>
            <label
              description=""
              languagecode="1033" />
          </labels>
          <columns>
            <column
              width="100%">
              <sections>
                <section
                  showlabel="false"
                  showbar="false"
                  IsUserDefined="0"
                  id="{e97acd25-ed78-48a9-bb8d-2a64bf307aac}">
                  <labels>
                    <label
                      description="GENERAL"
                      languagecode="1033" />
                  </labels>
                  <rows>
                    <row>
                      <cell
                        id="{3e8f978a-2069-4b31-a633-ff43fbec4058}">
                        <labels>
                          <label
                            description="Name"
                            languagecode="1033" />
                        </labels>
                        <control
                          id="rhm_name"
                          classid="{4273EDBD-AC1D-40d3-9FB2-095C621B552D}"
                          datafieldname="rhm_name" />
                      </cell>
                    </row>
                    <row>
                      <cell
                        id="{659a13fd-5590-4772-8db7-71c7186eacc9}">
                        <labels>
                          <label
                            description="Owner"
                            languagecode="1033" />
                        </labels>
                        <control
                          id="ownerid"
                          classid="{270BD3DB-D9AF-4782-9025-509E298DEC0A}"
                          datafieldname="ownerid" />
                      </cell>
                    </row>
                  </rows>
                </section>
              </sections>
            </column>
          </columns>
        </tab>
      </tabs>
    </form>
    <IsCustomizable>1</IsCustomizable>
    <CanBeDeleted>1</CanBeDeleted>
    <LocalizedNames>
      <LocalizedName
        description="Information"
        languagecode="1033" />
    </LocalizedNames>
  </systemform>
</forms>