﻿<?xml version="1.0" encoding="utf-8"?>
<savedquery>
  <IsCustomizable>1</IsCustomizable>
  <CanBeDeleted>0</CanBeDeleted>
  <isquickfindquery>0</isquickfindquery>
  <isprivate>0</isprivate>
  <isdefault>1</isdefault>
  <returnedtypecode>10078</returnedtypecode>
  <savedqueryid>{370c585b-c6c6-43e2-bb23-79538251e2a8}</savedqueryid>
  <layoutxml>
    <grid name="resultset" object="10078" jump="nwm_name" select="1" icon="1" preview="1">
      <row name="result" id="nwm_callreportaccessuserid">
        <cell name="nwm_name" width="300" />
        <cell name="createdon" width="125" />
      </row>
    </grid>
  </layoutxml>
  <querytype>1</querytype>
  <fetchxml>
    <fetch version="1.0" mapping="logical">
      <entity name="nwm_callreportaccessuser">
        <attribute name="nwm_callreportaccessuserid" />
        <attribute name="nwm_name" />
        <attribute name="createdon" />
        <order attribute="nwm_name" descending="false" />
      </entity>
    </fetch>
  </fetchxml>
  <IntroducedVersion>0.0.0.1</IntroducedVersion>
  <LocalizedNames>
    <LocalizedName description="Call Report Access User Advanced Find View" languagecode="1033" />
  </LocalizedNames>
</savedquery>