﻿<?xml version="1.0" encoding="utf-8"?>
<savedquery>
  <IsCustomizable>1</IsCustomizable>
  <CanBeDeleted>0</CanBeDeleted>
  <isquickfindquery>0</isquickfindquery>
  <isprivate>0</isprivate>
  <isdefault>1</isdefault>
  <returnedtypecode>10078</returnedtypecode>
  <savedqueryid>{795c4a26-b307-4bfb-9406-0d9edc0433b2}</savedqueryid>
  <layoutxml>
    <grid name="resultset" object="10078" jump="nwm_name" select="1" icon="1" preview="1">
      <row name="result" id="nwm_callreportaccessuserid">
        <cell name="nwm_user" width="100" />
        <cell name="nwm_accesstype" width="100" />
      </row>
    </grid>
  </layoutxml>
  <querytype>0</querytype>
  <fetchxml>
    <fetch version="1.0" mapping="logical">
      <entity name="nwm_callreportaccessuser">
        <order attribute="nwm_user" descending="false" />
        <filter type="and">
          <condition attribute="statecode" operator="eq" value="0" />
        </filter>
        <attribute name="nwm_user" />
        <attribute name="nwm_accesstype" />
        <attribute name="nwm_callreportaccessuserid" />
      </entity>
    </fetch>
  </fetchxml>
  <IntroducedVersion>0.0.0.1</IntroducedVersion>
  <LocalizedNames>
    <LocalizedName description="Active Call Report Access Users" languagecode="1033" />
  </LocalizedNames>
</savedquery>