﻿<?xml version="1.0" encoding="utf-8"?>
<savedquery>
  <IsCustomizable>1</IsCustomizable>
  <CanBeDeleted>1</CanBeDeleted>
  <isquickfindquery>0</isquickfindquery>
  <isprivate>0</isprivate>
  <isdefault>1</isdefault>
  <returnedtypecode>10078</returnedtypecode>
  <savedqueryid>{915eba9f-bc03-e711-80da-1458d0431600}</savedqueryid>
  <querytype>8192</querytype>
  <fetchxml>
    <fetch version="1.0" mapping="logical" output-format="xml-platform">
      <entity name="nwm_callreportaccessuser">
        <attribute name="nwm_callreportaccessuserid" />
        <filter type="and">
          <condition attribute="statecode" operator="eq" value="0" />
          <condition attribute="ownerid" operator="eq-userid" />
        </filter>
      </entity>
    </fetch>
  </fetchxml>
  <IntroducedVersion>0.0.0.1</IntroducedVersion>
  <LocalizedNames>
    <LocalizedName description="My Call Report Access Users" languagecode="1033" />
  </LocalizedNames>
  <Descriptions>
    <Description description="Active Call Report Access Users owned by me" languagecode="1033" />
  </Descriptions>
</savedquery>