﻿<?xml version="1.0" encoding="utf-8"?>
<savedquery>
  <IsCustomizable>1</IsCustomizable>
  <CanBeDeleted>0</CanBeDeleted>
  <isquickfindquery>0</isquickfindquery>
  <isprivate>0</isprivate>
  <isdefault>1</isdefault>
  <returnedtypecode>10078</returnedtypecode>
  <savedqueryid>{a16a09e7-7500-47b8-9ccf-4516113c0abc}</savedqueryid>
  <layoutxml>
    <grid name="" object="10078" jump="nwm_name" select="1" icon="1" preview="1">
      <row name="nwm_callreportaccessuser" id="nwm_callreportaccessuserid">
        <cell name="nwm_user" width="100" />
        <cell name="nwm_accesstype" width="100" />
        <cell name="createdon" width="100" />
      </row>
    </grid>
  </layoutxml>
  <querytype>2</querytype>
  <fetchxml>
    <fetch version="1.0" mapping="logical">
      <entity name="nwm_callreportaccessuser">
        <order attribute="nwm_accesstype" descending="false" />
        <filter type="and">
          <condition attribute="statecode" operator="eq" value="0" />
        </filter>
        <attribute name="nwm_user" />
        <attribute name="nwm_accesstype" />
        <attribute name="createdon" />
        <attribute name="nwm_callreportaccessuserid" />
      </entity>
    </fetch>
  </fetchxml>
  <IntroducedVersion>0.0.0.1</IntroducedVersion>
  <LocalizedNames>
    <LocalizedName description="Call Report Access User Associated View" languagecode="1033" />
  </LocalizedNames>
</savedquery>