﻿<?xml version="1.0" encoding="utf-8"?>
<savedquery>
  <IsCustomizable>1</IsCustomizable>
  <CanBeDeleted>0</CanBeDeleted>
  <isquickfindquery>0</isquickfindquery>
  <isprivate>0</isprivate>
  <isdefault>1</isdefault>
  <returnedtypecode>10078</returnedtypecode>
  <savedqueryid>{f2e722e0-07ac-4d1a-bd5b-4b259385280b}</savedqueryid>
  <layoutxml>
    <grid name="" object="10078" jump="nwm_name" select="1" icon="1" preview="0">
      <row name="nwm_callreportaccessuser" id="nwm_callreportaccessuserid">
        <cell name="nwm_name" width="300" />
        <cell name="createdon" width="125" />
      </row>
    </grid>
  </layoutxml>
  <querytype>64</querytype>
  <fetchxml>
    <fetch version="1.0" mapping="logical">
      <entity name="nwm_callreportaccessuser">
        <attribute name="nwm_callreportaccessuserid" />
        <attribute name="nwm_name" />
        <attribute name="createdon" />
        <filter type="and">
          <condition attribute="statecode" operator="eq" value="0" />
        </filter>
      </entity>
    </fetch>
  </fetchxml>
  <IntroducedVersion>0.0.0.1</IntroducedVersion>
  <LocalizedNames>
    <LocalizedName description="Call Report Access User Lookup View" languagecode="1033" />
  </LocalizedNames>
</savedquery>