<?xml version="1.0" encoding="utf-8"?>
<Entity xmlns:xsi="http://www.w3.org/2001/XMLSchema-instance">
  <Name
    LocalizedName="Task"
    OriginalName="">Task</Name>
  <EntityInfo>
    <entity
      Name="Task">
      <LocalizedNames>
        <LocalizedName
          description="Task"
          languagecode="1033" />
      </LocalizedNames>
      <LocalizedCollectionNames>
        <LocalizedCollectionName
          description="Tasks"
          languagecode="1033" />
      </LocalizedCollectionNames>
      <Descriptions>
        <Description
          description="Generic activity representing work needed to be done."
          languagecode="1033" />
      </Descriptions>
      <attributes>
        <attribute
          PhysicalName="rhm_Image1">
          <Type>image</Type>
          <Name>rhm_image1</Name>
          <LogicalName>rhm_image1</LogicalName>
          <RequiredLevel>none</RequiredLevel>
          <DisplayMask>DenormalizedChild|PrimaryImage|ValidForForm|ValidForGrid</DisplayMask>
          <ImeMode>disabled</ImeMode>
          <ValidForUpdateApi>1</ValidForUpdateApi>
          <ValidForReadApi>1</ValidForReadApi>
          <ValidForCreateApi>1</ValidForCreateApi>
          <IsCustomField>1</IsCustomField>
          <IsAuditEnabled>1</IsAuditEnabled>
          <IsLogical>1</IsLogical>
          <IsSecured>0</IsSecured>
          <IntroducedVersion>1.0.0.3</IntroducedVersion>
          <IsCustomizable>1</IsCustomizable>
          <IsRenameable>1</IsRenameable>
          <CanModifySearchSettings>0</CanModifySearchSettings>
          <CanModifyRequirementLevelSettings>0</CanModifyRequirementLevelSettings>
          <CanModifyAdditionalSettings>1</CanModifyAdditionalSettings>
          <SourceType>0</SourceType>
          <IsGlobalFilterEnabled>0</IsGlobalFilterEnabled>
          <IsSortableEnabled>0</IsSortableEnabled>
          <CanModifyGlobalFilterSettings>1</CanModifyGlobalFilterSettings>
          <CanModifyIsSortableSettings>1</CanModifyIsSortableSettings>
          <IsDataSourceSecret>0</IsDataSourceSecret>
          <AutoNumberFormat></AutoNumberFormat>
          <IsSearchable>0</IsSearchable>
          <IsFilterable>0</IsFilterable>
          <IsRetrievable>0</IsRetrievable>
          <IsLocalizable>0</IsLocalizable>
          <Format>jpeg</Format>
          <MaxLength>9437328</MaxLength>
          <MaxValue>10240</MaxValue>
          <displaynames>
            <displayname
              description="Image1"
              languagecode="1033" />
          </displaynames>
          <Descriptions>
            <Description
              description=""
              languagecode="1033" />
          </Descriptions>
        </attribute>
      </attributes>
      <EntitySetName>tasks</EntitySetName>
      <IsDuplicateCheckSupported>1</IsDuplicateCheckSupported>
      <IsBusinessProcessEnabled>1</IsBusinessProcessEnabled>
      <IsRequiredOffline>0</IsRequiredOffline>
      <IsInteractionCentricEnabled>1</IsInteractionCentricEnabled>
      <IsCollaboration>1</IsCollaboration>
      <AutoRouteToOwnerQueue>0</AutoRouteToOwnerQueue>
      <IsConnectionsEnabled>1</IsConnectionsEnabled>
      <IsDocumentManagementEnabled>0</IsDocumentManagementEnabled>
      <AutoCreateAccessTeams>0</AutoCreateAccessTeams>
      <IsOneNoteIntegrationEnabled>0</IsOneNoteIntegrationEnabled>
      <IsKnowledgeManagementEnabled>0</IsKnowledgeManagementEnabled>
      <IsSLAEnabled>0</IsSLAEnabled>
      <IsDocumentRecommendationsEnabled>0</IsDocumentRecommendationsEnabled>
      <IsBPFEntity>0</IsBPFEntity>
      <OwnershipTypeMask>UserOwned</OwnershipTypeMask>
      <IsAuditEnabled>0</IsAuditEnabled>
      <IsRetrieveAuditEnabled>0</IsRetrieveAuditEnabled>
      <IsRetrieveMultipleAuditEnabled>0</IsRetrieveMultipleAuditEnabled>
      <IsActivity>1</IsActivity>
      <ActivityTypeMask>CommunicationActivity</ActivityTypeMask>
      <IsActivityParty>0</IsActivityParty>
      <IsReplicated>1</IsReplicated>
      <IsReplicationUserFiltered>1</IsReplicationUserFiltered>
      <IsMailMergeEnabled>0</IsMailMergeEnabled>
      <IsVisibleInMobile>1</IsVisibleInMobile>
      <IsVisibleInMobileClient>1</IsVisibleInMobileClient>
      <IsReadOnlyInMobileClient>0</IsReadOnlyInMobileClient>
      <IsOfflineInMobileClient>1</IsOfflineInMobileClient>
      <DaysSinceRecordLastModified>0</DaysSinceRecordLastModified>
      <MobileOfflineFilters>&lt;fetch version="1.0" output-format="xml-platform" mapping="logical" distinct="false"&gt;&lt;entity name="task"&gt;&lt;/entity&gt;&lt;/fetch&gt;</MobileOfflineFilters>
      <IsMapiGridEnabled>0</IsMapiGridEnabled>
      <IsReadingPaneEnabled>1</IsReadingPaneEnabled>
      <IsQuickCreateEnabled>1</IsQuickCreateEnabled>
      <SyncToExternalSearchIndex>1</SyncToExternalSearchIndex>
      <IntroducedVersion>5.0.0.0</IntroducedVersion>
      <EnforceStateTransitions>0</EnforceStateTransitions>
      <EntityHelpUrlEnabled>0</EntityHelpUrlEnabled>
      <ChangeTrackingEnabled>1</ChangeTrackingEnabled>
      <IsEnabledForExternalChannels>0</IsEnabledForExternalChannels>
      <IsSolutionAware>0</IsSolutionAware>
      <HasRelatedNotes>True</HasRelatedNotes>
    </entity>
  </EntityInfo>
  <RibbonDiffXml />
</Entity>