﻿<?xml version="1.0" encoding="utf-8"?>
<savedquery>
  <IsCustomizable>1</IsCustomizable>
  <CanBeDeleted>0</CanBeDeleted>
  <isquickfindquery>0</isquickfindquery>
  <isprivate>0</isprivate>
  <isdefault>1</isdefault>
  <returnedtypecode>10091</returnedtypecode>
  <savedqueryid>{765b27a9-c77d-400e-a0c7-854d69f50907}</savedqueryid>
  <layoutxml>
    <grid name="" object="10091" jump="rbs_name" select="1" icon="1" preview="1">
      <row name="rbs_distributiontargetuser" id="rbs_distributiontargetuserid">
        <cell name="rbs_user" width="150" imageproviderfunctionname="" imageproviderwebresource="$webresource:" />
        <cell name="rbs_recordsassigned" width="100" />
        <cell name="rbs_distributionauditlog" width="150" imageproviderfunctionname="" imageproviderwebresource="$webresource:" />
      </row>
    </grid>
  </layoutxml>
  <querytype>2</querytype>
  <fetchxml>
    <fetch version="1.0" mapping="logical">
      <entity name="rbs_distributiontargetuser">
        <filter type="and">
          <condition attribute="statecode" operator="eq" value="0" />
        </filter>
        <order attribute="rbs_user" descending="false" />
        <attribute name="rbs_user" />
        <attribute name="rbs_recordsassigned" />
        <attribute name="rbs_distributionauditlog" />
        <attribute name="rbs_distributiontargetuserid" />
      </entity>
    </fetch>
  </fetchxml>
  <IntroducedVersion>1.0.0.0</IntroducedVersion>
  <LocalizedNames>
    <LocalizedName description="Distribution Target User Associated View" languagecode="1033" />
  </LocalizedNames>
</savedquery>