﻿<?xml version="1.0" encoding="utf-8"?>
<savedquery>
  <IsCustomizable>1</IsCustomizable>
  <CanBeDeleted>0</CanBeDeleted>
  <isquickfindquery>0</isquickfindquery>
  <isprivate>0</isprivate>
  <isdefault>0</isdefault>
  <returnedtypecode>10091</returnedtypecode>
  <savedqueryid>{9913d3bf-ce71-4d1b-808b-c61cb6810014}</savedqueryid>
  <layoutxml>
    <grid name="resultset" object="10091" jump="rbs_name" select="1" icon="1" preview="1">
      <row name="result" id="rbs_distributiontargetuserid">
        <cell name="rbs_user" width="150" imageproviderfunctionname="" imageproviderwebresource="$webresource:" />
        <cell name="rbs_recordsassigned" width="100" />
        <cell name="rbs_distributionauditlog" width="150" imageproviderfunctionname="" imageproviderwebresource="$webresource:" />
      </row>
    </grid>
  </layoutxml>
  <querytype>0</querytype>
  <fetchxml>
    <fetch version="1.0" mapping="logical">
      <entity name="rbs_distributiontargetuser">
        <filter type="and">
          <condition attribute="statecode" operator="eq" value="1" />
        </filter>
        <order attribute="rbs_user" descending="false" />
        <attribute name="rbs_user" />
        <attribute name="rbs_recordsassigned" />
        <attribute name="rbs_distributionauditlog" />
        <attribute name="rbs_distributiontargetuserid" />
      </entity>
    </fetch>
  </fetchxml>
  <IntroducedVersion>1.0.0.0</IntroducedVersion>
  <LocalizedNames>
    <LocalizedName description="Inactive Distribution Target Users" languagecode="1033" />
  </LocalizedNames>
</savedquery>