﻿<?xml version="1.0" encoding="utf-8"?>
<systemform>
  <formid>{a6b7aad5-1988-4151-afc0-1fd0fc5bca71}</formid>
  <IntroducedVersion>1.0.0.0</IntroducedVersion>
  <FormPresentation>1</FormPresentation>
  <FormActivationState>1</FormActivationState>
  <form>
    <tabs>
      <tab verticallayout="true" id="{38f377bc-577b-4b4f-b3e5-4405bb39f64a}" IsUserDefined="1">
        <labels>
          <label description="General" languagecode="1033" />
        </labels>
        <columns>
          <column width="100%">
            <sections>
              <section showlabel="false" showbar="false" IsUserDefined="0" id="{e6ee4f0c-563d-4370-873f-ca090ac6de6d}" height="auto">
                <labels>
                  <label description="General" languagecode="1033" />
                </labels>
                <rows>
                  <row>
                    <cell id="{26b76a8c-76eb-d00c-7ad1-6eeadce1c9b5}" showlabel="true" locklevel="0">
                      <labels>
                        <label description="Product" languagecode="1033" />
                      </labels>
                      <control id="rbsm_product" classid="{3EF39988-22BB-4f0b-BBBE-64B5A3748AEE}" datafieldname="rbsm_product" disabled="false" />
                    </cell>
                  </row>
                  <row>
                    <cell id="{35511286-d707-c332-a741-d39c78bd4aea}" showlabel="true" locklevel="0">
                      <labels>
                        <label description="Notification Queue" languagecode="1033" />
                      </labels>
                      <control id="rbsm_notificationqueue" classid="{270BD3DB-D9AF-4782-9025-509E298DEC0A}" datafieldname="rbsm_notificationqueue" disabled="false" />
                    </cell>
                  </row>
                  <row>
                    <cell id="{18d91c0d-4282-45e4-b494-520f7b5fd1a4}">
                      <labels>
                        <label description="Service Catalogue" languagecode="1033" />
                      </labels>
                      <control id="rbsm_servicecatalog" classid="{4273EDBD-AC1D-40d3-9FB2-095C621B552D}" datafieldname="rbsm_servicecatalog" />
                    </cell>
                  </row>
                </rows>
              </section>
            </sections>
          </column>
        </columns>
      </tab>
    </tabs>
    <header id="{135fb7c6-1db8-4825-912f-e926bd720585}" columns="111">
      <rows>
        <row>
          <cell id="{1cb9fbd8-71d8-4090-8d8a-01739fa747d9}" showlabel="false">
            <labels>
              <label description="" languagecode="1033" />
            </labels>
          </cell>
          <cell id="{0bd6ce72-6a8f-482e-a63d-a3ec0a9800f5}" showlabel="false">
            <labels>
              <label description="" languagecode="1033" />
            </labels>
          </cell>
          <cell id="{1c6be8e9-8ac8-14c7-48e7-710904347d6b}" showlabel="true" locklevel="0">
            <labels>
              <label description="Owner" languagecode="1033" />
            </labels>
            <control id="header_ownerid" classid="{270BD3DB-D9AF-4782-9025-509E298DEC0A}" datafieldname="ownerid" disabled="false" />
          </cell>
        </row>
      </rows>
    </header>
    <Navigation>
      <NavBar></NavBar>
      <NavBarAreas>
        <NavBarArea Id="Info">
          <Titles>
            <Title LCID="1033" Text="Common" />
          </Titles>
        </NavBarArea>
        <NavBarArea Id="Sales">
          <Titles>
            <Title LCID="1033" Text="Sales" />
          </Titles>
        </NavBarArea>
        <NavBarArea Id="Service">
          <Titles>
            <Title LCID="1033" Text="Service" />
          </Titles>
        </NavBarArea>
        <NavBarArea Id="Marketing">
          <Titles>
            <Title LCID="1033" Text="Marketing" />
          </Titles>
        </NavBarArea>
        <NavBarArea Id="ProcessCenter">
          <Titles>
            <Title LCID="1033" Text="Process Sessions" />
          </Titles>
        </NavBarArea>
      </NavBarAreas>
    </Navigation>
  </form>
  <IsCustomizable>1</IsCustomizable>
  <CanBeDeleted>1</CanBeDeleted>
  <LocalizedNames>
    <LocalizedName description="Information" languagecode="1033" />
  </LocalizedNames>
  <Descriptions>
    <Description description="A form for this entity." languagecode="1033" />
  </Descriptions>
</systemform>