﻿<?xml version="1.0" encoding="utf-8"?>
<systemform unmodified="1">
  <formid>{d830b05c-0c90-4dcf-be8b-5d22a856f510}</formid>
  <IntroducedVersion>5.0.0.0</IntroducedVersion>
  <FormPresentation>0</FormPresentation>
  <FormActivationState>1</FormActivationState>
  <form>
    <tabs>
      <tab name="general" verticallayout="true" id="{de610e0f-e42e-4a9a-9e4e-0545ccb70e1f}" IsUserDefined="0">
        <labels>
          <label description="General" languagecode="1033" />
          <label description="Ogólne" languagecode="1045" />
        </labels>
        <columns>
          <column width="100%">
            <sections>
              <section name="role information" showlabel="false" showbar="false" id="{c4cd2994-6cd0-4147-8fb3-057d38a93028}" IsUserDefined="0">
                <labels>
                  <label description="Role Information" languagecode="1033" />
                  <label description="Informacje o roli" languagecode="1045" />
                </labels>
                <rows>
                  <row>
                    <cell colspan="2" id="{0699bcbc-78a0-4682-b0e8-2c0fa91be06d}">
                      <labels>
                        <label description="Name" languagecode="1033" />
                        <label description="Nazwa" languagecode="1045" />
                      </labels>
                      <control id="name" classid="{4273EDBD-AC1D-40d3-9FB2-095C621B552D}" datafieldname="name" />
                    </cell>
                  </row>
                  <row>
                    <cell id="{23c85759-b939-4b9f-866c-cac980cabec8}">
                      <labels>
                        <label description="Created By" languagecode="1033" />
                        <label description="Utworzone przez" languagecode="1045" />
                      </labels>
                      <control id="createdby" classid="{270BD3DB-D9AF-4782-9025-509E298DEC0A}" datafieldname="createdby" />
                    </cell>
                    <cell id="{36ea142b-f999-40f9-b4ed-9ee1466d919f}">
                      <labels>
                        <label description="Created On" languagecode="1033" />
                        <label description="Data utworzenia" languagecode="1045" />
                      </labels>
                      <control id="createdon" classid="{5B773807-9FB2-42db-97C3-7A91EFF8ADFF}" datafieldname="createdon" />
                    </cell>
                  </row>
                  <row>
                    <cell id="{ec68566a-1fd2-4f90-9cf0-ccf489b09696}">
                      <labels>
                        <label description="Modified By" languagecode="1033" />
                        <label description="Zmodyfikowany przez" languagecode="1045" />
                      </labels>
                      <control id="modifiedby" classid="{270BD3DB-D9AF-4782-9025-509E298DEC0A}" datafieldname="modifiedby" />
                    </cell>
                    <cell id="{ce817da8-8d57-4f11-a51c-c0eeed3b51b0}">
                      <labels>
                        <label description="Modified On" languagecode="1033" />
                        <label description="Data modyfikacji" languagecode="1045" />
                      </labels>
                      <control id="modifiedon" classid="{5B773807-9FB2-42db-97C3-7A91EFF8ADFF}" datafieldname="modifiedon" />
                    </cell>
                  </row>
                  <row>
                    <cell id="{5584f41b-2073-4a0b-9d98-1b9a09f06b0a}">
                      <labels>
                        <label description="Parent Role" languagecode="1033" />
                        <label description="Rola nadrzędna" languagecode="1045" />
                      </labels>
                      <control id="parentroleid" classid="{270BD3DB-D9AF-4782-9025-509E298DEC0A}" datafieldname="parentroleid" />
                    </cell>
                    <cell id="{29162c12-5ffd-4290-8dbd-af6240358361}">
                      <labels>
                        <label description="" languagecode="1033" />
                      </labels>
                    </cell>
                  </row>
                </rows>
              </section>
            </sections>
          </column>
        </columns>
      </tab>
    </tabs>
  </form>
  <LocalizedNames>
    <LocalizedName description="Information" languagecode="1033" />
    <LocalizedName description="Informacje" languagecode="1045" />
  </LocalizedNames>
  <Descriptions>
    <Description description="A form for this entity." languagecode="1033" />
    <Description description="Formularz dotyczący tej encji." languagecode="1045" />
  </Descriptions>
</systemform>