﻿<?xml version="1.0" encoding="utf-8"?>
<systemform>
  <formid>{a41dc89b-612a-43f3-b08d-19d80906771f}</formid>
  <IntroducedVersion>1.0.1.0</IntroducedVersion>
  <FormPresentation>1</FormPresentation>
  <FormActivationState>1</FormActivationState>
  <form shownavigationbar="true" showImage="false" maxWidth="1900">
    <ancestor id="{a837e4a7-01b8-4f82-a475-be9abd67e667}" />
    <tabs>
      <tab name="tab_connections" id="{2ba28a77-2a12-c472-34e0-eee512d27471}" IsUserDefined="0" locklevel="0" showlabel="true" expanded="true" labelid="{f0a67666-6263-4f41-8443-cbdbf3843af8}">
        <labels>
          <label description="Connections" languagecode="1033" />
        </labels>
        <columns>
          <column width="100%">
            <sections>
              <section name="tab_4_section_1" showlabel="false" showbar="false" locklevel="0" id="{d8a77981-ae26-c9d4-8b0a-51c0dd8b6a23}" IsUserDefined="0" layout="varwidth" columns="1" labelwidth="115" height="auto" labelid="{bcf28404-f2d0-4e1c-8b5e-82417b0ed416}">
                <labels>
                  <label description="Section" languagecode="1033" />
                </labels>
                <rows>
                  <row>
                    <cell id="{87a0d7ce-ed7c-c7cb-c8a1-b471a7604e4e}" showlabel="false" colspan="1" auto="false" rowspan="19">
                      <labels>
                        <label description="connections_network" languagecode="1033" />
                      </labels>
                      <control id="WebResource_connections_network" classid="{9FDF5F91-88B1-47f4-AD53-C11EFC01A01D}">
                        <parameters>
                          <Url>rbsm_/app/components/widgets/connections.html</Url>
                          <PassParameters>false</PassParameters>
                          <Security>false</Security>
                          <Scrolling>no</Scrolling>
                          <Border>false</Border>
                        </parameters>
                      </control>
                      <events>
                        <event name="onload" application="false">
                          <dependencies />
                        </event>
                      </events>
                    </cell>
                  </row>
                  <row></row>
                  <row></row>
                  <row></row>
                  <row></row>
                  <row></row>
                  <row></row>
                  <row></row>
                  <row></row>
                  <row></row>
                  <row></row>
                  <row></row>
                  <row></row>
                  <row></row>
                  <row></row>
                  <row></row>
                  <row></row>
                  <row></row>
                  <row></row>
                </rows>
              </section>
            </sections>
          </column>
        </columns>
      </tab>
      <tab name="Summary" verticallayout="true" id="{b6a005fd-5964-4427-b39b-6750e1a5fa6f}" IsUserDefined="0" locklevel="0" showlabel="false" expanded="false" visible="false" labelid="{180733e9-09d3-487e-8547-024b15a7a12b}">
        <labels>
          <label description="Summary" languagecode="1033" />
        </labels>
        <columns>
          <column width="34%">
            <sections>
              <section name="Summary_section_6" showlabel="true" showbar="false" locklevel="0" id="{14ec6906-9ee6-467a-ee06-75ab226744b6}" IsUserDefined="0" layout="varwidth" columns="1" labelwidth="170" celllabelalignment="Left" celllabelposition="Top" labelid="{18047aa7-97fe-4e5f-8bf2-a47e4c4b0b0c}">
                <labels>
                  <label description="Opportunity Information" languagecode="1033" />
                </labels>
                <rows>
                  <row>
                    <cell colspan="1" id="{439e0732-3f3a-409d-98ba-83d3251cb64b}" showlabel="true" locklevel="0" labelid="{1d2aa3d0-9293-4983-b7a8-97b38655a011}">
                      <labels>
                        <label description="Summary" languagecode="1033" />
                      </labels>
                      <control id="name" classid="{4273EDBD-AC1D-40d3-9FB2-095C621B552D}" datafieldname="name" disabled="false" />
                    </cell>
                  </row>
                  <row>
                    <cell id="{a373b9ed-2787-2b43-e568-ede0cd425516}" showlabel="true" locklevel="0" rowspan="4" labelid="{d15748f5-6867-4727-99f6-3c59fdb4a001}">
                      <labels>
                        <label description="Description" languagecode="1033" />
                      </labels>
                      <control id="description" classid="{E0DECE4B-6FC8-4a8f-A065-082708572369}" datafieldname="description" disabled="false" />
                    </cell>
                  </row>
                  <row></row>
                  <row></row>
                  <row></row>
                </rows>
              </section>
              <section name="opportunity_information" showlabel="false" showbar="false" id="{5d1cf874-b807-4158-b230-1a13c1db73ad}" columns="1" IsUserDefined="0" locklevel="0" labelwidth="170" celllabelalignment="Left" celllabelposition="Left" height="auto" labelid="{4e06ea20-1240-40f7-a940-87c72eaf6ced}">
                <labels>
                  <label description="Opportunity Information" languagecode="1033" />
                </labels>
                <rows>
                  <row>
                    <cell id="{b060498e-5853-4382-8ea2-26ba7883f4da}" showlabel="true" locklevel="0" labelid="{32cd650d-f425-4a1f-ba81-bf2a10bb43ac}">
                      <labels>
                        <label description="Customer" languagecode="1033" />
                      </labels>
                      <control id="parentaccountid" classid="{270BD3DB-D9AF-4782-9025-509E298DEC0A}" datafieldname="parentaccountid" disabled="false">
                        <parameters>
                          <AutoResolve>true</AutoResolve>
                          <DisableMru>false</DisableMru>
                          <DisableQuickFind>false</DisableQuickFind>
                          <DisableViewPicker>false</DisableViewPicker>
                          <DefaultViewId>{A9AF0AB8-861D-4CFA-92A5-C6281FED7FAB}</DefaultViewId>
                          <AllowFilterOff>false</AllowFilterOff>
                        </parameters>
                      </control>
                    </cell>
                  </row>
                  <row>
                    <cell id="{86749ad0-5c87-760d-024d-b194557c2cda}" showlabel="true" locklevel="0" labelid="{613fe603-0ef2-4bad-823b-3c5b6bb506c7}">
                      <labels>
                        <label description="Primary Contact / Champion" languagecode="1033" />
                      </labels>
                      <control id="parentcontactid" classid="{270BD3DB-D9AF-4782-9025-509E298DEC0A}" datafieldname="parentcontactid" disabled="false">
                        <parameters>
                          <AutoResolve>true</AutoResolve>
                          <DisableMru>false</DisableMru>
                          <DisableQuickFind>false</DisableQuickFind>
                          <DisableViewPicker>false</DisableViewPicker>
                          <DefaultViewId>{A2D479C5-53E3-4C69-ADDD-802327E67A0D}</DefaultViewId>
                          <AllowFilterOff>false</AllowFilterOff>
                        </parameters>
                      </control>
                    </cell>
                  </row>
                  <row>
                    <cell id="{a2693627-9887-c2a0-0e12-16004bd07213}" showlabel="true" locklevel="0" labelid="{8e2d5b8b-00a1-46a1-8bde-0f295c46c9c0}">
                      <labels>
                        <label description="Priority" languagecode="1033" />
                      </labels>
                      <control id="prioritycode" classid="{3EF39988-22BB-4f0b-BBBE-64B5A3748AEE}" datafieldname="prioritycode" disabled="false" />
                    </cell>
                  </row>
                  <row>
                    <cell id="{965ea1e8-6cc7-1c04-a0b1-1ae027b73a97}" showlabel="true" locklevel="0" labelid="{1619b266-0d37-42d7-bee3-f68a6e4ed701}">
                      <labels>
                        <label description="DES Product" languagecode="1033" />
                      </labels>
                      <control id="rbsm_desproduct" classid="{3EF39988-22BB-4f0b-BBBE-64B5A3748AEE}" datafieldname="rbsm_desproduct" disabled="false" />
                    </cell>
                  </row>
                  <row>
                    <cell id="{90e5435c-61b5-7a30-ece9-65337a17d6ce}" showlabel="true" locklevel="0" labelid="{1b642879-d023-46f9-b834-73dd60d59cba}">
                      <labels>
                        <label description="Opportunity Package" languagecode="1033" />
                      </labels>
                      <control id="rbsm_opportunitypackageid" classid="{270BD3DB-D9AF-4782-9025-509E298DEC0A}" datafieldname="rbsm_opportunitypackageid" disabled="false" />
                    </cell>
                  </row>
                  <row>
                    <cell id="{33edda21-e23a-d503-c5b7-546e5e024194}" showlabel="true" locklevel="0" labelid="{dcbcefbc-96fc-4dbd-8d7f-c41364b39fcd}">
                      <labels>
                        <label description="Opportunity Source" languagecode="1033" />
                      </labels>
                      <control id="rbsm_opportunitysource" classid="{3EF39988-22BB-4f0b-BBBE-64B5A3748AEE}" datafieldname="rbsm_opportunitysource" disabled="false" />
                    </cell>
                  </row>
                  <row>
                    <cell id="{58c561c0-405d-4b8a-ceb9-9b2c8520dead}" showlabel="true" locklevel="0" labelid="{7c866f66-b60a-4ab5-a4f6-e2d521be141f}">
                      <labels>
                        <label description="Classification" languagecode="1033" />
                      </labels>
                      <control id="rbsm_applicationclassification" classid="{3EF39988-22BB-4f0b-BBBE-64B5A3748AEE}" datafieldname="rbsm_applicationclassification" disabled="false" />
                    </cell>
                  </row>
                  <row>
                    <cell id="{73d4b9dc-234a-03ad-aa23-7b8b1677dd94}" showlabel="true" locklevel="0" labelid="{39df1501-61f4-4d2b-988b-386f244c5050}">
                      <labels>
                        <label description="Customer Type" languagecode="1033" />
                      </labels>
                      <control id="rbsm_applicationusage" classid="{3EF39988-22BB-4f0b-BBBE-64B5A3748AEE}" datafieldname="rbsm_applicationusage" disabled="false" />
                    </cell>
                  </row>
                  <row>
                    <cell id="{4a5a47d3-e26a-275d-2710-7b78041ad7a1}" showlabel="true" locklevel="0" labelid="{a8113746-3f58-47b7-9f70-c40b0e659319}">
                      <labels>
                        <label description="Target Customer Numbers (OLD)" languagecode="1033" />
                      </labels>
                      <control id="rbsm_targetcustomernumbers" classid="{3EF39988-22BB-4f0b-BBBE-64B5A3748AEE}" datafieldname="rbsm_targetcustomernumbers" disabled="false" />
                    </cell>
                  </row>
                  <row>
                    <cell id="{3551c830-1037-b18b-a9de-570141a40ed2}" showlabel="true" locklevel="0" labelid="{320e06d6-b494-4725-9d58-33673ee4bbe0}">
                      <labels>
                        <label description="Target Customer Number" languagecode="1033" />
                      </labels>
                      <control id="rbsm_targetcustomernumber" classid="{C6D124CA-7EDA-4a60-AEA9-7FB8D318B68F}" datafieldname="rbsm_targetcustomernumber" disabled="false" />
                    </cell>
                  </row>
                  <row>
                    <cell id="{87182b34-a1d6-21e2-4e90-9b6549dba0dd}" showlabel="true" locklevel="0" rowspan="3" labelid="{a0bfc513-f010-4109-9da8-8a830ccb87dc}">
                      <labels>
                        <label description="POC/POV Comments" languagecode="1033" />
                      </labels>
                      <control id="proposedsolution" classid="{E0DECE4B-6FC8-4a8f-A065-082708572369}" datafieldname="proposedsolution" disabled="false" />
                    </cell>
                  </row>
                  <row></row>
                  <row></row>
                  <row>
                    <cell id="{c8721501-7767-8dda-dee4-ca2554662a8b}" showlabel="true" locklevel="0" labelid="{91395a5a-d2fb-4233-92a7-c9b04724dafd}">
                      <labels>
                        <label description="Investment Programme" languagecode="1033" />
                      </labels>
                      <control id="rbsm_programme" classid="{270BD3DB-D9AF-4782-9025-509E298DEC0A}" datafieldname="rbsm_programme" disabled="false">
                        <parameters>
                          <AutoResolve>true</AutoResolve>
                          <DisableMru>false</DisableMru>
                          <DisableQuickFind>false</DisableQuickFind>
                          <DisableViewPicker>false</DisableViewPicker>
                          <DefaultViewId>{B924E0A4-2198-E511-9F13-005056AE52C3}</DefaultViewId>
                          <AllowFilterOff>false</AllowFilterOff>
                        </parameters>
                      </control>
                    </cell>
                  </row>
                  <row>
                    <cell id="{ebcec694-d1c7-32b9-7071-e3ee40c88989}" showlabel="false" colspan="1" auto="false" labelid="{baa6a81b-453c-4a6d-975b-ba64a3644888}">
                      <labels>
                        <label description="Programme Details" languagecode="1033" />
                      </labels>
                      <control id="ProgrammeDetails" classid="{5C5600E0-1D6E-4205-A272-BE80DA87FD42}" datafieldname="rbsm_programme" disabled="false">
                        <parameters>
                          <QuickForms>&lt;QuickFormIds&gt;&lt;QuickFormId entityname="rbsm_programme"&gt;435b4594-ac97-4c9a-9e04-444970499110&lt;/QuickFormId&gt;&lt;/QuickFormIds&gt;</QuickForms>
                          <ControlMode>Edit</ControlMode>
                        </parameters>
                      </control>
                    </cell>
                  </row>
                </rows>
              </section>
              <section name="Summary_section_5" showlabel="false" showbar="false" locklevel="0" id="{77a26e06-0405-b025-7133-516984c4d863}" IsUserDefined="0" layout="varwidth" columns="1" labelwidth="115" labelid="{741a8256-9884-4285-8d03-0af08ded42f4}">
                <labels>
                  <label description="Section" languagecode="1033" />
                </labels>
                <rows>
                  <row>
                    <cell id="{c7805142-1dd6-6526-0a40-2b83200c6de4}" showlabel="false" labelid="{7106c9e8-1df4-4632-80ca-d346baf4d099}">
                      <labels>
                        <label description="" languagecode="1033" />
                      </labels>
                    </cell>
                  </row>
                </rows>
              </section>
              <section name="Summary_section_7" showlabel="false" showbar="false" locklevel="0" id="{4c30c587-26a9-3552-c03b-dd4bec5b4de8}" IsUserDefined="0" layout="varwidth" columns="1" labelwidth="115" labelid="{0c2bcd61-69e8-46ef-859a-9090184b6899}">
                <labels>
                  <label description="Section" languagecode="1033" />
                </labels>
                <rows>
                  <row>
                    <cell id="{9cb772b0-9c04-2959-b658-0a902397b23a}" showlabel="false" labelid="{fd15cd3b-4d5f-4578-9146-96412f5671d8}">
                      <labels>
                        <label description="" languagecode="1033" />
                      </labels>
                    </cell>
                  </row>
                </rows>
              </section>
            </sections>
          </column>
          <column width="33%">
            <sections>
              <section id="{2acbb9d3-693b-4962-b58b-42a0e110e02a}" name="Summary_column_2_section_1" columns="11" showlabel="false" showbar="false" IsUserDefined="0" labelid="{26e8ac40-9976-485a-b147-eea51ce9d98a}">
                <labels>
                  <label description="section" languagecode="1033" />
                </labels>
                <rows>
                  <row>
                    <cell id="{3722234a-5c16-4727-9069-c8e4a70852a8}" showlabel="false" labelid="{5130c1c2-00ac-40f2-95bb-7b3a12d6556d}">
                      <labels>
                        <label description="" languagecode="1033" />
                      </labels>
                    </cell>
                    <cell id="{55e37c25-6aa8-4a8b-b053-fd22ceaf4cc9}" showlabel="false" labelid="{b612af9c-4538-4be3-b672-e8502f44c994}">
                      <labels>
                        <label description="" languagecode="1033" />
                      </labels>
                    </cell>
                  </row>
                </rows>
              </section>
            </sections>
          </column>
          <column width="33%">
            <sections>
              <section name="Summary_section_4" showlabel="false" showbar="false" locklevel="0" id="{2582d248-c930-0048-6475-480eb0247343}" IsUserDefined="0" layout="varwidth" columns="1" labelwidth="160" celllabelalignment="Left" celllabelposition="Left" labelid="{9948a64c-fffc-44bb-90b3-54937c8fee3a}">
                <labels>
                  <label description="Section" languagecode="1033" />
                </labels>
                <rows>
                  <row>
                    <cell id="{798de0be-acfe-4480-b3f7-69312505588a}" colspan="1" auto="false" rowspan="5" showlabel="true" labelid="{9af82913-19da-440b-8093-539451cf7408}">
                      <labels>
                        <label description="STAKEHOLDERS" languagecode="1033" />
                      </labels>
                      <control id="Stakeholders" classid="{E7A81278-8635-4d9e-8D4D-59480B391C5B}">
                        <parameters>
                          <ViewId>{4E3600FA-B9C8-49F4-B69A-51EBA06D9BDF}</ViewId>
                          <IsUserView>false</IsUserView>
                          <RelationshipName>opportunity_connections1</RelationshipName>
                          <TargetEntityType>connection</TargetEntityType>
                          <AutoExpand>Fixed</AutoExpand>
                          <EnableQuickFind>false</EnableQuickFind>
                          <EnableViewPicker>false</EnableViewPicker>
                          <ViewIds>{4E3600FA-B9C8-49F4-B69A-51EBA06D9BDF}</ViewIds>
                          <EnableJumpBar>false</EnableJumpBar>
                          <ChartGridMode>Grid</ChartGridMode>
                          <VisualizationId />
                          <IsUserChart>false</IsUserChart>
                          <EnableChartPicker>false</EnableChartPicker>
                          <RecordsPerPage>3</RecordsPerPage>
                        </parameters>
                      </control>
                    </cell>
                  </row>
                  <row></row>
                  <row></row>
                  <row></row>
                  <row></row>
                  <row>
                    <cell id="{92822c63-42c0-4b31-8cb5-8ce123553796}" colspan="1" auto="false" rowspan="5" showlabel="true" labelid="{7550f774-0de0-4065-a441-97fe7aa80509}">
                      <labels>
                        <label description="DES TEAM" languagecode="1033" />
                      </labels>
                      <control id="Pursuit_Team" classid="{E7A81278-8635-4d9e-8D4D-59480B391C5B}">
                        <parameters>
                          <ViewId>{FE4BC089-8901-466C-A41B-1C1090F204D4}</ViewId>
                          <IsUserView>false</IsUserView>
                          <RelationshipName>opportunity_connections1</RelationshipName>
                          <TargetEntityType>connection</TargetEntityType>
                          <AutoExpand>Fixed</AutoExpand>
                          <EnableQuickFind>false</EnableQuickFind>
                          <EnableViewPicker>false</EnableViewPicker>
                          <ViewIds>{7C0E0725-CCD9-4525-9313-665FD075652F}</ViewIds>
                          <EnableJumpBar>false</EnableJumpBar>
                          <ChartGridMode>Grid</ChartGridMode>
                          <VisualizationId />
                          <IsUserChart>false</IsUserChart>
                          <EnableChartPicker>false</EnableChartPicker>
                          <RecordsPerPage>3</RecordsPerPage>
                        </parameters>
                      </control>
                    </cell>
                  </row>
                  <row></row>
                  <row></row>
                  <row></row>
                  <row></row>
                </rows>
              </section>
              <section name="Notes_pane" showlabel="false" showbar="false" id="{cbe1fe44-90c3-40f3-9307-2e72bdefe443}" layout="varwidth" columns="11" celllabelposition="Top" locklevel="0" labelwidth="115" IsUserDefined="0" celllabelalignment="Left" labelid="{bd7549ef-c3d8-47e4-b259-a8a75ec2e3a8}">
                <labels>
                  <label description="NOTES PANE" languagecode="1033" />
                </labels>
                <rows>
                  <row>
                    <cell id="{aa243395-b7de-d536-6627-39b53414159d}" showlabel="false" rowspan="13" auto="false" colspan="2" locklevel="0" labelid="{cf00c8b0-4808-48c3-bbb7-5430b5bb252b}">
                      <labels>
                        <label description="Note Text" languagecode="1033" />
                      </labels>
                      <control id="notescontrol" classid="{06375649-c143-495e-a496-c962e5b4488e}" disabled="false">
                        <parameters>
                          <DefaultTabId>ActivitiesTab</DefaultTabId>
                        </parameters>
                      </control>
                    </cell>
                  </row>
                  <row></row>
                  <row></row>
                  <row></row>
                  <row></row>
                  <row></row>
                  <row></row>
                  <row></row>
                  <row></row>
                  <row></row>
                  <row></row>
                  <row></row>
                  <row></row>
                </rows>
              </section>
            </sections>
          </column>
        </columns>
      </tab>
      <tab name="tab_opportunity_detail" id="{11427e41-8555-10ce-b110-cbe7cb1d35e8}" IsUserDefined="0" locklevel="0" showlabel="false" expanded="false" visible="false" labelid="{f4fe6295-fa0c-4da6-8d54-1de6d59f13bf}">
        <labels>
          <label description="Addtional Information" languagecode="1033" />
        </labels>
        <columns>
          <column width="100%">
            <sections>
              <section name="tab_opportunity_development_section_checks" showlabel="false" showbar="false" locklevel="0" id="{79647901-83ee-9985-6eb7-2752e90991ab}" IsUserDefined="0" layout="varwidth" columns="11" labelwidth="200" celllabelalignment="Left" celllabelposition="Left" labelid="{f6b53cd1-0f52-44b1-9861-9923cc072bc2}">
                <labels>
                  <label description="Checks" languagecode="1033" />
                </labels>
                <rows>
                  <row>
                    <cell id="{b28e7799-c992-8100-bce6-caa124630250}" showlabel="true" locklevel="0" labelid="{0f88c9e3-94b0-4d87-873a-6dd96df98d5c}">
                      <labels>
                        <label description="Is Project In Budget" languagecode="1033" />
                      </labels>
                      <control id="rbsm_isprojectinbudget" classid="{3EF39988-22BB-4f0b-BBBE-64B5A3748AEE}" datafieldname="rbsm_isprojectinbudget" disabled="false" />
                    </cell>
                    <cell id="{6a2d630a-e226-a4ad-92ad-e72325156d74}" showlabel="true" locklevel="0" labelid="{f25775e9-ea26-4fb9-8776-6fdd1d98e4d3}">
                      <labels>
                        <label description="Potential Revenue Upside" languagecode="1033" />
                      </labels>
                      <control id="rbsm_potentialrevenueupside" classid="{533B9E00-756B-4312-95A0-DC888637AC78}" datafieldname="rbsm_potentialrevenueupside" disabled="false" />
                    </cell>
                  </row>
                  <row>
                    <cell id="{456e43a3-2403-4a0c-8717-1e432eb21a21}" showlabel="true" locklevel="0" labelid="{25fe2d37-e0e1-4706-98d6-46b28d442687}">
                      <labels>
                        <label description="Business Case Developed" languagecode="1033" />
                      </labels>
                      <control id="rbsm_businesscasedeveloped" classid="{B0C6723A-8503-4fd7-BB28-C8A06AC933C2}" datafieldname="rbsm_businesscasedeveloped" disabled="false" />
                    </cell>
                    <cell id="{585d1c91-3128-4cb4-10c1-51a8c9400db1}" showlabel="true" locklevel="0" labelid="{dbcb771a-32c9-40d0-9677-c4c0ce895f5b}">
                      <labels>
                        <label description="Potential Customer Numbers Upside" languagecode="1033" />
                      </labels>
                      <control id="rbsm_potentialcustomernumbersupside" classid="{C6D124CA-7EDA-4a60-AEA9-7FB8D318B68F}" datafieldname="rbsm_potentialcustomernumbersupside" disabled="false" />
                    </cell>
                  </row>
                  <row>
                    <cell id="{9b4359dc-5d0a-92ae-c2a7-100ad0158dad}" showlabel="true" locklevel="0" labelid="{76baa91e-f480-4133-b467-56ea23c57478}">
                      <labels>
                        <label description="Qualified at Sales Meeting" languagecode="1033" />
                      </labels>
                      <control id="rbsm_qualifiedatsalesmeeting" classid="{B0C6723A-8503-4fd7-BB28-C8A06AC933C2}" datafieldname="rbsm_qualifiedatsalesmeeting" disabled="false" />
                    </cell>
                    <cell id="{373242b6-6811-de09-2be3-e65a9472751a}" showlabel="true" locklevel="0" labelid="{83e2788c-eac3-42c6-865a-ddbc28180bad}">
                      <labels>
                        <label description="Process To Close Understood" languagecode="1033" />
                      </labels>
                      <control id="rbsm_processtocloseunderstood" classid="{3EF39988-22BB-4f0b-BBBE-64B5A3748AEE}" datafieldname="rbsm_processtocloseunderstood" disabled="false" />
                    </cell>
                  </row>
                  <row>
                    <cell id="{8a00943a-60ae-d2b6-2ca2-09a91244b2d2}" showlabel="true" locklevel="0" labelid="{b68daaea-f340-45e5-b02c-4b206bedf1c9}">
                      <labels>
                        <label description="Quote Delivered" languagecode="1033" />
                      </labels>
                      <control id="rbsm_quotedelivered" classid="{B0C6723A-8503-4fd7-BB28-C8A06AC933C2}" datafieldname="rbsm_quotedelivered" disabled="false" />
                    </cell>
                    <cell id="{0ee4ed99-3c44-9c47-8603-611a5e47d749}" showlabel="true" locklevel="0" rowspan="3" labelid="{6fe054f1-e2bb-4443-bb06-2d9edf398ce7}">
                      <labels>
                        <label description="Win Strategy" languagecode="1033" />
                      </labels>
                      <control id="rbsm_winstrategy" classid="{E0DECE4B-6FC8-4a8f-A065-082708572369}" datafieldname="rbsm_winstrategy" disabled="false" />
                    </cell>
                  </row>
                  <row>
                    <cell id="{c7de4a38-e2a3-0215-ee09-1b539c17c4cd}" showlabel="true" locklevel="0" labelid="{15689b9f-2457-4f43-9e1e-64097343d85e}">
                      <labels>
                        <label description="Project Code" languagecode="1033" />
                      </labels>
                      <control id="rbsm_projectid" classid="{270BD3DB-D9AF-4782-9025-509E298DEC0A}" datafieldname="rbsm_projectid" disabled="false">
                        <parameters>
                          <AutoResolve>true</AutoResolve>
                          <DisableMru>false</DisableMru>
                          <DisableQuickFind>false</DisableQuickFind>
                          <DisableViewPicker>false</DisableViewPicker>
                          <DefaultViewId>{7FC3690C-1329-42CF-B179-2CB1D7BB963D}</DefaultViewId>
                          <AllowFilterOff>false</AllowFilterOff>
                        </parameters>
                      </control>
                    </cell>
                  </row>
                  <row>
                    <cell id="{708ee1c3-8327-5047-9b2c-65b4e99bcca1}" showlabel="true" locklevel="0" labelid="{2cc2096d-e29b-4018-b91e-c55a8969fa4f}">
                      <labels>
                        <label description="In Franchise Engagement Report" languagecode="1033" />
                      </labels>
                      <control id="rbsm_infranchiseengagementreport" classid="{B0C6723A-8503-4fd7-BB28-C8A06AC933C2}" datafieldname="rbsm_infranchiseengagementreport" disabled="false" />
                    </cell>
                  </row>
                  <row>
                    <cell id="{dce2a330-91ee-bc98-3575-cd421844d1e2}" showlabel="false" userspacer="true" labelid="{3d05b08f-79de-4a96-95fd-47fc764b625b}">
                      <labels>
                        <label description="" languagecode="1033" />
                      </labels>
                    </cell>
                    <cell id="{39347e97-3770-5bc3-a9a8-13e21389169c}" showlabel="false" userspacer="true" labelid="{e4635975-fe02-45a0-84fc-37deb9dec283}">
                      <labels>
                        <label description="" languagecode="1033" />
                      </labels>
                    </cell>
                  </row>
                  <row>
                    <cell id="{c78ce713-4232-5b9b-dca6-53abb8b1eec1}" showlabel="true" colspan="2" auto="false" rowspan="6" labelid="{86d79554-30b0-4345-a1bb-0a8b8d1b53e1}">
                      <labels>
                        <label description="RAID Logs" languagecode="1033" />
                      </labels>
                      <control id="raid_logs_grid" classid="{E7A81278-8635-4d9e-8D4D-59480B391C5B}">
                        <parameters>
                          <ViewId>{100387A0-DBBF-46C1-9A87-9E4A027A74D6}</ViewId>
                          <IsUserView>false</IsUserView>
                          <RelationshipName>rbsm_opportunity_rbsm_raidlog</RelationshipName>
                          <TargetEntityType>rbsm_raidlog</TargetEntityType>
                          <AutoExpand>Fixed</AutoExpand>
                          <EnableQuickFind>false</EnableQuickFind>
                          <EnableViewPicker>false</EnableViewPicker>
                          <ViewIds>{100387A0-DBBF-46C1-9A87-9E4A027A74D6}</ViewIds>
                          <EnableJumpBar>false</EnableJumpBar>
                          <ChartGridMode>Grid</ChartGridMode>
                          <VisualizationId />
                          <IsUserChart>false</IsUserChart>
                          <EnableChartPicker>false</EnableChartPicker>
                          <RecordsPerPage>4</RecordsPerPage>
                        </parameters>
                      </control>
                    </cell>
                  </row>
                  <row></row>
                  <row></row>
                  <row></row>
                  <row></row>
                  <row></row>
                </rows>
              </section>
            </sections>
          </column>
        </columns>
      </tab>
      <tab name="Hidden Section" id="{b20940ed-6077-2927-30aa-007cc149e457}" IsUserDefined="0" locklevel="0" showlabel="false" visible="false" expanded="false" labelid="{cff52872-8000-4620-b861-aac877c4f23c}">
        <labels>
          <label description="Hidden Section" languagecode="1033" />
        </labels>
        <columns>
          <column width="100%">
            <sections>
              <section name="tab_2_section_1" showlabel="false" showbar="false" locklevel="0" id="{44021484-673b-c3bb-4073-2da46768083a}" IsUserDefined="0" layout="varwidth" columns="1" labelwidth="115" labelid="{34ef2176-ab30-4ef3-befc-0c79513c739b}">
                <labels>
                  <label description="Section" languagecode="1033" />
                </labels>
                <rows>
                  <row>
                    <cell id="{3cd7ad69-111a-3403-065c-43051a928099}" showlabel="false" colspan="1" auto="false" rowspan="5" labelid="{8ca1518c-4d74-4ac1-8d86-792e35002f28}">
                      <labels>
                        <label description="Resource Strategies" languagecode="1033" />
                      </labels>
                      <control id="ResourceStrategies" classid="{E7A81278-8635-4d9e-8D4D-59480B391C5B}">
                        <parameters>
                          <ViewId>{13ABE818-AC5F-4148-A059-2461D76999E0}</ViewId>
                          <IsUserView>false</IsUserView>
                          <RelationshipName>rbsm_opportunity_resourcestrategy</RelationshipName>
                          <TargetEntityType>rbsm_resourcestrategy</TargetEntityType>
                          <AutoExpand>Fixed</AutoExpand>
                          <EnableQuickFind>false</EnableQuickFind>
                          <EnableViewPicker>false</EnableViewPicker>
                          <ViewIds>{13ABE818-AC5F-4148-A059-2461D76999E0}</ViewIds>
                          <EnableJumpBar>false</EnableJumpBar>
                          <ChartGridMode>All</ChartGridMode>
                          <VisualizationId />
                          <IsUserChart>false</IsUserChart>
                          <EnableChartPicker>true</EnableChartPicker>
                          <RecordsPerPage>3</RecordsPerPage>
                        </parameters>
                      </control>
                    </cell>
                  </row>
                  <row></row>
                  <row></row>
                  <row></row>
                  <row></row>
                  <row>
                    <cell id="{4c69d917-e84e-4c9d-ba14-f7bb5bc0a51f}" labelid="{b8f00677-7c6b-4bb0-88f8-54449bc4698d}">
                      <labels>
                        <label description="Currency" languagecode="1033" />
                      </labels>
                      <control id="transactioncurrencyid" classid="{270BD3DB-D9AF-4782-9025-509E298DEC0A}" datafieldname="transactioncurrencyid" />
                    </cell>
                  </row>
                  <row>
                    <cell id="{ba131dc7-aa7c-4d8b-9c94-421ed8a7ddaf}" showlabel="true" locklevel="0" labelid="{0c012d82-a18a-4987-88d5-8e7d410d073a}">
                      <labels>
                        <label description="Price List" languagecode="1033" />
                      </labels>
                      <events>
                        <event name="setAdditionalParams" application="true" active="true">
                          <InternalHandlers>
                            <Handler functionName="Mscrm.pricelevelid_setadditionalparams" libraryName="Opportunity_main_system_library.js" handlerUniqueId="1191cc10-3daa-4368-9615-e3fb183f2189" enabled="true" passExecutionContext="true">
                              <dependencies>
                                <dependency id="transactioncurrencyid" />
                              </dependencies>
                            </Handler>
                          </InternalHandlers>
                        </event>
                      </events>
                      <control id="pricelevelid" classid="{270BD3DB-D9AF-4782-9025-509E298DEC0A}" datafieldname="pricelevelid" disabled="false">
                        <parameters>
                          <AutoResolve>true</AutoResolve>
                          <DisableMru>false</DisableMru>
                          <DisableQuickFind>false</DisableQuickFind>
                          <DisableViewPicker>false</DisableViewPicker>
                          <DefaultViewId>{EE499892-35E1-4D07-A1B7-BB69FE9BFD42}</DefaultViewId>
                          <AllowFilterOff>false</AllowFilterOff>
                        </parameters>
                      </control>
                    </cell>
                  </row>
                  <row>
                    <cell id="{D96BA356-1581-46E0-937C-49033D55E3A2}" labelid="{d796fe07-a9eb-485c-8d09-f8d67c8b41ec}">
                      <labels>
                        <label description="Total Amount" languagecode="1033" />
                      </labels>
                      <control id="totalamount" classid="{533B9E00-756B-4312-95A0-DC888637AC78}" datafieldname="totalamount" />
                    </cell>
                  </row>
                  <row>
                    <cell id="{0B8DF861-AE32-4C79-9C4E-2ECAA9F74712}" labelid="{1e06e789-c25e-44e4-901b-65f2d3b82ed2}">
                      <labels>
                        <label description="Revenue" languagecode="1033" />
                      </labels>
                      <control id="isrevenuesystemcalculated" classid="{67FAC785-CD58-4f9f-ABB3-4B7DDC6ED5ED}" datafieldname="isrevenuesystemcalculated" />
                    </cell>
                  </row>
                  <row>
                    <cell id="{07a0b576-8217-42a0-482b-9962352c9c04}" showlabel="true" locklevel="0" labelid="{a9454f48-1e6c-4574-8434-4aa3c7ac9eba}">
                      <labels>
                        <label description="Probability" languagecode="1033" />
                      </labels>
                      <control id="closeprobability" classid="{C6D124CA-7EDA-4a60-AEA9-7FB8D318B68F}" datafieldname="closeprobability" disabled="false" />
                    </cell>
                  </row>
                  <row>
                    <cell id="{e857737c-4904-2a21-b553-03b8225693b7}" showlabel="true" locklevel="0" labelid="{d002c5f3-0397-4564-aaa0-90f69a86ca6d}">
                      <labels>
                        <label description="Actual Close Date" languagecode="1033" />
                      </labels>
                      <control id="actualclosedate" classid="{5B773807-9FB2-42db-97C3-7A91EFF8ADFF}" datafieldname="actualclosedate" disabled="false" />
                    </cell>
                  </row>
                  <row>
                    <cell id="{4823b482-06d5-6e14-ae81-44a8c0ae2196}" showlabel="true" locklevel="0" labelid="{4d76b67c-aae1-48b7-add8-12f79db228c3}">
                      <labels>
                        <label description="Actual Funding / Revenue" languagecode="1033" />
                      </labels>
                      <control id="actualvalue" classid="{533B9E00-756B-4312-95A0-DC888637AC78}" datafieldname="actualvalue" disabled="false" />
                    </cell>
                  </row>
                </rows>
              </section>
              <section name="Hidden Section_section_2" showlabel="false" showbar="false" locklevel="0" id="{417886eb-ed05-4724-0851-ec653ee1c27b}" IsUserDefined="0" layout="varwidth" columns="1" labelwidth="115" labelid="{e11a76f0-3806-4903-b64d-44a1679f6ce9}">
                <labels>
                  <label description="Section" languagecode="1033" />
                </labels>
                <rows>
                  <row>
                    <cell id="{d0ed7ee2-0b00-34d3-9c11-4a9965458921}" showlabel="false" labelid="{04087cc6-2085-4127-bf1c-af863d2484c7}">
                      <labels>
                        <label description="" languagecode="1033" />
                      </labels>
                    </cell>
                  </row>
                </rows>
              </section>
              <section name="Hidden Section_section_3" showlabel="false" showbar="false" locklevel="0" id="{602ce000-a038-5076-adea-a90e359d657a}" IsUserDefined="0" layout="varwidth" columns="1" labelwidth="115" labelid="{893c136f-8baa-4760-a3cf-32e361dad316}">
                <labels>
                  <label description="Section" languagecode="1033" />
                </labels>
                <rows>
                  <row>
                    <cell id="{c331171d-9a8d-0dbc-3c85-a8c01b8b1ea7}" showlabel="false" labelid="{b53bdb2a-410b-4d1b-aad0-897e7c302ec4}">
                      <labels>
                        <label description="" languagecode="1033" />
                      </labels>
                    </cell>
                  </row>
                </rows>
              </section>
            </sections>
          </column>
        </columns>
      </tab>
    </tabs>
    <header id="{ee909091-5a89-403e-bf82-f34512080f08}" celllabelposition="Top" columns="1111" labelwidth="150" celllabelalignment="Left">
      <rows>
        <row>
          <cell id="{5d052e45-4336-50b2-189b-69da2ea4c844}" showlabel="true" locklevel="0" labelid="{345fb2fb-6720-498c-a2b4-f822d8413d97}">
            <labels>
              <label description="Est. Funding / Revenue" languagecode="1033" />
            </labels>
            <control id="header_estimatedvalue" classid="{533B9E00-756B-4312-95A0-DC888637AC78}" datafieldname="estimatedvalue" disabled="false" />
          </cell>
          <cell id="{11eeb0e6-2832-9215-6c80-20dad1dc79e9}" showlabel="true" locklevel="0" labelid="{d576970d-39dc-484a-8e16-c4a6f3b1f0bd}">
            <labels>
              <label description="Est. Benefit" languagecode="1033" />
            </labels>
            <control id="header_rbsm_estbenefit" classid="{533B9E00-756B-4312-95A0-DC888637AC78}" datafieldname="rbsm_estbenefit" disabled="false" />
          </cell>
          <cell id="{331c45e6-a4c8-ab07-0297-b6589a9b9a44}" showlabel="true" locklevel="0" labelid="{119512d4-a4fb-4009-8095-58f6c024e708}">
            <labels>
              <label description="DES Product" languagecode="1033" />
            </labels>
            <control id="header_rbsm_desproduct" classid="{3EF39988-22BB-4f0b-BBBE-64B5A3748AEE}" datafieldname="rbsm_desproduct" disabled="true" />
          </cell>
          <cell id="{d9002ebe-3d57-445d-8fb7-459cfb40f437}" labelid="{971758b5-1c5a-4b18-8b76-abbd169c2fb2}">
            <labels>
              <label description="Owner" languagecode="1033" />
            </labels>
            <control id="header_ownerid" classid="{270BD3DB-D9AF-4782-9025-509E298DEC0A}" datafieldname="ownerid" disabled="false" />
          </cell>
        </row>
      </rows>
    </header>
    <footer id="{bab99a9c-6642-4b84-ac6a-61a97e4218c0}" columns="111">
      <rows>
        <row>
          <cell id="{a70e534a-09be-ea2c-9654-90296543b4c3}" showlabel="true" locklevel="0" labelid="{1e659d1d-c9b6-4950-b850-99d8da9dc03b}">
            <labels>
              <label description="Modified By" languagecode="1033" />
            </labels>
            <control id="footer_modifiedby" classid="{270BD3DB-D9AF-4782-9025-509E298DEC0A}" datafieldname="modifiedby" disabled="true" />
          </cell>
          <cell id="{bd0d7cd2-dc8b-57ed-7205-335d92045274}" showlabel="true" locklevel="0" labelid="{6a6da673-212a-463e-860e-ac55ec5a6f80}">
            <labels>
              <label description="Modified On" languagecode="1033" />
            </labels>
            <control id="footer_modifiedon" classid="{5B773807-9FB2-42db-97C3-7A91EFF8ADFF}" datafieldname="modifiedon" disabled="true" />
          </cell>
          <cell id="{cc56c71c-90b0-0b77-0235-0decb626b58a}" showlabel="true" locklevel="0" labelid="{e463c301-5019-4461-835c-be120fb2ed69}">
            <labels>
              <label description="Created On" languagecode="1033" />
            </labels>
            <control id="footer_createdon" classid="{5B773807-9FB2-42db-97C3-7A91EFF8ADFF}" datafieldname="createdon" disabled="true" />
          </cell>
        </row>
      </rows>
    </footer>
    <events>
      <event name="onload" application="true" active="true">
        <InternalHandlers>
          <Handler functionName="Mscrm.Form_onload" libraryName="Opportunity_main_system_library.js" handlerUniqueId="228e5887-18c6-4d90-8d6e-bae09af2d977" enabled="true">
            <dependencies>
              <dependency id="estimatedvalue" />
              <dependency id="isrevenuesystemcalculated" />
            </dependencies>
          </Handler>
        </InternalHandlers>
      </event>
      <event name="onchange" attribute="isrevenuesystemcalculated" application="true" active="true">
        <InternalHandlers>
          <Handler functionName="Mscrm.isrevenuesystemcalculated_onchange" libraryName="Opportunity_main_system_library.js" handlerUniqueId="3b6c5880-6469-48bc-9642-f5350374785b" enabled="true">
            <dependencies>
              <dependency id="estimatedvalue" />
              <dependency id="totalamount" />
            </dependencies>
          </Handler>
        </InternalHandlers>
      </event>
      <event name="onchange" application="true" active="true" attribute="transactioncurrencyid">
        <InternalHandlers>
          <Handler functionName="Mscrm.transactioncurrencyid_onchange" libraryName="Opportunity_main_system_library.js" handlerUniqueId="151544F6-720A-4606-820D-60E0DB0D2606" enabled="true">
            <dependencies>
              <dependency id="pricelevelid" />
            </dependencies>
          </Handler>
        </InternalHandlers>
      </event>
    </events>
    <Navigation>
      <NavBar>
        <NavBarByRelationshipItem RelationshipName="Opportunity_ActivityPointers" Id="navActivities" Icon="/_imgs/ico_18_act.gif" Sequence="20" Area="Info">
          <Titles>
            <Title LCID="1033" Text="Activities" />
          </Titles>
        </NavBarByRelationshipItem>
        <NavBarByRelationshipItem RelationshipName="opportunity_sales_orders" Area="Sales" Id="navOrders" Show="false" Sequence="21">
          <Titles>
            <Title LCID="1033" Text="Orders" />
          </Titles>
        </NavBarByRelationshipItem>
        <NavBarByRelationshipItem RelationshipName="opportunity_customer_opportunity_roles" Id="navRelationship" TitleResourceId="Tab_Label_Relationship" Area="Info" Show="false" Sequence="22">
          <Privileges>
            <Privilege Entity="" Privilege="ReadCustomerOpportunityRole" />
          </Privileges>
          <Titles>
            <Title LCID="1033" Text="Relationships" />
          </Titles>
        </NavBarByRelationshipItem>
        <NavBarByRelationshipItem RelationshipName="opportunity_invoices" Sequence="30" Area="Sales" Id="navInvoices" Show="false">
          <Titles>
            <Title LCID="1033" Text="Invoices" />
          </Titles>
        </NavBarByRelationshipItem>
        <NavBarByRelationshipItem RelationshipName="opportunitycompetitors_association" Sequence="40" Area="Sales" Id="navComp" Show="false">
          <Titles>
            <Title LCID="1033" Text="Competitors" />
          </Titles>
        </NavBarByRelationshipItem>
        <NavBarByRelationshipItem RelationshipName="hardcoded_{B7196B13-6B9D-42CD-BD58-B19A3953126F}navDocument" Sequence="9000" Area="Info" Id="navDocument">
          <Titles>
            <Title LCID="1033" Text="Documents" />
          </Titles>
        </NavBarByRelationshipItem>
        <NavBarByRelationshipItem RelationshipName="hardcoded_{B7196B13-6B9D-42CD-BD58-B19A3953126F}navAsyncOperations" Sequence="9500" Area="ProcessCenter" Id="navAsyncOperations" Show="false">
          <Titles>
            <Title LCID="1033" Text="Workflows" />
          </Titles>
        </NavBarByRelationshipItem>
        <NavBarByRelationshipItem RelationshipName="hardcoded_{B7196B13-6B9D-42CD-BD58-B19A3953126F}navAudit" Area="Info" Id="navAudit" Sequence="9601">
          <Titles>
            <Title LCID="1033" Text="Audit History" />
          </Titles>
        </NavBarByRelationshipItem>
        <NavBarByRelationshipItem RelationshipName="hardcoded_{B7196B13-6B9D-42CD-BD58-B19A3953126F}navProcessSessions" Sequence="9700" Area="ProcessCenter" Id="navProcessSessions" Show="false">
          <Titles>
            <Title LCID="1033" Text="Dialog Sessions" />
          </Titles>
        </NavBarByRelationshipItem>
        <NavBarByRelationshipItem RelationshipName="hardcoded_{B7196B13-6B9D-42CD-BD58-B19A3953126F}navConnections" Id="navConnections" Show="true" Sequence="10000" Area="Info">
          <Titles>
            <Title LCID="1033" Text="Connections" />
          </Titles>
        </NavBarByRelationshipItem>
        <NavBarByRelationshipItem RelationshipName="rbsm_opportunity_businessbenefit" Sequence="10001" Area="Info" Id="nav_rbsm_opportunity_businessbenefit">
          <Titles>
            <Title LCID="1033" Text="Business Benefits" />
          </Titles>
        </NavBarByRelationshipItem>
        <NavBarByRelationshipItem RelationshipName="rbsm_opportunity_rbsm_raidlog" Sequence="10002" Area="Info" Id="nav_rbsm_opportunity_rbsm_raidlog">
          <Titles>
            <Title LCID="1033" Text="RAID Logs" />
          </Titles>
        </NavBarByRelationshipItem>
        <NavBarByRelationshipItem RelationshipName="rbsm_opportunity_rbspriority" Area="Info" Id="nav_rbsm_opportunity_rbspriority" Sequence="10003">
          <Titles>
            <Title LCID="1033" Text="RBS Priorities" />
          </Titles>
        </NavBarByRelationshipItem>
        <NavBarByRelationshipItem RelationshipName="rbsm_opportunity_resourcestrategy" Area="Info" Id="nav_rbsm_opportunity_resourcestrategy" Sequence="10004">
          <Titles>
            <Title LCID="1033" Text="Resource Strategies" />
          </Titles>
        </NavBarByRelationshipItem>
        <NavBarByRelationshipItem RelationshipName="rbsm_opportunity_servicecatalogconnection" Area="Info" Id="nav_rbsm_opportunity_servicecatalogconnection" Sequence="10005">
          <Titles>
            <Title LCID="1033" Text="Opportunity Service Catalogs" />
          </Titles>
        </NavBarByRelationshipItem>
        <NavBarByRelationshipItem RelationshipName="hardcoded_{B7196B13-6B9D-42CD-BD58-B19A3953126F}navProducts" Id="navProducts" Show="true" Area="Info" Sequence="10006">
          <Titles>
            <Title LCID="1033" Text="Products" />
          </Titles>
        </NavBarByRelationshipItem>
      </NavBar>
      <NavBarAreas>
        <NavBarArea Id="Info">
          <Titles>
            <Title LCID="1033" Text="Common" />
          </Titles>
        </NavBarArea>
        <NavBarArea Id="Sales">
          <Titles>
            <Title LCID="1033" Text="Sales" />
          </Titles>
        </NavBarArea>
        <NavBarArea Id="Service">
          <Titles>
            <Title LCID="1033" Text="Service" />
          </Titles>
        </NavBarArea>
        <NavBarArea Id="Marketing">
          <Titles>
            <Title LCID="1033" Text="Marketing" />
          </Titles>
        </NavBarArea>
        <NavBarArea Id="ProcessCenter">
          <Titles>
            <Title LCID="1033" Text="Processes" />
          </Titles>
        </NavBarArea>
      </NavBarAreas>
    </Navigation>
    <clientresources>
      <internalresources>
        <clientincludes>
          <internaljscriptfile src="$webresource:Opportunity_main_system_library.js" />
        </clientincludes>
      </internalresources>
    </clientresources>
    <DisplayConditions FallbackForm="true" Order="4">
      <Role Id="{DFF5C507-5FCB-E511-BB31-005056AE52C3}" />
      <Role Id="{21204D7E-4797-E511-9F13-005056AE52C3}" />
      <Role Id="{0BD9794A-49D6-E511-969E-005056AE7883}" />
      <Role Id="{627090ff-40a3-4053-8790-584edc5be201}" />
      <Role Id="{119f245c-3cc8-4b62-b31c-d1a046ced15d}" />
    </DisplayConditions>
  </form>
  <IsCustomizable>1</IsCustomizable>
  <CanBeDeleted>1</CanBeDeleted>
  <LocalizedNames>
    <LocalizedName description="Connections" languagecode="1033" />
  </LocalizedNames>
</systemform>