﻿<?xml version="1.0" encoding="utf-8"?>
<systemform>
  <formid>{a837e4a7-01b8-4f82-a475-be9abd67e667}</formid>
  <IntroducedVersion>5.0.0.0</IntroducedVersion>
  <FormPresentation>1</FormPresentation>
  <FormActivationState>1</FormActivationState>
  <form shownavigationbar="true" showImage="false" maxWidth="1900">
    <ancestor id="{a837e4a7-01b8-4f82-a475-be9abd67e667}" />
    <tabs>
      <tab name="Summary" verticallayout="true" id="{b6a005fd-5964-4427-b39b-6750e1a5fa6f}" IsUserDefined="0" locklevel="0" showlabel="true" expanded="true">
        <labels>
          <label description="Summary" languagecode="1033" />
        </labels>
        <columns>
          <column width="34%">
            <sections>
              <section name="Summary_section_6" showlabel="true" showbar="false" locklevel="0" id="{14ec6906-9ee6-467a-ee06-75ab226744b6}" IsUserDefined="0" layout="varwidth" columns="1" labelwidth="170" celllabelalignment="Left" celllabelposition="Top">
                <labels>
                  <label description="Opportunity Information" languagecode="1033" />
                </labels>
                <rows>
                  <row>
                    <cell colspan="1" id="{439e0732-3f3a-409d-98ba-83d3251cb64b}" showlabel="true" locklevel="0">
                      <labels>
                        <label description="Summary" languagecode="1033" />
                      </labels>
                      <control id="name" classid="{4273EDBD-AC1D-40d3-9FB2-095C621B552D}" datafieldname="name" disabled="false" />
                    </cell>
                  </row>
                  <row>
                    <cell id="{a373b9ed-2787-2b43-e568-ede0cd425516}" showlabel="true" locklevel="0" rowspan="4">
                      <labels>
                        <label description="Description" languagecode="1033" />
                      </labels>
                      <control id="description" classid="{E0DECE4B-6FC8-4a8f-A065-082708572369}" datafieldname="description" disabled="false" />
                    </cell>
                  </row>
                  <row />
                  <row />
                  <row />
                </rows>
              </section>
              <section name="opportunity_information" showlabel="false" showbar="false" id="{5d1cf874-b807-4158-b230-1a13c1db73ad}" columns="1" IsUserDefined="0" locklevel="0" labelwidth="170" celllabelalignment="Left" celllabelposition="Left" height="auto">
                <labels>
                  <label description="Opportunity Information" languagecode="1033" />
                </labels>
                <rows>
                  <row>
                    <cell id="{b060498e-5853-4382-8ea2-26ba7883f4da}" showlabel="true" locklevel="0">
                      <labels>
                        <label description="Customer" languagecode="1033" />
                      </labels>
                      <control id="parentaccountid" classid="{270BD3DB-D9AF-4782-9025-509E298DEC0A}" datafieldname="parentaccountid" disabled="false">
                        <parameters>
                          <AutoResolve>true</AutoResolve>
                          <DisableMru>false</DisableMru>
                          <DisableQuickFind>false</DisableQuickFind>
                          <DisableViewPicker>false</DisableViewPicker>
                          <DefaultViewId>{A9AF0AB8-861D-4CFA-92A5-C6281FED7FAB}</DefaultViewId>
                          <AllowFilterOff>false</AllowFilterOff>
                        </parameters>
                      </control>
                    </cell>
                  </row>
                  <row>
                    <cell id="{86749ad0-5c87-760d-024d-b194557c2cda}" showlabel="true" locklevel="0">
                      <labels>
                        <label description="Primary Contact / Champion" languagecode="1033" />
                      </labels>
                      <control id="parentcontactid" classid="{270BD3DB-D9AF-4782-9025-509E298DEC0A}" datafieldname="parentcontactid" disabled="false">
                        <parameters>
                          <AutoResolve>true</AutoResolve>
                          <DisableMru>false</DisableMru>
                          <DisableQuickFind>false</DisableQuickFind>
                          <DisableViewPicker>false</DisableViewPicker>
                          <DefaultViewId>{A2D479C5-53E3-4C69-ADDD-802327E67A0D}</DefaultViewId>
                          <AllowFilterOff>false</AllowFilterOff>
                        </parameters>
                      </control>
                    </cell>
                  </row>
                  <row>
                    <cell id="{a2693627-9887-c2a0-0e12-16004bd07213}" showlabel="true" locklevel="0">
                      <labels>
                        <label description="Priority" languagecode="1033" />
                      </labels>
                      <control id="prioritycode" classid="{3EF39988-22BB-4f0b-BBBE-64B5A3748AEE}" datafieldname="prioritycode" disabled="false" />
                    </cell>
                  </row>
                  <row>
                    <cell id="{965ea1e8-6cc7-1c04-a0b1-1ae027b73a97}" showlabel="true" locklevel="0">
                      <labels>
                        <label description="DES Product" languagecode="1033" />
                      </labels>
                      <control id="rbsm_desproduct" classid="{3EF39988-22BB-4f0b-BBBE-64B5A3748AEE}" datafieldname="rbsm_desproduct" disabled="false" />
                    </cell>
                  </row>
                  <row>
                    <cell id="{90e5435c-61b5-7a30-ece9-65337a17d6ce}" showlabel="true" locklevel="0">
                      <labels>
                        <label description="Opportunity Package" languagecode="1033" />
                      </labels>
                      <control id="rbsm_opportunitypackageid" classid="{270BD3DB-D9AF-4782-9025-509E298DEC0A}" datafieldname="rbsm_opportunitypackageid" disabled="false" />
                    </cell>
                  </row>
                  <row>
                    <cell id="{33edda21-e23a-d503-c5b7-546e5e024194}" showlabel="true" locklevel="0">
                      <labels>
                        <label description="Opportunity Source" languagecode="1033" />
                      </labels>
                      <control id="rbsm_opportunitysource" classid="{3EF39988-22BB-4f0b-BBBE-64B5A3748AEE}" datafieldname="rbsm_opportunitysource" disabled="false" />
                    </cell>
                  </row>
                  <row>
                    <cell id="{58c561c0-405d-4b8a-ceb9-9b2c8520dead}" showlabel="true" locklevel="0">
                      <labels>
                        <label description="Classification" languagecode="1033" />
                      </labels>
                      <control id="rbsm_applicationclassification" classid="{3EF39988-22BB-4f0b-BBBE-64B5A3748AEE}" datafieldname="rbsm_applicationclassification" disabled="false" />
                    </cell>
                  </row>
                  <row>
                    <cell id="{73d4b9dc-234a-03ad-aa23-7b8b1677dd94}" showlabel="true" locklevel="0">
                      <labels>
                        <label description="Customer Type" languagecode="1033" />
                      </labels>
                      <control id="rbsm_applicationusage" classid="{3EF39988-22BB-4f0b-BBBE-64B5A3748AEE}" datafieldname="rbsm_applicationusage" disabled="false" />
                    </cell>
                  </row>
                  <row>
                    <cell id="{4a5a47d3-e26a-275d-2710-7b78041ad7a1}" showlabel="true" locklevel="0">
                      <labels>
                        <label description="Target Customer Numbers (OLD)" languagecode="1033" />
                      </labels>
                      <control id="rbsm_targetcustomernumbers" classid="{3EF39988-22BB-4f0b-BBBE-64B5A3748AEE}" datafieldname="rbsm_targetcustomernumbers" disabled="false" />
                    </cell>
                  </row>
                  <row>
                    <cell id="{3551c830-1037-b18b-a9de-570141a40ed2}" showlabel="true" locklevel="0">
                      <labels>
                        <label description="Target Customer Number" languagecode="1033" />
                      </labels>
                      <control id="rbsm_targetcustomernumber" classid="{C6D124CA-7EDA-4a60-AEA9-7FB8D318B68F}" datafieldname="rbsm_targetcustomernumber" disabled="false" />
                    </cell>
                  </row>
                  <row>
                    <cell id="{87182b34-a1d6-21e2-4e90-9b6549dba0dd}" showlabel="true" locklevel="0" rowspan="3">
                      <labels>
                        <label description="POC/POV Comments" languagecode="1033" />
                      </labels>
                      <control id="proposedsolution" classid="{E0DECE4B-6FC8-4a8f-A065-082708572369}" datafieldname="proposedsolution" disabled="false" />
                    </cell>
                  </row>
                  <row />
                  <row />
                  <row>
                    <cell id="{c8721501-7767-8dda-dee4-ca2554662a8b}" showlabel="true" locklevel="0">
                      <labels>
                        <label description="Investment Programme" languagecode="1033" />
                      </labels>
                      <control id="rbsm_programme" classid="{270BD3DB-D9AF-4782-9025-509E298DEC0A}" datafieldname="rbsm_programme" disabled="false">
                        <parameters>
                          <AutoResolve>true</AutoResolve>
                          <DisableMru>false</DisableMru>
                          <DisableQuickFind>false</DisableQuickFind>
                          <DisableViewPicker>false</DisableViewPicker>
                          <DefaultViewId>{B924E0A4-2198-E511-9F13-005056AE52C3}</DefaultViewId>
                          <AllowFilterOff>false</AllowFilterOff>
                        </parameters>
                      </control>
                    </cell>
                  </row>
                  <row>
                    <cell id="{ebcec694-d1c7-32b9-7071-e3ee40c88989}" showlabel="false" colspan="1" auto="false">
                      <labels>
                        <label description="Programme Details" languagecode="1033" />
                      </labels>
                      <control id="ProgrammeDetails" classid="{5C5600E0-1D6E-4205-A272-BE80DA87FD42}" datafieldname="rbsm_programme" disabled="false">
                        <parameters>
                          <QuickForms>&lt;QuickFormIds&gt;&lt;QuickFormId entityname="rbsm_programme"&gt;435b4594-ac97-4c9a-9e04-444970499110&lt;/QuickFormId&gt;&lt;/QuickFormIds&gt;</QuickForms>
                          <ControlMode>Edit</ControlMode>
                        </parameters>
                      </control>
                    </cell>
                  </row>
                </rows>
              </section>
            </sections>
          </column>
          <column width="33%">
            <sections>
              <section name="Summary_section_health" showlabel="false" showbar="false" locklevel="0" id="{234aca42-5829-2759-cbb7-0a9be3d11ddc}" IsUserDefined="0" layout="varwidth" columns="1" labelwidth="150" celllabelalignment="Left" celllabelposition="Left">
                <labels>
                  <label description="HEALTH" languagecode="1033" />
                </labels>
                <rows>
                  <row>
                    <cell id="{dd65cc02-d0e4-1d2b-d491-a63b60be54aa}" showlabel="true" locklevel="0">
                      <labels>
                        <label description="Opportunity Blocked" languagecode="1033" />
                      </labels>
                      <control id="rbsm_opportunityblocked" classid="{B0C6723A-8503-4fd7-BB28-C8A06AC933C2}" datafieldname="rbsm_opportunityblocked" disabled="false" />
                    </cell>
                  </row>
                  <row>
                    <cell id="{92c1de19-b320-7ad4-796b-a159674a1caa}" showlabel="true" locklevel="0">
                      <labels>
                        <label description="Est. Close Date" languagecode="1033" />
                      </labels>
                      <control id="estimatedclosedate" classid="{5B773807-9FB2-42db-97C3-7A91EFF8ADFF}" datafieldname="estimatedclosedate" disabled="false" />
                    </cell>
                  </row>
                  <row>
                    <cell id="{64be7d8c-51db-2a6a-589e-79399c500547}" showlabel="false" colspan="1" auto="false" rowspan="2">
                      <labels>
                        <label description="index" languagecode="1033" />
                      </labels>
                      <control id="WebResource_index" classid="{9FDF5F91-88B1-47f4-AD53-C11EFC01A01D}">
                        <parameters>
                          <Url>rbsm_/app/components/widgets/index.html</Url>
                          <PassParameters>false</PassParameters>
                          <Security>false</Security>
                          <Scrolling>no</Scrolling>
                          <Border>false</Border>
                        </parameters>
                      </control>
                      <events>
                        <event name="onload" application="0">
                          <dependencies />
                        </event>
                      </events>
                    </cell>
                  </row>
                  <row />
                </rows>
              </section>
              <section name="Summary_section_3" showlabel="false" showbar="false" locklevel="0" id="{58901d89-26a3-b4a1-36d3-ac3bd489e0ea}" IsUserDefined="0" layout="varwidth" columns="1" labelwidth="130" celllabelalignment="Left" celllabelposition="Top">
                <labels>
                  <label description="ACTIVITIES" languagecode="1033" />
                </labels>
                <rows>
                  <row>
                    <cell id="{dc7a1a04-9a9d-2587-165e-7a736d613352}" showlabel="true" locklevel="0" rowspan="3">
                      <labels>
                        <label description="Status and Next Action" languagecode="1033" />
                      </labels>
                      <control id="rbsm_statusandnextaction" classid="{E0DECE4B-6FC8-4a8f-A065-082708572369}" datafieldname="rbsm_statusandnextaction" disabled="false" />
                    </cell>
                  </row>
                  <row />
                  <row />
                  <row>
                    <cell id="{b168ed1e-6ab6-1d85-bac4-370257ede0d5}" showlabel="true" colspan="1" auto="false" rowspan="6">
                      <labels>
                        <label description="OPEN ACTIVITIES" languagecode="1033" />
                      </labels>
                      <control id="grid_activities" classid="{E7A81278-8635-4d9e-8D4D-59480B391C5B}">
                        <parameters>
                          <ViewId>{00000000-0000-0000-00AA-000010001900}</ViewId>
                          <IsUserView>false</IsUserView>
                          <RelationshipName>Opportunity_ActivityPointers</RelationshipName>
                          <TargetEntityType>activitypointer</TargetEntityType>
                          <AutoExpand>Fixed</AutoExpand>
                          <EnableQuickFind>false</EnableQuickFind>
                          <EnableViewPicker>false</EnableViewPicker>
                          <ViewIds>{00000000-0000-0000-00AA-000010001899},{00000000-0000-0000-00AA-000010001900}</ViewIds>
                          <EnableJumpBar>false</EnableJumpBar>
                          <ChartGridMode>Grid</ChartGridMode>
                          <VisualizationId>{EDF35649-5293-DE11-97D4-00155DA3B01E}</VisualizationId>
                          <IsUserChart>false</IsUserChart>
                          <EnableChartPicker>false</EnableChartPicker>
                          <RecordsPerPage>4</RecordsPerPage>
                        </parameters>
                      </control>
                    </cell>
                  </row>
                  <row />
                  <row />
                  <row />
                  <row />
                  <row />
                  <row>
                    <cell id="{40a4db13-5b46-535b-6982-a16a4207709e}" showlabel="true" colspan="1" auto="false" rowspan="6">
                      <labels>
                        <label description="PRODUCT &amp; SERVICE CATALOGUE" languagecode="1033" />
                      </labels>
                      <control id="Catalogs" classid="{E7A81278-8635-4d9e-8D4D-59480B391C5B}">
                        <parameters>
                          <ViewId>{2CDFE34C-4353-4D07-B088-98C08D5E7429}</ViewId>
                          <IsUserView>false</IsUserView>
                          <RelationshipName>rbsm_opportunity_servicecatalogconnection</RelationshipName>
                          <TargetEntityType>rbsm_opportunityservicecatalogconnection</TargetEntityType>
                          <AutoExpand>Fixed</AutoExpand>
                          <EnableQuickFind>false</EnableQuickFind>
                          <EnableViewPicker>false</EnableViewPicker>
                          <ViewIds>{2CDFE34C-4353-4D07-B088-98C08D5E7429},{ADB83056-8E9A-E511-9F13-005056AE52C3}</ViewIds>
                          <EnableJumpBar>false</EnableJumpBar>
                          <ChartGridMode>All</ChartGridMode>
                          <VisualizationId />
                          <IsUserChart>false</IsUserChart>
                          <EnableChartPicker>true</EnableChartPicker>
                          <RecordsPerPage>4</RecordsPerPage>
                        </parameters>
                      </control>
                    </cell>
                  </row>
                  <row />
                  <row />
                  <row />
                  <row />
                  <row />
                  <row>
                    <cell id="{20c39419-d685-beb5-8886-d757c0b2c8b0}" showlabel="true" colspan="1" auto="false" rowspan="6">
                      <labels>
                        <label description="COMPETITORS" languagecode="1033" />
                      </labels>
                      <control id="COMPETITORS" classid="{E7A81278-8635-4d9e-8D4D-59480B391C5B}">
                        <parameters>
                          <ViewId>{57BCA9AC-87A0-4C28-ADC8-2D0A4645F29E}</ViewId>
                          <IsUserView>false</IsUserView>
                          <RelationshipName>opportunitycompetitors_association</RelationshipName>
                          <TargetEntityType>competitor</TargetEntityType>
                          <AutoExpand>Fixed</AutoExpand>
                          <EnableQuickFind>false</EnableQuickFind>
                          <EnableViewPicker>false</EnableViewPicker>
                          <ViewIds>{57BCA9AC-87A0-4C28-ADC8-2D0A4645F29E}</ViewIds>
                          <EnableJumpBar>false</EnableJumpBar>
                          <ChartGridMode>All</ChartGridMode>
                          <VisualizationId />
                          <IsUserChart>false</IsUserChart>
                          <EnableChartPicker>true</EnableChartPicker>
                          <RecordsPerPage>4</RecordsPerPage>
                          <RelationshipRoleOrdinal>1</RelationshipRoleOrdinal>
                        </parameters>
                      </control>
                    </cell>
                  </row>
                  <row />
                  <row />
                  <row />
                  <row />
                  <row />
                </rows>
              </section>
            </sections>
          </column>
          <column width="33%">
            <sections>
              <section name="Summary_section_4" showlabel="false" showbar="false" locklevel="0" id="{2582d248-c930-0048-6475-480eb0247343}" IsUserDefined="0" layout="varwidth" columns="1" labelwidth="160" celllabelalignment="Left" celllabelposition="Left">
                <labels>
                  <label description="Section" languagecode="1033" />
                </labels>
                <rows>
                  <row>
                    <cell id="{798de0be-acfe-4480-b3f7-69312505588a}" colspan="1" auto="false" rowspan="5" showlabel="true">
                      <labels>
                        <label description="STAKEHOLDERS" languagecode="1033" />
                      </labels>
                      <control id="Stakeholders" classid="{E7A81278-8635-4d9e-8D4D-59480B391C5B}">
                        <parameters>
                          <ViewId>{4E3600FA-B9C8-49F4-B69A-51EBA06D9BDF}</ViewId>
                          <IsUserView>false</IsUserView>
                          <RelationshipName>opportunity_connections1</RelationshipName>
                          <TargetEntityType>connection</TargetEntityType>
                          <AutoExpand>Fixed</AutoExpand>
                          <EnableQuickFind>false</EnableQuickFind>
                          <EnableViewPicker>false</EnableViewPicker>
                          <ViewIds>{4E3600FA-B9C8-49F4-B69A-51EBA06D9BDF}</ViewIds>
                          <EnableJumpBar>false</EnableJumpBar>
                          <ChartGridMode>Grid</ChartGridMode>
                          <VisualizationId />
                          <IsUserChart>false</IsUserChart>
                          <EnableChartPicker>false</EnableChartPicker>
                          <RecordsPerPage>3</RecordsPerPage>
                        </parameters>
                      </control>
                    </cell>
                  </row>
                  <row />
                  <row />
                  <row />
                  <row />
                  <row>
                    <cell id="{92822c63-42c0-4b31-8cb5-8ce123553796}" colspan="1" auto="false" rowspan="5" showlabel="true">
                      <labels>
                        <label description="DES TEAM" languagecode="1033" />
                      </labels>
                      <control id="Pursuit_Team" classid="{E7A81278-8635-4d9e-8D4D-59480B391C5B}">
                        <parameters>
                          <ViewId>{FE4BC089-8901-466C-A41B-1C1090F204D4}</ViewId>
                          <IsUserView>false</IsUserView>
                          <RelationshipName>opportunity_connections1</RelationshipName>
                          <TargetEntityType>connection</TargetEntityType>
                          <AutoExpand>Fixed</AutoExpand>
                          <EnableQuickFind>false</EnableQuickFind>
                          <EnableViewPicker>false</EnableViewPicker>
                          <ViewIds>{7C0E0725-CCD9-4525-9313-665FD075652F}</ViewIds>
                          <EnableJumpBar>false</EnableJumpBar>
                          <ChartGridMode>Grid</ChartGridMode>
                          <VisualizationId />
                          <IsUserChart>false</IsUserChart>
                          <EnableChartPicker>false</EnableChartPicker>
                          <RecordsPerPage>3</RecordsPerPage>
                        </parameters>
                      </control>
                    </cell>
                  </row>
                  <row />
                  <row />
                  <row />
                  <row />
                </rows>
              </section>
              <section name="Notes_pane" showlabel="false" showbar="false" id="{cbe1fe44-90c3-40f3-9307-2e72bdefe443}" layout="varwidth" columns="11" celllabelposition="Top" locklevel="0" labelwidth="115" IsUserDefined="0" celllabelalignment="Left">
                <labels>
                  <label description="NOTES PANE" languagecode="1033" />
                </labels>
                <rows>
                  <row>
                    <cell id="{aa243395-b7de-d536-6627-39b53414159d}" showlabel="false" rowspan="13" auto="false" colspan="2" locklevel="0">
                      <labels>
                        <label description="Note Text" languagecode="1033" />
                      </labels>
                      <control id="notescontrol" classid="{06375649-c143-495e-a496-c962e5b4488e}" disabled="false">
                        <parameters>
                          <DefaultTabId>ActivitiesTab</DefaultTabId>
                        </parameters>
                      </control>
                    </cell>
                  </row>
                  <row />
                  <row />
                  <row />
                  <row />
                  <row />
                  <row />
                  <row />
                  <row />
                  <row />
                  <row />
                  <row />
                  <row />
                </rows>
              </section>
            </sections>
          </column>
        </columns>
      </tab>
      <tab name="tab_opportunity_detail" id="{11427e41-8555-10ce-b110-cbe7cb1d35e8}" IsUserDefined="0" locklevel="0" showlabel="true" expanded="true">
        <labels>
          <label description="Addtional Information" languagecode="1033" />
        </labels>
        <columns>
          <column width="100%">
            <sections>
              <section name="tab_opportunity_development_section_checks" showlabel="false" showbar="false" locklevel="0" id="{79647901-83ee-9985-6eb7-2752e90991ab}" IsUserDefined="0" layout="varwidth" columns="11" labelwidth="200" celllabelalignment="Left" celllabelposition="Left">
                <labels>
                  <label description="Checks" languagecode="1033" />
                </labels>
                <rows>
                  <row>
                    <cell id="{b28e7799-c992-8100-bce6-caa124630250}" showlabel="true" locklevel="0">
                      <labels>
                        <label description="Is Project In Budget" languagecode="1033" />
                      </labels>
                      <control id="rbsm_isprojectinbudget" classid="{3EF39988-22BB-4f0b-BBBE-64B5A3748AEE}" datafieldname="rbsm_isprojectinbudget" disabled="false" />
                    </cell>
                    <cell id="{6a2d630a-e226-a4ad-92ad-e72325156d74}" showlabel="true" locklevel="0">
                      <labels>
                        <label description="Potential Revenue Upside" languagecode="1033" />
                      </labels>
                      <control id="rbsm_potentialrevenueupside" classid="{533B9E00-756B-4312-95A0-DC888637AC78}" datafieldname="rbsm_potentialrevenueupside" disabled="false" />
                    </cell>
                  </row>
                  <row>
                    <cell id="{456e43a3-2403-4a0c-8717-1e432eb21a21}" showlabel="true" locklevel="0">
                      <labels>
                        <label description="Business Case Developed" languagecode="1033" />
                      </labels>
                      <control id="rbsm_businesscasedeveloped" classid="{B0C6723A-8503-4fd7-BB28-C8A06AC933C2}" datafieldname="rbsm_businesscasedeveloped" disabled="false" />
                    </cell>
                    <cell id="{585d1c91-3128-4cb4-10c1-51a8c9400db1}" showlabel="true" locklevel="0">
                      <labels>
                        <label description="Potential Customer Numbers Upside" languagecode="1033" />
                      </labels>
                      <control id="rbsm_potentialcustomernumbersupside" classid="{C6D124CA-7EDA-4a60-AEA9-7FB8D318B68F}" datafieldname="rbsm_potentialcustomernumbersupside" disabled="false" />
                    </cell>
                  </row>
                  <row>
                    <cell id="{9b4359dc-5d0a-92ae-c2a7-100ad0158dad}" showlabel="true" locklevel="0">
                      <labels>
                        <label description="Qualified at Sales Meeting" languagecode="1033" />
                      </labels>
                      <control id="rbsm_qualifiedatsalesmeeting" classid="{B0C6723A-8503-4fd7-BB28-C8A06AC933C2}" datafieldname="rbsm_qualifiedatsalesmeeting" disabled="false" />
                    </cell>
                    <cell id="{373242b6-6811-de09-2be3-e65a9472751a}" showlabel="true" locklevel="0">
                      <labels>
                        <label description="Process To Close Understood" languagecode="1033" />
                      </labels>
                      <control id="rbsm_processtocloseunderstood" classid="{3EF39988-22BB-4f0b-BBBE-64B5A3748AEE}" datafieldname="rbsm_processtocloseunderstood" disabled="false" />
                    </cell>
                  </row>
                  <row>
                    <cell id="{8a00943a-60ae-d2b6-2ca2-09a91244b2d2}" showlabel="true" locklevel="0">
                      <labels>
                        <label description="Quote Delivered" languagecode="1033" />
                      </labels>
                      <control id="rbsm_quotedelivered" classid="{B0C6723A-8503-4fd7-BB28-C8A06AC933C2}" datafieldname="rbsm_quotedelivered" disabled="false" />
                    </cell>
                    <cell id="{0ee4ed99-3c44-9c47-8603-611a5e47d749}" showlabel="true" locklevel="0" rowspan="3">
                      <labels>
                        <label description="Win Strategy" languagecode="1033" />
                      </labels>
                      <control id="rbsm_winstrategy" classid="{E0DECE4B-6FC8-4a8f-A065-082708572369}" datafieldname="rbsm_winstrategy" disabled="false" />
                    </cell>
                  </row>
                  <row>
                    <cell id="{c7de4a38-e2a3-0215-ee09-1b539c17c4cd}" showlabel="true" locklevel="0">
                      <labels>
                        <label description="Project Code" languagecode="1033" />
                      </labels>
                      <control id="rbsm_projectid" classid="{270BD3DB-D9AF-4782-9025-509E298DEC0A}" datafieldname="rbsm_projectid" disabled="false">
                        <parameters>
                          <AutoResolve>true</AutoResolve>
                          <DisableMru>false</DisableMru>
                          <DisableQuickFind>false</DisableQuickFind>
                          <DisableViewPicker>false</DisableViewPicker>
                          <DefaultViewId>{7FC3690C-1329-42CF-B179-2CB1D7BB963D}</DefaultViewId>
                          <AllowFilterOff>false</AllowFilterOff>
                        </parameters>
                      </control>
                    </cell>
                  </row>
                  <row>
                    <cell id="{708ee1c3-8327-5047-9b2c-65b4e99bcca1}" showlabel="true" locklevel="0">
                      <labels>
                        <label description="In Franchise Engagement Report" languagecode="1033" />
                      </labels>
                      <control id="rbsm_infranchiseengagementreport" classid="{B0C6723A-8503-4fd7-BB28-C8A06AC933C2}" datafieldname="rbsm_infranchiseengagementreport" disabled="false" />
                    </cell>
                  </row>
                  <row>
                    <cell id="{dce2a330-91ee-bc98-3575-cd421844d1e2}" showlabel="false" userspacer="true">
                      <labels>
                        <label description="" languagecode="1033" />
                      </labels>
                    </cell>
                    <cell id="{39347e97-3770-5bc3-a9a8-13e21389169c}" showlabel="false" userspacer="true">
                      <labels>
                        <label description="" languagecode="1033" />
                      </labels>
                    </cell>
                  </row>
                  <row>
                    <cell id="{c78ce713-4232-5b9b-dca6-53abb8b1eec1}" showlabel="true" colspan="2" auto="false" rowspan="6">
                      <labels>
                        <label description="RAID Logs" languagecode="1033" />
                      </labels>
                      <control id="raid_logs_grid" classid="{E7A81278-8635-4d9e-8D4D-59480B391C5B}">
                        <parameters>
                          <ViewId>{100387A0-DBBF-46C1-9A87-9E4A027A74D6}</ViewId>
                          <IsUserView>false</IsUserView>
                          <RelationshipName>rbsm_opportunity_rbsm_raidlog</RelationshipName>
                          <TargetEntityType>rbsm_raidlog</TargetEntityType>
                          <AutoExpand>Fixed</AutoExpand>
                          <EnableQuickFind>false</EnableQuickFind>
                          <EnableViewPicker>false</EnableViewPicker>
                          <ViewIds>{100387A0-DBBF-46C1-9A87-9E4A027A74D6}</ViewIds>
                          <EnableJumpBar>false</EnableJumpBar>
                          <ChartGridMode>Grid</ChartGridMode>
                          <VisualizationId />
                          <IsUserChart>false</IsUserChart>
                          <EnableChartPicker>false</EnableChartPicker>
                          <RecordsPerPage>4</RecordsPerPage>
                        </parameters>
                      </control>
                    </cell>
                  </row>
                  <row />
                  <row />
                  <row />
                  <row />
                  <row />
                </rows>
              </section>
            </sections>
          </column>
        </columns>
      </tab>
      <tab name="Hidden Section" id="{b20940ed-6077-2927-30aa-007cc149e457}" IsUserDefined="0" locklevel="0" showlabel="true" visible="false" expanded="false">
        <labels>
          <label description="Hidden Section" languagecode="1033" />
        </labels>
        <columns>
          <column width="100%">
            <sections>
              <section name="tab_2_section_1" showlabel="false" showbar="false" locklevel="0" id="{44021484-673b-c3bb-4073-2da46768083a}" IsUserDefined="0" layout="varwidth" columns="1" labelwidth="115">
                <labels>
                  <label description="Section" languagecode="1033" />
                </labels>
                <rows>
                  <row>
                    <cell id="{3cd7ad69-111a-3403-065c-43051a928099}" showlabel="false" colspan="1" auto="false" rowspan="5">
                      <labels>
                        <label description="Resource Strategies" languagecode="1033" />
                      </labels>
                      <control id="ResourceStrategies" classid="{E7A81278-8635-4d9e-8D4D-59480B391C5B}">
                        <parameters>
                          <ViewId>{13ABE818-AC5F-4148-A059-2461D76999E0}</ViewId>
                          <IsUserView>false</IsUserView>
                          <RelationshipName>rbsm_opportunity_resourcestrategy</RelationshipName>
                          <TargetEntityType>rbsm_resourcestrategy</TargetEntityType>
                          <AutoExpand>Fixed</AutoExpand>
                          <EnableQuickFind>false</EnableQuickFind>
                          <EnableViewPicker>false</EnableViewPicker>
                          <ViewIds>{13ABE818-AC5F-4148-A059-2461D76999E0}</ViewIds>
                          <EnableJumpBar>false</EnableJumpBar>
                          <ChartGridMode>All</ChartGridMode>
                          <VisualizationId />
                          <IsUserChart>false</IsUserChart>
                          <EnableChartPicker>true</EnableChartPicker>
                          <RecordsPerPage>3</RecordsPerPage>
                        </parameters>
                      </control>
                    </cell>
                  </row>
                  <row />
                  <row />
                  <row />
                  <row />
                  <row>
                    <cell id="{4c69d917-e84e-4c9d-ba14-f7bb5bc0a51f}">
                      <labels>
                        <label description="Currency" languagecode="1033" />
                      </labels>
                      <control id="transactioncurrencyid" classid="{270BD3DB-D9AF-4782-9025-509E298DEC0A}" datafieldname="transactioncurrencyid" />
                    </cell>
                  </row>
                  <row>
                    <cell id="{ba131dc7-aa7c-4d8b-9c94-421ed8a7ddaf}" showlabel="true" locklevel="0">
                      <labels>
                        <label description="Price List" languagecode="1033" />
                      </labels>
                      <events>
                        <event name="setAdditionalParams" application="true" active="true">
                          <InternalHandlers>
                            <Handler functionName="Mscrm.pricelevelid_setadditionalparams" libraryName="Opportunity_main_system_library.js" handlerUniqueId="1191cc10-3daa-4368-9615-e3fb183f2189" enabled="true" passExecutionContext="true">
                              <dependencies>
                                <dependency id="transactioncurrencyid" />
                              </dependencies>
                            </Handler>
                          </InternalHandlers>
                        </event>
                      </events>
                      <control id="pricelevelid" classid="{270BD3DB-D9AF-4782-9025-509E298DEC0A}" datafieldname="pricelevelid" disabled="false">
                        <parameters>
                          <AutoResolve>true</AutoResolve>
                          <DisableMru>false</DisableMru>
                          <DisableQuickFind>false</DisableQuickFind>
                          <DisableViewPicker>false</DisableViewPicker>
                          <DefaultViewId>{EE499892-35E1-4D07-A1B7-BB69FE9BFD42}</DefaultViewId>
                          <AllowFilterOff>false</AllowFilterOff>
                        </parameters>
                      </control>
                    </cell>
                  </row>
                  <row>
                    <cell id="{D96BA356-1581-46E0-937C-49033D55E3A2}">
                      <labels>
                        <label description="Total Amount" languagecode="1033" />
                      </labels>
                      <control id="totalamount" classid="{533B9E00-756B-4312-95A0-DC888637AC78}" datafieldname="totalamount" />
                    </cell>
                  </row>
                  <row>
                    <cell id="{0B8DF861-AE32-4C79-9C4E-2ECAA9F74712}">
                      <labels>
                        <label description="Revenue" languagecode="1033" />
                      </labels>
                      <control id="isrevenuesystemcalculated" classid="{67FAC785-CD58-4f9f-ABB3-4B7DDC6ED5ED}" datafieldname="isrevenuesystemcalculated" />
                    </cell>
                  </row>
                  <row>
                    <cell id="{07a0b576-8217-42a0-482b-9962352c9c04}" showlabel="true" locklevel="0">
                      <labels>
                        <label description="Probability" languagecode="1033" />
                      </labels>
                      <control id="closeprobability" classid="{C6D124CA-7EDA-4a60-AEA9-7FB8D318B68F}" datafieldname="closeprobability" disabled="false" />
                    </cell>
                  </row>
                  <row>
                    <cell id="{e857737c-4904-2a21-b553-03b8225693b7}" showlabel="true" locklevel="0">
                      <labels>
                        <label description="Actual Close Date" languagecode="1033" />
                      </labels>
                      <control id="actualclosedate" classid="{5B773807-9FB2-42db-97C3-7A91EFF8ADFF}" datafieldname="actualclosedate" disabled="false" />
                    </cell>
                  </row>
                  <row>
                    <cell id="{4823b482-06d5-6e14-ae81-44a8c0ae2196}" showlabel="true" locklevel="0">
                      <labels>
                        <label description="Actual Funding / Revenue" languagecode="1033" />
                      </labels>
                      <control id="actualvalue" classid="{533B9E00-756B-4312-95A0-DC888637AC78}" datafieldname="actualvalue" disabled="false" />
                    </cell>
                  </row>
                </rows>
              </section>
            </sections>
          </column>
        </columns>
      </tab>
    </tabs>
    <header id="{ee909091-5a89-403e-bf82-f34512080f08}" celllabelposition="Top" columns="1111" labelwidth="150" celllabelalignment="Left">
      <rows>
        <row>
          <cell id="{5d052e45-4336-50b2-189b-69da2ea4c844}" showlabel="true" locklevel="0">
            <labels>
              <label description="Est. Funding / Revenue" languagecode="1033" />
            </labels>
            <control id="header_estimatedvalue" classid="{533B9E00-756B-4312-95A0-DC888637AC78}" datafieldname="estimatedvalue" disabled="false" />
          </cell>
          <cell id="{11eeb0e6-2832-9215-6c80-20dad1dc79e9}" showlabel="true" locklevel="0">
            <labels>
              <label description="Est. Benefit" languagecode="1033" />
            </labels>
            <control id="header_rbsm_estbenefit" classid="{533B9E00-756B-4312-95A0-DC888637AC78}" datafieldname="rbsm_estbenefit" disabled="false" />
          </cell>
          <cell id="{331c45e6-a4c8-ab07-0297-b6589a9b9a44}" showlabel="true" locklevel="0">
            <labels>
              <label description="DES Product" languagecode="1033" />
            </labels>
            <control id="header_rbsm_desproduct" classid="{3EF39988-22BB-4f0b-BBBE-64B5A3748AEE}" datafieldname="rbsm_desproduct" disabled="true" />
          </cell>
          <cell id="{d9002ebe-3d57-445d-8fb7-459cfb40f437}">
            <labels>
              <label description="Owner" languagecode="1033" />
            </labels>
            <control id="header_ownerid" classid="{270BD3DB-D9AF-4782-9025-509E298DEC0A}" datafieldname="ownerid" disabled="false" />
          </cell>
        </row>
      </rows>
    </header>
    <footer id="{bab99a9c-6642-4b84-ac6a-61a97e4218c0}" columns="111">
      <rows>
        <row>
          <cell id="{a70e534a-09be-ea2c-9654-90296543b4c3}" showlabel="true" locklevel="0">
            <labels>
              <label description="Modified By" languagecode="1033" />
            </labels>
            <control id="footer_modifiedby" classid="{270BD3DB-D9AF-4782-9025-509E298DEC0A}" datafieldname="modifiedby" disabled="true" />
          </cell>
          <cell id="{bd0d7cd2-dc8b-57ed-7205-335d92045274}" showlabel="true" locklevel="0">
            <labels>
              <label description="Modified On" languagecode="1033" />
            </labels>
            <control id="footer_modifiedon" classid="{5B773807-9FB2-42db-97C3-7A91EFF8ADFF}" datafieldname="modifiedon" disabled="true" />
          </cell>
          <cell id="{cc56c71c-90b0-0b77-0235-0decb626b58a}" showlabel="true" locklevel="0">
            <labels>
              <label description="Created On" languagecode="1033" />
            </labels>
            <control id="footer_createdon" classid="{5B773807-9FB2-42db-97C3-7A91EFF8ADFF}" datafieldname="createdon" disabled="true" />
          </cell>
        </row>
      </rows>
    </footer>
    <events>
      <event name="onload" application="true" active="true">
        <InternalHandlers>
          <Handler functionName="Mscrm.Form_onload" libraryName="Opportunity_main_system_library.js" handlerUniqueId="228e5887-18c6-4d90-8d6e-bae09af2d977" enabled="true">
            <dependencies>
              <dependency id="estimatedvalue" />
              <dependency id="isrevenuesystemcalculated" />
            </dependencies>
          </Handler>
        </InternalHandlers>
        <Handlers>
          <Handler functionName="Rbs.Crm.DESCRM.Opportunity.onSave" libraryName="rbsm_/Script/opportunity.js" handlerUniqueId="{17e9506a-d5b9-b406-4165-940e72b92ebe}" enabled="true" parameters="" passExecutionContext="false" />
        </Handlers>
      </event>
      <event name="onchange" attribute="isrevenuesystemcalculated" application="true" active="true">
        <InternalHandlers>
          <Handler functionName="Mscrm.isrevenuesystemcalculated_onchange" libraryName="Opportunity_main_system_library.js" handlerUniqueId="3b6c5880-6469-48bc-9642-f5350374785b" enabled="true">
            <dependencies>
              <dependency id="estimatedvalue" />
              <dependency id="totalamount" />
            </dependencies>
          </Handler>
        </InternalHandlers>
      </event>
      <event name="onchange" application="true" active="true" attribute="transactioncurrencyid">
        <InternalHandlers>
          <Handler functionName="Mscrm.transactioncurrencyid_onchange" libraryName="Opportunity_main_system_library.js" handlerUniqueId="151544F6-720A-4606-820D-60E0DB0D2606" enabled="true">
            <dependencies>
              <dependency id="pricelevelid" />
            </dependencies>
          </Handler>
        </InternalHandlers>
      </event>
      <event name="onchange" application="false" active="false" attribute="parentaccountid">
        <Handlers>
          <Handler functionName="Rbs.Crm.DESCRM.Opportunity.setFilter" libraryName="rbsm_/Script/opportunity.js" handlerUniqueId="{2452c323-5491-e910-dd6d-a2ead7179919}" enabled="true" parameters="" passExecutionContext="false" />
        </Handlers>
      </event>
    </events>
    <Navigation>
      <NavBar>
        <NavBarByRelationshipItem RelationshipName="Opportunity_ActivityPointers" Id="navActivities" Icon="/_imgs/ico_18_act.gif" Sequence="20" Area="Info">
          <Titles>
            <Title LCID="1033" Text="Activities" />
          </Titles>
        </NavBarByRelationshipItem>
        <NavBarByRelationshipItem RelationshipName="opportunity_sales_orders" Area="Sales" Id="navOrders" Show="false" Sequence="21">
          <Titles>
            <Title LCID="1033" Text="Orders" />
          </Titles>
        </NavBarByRelationshipItem>
        <NavBarByRelationshipItem RelationshipName="opportunity_customer_opportunity_roles" Id="navRelationship" TitleResourceId="Tab_Label_Relationship" Area="Info" Show="false" Sequence="22">
          <Privileges>
            <Privilege Entity="" Privilege="ReadCustomerOpportunityRole" />
          </Privileges>
          <Titles>
            <Title LCID="1033" Text="Relationships" />
          </Titles>
        </NavBarByRelationshipItem>
        <NavBarByRelationshipItem RelationshipName="opportunity_invoices" Sequence="30" Area="Sales" Id="navInvoices" Show="false">
          <Titles>
            <Title LCID="1033" Text="Invoices" />
          </Titles>
        </NavBarByRelationshipItem>
        <NavBarByRelationshipItem RelationshipName="opportunitycompetitors_association" Sequence="40" Area="Sales" Id="navComp" Show="false">
          <Titles>
            <Title LCID="1033" Text="Competitors" />
          </Titles>
        </NavBarByRelationshipItem>
        <NavBarByRelationshipItem RelationshipName="hardcoded_{B7196B13-6B9D-42CD-BD58-B19A3953126F}navDocument" Sequence="9000" Area="Info" Id="navDocument">
          <Titles>
            <Title LCID="1033" Text="Documents" />
          </Titles>
        </NavBarByRelationshipItem>
        <NavBarByRelationshipItem RelationshipName="hardcoded_{B7196B13-6B9D-42CD-BD58-B19A3953126F}navAsyncOperations" Sequence="9500" Area="ProcessCenter" Id="navAsyncOperations" Show="false">
          <Titles>
            <Title LCID="1033" Text="Workflows" />
          </Titles>
        </NavBarByRelationshipItem>
        <NavBarByRelationshipItem RelationshipName="hardcoded_{B7196B13-6B9D-42CD-BD58-B19A3953126F}navAudit" Area="Info" Id="navAudit" Sequence="9601">
          <Titles>
            <Title LCID="1033" Text="Audit History" />
          </Titles>
        </NavBarByRelationshipItem>
        <NavBarByRelationshipItem RelationshipName="hardcoded_{B7196B13-6B9D-42CD-BD58-B19A3953126F}navProcessSessions" Sequence="9700" Area="ProcessCenter" Id="navProcessSessions" Show="false">
          <Titles>
            <Title LCID="1033" Text="Dialog Sessions" />
          </Titles>
        </NavBarByRelationshipItem>
        <NavBarByRelationshipItem RelationshipName="hardcoded_{B7196B13-6B9D-42CD-BD58-B19A3953126F}navConnections" Id="navConnections" Show="true" Sequence="10000" Area="Info">
          <Titles>
            <Title LCID="1033" Text="Connections" />
          </Titles>
        </NavBarByRelationshipItem>
        <NavBarByRelationshipItem RelationshipName="rbsm_opportunity_businessbenefit" Sequence="10001" Area="Info" Id="nav_rbsm_opportunity_businessbenefit">
          <Titles>
            <Title LCID="1033" Text="Business Benefits" />
          </Titles>
        </NavBarByRelationshipItem>
        <NavBarByRelationshipItem RelationshipName="rbsm_opportunity_rbsm_raidlog" Sequence="10002" Area="Info" Id="nav_rbsm_opportunity_rbsm_raidlog">
          <Titles>
            <Title LCID="1033" Text="RAID Logs" />
          </Titles>
        </NavBarByRelationshipItem>
        <NavBarByRelationshipItem RelationshipName="rbsm_opportunity_rbspriority" Area="Info" Id="nav_rbsm_opportunity_rbspriority" Sequence="10003">
          <Titles>
            <Title LCID="1033" Text="RBS Priorities" />
          </Titles>
        </NavBarByRelationshipItem>
        <NavBarByRelationshipItem RelationshipName="rbsm_opportunity_resourcestrategy" Area="Info" Id="nav_rbsm_opportunity_resourcestrategy" Sequence="10004">
          <Titles>
            <Title LCID="1033" Text="Resource Strategies" />
          </Titles>
        </NavBarByRelationshipItem>
        <NavBarByRelationshipItem RelationshipName="rbsm_opportunity_servicecatalogconnection" Area="Info" Id="nav_rbsm_opportunity_servicecatalogconnection" Sequence="10005">
          <Titles>
            <Title LCID="1033" Text="Opportunity Service Catalogs" />
          </Titles>
        </NavBarByRelationshipItem>
        <NavBarByRelationshipItem RelationshipName="hardcoded_{B7196B13-6B9D-42CD-BD58-B19A3953126F}navProducts" Id="navProducts" Show="true" Area="Info" Sequence="10006">
          <Titles>
            <Title LCID="1033" Text="Products" />
          </Titles>
        </NavBarByRelationshipItem>
      </NavBar>
      <NavBarAreas>
        <NavBarArea Id="Info">
          <Titles>
            <Title LCID="1033" Text="Common" />
          </Titles>
        </NavBarArea>
        <NavBarArea Id="Sales">
          <Titles>
            <Title LCID="1033" Text="Sales" />
          </Titles>
        </NavBarArea>
        <NavBarArea Id="Service">
          <Titles>
            <Title LCID="1033" Text="Service" />
          </Titles>
        </NavBarArea>
        <NavBarArea Id="Marketing">
          <Titles>
            <Title LCID="1033" Text="Marketing" />
          </Titles>
        </NavBarArea>
        <NavBarArea Id="ProcessCenter">
          <Titles>
            <Title LCID="1033" Text="Processes" />
          </Titles>
        </NavBarArea>
      </NavBarAreas>
    </Navigation>
    <clientresources>
      <internalresources>
        <clientincludes>
          <internaljscriptfile src="$webresource:Opportunity_main_system_library.js" />
        </clientincludes>
      </internalresources>
    </clientresources>
    <formLibraries>
      <Library name="rbsm_/Script/opportunity.js" libraryUniqueId="{48d48d4c-847c-1389-b3e5-d8b8d1ad31ee}" />
    </formLibraries>
    <DisplayConditions FallbackForm="true" Order="2">
      <Everyone />
    </DisplayConditions>
  </form>
  <LocalizedNames>
    <LocalizedName description="Opportunity" languagecode="1033" />
  </LocalizedNames>
  <Descriptions>
    <Description description="Updated default Opportunity form" languagecode="1033" />
  </Descriptions>
</systemform>