<?xml version="1.0" encoding="utf-8"?>
<forms xmlns:xsi="http://www.w3.org/2001/XMLSchema-instance">
  <systemform>
    <formid>{d1e20f16-d79e-41e6-bde3-3cb4aa51865e}</formid>
    <IntroducedVersion>1.0</IntroducedVersion>
    <FormPresentation>1</FormPresentation>
    <FormActivationState>1</FormActivationState>
    <form>
      <tabs>
        <tab
          verticallayout="true"
          id="{83c2fc76-a96f-49dc-84bf-0861b43d17d6}"
          IsUserDefined="1">
          <labels>
            <label
              description=""
              languagecode="1033" />
          </labels>
          <columns>
            <column
              width="100%">
              <sections>
                <section
                  showlabel="false"
                  showbar="false"
                  IsUserDefined="0"
                  id="{915b4fd9-0111-48bb-b4ca-ba1a8759f08a}">
                  <labels>
                    <label
                      description="GENERAL"
                      languagecode="1033" />
                  </labels>
                  <rows>
                    <row>
                      <cell
                        id="{fc08559e-b976-43e8-8769-17865d446ca4}">
                        <labels>
                          <label
                            description=""
                            languagecode="1033" />
                        </labels>
                        <control
                          id="rhm_casesubtype"
                          classid="{4273EDBD-AC1D-40d3-9FB2-095C621B552D}"
                          datafieldname="rhm_casesubtype" />
                      </cell>
                    </row>
                  </rows>
                </section>
              </sections>
            </column>
          </columns>
        </tab>
      </tabs>
    </form>
    <IsCustomizable>1</IsCustomizable>
    <CanBeDeleted>1</CanBeDeleted>
    <LocalizedNames>
      <LocalizedName
        description="Information"
        languagecode="1033" />
    </LocalizedNames>
  </systemform>
</forms>