﻿<?xml version="1.0" encoding="utf-8"?>
<PluginAssembly FullName="DES.Crm.Core.SanitizeData.Workflows, Version=1.3.0.0, Culture=neutral, PublicKeyToken=bbae4e6e6fe09f24" CustomizationLevel="1">
  <IsolationMode>2</IsolationMode>
  <SourceType>0</SourceType>
  <IntroducedVersion>1.0</IntroducedVersion>
  <FileName>/PluginAssemblies/DESCrmCoreSanitizeDataWorkflows-18422246-4FE1-4E1A-928C-9B4273364CD8/DESCrmCoreSanitizeDataWorkflows.dll</FileName>
  <PluginTypes>
    <PluginType AssemblyQualifiedName="DES.Crm.Core.SanitizeData.Workflows.AutoIncrementor, DES.Crm.Core.SanitizeData.Workflows, Version=1.3.0.0, Culture=neutral, PublicKeyToken=bbae4e6e6fe09f24" Name="DES.Crm.Core.SanitizeData.Workflows.AutoIncrementor">
      <FriendlyName>06994206-f19b-4a3b-bd39-02bd35266988</FriendlyName>
      <WorkflowActivityGroupName>DES.Crm.Core.SanitizeData.Workflows (1.3.0.0)</WorkflowActivityGroupName>
    </PluginType>
    <PluginType AssemblyQualifiedName="DES.Crm.Core.SanitizeData.Workflows.DeactivateParentCase, DES.Crm.Core.SanitizeData.Workflows, Version=1.3.0.0, Culture=neutral, PublicKeyToken=bbae4e6e6fe09f24" Name="DES.Crm.Core.SanitizeData.Workflows.DeactivateParentCase">
      <FriendlyName>8be56424-7ccb-4501-9014-23ae25f7c063</FriendlyName>
      <WorkflowActivityGroupName>DES.Crm.Core.SanitizeData.Workflows (1.3.0.0)</WorkflowActivityGroupName>
    </PluginType>
    <PluginType AssemblyQualifiedName="DES.Crm.Core.SanitizeData.Workflows.UpdateIncrementor, DES.Crm.Core.SanitizeData.Workflows, Version=1.3.0.0, Culture=neutral, PublicKeyToken=bbae4e6e6fe09f24" Name="DES.Crm.Core.SanitizeData.Workflows.UpdateIncrementor">
      <FriendlyName>9d4ca6e3-d7dd-4375-9abd-70578e0f2f7c</FriendlyName>
      <WorkflowActivityGroupName>DES.Crm.Core.SanitizeData.Workflows (1.3.0.0)</WorkflowActivityGroupName>
    </PluginType>
  </PluginTypes>
</PluginAssembly>