﻿<?xml version="1.0" encoding="utf-8"?>
<RibbonDiffXml>
  <CustomActions>
    <CustomAction Id="rbs.ApplicationRibbon.{!EntityLogicalName}.NotifyGrid.Button.rbs.ApplicationRibbon.NotifyDashboard.Broadcast.CustomAction" Location="Mscrm.HomepageGrid.{!EntityLogicalName}.MainTab.Management.Controls._children" Sequence="0">
      <CommandUIDefinition>
        <Button Command="rbs.ApplicationRibbon.Display.Command" Id="rbs.ApplicationRibbon.{!EntityLogicalName}.NotifyGrid.Button.rbs.ApplicationRibbon.NotifyDashboard.Broadcast" LabelText="$LocLabels:rbs.ApplicationRibbon.NotifyGrid.Button.rbs.ApplicationRibbon.NotifyDashboard.Broadcast.LabelText" Sequence="0" TemplateAlias="o1" />
      </CommandUIDefinition>
    </CustomAction>
    <CustomAction Id="rbs.ApplicationRibbon.NotifyDashboard.Broadcast.CustomAction" Location="Mscrm.DashboardTab.Management.Controls._children" Sequence="15">
      <CommandUIDefinition>
        <Button Command="rbs.ApplicationRibbon.Display.Command" Id="rbs.ApplicationRibbon.NotifyDashboard.Broadcast" LabelText="$LocLabels:rbs.ApplicationRibbon.NotifyDashboard.Broadcast.LabelText" Sequence="15" TemplateAlias="o1" />
      </CommandUIDefinition>
    </CustomAction>
  </CustomActions>
  <Templates>
    <RibbonTemplates Id="Mscrm.Templates"></RibbonTemplates>
  </Templates>
  <CommandDefinitions>
    <CommandDefinition Id="rbs.ApplicationRibbon.{!EntityLogicalName}.NotifyGrid.Button.rbs.ApplicationRibbon.NotifyDashboard.Broadcast">
      <EnableRules>
        <EnableRule Id="rbs.ApplicationRibbon.EnableRule0.EnableRule" />
      </EnableRules>
      <DisplayRules />
      <Actions />
    </CommandDefinition>
    <CommandDefinition Id="rbs.ApplicationRibbon.Display.Command">
      <EnableRules>
        <EnableRule Id="rbs.ApplicationRibbon.EnableRule0.EnableRule" />
      </EnableRules>
      <DisplayRules />
      <Actions />
    </CommandDefinition>
  </CommandDefinitions>
  <RuleDefinitions>
    <TabDisplayRules />
    <DisplayRules />
    <EnableRules>
      <EnableRule Id="rbs.ApplicationRibbon.EnableRule0.EnableRule">
        <CustomRule FunctionName="isNaN" Library="$webresource:rbs_XrmServiceToolkit" />
        <CustomRule FunctionName="isNaN" Library="$webresource:rbs_globalNotify.Js" />
        <CustomRule FunctionName="isNaN" Library="$webresource:rbs_Process" />
        <CustomRule FunctionName="GlobalNotification" Library="$webresource:rbs_globalNotification" />
      </EnableRule>
    </EnableRules>
  </RuleDefinitions>
  <LocLabels>
    <LocLabel Id="rbs.ApplicationRibbon.NotifyDashboard.Broadcast.LabelText">
      <Titles>
        <Title description="Notify" languagecode="1033" />
      </Titles>
    </LocLabel>
    <LocLabel Id="rbs.ApplicationRibbon.NotifyGrid.Button.rbs.ApplicationRibbon.NotifyDashboard.Broadcast.LabelText">
      <Titles>
        <Title description="Notify" languagecode="1033" />
      </Titles>
    </LocLabel>
  </LocLabels>
</RibbonDiffXml>