<?xml version="1.0" encoding="utf-8"?>
<savedqueries xmlns:xsi="http://www.w3.org/2001/XMLSchema-instance">
  <savedquery>
    <IsCustomizable>1</IsCustomizable>
    <CanBeDeleted>1</CanBeDeleted>
    <isquickfindquery>0</isquickfindquery>
    <isprivate>0</isprivate>
    <isdefault>1</isdefault>
    <savedqueryid>{12e70885-c390-ed11-aad1-0022482b27ce}</savedqueryid>
    <querytype>8192</querytype>
    <fetchxml>
      <fetch
        version="1.0"
        mapping="logical"
        output-format="xml-platform">
        <entity
          name="rhm_subtype">
          <attribute
            name="rhm_subtypeid" />
          <filter
            type="and">
            <condition
              attribute="statecode"
              operator="eq"
              value="0" />
            <condition
              attribute="ownerid"
              operator="eq-userid" />
          </filter>
        </entity>
      </fetch>
    </fetchxml>
    <IntroducedVersion>1.0</IntroducedVersion>
    <LocalizedNames>
      <LocalizedName
        description="My Sub Types"
        languagecode="1033" />
    </LocalizedNames>
    <Descriptions>
      <Description
        description="Active Sub Types owned by me"
        languagecode="1033" />
    </Descriptions>
  </savedquery>
</savedqueries>