﻿<?xml version="1.0" encoding="utf-8"?>
<savedquery>
  <IsCustomizable>1</IsCustomizable>
  <CanBeDeleted>0</CanBeDeleted>
  <isquickfindquery>0</isquickfindquery>
  <isprivate>0</isprivate>
  <isdefault>1</isdefault>
  <returnedtypecode>10087</returnedtypecode>
  <savedqueryid>{ba08e335-03b1-46cc-80cf-7094800f1e37}</savedqueryid>
  <layoutxml>
    <grid name="" object="10087" jump="rbs_name" select="1" icon="1" preview="0">
      <row name="rbs_securityrolerulerelationship" id="rbs_securityrolerulerelationshipid">
        <cell name="rbs_name" width="150" imageproviderfunctionname="" imageproviderwebresource="$webresource:" />
        <cell name="rbs_securityrole" width="150" imageproviderfunctionname="" imageproviderwebresource="$webresource:" />
        <cell name="rbs_distributionrule" width="150" imageproviderfunctionname="" imageproviderwebresource="$webresource:" />
        <cell name="rbs_distributionthresholdcount" width="200" imageproviderfunctionname="" imageproviderwebresource="$webresource:" />
        <cell name="createdon" width="125" />
      </row>
    </grid>
  </layoutxml>
  <querytype>64</querytype>
  <fetchxml>
    <fetch version="1.0" mapping="logical">
      <entity name="rbs_securityrolerulerelationship">
        <attribute name="rbs_securityrolerulerelationshipid" />
        <attribute name="rbs_name" />
        <attribute name="createdon" />
        <filter type="and">
          <condition attribute="statecode" operator="eq" value="0" />
        </filter>
        <order attribute="rbs_securityrole" descending="false" />
        <attribute name="rbs_securityrole" />
        <attribute name="rbs_distributionthresholdcount" />
        <attribute name="rbs_distributionrule" />
      </entity>
    </fetch>
  </fetchxml>
  <IntroducedVersion>1.0.0.0</IntroducedVersion>
  <LocalizedNames>
    <LocalizedName description="Security Role Rule Relationship Lookup View" languagecode="1033" />
  </LocalizedNames>
</savedquery>