﻿<?xml version="1.0" encoding="utf-8"?>
<savedquery>
  <IsCustomizable>1</IsCustomizable>
  <CanBeDeleted>0</CanBeDeleted>
  <isquickfindquery>0</isquickfindquery>
  <isprivate>0</isprivate>
  <isdefault>1</isdefault>
  <returnedtypecode>10087</returnedtypecode>
  <savedqueryid>{e087ca7a-f678-443c-98f7-6230275605eb}</savedqueryid>
  <layoutxml>
    <grid name="resultset" object="10087" jump="rbs_name" select="1" icon="1" preview="1">
      <row name="result" id="rbs_securityrolerulerelationshipid">
        <cell name="rbs_securityrole" width="150" imageproviderfunctionname="" imageproviderwebresource="$webresource:" />
        <cell name="rbs_distributionrule" width="150" imageproviderfunctionname="" imageproviderwebresource="$webresource:" />
        <cell name="rbs_distributionthresholdcount" width="200" imageproviderfunctionname="" imageproviderwebresource="$webresource:" />
        <cell name="createdon" width="125" />
      </row>
    </grid>
  </layoutxml>
  <querytype>1</querytype>
  <fetchxml>
    <fetch version="1.0" mapping="logical">
      <entity name="rbs_securityrolerulerelationship">
        <attribute name="createdon" />
        <order attribute="rbs_securityrole" descending="false" />
        <attribute name="rbs_securityrole" />
        <attribute name="rbs_distributionthresholdcount" />
        <attribute name="rbs_distributionrule" />
        <attribute name="rbs_securityrolerulerelationshipid" />
      </entity>
    </fetch>
  </fetchxml>
  <IntroducedVersion>1.0.0.0</IntroducedVersion>
  <LocalizedNames>
    <LocalizedName description="Security Role Rule Relationship Advanced Find View" languagecode="1033" />
  </LocalizedNames>
</savedquery>