<?xml version="1.0" encoding="utf-8"?>
<forms xmlns:xsi="http://www.w3.org/2001/XMLSchema-instance">
  <systemform>
    <formid>{daa9a70e-ef11-420c-8db4-aeaa0577e5fa}</formid>
    <IntroducedVersion>1.0</IntroducedVersion>
    <FormPresentation>1</FormPresentation>
    <FormActivationState>1</FormActivationState>
    <form>
      <tabs>
        <tab
          name="general"
          verticallayout="true"
          id="{48e25283-2c62-48bb-9797-486988a34833}"
          IsUserDefined="0">
          <labels>
            <label
              description=""
              languagecode="1033" />
          </labels>
          <columns>
            <column
              width="25%">
              <sections>
                <section
                  name="ColorStrip"
                  showlabel="false"
                  showbar="false"
                  columns="1"
                  IsUserDefined="0"
                  id="{751d6487-ea83-49bf-8566-4797de2b7502}">
                  <labels>
                    <label
                      description="ColorStrip"
                      languagecode="1033" />
                  </labels>
                </section>
              </sections>
            </column>
            <column
              width="75%">
              <sections>
                <section
                  name="CardHeader"
                  showlabel="false"
                  showbar="false"
                  columns="111"
                  id="{3cdabef4-0cfc-4ee0-9197-226c6b7d0ec2}"
                  IsUserDefined="0">
                  <labels>
                    <label
                      description="Header"
                      languagecode="1033" />
                  </labels>
                  <rows>
                    <row>
                      <cell
                        id="{38547d19-011e-4127-9b87-f72ef2ef2648}"
                        showlabel="true"
                        locklevel="0">
                        <labels>
                          <label
                            description="Status Reason"
                            languagecode="1033" />
                        </labels>
                        <control
                          id="statuscode"
                          classid="{5D68B988-0661-4db2-BC3E-17598AD3BE6C}"
                          datafieldname="statuscode"
                          disabled="false" />
                      </cell>
                      <cell
                        id="{3c9171b8-e80d-409d-9c21-e5e8b875dbc0}"
                        showlabel="true"
                        locklevel="0">
                        <labels>
                          <label
                            description=""
                            languagecode="1033" />
                        </labels>
                      </cell>
                      <cell
                        id="{d1bc7a19-1ff1-465e-8c3a-eabe4d88ccae}"
                        showlabel="true"
                        locklevel="0">
                        <labels>
                          <label
                            description=""
                            languagecode="1033" />
                        </labels>
                      </cell>
                    </row>
                  </rows>
                </section>
                <section
                  name="CardDetails"
                  showlabel="false"
                  showbar="false"
                  columns="1"
                  id="{9a9c3b7b-6140-4dbc-8eb9-28a3155e79c9}"
                  IsUserDefined="0">
                  <labels>
                    <label
                      description="Details"
                      languagecode="1033" />
                  </labels>
                  <rows>
                    <row>
                      <cell
                        id="{ac2b02be-d7b9-4d6b-9092-d99fd0221c0f}"
                        showlabel="true"
                        locklevel="0">
                        <labels>
                          <label
                            description="Name"
                            languagecode="1033" />
                        </labels>
                        <control
                          id="rhm_name"
                          classid="{4273EDBD-AC1D-40d3-9FB2-095C621B552D}"
                          datafieldname="rhm_name"
                          disabled="false" />
                      </cell>
                    </row>
                  </rows>
                </section>
                <section
                  name="CardFooter"
                  showlabel="false"
                  columns="1111"
                  showbar="false"
                  id="{2e491360-b6a3-4ba9-85f3-bc9f826325ab}"
                  IsUserDefined="0">
                  <labels>
                    <label
                      description="Footer"
                      languagecode="1033" />
                  </labels>
                  <rows>
                    <row>
                      <cell
                        id="{cd92a744-e3d6-46d9-91e5-69d0efc0f885}"
                        showlabel="true"
                        locklevel="0">
                        <labels>
                          <label
                            description="Owner"
                            languagecode="1033" />
                        </labels>
                        <control
                          id="ownerid"
                          classid="{270BD3DB-D9AF-4782-9025-509E298DEC0A}"
                          datafieldname="ownerid"
                          disabled="false" />
                      </cell>
                      <cell
                        id="{9e1c91b3-a36f-46bd-a5b9-5789306fb341}"
                        showlabel="true"
                        locklevel="0">
                        <labels>
                          <label
                            description="Created On"
                            languagecode="1033" />
                        </labels>
                        <control
                          id="createdon"
                          classid="{270BD3DB-D9AF-4782-9025-509E298DEC0A}"
                          datafieldname="createdon"
                          disabled="false" />
                      </cell>
                      <cell
                        id="{10510e3c-78e2-48e6-89fa-3d9e794747c8}"
                        showlabel="true"
                        locklevel="0">
                        <labels>
                          <label
                            description=""
                            languagecode="1033" />
                        </labels>
                      </cell>
                      <cell
                        id="{5f27f03e-dd93-4b5c-89b6-266924bc4458}"
                        showlabel="true"
                        locklevel="0">
                        <labels>
                          <label
                            description=""
                            languagecode="1033" />
                        </labels>
                      </cell>
                    </row>
                  </rows>
                </section>
              </sections>
            </column>
          </columns>
        </tab>
      </tabs>
    </form>
    <IsCustomizable>1</IsCustomizable>
    <CanBeDeleted>1</CanBeDeleted>
    <LocalizedNames>
      <LocalizedName
        description="Information"
        languagecode="1033" />
    </LocalizedNames>
    <Descriptions>
      <Description
        description="A card form for this entity."
        languagecode="1033" />
    </Descriptions>
  </systemform>
</forms>