﻿<?xml version="1.0" encoding="utf-8"?>
<systemform>
  <formid>{a9a4c134-cd38-44ca-aaa0-7f10c784f7e8}</formid>
  <IntroducedVersion>0.0.0.1</IntroducedVersion>
  <FormPresentation>1</FormPresentation>
  <FormActivationState>1</FormActivationState>
  <form>
    <tabs>
      <tab name="general" verticallayout="true" id="{33a94ecd-114d-4b0f-a746-a3cbd4f0f6d4}" IsUserDefined="0">
        <labels>
          <label description="" languagecode="1033" />
        </labels>
        <columns>
          <column width="25%">
            <sections>
              <section name="ColorStrip" showlabel="false" showbar="false" columns="1" IsUserDefined="0" id="{7c5b12a1-8488-4d49-b069-7c1776472216}">
                <labels>
                  <label description="ColorStrip" languagecode="1033" />
                </labels>
              </section>
            </sections>
          </column>
          <column width="75%">
            <sections>
              <section name="CardHeader" showlabel="false" showbar="false" columns="111" id="{299f7729-b2d8-4d06-907e-267af7394687}" IsUserDefined="0">
                <labels>
                  <label description="Header" languagecode="1033" />
                </labels>
                <rows>
                  <row>
                    <cell id="{2238e5ca-ed2b-4f63-b277-7d77b29fc065}" showlabel="true" locklevel="0">
                      <labels>
                        <label description="Status Reason" languagecode="1033" />
                      </labels>
                      <control id="statuscode" classid="{5D68B988-0661-4db2-BC3E-17598AD3BE6C}" datafieldname="statuscode" disabled="false" />
                    </cell>
                    <cell id="{9a954136-2066-4228-aa7b-cda5730a5b1a}" showlabel="true" locklevel="0">
                      <labels>
                        <label description="" languagecode="1033" />
                      </labels>
                    </cell>
                    <cell id="{6cc5da24-278a-42b9-96e1-543f8ae77a64}" showlabel="true" locklevel="0">
                      <labels>
                        <label description="" languagecode="1033" />
                      </labels>
                    </cell>
                  </row>
                </rows>
              </section>
              <section name="CardDetails" showlabel="false" showbar="false" columns="1" id="{2727bbd3-98be-4c99-82f4-be16f3806e32}" IsUserDefined="0">
                <labels>
                  <label description="Details" languagecode="1033" />
                </labels>
                <rows>
                  <row>
                    <cell id="{e6ace82c-e835-48b7-a728-95ba3fed9e0e}" showlabel="true" locklevel="0">
                      <labels>
                        <label description="Name" languagecode="1033" />
                      </labels>
                      <control id="nwm_name" classid="{4273EDBD-AC1D-40d3-9FB2-095C621B552D}" datafieldname="nwm_name" disabled="false" />
                    </cell>
                  </row>
                </rows>
              </section>
              <section name="CardFooter" showlabel="false" columns="1111" showbar="false" id="{bb355dbf-2dc6-44c9-b9bb-79ee486451c8}" IsUserDefined="0">
                <labels>
                  <label description="Footer" languagecode="1033" />
                </labels>
                <rows>
                  <row>
                    <cell id="{eb2fa17e-916d-4fb4-bde4-6d9f896fe93c}" showlabel="true" locklevel="0">
                      <labels>
                        <label description="Owner" languagecode="1033" />
                      </labels>
                      <control id="ownerid" classid="{270BD3DB-D9AF-4782-9025-509E298DEC0A}" datafieldname="ownerid" disabled="false" />
                    </cell>
                    <cell id="{524f7256-bb99-4811-94fd-938b7f95f5c2}" showlabel="true" locklevel="0">
                      <labels>
                        <label description="Created On" languagecode="1033" />
                      </labels>
                      <control id="createdon" classid="{270BD3DB-D9AF-4782-9025-509E298DEC0A}" datafieldname="createdon" disabled="false" />
                    </cell>
                    <cell id="{1d42b33d-9800-43d7-8ae1-30081fe10eaf}" showlabel="true" locklevel="0">
                      <labels>
                        <label description="" languagecode="1033" />
                      </labels>
                    </cell>
                    <cell id="{dd66631c-c27c-4180-9bb3-edb23aa78b52}" showlabel="true" locklevel="0">
                      <labels>
                        <label description="" languagecode="1033" />
                      </labels>
                    </cell>
                  </row>
                </rows>
              </section>
            </sections>
          </column>
        </columns>
      </tab>
    </tabs>
  </form>
  <IsCustomizable>1</IsCustomizable>
  <CanBeDeleted>1</CanBeDeleted>
  <LocalizedNames>
    <LocalizedName description="Information" languagecode="1033" />
  </LocalizedNames>
  <Descriptions>
    <Description description="A card form for this entity." languagecode="1033" />
  </Descriptions>
</systemform>