﻿<?xml version="1.0" encoding="utf-8"?>
<WebResource>
  <WebResourceId>{c5a245fd-afa1-e711-80e5-3863bb34fad0}</WebResourceId>
  <Name>rbs_XrmServiceToolkit</Name>
  <DisplayName>XRMServiceToolKit</DisplayName>
  <Description>JS file to support fetchXML queries</Description>
  <LanguageCode>1033</LanguageCode>
  <WebResourceType>3</WebResourceType>
  <IntroducedVersion>1.6.0.0</IntroducedVersion>
  <IsEnabledForMobileClient>0</IsEnabledForMobileClient>
  <IsAvailableForMobileOffline>0</IsAvailableForMobileOffline>
  <DependencyXml>&lt;Dependencies&gt;&lt;Dependency componentType="WebResource"/&gt;&lt;/Dependencies&gt;</DependencyXml>
  <IsCustomizable>1</IsCustomizable>
  <CanBeDeleted>1</CanBeDeleted>
  <IsHidden>0</IsHidden>
  <FileName>/WebResources/rbs_XrmServiceToolkitC5A245FD-AFA1-E711-80E5-3863BB34FAD0</FileName>
</WebResource>