﻿<?xml version="1.0" encoding="utf-8"?>
<WebResource>
  <WebResourceId>{8c616166-914f-e811-811e-5065f38be571}</WebResourceId>
  <Name>rbs_globalNotify.Js</Name>
  <DisplayName>Global Notify.js</DisplayName>
  <WebResourceType>3</WebResourceType>
  <IntroducedVersion>1.0.0.0</IntroducedVersion>
  <IsEnabledForMobileClient>0</IsEnabledForMobileClient>
  <IsAvailableForMobileOffline>0</IsAvailableForMobileOffline>
  <DependencyXml>&lt;Dependencies&gt;&lt;Dependency componentType="WebResource"/&gt;&lt;/Dependencies&gt;</DependencyXml>
  <IsCustomizable>1</IsCustomizable>
  <CanBeDeleted>1</CanBeDeleted>
  <IsHidden>0</IsHidden>
  <FileName>/WebResources/rbs_globalNotifyJs8C616166-914F-E811-811E-5065F38BE571</FileName>
</WebResource>