﻿<?xml version="1.0" encoding="utf-8"?>
<WebResource>
  <WebResourceId>{fb240118-94ff-e811-a962-000d3ab98726}</WebResourceId>
  <Name>rbs_optionsetconfiguration.js</Name>
  <DisplayName>Optionsetconfiguration.js</DisplayName>
  <WebResourceType>3</WebResourceType>
  <IntroducedVersion>3.3.0.0</IntroducedVersion>
  <IsEnabledForMobileClient>0</IsEnabledForMobileClient>
  <IsAvailableForMobileOffline>0</IsAvailableForMobileOffline>
  <DependencyXml>&lt;Dependencies&gt;&lt;Dependency componentType="WebResource"/&gt;&lt;/Dependencies&gt;</DependencyXml>
  <IsCustomizable>1</IsCustomizable>
  <CanBeDeleted>1</CanBeDeleted>
  <IsHidden>0</IsHidden>
  <FileName>/WebResources/rbs_optionsetconfigurationjsFB240118-94FF-E811-A962-000D3AB98726</FileName>
</WebResource>