﻿<?xml version="1.0" encoding="utf-8"?>
<systemform>
  <formid>{e48f11fd-c565-4389-a471-f8438ddc843d}</formid>
  <IntroducedVersion>0.0.0.1</IntroducedVersion>
  <FormPresentation>1</FormPresentation>
  <FormActivationState>1</FormActivationState>
  <form>
    <tabs>
      <tab verticallayout="true" id="{2b3bbb38-263a-4bf3-aaeb-e66bffd1e297}" IsUserDefined="1">
        <labels>
          <label description="General Info" languagecode="1033" />
        </labels>
        <columns>
          <column width="24%">
            <sections>
              <section showlabel="false" showbar="false" IsUserDefined="0" id="{e2163898-fe94-490a-aff1-ae944e71358a}">
                <labels>
                  <label description="General" languagecode="1033" />
                </labels>
                <rows>
                  <row>
                    <cell id="{f98080f9-7687-4005-b804-36e4c7876ace}">
                      <labels>
                        <label description="Name" languagecode="1033" />
                      </labels>
                      <control id="nwm_name" classid="{4273EDBD-AC1D-40d3-9FB2-095C621B552D}" datafieldname="nwm_name" />
                    </cell>
                  </row>
                  <row>
                    <cell id="{bdd65979-512c-4897-8a4c-6f7ad30959a4}">
                      <labels>
                        <label description="Owner" languagecode="1033" />
                      </labels>
                      <control id="ownerid" classid="{270BD3DB-D9AF-4782-9025-509E298DEC0A}" datafieldname="ownerid" />
                    </cell>
                  </row>
                </rows>
              </section>
            </sections>
          </column>
          <column width="38%">
            <sections>
              <section showlabel="true" showbar="false" id="{3a518dad-96f4-46d7-b57f-23b4b7115096}" IsUserDefined="0" height="auto">
                <labels>
                  <label description="TIMELINE" languagecode="1033" />
                </labels>
                <rows>
                  <row>
                    <cell showlabel="false" colspan="1" rowspan="18" auto="false" id="{c5ba97cd-6608-434f-9e9e-ffae7446b241}">
                      <labels>
                        <label description="Conversation Tabs" languagecode="1033" />
                      </labels>
                      <control id="interactionwallcontrol" classid="{1F179106-FA28-4495-961E-F6BD93C21974}" />
                    </cell>
                  </row>
                  <row />
                  <row />
                  <row />
                  <row />
                  <row />
                  <row />
                  <row />
                  <row />
                  <row />
                  <row />
                  <row />
                  <row />
                  <row />
                  <row />
                  <row />
                  <row />
                  <row height="auto" />
                </rows>
              </section>
            </sections>
          </column>
          <column width="38%">
            <sections>
              <section showlabel="true" columns="1" showbar="false" id="{920bac67-8674-45b6-a603-434ef67d28ed}" name="ref_pan_{920bac67-8674-45b6-a603-434ef67d28ed}" IsUserDefined="0">
                <labels>
                  <label description="RELATED" languagecode="1033" />
                </labels>
                <rows>
                  <row />
                </rows>
              </section>
            </sections>
          </column>
        </columns>
      </tab>
    </tabs>
    <header id="{340c498d-5c0c-4f1e-aecc-6299d4a23f14}" celllabelposition="Left" columns="1111">
      <rows>
        <row />
      </rows>
    </header>
  </form>
  <IsCustomizable>1</IsCustomizable>
  <CanBeDeleted>1</CanBeDeleted>
  <LocalizedNames>
    <LocalizedName description="Information" languagecode="1033" />
  </LocalizedNames>
  <Descriptions>
    <Description description="A form for this entity." languagecode="1033" />
  </Descriptions>
</systemform>