﻿<?xml version="1.0" encoding="utf-8"?>
<savedquery>
  <IsCustomizable>1</IsCustomizable>
  <CanBeDeleted>0</CanBeDeleted>
  <isquickfindquery>0</isquickfindquery>
  <isprivate>0</isprivate>
  <isdefault>1</isdefault>
  <returnedtypecode>10016</returnedtypecode>
  <savedqueryid>{23d31ab8-49a6-43d4-b2fb-fd7ac387a095}</savedqueryid>
  <layoutxml>
    <grid name="resultset" object="10016" jump="rbsm_name" select="1" icon="1" preview="1">
      <row name="result" id="rbsm_rbspriorityid">
        <cell name="rbsm_prioritycategory" width="200" />
        <cell name="rbsm_prioritysubcategory" width="200" />
      </row>
    </grid>
  </layoutxml>
  <querytype>0</querytype>
  <fetchxml>
    <fetch version="1.0" mapping="logical">
      <entity name="rbsm_rbspriority">
        <order attribute="rbsm_prioritycategory" descending="false" />
        <filter type="and">
          <condition attribute="statecode" operator="eq" value="0" />
        </filter>
        <attribute name="rbsm_prioritysubcategory" />
        <attribute name="rbsm_prioritycategory" />
        <attribute name="rbsm_rbspriorityid" />
      </entity>
    </fetch>
  </fetchxml>
  <IntroducedVersion>1.0.0.0</IntroducedVersion>
  <LocalizedNames>
    <LocalizedName description="Active RBS Priorities" languagecode="1033" />
  </LocalizedNames>
</savedquery>