<entities >
  <entity name="adx_webfile" displayname="Web File" etc="10504" primaryidfield="adx_webfileid" primarynamefield="adx_name" disableplugins="false">
    <fields>
      <field displayname="Allow Origin" name="adx_alloworigin" type="string" customfield="true" />
      <field displayname="Cloud Blob Address" name="adx_cloudblobaddress" type="string" customfield="true" />
      <field displayname="Content-Disposition" name="adx_contentdisposition" type="optionsetvalue" customfield="true" />
      <field displayname="Created By" name="createdby" type="entityreference" lookupType="systemuser" />
      <field displayname="Created By (Delegate)" name="createdonbehalfby" type="entityreference" lookupType="systemuser" />
      <field displayname="Created By IP Address" name="adx_createdbyipaddress" type="string" customfield="true" />
      <field displayname="Created By Username" name="adx_createdbyusername" type="string" customfield="true" />
      <field displayname="Created On" name="createdon" type="datetime" />
      <field displayname="Display Date" name="adx_displaydate" type="datetime" customfield="true" />
      <field displayname="Display Order" name="adx_displayorder" type="number" customfield="true" />
      <field displayname="Enable Tracking (deprecated)" name="adx_enabletracking" type="bool" customfield="true" />
      <field displayname="Exclude From Search" name="adx_excludefromsearch" type="bool" customfield="true" />
      <field displayname="Expiration Date" name="adx_expirationdate" type="datetime" customfield="true" />
      <field displayname="Hidden From Sitemap" name="adx_hiddenfromsitemap" type="bool" customfield="true" />
      <field displayname="Import Sequence Number" name="importsequencenumber" type="number" />
      <field displayname="Master Web File" name="adx_masterwebfileid" type="entityreference" lookupType="adx_webfile" customfield="true" />
      <field displayname="Modified By" name="modifiedby" type="entityreference" lookupType="systemuser" />
      <field displayname="Modified By (Delegate)" name="modifiedonbehalfby" type="entityreference" lookupType="systemuser" />
      <field displayname="Modified By IP Address" name="adx_modifiedbyipaddress" type="string" customfield="true" />
      <field displayname="Modified By Username" name="adx_modifiedbyusername" type="string" customfield="true" />
      <field displayname="Modified On" name="modifiedon" type="datetime" />
      <field displayname="Name" name="adx_name" type="string" customfield="true" />
      <field displayname="Owner" name="ownerid" type="owner" />
      <field displayname="Owning Business Unit" name="owningbusinessunit" type="entityreference" lookupType="businessunit" />
      <field displayname="Owning Team" name="owningteam" type="entityreference" lookupType="team" />
      <field displayname="Owning User" name="owninguser" type="entityreference" lookupType="systemuser" />
      <field displayname="Parent Page" name="adx_parentpageid" type="entityreference" lookupType="adx_webpage" customfield="true" />
      <field displayname="Partial URL" name="adx_partialurl" type="string" customfield="true" />
      <field displayname="Publishing State" name="adx_publishingstateid" type="entityreference" lookupType="adx_publishingstate" customfield="true" />
      <field displayname="Record Created On" name="overriddencreatedon" type="datetime" />
      <field displayname="Release Date" name="adx_releasedate" type="datetime" customfield="true" />
      <field displayname="Status" name="statecode" type="state" />
      <field displayname="Status Reason" name="statuscode" type="status" />
      <field displayname="Subject" name="adx_subjectid" type="entityreference" lookupType="subject" customfield="true" />
      <field displayname="Summary" name="adx_summary" type="string" customfield="true" />
      <field displayname="Time Zone Rule Version Number" name="timezoneruleversionnumber" type="number" />
      <field displayname="Title" name="adx_title" type="string" customfield="true" />
      <field displayname="UTC Conversion Time Zone Code" name="utcconversiontimezonecode" type="number" />
      <field displayname="Version Number" name="versionnumber" type="bigint" />
      <field displayname="Web File" name="adx_webfileid" type="guid" primaryKey="true" />
      <field displayname="Website" name="adx_websiteid" type="entityreference" lookupType="adx_website" customfield="true" />
    </fields>
  </entity>
</entities>