<entities >
  <entity name="adx_entityform" displayname="Entity Form" etc="10561" primaryidfield="adx_entityformid" primarynamefield="adx_name" disableplugins="false">
    <fields>
      <field displayname="Address Line Field Name" name="adx_geolocation_addresslinefieldname" type="string" customfield="true" />
      <field displayname="Allow Create If Null" name="adx_recordsourceallowcreateonnull" type="bool" customfield="true" />
      <field displayname="Append Entity ID To Query String" name="adx_redirecturlappendentityidquerystring" type="bool" customfield="true" />
      <field displayname="Append Query String" name="adx_appendquerystring" type="bool" customfield="true" />
      <field displayname="Associate Current Portal User" name="adx_associatecurrentportaluser" type="bool" customfield="true" />
      <field displayname="Attach File" name="adx_attachfile" type="bool" customfield="true" />
      <field displayname="Attach File Allow Multiple" name="adx_attachfileallowmultiple" type="bool" customfield="true" />
      <field displayname="Attach File Extension Type Accept" name="adx_attachfileacceptextensions" type="string" customfield="true" />
      <field displayname="Attach File Label" name="adx_attachfilelabel" type="string" customfield="true" />
      <field displayname="Attach File MIME Type Accept" name="adx_attachfileaccept" type="string" customfield="true" />
      <field displayname="Attach File Required" name="adx_attachfilerequired" type="bool" customfield="true" />
      <field displayname="Attach File Required Error Message" name="adx_attachfilerequirederrormessage" type="string" customfield="true" />
      <field displayname="Attach File Save Option" name="adx_attachfilesaveoption" type="optionsetvalue" customfield="true" />
      <field displayname="Attach File Size Error Message" name="adx_attachfilesizeerrormessage" type="string" customfield="true" />
      <field displayname="Attach File Storage Location" name="adx_attachfilestoragelocation" type="optionsetvalue" customfield="true" />
      <field displayname="Attach File Type Error Message" name="adx_attachfiletypeerrormessage" type="string" customfield="true" />
      <field displayname="Attribute Logical Name" name="adx_redirecturlquerystringattribute" type="string" customfield="true" />
      <field displayname="Auto Generate Steps From Tabs" name="adx_autogeneratesteps" type="bool" customfield="true" />
      <field displayname="Captcha Required" name="adx_captcharequired" type="bool" customfield="true" />
      <field displayname="City Field Name" name="adx_geolocation_cityfieldname" type="string" customfield="true" />
      <field displayname="Country/Region Field Name" name="adx_geolocation_countryfieldname" type="string" customfield="true" />
      <field displayname="County Field Name" name="adx_geolocation_countyfieldname" type="string" customfield="true" />
      <field displayname="Created By" name="createdby" type="entityreference" lookupType="systemuser" />
      <field displayname="Created By (Delegate)" name="createdonbehalfby" type="entityreference" lookupType="systemuser" />
      <field displayname="Created On" name="createdon" type="datetime" />
      <field displayname="Custom JavaScript" name="adx_registerstartupscript" type="string" customfield="true" />
      <field displayname="Custom Query String" name="adx_redirecturlcustomquerystring" type="string" customfield="true" />
      <field displayname="Display Map" name="adx_geolocation_displaymap" type="bool" customfield="true" />
      <field displayname="Enable Entity Permissions" name="adx_entitypermissionsenabled" type="bool" customfield="true" />
      <field displayname="Enable Validation Summary Links" name="adx_validationsummarylinksenabled" type="bool" customfield="true" />
      <field displayname="Enabled" name="adx_geolocation_enabled" type="bool" customfield="true" />
      <field displayname="Entity Form" name="adx_entityformid" type="guid" primaryKey="true" />
      <field displayname="Entity Name" name="adx_entityname" type="string" customfield="true" />
      <field displayname="Entity Source Type" name="adx_entitysourcetype" type="optionsetvalue" customfield="true" />
      <field displayname="Form Name" name="adx_formname" type="string" customfield="true" />
      <field displayname="Formatted Address Field Name" name="adx_geolocation_formattedaddressfieldname" type="string" customfield="true" />
      <field displayname="Hide Form on Success" name="adx_hideformonsuccess" type="bool" customfield="true" />
      <field displayname="Import Sequence Number" name="importsequencenumber" type="number" />
      <field displayname="Instructions" name="adx_instructions" type="string" customfield="true" />
      <field displayname="Is Activity Party" name="adx_portaluserlookupattributeisactivityparty" type="bool" customfield="true" />
      <field displayname="Latitude Field Name" name="adx_geolocation_latitudefieldname" type="string" customfield="true" />
      <field displayname="Longitude Field Name" name="adx_geolocation_longitudefieldname" type="string" customfield="true" />
      <field displayname="Make All Fields Required" name="adx_forceallfieldsrequired" type="bool" customfield="true" />
      <field displayname="Map Type" name="adx_geolocation_maptype" type="optionsetvalue" customfield="true" />
      <field displayname="Maximum File Size" name="adx_attachfilemaxsize" type="number" customfield="true" />
      <field displayname="Mode" name="adx_mode" type="optionsetvalue" customfield="true" />
      <field displayname="Modified By" name="modifiedby" type="entityreference" lookupType="systemuser" />
      <field displayname="Modified By (Delegate)" name="modifiedonbehalfby" type="entityreference" lookupType="systemuser" />
      <field displayname="Modified On" name="modifiedon" type="datetime" />
      <field displayname="Name" name="adx_name" type="string" customfield="true" />
      <field displayname="Neighborhood Field Name" name="adx_geolocation_neighborhoodfieldname" type="string" customfield="true" />
      <field displayname="Next Button CSS Class" name="adx_nextbuttoncssclass" type="string" customfield="true" />
      <field displayname="Next Button Text" name="adx_nextbuttontext" type="string" customfield="true" />
      <field displayname="On Success" name="adx_onsuccess" type="optionsetvalue" customfield="true" />
      <field displayname="Organization Id" name="organizationid" type="entityreference" lookupType="organization" />
      <field displayname="Populate Entity Reference Lookup Field" name="adx_populatereferenceentitylookupfield" type="bool" customfield="true" />
      <field displayname="Previous Button CSS Class" name="adx_previousbuttoncssclass" type="string" customfield="true" />
      <field displayname="Previous Button Text" name="adx_previousbuttontext" type="string" customfield="true" />
      <field displayname="Primary Key Name" name="adx_primarykeyname" type="string" customfield="true" />
      <field displayname="Provisioned Languages" name="adx_provisionedlanguages" type="number" customfield="true" />
      <field displayname="Query String Parameter Name" name="adx_redirecturlquerystringattributeparamname" type="string" customfield="true" />
      <field displayname="Recommended Fields Required" name="adx_recommendedfieldsrequired" type="bool" customfield="true" />
      <field displayname="Record Created On" name="overriddencreatedon" type="datetime" />
      <field displayname="Record ID Query String Parameter Name" name="adx_recordidquerystringparametername" type="string" customfield="true" />
      <field displayname="Record Not Found Message" name="adx_recordnotfoundmessage" type="string" customfield="true" />
      <field displayname="Record Source Entity Logical Name" name="adx_recordsourceentitylogicalname" type="string" customfield="true" />
      <field displayname="Record Source Relationship Name" name="adx_referencerecordsourcerelationshipname" type="string" customfield="true" />
      <field displayname="Redirect URL" name="adx_redirecturl" type="string" customfield="true" />
      <field displayname="Redirect URL Query String Name" name="adx_redirecturlquerystringname" type="string" customfield="true" />
      <field displayname="Redirect Web Page" name="adx_redirectwebpage" type="entityreference" lookupType="adx_webpage" customfield="true" />
      <field displayname="Reference Entity Logical Name" name="adx_referenceentitylogicalname" type="string" customfield="true" />
      <field displayname="Reference Entity Primary Key Logical Name" name="adx_referenceentityprimarykeylogicalname" type="string" customfield="true" />
      <field displayname="Reference Entity ReadOnly Form Name" name="adx_referenceentityreadonlyformname" type="string" customfield="true" />
      <field displayname="Reference Entity Relationship Name" name="adx_referenceentityrelationshipname" type="string" customfield="true" />
      <field displayname="Reference Entity Source Type" name="adx_referenceentitysourcetype" type="optionsetvalue" customfield="true" />
      <field displayname="Reference Query Attribute Logical Name" name="adx_referencequeryattributelogicalname" type="string" customfield="true" />
      <field displayname="Reference Query String Is Primary Key" name="adx_referencequerystringisprimarykey" type="bool" customfield="true" />
      <field displayname="Reference Query String Name" name="adx_referencequerystringname" type="string" customfield="true" />
      <field displayname="Reference Target Lookup Attribute Logical Name" name="adx_referencetargetlookupattributelogicalname" type="string" customfield="true" />
      <field displayname="Relationship Name" name="adx_recordsourcerelationshipname" type="string" customfield="true" />
      <field displayname="Render Web Resources Inline" name="adx_renderwebresourcesinline" type="bool" customfield="true" />
      <field displayname="Restrict Files To Accepted Types" name="adx_attachfilerestrictaccept" type="bool" customfield="true" />
      <field displayname="Set Entity Reference" name="adx_setentityreference" type="bool" customfield="true" />
      <field displayname="Settings" name="adx_settings" type="string" customfield="true" />
      <field displayname="Show Captcha for Authenticated Users" name="adx_showcaptchaforauthenticatedusers" type="bool" customfield="true" />
      <field displayname="Show Owner Fields" name="adx_showownerfields" type="bool" customfield="true" />
      <field displayname="Show Reference Entity ReadOnly Form" name="adx_referenceentityshowreadonlyform" type="bool" customfield="true" />
      <field displayname="Show Unsupported Fields" name="adx_showunsupportedfields" type="bool" customfield="true" />
      <field displayname="State or Province Field Name" name="adx_geolocation_statefieldname" type="string" customfield="true" />
      <field displayname="Status" name="statecode" type="state" />
      <field displayname="Status Reason" name="statuscode" type="status" />
      <field displayname="Submit Button Busy Text" name="adx_submitbuttonbusytext" type="string" customfield="true" />
      <field displayname="Submit Button CSS Class" name="adx_submitbuttoncssclass" type="string" customfield="true" />
      <field displayname="Submit Button Text" name="adx_submitbuttontext" type="string" customfield="true" />
      <field displayname="Success Message" name="adx_successmessage" type="string" customfield="true" />
      <field displayname="Tab Name" name="adx_tabname" type="string" customfield="true" />
      <field displayname="Target Entity Portal User Lookup Attribute" name="adx_targetentityportaluserlookupattribute" type="string" customfield="true" />
      <field displayname="Time Zone Rule Version Number" name="timezoneruleversionnumber" type="number" />
      <field displayname="ToolTip Enabled" name="adx_tooltipenabled" type="bool" customfield="true" />
      <field displayname="UTC Conversion Time Zone Code" name="utcconversiontimezonecode" type="number" />
      <field displayname="Validation Group" name="adx_validationgroup" type="string" customfield="true" />
      <field displayname="Validation Summary CSS Class" name="adx_validationsummarycssclass" type="string" customfield="true" />
      <field displayname="Validation Summary Header Text" name="adx_validationsummaryheadertext" type="string" customfield="true" />
      <field displayname="Validation Summary Link Text" name="adx_validationsummarylinktext" type="string" customfield="true" />
      <field displayname="Version Number" name="versionnumber" type="bigint" />
      <field displayname="Website" name="adx_websiteid" type="entityreference" lookupType="adx_website" customfield="true" />
      <field displayname="Zip/Postal Code Field Name" name="adx_geolocation_postalcodefieldname" type="string" customfield="true" />
    </fields>
    <relationships />
  </entity>
  <entity name="adx_entityformmetadata" displayname="Entity Form Metadata" etc="10562" primaryidfield="adx_entityformmetadataid" primarynamefield="adx_name" disableplugins="false">
    <fields>
      <field displayname="Add Description" name="adx_adddescription" type="bool" customfield="true" />
      <field displayname="Attribute Logical Name" name="adx_attributelogicalname" type="string" customfield="true" />
      <field displayname="Constant Sum Maximum Total" name="adx_constantsummaximumtotal" type="number" customfield="true" />
      <field displayname="Constant Sum Minimum Total" name="adx_constantsumminimumtotal" type="number" customfield="true" />
      <field displayname="Constant Sum Validation Error Message" name="adx_constantsumvalidationerrormessage" type="string" customfield="true" />
      <field displayname="Control Style" name="adx_controlstyle" type="optionsetvalue" customfield="true" />
      <field displayname="Created By" name="createdby" type="entityreference" lookupType="systemuser" />
      <field displayname="Created By (Delegate)" name="createdonbehalfby" type="entityreference" lookupType="systemuser" />
      <field displayname="Created On" name="createdon" type="datetime" />
      <field displayname="CSS Class" name="adx_cssclass" type="string" customfield="true" />
      <field displayname="Description" name="adx_description" type="string" customfield="true" />
      <field displayname="Entity Form" name="adx_entityform" type="entityreference" lookupType="adx_entityform" customfield="true" />
      <field displayname="Entity Form for Create" name="adx_entityformforcreate" type="entityreference" lookupType="adx_entityform" customfield="true" />
      <field displayname="Entity Form Metadata" name="adx_entityformmetadataid" type="guid" primaryKey="true" />
      <field displayname="Field is Required" name="adx_fieldisrequired" type="bool" customfield="true" />
      <field displayname="Geolocation Validator Error Message" name="adx_geolocationvalidatorerrormessage" type="string" customfield="true" />
      <field displayname="Group Name" name="adx_groupname" type="string" customfield="true" />
      <field displayname="Ignore Default Value" name="adx_ignoredefaultvalue" type="bool" customfield="true" />
      <field displayname="Import Sequence Number" name="importsequencenumber" type="number" />
      <field displayname="Label" name="adx_label" type="string" customfield="true" />
      <field displayname="Modified By" name="modifiedby" type="entityreference" lookupType="systemuser" />
      <field displayname="Modified By (Delegate)" name="modifiedonbehalfby" type="entityreference" lookupType="systemuser" />
      <field displayname="Modified On" name="modifiedon" type="datetime" />
      <field displayname="Multiple Choice Max Selected Count" name="adx_maxmultiplechoiceselectedcount" type="number" customfield="true" />
      <field displayname="Multiple Choice Minimum Required Selected Count" name="adx_minmultiplechoiceselectedcount" type="number" customfield="true" />
      <field displayname="Multiple Choice Validation Error Message" name="adx_multiplechoicevalidationerrormessage" type="string" customfield="true" />
      <field displayname="Name" name="adx_name" type="string" customfield="true" />
      <field displayname="Notes Settings" name="adx_notes_settings" type="string" customfield="true" />
      <field displayname="On Save From Attribute" name="adx_onsavefromattribute" type="string" customfield="true" />
      <field displayname="On Save Type" name="adx_onsavetype" type="optionsetvalue" customfield="true" />
      <field displayname="Organization Id" name="organizationid" type="entityreference" lookupType="organization" />
      <field displayname="Position" name="adx_descriptionposition" type="optionsetvalue" customfield="true" />
      <field displayname="Prepopulate From Attribute" name="adx_prepopulatefromattribute" type="string" customfield="true" />
      <field displayname="Prepopulate Type" name="adx_prepopulatetype" type="optionsetvalue" customfield="true" />
      <field displayname="Prepopulate Value" name="adx_prepopulatevalue" type="string" customfield="true" />
      <field displayname="Provisioned Languages" name="adx_provisionedlanguages" type="number" customfield="true" />
      <field displayname="Randomize Option Set Values" name="adx_randomizeoptionsetvalues" type="bool" customfield="true" />
      <field displayname="Range Validation Error Message" name="adx_rangevalidationerrormessage" type="string" customfield="true" />
      <field displayname="Rank Order No Ties Validation Error Message" name="adx_rankordernotiesvalidationerrormessage" type="string" customfield="true" />
      <field displayname="Record Created On" name="overriddencreatedon" type="datetime" />
      <field displayname="Regular Expression Validation Error Message" name="adx_validationregularexpressionerrormessage" type="string" customfield="true" />
      <field displayname="Required Field Validation Error Message" name="adx_requiredfieldvalidationerrormessage" type="string" customfield="true" />
      <field displayname="Section Name" name="adx_sectionname" type="string" customfield="true" />
      <field displayname="Set Value On Save" name="adx_setvalueonsave" type="bool" customfield="true" />
      <field displayname="Status" name="statecode" type="state" />
      <field displayname="Status Reason" name="statuscode" type="status" />
      <field displayname="Subgrid Name" name="adx_subgrid_name" type="string" customfield="true" />
      <field displayname="Subgrid Settings" name="adx_subgrid_settings" type="string" customfield="true" />
      <field displayname="Tab Name" name="adx_tabname" type="string" customfield="true" />
      <field displayname="Time Zone Rule Version Number" name="timezoneruleversionnumber" type="number" />
      <field displayname="Timeline Settings" name="adx_timeline_settings" type="string" customfield="true" />
      <field displayname="Type" name="adx_type" type="optionsetvalue" customfield="true" />
      <field displayname="Use Attribute's Description Property" name="adx_useattributedescriptionproperty" type="bool" customfield="true" />
      <field displayname="UTC Conversion Time Zone Code" name="utcconversiontimezonecode" type="number" />
      <field displayname="Validation Error Message" name="adx_validationerrormessage" type="string" customfield="true" />
      <field displayname="Validation Regular Expression" name="adx_validationregularexpression" type="string" customfield="true" />
      <field displayname="Value" name="adx_onsavevalue" type="string" customfield="true" />
      <field displayname="Version Number" name="versionnumber" type="bigint" />
    </fields>
    <relationships />
  </entity>
</entities>