﻿<?xml version="1.0" encoding="utf-8"?>
<systemform>
  <formid>{2ba30aae-1ffa-42d0-95bc-c3b3d21b9e4c}</formid>
  <IntroducedVersion>0.0.0.1</IntroducedVersion>
  <FormPresentation>1</FormPresentation>
  <FormActivationState>1</FormActivationState>
  <form>
    <tabs>
      <tab verticallayout="true" id="{6fd1dbd6-2f22-4442-b1fd-9f10d519c5a6}" IsUserDefined="1">
        <labels>
          <label description="General" languagecode="1033" />
        </labels>
        <columns>
          <column width="33%">
            <sections>
              <section showlabel="false" showbar="false" IsUserDefined="0" id="{faf5371d-395a-4828-bc46-dc0be36bc253}" name="{faf5371d-395a-4828-bc46-dc0be36bc253}" columns="1" locklevel="0" labelwidth="250" celllabelalignment="Left" celllabelposition="Left">
                <labels>
                  <label description="General" languagecode="1033" />
                </labels>
                <rows>
                  <row>
                    <cell id="{cca0eafe-b7a3-4bda-b66b-95d682132744}" showlabel="true" locklevel="0">
                      <labels>
                        <label description="Configuration Key" languagecode="1033" />
                      </labels>
                      <control id="nwm_name" classid="{4273EDBD-AC1D-40d3-9FB2-095C621B552D}" datafieldname="nwm_name" uniqueid="{a44b4156-cab9-8d54-4e91-1becd9225b68}" disabled="false" />
                    </cell>
                  </row>
                  <row>
                    <cell id="{63b5a505-816f-4957-a160-431a1a9ad7a4}" showlabel="true" locklevel="1" visible="false">
                      <labels>
                        <label description="Owner" languagecode="1033" />
                      </labels>
                      <control id="ownerid" classid="{270BD3DB-D9AF-4782-9025-509E298DEC0A}" datafieldname="ownerid" uniqueid="{ad49b509-0084-b103-33d8-b9c8644a9102}" disabled="false">
                        <parameters>
                          <AutoResolve>true</AutoResolve>
                          <DisableMru>false</DisableMru>
                        </parameters>
                      </control>
                    </cell>
                  </row>
                  <row>
                    <cell id="{4866cd94-1992-2957-28d8-43c364d7b546}" showlabel="true" locklevel="0">
                      <labels>
                        <label description="Configuration Value" languagecode="1033" />
                      </labels>
                      <control id="nwm_value" classid="{4273EDBD-AC1D-40d3-9FB2-095C621B552D}" datafieldname="nwm_value" disabled="false" />
                    </cell>
                  </row>
                </rows>
              </section>
            </sections>
          </column>
          <column width="66%">
            <sections>
              <section showlabel="false" showbar="false" id="{6df8556e-1f91-4b71-b543-10aa1843b616}" IsUserDefined="0" height="auto" name="{6df8556e-1f91-4b71-b543-10aa1843b616}" columns="1" locklevel="0" labelwidth="115" celllabelalignment="Left" celllabelposition="Left">
                <labels>
                  <label description="Notes" languagecode="1033" />
                </labels>
                <rows>
                  <row>
                    <cell showlabel="false" rowspan="15" auto="false" id="{b2ed2c8f-9731-45ab-9261-984546a82db9}">
                      <labels>
                        <label description="Note Text" languagecode="1033" />
                      </labels>
                      <control id="notescontrol" classid="{06375649-c143-495e-a496-c962e5b4488e}" uniqueid="{741ac4a9-7745-c60a-6179-26092babe4d4}">
                        <parameters>
                          <DefaultTabId>NotesTab</DefaultTabId>
                        </parameters>
                      </control>
                    </cell>
                  </row>
                  <row></row>
                  <row></row>
                  <row></row>
                  <row></row>
                  <row></row>
                  <row></row>
                  <row></row>
                  <row></row>
                  <row></row>
                  <row></row>
                  <row></row>
                  <row></row>
                  <row></row>
                  <row height="auto"></row>
                </rows>
              </section>
            </sections>
          </column>
        </columns>
      </tab>
    </tabs>
    <Navigation>
      <NavBar></NavBar>
      <NavBarAreas>
        <NavBarArea Id="Info">
          <Titles>
            <Title LCID="1033" Text="Common" />
          </Titles>
        </NavBarArea>
        <NavBarArea Id="Sales">
          <Titles>
            <Title LCID="1033" Text="Sales" />
          </Titles>
        </NavBarArea>
        <NavBarArea Id="Service">
          <Titles>
            <Title LCID="1033" Text="Service" />
          </Titles>
        </NavBarArea>
        <NavBarArea Id="Marketing">
          <Titles>
            <Title LCID="1033" Text="Marketing" />
          </Titles>
        </NavBarArea>
        <NavBarArea Id="ProcessCenter">
          <Titles>
            <Title LCID="1033" Text="Process Sessions" />
          </Titles>
        </NavBarArea>
      </NavBarAreas>
    </Navigation>
    <controlDescriptions />
  </form>
  <IsCustomizable>1</IsCustomizable>
  <CanBeDeleted>1</CanBeDeleted>
  <LocalizedNames>
    <LocalizedName description="Information" languagecode="1033" />
  </LocalizedNames>
  <Descriptions>
    <Description description="A form for this entity." languagecode="1033" />
  </Descriptions>
</systemform>