<?xml version="1.0" encoding="utf-8"?>
<optionset
  Name="rhm_shipmethod"
  localizedName="Ship Method" xmlns:xsi="http://www.w3.org/2001/XMLSchema-instance">
  <OptionSetType>picklist</OptionSetType>
  <IsGlobal>1</IsGlobal>
  <IntroducedVersion>1.0.0.1</IntroducedVersion>
  <IsCustomizable>1</IsCustomizable>
  <ExternalTypeName></ExternalTypeName>
  <displaynames>
    <displayname
      description="Ship Method"
      languagecode="1033" />
  </displaynames>
  <options>
    <option
      value="535790000"
      ExternalValue="">
      <labels>
        <label
          description="FEDX-Parcel-Ground"
          languagecode="1033" />
      </labels>
      <Descriptions>
        <Description
          description=""
          languagecode="1033" />
      </Descriptions>
    </option>
    <option
      value="535790001"
      ExternalValue="">
      <labels>
        <label
          description="FEDX-Parcel-2nd Day"
          languagecode="1033" />
      </labels>
      <Descriptions>
        <Description
          description=""
          languagecode="1033" />
      </Descriptions>
    </option>
    <option
      value="535790002"
      ExternalValue="">
      <labels>
        <label
          description="FEDX-Parcel-Next Day AM Delivery"
          languagecode="1033" />
      </labels>
      <Descriptions>
        <Description
          description=""
          languagecode="1033" />
      </Descriptions>
    </option>
    <option
      value="535790003"
      ExternalValue="">
      <labels>
        <label
          description="BestWay-LTL-Standard"
          languagecode="1033" />
      </labels>
      <Descriptions>
        <Description
          description=""
          languagecode="1033" />
      </Descriptions>
    </option>
    <option
      value="535790004"
      ExternalValue="">
      <labels>
        <label
          description="WCAL-LTL-Standard"
          languagecode="1033" />
      </labels>
      <Descriptions>
        <Description
          description=""
          languagecode="1033" />
      </Descriptions>
    </option>
    <option
      value="535790005"
      ExternalValue="">
      <labels>
        <label
          description="FEDX-Parcel-Saturday Delivery"
          languagecode="1033" />
      </labels>
      <Descriptions>
        <Description
          description=""
          languagecode="1033" />
      </Descriptions>
    </option>
    <option
      value="535790006"
      ExternalValue="">
      <labels>
        <label
          description="SameDay Shipping"
          languagecode="1033" />
      </labels>
      <Descriptions>
        <Description
          description=""
          languagecode="1033" />
      </Descriptions>
    </option>
    <option
      value="535790007"
      ExternalValue="">
      <labels>
        <label
          description="FEDX-Parcel-Next Day"
          languagecode="1033" />
      </labels>
      <Descriptions>
        <Description
          description=""
          languagecode="1033" />
      </Descriptions>
    </option>
  </options>
</optionset>