<?xml version="1.0" encoding="utf-8"?>
<optionset
  Name="rhm_meetinglocation"
  localizedName="Meeting Location" xmlns:xsi="http://www.w3.org/2001/XMLSchema-instance">
  <OptionSetType>picklist</OptionSetType>
  <IsGlobal>1</IsGlobal>
  <IntroducedVersion>1.0.0.3</IntroducedVersion>
  <IsCustomizable>1</IsCustomizable>
  <ExternalTypeName></ExternalTypeName>
  <displaynames>
    <displayname
      description="Meeting Location"
      languagecode="1033" />
  </displaynames>
  <options>
    <option
      value="535790000"
      ExternalValue="">
      <labels>
        <label
          description="Customer Location"
          languagecode="1033" />
      </labels>
      <Descriptions>
        <Description
          description=""
          languagecode="1033" />
      </Descriptions>
    </option>
    <option
      value="535790001"
      ExternalValue="">
      <labels>
        <label
          description="ILC"
          languagecode="1033" />
      </labels>
      <Descriptions>
        <Description
          description=""
          languagecode="1033" />
      </Descriptions>
    </option>
    <option
      value="535790002"
      ExternalValue="">
      <labels>
        <label
          description="Webinar"
          languagecode="1033" />
      </labels>
      <Descriptions>
        <Description
          description=""
          languagecode="1033" />
      </Descriptions>
    </option>
    <option
      value="535790003"
      ExternalValue="">
      <labels>
        <label
          description="Other"
          languagecode="1033" />
      </labels>
      <Descriptions>
        <Description
          description=""
          languagecode="1033" />
      </Descriptions>
    </option>
    <option
      value="535790004"
      ExternalValue="">
      <labels>
        <label
          description="Virtual"
          languagecode="1033" />
      </labels>
      <Descriptions>
        <Description
          description=""
          languagecode="1033" />
      </Descriptions>
    </option>
  </options>
</optionset>