<?xml version="1.0" encoding="utf-8"?>
<optionset
  Name="rhm_leadsource"
  localizedName="Lead Source" xmlns:xsi="http://www.w3.org/2001/XMLSchema-instance">
  <OptionSetType>picklist</OptionSetType>
  <IsGlobal>1</IsGlobal>
  <IntroducedVersion>1.0.0.0</IntroducedVersion>
  <IsCustomizable>1</IsCustomizable>
  <ExternalTypeName>Lead Source</ExternalTypeName>
  <displaynames>
    <displayname
      description="Lead Source"
      languagecode="1033" />
  </displaynames>
  <Descriptions>
    <Description
      description=""
      languagecode="1033" />
  </Descriptions>
  <options>
    <option
      value="1"
      ExternalValue=""
      Color="#0000ff">
      <labels>
        <label
          description="My Rheem"
          languagecode="1033" />
      </labels>
      <Descriptions>
        <Description
          description=""
          languagecode="1033" />
      </Descriptions>
    </option>
    <option
      value="2"
      ExternalValue=""
      Color="#0000ff">
      <labels>
        <label
          description="Rheem.com"
          languagecode="1033" />
      </labels>
      <Descriptions>
        <Description
          description=""
          languagecode="1033" />
      </Descriptions>
    </option>
  </options>
</optionset>