<?xml version="1.0" encoding="utf-8"?>
<optionset
  Name="rhm_buyinggroup"
  localizedName="Buying Group" xmlns:xsi="http://www.w3.org/2001/XMLSchema-instance">
  <OptionSetType>picklist</OptionSetType>
  <IsGlobal>1</IsGlobal>
  <IntroducedVersion>1.0.0.1</IntroducedVersion>
  <IsCustomizable>1</IsCustomizable>
  <ExternalTypeName></ExternalTypeName>
  <displaynames>
    <displayname
      description="Buying Group"
      languagecode="1033" />
  </displaynames>
  <options>
    <option
      value="1"
      ExternalValue="">
      <labels>
        <label
          description="AAHOA"
          languagecode="1033" />
      </labels>
      <Descriptions>
        <Description
          description=""
          languagecode="1033" />
      </Descriptions>
    </option>
    <option
      value="2"
      ExternalValue="">
      <labels>
        <label
          description="AD (Affliated Distributors)"
          languagecode="1033" />
      </labels>
      <Descriptions>
        <Description
          description=""
          languagecode="1033" />
      </Descriptions>
    </option>
    <option
      value="3"
      ExternalValue="">
      <labels>
        <label
          description="CHS (Clockwork)"
          languagecode="1033" />
      </labels>
      <Descriptions>
        <Description
          description=""
          languagecode="1033" />
      </Descriptions>
    </option>
    <option
      value="4"
      ExternalValue="">
      <labels>
        <label
          description="Imark"
          languagecode="1033" />
      </labels>
      <Descriptions>
        <Description
          description=""
          languagecode="1033" />
      </Descriptions>
    </option>
    <option
      value="5"
      ExternalValue="">
      <labels>
        <label
          description="Nextstar"
          languagecode="1033" />
      </labels>
      <Descriptions>
        <Description
          description=""
          languagecode="1033" />
      </Descriptions>
    </option>
    <option
      value="6"
      ExternalValue="">
      <labels>
        <label
          description="Octo"
          languagecode="1033" />
      </labels>
      <Descriptions>
        <Description
          description=""
          languagecode="1033" />
      </Descriptions>
    </option>
    <option
      value="7"
      ExternalValue="">
      <labels>
        <label
          description="PHCC"
          languagecode="1033" />
      </labels>
      <Descriptions>
        <Description
          description=""
          languagecode="1033" />
      </Descriptions>
    </option>
    <option
      value="8"
      ExternalValue="">
      <labels>
        <label
          description="PraxisS10"
          languagecode="1033" />
      </labels>
      <Descriptions>
        <Description
          description=""
          languagecode="1033" />
      </Descriptions>
    </option>
    <option
      value="9"
      ExternalValue="">
      <labels>
        <label
          description="Service Round"
          languagecode="1033" />
      </labels>
      <Descriptions>
        <Description
          description=""
          languagecode="1033" />
      </Descriptions>
    </option>
    <option
      value="10"
      ExternalValue="">
      <labels>
        <label
          description="Table"
          languagecode="1033" />
      </labels>
      <Descriptions>
        <Description
          description=""
          languagecode="1033" />
      </Descriptions>
    </option>
    <option
      value="11"
      ExternalValue="">
      <labels>
        <label
          description="SGI"
          languagecode="1033" />
      </labels>
      <Descriptions>
        <Description
          description=""
          languagecode="1033" />
      </Descriptions>
    </option>
  </options>
</optionset>