<?xml version="1.0" encoding="utf-8"?>
<optionset
  Name="rhm_buyinggroupglobal"
  localizedName="Buying Group Global" xmlns:xsi="http://www.w3.org/2001/XMLSchema-instance">
  <OptionSetType>picklist</OptionSetType>
  <IsGlobal>1</IsGlobal>
  <IntroducedVersion>1.0.0.0</IntroducedVersion>
  <IsCustomizable>1</IsCustomizable>
  <ExternalTypeName></ExternalTypeName>
  <displaynames>
    <displayname
      description="Buying Group Global"
      languagecode="1033" />
  </displaynames>
  <options>
    <option
      value="535790000"
      ExternalValue="">
      <labels>
        <label
          description="AAHOA"
          languagecode="1033" />
      </labels>
      <Descriptions>
        <Description
          description=""
          languagecode="1033" />
      </Descriptions>
    </option>
  </options>
</optionset>