<?xml version="1.0" encoding="utf-8"?>
<optionset
  Name="rhm_typeofaccount"
  localizedName="Type of Account" xmlns:xsi="http://www.w3.org/2001/XMLSchema-instance">
  <OptionSetType>picklist</OptionSetType>
  <IsGlobal>1</IsGlobal>
  <IntroducedVersion>1.0.0.1</IntroducedVersion>
  <IsCustomizable>1</IsCustomizable>
  <ExternalTypeName></ExternalTypeName>
  <displaynames>
    <displayname
      description="Type of Account"
      languagecode="1033" />
  </displaynames>
  <options>
    <option
      value="911110000"
      ExternalValue="">
      <labels>
        <label
          description="ESOP"
          languagecode="1033" />
      </labels>
      <Descriptions>
        <Description
          description=""
          languagecode="1033" />
      </Descriptions>
    </option>
    <option
      value="911110001"
      ExternalValue="">
      <labels>
        <label
          description="Factory Owned"
          languagecode="1033" />
      </labels>
      <Descriptions>
        <Description
          description=""
          languagecode="1033" />
      </Descriptions>
    </option>
    <option
      value="911110002"
      ExternalValue="">
      <labels>
        <label
          description="Independently Owned"
          languagecode="1033" />
      </labels>
      <Descriptions>
        <Description
          description=""
          languagecode="1033" />
      </Descriptions>
    </option>
    <option
      value="911110003"
      ExternalValue="">
      <labels>
        <label
          description="National"
          languagecode="1033" />
      </labels>
      <Descriptions>
        <Description
          description=""
          languagecode="1033" />
      </Descriptions>
    </option>
  </options>
</optionset>