﻿<?xml version="1.0" encoding="utf-8"?>
<systemform>
  <formid>{72341f47-b2f7-4c7e-a4c4-c96ab0fbb641}</formid>
  <IntroducedVersion>0.0.0.1</IntroducedVersion>
  <FormPresentation>1</FormPresentation>
  <FormActivationState>1</FormActivationState>
  <form>
    <tabs>
      <tab name="general" verticallayout="true" id="{9d431c88-69d3-4387-8cf6-47fa44008d84}" IsUserDefined="0">
        <labels>
          <label description="" languagecode="1033" />
        </labels>
        <columns>
          <column width="25%">
            <sections>
              <section name="ColorStrip" showlabel="false" showbar="false" columns="1" IsUserDefined="0" id="{96236c9d-20eb-4922-a793-bfe0215a0677}">
                <labels>
                  <label description="ColorStrip" languagecode="1033" />
                </labels>
              </section>
            </sections>
          </column>
          <column width="75%">
            <sections>
              <section name="CardHeader" showlabel="false" showbar="false" columns="111" id="{aefb0cfc-92b3-43ab-ae25-3efab2015a88}" IsUserDefined="0">
                <labels>
                  <label description="Header" languagecode="1033" />
                </labels>
                <rows>
                  <row>
                    <cell id="{3613a0f3-d9d8-4189-9591-8d80addce4a9}" showlabel="true" locklevel="0">
                      <labels>
                        <label description="Status Reason" languagecode="1033" />
                      </labels>
                      <control id="statuscode" classid="{5D68B988-0661-4db2-BC3E-17598AD3BE6C}" datafieldname="statuscode" disabled="false" />
                    </cell>
                    <cell id="{02f13862-e2a6-4401-b4f8-b764871957e9}" showlabel="true" locklevel="0">
                      <labels>
                        <label description="" languagecode="1033" />
                      </labels>
                    </cell>
                    <cell id="{69e248c7-45af-4e56-8bad-75fc303187a2}" showlabel="true" locklevel="0">
                      <labels>
                        <label description="" languagecode="1033" />
                      </labels>
                    </cell>
                  </row>
                </rows>
              </section>
              <section name="CardDetails" showlabel="false" showbar="false" columns="1" id="{db65931c-76ce-46eb-8291-423618fbc437}" IsUserDefined="0">
                <labels>
                  <label description="Details" languagecode="1033" />
                </labels>
                <rows>
                  <row>
                    <cell id="{67cccfe7-6b34-40a7-9d2e-dd9f1663ac7c}" showlabel="true" locklevel="0">
                      <labels>
                        <label description="FirstName" languagecode="1033" />
                      </labels>
                      <control id="nwm_name" classid="{4273EDBD-AC1D-40d3-9FB2-095C621B552D}" datafieldname="nwm_name" disabled="false" />
                    </cell>
                  </row>
                </rows>
              </section>
              <section name="CardFooter" showlabel="false" columns="1111" showbar="false" id="{d543d5e5-5b4b-47d4-97cf-afd5672fda06}" IsUserDefined="0">
                <labels>
                  <label description="Footer" languagecode="1033" />
                </labels>
                <rows>
                  <row>
                    <cell id="{270c3ad1-8321-498f-a278-d18e647b9994}" showlabel="true" locklevel="0">
                      <labels>
                        <label description="Owner" languagecode="1033" />
                      </labels>
                      <control id="ownerid" classid="{270BD3DB-D9AF-4782-9025-509E298DEC0A}" datafieldname="ownerid" disabled="false" />
                    </cell>
                    <cell id="{3ea7bbdd-9e6c-4a58-9e0e-bab5318fa313}" showlabel="true" locklevel="0">
                      <labels>
                        <label description="Created On" languagecode="1033" />
                      </labels>
                      <control id="createdon" classid="{270BD3DB-D9AF-4782-9025-509E298DEC0A}" datafieldname="createdon" disabled="false" />
                    </cell>
                    <cell id="{fa2817ef-a208-4104-9e2b-d8337efb4a35}" showlabel="true" locklevel="0">
                      <labels>
                        <label description="" languagecode="1033" />
                      </labels>
                    </cell>
                    <cell id="{96a8ed32-a4a1-4381-b7cb-8cc7f689053c}" showlabel="true" locklevel="0">
                      <labels>
                        <label description="" languagecode="1033" />
                      </labels>
                    </cell>
                  </row>
                </rows>
              </section>
            </sections>
          </column>
        </columns>
      </tab>
    </tabs>
  </form>
  <IsCustomizable>1</IsCustomizable>
  <CanBeDeleted>1</CanBeDeleted>
  <LocalizedNames>
    <LocalizedName description="Information" languagecode="1033" />
  </LocalizedNames>
  <Descriptions>
    <Description description="A card form for this entity." languagecode="1033" />
  </Descriptions>
</systemform>