﻿<?xml version="1.0" encoding="utf-8"?>
<savedquery>
  <IsCustomizable>1</IsCustomizable>
  <CanBeDeleted>0</CanBeDeleted>
  <isquickfindquery>1</isquickfindquery>
  <isprivate>0</isprivate>
  <isdefault>1</isdefault>
  <returnedtypecode>10070</returnedtypecode>
  <savedqueryid>{74ba07e1-4773-4e7d-8b9b-9edce8a973ae}</savedqueryid>
  <layoutxml>
    <grid name="resultset" object="10070" jump="nwm_id" select="1" icon="1" preview="1">
      <row name="result" id="nwm_clientaccessteamid">
        <cell name="nwm_accessrole" width="150" imageproviderfunctionname="" imageproviderwebresource="$webresource:" />
        <cell name="nwm_user" width="200" imageproviderfunctionname="" imageproviderwebresource="$webresource:" />
        <cell name="a_6503e3f984dde61180d43863bb358e18.title" width="200" disableSorting="1" imageproviderfunctionname="" imageproviderwebresource="$webresource:" />
        <cell name="a_6503e3f984dde61180d43863bb358e18.internalemailaddress" width="200" disableSorting="1" imageproviderfunctionname="" imageproviderwebresource="$webresource:" />
        <cell name="nwm_client" width="200" imageproviderfunctionname="" imageproviderwebresource="$webresource:" />
        <cell name="nwm_approvaldate" width="100" />
        <cell name="nwm_expiredate" width="150" imageproviderfunctionname="" imageproviderwebresource="$webresource:" />
        <cell name="statuscode" width="100" />
      </row>
    </grid>
  </layoutxml>
  <querytype>4</querytype>
  <fetchxml>
    <fetch version="1.0" output-format="xml-platform" mapping="logical" distinct="false">
      <entity name="nwm_clientaccessteam">
        <attribute name="nwm_user" />
        <attribute name="statuscode" />
        <attribute name="nwm_client" />
        <attribute name="nwm_approvaldate" />
        <attribute name="nwm_accessrole" />
        <order attribute="nwm_accessrole" descending="false" />
        <attribute name="nwm_expiredate" />
        <link-entity alias="a_6503e3f984dde61180d43863bb358e18" name="systemuser" from="systemuserid" to="nwm_user" link-type="outer" visible="false">
          <attribute name="internalemailaddress" />
          <attribute name="title" />
        </link-entity>
        <attribute name="nwm_clientaccessteamid" />
      </entity>
    </fetch>
  </fetchxml>
  <IntroducedVersion>0.0.0.1</IntroducedVersion>
  <LocalizedNames>
    <LocalizedName description="Quick Find Client Access Teams" languagecode="1033" />
  </LocalizedNames>
</savedquery>