﻿<?xml version="1.0" encoding="utf-8"?>
<savedquery>
  <IsCustomizable>1</IsCustomizable>
  <CanBeDeleted>0</CanBeDeleted>
  <isquickfindquery>0</isquickfindquery>
  <isprivate>0</isprivate>
  <isdefault>1</isdefault>
  <returnedtypecode>10070</returnedtypecode>
  <savedqueryid>{a3c35055-f9fe-4e01-bd0e-fc52d6bcafca}</savedqueryid>
  <layoutxml>
    <grid name="" object="10070" jump="nwm_id" select="1" icon="1" preview="0">
      <row name="nwm_clientaccessteam" id="nwm_clientaccessteamid">
        <cell name="nwm_id" width="50" imageproviderfunctionname="" imageproviderwebresource="$webresource:" />
        <cell name="nwm_accessrole" width="100" />
        <cell name="nwm_user" width="100" />
        <cell name="nwm_client" width="100" />
        <cell name="nwm_approvaldate" width="100" />
      </row>
    </grid>
  </layoutxml>
  <querytype>64</querytype>
  <fetchxml>
    <fetch version="1.0" mapping="logical">
      <entity name="nwm_clientaccessteam">
        <attribute name="nwm_clientaccessteamid" />
        <attribute name="nwm_id" />
        <filter type="and">
          <condition attribute="statecode" operator="eq" value="0" />
        </filter>
        <order attribute="nwm_id" descending="false" />
        <attribute name="nwm_user" />
        <attribute name="nwm_client" />
        <attribute name="nwm_approvaldate" />
        <attribute name="nwm_accessrole" />
      </entity>
    </fetch>
  </fetchxml>
  <IntroducedVersion>0.0.0.1</IntroducedVersion>
  <LocalizedNames>
    <LocalizedName description="Client Access Team Lookup View" languagecode="1033" />
  </LocalizedNames>
</savedquery>