﻿<?xml version="1.0" encoding="utf-8"?>
<systemform unmodified="1">
  <formid>{8e10b902-0b3e-441c-8b12-88e6c1793848}</formid>
  <IntroducedVersion>6.0.0.0</IntroducedVersion>
  <FormPresentation>0</FormPresentation>
  <FormActivationState>1</FormActivationState>
  <form maxWidth="1900">
    <hiddencontrols>
      <data id="routecase" datafieldname="routecase" classid="{5546E6CD-394C-4bee-94A8-4425E17EF6C6}" />
    </hiddencontrols>
    <tabs>
      <tab id="{4f4a616e-1065-492f-a7fa-f391e7351957}" name="tab_1" showlabel="false" IsUserDefined="0">
        <labels>
          <label description="Case" languagecode="1033" />
        </labels>
        <columns>
          <column width="33%">
            <sections>
              <section id="{4a4dca34-82e7-466e-a629-8fdffd0729c1}" name="tab_1_column_1_section_1" columns="1" showlabel="true" showbar="false" IsUserDefined="0" locklevel="0" labelwidth="115" celllabelposition="Left">
                <labels>
                  <label description="Case Details" languagecode="1033" />
                </labels>
                <rows>
                  <row>
                    <cell id="{ac7aa3eb-be29-a35c-17e1-3ec713ee2cc6}" showlabel="true" locklevel="0">
                      <labels>
                        <label description="Customer" languagecode="1033" />
                      </labels>
                      <control id="customerid" classid="{270BD3DB-D9AF-4782-9025-509E298DEC0A}" datafieldname="customerid" disabled="false" />
                    </cell>
                  </row>
                  <row>
                    <cell id="{59114a02-2c0a-6353-4e2c-1a6727c64ed1}" showlabel="true" locklevel="0">
                      <labels>
                        <label description="Case Title" languagecode="1033" />
                      </labels>
                      <control id="title" classid="{4273EDBD-AC1D-40d3-9FB2-095C621B552D}" datafieldname="title" disabled="false" />
                    </cell>
                  </row>
                  <row>
                    <cell id="{21b8b3b2-41b5-02a6-26cd-7d0053394998}" showlabel="true" locklevel="0">
                      <labels>
                        <label description="Subject" languagecode="1033" />
                      </labels>
                      <control id="subjectid" classid="{270BD3DB-D9AF-4782-9025-509E298DEC0A}" datafieldname="subjectid" disabled="false" />
                    </cell>
                  </row>
                  <row>
                    <cell id="{649db1b7-7281-6655-cc26-3ace93147ecc}" showlabel="true" locklevel="0">
                      <labels>
                        <label description="Case Type" languagecode="1033" />
                      </labels>
                      <control id="casetypecode" classid="{3EF39988-22BB-4f0b-BBBE-64B5A3748AEE}" datafieldname="casetypecode" disabled="false" />
                    </cell>
                  </row>
                  <row>
                    <cell id="{37FF1494-77A5-462C-B556-737BD015C71F}" showlabel="true" locklevel="0">
                      <labels>
                        <label description="Contact" languagecode="1033" />
                      </labels>
                      <events>
                        <event name="onclick" application="true" active="true">
                          <InternalHandlers>
                            <Handler functionName="Mscrm.primarycontactid_onclick" libraryName="Service/Incident/Incident_main_system_library.js" handlerUniqueId="1834b3ac-a3ac-4fa8-ad50-25875ff100bb" enabled="true">
                              <dependencies>
                                <dependency id="customerid" />
                              </dependencies>
                            </Handler>
                          </InternalHandlers>
                        </event>
                        <event name="setadditionalparams" application="true" active="true">
                          <InternalHandlers>
                            <Handler functionName="Mscrm.primarycontactid_setadditionalparams" libraryName="Service/Incident/Incident_main_system_library.js" handlerUniqueId="83d8ffab-20ef-4bc7-9706-62806ac6f36a" enabled="true" passExecutionContext="true">
                              <dependencies>
                                <dependency id="customerid" />
                              </dependencies>
                            </Handler>
                          </InternalHandlers>
                        </event>
                      </events>
                      <control id="primarycontactid" classid="{270BD3DB-D9AF-4782-9025-509E298DEC0A}" datafieldname="primarycontactid" disabled="false">
                        <parameters>
                          <IsInlineNewEnabled>false</IsInlineNewEnabled>
                          <AllowFilterOff>true</AllowFilterOff>
                        </parameters>
                      </control>
                    </cell>
                  </row>
                  <row>
                    <cell id="{1432B3C0-3FE6-4631-B0D0-5A63F42B1688}" showlabel="true" locklevel="0">
                      <labels>
                        <label description="Assign to Others" languagecode="1033" />
                      </labels>
                      <control id="ownerid" classid="{270BD3DB-D9AF-4782-9025-509E298DEC0A}" datafieldname="ownerid" />
                    </cell>
                  </row>
                  <row>
                    <cell id="{a83156c9-4806-478f-be16-b43a65be5c3a}" showlabel="true" locklevel="0">
                      <labels>
                        <label description="Parent Case" languagecode="1033" />
                      </labels>
                      <control id="parentcaseid" classid="{270BD3DB-D9AF-4782-9025-509E298DEC0A}" datafieldname="parentcaseid" disabled="true">
                        <parameters>
                          <IsInlineNewEnabled>false</IsInlineNewEnabled>
                        </parameters>
                      </control>
                    </cell>
                  </row>
                </rows>
              </section>
            </sections>
          </column>
          <column width="33%">
            <sections>
              <section id="{f65d6ded-e8d2-45f7-9033-bc2884b9fc23}" name="tab_1_column_2_section_1" columns="1" showlabel="true" showbar="false" IsUserDefined="0" locklevel="0" labelwidth="115" celllabelposition="Left">
                <labels>
                  <label description="Other Details" languagecode="1033" />
                </labels>
                <rows>
                  <row>
                    <cell id="{3e828306-545b-20c9-7aae-73cb466b0b00}" showlabel="true" locklevel="0">
                      <labels>
                        <label description="Origin" languagecode="1033" />
                      </labels>
                      <control id="caseorigincode" classid="{3EF39988-22BB-4f0b-BBBE-64B5A3748AEE}" datafieldname="caseorigincode" disabled="false" />
                    </cell>
                  </row>
                  <row>
                    <cell id="{35adec15-e9ea-40b2-8890-ce08136ffed1}" showlabel="true" locklevel="0">
                      <labels>
                        <label description="Product" languagecode="1033" />
                      </labels>
                      <control id="productid" classid="{270BD3DB-D9AF-4782-9025-509E298DEC0A}" datafieldname="productid">
                        <parameters>
                          <IsInlineNewEnabled>false</IsInlineNewEnabled>
                          <DefaultViewId>{58afc3c5-8add-4552-98cb-473bc8f75619}</DefaultViewId>
                        </parameters>
                      </control>
                    </cell>
                  </row>
                  <row>
                    <cell id="{a77667af-f96c-457d-814d-f2f9806cd7f1}" showlabel="true" locklevel="0">
                      <labels>
                        <label description="Entitlement" languagecode="1033" />
                      </labels>
                      <events>
                        <event name="onclick" application="true" active="true">
                          <InternalHandlers>
                            <Handler functionName="Mscrm.entitlementid_onclick" libraryName="Service/Incident/Incident_main_system_library.js" handlerUniqueId="7ec5c88c-1333-4d0f-8743-18f1793bcf49" enabled="true">
                              <dependencies>
                                <dependency id="customerid" />
                                <dependency id="productid" />
                                <dependency id="primarycontactid" />
                              </dependencies>
                            </Handler>
                          </InternalHandlers>
                        </event>
                        <event name="setadditionalparams" application="true" active="true">
                          <InternalHandlers>
                            <Handler functionName="Mscrm.entitlementid_setadditionalparams" libraryName="Service/Incident/Incident_main_system_library.js" handlerUniqueId="2c712050-5072-422b-b80c-108e3f479810" enabled="true" passExecutionContext="true">
                              <dependencies>
                                <dependency id="customerid" />
                                <dependency id="productid" />
                                <dependency id="primarycontactid" />
                              </dependencies>
                            </Handler>
                          </InternalHandlers>
                        </event>
                      </events>
                      <control id="entitlementid" classid="{270BD3DB-D9AF-4782-9025-509E298DEC0A}" datafieldname="entitlementid" disabled="false">
                        <parameters>
                          <DefaultViewId>{e7ea283b-0490-4956-939b-3325e0798fb8}</DefaultViewId>
                          <DisableViewPicker>true</DisableViewPicker>
                          <IsInlineNewEnabled>false</IsInlineNewEnabled>
                          <AllowFilterOff>true</AllowFilterOff>
                        </parameters>
                      </control>
                    </cell>
                  </row>
                  <row>
                    <cell id="{4820D236-B50D-4F02-876A-889F60B86D9B}" showlabel="true" locklevel="0">
                      <labels>
                        <label description="First Response By" languagecode="1033" />
                      </labels>
                      <control id="responseby" classid="{5B773807-9FB2-42db-97C3-7A91EFF8ADFF}" datafieldname="responseby" disabled="true" />
                    </cell>
                  </row>
                  <row>
                    <cell id="{05620F33-1720-4545-90C3-F2AFFF4611AD}" showlabel="true" locklevel="0">
                      <labels>
                        <label description="Resolve By" languagecode="1033" />
                      </labels>
                      <control id="resolveby" classid="{5B773807-9FB2-42db-97C3-7A91EFF8ADFF}" datafieldname="resolveby" disabled="true" />
                    </cell>
                  </row>
                </rows>
              </section>
            </sections>
          </column>
          <column width="33%">
            <sections>
              <section id="{9500078b-c9a0-4472-915f-22682c920ced}" name="tab_1_column_3_section_1" columns="1" showlabel="true" showbar="false" IsUserDefined="0" locklevel="0" labelwidth="115" celllabelposition="Left">
                <labels>
                  <label description="Description" languagecode="1033" />
                </labels>
                <rows>
                  <row>
                    <cell id="{241aadbb-4080-46b6-8e5f-ea028ede7c61}" showlabel="false" locklevel="0" rowspan="4">
                      <labels>
                        <label description="Description" languagecode="1033" />
                      </labels>
                      <control id="description" classid="{E0DECE4B-6FC8-4a8f-A065-082708572369}" datafieldname="description" disabled="false" />
                    </cell>
                  </row>
                  <row />
                  <row />
                  <row />
                </rows>
              </section>
            </sections>
          </column>
        </columns>
      </tab>
    </tabs>
    <DisplayConditions FallbackForm="true" Order="2">
      <Everyone />
    </DisplayConditions>
    <events>
      <event name="onsave" application="true" active="true">
        <InternalHandlers>
          <Handler functionName="Mscrm.IncidentMainSystemLibraryWebResource.form_OnSave" libraryName="Service/Incident/Incident_main_system_library.js" handlerUniqueId="ed27ea24-dc09-47be-8af3-52721df36d96" enabled="true" passExecutionContext="true" />
        </InternalHandlers>
      </event>
    </events>
    <clientresources>
      <internalresources>
        <clientincludes>
          <internalcssfile src="/_tree/tree.css.aspx" />
          <internaljscriptfile src="$webresource:Service/Incident/Incident_main_system_library.js" />
          <internaljscriptfile src="$webresource:Service/Incident/Ribbon/Incident_ribbon_library.js" />
          <internaljscriptfile src="$webresource:Service/Incident/Convert/Incident_convert_library.js" />
        </clientincludes>
        <clientvariables>
          <internaljscriptvariable name="LOCID_ERROR_MISSING_CUSTOMER" resourceid="Web.cs.cases.edit.MissingCustomer" />
        </clientvariables>
      </internalresources>
    </clientresources>
  </form>
  <LocalizedNames>
    <LocalizedName description="Case Quick Create" languagecode="1033" />
  </LocalizedNames>
  <Descriptions>
    <Description description="Default quick create form for Case" languagecode="1033" />
  </Descriptions>
</systemform>