﻿<?xml version="1.0" encoding="utf-8"?>
<savedquery>
  <IsCustomizable>1</IsCustomizable>
  <CanBeDeleted>1</CanBeDeleted>
  <isquickfindquery>0</isquickfindquery>
  <isprivate>0</isprivate>
  <isdefault>0</isdefault>
  <returnedtypecode>3234</returnedtypecode>
  <savedqueryid>{39996e64-87f7-e611-80d8-1458d0431600}</savedqueryid>
  <layoutxml>
    <grid name="resultset" object="3234" jump="name" select="1" preview="1" icon="1">
      <row name="result" id="connectionid">
        <cell name="record2id" width="200" imageproviderfunctionname="" imageproviderwebresource="$webresource:" />
        <cell name="record2roleid" width="100" />
      </row>
    </grid>
  </layoutxml>
  <querytype>0</querytype>
  <fetchxml>
    <fetch version="1.0" output-format="xml-platform" mapping="logical" distinct="false">
      <entity name="connection">
        <filter type="and">
          <condition attribute="record2roleid" operator="eq" uiname="Public" uitype="connectionrole" value="{91BEF1AD-64F7-E611-80D8-1458D0431600}" />
          <condition attribute="statecode" operator="eq" value="0" />
        </filter>
        <link-entity name="nwm_callreport" from="nwm_callreportid" to="record1id" alias="aa">
          <filter type="and">
            <condition attribute="nwm_callreportid" operator="not-null" />
          </filter>
        </link-entity>
        <link-entity name="systemuser" from="systemuserid" to="record2id" alias="a_d3cf39dbc9824a70b15b19014e090a57">
          <filter type="and">
            <condition attribute="systemuserid" operator="not-null" />
          </filter>
        </link-entity>
        <order attribute="record2id" descending="false" />
        <attribute name="record2id" />
        <attribute name="record2roleid" />
        <attribute name="connectionid" />
      </entity>
    </fetch>
  </fetchxml>
  <IntroducedVersion>0.0.0.1</IntroducedVersion>
  <LocalizedNames>
    <LocalizedName description="Call Report Authorised Users" languagecode="1033" />
  </LocalizedNames>
  <Descriptions>
    <Description description="Call Report Authorised Users." languagecode="1033" />
  </Descriptions>
</savedquery>