﻿<?xml version="1.0" encoding="utf-8"?>
<systemform>
  <formid>{f6198f84-3760-451c-a385-3b512608d08d}</formid>
  <IntroducedVersion>1.0.0.0</IntroducedVersion>
  <FormPresentation>1</FormPresentation>
  <FormActivationState>1</FormActivationState>
  <form>
    <tabs>
      <tab name="general" verticallayout="true" id="{152902b0-be31-431b-926a-e3406376d9c6}" IsUserDefined="0">
        <labels>
          <label description="" languagecode="1033" />
        </labels>
        <columns>
          <column width="25%">
            <sections>
              <section name="ColorStrip" showlabel="false" showbar="false" columns="1" IsUserDefined="0" id="{7ce407ab-1f0e-4e22-97aa-9e4bccf97719}">
                <labels>
                  <label description="ColorStrip" languagecode="1033" />
                </labels>
              </section>
            </sections>
          </column>
          <column width="75%">
            <sections>
              <section name="CardHeader" showlabel="false" showbar="false" columns="111" id="{1a6a7a9c-2151-4755-a380-a473a22510ee}" IsUserDefined="0">
                <labels>
                  <label description="Header" languagecode="1033" />
                </labels>
                <rows>
                  <row>
                    <cell id="{94c799e2-a7ea-41df-b3d1-376d8ce5c499}" showlabel="true" locklevel="0">
                      <labels>
                        <label description="Status Reason" languagecode="1033" />
                      </labels>
                      <control id="statuscode" classid="{5D68B988-0661-4db2-BC3E-17598AD3BE6C}" datafieldname="statuscode" disabled="false" />
                    </cell>
                    <cell id="{41733d75-e98a-4969-ab5f-4f15425ea3be}" showlabel="true" locklevel="0">
                      <labels>
                        <label description="" languagecode="1033" />
                      </labels>
                    </cell>
                    <cell id="{8f4fbebd-d616-452f-adb8-fe8448dd17e0}" showlabel="true" locklevel="0">
                      <labels>
                        <label description="" languagecode="1033" />
                      </labels>
                    </cell>
                  </row>
                </rows>
              </section>
              <section name="CardDetails" showlabel="false" showbar="false" columns="1" id="{b7a3a773-7a02-4d94-bafa-df6f3b4ee8f5}" IsUserDefined="0">
                <labels>
                  <label description="Details" languagecode="1033" />
                </labels>
                <rows>
                  <row>
                    <cell id="{41833594-7d9a-479b-bf54-c420bb0899f2}" showlabel="true" locklevel="0">
                      <labels>
                        <label description="Name" languagecode="1033" />
                      </labels>
                      <control id="rbs_name" classid="{4273EDBD-AC1D-40d3-9FB2-095C621B552D}" datafieldname="rbs_name" disabled="false" />
                    </cell>
                  </row>
                </rows>
              </section>
              <section name="CardFooter" showlabel="false" columns="1111" showbar="false" id="{b145cf04-9aa9-4a5f-abe3-f3505ddf74c0}" IsUserDefined="0">
                <labels>
                  <label description="Footer" languagecode="1033" />
                </labels>
                <rows>
                  <row>
                    <cell id="{9c8e88e5-dc65-4133-97f2-bf140c4bd93b}" showlabel="true" locklevel="0">
                      <labels>
                        <label description="" languagecode="1033" />
                      </labels>
                      <control id="ownerid" classid="{270BD3DB-D9AF-4782-9025-509E298DEC0A}" datafieldname="ownerid" disabled="false" />
                    </cell>
                    <cell id="{c9a4616e-d3e9-4e01-a011-34a7edef2308}" showlabel="true" locklevel="0">
                      <labels>
                        <label description="Created On" languagecode="1033" />
                      </labels>
                      <control id="createdon" classid="{270BD3DB-D9AF-4782-9025-509E298DEC0A}" datafieldname="createdon" disabled="false" />
                    </cell>
                    <cell id="{32dd3785-4ee9-4625-9ee3-4de89c50505f}" showlabel="true" locklevel="0">
                      <labels>
                        <label description="" languagecode="1033" />
                      </labels>
                    </cell>
                    <cell id="{fb6e6f3d-896c-4007-a2f8-40b833cec7d2}" showlabel="true" locklevel="0">
                      <labels>
                        <label description="" languagecode="1033" />
                      </labels>
                    </cell>
                  </row>
                </rows>
              </section>
            </sections>
          </column>
        </columns>
      </tab>
    </tabs>
  </form>
  <IsCustomizable>1</IsCustomizable>
  <CanBeDeleted>1</CanBeDeleted>
  <LocalizedNames>
    <LocalizedName description="Information" languagecode="1033" />
  </LocalizedNames>
  <Descriptions>
    <Description description="A card form for this entity." languagecode="1033" />
  </Descriptions>
</systemform>