<?xml version="1.0" encoding="utf-8"?>
<savedqueries xmlns:xsi="http://www.w3.org/2001/XMLSchema-instance">
  <savedquery>
    <isquickfindquery>0</isquickfindquery>
    <isprivate>0</isprivate>
    <isdefault>0</isdefault>
    <savedqueryid>{96b55939-5a8a-e611-810f-00155dbc6f12}</savedqueryid>
    <layoutxml>
      <grid
        name="resultset"
        jump="productidname"
        select="1"
        preview="1"
        icon="1">
        <row
          name="result"
          id="salesorderdetailid">
          <cell
            name="rhm_itemnumber"
            width="140" />
          <cell
            name="productdescription"
            width="189" />
          <cell
            name="description"
            width="266" />
          <cell
            name="rhm_sonumber"
            width="184" />
          <cell
            name="rhm_ponumber"
            width="171" />
          <cell
            name="baseamount"
            width="148" />
        </row>
      </grid>
    </layoutxml>
    <querytype>0</querytype>
    <fetchxml>
      <fetch
        version="1.0"
        output-format="xml-platform"
        mapping="logical">
        <entity
          name="salesorderdetail">
          <order
            attribute="baseamount"
            descending="false" />
          <attribute
            name="baseamount" />
          <attribute
            name="productdescription" />
          <attribute
            name="salesorderdetailid" />
          <attribute
            name="rhm_itemnumber" />
          <attribute
            name="description" />
          <attribute
            name="rhm_ponumber" />
          <attribute
            name="rhm_sonumber" />
        </entity>
      </fetch>
    </fetchxml>
    <IntroducedVersion>1.0</IntroducedVersion>
    <LocalizedNames>
      <LocalizedName
        description="Sales Order Lines"
        languagecode="1033" />
    </LocalizedNames>
    <Descriptions>
      <Description
        description="The sales Order lines associated to an agreement"
        languagecode="1033" />
    </Descriptions>
  </savedquery>
</savedqueries>