<environmentvariabledefinition schemaname="lcc_Company">
  <defaultvalue>lcc</defaultvalue>
  <description default="Company">
    <label description="Company" languagecode="1033" />
  </description>
  <displayname default="Company">
    <label description="Company" languagecode="1033" />
  </displayname>
  <introducedversion>1.0.0.0</introducedversion>
  <iscustomizable>1</iscustomizable>
  <isrequired>0</isrequired>
  <secretstore>0</secretstore>
  <type>100000000</type>
</environmentvariabledefinition>