﻿<?xml version="1.0" encoding="utf-8"?>
<systemform>
  <formid>{f7858099-6bb4-479d-ae55-e9ff16326e8e}</formid>
  <IntroducedVersion>1.0.0.0</IntroducedVersion>
  <FormPresentation>1</FormPresentation>
  <FormActivationState>1</FormActivationState>
  <form>
    <tabs>
      <tab verticallayout="true" id="{818d5683-b1c8-4ba2-9db5-86d30ba9fbf1}" IsUserDefined="1">
        <labels>
          <label description="General Info" languagecode="1033" />
        </labels>
        <columns>
          <column width="24%">
            <sections>
              <section showlabel="false" showbar="false" IsUserDefined="0" id="{dd5f6918-ff47-4e89-8a99-d379694959e7}">
                <labels>
                  <label description="General" languagecode="1033" />
                </labels>
                <rows>
                  <row>
                    <cell id="{437bc62f-ece2-4f5a-b7eb-449ff5354632}">
                      <labels>
                        <label description="Name" languagecode="1033" />
                      </labels>
                      <control id="rbs_name" classid="{4273EDBD-AC1D-40d3-9FB2-095C621B552D}" datafieldname="rbs_name" />
                    </cell>
                  </row>
                </rows>
              </section>
            </sections>
          </column>
          <column width="38%">
            <sections>
              <section showlabel="true" showbar="false" id="{cbfd16ac-1903-4704-88fa-42fa035ec341}" IsUserDefined="0" height="auto">
                <labels>
                  <label description="TIMELINE" languagecode="1033" />
                </labels>
                <rows>
                  <row>
                    <cell showlabel="false" colspan="1" rowspan="18" auto="false" id="{daf56d5a-639e-4b0b-a50b-ac37dc460b5a}">
                      <labels>
                        <label description="Conversation Tabs" languagecode="1033" />
                      </labels>
                      <control id="interactionwallcontrol" classid="{1F179106-FA28-4495-961E-F6BD93C21974}" />
                    </cell>
                  </row>
                  <row />
                  <row />
                  <row />
                  <row />
                  <row />
                  <row />
                  <row />
                  <row />
                  <row />
                  <row />
                  <row />
                  <row />
                  <row />
                  <row />
                  <row />
                  <row />
                  <row height="auto" />
                </rows>
              </section>
            </sections>
          </column>
          <column width="38%">
            <sections>
              <section showlabel="true" columns="1" showbar="false" id="{8a899611-a648-44c6-a4cd-e14da4423b01}" name="ref_pan_{8a899611-a648-44c6-a4cd-e14da4423b01}" IsUserDefined="0">
                <labels>
                  <label description="RELATED" languagecode="1033" />
                </labels>
                <rows>
                  <row />
                </rows>
              </section>
            </sections>
          </column>
        </columns>
      </tab>
    </tabs>
    <header id="{a7c4d686-ab3c-4427-abd4-2d420cffcf49}" celllabelposition="Left" columns="1111">
      <rows>
        <row />
      </rows>
    </header>
  </form>
  <IsCustomizable>1</IsCustomizable>
  <CanBeDeleted>1</CanBeDeleted>
  <LocalizedNames>
    <LocalizedName description="Information" languagecode="1033" />
  </LocalizedNames>
  <Descriptions>
    <Description description="A form for this entity." languagecode="1033" />
  </Descriptions>
</systemform>