<?xml version="1.0" encoding="utf-8"?>
<environmentvariabledefinition
  schemaname="rhm_OracleOAuthScope">
  <defaultvalue>https://AF7EF23936674F4191A39AD24F54B7B9.integration.ocp.oraclecloud.com:443urn:opc:resource:consumer::all</defaultvalue>
  <displayname
    default="Rheem Oracle Services - OAuth Scope">
    <label
      description="Rheem Oracle Services - OAuth Scope"
      languagecode="1033" />
  </displayname>
  <introducedversion>1.0.0.0</introducedversion>
  <iscustomizable>1</iscustomizable>
  <isrequired>0</isrequired>
  <secretstore>0</secretstore>
  <type>100000000</type>
</environmentvariabledefinition>