<?xml version="1.0" encoding="utf-8"?>
<duplicaterule
  uniquename="dr80c9d70fd1612e82a57045ce30c71e6c7a6fac06721a5e0cd03ea8cd55e9f4b4">
  <baseentityname>contact</baseentityname>
  <excludeinactiverecords>0</excludeinactiverecords>
  <iscasesensitive>0</iscasesensitive>
  <iscustomizable>1</iscustomizable>
  <matchingentityname>contact</matchingentityname>
  <name>Contact with the same Mobile Phone Number</name>
  <duplicateruleconditions>
    <duplicaterulecondition
      baseattributename="mobilephone"
      matchingattributename="mobilephone"
      operatorcode="0"
      uniquerulename="dr80c9d70fd1612e82a57045ce30c71e6c7a6fac06721a5e0cd03ea8cd55e9f4b4">
      <ignoreblankvalues>0</ignoreblankvalues>
      <iscustomizable>1</iscustomizable>
    </duplicaterulecondition>
  </duplicateruleconditions>
</duplicaterule>