﻿<?xml version="1.0" encoding="utf-8"?>
<savedquery>
  <IsCustomizable>1</IsCustomizable>
  <CanBeDeleted>0</CanBeDeleted>
  <isquickfindquery>0</isquickfindquery>
  <isprivate>0</isprivate>
  <isdefault>1</isdefault>
  <returnedtypecode>10088</returnedtypecode>
  <savedqueryid>{0ef0db89-23ed-4c73-98d7-9a0e2b7cd581}</savedqueryid>
  <layoutxml>
    <grid name="" object="10088" jump="rbs_name" select="1" icon="1" preview="0">
      <row name="rbs_userrulerelationship" id="rbs_userrulerelationshipid">
        <cell name="rbs_name" width="150" imageproviderfunctionname="" imageproviderwebresource="$webresource:" />
        <cell name="rbs_user" width="150" imageproviderfunctionname="" imageproviderwebresource="$webresource:" />
        <cell name="rbs_distributionrule" width="150" imageproviderfunctionname="" imageproviderwebresource="$webresource:" />
        <cell name="rbs_distributionthresholdcount" width="200" imageproviderfunctionname="" imageproviderwebresource="$webresource:" />
        <cell name="createdon" width="125" />
      </row>
    </grid>
  </layoutxml>
  <querytype>64</querytype>
  <fetchxml>
    <fetch version="1.0" mapping="logical">
      <entity name="rbs_userrulerelationship">
        <attribute name="rbs_userrulerelationshipid" />
        <attribute name="rbs_name" />
        <attribute name="createdon" />
        <filter type="and">
          <condition attribute="statecode" operator="eq" value="0" />
        </filter>
        <order attribute="rbs_user" descending="false" />
        <attribute name="rbs_user" />
        <attribute name="rbs_distributionthresholdcount" />
        <attribute name="rbs_distributionrule" />
      </entity>
    </fetch>
  </fetchxml>
  <IntroducedVersion>1.0.0.0</IntroducedVersion>
  <LocalizedNames>
    <LocalizedName description="User Rule Relationship Lookup View" languagecode="1033" />
  </LocalizedNames>
</savedquery>