﻿<?xml version="1.0" encoding="utf-8"?>
<savedquery>
  <IsCustomizable>1</IsCustomizable>
  <CanBeDeleted>0</CanBeDeleted>
  <isquickfindquery>0</isquickfindquery>
  <isprivate>0</isprivate>
  <isdefault>1</isdefault>
  <returnedtypecode>10088</returnedtypecode>
  <savedqueryid>{5b9f1b3a-9305-4083-8741-e4c7094bb760}</savedqueryid>
  <layoutxml>
    <grid name="resultset" object="10088" jump="rbs_name" select="1" icon="1" preview="1">
      <row name="result" id="rbs_userrulerelationshipid">
        <cell name="rbs_user" width="150" imageproviderfunctionname="" imageproviderwebresource="$webresource:" />
        <cell name="rbs_distributionrule" width="150" imageproviderfunctionname="" imageproviderwebresource="$webresource:" />
        <cell name="rbs_distributionthresholdcount" width="200" imageproviderfunctionname="" imageproviderwebresource="$webresource:" />
        <cell name="createdon" width="125" />
      </row>
    </grid>
  </layoutxml>
  <querytype>1</querytype>
  <fetchxml>
    <fetch version="1.0" mapping="logical">
      <entity name="rbs_userrulerelationship">
        <attribute name="createdon" />
        <order attribute="rbs_user" descending="false" />
        <attribute name="rbs_user" />
        <attribute name="rbs_distributionthresholdcount" />
        <attribute name="rbs_distributionrule" />
        <attribute name="rbs_userrulerelationshipid" />
      </entity>
    </fetch>
  </fetchxml>
  <IntroducedVersion>1.0.0.0</IntroducedVersion>
  <LocalizedNames>
    <LocalizedName description="User Rule Relationship Advanced Find View" languagecode="1033" />
  </LocalizedNames>
</savedquery>