﻿<?xml version="1.0" encoding="utf-8"?>
<RibbonDiffXml>
  <CustomActions>
    <HideCustomAction HideActionId="nwm.Mscrm.SubGrid.connection.OpenAssociatedGridViewStandard.Hide" Location="Mscrm.SubGrid.connection.OpenAssociatedGridViewStandard" />
  </CustomActions>
  <Templates>
    <RibbonTemplates Id="Mscrm.Templates"></RibbonTemplates>
  </Templates>
  <CommandDefinitions />
  <RuleDefinitions>
    <TabDisplayRules />
    <DisplayRules />
    <EnableRules />
  </RuleDefinitions>
  <LocLabels />
</RibbonDiffXml>