{
  "properties": {
    "connectionReferences": {
      "shared_sharepointonline": {
        "runtimeSource": "embedded",
        "connection": {
          "connectionReferenceLogicalName": "demo_sharedsharepointonline_04f60"
        },
        "api": {
          "name": "shared_sharepointonline"
        }
      },
      "shared_excelonlinebusiness": {
        "runtimeSource": "embedded",
        "connection": {
          "connectionReferenceLogicalName": "demo_sharedexcelonlinebusiness_7a620"
        },
        "api": {
          "name": "shared_excelonlinebusiness"
        }
      },
      "shared_commondataserviceforapps": {
        "runtimeSource": "embedded",
        "connection": {
          "connectionReferenceLogicalName": "demo_sharedcommondataserviceforapps_89765"
        },
        "api": {
          "name": "shared_commondataserviceforapps"
        }
      }
    },
    "definition": {
      "$schema": "https://schema.management.azure.com/providers/Microsoft.Logic/schemas/2016-06-01/workflowdefinition.json#",
      "contentVersion": "1.0.0.0",
      "parameters": {
        "$connections": {
          "defaultValue": {},
          "type": "Object"
        },
        "$authentication": {
          "defaultValue": {},
          "type": "SecureObject"
        }
      },
      "triggers": {
        "When_a_file_is_created_in_a_folder_(deprecated)": {
          "recurrence": {
            "interval": 1,
            "frequency": "Minute"
          },
          "metadata": {
            "%252fdemo_dataimport%252fOrder%2bInsert_B89B7D139DE2ED1188486045BDA569EF": "/demo_dataimport/Order Insert_B89B7D139DE2ED1188486045BDA569EF",
            "operationMetadataId": "99760d0b-5936-43fe-9a93-43ec9d8ede3f",
            "%252fdemo_dataimport%252fOder%2bLine%2bInsert_30D1509214E4ED11A81C000D3AF12373": "/demo_dataimport/Oder Line Insert_30D1509214E4ED11A81C000D3AF12373"
          },
          "type": "OpenApiConnection",
          "inputs": {
            "host": {
              "connectionName": "shared_sharepointonline",
              "operationId": "OnNewFile",
              "apiId": "/providers/Microsoft.PowerApps/apis/shared_sharepointonline"
            },
            "parameters": {
              "dataset": "https://18091984.sharepoint.com",
              "folderId": "%252fdemo_dataimport%252fOder%2bLine%2bInsert_30D1509214E4ED11A81C000D3AF12373",
              "inferContentType": true
            },
            "authentication": "@parameters('$authentication')"
          }
        }
      },
      "actions": {
        "Get_files_(properties_only)": {
          "runAfter": {},
          "metadata": {
            "operationMetadataId": "0a8f3111-88e6-4d22-9cf4-922d822d5dbd"
          },
          "type": "OpenApiConnection",
          "inputs": {
            "host": {
              "connectionName": "shared_sharepointonline",
              "operationId": "GetFileItems",
              "apiId": "/providers/Microsoft.PowerApps/apis/shared_sharepointonline"
            },
            "parameters": {
              "dataset": "https://18091984.sharepoint.com",
              "table": "c02a725f-2169-43f9-957b-884640e18163",
              "folderPath": "/demo_dataimport/Oder Line Insert_30D1509214E4ED11A81C000D3AF12373",
              "viewScopeOption": "Default"
            },
            "authentication": "@parameters('$authentication')"
          }
        },
        "Apply_to_each_3": {
          "foreach": "@outputs('Get_files_(properties_only)')?['body/value']",
          "actions": {
            "Create_table": {
              "runAfter": {},
              "metadata": {
                "operationMetadataId": "d406adca-3c18-4b81-98b4-1d73487755a9",
                "tableId": null
              },
              "type": "OpenApiConnection",
              "inputs": {
                "host": {
                  "connectionName": "shared_excelonlinebusiness",
                  "operationId": "CreateTable",
                  "apiId": "/providers/Microsoft.PowerApps/apis/shared_excelonlinebusiness"
                },
                "parameters": {
                  "source": "sites/18091984.sharepoint.com,cd119aef-a2b8-4767-a6ad-299a13007ead,029400c6-7a47-457d-8f45-b33d86767a03",
                  "drive": "b!75oRzbiiZ0emrSmaEwB-rcYAlAJHen1Fj0WzPYZ2egNfcirAaSH5Q5V7iEZA4YFj",
                  "file": "@items('Apply_to_each_3')?['{FullPath}']",
                  "table/Range": "A1:H7",
                  "table/TableName": "@items('Apply_to_each_3')?['{Name}']"
                },
                "authentication": "@parameters('$authentication')"
              }
            },
            "List_row_excel": {
              "runAfter": {
                "Create_table": [
                  "Succeeded"
                ]
              },
              "metadata": {
                "operationMetadataId": "cfbec635-bee5-42d4-9d84-3182c54422e5",
                "tableId": "@outputs('Create_table')?['body/name']"
              },
              "type": "OpenApiConnection",
              "inputs": {
                "host": {
                  "connectionName": "shared_excelonlinebusiness",
                  "operationId": "GetItems",
                  "apiId": "/providers/Microsoft.PowerApps/apis/shared_excelonlinebusiness"
                },
                "parameters": {
                  "source": "sites/18091984.sharepoint.com,cd119aef-a2b8-4767-a6ad-299a13007ead,029400c6-7a47-457d-8f45-b33d86767a03",
                  "drive": "b!75oRzbiiZ0emrSmaEwB-rcYAlAJHen1Fj0WzPYZ2egNfcirAaSH5Q5V7iEZA4YFj",
                  "file": "@items('Apply_to_each_3')?['{FullPath}']",
                  "table": "@outputs('Create_table')?['body/name']"
                },
                "authentication": "@parameters('$authentication')"
              }
            },
            "Applytoeachorderrow": {
              "foreach": "@outputs('List_row_excel')?['body/value']",
              "actions": {
                "Get_Product_Category_by_Name": {
                  "runAfter": {},
                  "metadata": {
                    "operationMetadataId": "33e71732-c390-4184-a87e-ff384759f016"
                  },
                  "type": "OpenApiConnection",
                  "inputs": {
                    "host": {
                      "connectionName": "shared_commondataserviceforapps",
                      "operationId": "ListRecords",
                      "apiId": "/providers/Microsoft.PowerApps/apis/shared_commondataserviceforapps"
                    },
                    "parameters": {
                      "entityName": "demo_productcategories",
                      "fetchXml": "<fetch version=\"1.0\" output-format=\"xml-platform\" mapping=\"logical\" distinct=\"false\">\n<entity name=\"demo_productcategory\">\n<attribute name=\"demo_productcategoryid\"/>\n<attribute name=\"demo_name\"/>\n<attribute name=\"createdon\"/>\n<order attribute=\"demo_name\" descending=\"false\"/>\n<filter type=\"and\">\n<condition attribute=\"demo_name\" operator=\"eq\" value=\"@{item()?['Product Category']}\"/>\n</filter>\n</entity>\n</fetch>"
                    },
                    "authentication": "@parameters('$authentication')"
                  }
                },
                "Get_Card_Type_by_Name": {
                  "runAfter": {
                    "Get_Product_Category_by_Name": [
                      "Succeeded"
                    ]
                  },
                  "metadata": {
                    "operationMetadataId": "82fad01c-ab5e-460e-9a3f-505c157d30de"
                  },
                  "type": "OpenApiConnection",
                  "inputs": {
                    "host": {
                      "connectionName": "shared_commondataserviceforapps",
                      "operationId": "ListRecords",
                      "apiId": "/providers/Microsoft.PowerApps/apis/shared_commondataserviceforapps"
                    },
                    "parameters": {
                      "entityName": "demo_cardtypes",
                      "fetchXml": "<fetch version=\"1.0\" output-format=\"xml-platform\" mapping=\"logical\" distinct=\"false\">\n<entity name=\"demo_cardtype\">\n<attribute name=\"demo_cardtypeid\"/>\n<attribute name=\"demo_name\"/>\n<attribute name=\"createdon\"/>\n<order attribute=\"demo_name\" descending=\"false\"/>\n<filter type=\"and\">\n<condition attribute=\"demo_name\" operator=\"eq\" value=\"@{items('Applytoeachorderrow')?['Card Type']}\"/>\n</filter>\n</entity>\n</fetch>"
                    },
                    "authentication": "@parameters('$authentication')"
                  }
                },
                "Apply_to_each_product_cat": {
                  "foreach": "@outputs('Get_Product_Category_by_Name')?['body/value']",
                  "actions": {
                    "Product_Cat_GUID": {
                      "runAfter": {},
                      "metadata": {
                        "operationMetadataId": "322d68e2-287f-4c14-aee0-2674de4d9382"
                      },
                      "type": "Compose",
                      "inputs": "@items('Apply_to_each_product_cat')?['demo_productcategoryid']"
                    },
                    "Apply_to_each_cardtype": {
                      "foreach": "@outputs('Get_Card_Type_by_Name')?['body/value']",
                      "actions": {
                        "Card_Type_GUID": {
                          "runAfter": {},
                          "metadata": {
                            "operationMetadataId": "3a6ec584-9758-4ddb-b3aa-738dbd0374bb"
                          },
                          "type": "Compose",
                          "inputs": "@items('Apply_to_each_cardtype')?['demo_cardtypeid']"
                        },
                        "Apply_to_each_product": {
                          "foreach": "@outputs('Get_product_by_name')?['body/value']",
                          "actions": {
                            "product_GUID": {
                              "runAfter": {},
                              "metadata": {
                                "operationMetadataId": "8cf5744c-842f-4cc3-bc3a-d6de0e3f1c0e"
                              },
                              "type": "Compose",
                              "inputs": "@items('Apply_to_each_product')?['productid']"
                            },
                            "Apply_to_each_unit": {
                              "foreach": "@outputs('Get_unit_by_nameandunitgroupid')?['body/value']",
                              "actions": {
                                "Unit_GUID": {
                                  "runAfter": {},
                                  "metadata": {
                                    "operationMetadataId": "d251903f-a915-444d-b61b-f026d5b84e73"
                                  },
                                  "type": "Compose",
                                  "inputs": "@items('Apply_to_each_unit')?['uomid']"
                                },
                                "Apply_to_each_order": {
                                  "foreach": "@outputs('Get_order_by_name')?['body/value']",
                                  "actions": {
                                    "Order_GUID": {
                                      "runAfter": {},
                                      "metadata": {
                                        "operationMetadataId": "bd224a86-03cb-4126-9710-53a0a875cfa5"
                                      },
                                      "type": "Compose",
                                      "inputs": "@items('Apply_to_each_order')?['salesorderid']"
                                    },
                                    "Add_a_new_row": {
                                      "runAfter": {
                                        "Order_GUID": [
                                          "Succeeded"
                                        ]
                                      },
                                      "metadata": {
                                        "operationMetadataId": "5271d4b5-7059-42ae-914a-8e5489098745"
                                      },
                                      "type": "OpenApiConnection",
                                      "inputs": {
                                        "host": {
                                          "connectionName": "shared_commondataserviceforapps",
                                          "operationId": "CreateRecord",
                                          "apiId": "/providers/Microsoft.PowerApps/apis/shared_commondataserviceforapps"
                                        },
                                        "parameters": {
                                          "entityName": "salesorderdetails",
                                          "item/salesorderdetailname": "@items('Applytoeachorderrow')?['Existing Product']",
                                          "item/quantity": "@items('Applytoeachorderrow')?['Quantity']",
                                          "item/productid@odata.bind": "/products(@{outputs('product_GUID')})",
                                          "item/salesorderid@odata.bind": "/salesorders(@{outputs('Order_GUID')})",
                                          "item/producttypecode": 1,
                                          "item/uomid@odata.bind": "/uoms(@{outputs('Unit_GUID')})",
                                          "item/demo_CardType@odata.bind": "/demo_cardtypes(@{outputs('Card_Type_GUID')})",
                                          "item/demo_ProductCategory@odata.bind": "/demo_productcategories(@{outputs('Product_Cat_GUID')})"
                                        },
                                        "authentication": "@parameters('$authentication')"
                                      }
                                    }
                                  },
                                  "runAfter": {
                                    "Unit_GUID": [
                                      "Succeeded"
                                    ]
                                  },
                                  "metadata": {
                                    "operationMetadataId": "71d69f5c-65dd-4f5d-aac9-b3e21ec7c6a0"
                                  },
                                  "type": "Foreach"
                                }
                              },
                              "runAfter": {
                                "product_GUID": [
                                  "Succeeded"
                                ]
                              },
                              "metadata": {
                                "operationMetadataId": "6fd282f9-3a57-4be5-951b-4b4159228f96"
                              },
                              "type": "Foreach"
                            }
                          },
                          "runAfter": {
                            "Card_Type_GUID": [
                              "Succeeded"
                            ]
                          },
                          "metadata": {
                            "operationMetadataId": "a2541376-c428-4bc6-8976-1419b5bf3ad2"
                          },
                          "type": "Foreach"
                        }
                      },
                      "runAfter": {
                        "Product_Cat_GUID": [
                          "Succeeded"
                        ]
                      },
                      "metadata": {
                        "operationMetadataId": "39820d37-9022-4599-89a7-3cdf9b4668c1"
                      },
                      "type": "Foreach"
                    }
                  },
                  "runAfter": {
                    "Get_order_by_name": [
                      "Succeeded"
                    ]
                  },
                  "metadata": {
                    "operationMetadataId": "f9e1a8a3-12cf-4b02-8dd4-fadfdd0f8be2"
                  },
                  "type": "Foreach"
                },
                "Get_product_by_name": {
                  "runAfter": {
                    "Get_Card_Type_by_Name": [
                      "Succeeded"
                    ]
                  },
                  "metadata": {
                    "operationMetadataId": "d5cf2241-6365-4317-854c-872c19f01713"
                  },
                  "type": "OpenApiConnection",
                  "inputs": {
                    "host": {
                      "connectionName": "shared_commondataserviceforapps",
                      "operationId": "ListRecords",
                      "apiId": "/providers/Microsoft.PowerApps/apis/shared_commondataserviceforapps"
                    },
                    "parameters": {
                      "entityName": "products",
                      "fetchXml": "<fetch version=\"1.0\" output-format=\"xml-platform\" mapping=\"logical\" distinct=\"false\">\n<entity name=\"product\">\n<attribute name=\"name\"/>\n<attribute name=\"productid\"/>\n<attribute name=\"productnumber\"/>\n<attribute name=\"description\"/>\n<attribute name=\"statecode\"/>\n<attribute name=\"productstructure\"/>\n<order attribute=\"productnumber\" descending=\"false\"/>\n<filter type=\"and\">\n<condition attribute=\"name\" operator=\"eq\" value=\"@{items('Applytoeachorderrow')?['Existing Product']}\"/>\n</filter>\n</entity>\n</fetch>"
                    },
                    "authentication": "@parameters('$authentication')"
                  }
                },
                "Get_unit_by_nameandunitgroupid": {
                  "runAfter": {
                    "Get_product_by_name": [
                      "Succeeded"
                    ]
                  },
                  "metadata": {
                    "operationMetadataId": "2760888c-87e0-4cf3-94d3-70084ab7490a"
                  },
                  "type": "OpenApiConnection",
                  "inputs": {
                    "host": {
                      "connectionName": "shared_commondataserviceforapps",
                      "operationId": "ListRecords",
                      "apiId": "/providers/Microsoft.PowerApps/apis/shared_commondataserviceforapps"
                    },
                    "parameters": {
                      "entityName": "uoms",
                      "fetchXml": "<fetch version=\"1.0\" output-format=\"xml-platform\" mapping=\"logical\" distinct=\"false\">\n  <entity name=\"uom\">\n    <attribute name=\"uomscheduleid\" />\n    <attribute name=\"name\" />\n    <attribute name=\"uomid\" />\n    <filter>\n      <condition attribute=\"name\" operator=\"eq\" value=\"@{items('Applytoeachorderrow')?['Card Type']}\" />\n      <condition attribute=\"uomscheduleid\" operator=\"eq\" value=\"@{items('Applytoeachorderrow')?['Unit Group ID']}\" uiname=\"Ticket\" uitype=\"uomschedule\" />\n    </filter>\n  </entity>\n</fetch>"
                    },
                    "authentication": "@parameters('$authentication')"
                  }
                },
                "Get_order_by_name": {
                  "runAfter": {
                    "Get_unit_by_nameandunitgroupid": [
                      "Succeeded"
                    ]
                  },
                  "metadata": {
                    "operationMetadataId": "f43eca7d-9c9c-4e2f-8168-20e00d3da1f0"
                  },
                  "type": "OpenApiConnection",
                  "inputs": {
                    "host": {
                      "connectionName": "shared_commondataserviceforapps",
                      "operationId": "ListRecords",
                      "apiId": "/providers/Microsoft.PowerApps/apis/shared_commondataserviceforapps"
                    },
                    "parameters": {
                      "entityName": "salesorders",
                      "fetchXml": "<fetch version=\"1.0\" output-format=\"xml-platform\" mapping=\"logical\" distinct=\"false\">\n<entity name=\"salesorder\">\n<attribute name=\"name\"/>\n<attribute name=\"customerid\"/>\n<attribute name=\"statuscode\"/>\n<attribute name=\"totalamount\"/>\n<attribute name=\"salesorderid\"/>\n<order attribute=\"name\" descending=\"false\"/>\n<filter type=\"and\">\n<condition attribute=\"name\" operator=\"eq\" value=\"@{items('Applytoeachorderrow')?['Order']}\"/>\n</filter>\n</entity>\n</fetch>"
                    },
                    "authentication": "@parameters('$authentication')"
                  }
                }
              },
              "runAfter": {
                "List_row_excel": [
                  "Succeeded"
                ]
              },
              "metadata": {
                "operationMetadataId": "a9ef6d26-6a93-4d51-a24b-303623f027ef"
              },
              "type": "Foreach"
            }
          },
          "runAfter": {
            "Get_files_(properties_only)": [
              "Succeeded"
            ]
          },
          "metadata": {
            "operationMetadataId": "638f7f12-9674-45fa-8488-ce0dc8c214a6"
          },
          "type": "Foreach"
        }
      }
    },
    "templateName": ""
  },
  "schemaVersion": "1.0.0.0"
}