{
  "properties": {
    "connectionReferences": {
      "shared_commondataserviceforapps": {
        "runtimeSource": "embedded",
        "connection": {
          "connectionReferenceLogicalName": "demo_sharedcommondataserviceforapps_89765"
        },
        "api": {
          "name": "shared_commondataserviceforapps"
        }
      }
    },
    "definition": {
      "$schema": "https://schema.management.azure.com/providers/Microsoft.Logic/schemas/2016-06-01/workflowdefinition.json#",
      "contentVersion": "1.0.0.0",
      "parameters": {
        "$connections": {
          "defaultValue": {},
          "type": "Object"
        },
        "$authentication": {
          "defaultValue": {},
          "type": "SecureObject"
        }
      },
      "triggers": {
        "When_a_row_is_added,_modified_or_deleted": {
          "metadata": {
            "operationMetadataId": "9747efe7-af9b-469f-b74c-0f649c0006aa"
          },
          "type": "OpenApiConnectionWebhook",
          "inputs": {
            "host": {
              "connectionName": "shared_commondataserviceforapps",
              "operationId": "SubscribeWebhookTrigger",
              "apiId": "/providers/Microsoft.PowerApps/apis/shared_commondataserviceforapps"
            },
            "parameters": {
              "subscriptionRequest/message": 3,
              "subscriptionRequest/entityname": "contact",
              "subscriptionRequest/scope": 4,
              "subscriptionRequest/filteringattributes": "demo_totalrewardspointscopy"
            },
            "authentication": "@parameters('$authentication')"
          }
        }
      },
      "actions": {
        "Get_all_card_types": {
          "runAfter": {},
          "metadata": {
            "operationMetadataId": "efeec306-53fe-46e1-93b8-b31be34a96ca"
          },
          "type": "OpenApiConnection",
          "inputs": {
            "host": {
              "connectionName": "shared_commondataserviceforapps",
              "operationId": "ListRecords",
              "apiId": "/providers/Microsoft.PowerApps/apis/shared_commondataserviceforapps"
            },
            "parameters": {
              "entityName": "demo_cardtypes",
              "fetchXml": "<fetch version=\"1.0\" output-format=\"xml-platform\" mapping=\"logical\" distinct=\"false\">\n  <entity name=\"demo_cardtype\">\n    <attribute name=\"demo_cardtypeid\" />\n    <attribute name=\"demo_name\" />\n    <attribute name=\"createdon\" />\n    <attribute name=\"demo_minpoints\" />\n    <attribute name=\"demo_maxpoints\" />\n    <order attribute=\"demo_name\" descending=\"false\" />\n  </entity>\n</fetch>"
            },
            "authentication": "@parameters('$authentication')"
          }
        },
        "Apply_to_each": {
          "foreach": "@outputs('Get_all_card_types')?['body/value']",
          "actions": {
            "Check_if_Card_Type_Silver_and_rewards_in_range": {
              "actions": {
                "Update_with_Silver_Card": {
                  "runAfter": {},
                  "metadata": {
                    "operationMetadataId": "4f681d46-cdae-4426-9b1d-7b0aaa2adf0e"
                  },
                  "type": "OpenApiConnection",
                  "inputs": {
                    "host": {
                      "connectionName": "shared_commondataserviceforapps",
                      "operationId": "UpdateRecord",
                      "apiId": "/providers/Microsoft.PowerApps/apis/shared_commondataserviceforapps"
                    },
                    "parameters": {
                      "entityName": "contacts",
                      "recordId": "@triggerOutputs()?['body/contactid']",
                      "item/demo_CardType@odata.bind": "/demo_cardtypes(@{items('Apply_to_each')?['demo_cardtypeid']})"
                    },
                    "authentication": "@parameters('$authentication')"
                  }
                }
              },
              "runAfter": {},
              "else": {
                "actions": {
                  "Check_if_Card_Type_Gold_and_rewards_in_range": {
                    "actions": {
                      "Update_with_Gold_Card": {
                        "runAfter": {},
                        "metadata": {
                          "operationMetadataId": "ab770a79-65e6-44c2-97e1-c5a7728adc1f"
                        },
                        "type": "OpenApiConnection",
                        "inputs": {
                          "host": {
                            "connectionName": "shared_commondataserviceforapps",
                            "operationId": "UpdateRecord",
                            "apiId": "/providers/Microsoft.PowerApps/apis/shared_commondataserviceforapps"
                          },
                          "parameters": {
                            "entityName": "contacts",
                            "recordId": "@triggerOutputs()?['body/contactid']",
                            "item/demo_CardType@odata.bind": "/demo_cardtypes(@{items('Apply_to_each')?['demo_cardtypeid']})"
                          },
                          "authentication": "@parameters('$authentication')"
                        }
                      }
                    },
                    "runAfter": {},
                    "else": {
                      "actions": {
                        "Condition": {
                          "actions": {
                            "Update_a_row": {
                              "runAfter": {},
                              "metadata": {
                                "operationMetadataId": "be569769-d815-47f4-86a1-856a9c62a4a9"
                              },
                              "type": "OpenApiConnection",
                              "inputs": {
                                "host": {
                                  "connectionName": "shared_commondataserviceforapps",
                                  "operationId": "UpdateRecord",
                                  "apiId": "/providers/Microsoft.PowerApps/apis/shared_commondataserviceforapps"
                                },
                                "parameters": {
                                  "entityName": "contacts",
                                  "recordId": "@triggerOutputs()?['body/contactid']",
                                  "item/demo_CardType@odata.bind": "/demo_cardtypes(@{items('Apply_to_each')?['demo_cardtypeid']})"
                                },
                                "authentication": "@parameters('$authentication')"
                              }
                            }
                          },
                          "runAfter": {},
                          "expression": {
                            "and": [
                              {
                                "equals": [
                                  "@items('Apply_to_each')?['demo_name']",
                                  "Platinum"
                                ]
                              },
                              {
                                "greater": [
                                  "@triggerOutputs()?['body/demo_totalrewardspointscopy']",
                                  "@items('Apply_to_each')?['demo_minpoints']"
                                ]
                              }
                            ]
                          },
                          "metadata": {
                            "operationMetadataId": "a8fd6686-e481-4968-94fb-d75b08ac3980"
                          },
                          "type": "If"
                        }
                      }
                    },
                    "expression": {
                      "and": [
                        {
                          "equals": [
                            "@items('Apply_to_each')?['demo_name']",
                            "Gold"
                          ]
                        },
                        {
                          "greaterOrEquals": [
                            "@triggerOutputs()?['body/demo_totalrewardspointscopy']",
                            "@items('Apply_to_each')?['demo_minpoints']"
                          ]
                        },
                        {
                          "lessOrEquals": [
                            "@triggerOutputs()?['body/demo_totalrewardspoints']",
                            "@items('Apply_to_each')?['demo_maxpoints']"
                          ]
                        }
                      ]
                    },
                    "metadata": {
                      "operationMetadataId": "223a7901-6cb8-43a5-8a18-2146ace313a1"
                    },
                    "type": "If"
                  }
                }
              },
              "expression": {
                "and": [
                  {
                    "equals": [
                      "@items('Apply_to_each')?['demo_name']",
                      "Silver"
                    ]
                  },
                  {
                    "greaterOrEquals": [
                      "@triggerOutputs()?['body/demo_totalrewardspointscopy']",
                      "@items('Apply_to_each')?['demo_minpoints']"
                    ]
                  },
                  {
                    "lessOrEquals": [
                      "@triggerOutputs()?['body/demo_totalrewardspoints']",
                      "@items('Apply_to_each')?['demo_maxpoints']"
                    ]
                  }
                ]
              },
              "metadata": {
                "operationMetadataId": "c0461b06-916f-4d80-a523-496826a0efc8"
              },
              "type": "If"
            }
          },
          "runAfter": {
            "Get_all_card_types": [
              "Succeeded"
            ]
          },
          "metadata": {
            "operationMetadataId": "7bd1da14-99f9-47b5-9b36-44532dfb6bac"
          },
          "type": "Foreach"
        }
      }
    },
    "templateName": ""
  },
  "schemaVersion": "1.0.0.0"
}