﻿<?xml version="1.0" encoding="utf-8"?>
<savedquery>
  <IsCustomizable>1</IsCustomizable>
  <CanBeDeleted>0</CanBeDeleted>
  <isquickfindquery>0</isquickfindquery>
  <isprivate>0</isprivate>
  <isdefault>1</isdefault>
  <returnedtypecode>10018</returnedtypecode>
  <savedqueryid>{0c0fb702-dfd5-4f39-817c-3dc90faecb92}</savedqueryid>
  <layoutxml>
    <grid name="" object="10018" jump="rbsm_servicecatalog" select="1" icon="1" preview="0">
      <row name="rbsm_productservicescatalog" id="rbsm_productservicescatalogid">
        <cell name="rbsm_servicecatalog" width="300" />
        <cell name="rbsm_product" width="150" />
      </row>
    </grid>
  </layoutxml>
  <querytype>64</querytype>
  <fetchxml>
    <fetch version="1.0" mapping="logical">
      <entity name="rbsm_productservicescatalog">
        <attribute name="rbsm_productservicescatalogid" />
        <attribute name="rbsm_servicecatalog" />
        <filter type="and">
          <condition attribute="statecode" operator="eq" value="0" />
        </filter>
        <order attribute="rbsm_product" descending="false" />
        <order attribute="rbsm_servicecatalog" descending="false" />
        <attribute name="rbsm_product" />
      </entity>
    </fetch>
  </fetchxml>
  <IntroducedVersion>1.0.0.0</IntroducedVersion>
  <LocalizedNames>
    <LocalizedName description="Product &amp; Services Catalog Lookup View" languagecode="1033" />
  </LocalizedNames>
</savedquery>