﻿<?xml version="1.0" encoding="utf-8"?>
<savedquery>
  <IsCustomizable>1</IsCustomizable>
  <CanBeDeleted>0</CanBeDeleted>
  <isquickfindquery>0</isquickfindquery>
  <isprivate>0</isprivate>
  <isdefault>1</isdefault>
  <returnedtypecode>10018</returnedtypecode>
  <savedqueryid>{0ca2e49d-8f5e-40ab-af10-589b291b9820}</savedqueryid>
  <layoutxml>
    <grid name="" object="10018" jump="rbsm_servicecatalog" select="1" icon="1" preview="1">
      <row name="rbsm_productservicescatalog" id="rbsm_productservicescatalogid">
        <cell name="rbsm_product" width="100" />
        <cell name="rbsm_servicecatalog" width="300" />
      </row>
    </grid>
  </layoutxml>
  <querytype>2</querytype>
  <fetchxml>
    <fetch version="1.0" mapping="logical">
      <entity name="rbsm_productservicescatalog">
        <attribute name="rbsm_servicecatalog" />
        <order attribute="rbsm_servicecatalog" descending="false" />
        <filter type="and">
          <condition attribute="statecode" operator="eq" value="0" />
        </filter>
        <attribute name="rbsm_product" />
        <attribute name="rbsm_productservicescatalogid" />
      </entity>
    </fetch>
  </fetchxml>
  <IntroducedVersion>1.0.0.0</IntroducedVersion>
  <LocalizedNames>
    <LocalizedName description="Product &amp; Services Catalog Associated View" languagecode="1033" />
  </LocalizedNames>
</savedquery>