﻿<?xml version="1.0" encoding="utf-8"?>
<savedquery>
  <IsCustomizable>1</IsCustomizable>
  <CanBeDeleted>0</CanBeDeleted>
  <isquickfindquery>0</isquickfindquery>
  <isprivate>0</isprivate>
  <isdefault>1</isdefault>
  <returnedtypecode>10018</returnedtypecode>
  <savedqueryid>{1b02e69c-f505-4db6-afb7-527b6236a1b8}</savedqueryid>
  <layoutxml>
    <grid name="resultset" object="10018" jump="rbsm_servicecatalog" select="1" icon="1" preview="1">
      <row name="result" id="rbsm_productservicescatalogid">
        <cell name="rbsm_product" width="150" />
        <cell name="rbsm_servicecatalog" width="300" />
      </row>
    </grid>
  </layoutxml>
  <querytype>1</querytype>
  <fetchxml>
    <fetch version="1.0" mapping="logical">
      <entity name="rbsm_productservicescatalog">
        <attribute name="rbsm_servicecatalog" />
        <order attribute="rbsm_servicecatalog" descending="false" />
        <attribute name="rbsm_product" />
        <attribute name="rbsm_productservicescatalogid" />
      </entity>
    </fetch>
  </fetchxml>
  <IntroducedVersion>1.0.0.0</IntroducedVersion>
  <LocalizedNames>
    <LocalizedName description="Product &amp; Services Catalog Advanced Find View" languagecode="1033" />
  </LocalizedNames>
</savedquery>