﻿<?xml version="1.0" encoding="utf-8"?>
<savedquery>
  <IsCustomizable>1</IsCustomizable>
  <CanBeDeleted>0</CanBeDeleted>
  <isquickfindquery>0</isquickfindquery>
  <isprivate>0</isprivate>
  <isdefault>0</isdefault>
  <returnedtypecode>10018</returnedtypecode>
  <savedqueryid>{323e2414-9807-438c-8074-298a13df303a}</savedqueryid>
  <layoutxml>
    <grid name="resultset" object="10018" jump="rbsm_servicecatalog" select="1" icon="1" preview="1">
      <row name="result" id="rbsm_productservicescatalogid">
        <cell name="rbsm_product" width="150" />
        <cell name="rbsm_servicecatalog" width="300" />
        <cell name="rbsm_notificationqueue" width="200" />
      </row>
    </grid>
  </layoutxml>
  <querytype>0</querytype>
  <fetchxml>
    <fetch version="1.0" mapping="logical">
      <entity name="rbsm_productservicescatalog">
        <attribute name="rbsm_servicecatalog" />
        <order attribute="rbsm_product" descending="false" />
        <order attribute="rbsm_servicecatalog" descending="false" />
        <filter type="and">
          <condition attribute="statecode" operator="eq" value="1" />
        </filter>
        <attribute name="rbsm_product" />
        <attribute name="rbsm_notificationqueue" />
        <attribute name="rbsm_productservicescatalogid" />
      </entity>
    </fetch>
  </fetchxml>
  <IntroducedVersion>1.0.0.0</IntroducedVersion>
  <LocalizedNames>
    <LocalizedName description="Inactive Product &amp; Services Catalog" languagecode="1033" />
  </LocalizedNames>
</savedquery>