﻿<?xml version="1.0" encoding="utf-8"?>
<savedquery>
  <IsCustomizable>1</IsCustomizable>
  <CanBeDeleted>0</CanBeDeleted>
  <isquickfindquery>1</isquickfindquery>
  <isprivate>0</isprivate>
  <isdefault>1</isdefault>
  <returnedtypecode>10018</returnedtypecode>
  <savedqueryid>{4c453022-7060-4de0-a90c-ba2f7d39c266}</savedqueryid>
  <layoutxml>
    <grid name="resultset" object="10018" jump="rbsm_servicecatalog" select="1" icon="1" preview="1">
      <row name="result" id="rbsm_productservicescatalogid">
        <cell name="rbsm_servicecatalog" width="300" />
        <cell name="rbsm_product" width="150" />
      </row>
    </grid>
  </layoutxml>
  <querytype>4</querytype>
  <fetchxml>
    <fetch version="1.0" mapping="logical">
      <entity name="rbsm_productservicescatalog">
        <attribute name="rbsm_servicecatalog" />
        <order attribute="rbsm_servicecatalog" descending="false" />
        <filter type="and">
          <condition attribute="statecode" operator="eq" value="0" />
        </filter>
        <filter type="or" isquickfindfields="1">
          <condition attribute="rbsm_servicecatalog" operator="like" value="{0}" />
          <condition attribute="rbsm_product" operator="like" value="{0}" />
        </filter>
        <attribute name="rbsm_product" />
        <attribute name="rbsm_productservicescatalogid" />
      </entity>
    </fetch>
  </fetchxml>
  <IntroducedVersion>1.0.0.0</IntroducedVersion>
  <LocalizedNames>
    <LocalizedName description="Quick Find Active Product &amp; Services Catalog" languagecode="1033" />
  </LocalizedNames>
</savedquery>