﻿<?xml version="1.0" encoding="utf-8"?>
<savedquery>
  <IsCustomizable>1</IsCustomizable>
  <CanBeDeleted>1</CanBeDeleted>
  <isquickfindquery>0</isquickfindquery>
  <isprivate>0</isprivate>
  <isdefault>0</isdefault>
  <savedqueryid>{52acef61-cffe-e811-a95e-000d3aba03c4}</savedqueryid>
  <layoutxml>
    <grid name="resultset" jump="rbs_name" select="1" preview="1" icon="1">
      <row name="result" id="rbs_optionsetvalueid">
        <cell name="rbs_name" width="300" imageproviderfunctionname="" imageproviderwebresource="$webresource:" />
      </row>
    </grid>
  </layoutxml>
  <querytype>0</querytype>
  <fetchxml>
    <fetch version="1.0" output-format="xml-platform" mapping="logical">
      <entity name="rbs_optionsetvalue">
        <attribute name="rbs_name" />
        <order attribute="rbs_name" descending="false" />
        <attribute name="rbs_optionsetvalueid" />
      </entity>
    </fetch>
  </fetchxml>
  <IntroducedVersion>3.3.0.0</IntroducedVersion>
  <LocalizedNames>
    <LocalizedName description="Related Values" languagecode="1033" />
  </LocalizedNames>
</savedquery>