﻿<?xml version="1.0" encoding="utf-8"?>
<savedquery>
  <IsCustomizable>1</IsCustomizable>
  <CanBeDeleted>0</CanBeDeleted>
  <isquickfindquery>0</isquickfindquery>
  <isprivate>0</isprivate>
  <isdefault>1</isdefault>
  <savedqueryid>{5bb3fe66-4e3e-4052-8bf0-7b81e1a608fa}</savedqueryid>
  <layoutxml>
    <grid name="resultset" jump="rbs_name" select="1" icon="1" preview="1">
      <row name="result" id="rbs_optionsetvalueid">
        <cell name="rbs_name" width="300" />
        <cell name="rbs_optionset" width="150" imageproviderfunctionname="" imageproviderwebresource="$webresource:" />
      </row>
    </grid>
  </layoutxml>
  <querytype>1</querytype>
  <fetchxml>
    <fetch version="1.0" mapping="logical">
      <entity name="rbs_optionsetvalue">
        <attribute name="rbs_name" />
        <order attribute="rbs_optionset" descending="false" />
        <order attribute="rbs_name" descending="false" />
        <attribute name="rbs_optionset" />
        <attribute name="rbs_optionsetvalueid" />
      </entity>
    </fetch>
  </fetchxml>
  <IntroducedVersion>3.3.0.0</IntroducedVersion>
  <LocalizedNames>
    <LocalizedName description="Option Set Value Advanced Find View" languagecode="1033" />
  </LocalizedNames>
</savedquery>