﻿<?xml version="1.0" encoding="utf-8"?>
<savedquery>
  <IsCustomizable>1</IsCustomizable>
  <CanBeDeleted>0</CanBeDeleted>
  <isquickfindquery>0</isquickfindquery>
  <isprivate>0</isprivate>
  <isdefault>1</isdefault>
  <savedqueryid>{c7a485cf-e102-43b0-ad93-20d874c00f88}</savedqueryid>
  <layoutxml>
    <grid name="" jump="rbs_name" select="1" icon="1" preview="0">
      <row name="rbs_optionsetvalue" id="rbs_optionsetvalueid">
        <cell name="rbs_name" width="300" />
        <cell name="rbs_optionset" width="150" imageproviderfunctionname="" imageproviderwebresource="$webresource:" />
      </row>
    </grid>
  </layoutxml>
  <querytype>64</querytype>
  <fetchxml>
    <fetch version="1.0" mapping="logical">
      <entity name="rbs_optionsetvalue">
        <attribute name="rbs_optionsetvalueid" />
        <attribute name="rbs_name" />
        <filter type="and">
          <condition attribute="statecode" operator="eq" value="0" />
        </filter>
        <order attribute="rbs_optionset" descending="false" />
        <order attribute="rbs_name" descending="false" />
        <attribute name="rbs_optionset" />
      </entity>
    </fetch>
  </fetchxml>
  <IntroducedVersion>3.3.0.0</IntroducedVersion>
  <LocalizedNames>
    <LocalizedName description="Option Set Value Lookup View" languagecode="1033" />
  </LocalizedNames>
</savedquery>