﻿<?xml version="1.0" encoding="utf-8"?>
<systemform>
  <formid>{0fe3cc76-5bcd-45d4-b998-02ed01277303}</formid>
  <IntroducedVersion>1.0.0.0</IntroducedVersion>
  <FormPresentation>1</FormPresentation>
  <FormActivationState>1</FormActivationState>
  <form enablerelatedinformation="false" shownavigationbar="true" hasmargin="false" relatedInformationCollapsed="false" showImage="false" maxWidth="1920">
    <ancestor id="{4a63c8d1-6c1e-48ec-9db4-3e6c7155334c}" />
    <tabs showlabels="true">
      <tab name="general" verticallayout="true" id="{564b9a08-4626-46f5-8bd8-3d31e17a8873}" IsUserDefined="0" labelid="{962915f8-878a-4f02-8bf3-8edc8bafd718}" locklevel="0" expanded="true" showlabel="true" visible="false">
        <labels>
          <label description="Summary" languagecode="1033" />
        </labels>
        <columns>
          <column width="30%">
            <sections>
              <section name="Details" showlabel="true" labelwidth="102" showbar="false" id="{09d03c8d-5a6b-4a94-b7d9-cfa1b5364015}" IsUserDefined="0" locklevel="0" celllabelposition="Left" labelid="{0122fce5-afa8-41d7-9f92-9185334b1ef5}">
                <labels>
                  <label description="CASE DETAILS" languagecode="1033" />
                </labels>
                <rows>
                  <row>
                    <cell id="{70cc3529-ab81-650b-3bd0-3147ba77667d}" showlabel="true" locklevel="0" labelid="{f15dee31-d6bc-48f7-a7df-5bcae31549bf}">
                      <labels>
                        <label description="Case Title" languagecode="1033" />
                      </labels>
                      <control id="title" classid="{4273EDBD-AC1D-40d3-9FB2-095C621B552D}" datafieldname="title" disabled="false" />
                    </cell>
                  </row>
                  <row>
                    <cell id="{b6f69544-6287-4b8a-b60c-3d66f1cac75d}" userspacer="0" labelid="{0e66d447-ea3e-497f-b8f7-8cd15a0ce8fe}" showlabel="true" locklevel="0">
                      <labels>
                        <label description="Subject" languagecode="1033" />
                      </labels>
                      <control id="subjectid" classid="{270BD3DB-D9AF-4782-9025-509E298DEC0A}" datafieldname="subjectid" uniqueid="{7cc7196d-b00c-9b72-19de-c714db671489}" disabled="false" />
                    </cell>
                  </row>
                  <row>
                    <cell id="{26940645-ec02-4f99-bbcf-c4cc33a2be4c}" showlabel="true" locklevel="0" labelid="{59738c8d-27bb-4ffa-8ba3-f58c471a79df}">
                      <labels>
                        <label description="Contact" languagecode="1033" />
                      </labels>
                      <events>
                        <event name="onclick" application="true" active="true">
                          <InternalHandlers>
                            <Handler functionName="Mscrm.primarycontactid_onclick" libraryName="Service/Incident/Incident_main_system_library.js" handlerUniqueId="1834b3ac-a3ac-4fa8-ad50-25875ff100bb" enabled="true">
                              <dependencies>
                                <dependency id="customerid" />
                              </dependencies>
                            </Handler>
                          </InternalHandlers>
                        </event>
                        <event name="setadditionalparams" application="true" active="true">
                          <InternalHandlers>
                            <Handler functionName="Mscrm.primarycontactid_setadditionalparams" libraryName="Service/Incident/Incident_main_system_library.js" handlerUniqueId="83d8ffab-20ef-4bc7-9706-62806ac6f36a" enabled="true" passExecutionContext="true">
                              <dependencies>
                                <dependency id="customerid" />
                              </dependencies>
                            </Handler>
                          </InternalHandlers>
                        </event>
                      </events>
                      <control id="primarycontactid" classid="{270BD3DB-D9AF-4782-9025-509E298DEC0A}" datafieldname="primarycontactid" disabled="false" uniqueid="{36e59a5b-7d95-6606-6c15-361359c7e352}">
                        <parameters>
                          <IsInlineNewEnabled>false</IsInlineNewEnabled>
                          <AllowFilterOff>true</AllowFilterOff>
                        </parameters>
                      </control>
                    </cell>
                  </row>
                  <row>
                    <cell id="{2973ce06-0486-461f-9381-48a174703d01}" labelid="{e63d0a9e-089b-4ad0-a9c1-0e360edb6ca3}">
                      <labels>
                        <label description="Product" languagecode="1033" />
                      </labels>
                      <control id="productid" classid="{270BD3DB-D9AF-4782-9025-509E298DEC0A}" datafieldname="productid">
                        <parameters>
                          <IsInlineNewEnabled>false</IsInlineNewEnabled>
                          <DefaultViewId>{58afc3c5-8add-4552-98cb-473bc8f75619}</DefaultViewId>
                        </parameters>
                      </control>
                    </cell>
                  </row>
                </rows>
              </section>
            </sections>
          </column>
          <column width="40%">
            <sections>
              <section name="Applicable SLA(STANDARD)" showlabel="true" labelwidth="102" showbar="false" id="{bb13b0a3-13ee-4f84-9172-c1d89622b421}" IsUserDefined="0" locklevel="0" celllabelposition="Left" visible="true" labelid="{f9649627-95e0-4f65-ab5f-d7b6b9b951e6}">
                <labels>
                  <label description="APPLICABLE SLA" languagecode="1033" />
                </labels>
                <rows>
                  <row>
                    <cell id="{9ed95127-7c3c-9c3e-a424-07d8144a246d}" showlabel="true" locklevel="0" labelid="{650dd95d-db9d-4b28-9cb4-04f1554cba80}">
                      <labels>
                        <label description="First Response By" languagecode="1033" />
                      </labels>
                      <control id="responseby" classid="{5B773807-9FB2-42db-97C3-7A91EFF8ADFF}" datafieldname="responseby" disabled="true" />
                    </cell>
                  </row>
                  <row>
                    <cell id="{573b6d21-4cc3-20c7-00c0-97160b24567a}" showlabel="true" locklevel="0" labelid="{254843c7-0165-483b-8b8b-f2c08a974185}">
                      <labels>
                        <label description="Resolve By" languagecode="1033" />
                      </labels>
                      <control id="resolveby" classid="{5B773807-9FB2-42db-97C3-7A91EFF8ADFF}" datafieldname="resolveby" disabled="true" />
                    </cell>
                  </row>
                </rows>
              </section>
              <section name="Research" showlabel="false" showbar="false" id="{e6031605-b0d3-42e6-a666-ae358e9e0a0e}" IsUserDefined="0" layout="varwidth" labelwidth="102" celllabelposition="Left" visible="false" labelid="{53e5c7ae-6196-465a-a57a-8500619c11a1}">
                <labels>
                  <label description="RESEARCH" languagecode="1033" />
                </labels>
                <rows>
                  <row>
                    <cell id="{a5be55d1-d0e1-d9e8-a877-5a28e00006ee}" showlabel="false" colspan="1" auto="false" rowspan="1" locklevel="1" labelid="{71336a16-8016-4672-a53f-b5daac88fa8f}">
                      <labels>
                        <label description="" languagecode="1033" />
                      </labels>
                      <control id="CaseResearch_LinkControl" classid="{DFDF1CDE-837B-4AC9-98CF-AC74361FD89D}">
                        <parameters>
                          <LinkControlDefinitionId>{0F337699-D595-48D9-B733-6479E5F5EB07}</LinkControlDefinitionId>
                          <ShowLinkControlLabel>false</ShowLinkControlLabel>
                        </parameters>
                      </control>
                    </cell>
                  </row>
                </rows>
              </section>
            </sections>
          </column>
          <column width="30%">
            <sections>
              <section name="Customer" showlabel="false" labelwidth="90" showbar="false" id="{e493f95f-d913-4063-a929-e86a5d7b01a5}" IsUserDefined="0" locklevel="0" labelid="{a0d551f4-54ba-412f-8612-024d33bd310c}">
                <labels>
                  <label description="CUSTOMER DETAILS" languagecode="1033" />
                </labels>
                <rows>
                  <row>
                    <cell id="{eafbc418-2de0-485f-9f9a-590f97e0389d}" colspan="2" showlabel="false" locklevel="1" labelid="{7d18f0ee-2b37-44bd-b133-c51501d8c3cf}">
                      <labels>
                        <label description="Customer" languagecode="1033" />
                      </labels>
                      <control id="customerpane_qfc" classid="{5C5600E0-1D6E-4205-A272-BE80DA87FD42}" datafieldname="customerid" disabled="false">
                        <parameters>
                          <QuickForms>&lt;QuickFormIds&gt;&lt;QuickFormId entityname="contact"&gt;707FC57B-C5E6-471B-A180-E37ED28A38E2&lt;/QuickFormId&gt;&lt;QuickFormId entityname="account"&gt;B028DB32-3619-48A5-AC51-CF3F947B0EF3&lt;/QuickFormId&gt;&lt;/QuickFormIds&gt;</QuickForms>
                          <ControlMode>Edit</ControlMode>
                        </parameters>
                      </control>
                    </cell>
                  </row>
                </rows>
              </section>
              <section name="contract and product information" showlabel="true" showbar="true" id="{4f1cbb62-1166-4db3-a0d7-1844cea74945}" IsUserDefined="0" locklevel="0" labelid="{c0af88b8-392e-4093-a122-f5d85471fa88}">
                <labels>
                  <label description="CONTRACT" languagecode="1033" />
                </labels>
                <rows>
                  <row>
                    <cell id="{e41a12bc-599d-46be-85ca-e2c681350078}" labelid="{59b035c7-ca00-4e26-ad94-74d5e915a820}">
                      <labels>
                        <label description="Contract" languagecode="1033" />
                      </labels>
                      <events>
                        <event name="onclick" application="true" active="true">
                          <InternalHandlers>
                            <Handler functionName="Mscrm.contractid_onclick" libraryName="Service/Incident/Incident_main_system_library.js" handlerUniqueId="cb1cce9a-6ca5-4474-8817-b60c6af43f1d" enabled="true">
                              <dependencies>
                                <dependency id="customerid" />
                              </dependencies>
                            </Handler>
                          </InternalHandlers>
                        </event>
                        <event name="setadditionalparams" application="true" active="true">
                          <InternalHandlers>
                            <Handler functionName="Mscrm.contractid_setadditionalparams" libraryName="Service/Incident/Incident_main_system_library.js" handlerUniqueId="eebc0919-9ffa-4a7b-9b25-b2763a35ded1" enabled="true" passExecutionContext="true">
                              <dependencies>
                                <dependency id="customerid" />
                              </dependencies>
                            </Handler>
                          </InternalHandlers>
                        </event>
                      </events>
                      <control id="contractid" classid="{270BD3DB-D9AF-4782-9025-509E298DEC0A}" datafieldname="contractid" uniqueid="{ddc83b60-0e65-e283-d34d-5eaba716d613}">
                        <parameters>
                          <IsInlineNewEnabled>false</IsInlineNewEnabled>
                          <DefaultViewId>{646DE3EE-EBFB-4d19-8A44-4A619505E188}</DefaultViewId>
                        </parameters>
                      </control>
                    </cell>
                  </row>
                  <row>
                    <cell id="{a0d5255c-e331-4297-a8f8-805e03921086}" labelid="{fe3a1eaa-11ec-465d-9aa5-ce7bd7fb9f00}">
                      <labels>
                        <label description="Contract Line" languagecode="1033" />
                      </labels>
                      <events>
                        <event name="onclick" application="true" active="true">
                          <InternalHandlers>
                            <Handler functionName="Mscrm.contractdetailid_onclick" libraryName="Service/Incident/Incident_main_system_library.js" handlerUniqueId="069c3411-c466-496c-ab3e-15dc59afa9a1" enabled="true">
                              <dependencies>
                                <dependency id="contractid" />
                              </dependencies>
                            </Handler>
                          </InternalHandlers>
                        </event>
                      </events>
                      <control id="contractdetailid" classid="{270BD3DB-D9AF-4782-9025-509E298DEC0A}" datafieldname="contractdetailid" uniqueid="{7886c267-7d2d-7638-dedb-66a2ed56ee34}">
                        <parameters>
                          <FilterRelationshipName>contract_line_items</FilterRelationshipName>
                          <DependentAttributeName>incident.contractid</DependentAttributeName>
                          <DependentAttributeType>contract</DependentAttributeType>
                          <DefaultViewId>{8FA2705C-7E4C-4c0e-B611-4593B35A4C9E}</DefaultViewId>
                          <IsInlineNewEnabled>false</IsInlineNewEnabled>
                          <AllowFilterOff>true</AllowFilterOff>
                        </parameters>
                      </control>
                    </cell>
                  </row>
                </rows>
              </section>
            </sections>
          </column>
        </columns>
      </tab>
      <tab name="documentTab" id="{d30d67c0-c59a-1c90-de23-a96a6a1aceeb}" IsUserDefined="0" locklevel="0" showlabel="true" expanded="true">
        <labels>
          <label description="Document" languagecode="1033" />
        </labels>
        <columns>
          <column width="100%">
            <sections>
              <section name="documentSection" showlabel="false" showbar="false" locklevel="0" id="{23a54570-d28c-79a0-9446-e2381e8a0bb6}" IsUserDefined="0" layout="varwidth" columns="1" labelwidth="115" celllabelalignment="Left" celllabelposition="Left" height="auto">
                <labels>
                  <label description="Section" languagecode="1033" />
                </labels>
                <rows>
                  <row>
                    <cell id="{3476595a-6d08-6a18-86e1-e07637738680}" showlabel="false" colspan="1" auto="false" rowspan="6">
                      <labels>
                        <label description="Documents (Case)" languagecode="1033" />
                      </labels>
                      <control id="DocumentsSubGrid" classid="{E7A81278-8635-4d9e-8D4D-59480B391C5B}" indicationOfSubgrid="true" uniqueid="{9360c816-3d94-93b1-50b0-1d2bced3bbe2}">
                        <parameters>
                          <ViewId>{E61C1C81-5B55-415D-B798-AC1B98D21F0F}</ViewId>
                          <IsUserView>false</IsUserView>
                          <RelationshipName>rbs_incident_rbs_document_Case</RelationshipName>
                          <TargetEntityType>rbs_document</TargetEntityType>
                          <AutoExpand>Fixed</AutoExpand>
                          <EnableQuickFind>false</EnableQuickFind>
                          <EnableViewPicker>false</EnableViewPicker>
                          <ViewIds>{E61C1C81-5B55-415D-B798-AC1B98D21F0F}</ViewIds>
                          <EnableJumpBar>false</EnableJumpBar>
                          <ChartGridMode>All</ChartGridMode>
                          <VisualizationId />
                          <IsUserChart>false</IsUserChart>
                          <EnableChartPicker>true</EnableChartPicker>
                          <RecordsPerPage>4</RecordsPerPage>
                          <HeaderColorCode>#F3F3F3</HeaderColorCode>
                        </parameters>
                      </control>
                    </cell>
                  </row>
                  <row />
                  <row />
                  <row />
                  <row />
                  <row />
                  <row>
                    <cell id="{b52bb3c7-bd67-0813-094b-592bcba5ee70}" showlabel="false" colspan="1" auto="true" rowspan="30">
                      <labels>
                        <label description="DocumentUpload" languagecode="1033" />
                      </labels>
                      <control id="IFRAME_DocumentUpload" classid="{FD2A7985-3187-444e-908D-6624B21F69C0}">
                        <parameters>
                          <Url>https://devecpvm003845/EcmIntegration/Ecm/Upload/</Url>
                          <PassParameters>true</PassParameters>
                          <Security>false</Security>
                          <Scrolling>auto</Scrolling>
                          <Border>true</Border>
                          <ShowOnMobileClient>false</ShowOnMobileClient>
                        </parameters>
                      </control>
                      <events>
                        <event name="onload" application="false">
                          <dependencies />
                        </event>
                      </events>
                    </cell>
                  </row>
                  <row />
                  <row />
                  <row />
                  <row />
                  <row />
                  <row />
                  <row />
                  <row />
                  <row />
                  <row />
                  <row />
                  <row />
                  <row />
                  <row />
                  <row />
                  <row />
                  <row />
                  <row />
                  <row />
                  <row />
                  <row />
                  <row />
                  <row />
                  <row />
                  <row />
                  <row />
                  <row />
                  <row />
                  <row height="auto" />
                </rows>
              </section>
            </sections>
          </column>
        </columns>
      </tab>
    </tabs>
    <header id="{CF9CD80E-17E4-438D-9705-5575B9BDF2D1}" celllabelposition="Top" columns="1111" labelwidth="115">
      <rows>
        <row>
          <cell id="{58a799a6-a483-30da-d32d-12c15ba0daa0}" showlabel="true" labelid="{80b70e20-c8b4-4a0a-af6a-f98e1dbe6b6b}">
            <labels>
              <label description="Priority" languagecode="1033" />
            </labels>
            <control id="header_prioritycode" classid="{3EF39988-22BB-4f0b-BBBE-64B5A3748AEE}" datafieldname="prioritycode" disabled="false" />
          </cell>
          <cell id="{67c9b29b-c1b2-aa8e-6b95-5d295b76e224}" showlabel="true" labelid="{0a84be08-d36c-48db-a1d0-225e608bf944}">
            <labels>
              <label description="Created On" languagecode="1033" />
            </labels>
            <control id="header_createdon" classid="{5B773807-9FB2-42db-97C3-7A91EFF8ADFF}" datafieldname="createdon" disabled="true" />
          </cell>
          <cell id="{53dd311c-6ec7-4cde-b299-d39fe21c3dcf}" labelid="{e35da7be-6f8b-4869-94f5-329b71896a90}">
            <labels>
              <label description="Status" languagecode="1033" />
            </labels>
            <control id="header_statuscode" classid="{5D68B988-0661-4db2-BC3E-17598AD3BE6C}" datafieldname="statuscode" disabled="false" />
          </cell>
          <cell id="{d2c3b79d-4172-4f15-aa40-e69aa7bd2ab6}" labelid="{a4e78dd2-8813-4a1a-96d0-d0d90f1025c9}">
            <labels>
              <label description="Owner" languagecode="1033" />
            </labels>
            <control id="header_ownerid" classid="{270BD3DB-D9AF-4782-9025-509E298DEC0A}" datafieldname="ownerid" disabled="false" />
          </cell>
        </row>
      </rows>
    </header>
    <events>
      <event name="onload" application="true" active="true">
        <InternalHandlers>
          <Handler functionName="Mscrm.Form_onload" libraryName="Service/Incident/Incident_main_system_library.js" handlerUniqueId="76e18454-eeba-47c3-8a9d-6d701c77fbcc" enabled="true">
            <dependencies>
              <dependency id="contractid" />
              <dependency id="contractdetailid" />
            </dependencies>
          </Handler>
        </InternalHandlers>
      </event>
      <event name="onchange" application="true" active="true" attribute="customerid">
        <InternalHandlers>
          <Handler functionName="Mscrm.customerid_onchange" libraryName="Service/Incident/Incident_main_system_library.js" handlerUniqueId="5349bfe7-817f-4c54-ae0f-f65df037361b" enabled="true">
            <dependencies>
              <dependency id="contractid" />
              <dependency id="contractdetailid" />
            </dependencies>
          </Handler>
        </InternalHandlers>
      </event>
      <event name="onchange" application="true" active="true" attribute="contractid">
        <InternalHandlers>
          <Handler functionName="Mscrm.contractid_onchange" libraryName="Service/Incident/Incident_main_system_library.js" handlerUniqueId="1ff26f3d-f9f4-470b-a379-bc74ce466a53" enabled="true">
            <dependencies>
              <dependency id="contractdetailid" />
            </dependencies>
          </Handler>
        </InternalHandlers>
      </event>
      <event name="onchange" application="true" active="true" attribute="contractdetailid">
        <InternalHandlers>
          <Handler functionName="Mscrm.contractdetailid_onchange" libraryName="Service/Incident/Incident_main_system_library.js" handlerUniqueId="fde679b3-af20-4b24-ab99-13f7de54fbb1" enabled="true">
            <dependencies>
              <dependency id="contractid" />
            </dependencies>
          </Handler>
        </InternalHandlers>
      </event>
      <event name="onsave" application="true" active="true">
        <InternalHandlers>
          <Handler functionName="Mscrm.IncidentMainSystemLibraryWebResource.form_OnSave" libraryName="Service/Incident/Incident_main_system_library.js" handlerUniqueId="ed27ea24-dc09-47be-8af3-52721df36d96" enabled="true" passExecutionContext="true" />
        </InternalHandlers>
      </event>
    </events>
    <clientresources>
      <internalresources>
        <clientincludes>
          <internalcssfile src="/_tree/tree.css.aspx" />
          <internaljscriptfile src="$webresource:Service/Incident/Incident_main_system_library.js" />
          <internaljscriptfile src="$webresource:Service/Incident/Ribbon/Incident_ribbon_library.js" />
        </clientincludes>
        <clientvariables>
          <internaljscriptvariable name="LOCID_ERROR_MISSING_CUSTOMER" resourceid="Web.cs.cases.edit.MissingCustomer" />
        </clientvariables>
      </internalresources>
    </clientresources>
    <Navigation>
      <NavBar>
        <NavBarByRelationshipItem RelationshipName="Incident_ActivityPointers" Id="navActivities" Icon="/_imgs/ico_18_act.gif" Sequence="10" Area="Info">
          <Privileges>
            <Privilege Entity="" Privilege="ReadActivity" />
          </Privileges>
          <Titles>
            <Title LCID="1033" Text="Activities" />
          </Titles>
        </NavBarByRelationshipItem>
        <NavBarByRelationshipItem RelationshipName="Incident_ActivityPointers" Id="navActivityHistory" TitleResourceId="Tab_Label_History" Icon="/_imgs/ico_18_history.gif" ViewId="21E2B905-6FDB-470d-8517-AD69B4C01268" Sequence="20" Area="Info">
          <Privileges>
            <Privilege Entity="" Privilege="ReadActivity" />
          </Privileges>
          <Titles>
            <Title LCID="1033" Text="Closed Activities" />
          </Titles>
        </NavBarByRelationshipItem>
      </NavBar>
      <NavBarAreas>
        <NavBarArea Id="Info">
          <Titles>
            <Title LCID="1033" Text="Common" />
          </Titles>
        </NavBarArea>
        <NavBarArea Id="Sales">
          <Titles>
            <Title LCID="1033" Text="Sales" />
          </Titles>
        </NavBarArea>
        <NavBarArea Id="Service">
          <Titles>
            <Title LCID="1033" Text="Service" />
          </Titles>
        </NavBarArea>
        <NavBarArea Id="Marketing">
          <Titles>
            <Title LCID="1033" Text="Marketing" />
          </Titles>
        </NavBarArea>
        <NavBarArea Id="ProcessCenter">
          <Titles>
            <Title LCID="1033" Text="Process Sessions" />
          </Titles>
        </NavBarArea>
      </NavBarAreas>
    </Navigation>
    <hiddencontrols>
      <data id="FirstResponseSLAStatus" datafieldname="firstresponseslastatus" classid="{5546E6CD-394C-4bee-94A8-4425E17EF6C6}" />
      <data id="ResolveBySLAStatus" datafieldname="resolvebyslastatus" classid="{5546E6CD-394C-4bee-94A8-4425E17EF6C6}" />
    </hiddencontrols>
    <controlDescriptions />
    <DisplayConditions FallbackForm="true" Order="10">
      <Role Id="{EF585F9A-46DC-E811-A956-000D3A441839}" />
      <Role Id="{627090ff-40a3-4053-8790-584edc5be201}" />
      <Role Id="{119f245c-3cc8-4b62-b31c-d1a046ced15d}" />
    </DisplayConditions>
  </form>
  <IsCustomizable>1</IsCustomizable>
  <CanBeDeleted>1</CanBeDeleted>
  <LocalizedNames>
    <LocalizedName description="Document Management" languagecode="1033" />
  </LocalizedNames>
</systemform>