﻿<?xml version="1.0" encoding="utf-8"?>
<systemform unmodified="1">
  <formid>{915f6055-2e07-4276-ae08-2b96c8d02c57}</formid>
  <IntroducedVersion>8.0.0.0</IntroducedVersion>
  <FormPresentation>2</FormPresentation>
  <FormActivationState>0</FormActivationState>
  <form>
    <hiddencontrols>
      <data id="routecase" datafieldname="routecase" classid="{5546E6CD-394C-4bee-94A8-4425E17EF6C6}" />
    </hiddencontrols>
    <tabs>
      <tab name="Summary" id="{fcfdc216-e3c6-4bbe-baba-1d5774ea78f5}" IsUserDefined="0" locklevel="0" showlabel="false" expanded="true">
        <labels>
          <label description="Summary" languagecode="1033" />
        </labels>
        <columns>
          <column width="33%">
            <sections>
              <section name="General Info" showlabel="true" showbar="false" locklevel="0" id="{84f29dbc-6013-4ba2-9666-64b471d7459f}" IsUserDefined="0" layout="varwidth" columns="1" labelwidth="115" celllabelalignment="Left" celllabelposition="Left">
                <labels>
                  <label description="GENERAL INFORMATION" languagecode="1033" />
                </labels>
                <rows>
                  <row>
                    <cell id="{82bed4a4-41e1-4c3a-ac46-251fdf691b01}" rowspan="1" showlabel="false" locklevel="1">
                      <labels>
                        <label description="Customer" languagecode="1033" />
                      </labels>
                      <control id="customerpane_qfc" classid="{5C5600E0-1D6E-4205-A272-BE80DA87FD42}" datafieldname="customerid" disabled="false">
                        <parameters>
                          <QuickForms>&lt;QuickFormIds&gt;&lt;QuickFormId entityname="contact"&gt;707FC57B-C5E6-471B-A180-E37ED28A38E2&lt;/QuickFormId&gt;&lt;QuickFormId entityname="account"&gt;B028DB32-3619-48A5-AC51-CF3F947B0EF3&lt;/QuickFormId&gt;&lt;/QuickFormIds&gt;</QuickForms>
                          <ControlMode>Edit</ControlMode>
                          <DisplayAsCustomer360Tile>true</DisplayAsCustomer360Tile>
                        </parameters>
                      </control>
                    </cell>
                  </row>
                </rows>
              </section>
              <section name="SLAKPI_Timer_Section" showlabel="false" showbar="false" locklevel="0" id="{505a8e99-ea95-d3b2-89c5-e022c7b31071}" IsUserDefined="0" layout="varwidth" columns="1" labelwidth="115">
                <labels>
                  <label description="Section" languagecode="1033" />
                </labels>
                <rows>
                  <row>
                    <cell id="{e8480d77-662c-60cd-1d6e-a7d67425d87e}" showlabel="false" colspan="1" auto="false">
                      <labels>
                        <label description="First Response By KPI" languagecode="1033" />
                      </labels>
                      <control id="FirstResponseByKPI" classid="{5C5600E0-1D6E-4205-A272-BE80DA87FD42}" datafieldname="firstresponsebykpiid" disabled="false">
                        <parameters>
                          <QuickForms>&lt;QuickFormIds&gt;&lt;QuickFormId entityname="slakpiinstance"&gt;ede9dac3-e143-4be4-acc8-237309e31210&lt;/QuickFormId&gt;&lt;/QuickFormIds&gt;</QuickForms>
                          <ControlMode>Edit</ControlMode>
                        </parameters>
                      </control>
                    </cell>
                  </row>
                  <row>
                    <cell id="{a331207a-4a62-a255-9ee0-547d85e84695}" showlabel="false" colspan="1" auto="false">
                      <labels>
                        <label description="Resolve By KPI" languagecode="1033" />
                      </labels>
                      <control id="ResolveByKPI" classid="{5C5600E0-1D6E-4205-A272-BE80DA87FD42}" datafieldname="resolvebykpiid" disabled="false">
                        <parameters>
                          <QuickForms>&lt;QuickFormIds&gt;&lt;QuickFormId entityname="slakpiinstance"&gt;19b14c51-3d43-4d56-ab34-49c540bf468c&lt;/QuickFormId&gt;&lt;/QuickFormIds&gt;</QuickForms>
                          <ControlMode>Edit</ControlMode>
                        </parameters>
                      </control>
                    </cell>
                  </row>
                </rows>
              </section>
              <section name="Case Details Summary" showlabel="false" showbar="false" locklevel="0" id="{b1105b8a-4c1c-a045-841b-d688c7826cc6}" IsUserDefined="0" layout="varwidth" columns="1" labelwidth="115">
                <labels>
                  <label description="Case Details" languagecode="1033" />
                </labels>
                <rows>
                  <row>
                    <cell id="{08077e93-1293-40b4-8b48-b8d5dba7b2a9}" showlabel="true" locklevel="0" colspan="1" availableforphone="true">
                      <labels>
                        <label description="Case Title" languagecode="1033" />
                      </labels>
                      <control id="title" classid="{4273EDBD-AC1D-40d3-9FB2-095C621B552D}" datafieldname="title" disabled="false" />
                    </cell>
                  </row>
                  <row>
                    <cell id="{dcade6ea-49d9-4914-9d8c-4dd45d68b56c}" showlabel="true" locklevel="0">
                      <labels>
                        <label description="Case Number" languagecode="1033" />
                      </labels>
                      <control id="ticketnumber" classid="{4273EDBD-AC1D-40d3-9FB2-095C621B552D}" datafieldname="ticketnumber" disabled="true" />
                    </cell>
                  </row>
                  <row>
                    <cell id="{4e749814-cad5-4f86-b462-dccd684f976c}" showlabel="true" locklevel="0">
                      <labels>
                        <label description="Subject" languagecode="1033" />
                      </labels>
                      <control id="subjectid" classid="{270BD3DB-D9AF-4782-9025-509E298DEC0A}" datafieldname="subjectid" disabled="false" />
                    </cell>
                  </row>
                  <row>
                    <cell id="{2a4476ce-1954-4a74-be83-3fbccc4b50ec}" showlabel="true" locklevel="0">
                      <labels>
                        <label description="Customer" languagecode="1033" />
                      </labels>
                      <control id="customerid" classid="{270BD3DB-D9AF-4782-9025-509E298DEC0A}" datafieldname="customerid" disabled="false" />
                    </cell>
                  </row>
                  <row>
                    <cell id="{14ccc597-87b9-4758-9c5c-948bdac72713}" showlabel="true" locklevel="0">
                      <labels>
                        <label description="Origin" languagecode="1033" />
                      </labels>
                      <control id="caseorigincode" classid="{3EF39988-22BB-4f0b-BBBE-64B5A3748AEE}" datafieldname="caseorigincode" disabled="false" />
                    </cell>
                  </row>
                  <row>
                    <cell id="{0bf39219-671e-4e7f-82ca-c50f52ecae89}">
                      <labels>
                        <label description="Product" languagecode="1033" />
                      </labels>
                      <control id="productid" classid="{270BD3DB-D9AF-4782-9025-509E298DEC0A}" datafieldname="productid">
                        <parameters>
                          <IsInlineNewEnabled>false</IsInlineNewEnabled>
                          <DefaultViewId>{58afc3c5-8add-4552-98cb-473bc8f75619}</DefaultViewId>
                        </parameters>
                      </control>
                    </cell>
                  </row>
                  <row>
                    <cell id="{7237401a-07fb-424c-a404-1b4833990d78}" showlabel="true" locklevel="0">
                      <labels>
                        <label description="Entitlement" languagecode="1033" />
                      </labels>
                      <events>
                        <event name="onclick" application="true" active="true">
                          <InternalHandlers>
                            <Handler functionName="Mscrm.entitlementid_onclick" libraryName="Service/Incident/Incident_main_system_library.js" handlerUniqueId="7ec5c88c-1333-4d0f-8743-18f1793bcf49" enabled="true">
                              <dependencies>
                                <dependency id="customerid" />
                                <dependency id="productid" />
                                <dependency id="primarycontactid" />
                              </dependencies>
                            </Handler>
                          </InternalHandlers>
                        </event>
                        <event name="setadditionalparams" application="true" active="true">
                          <InternalHandlers>
                            <Handler functionName="Mscrm.entitlementid_setadditionalparams" libraryName="Service/Incident/Incident_main_system_library.js" handlerUniqueId="2c712050-5072-422b-b80c-108e3f479810" enabled="true" passExecutionContext="true">
                              <dependencies>
                                <dependency id="customerid" />
                                <dependency id="productid" />
                                <dependency id="primarycontactid" />
                              </dependencies>
                            </Handler>
                          </InternalHandlers>
                        </event>
                      </events>
                      <control id="entitlementid" classid="{270BD3DB-D9AF-4782-9025-509E298DEC0A}" datafieldname="entitlementid" disabled="false">
                        <parameters>
                          <DefaultViewId>{e7ea283b-0490-4956-939b-3325e0798fb8}</DefaultViewId>
                          <DisableViewPicker>true</DisableViewPicker>
                          <IsInlineNewEnabled>false</IsInlineNewEnabled>
                          <AllowFilterOff>true</AllowFilterOff>
                        </parameters>
                      </control>
                    </cell>
                  </row>
                  <row>
                    <cell id="{6420b8f0-0814-4ec4-8305-f32e6160d1f4}" showlabel="true" locklevel="0" rowspan="3" availableforphone="true">
                      <labels>
                        <label description="Description" languagecode="1033" />
                      </labels>
                      <control id="description" classid="{E0DECE4B-6FC8-4a8f-A065-082708572369}" datafieldname="description" disabled="false" />
                    </cell>
                  </row>
                  <row />
                  <row />
                </rows>
              </section>
            </sections>
          </column>
          <column width="34%">
            <sections>
              <section name="Timeline" showlabel="true" showbar="false" locklevel="0" id="{afcc2215-3dc0-43b7-b9dd-125c0a180700}" IsUserDefined="0" layout="varwidth" columns="1" labelwidth="115" celllabelalignment="Left" celllabelposition="Left">
                <labels>
                  <label description="TIMELINE" languagecode="1033" />
                </labels>
                <rows>
                  <row>
                    <cell id="{3fbc9cb7-5064-4cdc-893f-3b123b910837}" colspan="1" rowspan="20" showlabel="false" locklevel="0">
                      <labels>
                        <label description="Conversation Tabs" languagecode="1033" />
                      </labels>
                      <control id="notescontrol" classid="{06375649-c143-495e-a496-c962e5b4488e}" disabled="false" />
                    </cell>
                  </row>
                  <row />
                  <row />
                  <row />
                  <row />
                  <row />
                  <row />
                  <row />
                  <row />
                  <row />
                  <row />
                  <row />
                  <row />
                  <row />
                  <row />
                  <row />
                  <row />
                  <row />
                  <row />
                  <row />
                </rows>
              </section>
            </sections>
          </column>
          <column width="33%">
            <sections>
              <section name="ref_pan_Related" showlabel="true" showbar="false" locklevel="1" id="{ba8f5162-e954-41b6-a5e5-c020f303711b}" IsUserDefined="0" layout="varwidth" columns="1" labelwidth="115" celllabelalignment="Left" celllabelposition="Left" rowheight="25" autoexpand="false">
                <labels>
                  <label description="RELATED" languagecode="1033" />
                </labels>
                <rows>
                  <row>
                    <cell id="{a4424014-2410-4968-97c8-fcf40cf6ac0a}" colspan="1" showlabel="false">
                      <labels>
                        <label description="Recent cases and Entitlements" languagecode="1033" />
                      </labels>
                      <control id="case_qfc" classid="{B68B05F0-A46D-43F8-843B-917920AF806A}" datafieldname="customerid" disabled="false">
                        <parameters>
                          <QuickForms>&lt;QuickFormIds&gt;&lt;QuickFormId entityname="contact"&gt;f3b707fb-3b5f-45f9-9c6b-5e573bb5d19e&lt;/QuickFormId&gt;&lt;QuickFormId entityname="account"&gt;43300723-f867-420b-ab28-976a4d12e6c4&lt;/QuickFormId&gt;&lt;/QuickFormIds&gt;</QuickForms>
                          <ControlMode>Edit</ControlMode>
                          <ReferencePanelQuickFormCollectionIconUrl>/_imgs/FormEditorRibbon/Case_16.png</ReferencePanelQuickFormCollectionIconUrl>
                        </parameters>
                      </control>
                    </cell>
                  </row>
                  <row>
                    <cell id="{f525bfca-4d7b-4105-bddd-6c7ef188f243}" colspan="1" showlabel="true" auto="false" rowspan="10">
                      <labels>
                        <label description="Knowledge Base Search" languagecode="1033" />
                      </labels>
                      <control id="case_kbsearchcontrol" classid="{7CCD1494-1F7A-4E3A-8BDE-F32069DAEB9F}">
                        <parameters>
                          <FilterResults>1</FilterResults>
                          <AllowChangingFiltersOnUI>true</AllowChangingFiltersOnUI>
                          <ShowLanguageFilter>false</ShowLanguageFilter>
                          <ShowDepartmentFilter>false</ShowDepartmentFilter>
                          <EnableAutoSuggestions>true</EnableAutoSuggestions>
                          <SearchForAutoSuggestionsUsing>title</SearchForAutoSuggestionsUsing>
                          <AutoSuggestionSource>0</AutoSuggestionSource>
                          <EnableRating>true</EnableRating>
                          <ShowRatingUsing>rating</ShowRatingUsing>
                          <NumberOfResults>10</NumberOfResults>
                          <ShowContextualActions>ShowAll</ShowContextualActions>
                          <ActionList />
                          <SelectPrimaryCustomer>customerid</SelectPrimaryCustomer>
                          <ReferencePanelSearchWidgetIconUrl>/_imgs/searchwidget/SearchWidgetKBArticle_16.png</ReferencePanelSearchWidgetIconUrl>
                          <SelectDefaultLanguage>00000000-0000-0000-0000-000000000000</SelectDefaultLanguage>
                        </parameters>
                      </control>
                    </cell>
                  </row>
                  <row />
                  <row />
                  <row />
                  <row />
                  <row />
                  <row />
                  <row />
                  <row />
                  <row />
                  <row>
                    <cell id="{d12b29d9-5a4a-1ec3-967a-126ce7180e3a}" showlabel="true" colspan="1" auto="false" rowspan="12">
                      <labels>
                        <label description="Similar Cases" languagecode="1033" />
                      </labels>
                      <control id="similarCaseRecordcontrol_id" classid="{F9A8A302-114E-466A-B582-6771B2AE0D92}" datafieldname="title" disabled="false" uniqueid="{dca45327-32e6-427c-be34-5b6815150727}">
                        <parameters>
                          <ViewId>{BD15C679-DF0B-E611-80D2-00155DB1076F}</ViewId>
                          <IsUserView>false</IsUserView>
                          <RelationshipName />
                          <TargetEntityType>incident</TargetEntityType>
                          <AutoExpand>Fixed</AutoExpand>
                          <EnableQuickFind>false</EnableQuickFind>
                          <EnableViewPicker>false</EnableViewPicker>
                          <EnableJumpBar>false</EnableJumpBar>
                          <ChartGridMode>Grid</ChartGridMode>
                          <VisualizationId />
                          <IsUserChart>false</IsUserChart>
                          <EnableChartPicker>false</EnableChartPicker>
                          <RecordsPerPage>10</RecordsPerPage>
                          <ReferencePanelSubgridIconUrl>/_imgs/ico_16_9947.png</ReferencePanelSubgridIconUrl>
                        </parameters>
                      </control>
                    </cell>
                  </row>
                  <row />
                  <row />
                  <row />
                  <row />
                  <row />
                  <row />
                  <row />
                  <row />
                  <row />
                  <row />
                  <row />
                </rows>
              </section>
            </sections>
          </column>
        </columns>
      </tab>
      <tab name="Details" id="{1d840db5-11ab-4b32-928e-92855404bd66}" IsUserDefined="0" locklevel="0" showlabel="true" expanded="true">
        <labels>
          <label description="Details" languagecode="1033" />
        </labels>
        <columns>
          <column width="34%">
            <sections>
              <section name="Case Details" showlabel="true" showbar="false" locklevel="0" id="{17fb3051-af36-44fb-bac8-594dabd7db33}" IsUserDefined="0" layout="varwidth" columns="1" labelwidth="115" celllabelalignment="Left" celllabelposition="Left">
                <labels>
                  <label description="CASE DETAILS" languagecode="1033" />
                </labels>
                <rows>
                  <row>
                    <cell id="{d4a4caaa-94de-4c1c-8e09-a89cc229eff6}" showlabel="true" locklevel="0">
                      <labels>
                        <label description="Case Title" languagecode="1033" />
                      </labels>
                      <control id="title" classid="{4273EDBD-AC1D-40d3-9FB2-095C621B552D}" datafieldname="title" disabled="false" />
                    </cell>
                  </row>
                  <row>
                    <cell id="{54948b68-684d-4090-9a69-3ba60f2071c8}" showlabel="true" locklevel="0">
                      <labels>
                        <label description="ID" languagecode="1033" />
                      </labels>
                      <control id="ticketnumber" classid="{4273EDBD-AC1D-40d3-9FB2-095C621B552D}" datafieldname="ticketnumber" disabled="true" />
                    </cell>
                  </row>
                  <row>
                    <cell id="{10e3f3db-f7e4-42de-99b3-847ceb14d783}" showlabel="true" locklevel="0">
                      <labels>
                        <label description="Customer" languagecode="1033" />
                      </labels>
                      <control id="customerid" classid="{270BD3DB-D9AF-4782-9025-509E298DEC0A}" datafieldname="customerid" disabled="false" />
                    </cell>
                  </row>
                  <row>
                    <cell id="{6b0f730e-8289-4730-b116-74ebb2465d94}" showlabel="true" locklevel="0">
                      <labels>
                        <label description="Subject" languagecode="1033" />
                      </labels>
                      <control id="subjectid" classid="{270BD3DB-D9AF-4782-9025-509E298DEC0A}" datafieldname="subjectid" disabled="false" />
                    </cell>
                  </row>
                  <row>
                    <cell id="{3688e3b6-2b2f-4b77-8b16-a1fd8063b18b}" showlabel="true" locklevel="0">
                      <labels>
                        <label description="Origin" languagecode="1033" />
                      </labels>
                      <control id="caseorigincode" classid="{3EF39988-22BB-4f0b-BBBE-64B5A3748AEE}" datafieldname="caseorigincode" disabled="false" />
                    </cell>
                  </row>
                  <row>
                    <cell id="{06f2337b-0ba8-4993-8da8-dd0cec675ca7}" showlabel="true" locklevel="0">
                      <labels>
                        <label description="Contact" languagecode="1033" />
                      </labels>
                      <events>
                        <event name="onclick" application="true" active="true">
                          <InternalHandlers>
                            <Handler functionName="Mscrm.primarycontactid_onclick" libraryName="Service/Incident/Incident_main_system_library.js" handlerUniqueId="1834b3ac-a3ac-4fa8-ad50-25875ff100bb" enabled="true">
                              <dependencies>
                                <dependency id="customerid" />
                              </dependencies>
                            </Handler>
                          </InternalHandlers>
                        </event>
                        <event name="setadditionalparams" application="true" active="true">
                          <InternalHandlers>
                            <Handler functionName="Mscrm.primarycontactid_setadditionalparams" libraryName="Service/Incident/Incident_main_system_library.js" handlerUniqueId="83d8ffab-20ef-4bc7-9706-62806ac6f36a" enabled="true" passExecutionContext="true">
                              <dependencies>
                                <dependency id="customerid" />
                              </dependencies>
                            </Handler>
                          </InternalHandlers>
                        </event>
                      </events>
                      <control id="primarycontactid" classid="{270BD3DB-D9AF-4782-9025-509E298DEC0A}" datafieldname="primarycontactid" disabled="false">
                        <parameters>
                          <IsInlineNewEnabled>false</IsInlineNewEnabled>
                          <AllowFilterOff>true</AllowFilterOff>
                        </parameters>
                      </control>
                    </cell>
                  </row>
                  <row>
                    <cell id="{0b03f8b1-d0f6-40ed-9593-ad476c8da3c7}">
                      <labels>
                        <label description="Product" languagecode="1033" />
                      </labels>
                      <control id="productid" classid="{270BD3DB-D9AF-4782-9025-509E298DEC0A}" datafieldname="productid">
                        <parameters>
                          <IsInlineNewEnabled>false</IsInlineNewEnabled>
                          <DefaultViewId>{58afc3c5-8add-4552-98cb-473bc8f75619}</DefaultViewId>
                        </parameters>
                      </control>
                    </cell>
                  </row>
                  <row>
                    <cell id="{c6a4b5d1-73ee-4ba0-ba39-7e0b078ca491}" showlabel="true" locklevel="0">
                      <labels>
                        <label description="Entitlement" languagecode="1033" />
                      </labels>
                      <events>
                        <event name="onclick" application="true" active="true">
                          <InternalHandlers>
                            <Handler functionName="Mscrm.entitlementid_onclick" libraryName="Service/Incident/Incident_main_system_library.js" handlerUniqueId="7ec5c88c-1333-4d0f-8743-18f1793bcf49" enabled="true">
                              <dependencies>
                                <dependency id="customerid" />
                                <dependency id="productid" />
                                <dependency id="primarycontactid" />
                              </dependencies>
                            </Handler>
                          </InternalHandlers>
                        </event>
                        <event name="setadditionalparams" application="true" active="true">
                          <InternalHandlers>
                            <Handler functionName="Mscrm.entitlementid_setadditionalparams" libraryName="Service/Incident/Incident_main_system_library.js" handlerUniqueId="2c712050-5072-422b-b80c-108e3f479810" enabled="true" passExecutionContext="true">
                              <dependencies>
                                <dependency id="customerid" />
                                <dependency id="productid" />
                                <dependency id="primarycontactid" />
                              </dependencies>
                            </Handler>
                          </InternalHandlers>
                        </event>
                      </events>
                      <control id="entitlementid" classid="{270BD3DB-D9AF-4782-9025-509E298DEC0A}" datafieldname="entitlementid" disabled="false">
                        <parameters>
                          <DefaultViewId>{e7ea283b-0490-4956-939b-3325e0798fb8}</DefaultViewId>
                          <DisableViewPicker>true</DisableViewPicker>
                          <IsInlineNewEnabled>false</IsInlineNewEnabled>
                          <AllowFilterOff>true</AllowFilterOff>
                        </parameters>
                      </control>
                    </cell>
                  </row>
                </rows>
              </section>
              <section id="{60d4e9e9-a10e-45e6-b6d5-5a36776cb72e}" columns="1" showlabel="true" showbar="false" IsUserDefined="0" locklevel="0">
                <labels>
                  <label description="DESCRIPTION" languagecode="1033" />
                </labels>
                <rows>
                  <row>
                    <cell id="{eabe87d5-4a33-4fea-9baa-7b5c39a10ebe}" showlabel="false" locklevel="0" rowspan="3">
                      <labels>
                        <label description="Description" languagecode="1033" />
                      </labels>
                      <control id="description" classid="{E0DECE4B-6FC8-4a8f-A065-082708572369}" datafieldname="description" disabled="false" />
                    </cell>
                  </row>
                  <row />
                  <row />
                </rows>
              </section>
            </sections>
          </column>
          <column width="33%">
            <sections>
              <section name="Additional Details" showlabel="true" showbar="false" locklevel="0" id="{53e72326-a866-46f8-b5a5-635836f92145}" IsUserDefined="0" layout="varwidth" columns="1" labelwidth="115" celllabelalignment="Left" celllabelposition="Left">
                <labels>
                  <label description="ADDITIONAL DETAILS" languagecode="1033" />
                </labels>
                <rows>
                  <row>
                    <cell id="{7e77552c-352b-42c5-bfba-f64896392b11}" showlabel="true" locklevel="0">
                      <labels>
                        <label description="Type" languagecode="1033" />
                      </labels>
                      <control id="casetypecode" classid="{3EF39988-22BB-4f0b-BBBE-64B5A3748AEE}" datafieldname="casetypecode" disabled="false" />
                    </cell>
                  </row>
                  <row>
                    <cell id="{e1556de9-7308-4426-9d55-f6ca6846ec46}" showlabel="true" locklevel="0">
                      <labels>
                        <label description="Parent Case" languagecode="1033" />
                      </labels>
                      <control id="parentcaseid" classid="{270BD3DB-D9AF-4782-9025-509E298DEC0A}" datafieldname="parentcaseid" disabled="false" />
                    </cell>
                  </row>
                  <row>
                    <cell id="{40ed2015-5127-461f-8cda-8f2cc0043cba}" showlabel="true" locklevel="0">
                      <labels>
                        <label description="Is Escalated" languagecode="1033" />
                      </labels>
                      <control id="isescalated" classid="{67FAC785-CD58-4f9f-ABB3-4B7DDC6ED5ED}" datafieldname="isescalated" disabled="false" />
                    </cell>
                  </row>
                  <row>
                    <cell id="{0ac33529-ebdb-4c86-981a-2706eb8e4e30}" showlabel="true" locklevel="0">
                      <labels>
                        <label description="Escalated On" languagecode="1033" />
                      </labels>
                      <control id="escalatedon" classid="{5B773807-9FB2-42db-97C3-7A91EFF8ADFF}" datafieldname="escalatedon" disabled="false" />
                    </cell>
                  </row>
                  <row>
                    <cell id="{96c8d2c2-6062-4d29-bf28-53d5d13b200c}" showlabel="true" locklevel="0">
                      <labels>
                        <label description="Follow Up By" languagecode="1033" />
                      </labels>
                      <control id="followupby" classid="{5B773807-9FB2-42db-97C3-7A91EFF8ADFF}" datafieldname="followupby" disabled="false" />
                    </cell>
                  </row>
                  <row>
                    <cell id="{7ebd9944-2069-49fc-af94-cbdc27da64ea}" showlabel="true" locklevel="0">
                      <labels>
                        <label description="First Response Sent" languagecode="1033" />
                      </labels>
                      <control id="firstresponsesent" classid="{67FAC785-CD58-4f9f-ABB3-4B7DDC6ED5ED}" datafieldname="firstresponsesent" disabled="false" />
                    </cell>
                  </row>
                </rows>
              </section>
              <section name="Applicable SLA(STANDARD)" showlabel="true" showbar="false" locklevel="0" id="{9bbc079e-f433-4759-be2a-756fec3c0ee4}" IsUserDefined="0" layout="varwidth" columns="1" labelwidth="115" celllabelalignment="Left" celllabelposition="Left">
                <labels>
                  <label description="APPLICABLE SLA" languagecode="1033" />
                </labels>
                <rows>
                  <row>
                    <cell id="{b9e47c37-e9bd-46d0-837b-e2bf008fe8e5}" showlabel="true" locklevel="0">
                      <labels>
                        <label description="First Response By" languagecode="1033" />
                      </labels>
                      <control id="responseby" classid="{5B773807-9FB2-42db-97C3-7A91EFF8ADFF}" datafieldname="responseby" disabled="true" />
                    </cell>
                  </row>
                  <row>
                    <cell id="{52a189d6-1230-4f1d-aa6c-9909b269c2da}" showlabel="true" locklevel="0">
                      <labels>
                        <label description="Resolve By" languagecode="1033" />
                      </labels>
                      <control id="resolveby" classid="{5B773807-9FB2-42db-97C3-7A91EFF8ADFF}" datafieldname="resolveby" disabled="true" />
                    </cell>
                  </row>
                </rows>
              </section>
            </sections>
          </column>
          <column width="33%">
            <sections>
              <section name="Social Response" showlabel="true" showbar="false" locklevel="0" id="{2187e4fb-5940-465a-9a37-3ac907a64e5b}" IsUserDefined="0" layout="varwidth" columns="1" labelwidth="115" celllabelalignment="Left" celllabelposition="Left">
                <labels>
                  <label description="SOCIAL DETAILS" languagecode="1033" />
                </labels>
                <rows>
                  <row>
                    <cell id="{0fc341d7-3c79-45ae-b943-b588c75e54c2}" showlabel="true" locklevel="0">
                      <labels>
                        <label description="Social Profile" languagecode="1033" />
                      </labels>
                      <control id="socialprofileid" classid="{270BD3DB-D9AF-4782-9025-509E298DEC0A}" datafieldname="socialprofileid" disabled="true" />
                    </cell>
                  </row>
                  <row>
                    <cell id="{d518eeba-8636-4318-9995-ed551aebfb63}" showlabel="true" locklevel="0">
                      <labels>
                        <label description="Received As" languagecode="1033" />
                      </labels>
                      <control id="messagetypecode" classid="{3EF39988-22BB-4f0b-BBBE-64B5A3748AEE}" datafieldname="messagetypecode" disabled="true" />
                    </cell>
                  </row>
                  <row>
                    <cell id="{0801a6d1-caee-4a20-b499-775641cf9b95}" showlabel="true" locklevel="0">
                      <labels>
                        <label description="Influence Score" languagecode="1033" />
                      </labels>
                      <control id="influencescore" classid="{0D2C745A-E5A8-4c8f-BA63-C6D3BB604660}" datafieldname="influencescore" disabled="true" />
                    </cell>
                  </row>
                  <row>
                    <cell id="{158b372d-5af9-40c7-b9fb-d6e4b43b2f62}" showlabel="true" locklevel="0">
                      <labels>
                        <label description="Sentiment Value" languagecode="1033" />
                      </labels>
                      <control id="sentimentvalue" classid="{0D2C745A-E5A8-4c8f-BA63-C6D3BB604660}" datafieldname="sentimentvalue" disabled="true" />
                    </cell>
                  </row>
                  <row>
                    <cell id="{ecc0ff6d-95eb-45ed-863e-13e68ce3c1b5}" showlabel="true" locklevel="0">
                      <labels>
                        <label description="Blocked Profile" languagecode="1033" />
                      </labels>
                      <control id="blockedprofile" classid="{67FAC785-CD58-4f9f-ABB3-4B7DDC6ED5ED}" datafieldname="blockedprofile" disabled="true" />
                    </cell>
                  </row>
                </rows>
              </section>
            </sections>
          </column>
        </columns>
      </tab>
      <tab name="CASERELATIONSHIP_TAB" id="{ffa6d363-c7d5-47da-a342-f5fb409f276c}" IsUserDefined="0" showlabel="true" expanded="false">
        <labels>
          <label description="Case Relationships" languagecode="1033" />
        </labels>
        <columns>
          <column width="34%">
            <sections>
              <section name="MergedCases" showlabel="true" showbar="false" id="{f647986d-29e7-4af0-acb9-2739817652c8}" IsUserDefined="0" layout="varwidth" labelwidth="102" celllabelposition="Left">
                <labels>
                  <label description="" languagecode="1033" />
                </labels>
                <rows>
                  <row>
                    <cell id="{a91a4443-7b1c-419c-9a3c-5ddb40ad65e6}" showlabel="true" colspan="1" auto="false" rowspan="7">
                      <labels>
                        <label description="Merged Cases" languagecode="1033" />
                      </labels>
                      <control id="MergedCasesGrid" classid="{E7A81278-8635-4d9e-8D4D-59480B391C5B}">
                        <parameters>
                          <ViewId>{65AB1A2C-1CD9-4FBE-8FD3-D52142D6B3FD}</ViewId>
                          <RelationshipName>incident_master_incident</RelationshipName>
                          <TargetEntityType>incident</TargetEntityType>
                          <AutoExpand>Auto</AutoExpand>
                          <EnableQuickFind>false</EnableQuickFind>
                          <EnableViewPicker>false</EnableViewPicker>
                          <EnableJumpBar>false</EnableJumpBar>
                          <ChartGridMode>Grid</ChartGridMode>
                          <EnableChartPicker>false</EnableChartPicker>
                          <RecordsPerPage>5</RecordsPerPage>
                          <EnableContextualActions>true</EnableContextualActions>
                        </parameters>
                      </control>
                    </cell>
                  </row>
                  <row />
                  <row />
                  <row />
                  <row />
                  <row />
                  <row />
                </rows>
              </section>
            </sections>
          </column>
          <column width="33%">
            <sections>
              <section name="ChildCases" showlabel="true" showbar="false" id="{4c30f9aa-b58f-4d5b-8027-85dc7179cec1}" IsUserDefined="0" layout="varwidth" labelwidth="102" celllabelposition="Left">
                <labels>
                  <label description="" languagecode="1033" />
                </labels>
                <rows>
                  <row>
                    <cell id="{41f72320-4f3f-4dd8-a8a3-8201797cee2e}" showlabel="true" colspan="1" auto="false" rowspan="7">
                      <labels>
                        <label description="Child Cases" languagecode="1033" />
                      </labels>
                      <control id="ChildCasesGrid" classid="{E7A81278-8635-4d9e-8D4D-59480B391C5B}">
                        <parameters>
                          <ViewId>{65AB1A2C-1CD9-4FBE-8FD3-D52142D6B3FD}</ViewId>
                          <RelationshipName>incident_parent_incident</RelationshipName>
                          <TargetEntityType>incident</TargetEntityType>
                          <AutoExpand>Auto</AutoExpand>
                          <EnableQuickFind>false</EnableQuickFind>
                          <EnableViewPicker>false</EnableViewPicker>
                          <EnableJumpBar>false</EnableJumpBar>
                          <ChartGridMode>Grid</ChartGridMode>
                          <EnableChartPicker>false</EnableChartPicker>
                          <RecordsPerPage>5</RecordsPerPage>
                          <EnableContextualActions>true</EnableContextualActions>
                        </parameters>
                      </control>
                    </cell>
                  </row>
                  <row />
                  <row />
                  <row />
                  <row />
                  <row />
                  <row />
                </rows>
              </section>
            </sections>
          </column>
          <column width="33%">
            <sections>
              <section name="KnowledgeArticles" showlabel="false" showbar="false" id="{952B0290-FC73-4228-BF24-2892A772A1EA}" IsUserDefined="0" layout="varwidth" labelwidth="102" celllabelposition="Left">
                <labels>
                  <label description="" languagecode="1033" />
                </labels>
                <rows>
                  <row>
                    <cell id="{7DD3C4A6-E482-4823-A266-5395DD6AE9BB}" showlabel="true" colspan="1" auto="true" rowspan="4">
                      <labels>
                        <label description="Associated Knowledge Records" languagecode="1033" />
                      </labels>
                      <control id="Associated_KnowledgeArticles" classid="{E7A81278-8635-4d9e-8D4D-59480B391C5B}" indicationOfSubgrid="true">
                        <parameters>
                          <ViewId>{4ce7d553-9bba-4d8f-b209-899af9d3937c}</ViewId>
                          <RelationshipName>knowledgearticle_incidents</RelationshipName>
                          <TargetEntityType>knowledgearticleincident</TargetEntityType>
                          <AutoExpand>Auto</AutoExpand>
                          <EnableQuickFind>false</EnableQuickFind>
                          <EnableViewPicker>false</EnableViewPicker>
                          <EnableJumpBar>false</EnableJumpBar>
                          <ChartGridMode>Grid</ChartGridMode>
                          <EnableChartPicker>false</EnableChartPicker>
                          <RecordsPerPage>5</RecordsPerPage>
                          <EnableContextualActions>false</EnableContextualActions>
                        </parameters>
                      </control>
                    </cell>
                  </row>
                  <row />
                  <row />
                  <row />
                </rows>
              </section>
              <section name="Solutions" showlabel="false" showbar="false" id="{495d18ec-aaba-483d-8684-822969df46b1}" IsUserDefined="0" layout="varwidth" labelwidth="102" celllabelposition="Left" columns="1">
                <labels>
                  <label description="" languagecode="1033" />
                </labels>
                <rows></rows>
              </section>
            </sections>
          </column>
        </columns>
      </tab>
      <tab name=" Enhanced_SLA_Details_Tab" id="{eb2985ab-3730-4c72-9902-f15d0ffd79a6}" IsUserDefined="0" showlabel="true" expanded="false">
        <labels>
          <label description="SLA" languagecode="1033" />
        </labels>
        <columns>
          <column width="100%">
            <sections>
              <section name="SLAKPIInstances" showlabel="true" showbar="false" id="{f5464e76-4274-4b80-98f3-632e246643b2}" IsUserDefined="0" layout="varwidth" labelwidth="102" celllabelposition="Left">
                <labels>
                  <label description="SLA KPI INSTANCES" languagecode="1033" />
                </labels>
                <rows>
                  <row>
                    <cell id="{c13923a0-e143-4d0b-b921-f92852b5dc8e}" showlabel="false" colspan="1" auto="false" rowspan="4">
                      <labels>
                        <label description="SLA KPI Instances" languagecode="1033" />
                      </labels>
                      <control id="SLA_KPI_Instances_List" classid="{E7A81278-8635-4d9e-8D4D-59480B391C5B}">
                        <parameters>
                          <ViewId>{8cb84c0d-91f6-43dc-a68a-a62d03fe3cf5}</ViewId>
                          <RelationshipName>slakpiinstance_incident</RelationshipName>
                          <TargetEntityType>slakpiinstance</TargetEntityType>
                          <AutoExpand>Auto</AutoExpand>
                          <EnableQuickFind>false</EnableQuickFind>
                          <EnableViewPicker>false</EnableViewPicker>
                          <EnableJumpBar>false</EnableJumpBar>
                          <ChartGridMode>Grid</ChartGridMode>
                          <EnableChartPicker>false</EnableChartPicker>
                          <RecordsPerPage>2</RecordsPerPage>
                          <EnableContextualActions>false</EnableContextualActions>
                        </parameters>
                      </control>
                    </cell>
                  </row>
                  <row />
                  <row />
                  <row />
                </rows>
              </section>
            </sections>
          </column>
        </columns>
      </tab>
    </tabs>
    <header id="{d7a114ae-39da-49c5-8e76-2da36251e64f}" celllabelposition="Top" columns="1111" labelwidth="115">
      <rows>
        <row>
          <cell id="{657f908a-233e-4ac7-8688-9b659d8ba73a}" showlabel="true">
            <labels>
              <label description="Priority" languagecode="1033" />
            </labels>
            <control id="header_prioritycode" classid="{3EF39988-22BB-4f0b-BBBE-64B5A3748AEE}" datafieldname="prioritycode" disabled="false" />
          </cell>
          <cell id="{3f6d4e94-f4db-47b7-9b9b-7a908adfe5b6}" showlabel="true">
            <labels>
              <label description="Created On" languagecode="1033" />
            </labels>
            <control id="header_createdon" classid="{5B773807-9FB2-42db-97C3-7A91EFF8ADFF}" datafieldname="createdon" disabled="true" />
          </cell>
          <cell id="{66807859-dda0-40bb-899d-8824296234b6}">
            <labels>
              <label description="Status" languagecode="1033" />
            </labels>
            <control id="header_statuscode" classid="{5D68B988-0661-4db2-BC3E-17598AD3BE6C}" datafieldname="statuscode" disabled="false" />
          </cell>
          <cell id="{6faa07f6-4a02-4f48-8c3c-91e160884aa6}">
            <labels>
              <label description="Owner" languagecode="1033" />
            </labels>
            <control id="header_ownerid" classid="{270BD3DB-D9AF-4782-9025-509E298DEC0A}" datafieldname="ownerid" disabled="false" />
          </cell>
        </row>
      </rows>
    </header>
    <DisplayConditions FallbackForm="true" Order="9">
      <Everyone />
    </DisplayConditions>
    <events>
      <event name="onload" application="true" active="true">
        <InternalHandlers>
          <Handler functionName="Mscrm.Form_onload" libraryName="Service/Incident/Incident_main_system_library.js" handlerUniqueId="76e18454-eeba-47c3-8a9d-6d701c77fbcc" enabled="true">
            <dependencies>
              <dependency id="contractid" />
              <dependency id="contractdetailid" />
            </dependencies>
          </Handler>
        </InternalHandlers>
      </event>
      <event name="onchange" application="true" active="true" attribute="contractid">
        <InternalHandlers>
          <Handler functionName="Mscrm.contractid_onchange" libraryName="Service/Incident/Incident_main_system_library.js" handlerUniqueId="1ff26f3d-f9f4-470b-a379-bc74ce466a53" enabled="true">
            <dependencies>
              <dependency id="contractdetailid" />
            </dependencies>
          </Handler>
        </InternalHandlers>
      </event>
      <event name="onchange" application="true" active="true" attribute="contractdetailid">
        <InternalHandlers>
          <Handler functionName="Mscrm.contractdetailid_onchange" libraryName="Service/Incident/Incident_main_system_library.js" handlerUniqueId="fde679b3-af20-4b24-ab99-13f7de54fbb1" enabled="true">
            <dependencies>
              <dependency id="contractid" />
            </dependencies>
          </Handler>
        </InternalHandlers>
      </event>
      <event name="onsave" application="true" active="true">
        <InternalHandlers>
          <Handler functionName="Mscrm.IncidentMainSystemLibraryWebResource.form_OnSave" libraryName="Service/Incident/Incident_main_system_library.js" handlerUniqueId="168e37aa-4f2a-48f9-9d57-7b97e7b46f4b" enabled="true" passExecutionContext="true" />
        </InternalHandlers>
      </event>
    </events>
    <clientresources>
      <internalresources>
        <clientincludes>
          <internalcssfile src="/_tree/tree.css.aspx" />
          <internaljscriptfile src="$webresource:Service/Incident/Incident_main_system_library.js" />
          <internaljscriptfile src="$webresource:Service/Incident/Ribbon/Incident_ribbon_library.js" />
          <internaljscriptfile src="$webresource:Service/Incident/Convert/Incident_convert_library.js" />
        </clientincludes>
        <clientvariables>
          <internaljscriptvariable name="LOCID_ERROR_MISSING_CUSTOMER" resourceid="Web.cs.cases.edit.MissingCustomer" />
        </clientvariables>
      </internalresources>
    </clientresources>
    <Navigation>
      <NavBar />
      <NavBarAreas>
        <NavBarArea Id="Info">
          <Titles>
            <Title LCID="1033" Text="Common" />
            <Title LCID="1025" Text="عام" />
            <Title LCID="1026" Text="Общо" />
            <Title LCID="1027" Text="Comú" />
            <Title LCID="1029" Text="Společné" />
            <Title LCID="1030" Text="Almindelig" />
            <Title LCID="1031" Text="Gemeinsam verwendet" />
            <Title LCID="1032" Text="Κοινή" />
            <Title LCID="3082" Text="Común" />
            <Title LCID="1061" Text="Ühine" />
            <Title LCID="1069" Text="Ohikoak" />
            <Title LCID="1035" Text="Yhteiset" />
            <Title LCID="1036" Text="Éléments communs" />
            <Title LCID="1110" Text="Común" />
            <Title LCID="1037" Text="פריטים נפוצים‬" />
            <Title LCID="1081" Text="सामान्य" />
            <Title LCID="1050" Text="Uobičajeno" />
            <Title LCID="1038" Text="Általános" />
            <Title LCID="1057" Text="Umum" />
            <Title LCID="1040" Text="Elementi comuni" />
            <Title LCID="1041" Text="共通" />
            <Title LCID="1087" Text="Жалпы" />
            <Title LCID="1042" Text="일반" />
            <Title LCID="1063" Text="Bendra" />
            <Title LCID="1062" Text="Vispārīgi" />
            <Title LCID="1086" Text="Umum" />
            <Title LCID="1044" Text="Felles" />
            <Title LCID="1043" Text="Algemeen" />
            <Title LCID="1045" Text="Wspólne" />
            <Title LCID="1046" Text="Comum" />
            <Title LCID="2070" Text="Comuns" />
            <Title LCID="1048" Text="Comun" />
            <Title LCID="1049" Text="Общее" />
            <Title LCID="1051" Text="Spoločné" />
            <Title LCID="1060" Text="Splošno" />
            <Title LCID="10266" Text="Уобичајено" />
            <Title LCID="9242" Text="Uobičajeno" />
            <Title LCID="1053" Text="Standard" />
            <Title LCID="1054" Text="ทั่วไป" />
            <Title LCID="1055" Text="Ortak" />
            <Title LCID="1058" Text="Спільні" />
            <Title LCID="1066" Text="Thông thường" />
            <Title LCID="2052" Text="通用" />
            <Title LCID="3076" Text="一般" />
            <Title LCID="1028" Text="一般" />
          </Titles>
        </NavBarArea>
        <NavBarArea Id="Sales">
          <Titles>
            <Title LCID="1033" Text="Sales" />
            <Title LCID="1025" Text="مبيعات" />
            <Title LCID="1026" Text="Продажби" />
            <Title LCID="1027" Text="Vendes" />
            <Title LCID="1029" Text="Prodej" />
            <Title LCID="1030" Text="Salg" />
            <Title LCID="1031" Text="Vertrieb" />
            <Title LCID="1032" Text="Πωλήσεις" />
            <Title LCID="3082" Text="Ventas" />
            <Title LCID="1061" Text="Müük" />
            <Title LCID="1069" Text="Salmentak" />
            <Title LCID="1035" Text="Myynti" />
            <Title LCID="1036" Text="Ventes" />
            <Title LCID="1110" Text="Vendas" />
            <Title LCID="1037" Text="מכירות" />
            <Title LCID="1081" Text="विक्रय" />
            <Title LCID="1050" Text="Prodaja" />
            <Title LCID="1038" Text="Értékesítés" />
            <Title LCID="1057" Text="Penjualan" />
            <Title LCID="1040" Text="Vendite" />
            <Title LCID="1041" Text="営業" />
            <Title LCID="1087" Text="Сатылым" />
            <Title LCID="1042" Text="영업" />
            <Title LCID="1063" Text="Pardavimas" />
            <Title LCID="1062" Text="Pārdošana" />
            <Title LCID="1086" Text="Jualan" />
            <Title LCID="1044" Text="Salg" />
            <Title LCID="1043" Text="Verkoop" />
            <Title LCID="1045" Text="Sprzedaż" />
            <Title LCID="1046" Text="Vendas" />
            <Title LCID="2070" Text="Vendas" />
            <Title LCID="1048" Text="Vânzări" />
            <Title LCID="1049" Text="Продажи" />
            <Title LCID="1051" Text="Predaj" />
            <Title LCID="1060" Text="Prodaja" />
            <Title LCID="10266" Text="Продаја" />
            <Title LCID="9242" Text="Prodaja" />
            <Title LCID="1053" Text="Försäljning" />
            <Title LCID="1054" Text="การขาย" />
            <Title LCID="1055" Text="Satış" />
            <Title LCID="1058" Text="Збут" />
            <Title LCID="1066" Text="Bán hàng" />
            <Title LCID="2052" Text="销售" />
            <Title LCID="3076" Text="銷售" />
            <Title LCID="1028" Text="銷售" />
          </Titles>
        </NavBarArea>
        <NavBarArea Id="Service">
          <Titles>
            <Title LCID="1033" Text="Service" />
            <Title LCID="1025" Text="خدمة" />
            <Title LCID="1026" Text="Услуга" />
            <Title LCID="1027" Text="Servei" />
            <Title LCID="1029" Text="Služby" />
            <Title LCID="1030" Text="Service" />
            <Title LCID="1031" Text="Service" />
            <Title LCID="1032" Text="Εξυπηρέτηση" />
            <Title LCID="3082" Text="Servicio" />
            <Title LCID="1061" Text="Teenindus" />
            <Title LCID="1069" Text="Zerbitzua" />
            <Title LCID="1035" Text="Palvelu" />
            <Title LCID="1036" Text="Service" />
            <Title LCID="1110" Text="Servizo" />
            <Title LCID="1037" Text="שירות" />
            <Title LCID="1081" Text="सेवा" />
            <Title LCID="1050" Text="Usluga" />
            <Title LCID="1038" Text="Szolgáltatás" />
            <Title LCID="1057" Text="Layanan" />
            <Title LCID="1040" Text="Servizio" />
            <Title LCID="1041" Text="サービス" />
            <Title LCID="1087" Text="Қызмет" />
            <Title LCID="1042" Text="서비스" />
            <Title LCID="1063" Text="Aptarnavimas" />
            <Title LCID="1062" Text="Serviss" />
            <Title LCID="1086" Text="Perkhidmatan" />
            <Title LCID="1044" Text="Service" />
            <Title LCID="1043" Text="Service" />
            <Title LCID="1045" Text="Usługa" />
            <Title LCID="1046" Text="Serviço" />
            <Title LCID="2070" Text="Serviço" />
            <Title LCID="1048" Text="Serviciu" />
            <Title LCID="1049" Text="Сервис" />
            <Title LCID="1051" Text="Služba" />
            <Title LCID="1060" Text="Storitev" />
            <Title LCID="10266" Text="Услуга" />
            <Title LCID="9242" Text="Usluga" />
            <Title LCID="1053" Text="Tjänst" />
            <Title LCID="1054" Text="การบริการ" />
            <Title LCID="1055" Text="Servis" />
            <Title LCID="1058" Text="Обслуговування" />
            <Title LCID="1066" Text="Dịch vụ" />
            <Title LCID="2052" Text="服务" />
            <Title LCID="3076" Text="服務" />
            <Title LCID="1028" Text="服務" />
          </Titles>
        </NavBarArea>
        <NavBarArea Id="Marketing">
          <Titles>
            <Title LCID="1033" Text="Marketing" />
            <Title LCID="1025" Text="التسويق" />
            <Title LCID="1026" Text="Маркетинг" />
            <Title LCID="1027" Text="Màrqueting" />
            <Title LCID="1029" Text="Marketing" />
            <Title LCID="1030" Text="Marketing" />
            <Title LCID="1031" Text="Marketing" />
            <Title LCID="1032" Text="Μάρκετινγκ" />
            <Title LCID="3082" Text="Marketing" />
            <Title LCID="1061" Text="Turundus" />
            <Title LCID="1069" Text="Marketina" />
            <Title LCID="1035" Text="Markkinointi" />
            <Title LCID="1036" Text="Marketing" />
            <Title LCID="1110" Text="Márketing" />
            <Title LCID="1037" Text="שיווק" />
            <Title LCID="1081" Text="मार्केटिंग" />
            <Title LCID="1050" Text="Marketing" />
            <Title LCID="1038" Text="Marketing" />
            <Title LCID="1057" Text="Pemasaran" />
            <Title LCID="1040" Text="Marketing" />
            <Title LCID="1041" Text="マーケティング" />
            <Title LCID="1087" Text="Маркетинг" />
            <Title LCID="1042" Text="마케팅" />
            <Title LCID="1063" Text="Rinkodara" />
            <Title LCID="1062" Text="Mārketings" />
            <Title LCID="1086" Text="Pemasaran" />
            <Title LCID="1044" Text="Markedsføring" />
            <Title LCID="1043" Text="Marketing" />
            <Title LCID="1045" Text="Marketing" />
            <Title LCID="1046" Text="Marketing" />
            <Title LCID="2070" Text="Marketing" />
            <Title LCID="1048" Text="Marketing" />
            <Title LCID="1049" Text="Маркетинг" />
            <Title LCID="1051" Text="Marketing" />
            <Title LCID="1060" Text="Trženje" />
            <Title LCID="10266" Text="Маркетинг" />
            <Title LCID="9242" Text="Marketing" />
            <Title LCID="1053" Text="Marknadsföring" />
            <Title LCID="1054" Text="การตลาด" />
            <Title LCID="1055" Text="Pazarlama" />
            <Title LCID="1058" Text="Маркетинг" />
            <Title LCID="1066" Text="Tiếp thị" />
            <Title LCID="2052" Text="市场营销" />
            <Title LCID="3076" Text="行銷" />
            <Title LCID="1028" Text="行銷" />
          </Titles>
        </NavBarArea>
        <NavBarArea Id="ProcessCenter">
          <Titles>
            <Title LCID="1033" Text="Process Sessions" />
            <Title LCID="1025" Text="جلسات عمل العمليات" />
            <Title LCID="1026" Text="Сесии на процес" />
            <Title LCID="1027" Text="Sessions del procés" />
            <Title LCID="1029" Text="Relace procesů" />
            <Title LCID="1030" Text="Processessioner" />
            <Title LCID="1031" Text="Prozesssitzungen" />
            <Title LCID="1032" Text="Περίοδοι λειτουργίας διεργασίας" />
            <Title LCID="3082" Text="Sesiones de proceso" />
            <Title LCID="1061" Text="Protsessiseansid" />
            <Title LCID="1069" Text="Prozesu-saioak" />
            <Title LCID="1035" Text="Prosessin istunnot" />
            <Title LCID="1036" Text="Sessions de traitement" />
            <Title LCID="1110" Text="Sesións de proceso" />
            <Title LCID="1037" Text="הפעלות תהליך" />
            <Title LCID="1081" Text="प्रक्रिया सत्र" />
            <Title LCID="1050" Text="Sesije procesa" />
            <Title LCID="1038" Text="Feldolgozási munkamenetek" />
            <Title LCID="1057" Text="Sesi Proses" />
            <Title LCID="1040" Text="Sessioni processo" />
            <Title LCID="1041" Text="プロセス セッション" />
            <Title LCID="1087" Text="Процестік сеанстар" />
            <Title LCID="1042" Text="프로세스 세션" />
            <Title LCID="1063" Text="Procesų seansai" />
            <Title LCID="1062" Text="Apstrādes sesijas" />
            <Title LCID="1086" Text="Sesi Proses" />
            <Title LCID="1044" Text="Prosessøkter" />
            <Title LCID="1043" Text="Processessies" />
            <Title LCID="1045" Text="Sesje procesów" />
            <Title LCID="1046" Text="Sessões de Processo" />
            <Title LCID="2070" Text="Sessões de Processo" />
            <Title LCID="1048" Text="Sesiuni de proces" />
            <Title LCID="1049" Text="Сеансы процессов" />
            <Title LCID="1051" Text="Relácie procesov" />
            <Title LCID="1060" Text="Seje procesa" />
            <Title LCID="10266" Text="Сесије процеса" />
            <Title LCID="9242" Text="Sesije procesa" />
            <Title LCID="1053" Text="Bearbeta sessioner" />
            <Title LCID="1054" Text="เซสชันของกระบวนการ" />
            <Title LCID="1055" Text="İşlem Oturumları" />
            <Title LCID="1058" Text="Сеанси обробки" />
            <Title LCID="1066" Text="Phiên quá trình" />
            <Title LCID="2052" Text="流程会话" />
            <Title LCID="3076" Text="程序工作階段" />
            <Title LCID="1028" Text="程序工作階段" />
          </Titles>
        </NavBarArea>
      </NavBarAreas>
    </Navigation>
    <controlDescriptions>
      <controlDescription forControl="{dca45327-32e6-427c-be34-5b6815150727}">
        <customControl formFactor="0" name="MscrmControls.Containers.SimilarCasesGridControl">
          <parameters>
            <data-set name="SubGrid">
              <ViewId>{BD15C679-DF0B-E611-80D2-00155DB1076F}</ViewId>
              <IsUserView>false</IsUserView>
              <TargetEntityType>incident</TargetEntityType>
              <EnableViewPicker>false</EnableViewPicker>
            </data-set>
          </parameters>
        </customControl>
        <customControl formFactor="1" name="MscrmControls.Containers.SimilarCasesGridControl">
          <parameters>
            <data-set name="SubGrid">
              <ViewId>{BD15C679-DF0B-E611-80D2-00155DB1076F}</ViewId>
              <IsUserView>false</IsUserView>
              <TargetEntityType>incident</TargetEntityType>
              <EnableViewPicker>false</EnableViewPicker>
            </data-set>
          </parameters>
        </customControl>
        <customControl formFactor="2" name="MscrmControls.Containers.SimilarCasesGridControl">
          <parameters>
            <data-set name="SubGrid">
              <ViewId>{BD15C679-DF0B-E611-80D2-00155DB1076F}</ViewId>
              <IsUserView>false</IsUserView>
              <TargetEntityType>incident</TargetEntityType>
              <EnableViewPicker>false</EnableViewPicker>
            </data-set>
          </parameters>
        </customControl>
      </controlDescription>
    </controlDescriptions>
  </form>
  <LocalizedNames>
    <LocalizedName description="Case for Interactive experience" languagecode="1033" />
  </LocalizedNames>
  <Descriptions>
    <Description description="Default Interactive experience Case form." languagecode="1033" />
  </Descriptions>
</systemform>