﻿<?xml version="1.0" encoding="utf-8"?>
<savedquery>
  <IsCustomizable>1</IsCustomizable>
  <CanBeDeleted>0</CanBeDeleted>
  <isquickfindquery>0</isquickfindquery>
  <isprivate>0</isprivate>
  <isdefault>1</isdefault>
  <returnedtypecode>10073</returnedtypecode>
  <savedqueryid>{07800449-0e6e-4fac-b4b8-605a743832d0}</savedqueryid>
  <layoutxml>
    <grid name="" object="10073" jump="nwm_name" select="1" icon="1" preview="0">
      <row name="nwm_coveragerole" id="nwm_coverageroleid">
        <cell name="nwm_name" width="300" />
        <cell name="createdon" width="125" />
      </row>
    </grid>
  </layoutxml>
  <querytype>64</querytype>
  <fetchxml>
    <fetch version="1.0" mapping="logical">
      <entity name="nwm_coveragerole">
        <attribute name="nwm_coverageroleid" />
        <attribute name="nwm_name" />
        <attribute name="createdon" />
        <filter type="and">
          <condition attribute="statecode" operator="eq" value="0" />
        </filter>
      </entity>
    </fetch>
  </fetchxml>
  <IntroducedVersion>0.0.0.1</IntroducedVersion>
  <LocalizedNames>
    <LocalizedName description="CoverageRole Lookup View" languagecode="1033" />
  </LocalizedNames>
</savedquery>