﻿<?xml version="1.0" encoding="utf-8"?>
<savedquery>
  <IsCustomizable>1</IsCustomizable>
  <CanBeDeleted>0</CanBeDeleted>
  <isquickfindquery>0</isquickfindquery>
  <isprivate>0</isprivate>
  <isdefault>1</isdefault>
  <returnedtypecode>10073</returnedtypecode>
  <savedqueryid>{dc7909a6-a87d-4d80-ae67-8dcf35c88b69}</savedqueryid>
  <layoutxml>
    <grid name="resultset" object="10073" jump="nwm_name" select="1" icon="1" preview="1">
      <row name="result" id="nwm_coverageroleid">
        <cell name="nwm_name" width="300" />
        <cell name="createdon" width="125" />
      </row>
    </grid>
  </layoutxml>
  <querytype>1</querytype>
  <fetchxml>
    <fetch version="1.0" mapping="logical">
      <entity name="nwm_coveragerole">
        <attribute name="nwm_coverageroleid" />
        <attribute name="nwm_name" />
        <attribute name="createdon" />
        <order attribute="nwm_name" descending="false" />
      </entity>
    </fetch>
  </fetchxml>
  <IntroducedVersion>0.0.0.1</IntroducedVersion>
  <LocalizedNames>
    <LocalizedName description="CoverageRole Advanced Find View" languagecode="1033" />
  </LocalizedNames>
</savedquery>