﻿<?xml version="1.0" encoding="utf-8"?>
<WebResource>
  <WebResourceId>{9bf7a9da-e692-e711-80e3-3863bb34b7d0}</WebResourceId>
  <Name>new_jquery.rateyo.css</Name>
  <DisplayName>jquery.rateyo.css</DisplayName>
  <LanguageCode>1033</LanguageCode>
  <WebResourceType>2</WebResourceType>
  <IntroducedVersion>1.0.0.0</IntroducedVersion>
  <IsEnabledForMobileClient>0</IsEnabledForMobileClient>
  <IsAvailableForMobileOffline>0</IsAvailableForMobileOffline>
  <DependencyXml>&lt;Dependencies&gt;&lt;Dependency componentType="WebResource"/&gt;&lt;/Dependencies&gt;</DependencyXml>
  <IsCustomizable>1</IsCustomizable>
  <CanBeDeleted>1</CanBeDeleted>
  <IsHidden>0</IsHidden>
  <FileName>/WebResources/new_jqueryrateyocss9BF7A9DA-E692-E711-80E3-3863BB34B7D0</FileName>
</WebResource>