﻿<?xml version="1.0" encoding="utf-8"?>
<WebResource>
  <WebResourceId>{7bf67d79-f292-e711-80e3-3863bb34fad0}</WebResourceId>
  <Name>new_feedback.png</Name>
  <DisplayName>feedback.png</DisplayName>
  <LanguageCode>1033</LanguageCode>
  <WebResourceType>5</WebResourceType>
  <IntroducedVersion>1.0.0.0</IntroducedVersion>
  <IsEnabledForMobileClient>0</IsEnabledForMobileClient>
  <IsAvailableForMobileOffline>0</IsAvailableForMobileOffline>
  <DependencyXml>&lt;Dependencies&gt;&lt;Dependency componentType="WebResource"/&gt;&lt;/Dependencies&gt;</DependencyXml>
  <IsCustomizable>1</IsCustomizable>
  <CanBeDeleted>1</CanBeDeleted>
  <IsHidden>0</IsHidden>
  <FileName>/WebResources/new_feedbackpng7BF67D79-F292-E711-80E3-3863BB34FAD0</FileName>
</WebResource>