﻿<?xml version="1.0" encoding="utf-8"?>
<savedquery>
  <IsCustomizable>1</IsCustomizable>
  <CanBeDeleted>0</CanBeDeleted>
  <isquickfindquery>0</isquickfindquery>
  <isprivate>0</isprivate>
  <isdefault>1</isdefault>
  <returnedtypecode>10021</returnedtypecode>
  <savedqueryid>{687c2249-e10b-4e96-b383-039614705038}</savedqueryid>
  <layoutxml>
    <grid name="resultset" object="10021" jump="rbsm_name" select="1" icon="1" preview="1">
      <row name="result" id="rbsm_ceoactivityid">
        <cell name="rbsm_name" width="300" />
        <cell name="rbsm_activitydate" width="150" />
        <cell name="rbsm_productarea" width="125" />
        <cell name="rbsm_description" width="300" disableSorting="1" />
        <cell name="createdon" width="125" />
        <cell name="rbsm_followedupby" width="125" />
        <cell name="a_05d3e83da7d1e511bb31005056ae52c3.internalemailaddress" width="10" disableSorting="1" />
      </row>
    </grid>
  </layoutxml>
  <querytype>0</querytype>
  <fetchxml>
    <fetch version="1.0" mapping="logical">
      <entity name="rbsm_ceoactivity">
        <attribute name="rbsm_name" />
        <attribute name="createdon" />
        <order attribute="rbsm_activitydate" descending="true" />
        <filter type="and">
          <condition attribute="statecode" operator="eq" value="0" />
        </filter>
        <attribute name="rbsm_description" />
        <attribute name="rbsm_activitydate" />
        <attribute name="rbsm_productarea" />
        <attribute name="rbsm_followedupby" />
        <link-entity alias="a_05d3e83da7d1e511bb31005056ae52c3" name="systemuser" from="systemuserid" to="rbsm_followedupby" link-type="outer" visible="false">
          <attribute name="internalemailaddress" />
        </link-entity>
        <attribute name="rbsm_ceoactivityid" />
      </entity>
    </fetch>
  </fetchxml>
  <IntroducedVersion>1.0.0.0</IntroducedVersion>
  <LocalizedNames>
    <LocalizedName description="Active CEO Activities" languagecode="1033" />
  </LocalizedNames>
</savedquery>