﻿<?xml version="1.0" encoding="utf-8"?>
<savedquery>
  <IsCustomizable>1</IsCustomizable>
  <CanBeDeleted>0</CanBeDeleted>
  <isquickfindquery>0</isquickfindquery>
  <isprivate>0</isprivate>
  <isdefault>1</isdefault>
  <returnedtypecode>10021</returnedtypecode>
  <savedqueryid>{7418927e-2ea4-4491-929c-6eb93639e872}</savedqueryid>
  <layoutxml>
    <grid name="" object="10021" jump="rbsm_name" select="1" icon="1" preview="1">
      <row name="rbsm_ceoactivity" id="rbsm_ceoactivityid">
        <cell name="rbsm_name" width="300" />
        <cell name="rbsm_description" width="300" disableSorting="1" />
        <cell name="createdon" width="125" />
      </row>
    </grid>
  </layoutxml>
  <querytype>2</querytype>
  <fetchxml>
    <fetch version="1.0" mapping="logical">
      <entity name="rbsm_ceoactivity">
        <attribute name="rbsm_name" />
        <attribute name="createdon" />
        <order attribute="rbsm_name" descending="false" />
        <filter type="and">
          <condition attribute="statecode" operator="eq" value="0" />
        </filter>
        <attribute name="rbsm_description" />
        <attribute name="rbsm_ceoactivityid" />
      </entity>
    </fetch>
  </fetchxml>
  <IntroducedVersion>1.0.0.0</IntroducedVersion>
  <LocalizedNames>
    <LocalizedName description="CEO Activity Associated View" languagecode="1033" />
  </LocalizedNames>
</savedquery>