﻿<?xml version="1.0" encoding="utf-8"?>
<savedquery>
  <IsCustomizable>1</IsCustomizable>
  <CanBeDeleted>1</CanBeDeleted>
  <isquickfindquery>0</isquickfindquery>
  <isprivate>0</isprivate>
  <isdefault>0</isdefault>
  <returnedtypecode>10021</returnedtypecode>
  <savedqueryid>{91f5f597-a7d1-e511-bb31-005056ae52c3}</savedqueryid>
  <layoutxml>
    <grid name="resultset" object="10021" jump="rbsm_name" select="1" preview="1" icon="1">
      <row name="result" id="rbsm_ceoactivityid">
        <cell name="rbsm_name" width="200" />
        <cell name="rbsm_activitydate" width="150" />
        <cell name="rbsm_productarea" width="125" />
        <cell name="rbsm_description" width="300" disableSorting="1" />
        <cell name="createdon" width="125" />
        <cell name="rbsm_followedupby" width="125" />
      </row>
    </grid>
  </layoutxml>
  <querytype>0</querytype>
  <fetchxml>
    <fetch version="1.0" output-format="xml-platform" mapping="logical" distinct="false">
      <entity name="rbsm_ceoactivity">
        <attribute name="rbsm_name" />
        <attribute name="rbsm_productarea" />
        <attribute name="rbsm_followedupby" />
        <attribute name="rbsm_description" />
        <attribute name="rbsm_activitydate" />
        <order attribute="rbsm_name" descending="false" />
        <filter type="and">
          <condition attribute="rbsm_followedupby" operator="eq-userid" />
        </filter>
        <attribute name="createdon" />
        <attribute name="rbsm_ceoactivityid" />
      </entity>
    </fetch>
  </fetchxml>
  <IntroducedVersion>1.0.0.0</IntroducedVersion>
  <LocalizedNames>
    <LocalizedName description="CEO Activities I Need to Follow Up" languagecode="1033" />
  </LocalizedNames>
</savedquery>