﻿<?xml version="1.0" encoding="utf-8"?>
<savedquery>
  <IsCustomizable>1</IsCustomizable>
  <CanBeDeleted>0</CanBeDeleted>
  <isquickfindquery>0</isquickfindquery>
  <isprivate>0</isprivate>
  <isdefault>1</isdefault>
  <returnedtypecode>10021</returnedtypecode>
  <savedqueryid>{f4520f43-d4a9-44eb-928d-7fbbd6b6db41}</savedqueryid>
  <layoutxml>
    <grid name="resultset" object="10021" jump="rbsm_name" select="1" icon="1" preview="1">
      <row name="result" id="rbsm_ceoactivityid">
        <cell name="rbsm_name" width="300" />
        <cell name="rbsm_description" width="300" disableSorting="1" />
        <cell name="createdon" width="125" />
      </row>
    </grid>
  </layoutxml>
  <querytype>1</querytype>
  <fetchxml>
    <fetch version="1.0" mapping="logical">
      <entity name="rbsm_ceoactivity">
        <attribute name="rbsm_name" />
        <attribute name="createdon" />
        <order attribute="rbsm_name" descending="false" />
        <attribute name="rbsm_description" />
        <attribute name="rbsm_ceoactivityid" />
      </entity>
    </fetch>
  </fetchxml>
  <IntroducedVersion>1.0.0.0</IntroducedVersion>
  <LocalizedNames>
    <LocalizedName description="CEO Activity Advanced Find View" languagecode="1033" />
  </LocalizedNames>
</savedquery>