<environmentvariabledefinition schemaname="lcc_LoqateAPIKey">
  <defaultvalue>HF92-BG76-RP62-UU91</defaultvalue>
  <description default="API Key for the Loqate subscription">
    <label description="API Key for the Loqate subscription" languagecode="1033" />
  </description>
  <displayname default="LoqateAPIKey">
    <label description="LoqateAPIKey" languagecode="1033" />
  </displayname>
  <introducedversion>1.0.0.0</introducedversion>
  <iscustomizable>1</iscustomizable>
  <isrequired>0</isrequired>
  <secretstore>0</secretstore>
  <type>100000000</type>
</environmentvariabledefinition>