﻿<?xml version="1.0" encoding="utf-8"?>
<systemform>
  <formid>{6f049ce0-8cc5-4652-8ce9-f2d44f482a8a}</formid>
  <IntroducedVersion>1.0.0.0</IntroducedVersion>
  <FormPresentation>2</FormPresentation>
  <FormActivationState>0</FormActivationState>
  <form>
    <tabs>
      <tab verticallayout="true" id="{83e06d7e-b02c-4cc6-a6c2-6f5160a17d61}" IsUserDefined="1">
        <labels>
          <label description="General Info" languagecode="1033" />
        </labels>
        <columns>
          <column width="24%">
            <sections>
              <section showlabel="false" showbar="false" IsUserDefined="0" id="{771ec991-0304-447c-863c-0566569c6470}">
                <labels>
                  <label description="General" languagecode="1033" />
                </labels>
                <rows>
                  <row>
                    <cell id="{f1c8b7b9-d51e-46fd-8246-5d123615ef1f}">
                      <labels>
                        <label description="Name" languagecode="1033" />
                      </labels>
                      <control id="rbs_name" classid="{4273EDBD-AC1D-40d3-9FB2-095C621B552D}" datafieldname="rbs_name" />
                    </cell>
                  </row>
                  <row>
                    <cell id="{fa19899b-9819-4105-9c18-a38633149d64}">
                      <labels>
                        <label description="Owner" languagecode="1033" />
                      </labels>
                      <control id="ownerid" classid="{270BD3DB-D9AF-4782-9025-509E298DEC0A}" datafieldname="ownerid" />
                    </cell>
                  </row>
                </rows>
              </section>
            </sections>
          </column>
          <column width="38%">
            <sections>
              <section showlabel="true" showbar="false" id="{e90fdbed-d209-449d-93ac-5b9f044f48af}" IsUserDefined="0" height="auto">
                <labels>
                  <label description="TIMELINE" languagecode="1033" />
                </labels>
                <rows>
                  <row>
                    <cell showlabel="false" colspan="1" rowspan="18" auto="false" id="{2bd856d0-50a5-4104-9a42-1a61e74194c7}">
                      <labels>
                        <label description="Conversation Tabs" languagecode="1033" />
                      </labels>
                      <control id="notescontrol" classid="{06375649-c143-495e-a496-c962e5b4488e}" />
                    </cell>
                  </row>
                  <row />
                  <row />
                  <row />
                  <row />
                  <row />
                  <row />
                  <row />
                  <row />
                  <row />
                  <row />
                  <row />
                  <row />
                  <row />
                  <row />
                  <row />
                  <row />
                  <row height="auto" />
                </rows>
              </section>
            </sections>
          </column>
          <column width="38%">
            <sections>
              <section showlabel="true" columns="1" showbar="false" id="{489a7039-601c-4fd8-b87a-091260aeed71}" name="ref_pan_{489a7039-601c-4fd8-b87a-091260aeed71}" IsUserDefined="0">
                <labels>
                  <label description="RELATED" languagecode="1033" />
                </labels>
                <rows>
                  <row />
                </rows>
              </section>
            </sections>
          </column>
        </columns>
      </tab>
    </tabs>
    <header id="{26e32bee-6329-4863-ab3f-90f23c914f50}" celllabelposition="Left" columns="1111">
      <rows>
        <row />
      </rows>
    </header>
    <DisplayConditions Order="2" />
  </form>
  <IsCustomizable>1</IsCustomizable>
  <CanBeDeleted>1</CanBeDeleted>
  <LocalizedNames>
    <LocalizedName description="Information" languagecode="1033" />
  </LocalizedNames>
  <Descriptions>
    <Description description="A form for this entity." languagecode="1033" />
  </Descriptions>
</systemform>