<?xml version="1.0" encoding="utf-8"?>
<SdkMessageProcessingStep
  Name="Rheem.Plugins.AddressPreValidationPlugin: Create of account"
  SdkMessageProcessingStepId="{12aed298-c7ad-ed11-aad1-0022482b2497}" xmlns:xsi="http://www.w3.org/2001/XMLSchema-instance">
  <SdkMessageId>9ebdbb1b-ea3e-db11-86a7-000a3a5473e8</SdkMessageId>
  <PluginTypeName>Rheem.Plugins.AddressPreValidationPlugin, Rheem.Plugins, Version=1.0.0.0, Culture=neutral, PublicKeyToken=ee92225ac3c71f44</PluginTypeName>
  <PluginTypeId>9d002ec6-918f-47ed-8250-a5071eeeb14d</PluginTypeId>
  <PrimaryEntity>account</PrimaryEntity>
  <AsyncAutoDelete>0</AsyncAutoDelete>
  <Description>Rheem.Plugins.AddressPreValidationPlugin: Create of account</Description>
  <FilteringAttributes></FilteringAttributes>
  <InvocationSource>0</InvocationSource>
  <Mode>0</Mode>
  <Rank>1</Rank>
  <EventHandlerTypeCode>4602</EventHandlerTypeCode>
  <Stage>10</Stage>
  <IsCustomizable>1</IsCustomizable>
  <IsHidden>0</IsHidden>
  <SupportedDeployment>0</SupportedDeployment>
  <IntroducedVersion>1.0</IntroducedVersion>
  <SdkMessageProcessingStepImages />
</SdkMessageProcessingStep>