<?xml version="1.0" encoding="utf-8"?>
<SdkMessageProcessingStep
  Name="Rheem.Plugins.FetchPartsListAction: rhm_FetchPartsList of any Entity"
  SdkMessageProcessingStepId="{1b85a0bb-1a09-ee11-8f6e-0022482b23b1}" xmlns:xsi="http://www.w3.org/2001/XMLSchema-instance">
  <SdkMessageId>a081485e-ff08-ee11-8f6e-0022482b247c</SdkMessageId>
  <PluginTypeName>Rheem.Plugins.FetchPartsListAction, Rheem.Plugins, Version=1.0.0.0, Culture=neutral, PublicKeyToken=ee92225ac3c71f44</PluginTypeName>
  <PluginTypeId>6d836763-8d99-4e6f-89fa-e7424496608e</PluginTypeId>
  <AsyncAutoDelete>0</AsyncAutoDelete>
  <Description>Rheem.Plugins.FetchPartsListAction: rhm_FetchPartsList of any Entity</Description>
  <FilteringAttributes></FilteringAttributes>
  <InvocationSource>0</InvocationSource>
  <Mode>0</Mode>
  <Rank>1</Rank>
  <EventHandlerTypeCode>4602</EventHandlerTypeCode>
  <Stage>40</Stage>
  <IsCustomizable>1</IsCustomizable>
  <IsHidden>0</IsHidden>
  <SupportedDeployment>0</SupportedDeployment>
  <IntroducedVersion>1.0</IntroducedVersion>
  <SdkMessageProcessingStepImages />
</SdkMessageProcessingStep>