<?xml version="1.0" encoding="utf-8"?>
<SdkMessageProcessingStep
  Name="Rheem.Plugins.FedExAddressValidationAction: rhm_FedExAddressValidation of any Entity"
  SdkMessageProcessingStepId="{7fd3e267-cd53-ee11-be6e-000d3a10ad71}" xmlns:xsi="http://www.w3.org/2001/XMLSchema-instance">
  <SdkMessageId>e7a6000f-a047-ee11-be6d-0022482b28ad</SdkMessageId>
  <PluginTypeName>Rheem.Plugins.FedExAddressValidationAction, Rheem.Plugins, Version=1.0.0.0, Culture=neutral, PublicKeyToken=ee92225ac3c71f44</PluginTypeName>
  <PluginTypeId>1fefbdea-8af3-490c-9af3-53f6fc7134e7</PluginTypeId>
  <AsyncAutoDelete>0</AsyncAutoDelete>
  <Description>Rheem.Plugins.FedExAddressValidationAction: rhm_FedExAddressValidation of any Entity</Description>
  <FilteringAttributes></FilteringAttributes>
  <InvocationSource>0</InvocationSource>
  <Mode>0</Mode>
  <Rank>1</Rank>
  <EventHandlerTypeCode>4602</EventHandlerTypeCode>
  <Stage>40</Stage>
  <IsCustomizable>1</IsCustomizable>
  <IsHidden>0</IsHidden>
  <SupportedDeployment>0</SupportedDeployment>
  <IntroducedVersion>1.0</IntroducedVersion>
  <SdkMessageProcessingStepImages />
</SdkMessageProcessingStep>