<?xml version="1.0" encoding="utf-8"?>
<SdkMessageProcessingStep
  Name="Rheem.Plugins.ProductSerialNumber: Create of any Entity"
  SdkMessageProcessingStepId="{8ad377c4-95de-ed11-a7c7-0022482b2e79}" xmlns:xsi="http://www.w3.org/2001/XMLSchema-instance">
  <SdkMessageId>9ebdbb1b-ea3e-db11-86a7-000a3a5473e8</SdkMessageId>
  <PluginTypeName>Rheem.Plugins.ProductSerialNumber, Rheem.Plugins, Version=1.0.0.0, Culture=neutral, PublicKeyToken=ee92225ac3c71f44</PluginTypeName>
  <PluginTypeId>243c9737-87b8-4e28-9f37-c72e6c47c963</PluginTypeId>
  <PrimaryEntity>rhm_productserialnumber</PrimaryEntity>
  <AsyncAutoDelete>0</AsyncAutoDelete>
  <Description>Rheem.Plugins.ProductSerialNumber: Create of any Entity</Description>
  <FilteringAttributes></FilteringAttributes>
  <InvocationSource>1</InvocationSource>
  <Mode>0</Mode>
  <Rank>1</Rank>
  <EventHandlerTypeCode>4602</EventHandlerTypeCode>
  <Stage>40</Stage>
  <IsCustomizable>1</IsCustomizable>
  <IsHidden>0</IsHidden>
  <SupportedDeployment>0</SupportedDeployment>
  <IntroducedVersion>1.0</IntroducedVersion>
  <SdkMessageProcessingStepImages />
</SdkMessageProcessingStep>