<?xml version="1.0" encoding="utf-8"?>
<savedqueries xmlns:xsi="http://www.w3.org/2001/XMLSchema-instance">
  <savedquery>
    <isquickfindquery>1</isquickfindquery>
    <isprivate>0</isprivate>
    <isdefault>1</isdefault>
    <savedqueryid>{d26e6749-e832-426b-b4cb-222ab902ce7c}</savedqueryid>
    <queryapi></queryapi>
    <layoutxml>
      <grid
        name="resultset"
        jump="name"
        select="1"
        icon="1"
        preview="1">
        <row
          name="result"
          id="salesorderid">
          <cell
            name="name"
            width="127" />
          <cell
            name="rhm_ponumber"
            width="108" />
          <cell
            name="customerid"
            width="242" />
          <cell
            name="statuscode"
            width="100" />
          <cell
            name="totalamount"
            width="100" />
        </row>
      </grid>
    </layoutxml>
    <querytype>4</querytype>
    <fetchxml>
      <fetch
        version="1.0"
        output-format="xml-platform"
        mapping="logical">
        <entity
          name="salesorder">
          <attribute
            name="name" />
          <order
            attribute="name"
            descending="false" />
          <attribute
            name="totalamount" />
          <attribute
            name="statuscode" />
          <attribute
            name="customerid" />
          <attribute
            name="salesorderid" />
          <filter
            type="or"
            isquickfindfields="1">
            <condition
              attribute="name"
              operator="like"
              value="{0}" />
            <condition
              attribute="rhm_ponumber"
              operator="like"
              value="{0}" />
            <condition
              attribute="rhm_sonumber"
              operator="like"
              value="{0}" />
          </filter>
          <attribute
            name="rhm_ponumber" />
        </entity>
      </fetch>
    </fetchxml>
    <IntroducedVersion>5.0.0.0</IntroducedVersion>
    <LocalizedNames>
      <LocalizedName
        description="Quick Find All Orders"
        languagecode="1033" />
      <LocalizedName
        description="Cari Cepat Semua Pesanan"
        languagecode="1086" />
    </LocalizedNames>
  </savedquery>
</savedqueries>