﻿<?xml version="1.0" encoding="utf-8"?>
<Entity>
  <Name LocalizedName="Task" OriginalName="Task">Task</Name>
  <ObjectTypeCode>4212</ObjectTypeCode>
  <EntityInfo>
    <entity Name="Task">
      <LocalizedNames>
        <LocalizedName description="Task" languagecode="1033" />
      </LocalizedNames>
      <LocalizedCollectionNames>
        <LocalizedCollectionName description="Tasks" languagecode="1033" />
      </LocalizedCollectionNames>
      <Descriptions>
        <Description description="Generic activity representing work needed to be done." languagecode="1033" />
      </Descriptions>
      <attributes>
        <attribute PhysicalName="ScheduledEnd">
          <Type>datetime</Type>
          <Name>scheduledend</Name>
          <LogicalName>scheduledend</LogicalName>
          <RequiredLevel>required</RequiredLevel>
          <DisplayMask>ValidForAdvancedFind|ValidForForm|ValidForGrid</DisplayMask>
          <ImeMode>inactive</ImeMode>
          <ValidForUpdateApi>1</ValidForUpdateApi>
          <ValidForReadApi>1</ValidForReadApi>
          <ValidForCreateApi>1</ValidForCreateApi>
          <IsCustomField>0</IsCustomField>
          <IsAuditEnabled>1</IsAuditEnabled>
          <IsSecured>0</IsSecured>
          <IntroducedVersion>5.0.0.0</IntroducedVersion>
          <Format>datetime</Format>
          <displaynames>
            <displayname description="Due Date" languagecode="1033" />
          </displaynames>
          <Descriptions>
            <Description description="Enter the expected due date and time." languagecode="1033" />
          </Descriptions>
        </attribute>
      </attributes>
      <IsDuplicateCheckSupported>1</IsDuplicateCheckSupported>
      <IsBusinessProcessEnabled>1</IsBusinessProcessEnabled>
      <IsRequiredOffline>0</IsRequiredOffline>
      <IsCollaboration>1</IsCollaboration>
      <AutoRouteToOwnerQueue>0</AutoRouteToOwnerQueue>
      <IsConnectionsEnabled>1</IsConnectionsEnabled>
      <IsDocumentManagementEnabled>0</IsDocumentManagementEnabled>
      <OwnershipTypeMask>UserOwned</OwnershipTypeMask>
      <IsAuditEnabled>0</IsAuditEnabled>
      <IsActivity>1</IsActivity>
      <ActivityTypeMask>CommunicationActivity</ActivityTypeMask>
      <IsActivityParty>0</IsActivityParty>
      <IsReplicated>1</IsReplicated>
      <IsReplicationUserFiltered>1</IsReplicationUserFiltered>
      <IsMailMergeEnabled>0</IsMailMergeEnabled>
      <IsVisibleInMobile>1</IsVisibleInMobile>
      <IsVisibleInMobileClient>1</IsVisibleInMobileClient>
      <IsReadOnlyInMobileClient>0</IsReadOnlyInMobileClient>
      <IsMapiGridEnabled>0</IsMapiGridEnabled>
      <IsReadingPaneEnabled>1</IsReadingPaneEnabled>
      <IsQuickCreateEnabled>0</IsQuickCreateEnabled>
      <IntroducedVersion>5.0.0.0</IntroducedVersion>
      <EnforceStateTransitions>0</EnforceStateTransitions>
      <HasRelatedNotes>True</HasRelatedNotes>
    </entity>
  </EntityInfo>
  <RibbonDiffXml />
</Entity>