﻿<?xml version="1.0" encoding="utf-8"?>
<PluginAssembly FullName="Rbs.Crm.DESCRM.Workflow, Version=1.0.0.0, Culture=neutral, PublicKeyToken=1bc638ad38631369" CustomizationLevel="1">
  <IsolationMode>2</IsolationMode>
  <SourceType>0</SourceType>
  <IntroducedVersion>1.0.1.0</IntroducedVersion>
  <FileName>/PluginAssemblies/RbsCrmDESCRMWorkflow-3D277DCB-FB57-E611-8F24-005056AE789B/RbsCrmDESCRMWorkflow.dll</FileName>
  <PluginTypes>
    <PluginType AssemblyQualifiedName="Rbs.Crm.DESCRM.Workflow.SampleCustomActivity, Rbs.Crm.DESCRM.Workflow, Version=1.0.0.0, Culture=neutral, PublicKeyToken=1bc638ad38631369" Name="SampleCustomActivity">
      <Description>Sample Custom Activity</Description>
      <FriendlyName>Sample Custom Activity</FriendlyName>
      <WorkflowActivityGroupName>Rbs.Crm.DESCRM.Utilities</WorkflowActivityGroupName>
    </PluginType>
  </PluginTypes>
</PluginAssembly>