﻿<?xml version="1.0" encoding="utf-8"?>
<systemform>
  <formid>{74c394ee-3a05-4554-92cc-57d728dea9eb}</formid>
  <IntroducedVersion>1.0.0.0</IntroducedVersion>
  <FormPresentation>1</FormPresentation>
  <FormActivationState>1</FormActivationState>
  <form>
    <tabs>
      <tab verticallayout="true" id="{ec3df699-9402-4124-b4bf-1388424428ee}" IsUserDefined="1" name="{ec3df699-9402-4124-b4bf-1388424428ee}" locklevel="0" expanded="true" showlabel="true">
        <labels>
          <label description="General" languagecode="1033" />
        </labels>
        <columns>
          <column width="67%">
            <sections>
              <section showlabel="false" showbar="false" IsUserDefined="0" id="{ea963efb-9b7a-405c-94ba-3158b314e3ae}" name="{ea963efb-9b7a-405c-94ba-3158b314e3ae}" columns="1" locklevel="0" labelwidth="150" celllabelalignment="Left" celllabelposition="Left">
                <labels>
                  <label description="General" languagecode="1033" />
                </labels>
                <rows>
                  <row>
                    <cell id="{00ed6534-a4ca-4fe3-8ee5-7e84383ea01c}">
                      <labels>
                        <label description="Topic" languagecode="1033" />
                      </labels>
                      <control id="rbsm_name" classid="{4273EDBD-AC1D-40d3-9FB2-095C621B552D}" datafieldname="rbsm_name" />
                    </cell>
                  </row>
                  <row>
                    <cell id="{629a1881-9d4d-4e3b-a53c-82693fe8be43}">
                      <labels>
                        <label description="Owner" languagecode="1033" />
                      </labels>
                      <control id="ownerid" classid="{270BD3DB-D9AF-4782-9025-509E298DEC0A}" datafieldname="ownerid" />
                    </cell>
                  </row>
                  <row>
                    <cell id="{8279152d-9540-505c-055a-12d16476b332}" showlabel="true" locklevel="0">
                      <labels>
                        <label description="Business Area" languagecode="1033" />
                      </labels>
                      <control id="rbsm_businessarea" classid="{270BD3DB-D9AF-4782-9025-509E298DEC0A}" datafieldname="rbsm_businessarea" disabled="false" />
                    </cell>
                  </row>
                  <row>
                    <cell id="{bbb61c9a-8559-5bc3-e2a9-6ece3a7c704c}" showlabel="true" locklevel="0">
                      <labels>
                        <label description="Common Reference" languagecode="1033" />
                      </labels>
                      <control id="rbsm_commonreference" classid="{4273EDBD-AC1D-40d3-9FB2-095C621B552D}" datafieldname="rbsm_commonreference" disabled="false" />
                    </cell>
                  </row>
                  <row>
                    <cell id="{baee2d28-b9bb-b28a-7e5c-bb211522666d}" showlabel="true" locklevel="0">
                      <labels>
                        <label description="Investment Programme Tier" languagecode="1033" />
                      </labels>
                      <control id="rbsm_investmentprogrammetier" classid="{3EF39988-22BB-4f0b-BBBE-64B5A3748AEE}" datafieldname="rbsm_investmentprogrammetier" disabled="false" />
                    </cell>
                  </row>
                  <row>
                    <cell id="{9ecbe9c5-c3b1-4b0a-076a-9a78469e90b9}" showlabel="true" locklevel="0">
                      <labels>
                        <label description="Channels Enabler" languagecode="1033" />
                      </labels>
                      <control id="rbsm_channelsenabler" classid="{67FAC785-CD58-4f9f-ABB3-4B7DDC6ED5ED}" datafieldname="rbsm_channelsenabler" disabled="false" />
                    </cell>
                  </row>
                  <row>
                    <cell id="{38d4527d-3ccd-86d3-7c16-b0626b3e1cce}" showlabel="true" locklevel="0">
                      <labels>
                        <label description="IAM Enabler" languagecode="1033" />
                      </labels>
                      <control id="rbsm_iamenabler" classid="{67FAC785-CD58-4f9f-ABB3-4B7DDC6ED5ED}" datafieldname="rbsm_iamenabler" disabled="false" />
                    </cell>
                  </row>
                  <row>
                    <cell id="{e4cb0c60-ce74-b9db-3c7a-27cc5b530cea}" showlabel="true" locklevel="0">
                      <labels>
                        <label description="Category" languagecode="1033" />
                      </labels>
                      <control id="rbsm_category" classid="{3EF39988-22BB-4f0b-BBBE-64B5A3748AEE}" datafieldname="rbsm_category" disabled="false" />
                    </cell>
                  </row>
                  <row>
                    <cell id="{6dd4b222-04a1-bd0d-be2c-147400c38ac7}" showlabel="true" locklevel="0">
                      <labels>
                        <label description="Sub Category" languagecode="1033" />
                      </labels>
                      <control id="rbsm_subcategory" classid="{3EF39988-22BB-4f0b-BBBE-64B5A3748AEE}" datafieldname="rbsm_subcategory" disabled="false" />
                    </cell>
                  </row>
                  <row>
                    <cell id="{3d57a02d-4a87-c6e5-d447-bc6299518bb1}" showlabel="true" locklevel="0">
                      <labels>
                        <label description="Description" languagecode="1033" />
                      </labels>
                      <control id="rbsm_description" classid="{E0DECE4B-6FC8-4a8f-A065-082708572369}" datafieldname="rbsm_description" disabled="false" />
                    </cell>
                  </row>
                  <row>
                    <cell id="{4b1245c5-0952-1475-4073-ebc6830eb055}" showlabel="true" locklevel="0">
                      <labels>
                        <label description="Total Costs" languagecode="1033" />
                      </labels>
                      <control id="rbsm_totalcosts" classid="{0D2C745A-E5A8-4c8f-BA63-C6D3BB604660}" datafieldname="rbsm_totalcosts" disabled="false" />
                    </cell>
                  </row>
                  <row>
                    <cell id="{3329b70c-17c6-8822-e8a4-0527641974b2}" showlabel="true" locklevel="0">
                      <labels>
                        <label description="Total Benefits" languagecode="1033" />
                      </labels>
                      <control id="rbsm_totalbenefits" classid="{0D2C745A-E5A8-4c8f-BA63-C6D3BB604660}" datafieldname="rbsm_totalbenefits" disabled="false" />
                    </cell>
                  </row>
                  <row>
                    <cell id="{dbae6d87-cd02-5da8-516e-92318c4dd139}" showlabel="true" locklevel="0">
                      <labels>
                        <label description="Total Cost Benefits" languagecode="1033" />
                      </labels>
                      <control id="rbsm_totalcostbenefits" classid="{0D2C745A-E5A8-4c8f-BA63-C6D3BB604660}" datafieldname="rbsm_totalcostbenefits" disabled="false" />
                    </cell>
                  </row>
                  <row>
                    <cell id="{7951d303-a831-b880-425d-830daba2a0c2}" showlabel="true" locklevel="0">
                      <labels>
                        <label description="Total Revenue Benefits" languagecode="1033" />
                      </labels>
                      <control id="rbsm_totalrevenuebenefits" classid="{0D2C745A-E5A8-4c8f-BA63-C6D3BB604660}" datafieldname="rbsm_totalrevenuebenefits" disabled="false" />
                    </cell>
                  </row>
                  <row>
                    <cell id="{d1272e2b-e812-ea80-82ea-1968196ee5c2}" showlabel="true" locklevel="0">
                      <labels>
                        <label description="Total 2016 Costs" languagecode="1033" />
                      </labels>
                      <control id="rbsm_year0costs" classid="{0D2C745A-E5A8-4c8f-BA63-C6D3BB604660}" datafieldname="rbsm_year0costs" disabled="false" />
                    </cell>
                  </row>
                  <row>
                    <cell id="{15beb2d8-eb34-1413-01c1-0ae9cc702838}" showlabel="true" locklevel="0">
                      <labels>
                        <label description="Total 2017 Costs" languagecode="1033" />
                      </labels>
                      <control id="rbsm_year1costs" classid="{0D2C745A-E5A8-4c8f-BA63-C6D3BB604660}" datafieldname="rbsm_year1costs" disabled="false" />
                    </cell>
                  </row>
                  <row>
                    <cell id="{1b8e3521-b3ae-5228-a14d-ac7a853cca3b}" showlabel="true" locklevel="0">
                      <labels>
                        <label description="Total 2018 Costs" languagecode="1033" />
                      </labels>
                      <control id="rbsm_year2costs" classid="{0D2C745A-E5A8-4c8f-BA63-C6D3BB604660}" datafieldname="rbsm_year2costs" disabled="false" />
                    </cell>
                  </row>
                  <row>
                    <cell id="{94314bbb-7ba9-381a-06c3-9132960be002}" showlabel="true" locklevel="0">
                      <labels>
                        <label description="Total 2019 Costs" languagecode="1033" />
                      </labels>
                      <control id="rbsm_year3costs" classid="{0D2C745A-E5A8-4c8f-BA63-C6D3BB604660}" datafieldname="rbsm_year3costs" disabled="false" />
                    </cell>
                  </row>
                  <row>
                    <cell id="{e7b9e805-156a-0361-b5d4-e6929bab3517}" showlabel="true" locklevel="0">
                      <labels>
                        <label description="Total 2020 Costs" languagecode="1033" />
                      </labels>
                      <control id="rbsm_year4costs" classid="{0D2C745A-E5A8-4c8f-BA63-C6D3BB604660}" datafieldname="rbsm_year4costs" disabled="false" />
                    </cell>
                  </row>
                  <row>
                    <cell id="{17a418a2-9b08-0381-6c11-1a75623c6659}" showlabel="true" locklevel="0">
                      <labels>
                        <label description="Disc Subcategory" languagecode="1033" />
                      </labels>
                      <control id="rbsm_disc" classid="{3EF39988-22BB-4f0b-BBBE-64B5A3748AEE}" datafieldname="rbsm_disc" disabled="false" />
                    </cell>
                  </row>
                  <row>
                    <cell id="{7b8ae838-be95-26b3-7575-787394c0675e}" showlabel="true" locklevel="0">
                      <labels>
                        <label description="Presented in DES Pipeline" languagecode="1033" />
                      </labels>
                      <control id="rbsm_presentedindespipeline" classid="{67FAC785-CD58-4f9f-ABB3-4B7DDC6ED5ED}" datafieldname="rbsm_presentedindespipeline" disabled="false" />
                    </cell>
                  </row>
                  <row>
                    <cell id="{23da88d8-c901-55d5-9ed5-504021009e39}" showlabel="true" locklevel="0">
                      <labels>
                        <label description="Number of Pipeline Activities" languagecode="1033" />
                      </labels>
                      <control id="rbsm_numberofpipelineactivities" classid="{C6D124CA-7EDA-4a60-AEA9-7FB8D318B68F}" datafieldname="rbsm_numberofpipelineactivities" disabled="true" />
                    </cell>
                  </row>
                  <row>
                    <cell id="{88922e5c-9e78-43b7-6628-439669ca0eee}" showlabel="true" locklevel="0">
                      <labels>
                        <label description="PlanView Programme Name" languagecode="1033" />
                      </labels>
                      <control id="rbsm_planviewprogrammename" classid="{4273EDBD-AC1D-40d3-9FB2-095C621B552D}" datafieldname="rbsm_planviewprogrammename" disabled="false" />
                    </cell>
                  </row>
                  <row>
                    <cell id="{29622728-6339-24e3-0da2-83cb1337dcab}" showlabel="true" locklevel="0">
                      <labels>
                        <label description="PlanView Strategy Id" languagecode="1033" />
                      </labels>
                      <control id="rbsm_planviewstrategyid" classid="{4273EDBD-AC1D-40d3-9FB2-095C621B552D}" datafieldname="rbsm_planviewstrategyid" disabled="false" />
                    </cell>
                  </row>
                </rows>
              </section>
              <section name="{ec3df699-9402-4124-b4bf-1388424428ee}_section_4" showlabel="true" showbar="false" locklevel="0" id="{c984b5be-57b9-a917-0934-97a765501e0c}" IsUserDefined="0" layout="varwidth" columns="1" labelwidth="150" celllabelalignment="Left" celllabelposition="Left">
                <labels>
                  <label description="Cost Allocations" languagecode="1033" />
                </labels>
                <rows>
                  <row>
                    <cell id="{66a71d81-616b-7892-6697-8b9a4dc3887a}" showlabel="true" locklevel="0">
                      <labels>
                        <label description="CIB Cost Allocation (%)" languagecode="1033" />
                      </labels>
                      <control id="rbsm_cibcostallocation" classid="{0D2C745A-E5A8-4c8f-BA63-C6D3BB604660}" datafieldname="rbsm_cibcostallocation" disabled="false" />
                    </cell>
                  </row>
                  <row>
                    <cell id="{842915cc-53ba-ec26-e272-e39230d06169}" showlabel="true" locklevel="0">
                      <labels>
                        <label description="CPB Cost Allocation (%)" languagecode="1033" />
                      </labels>
                      <control id="rbsm_cpbcostallocation" classid="{0D2C745A-E5A8-4c8f-BA63-C6D3BB604660}" datafieldname="rbsm_cpbcostallocation" disabled="false" />
                    </cell>
                  </row>
                  <row>
                    <cell id="{aeb3b040-493b-ecd9-56dd-6e5a4a9cad85}" showlabel="true" locklevel="0">
                      <labels>
                        <label description="PBB Cost Allocation (%)" languagecode="1033" />
                      </labels>
                      <control id="rbsm_pbbcostallocation" classid="{0D2C745A-E5A8-4c8f-BA63-C6D3BB604660}" datafieldname="rbsm_pbbcostallocation" disabled="false" />
                    </cell>
                  </row>
                  <row>
                    <cell id="{56023dda-8977-e2e9-e23b-d3a19deaaea2}" showlabel="true" locklevel="0">
                      <labels>
                        <label description="Ulster Cost Allocation (%)" languagecode="1033" />
                      </labels>
                      <control id="rbsm_ulstercostallocation" classid="{0D2C745A-E5A8-4c8f-BA63-C6D3BB604660}" datafieldname="rbsm_ulstercostallocation" disabled="false" />
                    </cell>
                  </row>
                  <row>
                    <cell id="{3c1d2c6e-614d-863b-9c36-ae61c18b56ab}" showlabel="true" locklevel="0">
                      <labels>
                        <label description="Other Cost Allocation (%)" languagecode="1033" />
                      </labels>
                      <control id="rbsm_othercostallocation" classid="{0D2C745A-E5A8-4c8f-BA63-C6D3BB604660}" datafieldname="rbsm_othercostallocation" disabled="false" />
                    </cell>
                  </row>
                  <row>
                    <cell id="{c5cb59d5-2b82-2a9b-eb02-32d607020920}" showlabel="true" locklevel="0">
                      <labels>
                        <label description="Other Allocation (%)" languagecode="1033" />
                      </labels>
                      <control id="rbsm_otherallocation" classid="{0D2C745A-E5A8-4c8f-BA63-C6D3BB604660}" datafieldname="rbsm_otherallocation" disabled="false" />
                    </cell>
                  </row>
                </rows>
              </section>
            </sections>
          </column>
          <column width="33%">
            <sections>
              <section showlabel="false" showbar="false" id="{f6cbd91b-c037-4e90-872e-c2cecce4fef4}" IsUserDefined="0" height="auto">
                <labels>
                  <label description="Notes" languagecode="1033" />
                </labels>
                <rows>
                  <row>
                    <cell showlabel="false" rowspan="15" auto="false" id="{f7188878-190c-469e-b667-7b79c0263971}">
                      <labels>
                        <label description="Note Text" languagecode="1033" />
                      </labels>
                      <control id="notescontrol" classid="{06375649-c143-495e-a496-c962e5b4488e}">
                        <parameters>
                          <DefaultTabId>NotesTab</DefaultTabId>
                        </parameters>
                      </control>
                    </cell>
                  </row>
                  <row></row>
                  <row></row>
                  <row></row>
                  <row></row>
                  <row></row>
                  <row></row>
                  <row></row>
                  <row></row>
                  <row></row>
                  <row></row>
                  <row></row>
                  <row></row>
                  <row></row>
                  <row height="auto"></row>
                </rows>
              </section>
            </sections>
          </column>
        </columns>
      </tab>
      <tab name="tab_2" id="{6b69a337-a046-adc5-d382-a39eca91ac99}" IsUserDefined="0" locklevel="0" showlabel="true" expanded="true">
        <labels>
          <label description="DES Opportunities" languagecode="1033" />
        </labels>
        <columns>
          <column width="100%">
            <sections>
              <section name="tab_2_section_1" showlabel="false" showbar="false" locklevel="0" id="{ca52556a-a02b-149a-060c-d03521eabbe9}" IsUserDefined="0" layout="varwidth" columns="1" labelwidth="115">
                <labels>
                  <label description="Section" languagecode="1033" />
                </labels>
                <rows>
                  <row>
                    <cell id="{233b4b1e-7353-0ae9-67c1-7167e80c1b72}" showlabel="true" colspan="1" auto="false" rowspan="6">
                      <labels>
                        <label description="Opportunities" languagecode="1033" />
                      </labels>
                      <control id="Opportunities" classid="{E7A81278-8635-4d9e-8D4D-59480B391C5B}">
                        <parameters>
                          <ViewId>{5D95528E-18A0-E511-9F13-005056AE52C3}</ViewId>
                          <IsUserView>false</IsUserView>
                          <RelationshipName>rbsm_programme_opportunity</RelationshipName>
                          <TargetEntityType>opportunity</TargetEntityType>
                          <AutoExpand>Fixed</AutoExpand>
                          <EnableQuickFind>true</EnableQuickFind>
                          <EnableViewPicker>true</EnableViewPicker>
                          <ViewIds />
                          <EnableJumpBar>false</EnableJumpBar>
                          <ChartGridMode>All</ChartGridMode>
                          <VisualizationId>{8BC5FB18-48F2-4782-9E16-3D452FA4DDCE}</VisualizationId>
                          <IsUserChart>false</IsUserChart>
                          <EnableChartPicker>true</EnableChartPicker>
                          <RecordsPerPage>4</RecordsPerPage>
                        </parameters>
                      </control>
                    </cell>
                  </row>
                  <row></row>
                  <row></row>
                  <row></row>
                  <row></row>
                  <row></row>
                </rows>
              </section>
            </sections>
          </column>
        </columns>
      </tab>
    </tabs>
    <header id="{4bda6105-447c-421b-8d4a-d9cc3914b40c}" columns="111">
      <rows>
        <row>
          <cell id="{88986e05-6740-1d19-d1ce-e2a0d7ec4240}" showlabel="false">
            <labels>
              <label description="" languagecode="1033" />
            </labels>
          </cell>
          <cell id="{2491d095-c251-e83a-67c0-87e5ec617ce2}" showlabel="true" locklevel="0">
            <labels>
              <label description="Modified By" languagecode="1033" />
            </labels>
            <control id="header_modifiedby" classid="{270BD3DB-D9AF-4782-9025-509E298DEC0A}" datafieldname="modifiedby" disabled="false" />
          </cell>
          <cell id="{b84847e5-7d20-dde2-7a59-898be85a71d7}" showlabel="true" locklevel="0">
            <labels>
              <label description="Modified On" languagecode="1033" />
            </labels>
            <control id="header_modifiedon" classid="{5B773807-9FB2-42db-97C3-7A91EFF8ADFF}" datafieldname="modifiedon" disabled="false" />
          </cell>
        </row>
      </rows>
    </header>
    <Navigation>
      <NavBar></NavBar>
      <NavBarAreas>
        <NavBarArea Id="Info">
          <Titles>
            <Title LCID="1033" Text="Common" />
          </Titles>
        </NavBarArea>
        <NavBarArea Id="Sales">
          <Titles>
            <Title LCID="1033" Text="Sales" />
          </Titles>
        </NavBarArea>
        <NavBarArea Id="Service">
          <Titles>
            <Title LCID="1033" Text="Service" />
          </Titles>
        </NavBarArea>
        <NavBarArea Id="Marketing">
          <Titles>
            <Title LCID="1033" Text="Marketing" />
          </Titles>
        </NavBarArea>
        <NavBarArea Id="ProcessCenter">
          <Titles>
            <Title LCID="1033" Text="Process Sessions" />
          </Titles>
        </NavBarArea>
      </NavBarAreas>
    </Navigation>
  </form>
  <IsCustomizable>1</IsCustomizable>
  <CanBeDeleted>1</CanBeDeleted>
  <LocalizedNames>
    <LocalizedName description="Information" languagecode="1033" />
  </LocalizedNames>
  <Descriptions>
    <Description description="A form for this entity." languagecode="1033" />
  </Descriptions>
</systemform>