<?xml version="1.0" encoding="utf-8"?>
<savedqueries xmlns:xsi="http://www.w3.org/2001/XMLSchema-instance">
  <savedquery>
    <isquickfindquery>0</isquickfindquery>
    <isprivate>0</isprivate>
    <isdefault>1</isdefault>
    <savedqueryid>{00000000-0000-0000-00aa-000010001200}</savedqueryid>
    <queryapi></queryapi>
    <layoutxml>
      <grid
        name="accounts"
        jump="name"
        select="1"
        icon="1"
        preview="1">
        <row
          name="account"
          id="accountid">
          <cell
            name="name"
            width="260" />
          <cell
            name="parentaccountid"
            width="127" />
          <cell
            name="territoryid"
            width="100" />
          <cell
            name="owningbusinessunit"
            width="167" />
          <cell
            name="primarycontactid"
            width="150" />
          <cell
            name="telephone1"
            width="100" />
        </row>
      </grid>
    </layoutxml>
    <querytype>2</querytype>
    <fetchxml>
      <fetch
        distinct="false"
        mapping="logical">
        <entity
          name="account">
          <attribute
            name="name" />
          <attribute
            name="primarycontactid" />
          <attribute
            name="telephone1" />
          <attribute
            name="accountid" />
          <filter
            type="and">
            <condition
              attribute="statecode"
              operator="eq"
              value="0" />
          </filter>
          <order
            attribute="name"
            descending="false" />
          <attribute
            name="parentaccountid" />
          <attribute
            name="territoryid" />
          <attribute
            name="owningbusinessunit" />
        </entity>
      </fetch>
    </fetchxml>
    <IntroducedVersion>5.0.0.0</IntroducedVersion>
    <LocalizedNames>
      <LocalizedName
        description="Account Associated View"
        languagecode="1033" />
      <LocalizedName
        description="Pandangan Berkaitan Akaun"
        languagecode="1086" />
    </LocalizedNames>
    <Descriptions>
      <Description
        description="Displays information about related accounts in the detail form of any associated account record. This view is in the Sub-Accounts side tab."
        languagecode="1033" />
      <Description
        description="Memaparkan maklumat mengenai akaun berkaitan dalam borang butiran sebarang rekod akaun yang berkaitan. Pandangan ini berada dalam tab sisi Sub Akaun."
        languagecode="1086" />
    </Descriptions>
  </savedquery>
</savedqueries>