﻿<?xml version="1.0" encoding="utf-8"?>
<WebResource>
  <WebResourceId>{176e99a8-6a4d-e811-811e-5065f38be571}</WebResourceId>
  <Name>rbs_EntityPrompts</Name>
  <DisplayName>rbs_EntityPrompt</DisplayName>
  <LanguageCode>1033</LanguageCode>
  <WebResourceType>3</WebResourceType>
  <IntroducedVersion>1.0.0.0</IntroducedVersion>
  <IsEnabledForMobileClient>0</IsEnabledForMobileClient>
  <IsAvailableForMobileOffline>0</IsAvailableForMobileOffline>
  <DependencyXml>&lt;Dependencies&gt;&lt;Dependency componentType="WebResource"/&gt;&lt;/Dependencies&gt;</DependencyXml>
  <IsCustomizable>1</IsCustomizable>
  <CanBeDeleted>1</CanBeDeleted>
  <IsHidden>0</IsHidden>
  <FileName>/WebResources/rbs_EntityPrompts176E99A8-6A4D-E811-811E-5065F38BE571</FileName>
</WebResource>