﻿<?xml version="1.0" encoding="utf-8"?>
<WebResource>
  <WebResourceId>{9a577c73-7ca0-e711-80e4-3863bb34fad0}</WebResourceId>
  <Name>rbs_Process</Name>
  <DisplayName>Process</DisplayName>
  <LanguageCode>1033</LanguageCode>
  <WebResourceType>3</WebResourceType>
  <IntroducedVersion>1.4.0.0</IntroducedVersion>
  <IsEnabledForMobileClient>0</IsEnabledForMobileClient>
  <IsAvailableForMobileOffline>0</IsAvailableForMobileOffline>
  <DependencyXml>&lt;Dependencies&gt;&lt;Dependency componentType="WebResource"/&gt;&lt;/Dependencies&gt;</DependencyXml>
  <IsCustomizable>1</IsCustomizable>
  <CanBeDeleted>1</CanBeDeleted>
  <IsHidden>0</IsHidden>
  <FileName>/WebResources/rbs_Process9A577C73-7CA0-E711-80E4-3863BB34FAD0</FileName>
</WebResource>