﻿<?xml version="1.0" encoding="utf-8"?>
<WebResource>
  <WebResourceId>{1551ffc6-5d4f-e811-811d-5065f38b4641}</WebResourceId>
  <Name>rbs_globalNotification</Name>
  <DisplayName>Global Notification</DisplayName>
  <LanguageCode>1033</LanguageCode>
  <WebResourceType>3</WebResourceType>
  <IntroducedVersion>1.0.0.0</IntroducedVersion>
  <IsEnabledForMobileClient>0</IsEnabledForMobileClient>
  <IsAvailableForMobileOffline>0</IsAvailableForMobileOffline>
  <DependencyXml>&lt;Dependencies&gt;&lt;Dependency componentType="WebResource"/&gt;&lt;/Dependencies&gt;</DependencyXml>
  <IsCustomizable>1</IsCustomizable>
  <CanBeDeleted>1</CanBeDeleted>
  <IsHidden>0</IsHidden>
  <FileName>/WebResources/rbs_globalNotification1551FFC6-5D4F-E811-811D-5065F38B4641</FileName>
</WebResource>