﻿<?xml version="1.0" encoding="utf-8"?>
<Workflow WorkflowId="{7990cceb-f0c8-4524-a7f2-a80ec2623816}" Name="Mark notification acknowledgement">
  <XamlFileName>/Workflows/Marknotificationacknowledgement-7990CCEB-F0C8-4524-A7F2-A80EC2623816.xaml</XamlFileName>
  <Type>1</Type>
  <Subprocess>0</Subprocess>
  <Category>3</Category>
  <Mode>0</Mode>
  <Scope>4</Scope>
  <OnDemand>0</OnDemand>
  <TriggerOnCreate>0</TriggerOnCreate>
  <TriggerOnDelete>0</TriggerOnDelete>
  <AsyncAutodelete>0</AsyncAutodelete>
  <SyncWorkflowLogOnFailure>1</SyncWorkflowLogOnFailure>
  <StateCode>1</StateCode>
  <StatusCode>2</StatusCode>
  <CreateStage>40</CreateStage>
  <RunAs>1</RunAs>
  <SdkMessageId>{e4ab8abc-6ba0-e711-80e4-3863bb34fad0}</SdkMessageId>
  <UniqueName>Marknotificationacknowledgement</UniqueName>
  <IsTransacted>1</IsTransacted>
  <IntroducedVersion>1.4.0.0</IntroducedVersion>
  <IsCustomizable>1</IsCustomizable>
  <PrimaryEntity>none</PrimaryEntity>
  <LocalizedNames>
    <LocalizedName languagecode="1033" description="Mark notification acknowledgement" />
  </LocalizedNames>
</Workflow>