﻿<?xml version="1.0" encoding="utf-8"?>
<Workflow WorkflowId="{6b42d2f9-a994-e811-a83e-000d3ab4df3e}" Name="Notification Business Validations" Description="Conditionally adding validations based on Notification Display  Type being Prompt">
  <XamlFileName>/Workflows/NotificationBusinessValidations-6B42D2F9-A994-E811-A83E-000D3AB4DF3E.xaml</XamlFileName>
  <Type>1</Type>
  <Subprocess>0</Subprocess>
  <Category>2</Category>
  <Mode>1</Mode>
  <Scope>4</Scope>
  <OnDemand>0</OnDemand>
  <TriggerOnCreate>0</TriggerOnCreate>
  <TriggerOnDelete>0</TriggerOnDelete>
  <AsyncAutodelete>0</AsyncAutodelete>
  <SyncWorkflowLogOnFailure>0</SyncWorkflowLogOnFailure>
  <StateCode>1</StateCode>
  <StatusCode>2</StatusCode>
  <RunAs>1</RunAs>
  <IsTransacted>1</IsTransacted>
  <IntroducedVersion>1.0</IntroducedVersion>
  <IsCustomizable>1</IsCustomizable>
  <BusinessProcessType>0</BusinessProcessType>
  <PrimaryEntity>rbs_notification</PrimaryEntity>
  <LocalizedNames>
    <LocalizedName languagecode="1033" description="Notification Business Validations" />
  </LocalizedNames>
  <Descriptions>
    <Description languagecode="1033" description="Conditionally adding validations based on Notification Display  Type being Prompt" />
  </Descriptions>
  <ProcessTriggers>
    <ProcessTrigger processtriggerid="{a67a165e-ab94-e811-a83e-000d3ab4df3e}">
      <controltype>1</controltype>
      <scope>1</scope>
      <controlname>rbs_notificationdisplaytype</controlname>
      <event>change</event>
      <pipelinestage>0</pipelinestage>
      <iscustomizable>1</iscustomizable>
      <primaryentitytypecode>rbs_notification</primaryentitytypecode>
    </ProcessTrigger>
    <ProcessTrigger processtriggerid="{a77a165e-ab94-e811-a83e-000d3ab4df3e}">
      <scope>1</scope>
      <event>load</event>
      <pipelinestage>0</pipelinestage>
      <iscustomizable>1</iscustomizable>
      <primaryentitytypecode>rbs_notification</primaryentitytypecode>
    </ProcessTrigger>
  </ProcessTriggers>
</Workflow>