{"properties":{"connectionReferences":{"shared_commondataserviceforapps":{"runtimeSource":"embedded","connection":{"connectionReferenceLogicalName":"mcs_sharedcommondataserviceforapps_7db1e"},"api":{"name":"shared_commondataserviceforapps"}}},"definition":{"$schema":"https://schema.management.azure.com/providers/Microsoft.Logic/schemas/2016-06-01/workflowdefinition.json#","contentVersion":"1.0.0.0","parameters":{"$connections":{"defaultValue":{},"type":"Object"},"$authentication":{"defaultValue":{},"type":"SecureObject"}},"triggers":{"When_a_row_is_added,_modified_or_deleted":{"metadata":{"operationMetadataId":"4e59783d-8967-479f-9f56-5c2f00ab8444"},"type":"OpenApiConnectionWebhook","inputs":{"host":{"connectionName":"shared_commondataserviceforapps","operationId":"SubscribeWebhookTrigger","apiId":"/providers/Microsoft.PowerApps/apis/shared_commondataserviceforapps"},"parameters":{"subscriptionRequest/message":3,"subscriptionRequest/entityname":"salesorder","subscriptionRequest/scope":4,"subscriptionRequest/filteringattributes":"mcs_deliveryaddressid"},"authentication":"@parameters('$authentication')"}}},"actions":{"Get_Delivery_Address_by_ID":{"runAfter":{},"metadata":{"operationMetadataId":"568e5c10-126a-46ec-8d5b-ab17f73b74a0"},"type":"OpenApiConnection","inputs":{"host":{"connectionName":"shared_commondataserviceforapps","operationId":"GetItem","apiId":"/providers/Microsoft.PowerApps/apis/shared_commondataserviceforapps"},"parameters":{"entityName":"mcs_deliveryaddresses","recordId":"@triggerOutputs()?['body/_mcs_deliveryaddressid_value']","$select":"mcs_locationid"},"authentication":"@parameters('$authentication')"}},"Update_Order_Location_ID_from_Delivery_Address":{"runAfter":{"Get_Delivery_Address_by_ID":["Succeeded"]},"metadata":{"operationMetadataId":"4dee840a-77f7-4f60-9b1f-b6b6820841cf"},"type":"OpenApiConnection","inputs":{"host":{"connectionName":"shared_commondataserviceforapps","operationId":"UpdateRecord","apiId":"/providers/Microsoft.PowerApps/apis/shared_commondataserviceforapps"},"parameters":{"entityName":"salesorders","recordId":"@triggerOutputs()?['body/salesorderid']","item/msdyn_deliveryaddresslocationid":"@outputs('Get_Delivery_Address_by_ID')?['body/mcs_locationid']"},"authentication":"@parameters('$authentication')"}}},"outputs":{}}},"schemaVersion":"1.0.0.0"}