﻿<?xml version="1.0" encoding="utf-8"?>
<RibbonDiffXml>
  <CustomActions>
    <HideCustomAction HideActionId="rbs.Mscrm.Form.rbs_optionsetvalue.Activate.Hide" Location="Mscrm.Form.rbs_optionsetvalue.Activate" />
    <HideCustomAction HideActionId="rbs.Mscrm.Form.rbs_optionsetvalue.Deactivate.Hide" Location="Mscrm.Form.rbs_optionsetvalue.Deactivate" />
    <HideCustomAction HideActionId="rbs.Mscrm.HomepageGrid.rbs_optionsetvalue.Activate.Hide" Location="Mscrm.HomepageGrid.rbs_optionsetvalue.Activate" />
    <HideCustomAction HideActionId="rbs.Mscrm.HomepageGrid.rbs_optionsetvalue.Deactivate.Hide" Location="Mscrm.HomepageGrid.rbs_optionsetvalue.Deactivate" />
    <HideCustomAction HideActionId="rbs.Mscrm.SubGrid.rbs_optionsetvalue.Activate.Hide" Location="Mscrm.SubGrid.rbs_optionsetvalue.Activate" />
    <HideCustomAction HideActionId="rbs.Mscrm.SubGrid.rbs_optionsetvalue.Deactivate.Hide" Location="Mscrm.SubGrid.rbs_optionsetvalue.Deactivate" />
  </CustomActions>
  <Templates>
    <RibbonTemplates Id="Mscrm.Templates"></RibbonTemplates>
  </Templates>
  <CommandDefinitions />
  <RuleDefinitions>
    <TabDisplayRules />
    <DisplayRules />
    <EnableRules />
  </RuleDefinitions>
  <LocLabels />
</RibbonDiffXml>