<?xml version="1.0" encoding="utf-8"?>
<savedqueries xmlns:xsi="http://www.w3.org/2001/XMLSchema-instance">
  <savedquery>
    <isquickfindquery>0</isquickfindquery>
    <isprivate>0</isprivate>
    <isdefault>0</isdefault>
    <savedqueryid>{0d5d377b-5e7c-47b5-bab1-a5cb8b4ac105}</savedqueryid>
    <queryapi></queryapi>
    <layoutxml>
      <grid
        name="resultset"
        jump="fullname"
        select="1"
        icon="1"
        preview="1">
        <row
          name="result"
          id="contactid">
          <cell
            name="fullname"
            width="300" />
          <cell
            name="rhm_contacttype"
            width="115" />
          <cell
            name="emailaddress1"
            width="150" />
          <cell
            name="parentcustomerid"
            width="150" />
          <cell
            name="telephone1"
            width="125" />
          <cell
            name="statecode"
            width="125" />
          <cell
            name="createdon"
            width="105" />
          <cell
            name="modifiedon"
            width="113" />
        </row>
      </grid>
    </layoutxml>
    <querytype>0</querytype>
    <fetchxml>
      <fetch
        version="1.0"
        output-format="xml-platform"
        mapping="logical">
        <entity
          name="contact">
          <attribute
            name="fullname" />
          <attribute
            name="emailaddress1" />
          <attribute
            name="parentcustomerid" />
          <attribute
            name="telephone1" />
          <attribute
            name="statecode" />
          <attribute
            name="contactid" />
          <attribute
            name="rhm_contacttype" />
          <attribute
            name="createdon" />
          <attribute
            name="modifiedon" />
        </entity>
      </fetch>
    </fetchxml>
    <IntroducedVersion>9.0.0.0</IntroducedVersion>
    <LocalizedNames>
      <LocalizedName
        description="All Contacts"
        languagecode="1033" />
      <LocalizedName
        description="Semua Kenalan"
        languagecode="1086" />
    </LocalizedNames>
  </savedquery>
</savedqueries>