<?xml version="1.0" encoding="utf-8"?>
<savedqueries xmlns:xsi="http://www.w3.org/2001/XMLSchema-instance">
  <savedquery>
    <IsCustomizable>1</IsCustomizable>
    <CanBeDeleted>1</CanBeDeleted>
    <isquickfindquery>0</isquickfindquery>
    <isprivate>0</isprivate>
    <isdefault>0</isdefault>
    <savedqueryid>{bc78761e-bcd2-ed11-a7c7-0022482b247c}</savedqueryid>
    <layoutxml>
      <grid
        name="resultset"
        jump="fullname"
        select="1"
        preview="1"
        icon="1">
        <row
          name="result"
          id="contactid">
          <cell
            name="fullname"
            width="150" />
          <cell
            name="emailaddress1"
            width="100" />
          <cell
            name="title"
            width="100" />
          <cell
            name="ticketnumber"
            width="100" />
        </row>
      </grid>
    </layoutxml>
    <querytype>0</querytype>
    <fetchxml>
      <fetch
        version="1.0"
        output-format="xml-platform"
        mapping="logical"
        count="50">
        <entity
          name="contact">
          <attribute
            name="fullname" />
          <filter>
            <condition
              attribute="parentcustomerid"
              operator="eq"
              value="68db1e67-20d2-ed11-a7c7-0022482b247c"
              uiname="Case Summary"
              uitype="account" />
          </filter>
          <order
            attribute="fullname"
            descending="false" />
          <attribute
            name="emailaddress1" />
          <attribute
            name="contactid" />
          <link-entity
            name="incident"
            from="customerid"
            to="contactid">
            <attribute
              name="title" />
            <attribute
              name="ticketnumber" />
          </link-entity>
        </entity>
      </fetch>
    </fetchxml>
    <IntroducedVersion>1.0.0.1</IntroducedVersion>
    <LocalizedNames>
      <LocalizedName
        description="Case Summary"
        languagecode="1033" />
    </LocalizedNames>
  </savedquery>
</savedqueries>