<?xml version="1.0" encoding="utf-8"?>
<savedqueries xmlns:xsi="http://www.w3.org/2001/XMLSchema-instance">
  <savedquery>
    <IsCustomizable>1</IsCustomizable>
    <CanBeDeleted>0</CanBeDeleted>
    <isquickfindquery>0</isquickfindquery>
    <isprivate>0</isprivate>
    <isdefault>1</isdefault>
    <savedqueryid>{27a26b8c-e21d-46b1-94c1-f21b9f4b62ed}</savedqueryid>
    <layoutxml>
      <grid
        name="rhm_workorders"
        jump="rhm_name"
        select="1"
        icon="1"
        preview="1">
        <row
          name="rhm_workorder"
          id="rhm_workorderid">
          <cell
            name="rhm_name"
            width="300" />
          <cell
            name="createdon"
            width="125" />
        </row>
      </grid>
    </layoutxml>
    <querytype>2</querytype>
    <fetchxml>
      <fetch
        version="1.0"
        mapping="logical">
        <entity
          name="rhm_workorder">
          <attribute
            name="rhm_workorderid" />
          <attribute
            name="rhm_name" />
          <attribute
            name="createdon" />
          <order
            attribute="rhm_name"
            descending="false" />
          <filter
            type="and">
            <condition
              attribute="statecode"
              operator="eq"
              value="0" />
          </filter>
        </entity>
      </fetch>
    </fetchxml>
    <IntroducedVersion>1.0</IntroducedVersion>
    <LocalizedNames>
      <LocalizedName
        description="Work Order Associated View"
        languagecode="1033" />
    </LocalizedNames>
  </savedquery>
</savedqueries>