﻿<?xml version="1.0" encoding="utf-8"?>
<Role id="{ef585f9a-46dc-e811-a956-000d3a441839}" name="ECM Users">
  <IsCustomizable>1</IsCustomizable>
  <RolePrivileges>
    <RolePrivilege name="prvActivateSynchronousWorkflow" level="Basic" />
    <RolePrivilege name="prvAppendConstraint" level="Global" />
    <RolePrivilege name="prvAppendrbs_accesslog" level="Local" />
    <RolePrivilege name="prvAppendrbs_document" level="Local" />
    <RolePrivilege name="prvAppendrbs_recordclass" level="Local" />
    <RolePrivilege name="prvAppendrbs_recordtype" level="Local" />
    <RolePrivilege name="prvAppendToAsyncOperation" level="Basic" />
    <RolePrivilege name="prvAppendToExpanderEvent" level="Global" />
    <RolePrivilege name="prvAppendTorbs_accesslog" level="Local" />
    <RolePrivilege name="prvAppendTorbs_document" level="Local" />
    <RolePrivilege name="prvAppendTorbs_recordclass" level="Local" />
    <RolePrivilege name="prvAppendTorbs_recordtype" level="Local" />
    <RolePrivilege name="prvAppendToTransactionCurrency" level="Global" />
    <RolePrivilege name="prvAppendToUser" level="Local" />
    <RolePrivilege name="prvAppendToUserSettings" level="Local" />
    <RolePrivilege name="prvAppendToWorkflow" level="Global" />
    <RolePrivilege name="prvAppendToWorkflowSession" level="Basic" />
    <RolePrivilege name="prvAppendTransactionCurrency" level="Global" />
    <RolePrivilege name="prvAppendUser" level="Local" />
    <RolePrivilege name="prvAppendWorkflow" level="Basic" />
    <RolePrivilege name="prvAppendWorkflowSession" level="Basic" />
    <RolePrivilege name="prvAssignAsyncOperation" level="Basic" />
    <RolePrivilege name="prvAssignCallbackRegistration" level="Basic" />
    <RolePrivilege name="prvAssignrbs_document" level="Local" />
    <RolePrivilege name="prvAssignWorkflow" level="Basic" />
    <RolePrivilege name="prvAssignWorkflowSession" level="Basic" />
    <RolePrivilege name="prvCreateBookableResourceBookingExchangeSyncIdMapping" level="Basic" />
    <RolePrivilege name="prvCreateCallbackRegistration" level="Basic" />
    <RolePrivilege name="prvCreaterbs_accesslog" level="Basic" />
    <RolePrivilege name="prvCreaterbs_document" level="Basic" />
    <RolePrivilege name="prvCreateSharePointData" level="Global" />
    <RolePrivilege name="prvCreateUserApplicationMetadata" level="Basic" />
    <RolePrivilege name="prvCreateUserSettings" level="Local" />
    <RolePrivilege name="prvCreateWorkflow" level="Basic" />
    <RolePrivilege name="prvCreateWorkflowSession" level="Basic" />
    <RolePrivilege name="prvDeleteBookableResourceBookingExchangeSyncIdMapping" level="Basic" />
    <RolePrivilege name="prvDeleteCallbackRegistration" level="Basic" />
    <RolePrivilege name="prvDeleteUserApplicationMetadata" level="Basic" />
    <RolePrivilege name="prvDeleteUserSettings" level="Local" />
    <RolePrivilege name="prvDeleteWorkflow" level="Basic" />
    <RolePrivilege name="prvDeleteWorkflowSession" level="Basic" />
    <RolePrivilege name="prvFlow" level="Global" />
    <RolePrivilege name="prvReadAppConfigMaster" level="Global" />
    <RolePrivilege name="prvReadAppModule" level="Global" />
    <RolePrivilege name="prvReadAsyncOperation" level="Basic" />
    <RolePrivilege name="prvReadAttribute" level="Global" />
    <RolePrivilege name="prvReadAttributeMap" level="Global" />
    <RolePrivilege name="prvReadBookableResourceBookingExchangeSyncIdMapping" level="Basic" />
    <RolePrivilege name="prvReadBusinessUnit" level="Global" />
    <RolePrivilege name="prvReadCallbackRegistration" level="Basic" />
    <RolePrivilege name="prvReadComplexControl" level="Global" />
    <RolePrivilege name="prvReadCustomization" level="Global" />
    <RolePrivilege name="prvReadDelveActionHub" level="Global" />
    <RolePrivilege name="prvReadEntity" level="Global" />
    <RolePrivilege name="prvReadEntityDataProvider" level="Global" />
    <RolePrivilege name="prvReadEntityKey" level="Global" />
    <RolePrivilege name="prvReadEntityMap" level="Global" />
    <RolePrivilege name="prvReadExpanderEvent" level="Global" />
    <RolePrivilege name="prvReadGoalRollupQuery" level="Basic" />
    <RolePrivilege name="prvReadHierarchyRule" level="Global" />
    <RolePrivilege name="prvReadLicense" level="Global" />
    <RolePrivilege name="prvReadOfflineCommandDefinition" level="Global" />
    <RolePrivilege name="prvReadOptionSet" level="Global" />
    <RolePrivilege name="prvReadOrganization" level="Global" />
    <RolePrivilege name="prvReadPluginAssembly" level="Global" />
    <RolePrivilege name="prvReadPluginType" level="Global" />
    <RolePrivilege name="prvReadQuery" level="Global" />
    <RolePrivilege name="prvReadrbs_accesslog" level="Local" />
    <RolePrivilege name="prvReadrbs_document" level="Local" />
    <RolePrivilege name="prvReadrbs_recordclass" level="Local" />
    <RolePrivilege name="prvReadrbs_recordtype" level="Local" />
    <RolePrivilege name="prvReadRelationship" level="Global" />
    <RolePrivilege name="prvReadRole" level="Local" />
    <RolePrivilege name="prvReadSavedQueryVisualizations" level="Global" />
    <RolePrivilege name="prvReadSdkMessage" level="Global" />
    <RolePrivilege name="prvReadSdkMessageProcessingStep" level="Global" />
    <RolePrivilege name="prvReadSdkMessageProcessingStepImage" level="Global" />
    <RolePrivilege name="prvReadSharePointData" level="Global" />
    <RolePrivilege name="prvReadSharePointDocument" level="Global" />
    <RolePrivilege name="prvReadSystemApplicationMetadata" level="Global" />
    <RolePrivilege name="prvReadSystemForm" level="Global" />
    <RolePrivilege name="prvReadTeam" level="Global" />
    <RolePrivilege name="prvReadTransactionCurrency" level="Global" />
    <RolePrivilege name="prvReadUser" level="Global" />
    <RolePrivilege name="prvReadUserApplicationMetadata" level="Basic" />
    <RolePrivilege name="prvReadUserSettings" level="Global" />
    <RolePrivilege name="prvReadWebResource" level="Global" />
    <RolePrivilege name="prvReadWorkflow" level="Global" />
    <RolePrivilege name="prvReadWorkflowSession" level="Global" />
    <RolePrivilege name="prvShareCallbackRegistration" level="Basic" />
    <RolePrivilege name="prvShareWorkflow" level="Basic" />
    <RolePrivilege name="prvShareWorkflowSession" level="Basic" />
    <RolePrivilege name="prvWorkflowExecution" level="Global" />
    <RolePrivilege name="prvWriteAsyncOperation" level="Basic" />
    <RolePrivilege name="prvWriteBookableResourceBookingExchangeSyncIdMapping" level="Basic" />
    <RolePrivilege name="prvWriteCallbackRegistration" level="Basic" />
    <RolePrivilege name="prvWriteExpanderEvent" level="Global" />
    <RolePrivilege name="prvWriterbs_accesslog" level="Local" />
    <RolePrivilege name="prvWriterbs_document" level="Local" />
    <RolePrivilege name="prvWriterbs_recordclass" level="Local" />
    <RolePrivilege name="prvWriterbs_recordtype" level="Local" />
    <RolePrivilege name="prvWriteSharePointData" level="Global" />
    <RolePrivilege name="prvWriteUserApplicationMetadata" level="Basic" />
    <RolePrivilege name="prvWriteUserSettings" level="Local" />
    <RolePrivilege name="prvWriteWorkflow" level="Basic" />
    <RolePrivilege name="prvWriteWorkflowSession" level="Basic" />
  </RolePrivileges>
</Role>