﻿<?xml version="1.0" encoding="utf-8"?>
<systemform>
  <formid>{a91390a5-99bb-4d10-9eee-3a5c87f841f1}</formid>
  <IntroducedVersion>6.0.0.0</IntroducedVersion>
  <FormPresentation>1</FormPresentation>
  <FormActivationState>1</FormActivationState>
  <form shownavigationbar="true" showImage="false" maxWidth="1900">
    <ancestor id="{A91390A5-99BB-4D10-9EEE-3A5C87F841F1}" />
    <tabs>
      <tab name="phonecall" showlabel="true" verticallayout="true" id="{A22C3771-5942-48AA-8DA7-098AF8C01BB7}" IsUserDefined="0" locklevel="0" expanded="true">
        <labels>
          <label description="Insight" languagecode="1033" />
        </labels>
        <columns>
          <column width="50%">
            <sections>
              <section name="general information" showlabel="false" showbar="false" locklevel="0" id="{277C507E-79FC-479D-A0E0-D9B61FBA48B0}" IsUserDefined="0" layout="varwidth" columns="1" labelwidth="115" celllabelalignment="Left" celllabelposition="Left" height="auto">
                <labels>
                  <label description="General Information" languagecode="1033" />
                </labels>
                <rows>
                  <row>
                    <cell auto="false" showlabel="true" locklevel="0" rowspan="1" id="{C75D0ED5-B39C-4678-A94B-1382258EA55E}" colspan="1">
                      <labels>
                        <label description="Subject" languagecode="1033" />
                      </labels>
                      <control id="subject" classid="{4273EDBD-AC1D-40d3-9FB2-095C621B552D}" datafieldname="subject" disabled="false" />
                    </cell>
                  </row>
                  <row>
                    <cell auto="false" showlabel="true" locklevel="0" rowspan="1" id="{405658C7-633B-44F6-91BA-038B9BAF4A41}" colspan="1">
                      <labels>
                        <label description="Call From" languagecode="1033" />
                      </labels>
                      <control id="from" classid="{CBFB742C-14E7-4a17-96BB-1A13F7F64AA2}" datafieldname="from" disabled="false" uniqueid="{8e0129e8-13e9-beb5-2c58-38302bd43926}">
                        <parameters>
                          <AutoResolve>true</AutoResolve>
                          <DisableMru>false</DisableMru>
                        </parameters>
                      </control>
                    </cell>
                  </row>
                  <row>
                    <cell auto="false" showlabel="true" locklevel="0" rowspan="1" id="{EFA00B37-8E3E-4229-8331-47DC1F3615BE}" colspan="1">
                      <labels>
                        <label description="Call To" languagecode="1033" />
                      </labels>
                      <control id="to" classid="{CBFB742C-14E7-4a17-96BB-1A13F7F64AA2}" datafieldname="to" disabled="false" />
                    </cell>
                  </row>
                  <row>
                    <cell auto="false" showlabel="true" locklevel="0" rowspan="1" id="{6965D7BF-C0EA-4BBB-90AD-7F3415DF1BAB}" colspan="1">
                      <labels>
                        <label description="Phone Number" languagecode="1033" />
                      </labels>
                      <control id="phonenumber" classid="{4273EDBD-AC1D-40d3-9FB2-095C621B552D}" datafieldname="phonenumber" disabled="false" uniqueid="{07878b1e-10e2-7766-5e6a-ea7d4c933059}" />
                    </cell>
                  </row>
                  <row>
                    <cell auto="false" showlabel="true" locklevel="0" rowspan="1" id="{0729F3F9-8CE3-43B2-8E3C-067927071477}" colspan="1">
                      <labels>
                        <label description="Direction" languagecode="1033" />
                      </labels>
                      <control id="directioncode" classid="{67FAC785-CD58-4f9f-ABB3-4B7DDC6ED5ED}" datafieldname="directioncode" disabled="false" uniqueid="{3638b0ac-eec1-623c-521b-78310739446b}" />
                    </cell>
                  </row>
                  <row>
                    <cell auto="false" showlabel="true" locklevel="0" rowspan="1" id="{7474F28A-C24C-44A6-BD4E-B648D5D1ACAC}" colspan="1">
                      <labels>
                        <label description="Duration" languagecode="1033" />
                      </labels>
                      <control id="actualdurationminutes" classid="{AA987274-CE4E-4271-A803-66164311A958}" datafieldname="actualdurationminutes" disabled="false" uniqueid="{230a598a-47ea-3267-2234-16acbee39c3e}" />
                    </cell>
                  </row>
                  <row>
                    <cell auto="false" showlabel="true" locklevel="0" rowspan="1" id="{196075AD-03CE-4F20-A982-02C8DB06769B}" colspan="1">
                      <labels>
                        <label description="Regarding" languagecode="1033" />
                      </labels>
                      <control id="regardingobjectid" classid="{F3015350-44A2-4aa0-97B5-00166532B5E9}" datafieldname="regardingobjectid" disabled="false" uniqueid="{2707878b-9d62-1dc8-d966-8e4a4541916e}">
                        <parameters>
                          <AutoResolve>true</AutoResolve>
                        </parameters>
                      </control>
                    </cell>
                  </row>
                  <row>
                    <cell showlabel="true" rowspan="3" auto="true" id="{F481F1A2-6111-40C9-8ECA-FF477666B75A}" colspan="1" locklevel="0">
                      <labels>
                        <label description="Description" languagecode="1033" />
                      </labels>
                      <control id="description" classid="{E0DECE4B-6FC8-4a8f-A065-082708572369}" datafieldname="description" uniqueid="{945cd8da-4e49-d1d1-862b-aa18beebec23}" disabled="false" />
                    </cell>
                  </row>
                  <row />
                  <row height="auto" />
                  <row>
                    <cell id="{1bec2d5a-8173-0612-a1d4-607a09b31dde}" showlabel="false" locklevel="0" visible="false" availableforphone="false">
                      <labels>
                        <label description="Modified On" languagecode="1033" />
                      </labels>
                      <control id="modifiedon" classid="{5B773807-9FB2-42db-97C3-7A91EFF8ADFF}" datafieldname="modifiedon" disabled="false" uniqueid="{d092ca6b-a550-88db-861b-ec6a16253042}" />
                    </cell>
                  </row>
                </rows>
              </section>
            </sections>
          </column>
          <column width="50%">
            <sections>
              <section name="phonecall_section_2" showlabel="false" showbar="false" locklevel="0" id="{ae576b12-0b5a-07c2-8791-b26a39cd383a}" IsUserDefined="0" layout="varwidth" columns="1" labelwidth="115" celllabelalignment="Left" celllabelposition="Top">
                <labels>
                  <label description="Section" languagecode="1033" />
                </labels>
                <rows>
                  <row>
                    <cell id="{4ae76c47-a910-3039-4bc0-cd4e0207a657}" showlabel="true" colspan="1" auto="false" rowspan="8">
                      <labels>
                        <label description="Related Products" languagecode="1033" />
                      </labels>
                      <control id="WebResource_RelatedProducts" classid="{9FDF5F91-88B1-47f4-AD53-C11EFC01A01D}">
                        <parameters>
                          <Url>nwm_/app/components/widgets/tagging/view.html</Url>
                          <PassParameters>false</PassParameters>
                          <ShowOnMobileClient>false</ShowOnMobileClient>
                          <Security>false</Security>
                          <Scrolling>auto</Scrolling>
                          <Border>false</Border>
                          <WebResourceId>{4538D3FD-64DD-E611-80D9-3863BB34CDB0}</WebResourceId>
                        </parameters>
                      </control>
                      <events>
                        <event name="onload" application="false">
                          <dependencies />
                        </event>
                      </events>
                    </cell>
                  </row>
                  <row />
                  <row />
                  <row />
                  <row />
                  <row />
                  <row />
                  <row />
                </rows>
              </section>
            </sections>
          </column>
        </columns>
      </tab>
      <tab name="tabCallReport" id="{7e434091-3862-4e01-46b5-a81659ee0c4a}" IsUserDefined="0" locklevel="0" showlabel="true" expanded="true">
        <labels>
          <label description="Call Report" languagecode="1033" />
        </labels>
        <columns>
          <column width="100%">
            <sections>
              <section name="SectionCallReports" showlabel="false" showbar="false" locklevel="0" id="{b1cd77c8-cb77-8643-4e8d-a12cdcc8b980}" IsUserDefined="0" layout="varwidth" columns="1" labelwidth="115" celllabelalignment="Left" celllabelposition="Left">
                <labels>
                  <label description="Section" languagecode="1033" />
                </labels>
                <rows>
                  <row>
                    <cell id="{3cedde24-68bb-77a0-50a1-b2983c7edaae}" showlabel="false" auto="false" rowspan="6" colspan="1">
                      <labels>
                        <label description="Related Call Reports" languagecode="1033" />
                      </labels>
                      <control id="RelatedCallReports" classid="{E7A81278-8635-4d9e-8D4D-59480B391C5B}" indicationOfSubgrid="true" uniqueid="{ad2dd7ed-8a1d-1525-bd25-d2c432e85b2c}">
                        <parameters>
                          <ViewId>{6134EE54-E2EB-4B45-9881-C310B8BB3E5A}</ViewId>
                          <IsUserView>false</IsUserView>
                          <RelationshipName>nwm_phonecall_nwm_callreport_PhoneCallId</RelationshipName>
                          <TargetEntityType>nwm_callreport</TargetEntityType>
                          <AutoExpand>Fixed</AutoExpand>
                          <EnableQuickFind>false</EnableQuickFind>
                          <EnableViewPicker>false</EnableViewPicker>
                          <ViewIds>{6134EE54-E2EB-4B45-9881-C310B8BB3E5A}</ViewIds>
                          <EnableJumpBar>false</EnableJumpBar>
                          <ChartGridMode>Grid</ChartGridMode>
                          <VisualizationId />
                          <IsUserChart>false</IsUserChart>
                          <EnableChartPicker>false</EnableChartPicker>
                          <RecordsPerPage>4</RecordsPerPage>
                        </parameters>
                      </control>
                    </cell>
                  </row>
                  <row />
                  <row />
                  <row />
                  <row />
                  <row />
                </rows>
              </section>
            </sections>
          </column>
        </columns>
      </tab>
    </tabs>
    <header id="{5A88E8A6-D3C5-48E8-806D-644E55DFC2E7}" columns="1111" celllabelposition="Top" labelwidth="115">
      <rows>
        <row>
          <cell id="{850991FD-30C2-4098-A369-AA6EC7CEE7CB}" showlabel="true">
            <labels>
              <label description="Priority" languagecode="1033" />
            </labels>
            <control id="header_priority" classid="{3EF39988-22BB-4f0b-BBBE-64B5A3748AEE}" datafieldname="prioritycode" />
          </cell>
          <cell showlabel="true" locklevel="0" rowspan="1" colspan="1" id="{A74F621F-B15C-4FFA-890F-6A20E9746998}">
            <labels>
              <label description="Due" languagecode="1033" />
            </labels>
            <control id="header_scheduledend" classid="{5B773807-9FB2-42db-97C3-7A91EFF8ADFF}" datafieldname="scheduledend" disabled="false" />
          </cell>
          <cell id="{DCBC8C79-0F64-488D-BAE1-1ABDCBB8E460}">
            <labels>
              <label description="Status" languagecode="1033" />
            </labels>
            <control id="header_statecode" classid="{3EF39988-22BB-4f0b-BBBE-64B5A3748AEE}" datafieldname="statecode" disabled="true" />
          </cell>
          <cell id="{2C735F61-F74C-4D9A-A25B-56DF11AF5216}" showlabel="true" locklevel="1">
            <labels>
              <label description="Owner" languagecode="1033" />
            </labels>
            <control id="header_ownerid" classid="{270BD3DB-D9AF-4782-9025-509E298DEC0A}" datafieldname="ownerid" />
          </cell>
        </row>
      </rows>
    </header>
    <events>
      <event name="onload" application="true" active="true">
        <InternalHandlers>
          <Handler functionName="Mscrm.Form_onload" libraryName="PhoneCall_main_system_library.js" handlerUniqueId="64c59696-aed0-41fd-9570-b6a504ba7ea2" enabled="true" />
        </InternalHandlers>
        <Handlers>
          <Handler functionName="Rbs.Crm.FOS.Activity.onLoad" libraryName="nwm_/Script/activity.js" handlerUniqueId="{9939e4c6-a791-0dab-3e86-b8553cd78d18}" enabled="true" parameters="" passExecutionContext="false" />
          <Handler functionName="captureTelemetry" libraryName="nwm_/Script/Telemetry.js" handlerUniqueId="{72cc311c-d3ae-33e7-9097-bde4079bd030}" enabled="true" parameters="" passExecutionContext="false" />
        </Handlers>
      </event>
      <event name="onchange" application="true" active="true" attribute="directioncode">
        <InternalHandlers>
          <Handler functionName="Mscrm.directioncode_onchange" libraryName="PhoneCall_main_system_library.js" handlerUniqueId="17d9b56a-72fb-4cf6-8fde-4a7263c84ca4" enabled="true">
            <dependencies>
              <dependency id="to" />
              <dependency id="from" />
            </dependencies>
          </Handler>
        </InternalHandlers>
      </event>
    </events>
    <clientresources>
      <internalresources>
        <clientincludes>
          <internaljscriptfile src="/_static/activities/activity.js" />
          <internaljscriptfile src="$webresource:PhoneCall_main_system_library.js" />
        </clientincludes>
      </internalresources>
    </clientresources>
    <Navigation>
      <NavBar></NavBar>
      <NavBarAreas>
        <NavBarArea Id="Info">
          <Titles>
            <Title LCID="1033" Text="Common" />
          </Titles>
        </NavBarArea>
        <NavBarArea Id="Sales">
          <Titles>
            <Title LCID="1033" Text="Sales" />
          </Titles>
        </NavBarArea>
        <NavBarArea Id="Service">
          <Titles>
            <Title LCID="1033" Text="Service" />
          </Titles>
        </NavBarArea>
        <NavBarArea Id="Marketing">
          <Titles>
            <Title LCID="1033" Text="Marketing" />
          </Titles>
        </NavBarArea>
        <NavBarArea Id="ProcessCenter">
          <Titles>
            <Title LCID="1033" Text="Process Sessions" />
          </Titles>
        </NavBarArea>
      </NavBarAreas>
    </Navigation>
    <formLibraries>
      <Library name="nwm_/Script/xrmservicetoolkit.js" libraryUniqueId="{a1d26c40-42d0-a36b-c9c6-072e01e4d4b2}" />
      <Library name="nwm_/Script/Json2.js" libraryUniqueId="{05771878-ed5b-7b1a-a61e-94831a70b842}" />
      <Library name="nwm_/Script/process.js" libraryUniqueId="{912072ee-431c-5a31-9411-5692e62b3115}" />
      <Library name="nwm_/Script/activity.js" libraryUniqueId="{6462341d-bb15-eaa5-bd7c-6879a45ca19d}" />
      <Library name="nwm_/Script/Telemetry.js" libraryUniqueId="{47bb4850-9d06-9d49-415b-ad9bedb66313}" />
    </formLibraries>
    <controlDescriptions />
  </form>
  <LocalizedNames>
    <LocalizedName description="Phone Call" languagecode="1033" />
  </LocalizedNames>
  <Descriptions>
    <Description description="Updated Default Phone Call Form" languagecode="1033" />
  </Descriptions>
</systemform>