{"properties":{"connectionReferences":{"shared_commondataserviceforapps":{"runtimeSource":"embedded","connection":{"connectionReferenceLogicalName":"mcs_sharedcommondataserviceforapps_7db1e"},"api":{"name":"shared_commondataserviceforapps"}}},"definition":{"$schema":"https://schema.management.azure.com/providers/Microsoft.Logic/schemas/2016-06-01/workflowdefinition.json#","contentVersion":"1.0.0.0","parameters":{"$connections":{"defaultValue":{},"type":"Object"},"$authentication":{"defaultValue":{},"type":"SecureObject"}},"triggers":{"manual":{"type":"Request","kind":"Button","inputs":{"schema":{"type":"object","properties":{},"required":[]}}}},"actions":{"Custome_Contact":{"runAfter":{},"type":"OpenApiConnection","inputs":{"host":{"connectionName":"shared_commondataserviceforapps","operationId":"ListRecords","apiId":"/providers/Microsoft.PowerApps/apis/shared_commondataserviceforapps"},"parameters":{"entityName":"contacts","fetchXml":"<fetch >\n  <entity name=\"contact\" >\n    <attribute name=\"fullname\" />\n     <attribute name=\"emailaddress1\" />\n\t<attribute name=\"msdyn_contactpersonid\" />\n    <link-entity name=\"mcs_account_contact\" from=\"contactid\" to=\"contactid\" link-type=\"inner\" alias=\"ContactAccount\" intersect=\"true\" >\n      <attribute name=\"accountid\" />\n      <attribute name=\"mcs_account_contactid\" />\n      <attribute name=\"contactid\" />\n      <link-entity name=\"account\" from=\"accountid\" to=\"accountid\" link-type=\"inner\" alias=\"Account\" intersect=\"true\" >\n        <attribute name=\"accountnumber\" alias=\"CustomerCode\" />\n         <attribute name=\"accountid\" alias=\"AccountUniqueID\" />\n      </link-entity>\n    </link-entity>\n  </entity>\n</fetch>"},"authentication":{"type":"Raw","value":"@json(decodeBase64(triggerOutputs().headers['X-MS-APIM-Tokens']))['$ConnectionKey']"}}},"Apply-to-each":{"foreach":"@outputs('Custome_Contact')?['body/value']","actions":{"AccountID":{"runAfter":{},"type":"Compose","inputs":"@items('Apply-to-each')?['AccountUniqueID']"},"Add_a_new_row":{"runAfter":{"AccountID":["Succeeded"]},"type":"OpenApiConnection","inputs":{"host":{"connectionName":"shared_commondataserviceforapps","operationId":"CreateRecord","apiId":"/providers/Microsoft.PowerApps/apis/shared_commondataserviceforapps"},"parameters":{"entityName":"mcs_customer_contacts","item/mcs_name":"@{items('Apply-to-each')?['fullname']}_@{items('Apply-to-each')?['CustomerCode']}","item/mcs_Account@odata.bind":"accounts(@{outputs('AccountID')})","item/mcs_Contact@odata.bind":"contacts(@{items('Apply-to-each')?['contactid']})","item/mcs_contactid":"@items('Apply-to-each')?['msdyn_contactpersonid']","item/mcs_customercode":"@items('Apply-to-each')?['CustomerCode']","item/mcs_email":"@items('Apply-to-each')?['emailaddress1']"},"authentication":{"type":"Raw","value":"@json(decodeBase64(triggerOutputs().headers['X-MS-APIM-Tokens']))['$ConnectionKey']"}}}},"runAfter":{"Custome_Contact":["Succeeded"]},"type":"Foreach"}},"outputs":{}}},"schemaVersion":"1.0.0.0"}