<?xml version="1.0" encoding="UTF-8" standalone="yes"?>
<UserRole xmlns:xsi="http://www.w3.org/2001/XMLSchema-instance">
	<AssignSecurityRoleToUser>
		<execute>true</execute>
		<Action>Remove</Action>
		<RoleName>AIB Roles</RoleName>
		<UserName>test1@eyinsdemo.onmicrosoft.com</UserName>
	</AssignSecurityRoleToUser>
	<AssignSecurityRoleToUser>
		<execute>true</execute>
		<Action>Add</Action>
		<RoleName>AIB Roles</RoleName>
		<UserName>Satishsingh@eyinsdemo.onmicrosoft.com</UserName>
	</AssignSecurityRoleToUser>
</UserRole>