﻿<?xml version="1.0" encoding="utf-8"?>
<TeamRole>
<AssignSecurityRoleToTeam Description="Adds or Removes RoleName to TeamName" Developer="Ashok Singh">
  <execute></execute>
  <Action></Action>
  <RoleName></RoleName>
  <TeamName></TeamName>
</AssignSecurityRoleToTeam>
<AssignSecurityRoleToTeam Description="Adds or Removes RoleName to TeamName" Developer="Ashok Singh">
  <execute></execute>
  <Action></Action>
  <RoleName></RoleName>
  <TeamName></TeamName>
</AssignSecurityRoleToTeam>
</TeamRole>


