﻿<?xml version="1.0" encoding="utf-8"?>

<UserRole>
<AssignSecurityRoleToUser Description="Adds or Removes RoleName to UserName" Developer="Ashok Singh">
  <execute></execute>
  <Action></Action>
  <RoleName></RoleName>
  <UserName></UserName>
</AssignSecurityRoleToUser>
<AssignSecurityRoleToUser Description="Adds or Removes RoleName to UserName" Developer="Ashok Singh">
  <execute></execute>
  <Action></Action>
  <RoleName></RoleName>
  <UserName></UserName>
</AssignSecurityRoleToUser>
</UserRole>


