<?xml version="1.0" encoding="utf-8"?>
<forms xmlns:xsi="http://www.w3.org/2001/XMLSchema-instance">
  <systemform>
    <formid>{d3e37a67-328a-4222-9852-88ee7a88b484}</formid>
    <IntroducedVersion>1.0</IntroducedVersion>
    <FormPresentation>1</FormPresentation>
    <FormActivationState>1</FormActivationState>
    <form
      headerdensity="HighWithControls">
      <tabs>
        <tab
          verticallayout="true"
          id="{fdc55830-4a20-43b2-b5ea-cebe855a991a}"
          IsUserDefined="1">
          <labels>
            <label
              description="General"
              languagecode="1033" />
          </labels>
          <columns>
            <column
              width="100%">
              <sections>
                <section
                  showlabel="false"
                  showbar="false"
                  IsUserDefined="0"
                  id="{b1066816-664a-44b4-9420-b0ca0a0469f7}">
                  <labels>
                    <label
                      description="General"
                      languagecode="1033" />
                  </labels>
                  <rows>
                    <row>
                      <cell
                        id="{f2085e80-9702-4b5e-a282-7f3f8e8ce7f2}">
                        <labels>
                          <label
                            description="Name"
                            languagecode="1033" />
                        </labels>
                        <control
                          id="rhm_name"
                          classid="{4273EDBD-AC1D-40d3-9FB2-095C621B552D}"
                          datafieldname="rhm_name"
                          disabled="true" />
                      </cell>
                    </row>
                    <row>
                      <cell
                        id="{a0855c74-6343-436b-b87a-5875aacdcfec}"
                        locklevel="0"
                        colspan="1"
                        rowspan="1">
                        <labels>
                          <label
                            description="Account"
                            languagecode="1033" />
                        </labels>
                        <control
                          id="rhm_accountid"
                          classid="{270BD3DB-D9AF-4782-9025-509E298DEC0A}"
                          datafieldname="rhm_accountid"
                          disabled="false" />
                      </cell>
                    </row>
                    <row>
                      <cell
                        id="{20e29a47-2de5-4b4e-97cf-4773f4dab184}"
                        locklevel="0"
                        colspan="1"
                        rowspan="1">
                        <labels>
                          <label
                            description="Division"
                            languagecode="1033" />
                        </labels>
                        <control
                          id="rhm_accounttypeid"
                          classid="{270BD3DB-D9AF-4782-9025-509E298DEC0A}"
                          datafieldname="rhm_accounttypeid"
                          disabled="false" />
                      </cell>
                    </row>
                    <row>
                      <cell
                        id="{05e88f17-3e28-493b-b989-fbdc5430b49a}"
                        locklevel="0"
                        colspan="1"
                        rowspan="1">
                        <labels>
                          <label
                            description="Type"
                            languagecode="1033" />
                        </labels>
                        <control
                          id="rhm_type"
                          classid="{270BD3DB-D9AF-4782-9025-509E298DEC0A}"
                          datafieldname="rhm_type"
                          disabled="false" />
                      </cell>
                    </row>
                    <row>
                      <cell
                        id="{aaebbafe-6a90-473b-a5ef-3e14439307b8}"
                        locklevel="0"
                        colspan="1"
                        rowspan="1">
                        <labels>
                          <label
                            description="Sub Type"
                            languagecode="1033" />
                        </labels>
                        <control
                          id="rhm_subtype"
                          classid="{270BD3DB-D9AF-4782-9025-509E298DEC0A}"
                          datafieldname="rhm_subtype"
                          disabled="false">
                          <parameters>
                            <DependentAttributeName>rhm_accounttoaccounttype.rhm_type</DependentAttributeName>
                            <DependentAttributeType>rhm_type</DependentAttributeType>
                            <FilterRelationshipName>rhm_rhm_subtype_Type_rhm_type</FilterRelationshipName>
                            <AllowFilterOff>false</AllowFilterOff>
                          </parameters>
                        </control>
                      </cell>
                    </row>
                    <row>
                      <cell
                        id="{142d4f34-ab73-4328-a86d-6ff128aa0402}"
                        locklevel="0"
                        colspan="1"
                        rowspan="1">
                        <labels>
                          <label
                            description="Oracle Account Id"
                            languagecode="1033" />
                        </labels>
                        <control
                          id="rhm_oracleaccountid"
                          classid="{4273EDBD-AC1D-40D3-9FB2-095C621B552D}"
                          datafieldname="rhm_oracleaccountid"
                          disabled="false"
                          uniqueid="{cde99ccb-93a8-3c89-0303-ba37a01da405}" />
                      </cell>
                    </row>
                    <row>
                      <cell
                        id="{df5043e9-24e1-4c17-9b40-a73168b3b010}"
                        colspan="1"
                        rowspan="1"
                        visible="false">
                        <labels>
                          <label
                            description="Owner"
                            languagecode="1033" />
                        </labels>
                        <control
                          id="ownerid"
                          classid="{270BD3DB-D9AF-4782-9025-509E298DEC0A}"
                          datafieldname="ownerid" />
                      </cell>
                    </row>
                    <row>
                      <cell
                        id="{37eac2c3-7ccc-1a5c-b942-070ebc3505bb}"
                        showlabel="true"
                        locklevel="0">
                        <labels>
                          <label
                            description="Parent Account"
                            languagecode="1033" />
                        </labels>
                        <control
                          id="rhm_memberofid"
                          classid="{270BD3DB-D9AF-4782-9025-509E298DEC0A}"
                          datafieldname="rhm_memberofid"
                          disabled="false"
                          uniqueid="{91175873-6047-17d5-c6c4-11b0801b9db8}">
                          <parameters>
                            <AutoResolve>true</AutoResolve>
                            <DisableMru>false</DisableMru>
                            <DisableQuickFind>false</DisableQuickFind>
                            <DisableViewPicker>false</DisableViewPicker>
                            <DefaultViewId>{D5871BF4-051D-4318-80F5-4CCA88282FB9}</DefaultViewId>
                            <AllowFilterOff>false</AllowFilterOff>
                          </parameters>
                        </control>
                      </cell>
                    </row>
                    <row>
                      <cell
                        id="{7092e88a-b501-436c-811d-c204083ea4ec}"
                        showlabel="false"
                        colspan="1"
                        auto="false">
                        <labels>
                          <label
                            description="Parent Account"
                            languagecode="1033" />
                        </labels>
                        <control
                          id="quickview"
                          classid="{5C5600E0-1D6E-4205-A272-BE80DA87FD42}"
                          datafieldname="rhm_memberofid"
                          disabled="false">
                          <parameters>
                            <QuickForms>&lt;QuickFormIds&gt;&lt;QuickFormId entityname="rhm_accounttoaccounttype"&gt;88337cbf-1f76-413c-93d1-7dd5fd979277&lt;/QuickFormId&gt;&lt;/QuickFormIds&gt;</QuickForms>
                            <ControlMode>Edit</ControlMode>
                            <DisplayAsCustomer360Tile>false</DisplayAsCustomer360Tile>
                          </parameters>
                        </control>
                      </cell>
                    </row>
                  </rows>
                </section>
              </sections>
            </column>
          </columns>
        </tab>
        <tab
          name="tab_2"
          id="{1312772e-cb8a-820a-a306-d86d1ad5927a}"
          IsUserDefined="0"
          locklevel="0"
          showlabel="true"
          expanded="true">
          <labels>
            <label
              description="Child Accounts"
              languagecode="1033" />
          </labels>
          <columns>
            <column
              width="100%">
              <sections>
                <section
                  name="tab_2_section_1"
                  showlabel="false"
                  showbar="false"
                  locklevel="0"
                  id="{7e1ec564-9ccd-ada7-9a2c-5cc41593063c}"
                  IsUserDefined="0"
                  layout="varwidth"
                  columns="1"
                  labelwidth="115">
                  <labels>
                    <label
                      description="Section"
                      languagecode="1033" />
                  </labels>
                  <rows>
                    <row>
                      <cell
                        id="{a61be863-4819-9a00-9126-81b24e3d2c39}"
                        showlabel="false"
                        colspan="1"
                        auto="false"
                        rowspan="8">
                        <labels>
                          <label
                            description="Account to Account Types (Member Of)"
                            languagecode="1033" />
                        </labels>
                        <control
                          id="ChildAccount"
                          classid="{E7A81278-8635-4d9e-8D4D-59480B391C5B}"
                          indicationOfSubgrid="true"
                          uniqueid="{126d0430-29ca-c699-41d8-423bda08d914}">
                          <parameters>
                            <ViewId>{10656EA2-69F5-ED11-8848-0022482B28AD}</ViewId>
                            <IsUserView>false</IsUserView>
                            <RelationshipName>rhm_rhm_accounttoaccounttype_rhm_accounttoacc</RelationshipName>
                            <TargetEntityType>rhm_accounttoaccounttype</TargetEntityType>
                            <AutoExpand>Fixed</AutoExpand>
                            <EnableQuickFind>false</EnableQuickFind>
                            <EnableViewPicker>false</EnableViewPicker>
                            <ViewIds>{617B1D23-3E61-4CF9-B962-095E46789746},{10656EA2-69F5-ED11-8848-0022482B28AD}</ViewIds>
                            <EnableJumpBar>false</EnableJumpBar>
                            <ChartGridMode>All</ChartGridMode>
                            <VisualizationId />
                            <IsUserChart>false</IsUserChart>
                            <EnableChartPicker>true</EnableChartPicker>
                            <RecordsPerPage>6</RecordsPerPage>
                            <HeaderColorCode>#F3F3F3</HeaderColorCode>
                          </parameters>
                        </control>
                      </cell>
                    </row>
                    <row />
                    <row />
                    <row />
                    <row />
                    <row />
                    <row />
                    <row />
                  </rows>
                </section>
              </sections>
            </column>
          </columns>
        </tab>
        <tab
          name="ACDContractors"
          id="{c6324cad-2156-2c6c-8a5c-52335a03779d}"
          IsUserDefined="0"
          locklevel="0"
          showlabel="true"
          expanded="true">
          <labels>
            <label
              description="Contractors"
              languagecode="1033" />
          </labels>
          <columns>
            <column
              width="100%">
              <sections>
                <section
                  name="tab_3_section_1"
                  showlabel="false"
                  showbar="false"
                  locklevel="0"
                  id="{608429a2-2b42-3129-0e50-c7b9bb854eba}"
                  IsUserDefined="0"
                  layout="varwidth"
                  columns="1"
                  labelwidth="115">
                  <labels>
                    <label
                      description="Section"
                      languagecode="1033" />
                  </labels>
                  <rows>
                    <row>
                      <cell
                        id="{711b6333-d012-0858-d44b-3451a0c5db90}"
                        showlabel="false"
                        colspan="1"
                        auto="false"
                        rowspan="6">
                        <labels>
                          <label
                            description="Account to Account Types (Member Of)"
                            languagecode="1033" />
                        </labels>
                        <control
                          id="acdcontractors"
                          classid="{E7A81278-8635-4d9e-8D4D-59480B391C5B}"
                          indicationOfSubgrid="true"
                          uniqueid="{34b42a10-8747-8dd8-dee0-e23c6bd682ec}">
                          <parameters>
                            <ViewId>{879FB3E3-69F5-ED11-8848-0022482B28AD}</ViewId>
                            <IsUserView>false</IsUserView>
                            <RelationshipName>rhm_rhm_accounttoaccounttype_rhm_accounttoacc</RelationshipName>
                            <TargetEntityType>rhm_accounttoaccounttype</TargetEntityType>
                            <AutoExpand>Fixed</AutoExpand>
                            <EnableQuickFind>false</EnableQuickFind>
                            <EnableViewPicker>false</EnableViewPicker>
                            <ViewIds>{879FB3E3-69F5-ED11-8848-0022482B28AD},{617B1D23-3E61-4CF9-B962-095E46789746}</ViewIds>
                            <EnableJumpBar>false</EnableJumpBar>
                            <ChartGridMode>All</ChartGridMode>
                            <VisualizationId />
                            <IsUserChart>false</IsUserChart>
                            <EnableChartPicker>true</EnableChartPicker>
                            <RecordsPerPage>4</RecordsPerPage>
                            <HeaderColorCode>#F3F3F3</HeaderColorCode>
                          </parameters>
                        </control>
                      </cell>
                    </row>
                    <row />
                    <row />
                    <row />
                    <row />
                    <row />
                  </rows>
                </section>
              </sections>
            </column>
          </columns>
        </tab>
      </tabs>
      <header
        id="{04aac6f9-d9f8-4836-87e0-04a5bb42ee02}"
        celllabelposition="Top"
        columns="111"
        labelwidth="115"
        celllabelalignment="Left">
        <rows>
          <row>
            <cell
              id="{4ac4d2bf-79f8-4e4c-ab73-680b4c0fc4fb}"
              showlabel="false">
              <labels>
                <label
                  description=""
                  languagecode="1033" />
              </labels>
            </cell>
            <cell
              id="{1ba9b7b5-e2b1-4c72-b373-9e43cf7d2c7d}"
              showlabel="false">
              <labels>
                <label
                  description=""
                  languagecode="1033" />
              </labels>
            </cell>
            <cell
              id="{901402ab-4342-4107-8784-e3620ce65b10}"
              showlabel="false">
              <labels>
                <label
                  description=""
                  languagecode="1033" />
              </labels>
            </cell>
          </row>
        </rows>
      </header>
      <footer
        id="{fa0be905-a099-48fd-9fdc-3ee4f0d1b62e}"
        celllabelposition="Top"
        columns="111"
        labelwidth="115"
        celllabelalignment="Left">
        <rows>
          <row>
            <cell
              id="{72f27e72-f0ef-4354-acb0-e19813393c13}"
              showlabel="false">
              <labels>
                <label
                  description=""
                  languagecode="1033" />
              </labels>
            </cell>
            <cell
              id="{35a84d07-d571-4464-958c-f1f2b9085f19}"
              showlabel="false">
              <labels>
                <label
                  description=""
                  languagecode="1033" />
              </labels>
            </cell>
            <cell
              id="{0cbe2016-1210-49a5-bf6e-3523e0543b07}"
              showlabel="false">
              <labels>
                <label
                  description=""
                  languagecode="1033" />
              </labels>
            </cell>
          </row>
        </rows>
      </footer>
      <Navigation>
        <NavBar></NavBar>
        <NavBarAreas>
          <NavBarArea
            Id="Info">
            <Titles>
              <Title
                LCID="1033"
                Text="Common" />
            </Titles>
          </NavBarArea>
          <NavBarArea
            Id="Sales">
            <Titles>
              <Title
                LCID="1033"
                Text="Sales" />
            </Titles>
          </NavBarArea>
          <NavBarArea
            Id="Service">
            <Titles>
              <Title
                LCID="1033"
                Text="Service" />
            </Titles>
          </NavBarArea>
          <NavBarArea
            Id="Marketing">
            <Titles>
              <Title
                LCID="1033"
                Text="Marketing" />
            </Titles>
          </NavBarArea>
          <NavBarArea
            Id="ProcessCenter">
            <Titles>
              <Title
                LCID="1033"
                Text="Process Sessions" />
            </Titles>
          </NavBarArea>
        </NavBarAreas>
      </Navigation>
      <controlDescriptions />
      <DisplayConditions
        Order="0"
        FallbackForm="true">
        <Everyone />
      </DisplayConditions>
    </form>
    <IsCustomizable>1</IsCustomizable>
    <CanBeDeleted>1</CanBeDeleted>
    <LocalizedNames>
      <LocalizedName
        description="Information"
        languagecode="1033" />
    </LocalizedNames>
    <Descriptions>
      <Description
        description="A form for this entity."
        languagecode="1033" />
    </Descriptions>
  </systemform>
</forms>