﻿<?xml version="1.0" encoding="utf-8"?>
<systemform>
  <formid>{9e6a631c-581d-449a-899f-1734a5b80c2f}</formid>
  <IntroducedVersion>1.0.0.0</IntroducedVersion>
  <FormPresentation>1</FormPresentation>
  <FormActivationState>1</FormActivationState>
  <form>
    <tabs>
      <tab verticallayout="true" id="{a7a2cfa7-9c1b-485a-9492-2b378dcb58a3}" IsUserDefined="1" name="{a7a2cfa7-9c1b-485a-9492-2b378dcb58a3}" expanded="true" locklevel="0" showlabel="true">
        <labels>
          <label description="General" languagecode="1033" />
        </labels>
        <columns>
          <column width="100%">
            <sections>
              <section showlabel="false" showbar="false" IsUserDefined="0" id="{f5ddc99d-5583-4b4b-8bd4-f0dab45fe7e0}" name="{f5ddc99d-5583-4b4b-8bd4-f0dab45fe7e0}" columns="1" locklevel="0" labelwidth="130" celllabelalignment="Left" celllabelposition="Left">
                <labels>
                  <label description="General" languagecode="1033" />
                </labels>
                <rows>
                  <row>
                    <cell id="{7a5f2914-be20-4696-abb6-83fd7859071c}" showlabel="true" locklevel="0" availableforphone="false">
                      <labels>
                        <label description="Name" languagecode="1033" />
                      </labels>
                      <control id="rbs_name" classid="{4273EDBD-AC1D-40d3-9FB2-095C621B552D}" datafieldname="rbs_name" uniqueid="{0b42cea4-b1eb-ba64-400b-282338b98930}" disabled="false" />
                    </cell>
                  </row>
                  <row>
                    <cell id="{cc03cbc6-105c-d398-0760-4bd039a6217a}" showlabel="true" locklevel="0">
                      <labels>
                        <label description="Notification Message" languagecode="1033" />
                      </labels>
                      <control id="rbs_notificationmessageid" classid="{270BD3DB-D9AF-4782-9025-509E298DEC0A}" datafieldname="rbs_notificationmessageid" disabled="false" />
                    </cell>
                  </row>
                  <row>
                    <cell id="{16e03adb-c476-cabd-3644-e4837c09174d}" showlabel="true" locklevel="0">
                      <labels>
                        <label description="Notification Type" languagecode="1033" />
                      </labels>
                      <control id="rbs_notificationtype" classid="{3EF39988-22BB-4f0b-BBBE-64B5A3748AEE}" datafieldname="rbs_notificationtype" disabled="false" />
                    </cell>
                  </row>
                  <row>
                    <cell id="{442719e9-d4dc-0147-0888-49cb6d9a2de3}" showlabel="true" locklevel="0">
                      <labels>
                        <label description="Notification Display Type" languagecode="1033" />
                      </labels>
                      <control id="rbs_notificationdisplaytype" classid="{3EF39988-22BB-4f0b-BBBE-64B5A3748AEE}" datafieldname="rbs_notificationdisplaytype" disabled="false" uniqueid="{59240ba6-a91e-7d1d-86c0-c11a2a71dbd0}" />
                    </cell>
                  </row>
                  <row>
                    <cell id="{7b0d9324-5833-4ec8-0ce7-5eec606d06d0}" showlabel="true" locklevel="0">
                      <labels>
                        <label description="Notification Priority" languagecode="1033" />
                      </labels>
                      <control id="rbs_notificationpriority" classid="{3EF39988-22BB-4f0b-BBBE-64B5A3748AEE}" datafieldname="rbs_notificationpriority" disabled="false" />
                    </cell>
                  </row>
                  <row>
                    <cell id="{ba4d6a93-729e-3226-b7ae-05292762cd8b}" showlabel="true" locklevel="0">
                      <labels>
                        <label description="Notification Category" languagecode="1033" />
                      </labels>
                      <control id="rbs_notificationcategory" classid="{3EF39988-22BB-4f0b-BBBE-64B5A3748AEE}" datafieldname="rbs_notificationcategory" disabled="false" />
                    </cell>
                  </row>
                  <row>
                    <cell id="{7bd8d2ce-26c4-12b2-2d79-d44c24d7ee62}" showlabel="true" locklevel="0">
                      <labels>
                        <label description="Applicable From" languagecode="1033" />
                      </labels>
                      <control id="rbs_applicablefrom" classid="{5B773807-9FB2-42db-97C3-7A91EFF8ADFF}" datafieldname="rbs_applicablefrom" disabled="false" />
                    </cell>
                  </row>
                  <row>
                    <cell id="{51682839-b75e-aee3-d881-076dd0a16cd5}" showlabel="true" locklevel="0">
                      <labels>
                        <label description="Applicable Till" languagecode="1033" />
                      </labels>
                      <control id="rbs_applicabletill" classid="{5B773807-9FB2-42db-97C3-7A91EFF8ADFF}" datafieldname="rbs_applicabletill" disabled="false" />
                    </cell>
                  </row>
                  <row>
                    <cell id="{4735ac76-3ea1-9b18-5a7c-a767ec420e95}" showlabel="true" locklevel="0">
                      <labels>
                        <label description="Prompt Enabled" languagecode="1033" />
                      </labels>
                      <control id="rbs_promptenabled" classid="{67FAC785-CD58-4f9f-ABB3-4B7DDC6ED5ED}" datafieldname="rbs_promptenabled" disabled="false" />
                    </cell>
                  </row>
                  <row>
                    <cell id="{ed7c354a-08ae-d8b4-9605-992dba516223}" showlabel="true" locklevel="0">
                      <labels>
                        <label description="Notification Expired On" languagecode="1033" />
                      </labels>
                      <control id="rbs_notificationexpiredon" classid="{5B773807-9FB2-42db-97C3-7A91EFF8ADFF}" datafieldname="rbs_notificationexpiredon" disabled="false" />
                    </cell>
                  </row>
                  <row>
                    <cell id="{3252e83c-9ba6-78c5-6cac-328947320079}" showlabel="true" locklevel="0">
                      <labels>
                        <label description="RegardingCase" languagecode="1033" />
                      </labels>
                      <control id="rbs_regarding" classid="{270BD3DB-D9AF-4782-9025-509E298DEC0A}" datafieldname="rbs_regarding" disabled="false" />
                    </cell>
                  </row>
                  <row>
                    <cell id="{a622b746-4d63-7499-40a8-234c231d93dc}" showlabel="true" locklevel="0" visible="false">
                      <labels>
                        <label description="Reissue Frequency" languagecode="1033" />
                      </labels>
                      <control id="rbs_reissuefrequency" classid="{AA987274-CE4E-4271-A803-66164311A958}" datafieldname="rbs_reissuefrequency" disabled="false" uniqueid="{38032b9c-1401-5a7c-4ed5-3540a5d50421}" />
                    </cell>
                  </row>
                  <row>
                    <cell id="{73cca397-9e28-0eab-5447-0d64c193b456}" showlabel="true" locklevel="0" visible="false">
                      <labels>
                        <label description="Navigation URL" languagecode="1033" />
                      </labels>
                      <control id="rbs_navigationurl" classid="{71716B6C-711E-476c-8AB8-5D11542BFB47}" datafieldname="rbs_navigationurl" disabled="false" uniqueid="{ac01c512-22b7-4858-0a84-188809d8e8a7}" />
                    </cell>
                  </row>
                  <row>
                    <cell id="{3ccc492b-c9b7-46d3-bb7e-6314424eae26}">
                      <labels>
                        <label description="Owner" languagecode="1033" />
                      </labels>
                      <control id="ownerid" classid="{270BD3DB-D9AF-4782-9025-509E298DEC0A}" datafieldname="ownerid" />
                    </cell>
                  </row>
                </rows>
              </section>
              <section name="NotifcationRecipients" showlabel="false" showbar="false" locklevel="0" id="{7d9b26a7-2721-64a0-d305-ca77983b32e2}" IsUserDefined="0" layout="varwidth" columns="1" labelwidth="115" celllabelalignment="Left" celllabelposition="Left">
                <labels>
                  <label description="Notification Recipients" languagecode="1033" />
                </labels>
                <rows>
                  <row>
                    <cell id="{957ea828-c408-3793-5cdd-914494c062a0}" showlabel="true" colspan="1" auto="false" rowspan="7">
                      <labels>
                        <label description="Notification Recipients (Notification)" languagecode="1033" />
                      </labels>
                      <control id="NotificationRecipients" classid="{E7A81278-8635-4d9e-8D4D-59480B391C5B}" indicationOfSubgrid="true" uniqueid="{a5d610e6-5286-8936-0e63-1d90c6ea30a0}">
                        <parameters>
                          <ViewId>{DDC8F217-29A9-4F3B-BBCA-E703A6494740}</ViewId>
                          <IsUserView>false</IsUserView>
                          <RelationshipName>rbs_rbs_notification_rbs_notificationrecipient_Notification</RelationshipName>
                          <TargetEntityType>rbs_notificationrecipient</TargetEntityType>
                          <AutoExpand>Fixed</AutoExpand>
                          <EnableQuickFind>false</EnableQuickFind>
                          <EnableViewPicker>false</EnableViewPicker>
                          <ViewIds>{DDC8F217-29A9-4F3B-BBCA-E703A6494740}</ViewIds>
                          <EnableJumpBar>false</EnableJumpBar>
                          <ChartGridMode>All</ChartGridMode>
                          <VisualizationId />
                          <IsUserChart>false</IsUserChart>
                          <EnableChartPicker>true</EnableChartPicker>
                          <RecordsPerPage>4</RecordsPerPage>
                          <HeaderColorCode>#F3F3F3</HeaderColorCode>
                        </parameters>
                      </control>
                    </cell>
                  </row>
                  <row />
                  <row />
                  <row />
                  <row />
                  <row />
                  <row />
                </rows>
              </section>
              <section name="NotificationDialog" showlabel="false" showbar="false" locklevel="0" id="{94395353-3650-daa6-279b-70266d0c654c}" IsUserDefined="0" layout="varwidth" columns="1" labelwidth="115" celllabelalignment="Left" celllabelposition="Left">
                <labels>
                  <label description="Notification Dialog Buttons" languagecode="1033" />
                </labels>
                <rows>
                  <row>
                    <cell id="{cadc404e-7046-2cce-5e5d-3a45491c549e}" showlabel="true" colspan="1" auto="false" rowspan="7">
                      <labels>
                        <label description="Dialog Buttons (Notification Button)" languagecode="1033" />
                      </labels>
                      <control id="NotificationButtons" classid="{E7A81278-8635-4d9e-8D4D-59480B391C5B}" indicationOfSubgrid="true" uniqueid="{b7d7cc5b-69a0-4d6b-d0d6-0ce5d9b54cba}">
                        <parameters>
                          <ViewId>{5CC04A18-E604-4B30-8969-6FB6B4A49008}</ViewId>
                          <IsUserView>false</IsUserView>
                          <RelationshipName>rbs_NotificationButtons</RelationshipName>
                          <TargetEntityType>rbs_dialogbuttons</TargetEntityType>
                          <AutoExpand>Fixed</AutoExpand>
                          <EnableQuickFind>false</EnableQuickFind>
                          <EnableViewPicker>false</EnableViewPicker>
                          <ViewIds>{5CC04A18-E604-4B30-8969-6FB6B4A49008}</ViewIds>
                          <EnableJumpBar>false</EnableJumpBar>
                          <ChartGridMode>All</ChartGridMode>
                          <VisualizationId />
                          <IsUserChart>false</IsUserChart>
                          <EnableChartPicker>true</EnableChartPicker>
                          <RecordsPerPage>4</RecordsPerPage>
                          <HeaderColorCode>#F3F3F3</HeaderColorCode>
                        </parameters>
                      </control>
                    </cell>
                  </row>
                  <row />
                  <row />
                  <row />
                  <row />
                  <row />
                  <row />
                </rows>
              </section>
            </sections>
          </column>
        </columns>
      </tab>
    </tabs>
    <Navigation>
      <NavBar></NavBar>
      <NavBarAreas>
        <NavBarArea Id="Info">
          <Titles>
            <Title LCID="1033" Text="Common" />
          </Titles>
        </NavBarArea>
        <NavBarArea Id="Sales">
          <Titles>
            <Title LCID="1033" Text="Sales" />
          </Titles>
        </NavBarArea>
        <NavBarArea Id="Service">
          <Titles>
            <Title LCID="1033" Text="Service" />
          </Titles>
        </NavBarArea>
        <NavBarArea Id="Marketing">
          <Titles>
            <Title LCID="1033" Text="Marketing" />
          </Titles>
        </NavBarArea>
        <NavBarArea Id="ProcessCenter">
          <Titles>
            <Title LCID="1033" Text="Process Sessions" />
          </Titles>
        </NavBarArea>
      </NavBarAreas>
    </Navigation>
    <controlDescriptions />
  </form>
  <IsCustomizable>1</IsCustomizable>
  <CanBeDeleted>1</CanBeDeleted>
  <LocalizedNames>
    <LocalizedName description="Information" languagecode="1033" />
  </LocalizedNames>
  <Descriptions>
    <Description description="A form for this entity." languagecode="1033" />
  </Descriptions>
</systemform>