﻿<?xml version="1.0" encoding="utf-8"?>
<PluginAssembly FullName="DES.Crm.Core.AWD.Workflows, Version=1.3.0.0, Culture=neutral, PublicKeyToken=602645b03ff8678b" CustomizationLevel="1">
  <IsolationMode>2</IsolationMode>
  <SourceType>0</SourceType>
  <IntroducedVersion>1.0</IntroducedVersion>
  <FileName>/PluginAssemblies/DESCrmCoreAWDWorkflows-0C1E9EEB-C737-43B8-AD9D-EB42FDD74EF9/DESCrmCoreAWDWorkflows.dll</FileName>
  <PluginTypes>
    <PluginType AssemblyQualifiedName="DES.Crm.Core.AWD.Workflows.GetLookupAttributeNameByEntityName, DES.Crm.Core.AWD.Workflows, Version=1.3.0.0, Culture=neutral, PublicKeyToken=602645b03ff8678b" Name="DES.Crm.Core.AWD.Workflows.GetLookupAttributeNameByEntityName">
      <FriendlyName>8cf235d1-a0a4-4ec3-b4f4-9bb8683ab548</FriendlyName>
      <WorkflowActivityGroupName>DES.Crm.Core.AWD.Workflows (1.3.0.0)</WorkflowActivityGroupName>
    </PluginType>
    <PluginType AssemblyQualifiedName="DES.Crm.Core.AWD.Workflows.UpdateNextTriggerDate, DES.Crm.Core.AWD.Workflows, Version=1.3.0.0, Culture=neutral, PublicKeyToken=602645b03ff8678b" Name="DES.Crm.Core.AWD.Workflows.UpdateNextTriggerDate">
      <FriendlyName>a4168b39-ec32-4e98-bd52-0584be69d2aa</FriendlyName>
      <WorkflowActivityGroupName>DES.Crm.Core.AWD.Workflows (1.3.0.0)</WorkflowActivityGroupName>
    </PluginType>
  </PluginTypes>
</PluginAssembly>