﻿<fetch version="1.0" output-format="xml-platform" mapping="logical" distinct="false" >
  <entity name="connection" >
    <attribute name="record2id" />
    <attribute name="name" />
    <filter>
      <condition attribute="record1id" operator="eq" value="[opportunityid]" />
    </filter>
    <order attribute="record2id" descending="false" />
    <link-entity name="contact" from="contactid" to="record2id" link-type="inner" >
      <attribute name="jobtitle" />
    </link-entity>
  </entity>
</fetch>