<?xml version="1.0" encoding="utf-8"?>
<savedqueries xmlns:xsi="http://www.w3.org/2001/XMLSchema-instance">
  <savedquery>
    <IsCustomizable>1</IsCustomizable>
    <CanBeDeleted>0</CanBeDeleted>
    <isquickfindquery>0</isquickfindquery>
    <isprivate>0</isprivate>
    <isdefault>1</isdefault>
    <savedqueryid>{02ab7803-1bfc-47f7-90a2-5a7ed70e5da8}</savedqueryid>
    <layoutxml>
      <grid
        name="resultset"
        jump="rhm_partnumber"
        select="1"
        icon="1"
        preview="1">
        <row
          name="result"
          id="rhm_partorderid">
          <cell
            name="rhm_partnumber"
            width="125"
            imageproviderfunctionname=""
            imageproviderwebresource="$webresource:" />
          <cell
            name="rhm_orderreference"
            width="125"
            imageproviderfunctionname=""
            imageproviderwebresource="$webresource:" />
          <cell
            name="rhm_productserialnumber"
            width="125"
            imageproviderfunctionname=""
            imageproviderwebresource="$webresource:" />
          <cell
            name="rhm_salesordernumber"
            width="125"
            imageproviderfunctionname=""
            imageproviderwebresource="$webresource:" />
          <cell
            name="rhm_salesorderstatus"
            width="125"
            imageproviderfunctionname=""
            imageproviderwebresource="$webresource:" />
          <cell
            name="createdon"
            width="125"
            imageproviderfunctionname=""
            imageproviderwebresource="$webresource:" />
        </row>
      </grid>
    </layoutxml>
    <querytype>0</querytype>
    <fetchxml>
      <fetch
        version="1.0"
        mapping="logical">
        <entity
          name="rhm_partorder">
          <attribute
            name="rhm_partnumber" />
          <attribute
            name="createdon" />
          <order
            attribute="createdon"
            descending="true" />
          <filter
            type="and">
            <condition
              attribute="statecode"
              operator="eq"
              value="0" />
          </filter>
          <attribute
            name="rhm_orderreference" />
          <attribute
            name="rhm_salesordernumber" />
          <attribute
            name="rhm_salesorderstatus" />
          <attribute
            name="rhm_productserialnumber" />
          <attribute
            name="rhm_partorderid" />
        </entity>
      </fetch>
    </fetchxml>
    <IntroducedVersion>1.0</IntroducedVersion>
    <LocalizedNames>
      <LocalizedName
        description="Active Part Orders"
        languagecode="1033" />
    </LocalizedNames>
  </savedquery>
</savedqueries>