﻿<?xml version="1.0" encoding="utf-8"?>
<systemform>
  <formid>{98bc2186-b6b9-498f-942a-a8dbc18a916c}</formid>
  <IntroducedVersion>3.3.0.0</IntroducedVersion>
  <FormPresentation>1</FormPresentation>
  <FormActivationState>1</FormActivationState>
  <form shownavigationbar="true" showImage="false" maxWidth="1920">
    <tabs>
      <tab verticallayout="true" id="{f6935c08-3b82-4fd9-9a31-785655768e36}" IsUserDefined="1">
        <labels>
          <label description="General" languagecode="1033" />
        </labels>
        <columns>
          <column width="100%">
            <sections>
              <section showlabel="false" showbar="false" IsUserDefined="0" id="{cf81e779-ff75-461e-a98b-ba49708b1255}">
                <labels>
                  <label description="General" languagecode="1033" />
                </labels>
                <rows>
                  <row>
                    <cell id="{506c8f80-4a2e-45e2-8090-17d25c64c6c4}">
                      <labels>
                        <label description="Value" languagecode="1033" />
                      </labels>
                      <control id="rbs_name" classid="{4273EDBD-AC1D-40d3-9FB2-095C621B552D}" datafieldname="rbs_name" />
                    </cell>
                  </row>
                  <row>
                    <cell id="{b38a713a-ebb0-6d25-3815-d626ae9013bc}" showlabel="true" locklevel="0">
                      <labels>
                        <label description="Option Set" languagecode="1033" />
                      </labels>
                      <control id="rbs_optionset" classid="{270BD3DB-D9AF-4782-9025-509E298DEC0A}" datafieldname="rbs_optionset" disabled="true" uniqueid="{50cb7634-5d23-dc84-404d-c66bc43770b6}">
                        <parameters>
                          <AutoResolve>true</AutoResolve>
                          <DisableMru>false</DisableMru>
                          <DisableQuickFind>false</DisableQuickFind>
                          <DisableViewPicker>false</DisableViewPicker>
                          <DefaultViewId>{1C645655-689B-40B4-8C48-A2E91A705384}</DefaultViewId>
                          <AllowFilterOff>false</AllowFilterOff>
                        </parameters>
                      </control>
                    </cell>
                  </row>
                </rows>
              </section>
            </sections>
          </column>
        </columns>
      </tab>
    </tabs>
    <header id="{7942dc6d-2467-41f0-b516-0db5fdfd23bd}" columns="111">
      <rows>
        <row>
          <cell id="{9b1fd6b9-21ad-4fc6-86a6-517d43659cdb}" showlabel="false">
            <labels>
              <label description="" languagecode="1033" />
            </labels>
          </cell>
          <cell id="{2b0795e0-8119-4aa4-b020-16ba90adbcaa}" showlabel="false">
            <labels>
              <label description="" languagecode="1033" />
            </labels>
          </cell>
          <cell id="{51beeca4-55eb-9d52-b24e-c41baecedd04}" showlabel="true" locklevel="0">
            <labels>
              <label description="Modified On" languagecode="1033" />
            </labels>
            <control id="header_modifiedon" classid="{5B773807-9FB2-42db-97C3-7A91EFF8ADFF}" datafieldname="modifiedon" disabled="false" />
          </cell>
        </row>
      </rows>
    </header>
    <footer id="{16bd9095-792d-4d1e-9535-cc561e9719ce}" columns="111">
      <rows>
        <row>
          <cell id="{6cd3bb79-0aad-db43-6e93-077d88d59766}" showlabel="true" locklevel="0">
            <labels>
              <label description="Status" languagecode="1033" />
            </labels>
            <control id="footer_statecode" classid="{3EF39988-22BB-4f0b-BBBE-64B5A3748AEE}" datafieldname="statecode" disabled="true" />
          </cell>
          <cell id="{cacfc493-2dcc-4a10-bca4-bb9e66666e15}" showlabel="false">
            <labels>
              <label description="" languagecode="1033" />
            </labels>
          </cell>
          <cell id="{6d995b85-1243-42a2-b9a9-d9ae634a9ac0}" showlabel="false">
            <labels>
              <label description="" languagecode="1033" />
            </labels>
          </cell>
        </row>
      </rows>
    </footer>
    <Navigation>
      <NavBar></NavBar>
      <NavBarAreas>
        <NavBarArea Id="Info">
          <Titles>
            <Title LCID="1033" Text="Common" />
          </Titles>
        </NavBarArea>
        <NavBarArea Id="Sales">
          <Titles>
            <Title LCID="1033" Text="Sales" />
          </Titles>
        </NavBarArea>
        <NavBarArea Id="Service">
          <Titles>
            <Title LCID="1033" Text="Service" />
          </Titles>
        </NavBarArea>
        <NavBarArea Id="Marketing">
          <Titles>
            <Title LCID="1033" Text="Marketing" />
          </Titles>
        </NavBarArea>
        <NavBarArea Id="ProcessCenter">
          <Titles>
            <Title LCID="1033" Text="Process Sessions" />
          </Titles>
        </NavBarArea>
      </NavBarAreas>
    </Navigation>
    <controlDescriptions />
    <formLibraries>
      <Library name="rbs_optionsetvalue.js" libraryUniqueId="{bd0b8d5c-7d1e-43b0-c43a-75e3dacc4387}" />
    </formLibraries>
    <events>
      <event name="onload" application="false" active="false">
        <Handlers>
          <Handler functionName="SetNotification" libraryName="rbs_optionsetvalue.js" handlerUniqueId="{a98a5c33-7a7c-78b9-3161-549e03a084ea}" enabled="true" parameters="" passExecutionContext="false" />
        </Handlers>
      </event>
    </events>
  </form>
  <IsCustomizable>1</IsCustomizable>
  <CanBeDeleted>1</CanBeDeleted>
  <LocalizedNames>
    <LocalizedName description="Information" languagecode="1033" />
  </LocalizedNames>
  <Descriptions>
    <Description description="A form for this entity." languagecode="1033" />
  </Descriptions>
</systemform>