﻿<?xml version="1.0" encoding="utf-8"?>
<systemform>
  <formid>{c466c56a-ab9d-41a3-ac68-008a60bfe67e}</formid>
  <IntroducedVersion>8.0.0.0</IntroducedVersion>
  <FormPresentation>0</FormPresentation>
  <FormActivationState>1</FormActivationState>
  <form>
    <tabs>
      <tab id="{53809c24-e4da-4dbb-b0e4-8d152136943e}" name="tab_1" showlabel="false" expanded="true">
        <labels>
          <label description="" languagecode="1033" />
        </labels>
        <columns>
          <column width="100%">
            <sections>
              <section id="{051b4bb6-68e4-4d9b-9a8d-cc5ea202c121}" name="tab_1_column_1_section_1" columns="1" showlabel="true" showbar="false" IsUserDefined="0">
                <labels>
                  <label description="PHONE CALL DETAILS" languagecode="1033" />
                </labels>
                <rows>
                  <row>
                    <cell id="{dcc15e6a-2571-7752-5be5-6eb2c81a6b01}" showlabel="true" locklevel="0">
                      <labels>
                        <label description="Subject" languagecode="1033" />
                      </labels>
                      <control id="subject" classid="{4273EDBD-AC1D-40d3-9FB2-095C621B552D}" datafieldname="subject" disabled="false" />
                    </cell>
                  </row>
                  <row>
                    <cell id="{ed45c3c7-271c-cbdb-5290-43371b39eb8e}" showlabel="true" locklevel="0">
                      <labels>
                        <label description="Call From" languagecode="1033" />
                      </labels>
                      <control id="from" classid="{CBFB742C-14E7-4a17-96BB-1A13F7F64AA2}" datafieldname="from" disabled="false" />
                    </cell>
                  </row>
                  <row>
                    <cell id="{86932bd3-3282-9232-4707-04bd9873a454}" showlabel="true" locklevel="0">
                      <labels>
                        <label description="Call To" languagecode="1033" />
                      </labels>
                      <control id="to" classid="{CBFB742C-14E7-4a17-96BB-1A13F7F64AA2}" datafieldname="to" disabled="false" />
                    </cell>
                  </row>
                  <row>
                    <cell id="{8180138b-04b2-3d2d-1c03-b9ae4758cb2d}" showlabel="true" locklevel="0">
                      <labels>
                        <label description="Direction" languagecode="1033" />
                      </labels>
                      <control id="directioncode" classid="{67FAC785-CD58-4f9f-ABB3-4B7DDC6ED5ED}" datafieldname="directioncode" disabled="false" />
                    </cell>
                  </row>
                  <row>
                    <cell id="{86c0be92-db45-a612-1495-9ee138121759}" showlabel="true" locklevel="1" visible="false">
                      <labels>
                        <label description="Activity Status" languagecode="1033" />
                      </labels>
                      <control id="statecode" classid="{3EF39988-22BB-4f0b-BBBE-64B5A3748AEE}" datafieldname="statecode" disabled="false" uniqueid="{11796019-e093-42ca-2cd3-445e725ae30d}" />
                    </cell>
                  </row>
                  <row>
                    <cell id="{47cab81c-794b-dd84-eaa8-62bc2211c365}" showlabel="true" locklevel="1" visible="false">
                      <labels>
                        <label description="Owner" languagecode="1033" />
                      </labels>
                      <control id="ownerid" classid="{270BD3DB-D9AF-4782-9025-509E298DEC0A}" datafieldname="ownerid" disabled="false" uniqueid="{20397479-4254-92b2-3752-a7d6c38663b9}">
                        <parameters>
                          <AutoResolve>true</AutoResolve>
                          <DisableMru>false</DisableMru>
                        </parameters>
                      </control>
                    </cell>
                  </row>
                </rows>
              </section>
            </sections>
          </column>
        </columns>
      </tab>
    </tabs>
    <DisplayConditions Order="1">
      <Everyone />
    </DisplayConditions>
  </form>
  <LocalizedNames>
    <LocalizedName description="Phone Call Reference Panel" languagecode="1033" />
  </LocalizedNames>
  <Descriptions>
    <Description description="A form that displays Reference Panel of Phone Call." languagecode="1033" />
  </Descriptions>
</systemform>