﻿<?xml version="1.0" encoding="utf-8"?>
<WebResource>
  <WebResourceId>{677ab9fa-0eb7-e611-80e1-c4346baccc44}</WebResourceId>
  <Name>nwm_/app/assets/css/crm.css</Name>
  <DisplayName>nwm_/app/assets/css/crm.css</DisplayName>
  <WebResourceType>2</WebResourceType>
  <IntroducedVersion>0.0.0.1</IntroducedVersion>
  <IsEnabledForMobileClient>0</IsEnabledForMobileClient>
  <IsAvailableForMobileOffline>0</IsAvailableForMobileOffline>
  <IsCustomizable>1</IsCustomizable>
  <CanBeDeleted>1</CanBeDeleted>
  <IsHidden>0</IsHidden>
  <FileName>/WebResources/nwm_appassetscsscrmcss677AB9FA-0EB7-E611-80E1-C4346BACCC44</FileName>
</WebResource>