<?xml version="1.0" encoding="utf-8"?>
<savedqueries xmlns:xsi="http://www.w3.org/2001/XMLSchema-instance">
  <savedquery
    unmodified="1">
    <isquickfindquery>0</isquickfindquery>
    <isprivate>0</isprivate>
    <isdefault>1</isdefault>
    <savedqueryid>{00000000-0000-0000-00aa-000000666000}</savedqueryid>
    <queryapi></queryapi>
    <layoutxml>
      <grid
        name="resultset"
        jump="name"
        select="1"
        icon="1"
        preview="1">
        <row
          name="result"
          id="accountid">
          <cell
            name="name"
            width="300" />
          <cell
            name="primarycontactid"
            width="150" />
          <cell
            name="telephone1"
            width="100" />
        </row>
      </grid>
    </layoutxml>
    <querytype>1</querytype>
    <fetchxml>
      <fetch
        version="1.0"
        output-format="xml-platform"
        mapping="logical">
        <entity
          name="account">
          <attribute
            name="name" />
          <attribute
            name="primarycontactid" />
          <attribute
            name="telephone1" />
          <attribute
            name="accountid" />
          <order
            attribute="name"
            descending="false" />
        </entity>
      </fetch>
    </fetchxml>
    <IntroducedVersion>5.0.0.0</IntroducedVersion>
    <LocalizedNames>
      <LocalizedName
        description="Account Advanced Find View"
        languagecode="1033" />
      <LocalizedName
        description="Pandangan Carian Lanjutan Akaun"
        languagecode="1086" />
    </LocalizedNames>
  </savedquery>
</savedqueries>