<?xml version="1.0" encoding="utf-8"?>
<savedqueries xmlns:xsi="http://www.w3.org/2001/XMLSchema-instance">
  <savedquery>
    <isquickfindquery>0</isquickfindquery>
    <isprivate>0</isprivate>
    <isdefault>1</isdefault>
    <savedqueryid>{00000000-0000-0000-00aa-000010001001}</savedqueryid>
    <queryapi></queryapi>
    <layoutxml>
      <grid
        name="resultset"
        jump="name"
        select="1"
        icon="1"
        preview="1">
        <row
          name="result"
          id="accountid">
          <cell
            name="name"
            width="300" />
          <cell
            name="parentaccountid"
            width="284" />
          <cell
            name="rhm_type"
            width="100" />
          <cell
            name="owningbusinessunit"
            width="167" />
          <cell
            name="new_oracleaccountnumber"
            width="178" />
          <cell
            name="rhm_oraclesitenumber"
            width="152" />
          <cell
            name="rhm_oraclesitepurpose"
            width="152" />
          <cell
            name="address1_city"
            width="100" />
          <cell
            name="createdon"
            width="105" />
          <cell
            name="modifiedon"
            width="113" />
        </row>
      </grid>
    </layoutxml>
    <querytype>0</querytype>
    <fetchxml>
      <fetch
        version="1.0"
        output-format="xml-platform"
        mapping="logical">
        <entity
          name="account">
          <attribute
            name="name" />
          <attribute
            name="address1_city" />
          <order
            attribute="name"
            descending="false" />
          <filter
            type="and">
            <condition
              attribute="ownerid"
              operator="eq-userid" />
            <condition
              attribute="statecode"
              operator="eq"
              value="0" />
          </filter>
          <attribute
            name="accountid" />
          <attribute
            name="parentaccountid" />
          <attribute
            name="owningbusinessunit" />
          <attribute
            name="new_oracleaccountnumber" />
          <attribute
            name="rhm_oraclesitenumber" />
          <attribute
            name="rhm_oraclesitepurpose" />
          <attribute
            name="rhm_type" />
          <attribute
            name="createdon" />
          <attribute
            name="modifiedon" />
        </entity>
      </fetch>
    </fetchxml>
    <IntroducedVersion>5.0.0.0</IntroducedVersion>
    <LocalizedNames>
      <LocalizedName
        description="My Active Accounts"
        languagecode="1033" />
      <LocalizedName
        description="Akaun Aktif Saya"
        languagecode="1086" />
    </LocalizedNames>
  </savedquery>
</savedqueries>