<?xml version="1.0" encoding="utf-8"?>
<savedqueries xmlns:xsi="http://www.w3.org/2001/XMLSchema-instance">
  <savedquery
    unmodified="1">
    <isquickfindquery>0</isquickfindquery>
    <isprivate>0</isprivate>
    <isdefault>1</isdefault>
    <savedqueryid>{31089fd8-596a-47be-9c9c-3ff82c7a8f8c}</savedqueryid>
    <queryapi></queryapi>
    <querytype>8192</querytype>
    <fetchxml>
      <fetch
        version="1.0"
        output-format="xml-platform"
        mapping="logical">
        <entity
          name="account">
          <attribute
            name="accountid" />
          <filter
            type="and">
            <condition
              attribute="ownerid"
              operator="eq-userid" />
            <condition
              attribute="statecode"
              operator="eq"
              value="0" />
          </filter>
        </entity>
      </fetch>
    </fetchxml>
    <IntroducedVersion>5.0.0.0</IntroducedVersion>
    <LocalizedNames>
      <LocalizedName
        description="My Accounts"
        languagecode="1033" />
      <LocalizedName
        description="Akaun Saya"
        languagecode="1086" />
    </LocalizedNames>
    <Descriptions>
      <Description
        description="Accounts owned by me"
        languagecode="1033" />
      <Description
        description="Akaun dimiliki saya"
        languagecode="1086" />
    </Descriptions>
  </savedquery>
</savedqueries>