<?xml version="1.0" encoding="utf-8"?>
<savedqueries xmlns:xsi="http://www.w3.org/2001/XMLSchema-instance">
  <savedquery
    unmodified="1">
    <isquickfindquery>0</isquickfindquery>
    <isprivate>0</isprivate>
    <isdefault>0</isdefault>
    <savedqueryid>{a424ac61-bec9-48b0-a3e0-4bb903bd186e}</savedqueryid>
    <queryapi></queryapi>
    <layoutxml>
      <grid
        name="resultset"
        jump="name"
        select="1"
        icon="1"
        preview="1">
        <row
          name="result"
          id="accountid">
          <cell
            name="name"
            width="300" />
          <cell
            name="telephone1"
            width="100" />
          <cell
            name="address1_city"
            width="100" />
        </row>
      </grid>
    </layoutxml>
    <querytype>32</querytype>
    <fetchxml>
      <fetch
        version="1.0"
        output-format="xml-platform"
        mapping="logical">
        <entity
          name="account">
          <attribute
            name="name" />
          <attribute
            name="address1_city" />
          <order
            attribute="name"
            descending="false" />
          <attribute
            name="telephone1" />
          <filter
            type="and">
            <condition
              attribute="statecode"
              operator="eq"
              value="0" />
          </filter>
          <attribute
            name="accountid" />
        </entity>
      </fetch>
    </fetchxml>
    <IntroducedVersion>5.0.0.0</IntroducedVersion>
    <LocalizedNames>
      <LocalizedName
        description="Active Members"
        languagecode="1033" />
      <LocalizedName
        description="Ahli Aktif"
        languagecode="1086" />
    </LocalizedNames>
  </savedquery>
</savedqueries>