﻿<?xml version="1.0" encoding="utf-8"?>
<systemform>
  <formid>{1bb77ea4-2987-4501-9468-6d54cd2d45b7}</formid>
  <IntroducedVersion>1.0.0.0</IntroducedVersion>
  <FormPresentation>0</FormPresentation>
  <FormActivationState>1</FormActivationState>
  <form>
    <tabs>
      <tab name="general" verticallayout="true" id="{0b9e0af5-305b-46aa-b545-9eefc5570d75}" IsUserDefined="0">
        <labels>
          <label description="" languagecode="1033" />
        </labels>
        <columns>
          <column width="100%">
            <sections>
              <section name="account information" showlabel="false" showbar="false" id="{d2a68503-55f2-416e-b5e6-2210fff33c68}" IsUserDefined="0">
                <labels>
                  <label description="" languagecode="1033" />
                </labels>
                <rows>
                  <row>
                    <cell id="{64b540d5-b0de-49f7-b396-b1a3c4272993}">
                      <labels>
                        <label description="Name" languagecode="1033" />
                      </labels>
                      <control id="rbs_name" classid="{4273EDBD-AC1D-40d3-9FB2-095C621B552D}" datafieldname="rbs_name" disabled="false" />
                    </cell>
                    <cell id="{0749fe5b-6a3f-49db-88a6-8f1ba5d43f1f}">
                      <labels>
                        <label description="Status" languagecode="1033" />
                      </labels>
                      <control id="statecode" classid="{3EF39988-22BB-4f0b-BBBE-64B5A3748AEE}" datafieldname="statecode" disabled="false" />
                    </cell>
                  </row>
                </rows>
              </section>
            </sections>
          </column>
        </columns>
      </tab>
    </tabs>
  </form>
  <IsCustomizable>1</IsCustomizable>
  <CanBeDeleted>1</CanBeDeleted>
  <LocalizedNames>
    <LocalizedName description="Information" languagecode="1033" />
  </LocalizedNames>
  <Descriptions>
    <Description description="This is the form that is displayed for the CRM for phones express application." languagecode="1033" />
  </Descriptions>
</systemform>