﻿<?xml version="1.0" encoding="utf-8"?>
<savedquery>
  <isquickfindquery>0</isquickfindquery>
  <isprivate>0</isprivate>
  <isdefault>1</isdefault>
  <returnedtypecode>3</returnedtypecode>
  <savedqueryid>{00000000-0000-0000-00aa-000010001203}</savedqueryid>
  <queryapi></queryapi>
  <layoutxml>
    <grid name="opportunities" object="3" jump="name" select="1" icon="1" preview="1">
      <row name="opportunity" id="opportunityid">
        <cell name="a_76946cd0245c4349bbb98a1ed211155a.rbsm_franchise" width="100" disableSorting="1" />
        <cell name="name" width="200" />
        <cell name="customerid" width="150" />
        <cell name="rbsm_desproduct" width="150" />
        <cell name="statuscode" width="100" />
        <cell name="ownerid" width="150" />
        <cell name="parentcontactid" width="150" />
        <cell name="rbsm_applicationusage" width="100" />
        <cell name="estimatedclosedate" width="150" />
        <cell name="actualclosedate" width="150" />
        <cell name="rbsm_applicationclassification" width="150" />
        <cell name="rbsm_targetcustomernumbers" width="150" />
        <cell name="modifiedon" width="150" />
        <cell name="description" width="300" disableSorting="1" />
      </row>
    </grid>
  </layoutxml>
  <querytype>2</querytype>
  <fetchxml>
    <fetch distinct="false" mapping="logical">
      <entity name="opportunity">
        <attribute name="name" />
        <attribute name="statuscode" />
        <attribute name="estimatedclosedate" />
        <order attribute="customerid" descending="false" />
        <order attribute="rbsm_desproduct" descending="false" />
        <attribute name="rbsm_targetcustomernumbers" />
        <attribute name="customerid" />
        <attribute name="ownerid" />
        <attribute name="modifiedon" />
        <attribute name="description" />
        <attribute name="rbsm_desproduct" />
        <attribute name="rbsm_applicationusage" />
        <attribute name="parentcontactid" />
        <attribute name="rbsm_applicationclassification" />
        <attribute name="actualclosedate" />
        <link-entity alias="a_76946cd0245c4349bbb98a1ed211155a" name="account" from="accountid" to="parentaccountid" link-type="outer" visible="false">
          <attribute name="rbsm_franchise" />
        </link-entity>
        <attribute name="opportunityid" />
      </entity>
    </fetch>
  </fetchxml>
  <IntroducedVersion>5.0.0.0</IntroducedVersion>
  <LocalizedNames>
    <LocalizedName description="Opportunity Associated View" languagecode="1033" />
  </LocalizedNames>
  <Descriptions>
    <Description description="Displays information about opportunities in the detail form of any associated record." languagecode="1033" />
  </Descriptions>
</savedquery>