﻿<?xml version="1.0" encoding="utf-8"?>
<savedquery>
  <isquickfindquery>0</isquickfindquery>
  <isprivate>0</isprivate>
  <isdefault>0</isdefault>
  <returnedtypecode>3</returnedtypecode>
  <savedqueryid>{00000000-0000-0000-00aa-000010003003}</savedqueryid>
  <queryapi></queryapi>
  <layoutxml>
    <grid name="resultset" object="3" jump="name" select="1" icon="1" preview="1">
      <row name="result" id="opportunityid">
        <cell name="statuscode" width="100" />
        <cell name="name" width="200" />
        <cell name="customerid" width="150" />
        <cell name="rbsm_desproduct" width="100" />
        <cell name="ownerid" width="150" />
        <cell name="parentcontactid" width="150" />
        <cell name="rbsm_applicationusage" width="100" />
        <cell name="estimatedclosedate" width="150" />
        <cell name="actualclosedate" width="150" />
        <cell name="rbsm_applicationclassification" width="150" />
        <cell name="rbsm_targetcustomernumbers" width="150" />
        <cell name="modifiedon" width="150" />
        <cell name="description" width="300" disableSorting="1" />
        <cell name="a_d92c12f78e5a474cbc1a39ed130438af.internalemailaddress" width="10" disableSorting="1" />
        <cell name="a_4e29b74a612a43f0969e0b8e08ce7e48.emailaddress1" width="10" disableSorting="1" />
      </row>
    </grid>
  </layoutxml>
  <querytype>0</querytype>
  <fetchxml>
    <fetch version="1.0" output-format="xml-platform" mapping="logical">
      <entity name="opportunity">
        <attribute name="name" />
        <order attribute="statuscode" descending="true" />
        <filter type="and">
          <condition attribute="createdon" operator="last-week" />
        </filter>
        <attribute name="estimatedclosedate" />
        <attribute name="customerid" />
        <attribute name="statuscode" />
        <attribute name="rbsm_targetcustomernumbers" />
        <attribute name="ownerid" />
        <attribute name="modifiedon" />
        <attribute name="description" />
        <attribute name="rbsm_desproduct" />
        <attribute name="parentcontactid" />
        <attribute name="rbsm_applicationclassification" />
        <attribute name="rbsm_applicationusage" />
        <attribute name="actualclosedate" />
        <link-entity alias="a_d92c12f78e5a474cbc1a39ed130438af" name="systemuser" from="systemuserid" to="owninguser" link-type="outer" visible="false">
          <attribute name="internalemailaddress" />
        </link-entity>
        <link-entity alias="a_4e29b74a612a43f0969e0b8e08ce7e48" name="contact" from="contactid" to="parentcontactid" link-type="outer" visible="false">
          <attribute name="emailaddress1" />
        </link-entity>
        <attribute name="opportunityid" />
      </entity>
    </fetch>
  </fetchxml>
  <IntroducedVersion>5.0.0.0</IntroducedVersion>
  <LocalizedNames>
    <LocalizedName description="Opportunities Opened Last Week" languagecode="1033" />
  </LocalizedNames>
</savedquery>