﻿<?xml version="1.0" encoding="utf-8"?>
<savedquery>
  <isquickfindquery>0</isquickfindquery>
  <isprivate>0</isprivate>
  <isdefault>1</isdefault>
  <returnedtypecode>3</returnedtypecode>
  <savedqueryid>{00000000-0000-0000-00aa-000000666800}</savedqueryid>
  <queryapi></queryapi>
  <layoutxml>
    <grid name="resultset" object="3" jump="name" select="1" icon="1" preview="1">
      <row name="result" id="opportunityid">
        <cell name="statuscode" width="100" />
        <cell name="name" width="200" />
        <cell name="customerid" width="150" />
        <cell name="rbsm_desproduct" width="150" />
        <cell name="ownerid" width="150" />
        <cell name="parentcontactid" width="150" />
        <cell name="rbsm_applicationusage" width="100" />
        <cell name="estimatedclosedate" width="150" />
        <cell name="actualclosedate" width="150" />
        <cell name="rbsm_applicationclassification" width="150" />
        <cell name="rbsm_targetcustomernumbers" width="150" />
        <cell name="modifiedon" width="150" />
        <cell name="description" width="300" disableSorting="1" />
      </row>
    </grid>
  </layoutxml>
  <querytype>1</querytype>
  <fetchxml>
    <fetch version="1.0" output-format="xml-platform" mapping="logical">
      <entity name="opportunity">
        <attribute name="name" />
        <attribute name="customerid" />
        <attribute name="statuscode" />
        <order attribute="statuscode" descending="false" />
        <attribute name="rbsm_targetcustomernumbers" />
        <attribute name="ownerid" />
        <attribute name="modifiedon" />
        <attribute name="estimatedclosedate" />
        <attribute name="description" />
        <attribute name="rbsm_desproduct" />
        <attribute name="rbsm_applicationusage" />
        <attribute name="parentcontactid" />
        <attribute name="rbsm_applicationclassification" />
        <attribute name="actualclosedate" />
        <attribute name="opportunityid" />
      </entity>
    </fetch>
  </fetchxml>
  <IntroducedVersion>5.0.0.0</IntroducedVersion>
  <LocalizedNames>
    <LocalizedName description="Opportunity Advanced Find View" languagecode="1033" />
  </LocalizedNames>
</savedquery>