﻿<?xml version="1.0" encoding="utf-8"?>
<savedquery>
  <isquickfindquery>0</isquickfindquery>
  <isprivate>0</isprivate>
  <isdefault>0</isdefault>
  <returnedtypecode>3</returnedtypecode>
  <savedqueryid>{00000000-0000-0000-00aa-000010003000}</savedqueryid>
  <queryapi></queryapi>
  <layoutxml>
    <grid name="resultset" object="3" jump="name" select="1" icon="1" preview="1">
      <row name="result" id="opportunityid">
        <cell name="statuscode" width="100" />
        <cell name="name" width="200" />
        <cell name="customerid" width="150" />
        <cell name="rbsm_desproduct" width="150" />
        <cell name="ownerid" width="150" />
        <cell name="parentcontactid" width="150" />
        <cell name="rbsm_applicationusage" width="150" />
        <cell name="estimatedclosedate" width="125" />
        <cell name="rbsm_applicationclassification" width="150" />
        <cell name="rbsm_targetcustomernumbers" width="150" />
        <cell name="modifiedon" width="150" />
        <cell name="description" width="300" disableSorting="1" />
        <cell name="a_4e29b74a612a43f0969e0b8e08ce7e48.emailaddress1" width="10" disableSorting="1" />
        <cell name="a_d92c12f78e5a474cbc1a39ed130438af.internalemailaddress" width="10" disableSorting="1" />
      </row>
    </grid>
  </layoutxml>
  <querytype>0</querytype>
  <fetchxml>
    <fetch version="1.0" output-format="xml-platform" mapping="logical" distinct="false">
      <entity name="opportunity">
        <attribute name="name" />
        <attribute name="estimatedclosedate" />
        <attribute name="customerid" />
        <attribute name="rbsm_desproduct" />
        <attribute name="rbsm_applicationusage" />
        <attribute name="statuscode" />
        <attribute name="rbsm_applicationclassification" />
        <attribute name="rbsm_targetcustomernumbers" />
        <attribute name="ownerid" />
        <attribute name="modifiedon" />
        <attribute name="description" />
        <attribute name="parentcontactid" />
        <order attribute="statuscode" descending="false" />
        <filter type="and">
          <condition attribute="ownerid" operator="eq-userid" />
          <condition attribute="statuscode" operator="in">
            <value>337340000</value>
            <value>337340001</value>
            <value>337340002</value>
            <value>337340004</value>
            <value>337340005</value>
            <value>337340006</value>
          </condition>
        </filter>
        <link-entity name="contact" from="contactid" to="parentcontactid" visible="false" link-type="outer" alias="a_4e29b74a612a43f0969e0b8e08ce7e48">
          <attribute name="emailaddress1" />
        </link-entity>
        <link-entity name="systemuser" from="systemuserid" to="owninguser" visible="false" link-type="outer" alias="a_d92c12f78e5a474cbc1a39ed130438af">
          <attribute name="internalemailaddress" />
        </link-entity>
        <attribute name="opportunityid" />
      </entity>
    </fetch>
  </fetchxml>
  <IntroducedVersion>5.0.0.0</IntroducedVersion>
  <LocalizedNames>
    <LocalizedName description="My Open DES Pipeline Activities" languagecode="1033" />
  </LocalizedNames>
  <Descriptions>
    <Description description="My open opportunities in EOI, POC, Inflight &amp; On Hold statuses" languagecode="1033" />
  </Descriptions>
</savedquery>