﻿<?xml version="1.0" encoding="utf-8"?>
<savedquery>
  <IsCustomizable>1</IsCustomizable>
  <CanBeDeleted>1</CanBeDeleted>
  <isquickfindquery>0</isquickfindquery>
  <isprivate>0</isprivate>
  <isdefault>0</isdefault>
  <returnedtypecode>3</returnedtypecode>
  <savedqueryid>{053bbc65-a43f-e611-b560-005056ae52c3}</savedqueryid>
  <layoutxml>
    <grid name="resultset" object="3" jump="name" select="1" preview="1" icon="1">
      <row name="result" id="opportunityid">
        <cell name="a_76946cd0245c4349bbb98a1ed211155a.rbsm_franchise" width="100" disableSorting="1" />
        <cell name="customerid" width="150" />
        <cell name="name" width="200" />
        <cell name="statuscode" width="100" />
        <cell name="ownerid" width="150" />
        <cell name="parentcontactid" width="150" />
        <cell name="prioritycode" width="100" />
        <cell name="rbsm_programme" width="200" />
        <cell name="estimatedvalue" width="150" />
        <cell name="actualvalue" width="150" />
        <cell name="estimatedclosedate" width="150" />
        <cell name="actualclosedate" width="150" />
        <cell name="rbsm_projectscopeagreed" width="150" />
        <cell name="rbsm_pocpovprogress" width="150" />
        <cell name="developproposal" width="150" />
        <cell name="rbsm_planviewprojectid" width="150" />
        <cell name="modifiedon" width="150" />
        <cell name="description" width="300" disableSorting="1" />
        <cell name="rbsm_applicationusage" width="100" />
        <cell name="rbsm_targetcustomernumbers" width="150" />
        <cell name="rbsm_applicationclassification" width="150" />
      </row>
    </grid>
  </layoutxml>
  <querytype>0</querytype>
  <fetchxml>
    <fetch version="1.0" output-format="xml-platform" mapping="logical" distinct="false">
      <entity name="opportunity">
        <attribute name="name" />
        <attribute name="statuscode" />
        <attribute name="customerid" />
        <attribute name="modifiedon" />
        <attribute name="rbsm_applicationusage" />
        <attribute name="estimatedclosedate" />
        <attribute name="actualclosedate" />
        <attribute name="rbsm_applicationclassification" />
        <attribute name="rbsm_targetcustomernumbers" />
        <attribute name="description" />
        <attribute name="parentcontactid" />
        <attribute name="ownerid" />
        <attribute name="estimatedvalue" />
        <attribute name="actualvalue" />
        <attribute name="prioritycode" />
        <attribute name="rbsm_programme" />
        <attribute name="rbsm_planviewprojectid" />
        <attribute name="rbsm_pocpovprogress" />
        <attribute name="rbsm_projectscopeagreed" />
        <attribute name="developproposal" />
        <order attribute="statuscode" descending="false" />
        <filter type="and">
          <condition attribute="statuscode" operator="eq" value="3" />
          <condition attribute="rbsm_desproduct" operator="eq" value="337340008" />
        </filter>
        <link-entity name="account" from="accountid" to="parentaccountid" visible="false" link-type="outer" alias="a_76946cd0245c4349bbb98a1ed211155a">
          <attribute name="rbsm_franchise" />
        </link-entity>
        <attribute name="opportunityid" />
      </entity>
    </fetch>
  </fetchxml>
  <IntroducedVersion>1.0.1.0</IntroducedVersion>
  <LocalizedNames>
    <LocalizedName description="Digital Engineering - Current Activities" languagecode="1033" />
  </LocalizedNames>
  <Descriptions>
    <Description description="Product specific Won opportunities" languagecode="1033" />
  </Descriptions>
</savedquery>