﻿<?xml version="1.0" encoding="utf-8"?>
<savedquery>
  <isquickfindquery>1</isquickfindquery>
  <isprivate>0</isprivate>
  <isdefault>1</isdefault>
  <returnedtypecode>3</returnedtypecode>
  <savedqueryid>{3f6d889e-6549-4025-9ce0-4c4103efb6a3}</savedqueryid>
  <queryapi></queryapi>
  <layoutxml>
    <grid name="resultset" object="3" jump="name" select="1" icon="1" preview="1">
      <row name="result" id="opportunityid">
        <cell name="a_76946cd0245c4349bbb98a1ed211155a.rbsm_franchise" width="100" disableSorting="1" />
        <cell name="customerid" width="150" />
        <cell name="name" width="300" />
        <cell name="rbsm_desproduct" width="100" />
        <cell name="statuscode" width="100" />
        <cell name="ownerid" width="150" />
        <cell name="parentcontactid" width="150" />
        <cell name="rbsm_applicationusage" width="100" />
        <cell name="estimatedclosedate" width="150" />
        <cell name="actualclosedate" width="150" />
        <cell name="rbsm_applicationclassification" width="150" />
        <cell name="rbsm_targetcustomernumbers" width="150" />
        <cell name="modifiedon" width="150" />
        <cell name="description" width="300" disableSorting="1" />
        <cell name="a_d92c12f78e5a474cbc1a39ed130438af.internalemailaddress" width="10" disableSorting="1" />
        <cell name="a_4e29b74a612a43f0969e0b8e08ce7e48.emailaddress1" width="10" disableSorting="1" />
      </row>
    </grid>
  </layoutxml>
  <querytype>4</querytype>
  <fetchxml>
    <fetch version="1.0" output-format="xml-platform" mapping="logical" distinct="false">
      <entity name="opportunity">
        <attribute name="name" />
        <attribute name="estimatedclosedate" />
        <attribute name="customerid" />
        <order attribute="customerid" descending="false" />
        <order attribute="rbsm_desproduct" descending="false" />
        <attribute name="ownerid" />
        <attribute name="modifiedon" />
        <attribute name="description" />
        <attribute name="rbsm_desproduct" />
        <attribute name="parentcontactid" />
        <attribute name="rbsm_applicationclassification" />
        <attribute name="statuscode" />
        <link-entity alias="a_d92c12f78e5a474cbc1a39ed130438af" name="systemuser" from="systemuserid" to="owninguser" link-type="outer" visible="false">
          <attribute name="internalemailaddress" />
        </link-entity>
        <link-entity alias="a_4e29b74a612a43f0969e0b8e08ce7e48" name="contact" from="contactid" to="parentcontactid" link-type="outer" visible="false">
          <attribute name="emailaddress1" />
        </link-entity>
        <attribute name="actualclosedate" />
        <attribute name="rbsm_targetcustomernumbers" />
        <attribute name="rbsm_applicationusage" />
        <link-entity alias="a_76946cd0245c4349bbb98a1ed211155a" name="account" from="accountid" to="parentaccountid" link-type="outer" visible="false">
          <attribute name="rbsm_franchise" />
        </link-entity>
        <filter type="or" isquickfindfields="1">
          <condition attribute="name" operator="like" value="{0}" />
          <condition attribute="rbsm_desproduct" operator="like" value="{0}" />
          <condition attribute="customerid" operator="like" value="{0}" />
        </filter>
        <attribute name="opportunityid" />
      </entity>
    </fetch>
  </fetchxml>
  <IntroducedVersion>5.0.0.0</IntroducedVersion>
  <LocalizedNames>
    <LocalizedName description="Quick Find Open Opportunities" languagecode="1033" />
  </LocalizedNames>
</savedquery>