﻿<?xml version="1.0" encoding="utf-8"?>
<savedquery>
  <IsCustomizable>1</IsCustomizable>
  <CanBeDeleted>1</CanBeDeleted>
  <isquickfindquery>0</isquickfindquery>
  <isprivate>0</isprivate>
  <isdefault>0</isdefault>
  <returnedtypecode>3</returnedtypecode>
  <savedqueryid>{8033110a-5f02-e611-969e-005056ae7883}</savedqueryid>
  <layoutxml>
    <grid name="resultset" object="3" jump="name" select="1" preview="1" icon="1">
      <row name="result" id="opportunityid">
        <cell name="statuscode" width="100" />
        <cell name="name" width="200" />
        <cell name="customerid" width="150" />
        <cell name="rbsm_desproduct" width="150" />
        <cell name="ownerid" width="150" />
        <cell name="parentcontactid" width="150" />
        <cell name="rbsm_applicationusage" width="100" />
        <cell name="estimatedclosedate" width="150" />
        <cell name="actualclosedate" width="150" />
        <cell name="rbsm_applicationclassification" width="150" />
        <cell name="rbsm_targetcustomernumbers" width="150" />
        <cell name="modifiedon" width="150" />
        <cell name="description" width="300" disableSorting="1" />
        <cell name="rbsm_heatscore" width="100" />
      </row>
    </grid>
  </layoutxml>
  <querytype>0</querytype>
  <fetchxml>
    <fetch version="1.0" output-format="xml-platform" mapping="logical" distinct="false">
      <entity name="opportunity">
        <attribute name="name" />
        <attribute name="statuscode" />
        <attribute name="customerid" />
        <attribute name="modifiedon" />
        <attribute name="rbsm_desproduct" />
        <attribute name="rbsm_applicationusage" />
        <attribute name="estimatedclosedate" />
        <attribute name="actualclosedate" />
        <attribute name="rbsm_applicationclassification" />
        <attribute name="rbsm_targetcustomernumbers" />
        <attribute name="ownerid" />
        <attribute name="description" />
        <attribute name="parentcontactid" />
        <attribute name="rbsm_heatscore" />
        <order attribute="statuscode" descending="false" />
        <filter type="and">
          <condition attribute="statuscode" operator="in">
            <value>337340002</value>
            <value>337340000</value>
            <value>337340001</value>
            <value>337340004</value>
            <value>337340005</value>
            <value>337340006</value>
          </condition>
          <condition attribute="prioritycode" operator="eq" value="337340000" />
        </filter>
        <link-entity name="account" from="accountid" to="parentaccountid" alias="aa">
          <filter type="and">
            <condition attribute="rbsm_franchise" operator="eq" value="337340002" />
          </filter>
        </link-entity>
        <attribute name="opportunityid" />
      </entity>
    </fetch>
  </fetchxml>
  <IntroducedVersion>1.0.0.0</IntroducedVersion>
  <LocalizedNames>
    <LocalizedName description="High Priority PBB Pipeline Actvities" languagecode="1033" />
  </LocalizedNames>
</savedquery>