﻿<?xml version="1.0" encoding="utf-8"?>
<savedquery>
  <IsCustomizable>1</IsCustomizable>
  <CanBeDeleted>1</CanBeDeleted>
  <isquickfindquery>0</isquickfindquery>
  <isprivate>0</isprivate>
  <isdefault>0</isdefault>
  <returnedtypecode>3</returnedtypecode>
  <savedqueryid>{91c00870-2ed7-e511-969e-005056ae7883}</savedqueryid>
  <layoutxml>
    <grid name="resultset" object="3" jump="name" select="1" preview="1" icon="1">
      <row name="result" id="opportunityid">
        <cell name="a_76946cd0245c4349bbb98a1ed211155a.rbsm_franchise" width="100" disableSorting="1" />
        <cell name="customerid" width="150" />
        <cell name="name" width="200" />
        <cell name="statuscode" width="100" />
        <cell name="rbsm_programme" width="200" />
        <cell name="a_47f408b81f98e5119f13005056ae52c3.rbsm_category" width="100" disableSorting="1" />
        <cell name="a_47f408b81f98e5119f13005056ae52c3.rbsm_totalbenefits" width="100" disableSorting="1" />
        <cell name="a_47f408b81f98e5119f13005056ae52c3.rbsm_totalcosts" width="100" disableSorting="1" />
        <cell name="ownerid" width="150" />
        <cell name="parentcontactid" width="150" />
        <cell name="rbsm_applicationusage" width="100" />
        <cell name="estimatedclosedate" width="150" />
        <cell name="actualclosedate" width="150" />
        <cell name="rbsm_applicationclassification" width="150" />
        <cell name="rbsm_targetcustomernumbers" width="150" />
        <cell name="description" width="300" disableSorting="1" />
        <cell name="modifiedon" width="150" />
        <cell name="rbsm_heatscore" width="50" />
      </row>
    </grid>
  </layoutxml>
  <querytype>0</querytype>
  <fetchxml>
    <fetch version="1.0" output-format="xml-platform" mapping="logical" distinct="false">
      <entity name="opportunity">
        <attribute name="name" />
        <attribute name="statuscode" />
        <attribute name="customerid" />
        <attribute name="modifiedon" />
        <attribute name="rbsm_applicationusage" />
        <attribute name="estimatedclosedate" />
        <attribute name="actualclosedate" />
        <attribute name="rbsm_applicationclassification" />
        <attribute name="rbsm_targetcustomernumbers" />
        <attribute name="description" />
        <attribute name="parentcontactid" />
        <attribute name="ownerid" />
        <attribute name="rbsm_programme" />
        <attribute name="rbsm_heatscore" />
        <order attribute="statuscode" descending="false" />
        <order attribute="rbsm_programme" descending="false" />
        <filter type="and">
          <condition attribute="statuscode" operator="in">
            <value>337340002</value>
            <value>337340000</value>
            <value>337340001</value>
            <value>337340004</value>
            <value>337340005</value>
            <value>337340006</value>
            <value>3</value>
          </condition>
          <condition attribute="rbsm_desproduct" operator="eq" value="337340006" />
        </filter>
        <link-entity name="account" from="accountid" to="parentaccountid" visible="false" link-type="outer" alias="a_76946cd0245c4349bbb98a1ed211155a">
          <attribute name="rbsm_franchise" />
        </link-entity>
        <link-entity name="rbsm_programme" from="rbsm_programmeid" to="rbsm_programme" visible="false" link-type="outer" alias="a_47f408b81f98e5119f13005056ae52c3">
          <attribute name="rbsm_totalcosts" />
          <attribute name="rbsm_totalbenefits" />
          <attribute name="rbsm_category" />
        </link-entity>
        <attribute name="opportunityid" />
      </entity>
    </fetch>
  </fetchxml>
  <IntroducedVersion>1.0.0.0</IntroducedVersion>
  <LocalizedNames>
    <LocalizedName description="DES Pipeline Activities - Identity" languagecode="1033" />
  </LocalizedNames>
</savedquery>