﻿<?xml version="1.0" encoding="utf-8"?>
<savedquery>
  <isquickfindquery>0</isquickfindquery>
  <isprivate>0</isprivate>
  <isdefault>1</isdefault>
  <returnedtypecode>3</returnedtypecode>
  <savedqueryid>{9eb361b4-67ac-4830-8abf-2d29efbaee2c}</savedqueryid>
  <queryapi></queryapi>
  <layoutxml>
    <grid name="resultset" object="3" jump="name" select="1" preview="0" icon="1">
      <row name="result" id="opportunityid">
        <cell name="name" width="100" />
        <cell name="customerid" width="150" />
        <cell name="rbsm_desproduct" width="100" />
        <cell name="ownerid" width="100" />
      </row>
    </grid>
  </layoutxml>
  <querytype>64</querytype>
  <fetchxml>
    <fetch version="1.0" mapping="logical">
      <entity name="opportunity">
        <attribute name="name" />
        <attribute name="customerid" />
        <attribute name="opportunityid" />
        <filter type="and">
          <condition attribute="statecode" operator="ne" value="1" />
        </filter>
        <order attribute="name" descending="false" />
        <attribute name="rbsm_desproduct" />
        <attribute name="ownerid" />
      </entity>
    </fetch>
  </fetchxml>
  <IntroducedVersion>5.0.0.0</IntroducedVersion>
  <LocalizedNames>
    <LocalizedName description="Opportunity Lookup View" languagecode="1033" />
  </LocalizedNames>
</savedquery>