﻿<?xml version="1.0" encoding="utf-8"?>
<savedquery>
  <IsCustomizable>1</IsCustomizable>
  <CanBeDeleted>1</CanBeDeleted>
  <isquickfindquery>0</isquickfindquery>
  <isprivate>0</isprivate>
  <isdefault>0</isdefault>
  <returnedtypecode>3</returnedtypecode>
  <savedqueryid>{a50333c6-aa3f-e611-b560-005056ae52c3}</savedqueryid>
  <layoutxml>
    <grid name="resultset" object="3" jump="name" select="1" preview="1" icon="1">
      <row name="result" id="opportunityid">
        <cell name="rbsm_programme" width="150" />
        <cell name="a_47f408b81f98e5119f13005056ae52c3.rbsm_totalcostbenefits" width="150" disableSorting="1" />
        <cell name="a_47f408b81f98e5119f13005056ae52c3.rbsm_totalrevenuebenefits" width="150" disableSorting="1" />
      </row>
    </grid>
  </layoutxml>
  <querytype>0</querytype>
  <fetchxml>
    <fetch version="1.0" output-format="xml-platform" mapping="logical" distinct="false">
      <entity name="opportunity">
        <attribute name="rbsm_programme" />
        <order attribute="rbsm_programme" descending="false" />
        <filter type="and">
          <condition attribute="rbsm_desproduct" operator="eq" value="337340004" />
          <condition attribute="rbsm_programme" operator="not-null" />
        </filter>
        <link-entity name="rbsm_programme" from="rbsm_programmeid" to="rbsm_programme" visible="false" link-type="outer" alias="a_47f408b81f98e5119f13005056ae52c3">
          <attribute name="rbsm_totalrevenuebenefits" />
          <attribute name="rbsm_totalcostbenefits" />
        </link-entity>
        <attribute name="opportunityid" />
      </entity>
    </fetch>
  </fetchxml>
  <IntroducedVersion>1.0.1.0</IntroducedVersion>
  <LocalizedNames>
    <LocalizedName description="Platform - Investment Programmes" languagecode="1033" />
  </LocalizedNames>
</savedquery>