﻿<?xml version="1.0" encoding="utf-8"?>
<savedquery>
  <IsCustomizable>1</IsCustomizable>
  <CanBeDeleted>1</CanBeDeleted>
  <isquickfindquery>0</isquickfindquery>
  <isprivate>0</isprivate>
  <isdefault>0</isdefault>
  <returnedtypecode>3</returnedtypecode>
  <savedqueryid>{b547c951-639f-e511-9f13-005056ae52c3}</savedqueryid>
  <layoutxml>
    <grid name="resultset" object="3" jump="name" select="1" preview="1" icon="1">
      <row name="result" id="opportunityid">
        <cell name="a_76946cd0245c4349bbb98a1ed211155a.rbsm_franchise" width="100" disableSorting="1" />
        <cell name="name" width="200" />
        <cell name="customerid" width="150" />
        <cell name="rbsm_desproduct" width="150" />
        <cell name="statuscode" width="100" />
        <cell name="ownerid" width="150" />
        <cell name="parentcontactid" width="150" />
        <cell name="rbsm_applicationusage" width="150" />
        <cell name="estimatedclosedate" width="150" />
        <cell name="actualclosedate" width="150" />
        <cell name="rbsm_applicationclassification" width="150" />
        <cell name="rbsm_targetcustomernumbers" width="150" />
        <cell name="modifiedon" width="150" />
        <cell name="description" width="300" disableSorting="1" />
        <cell name="a_d92c12f78e5a474cbc1a39ed130438af.internalemailaddress" width="10" disableSorting="1" />
        <cell name="a_4e29b74a612a43f0969e0b8e08ce7e48.emailaddress1" width="10" disableSorting="1" />
      </row>
    </grid>
  </layoutxml>
  <querytype>0</querytype>
  <fetchxml>
    <fetch version="1.0" output-format="xml-platform" mapping="logical" distinct="false">
      <entity name="opportunity">
        <attribute name="name" />
        <attribute name="statuscode" />
        <attribute name="customerid" />
        <attribute name="estimatedclosedate" />
        <attribute name="rbsm_desproduct" />
        <attribute name="rbsm_applicationusage" />
        <attribute name="actualclosedate" />
        <order attribute="customerid" descending="false" />
        <order attribute="rbsm_desproduct" descending="false" />
        <filter type="and">
          <condition attribute="statuscode" operator="in">
            <value>5</value>
            <value>4</value>
          </condition>
        </filter>
        <attribute name="rbsm_applicationclassification" />
        <attribute name="rbsm_targetcustomernumbers" />
        <attribute name="ownerid" />
        <attribute name="description" />
        <attribute name="parentcontactid" />
        <link-entity alias="a_d92c12f78e5a474cbc1a39ed130438af" name="systemuser" from="systemuserid" to="owninguser" link-type="outer" visible="false">
          <attribute name="internalemailaddress" />
        </link-entity>
        <link-entity alias="a_4e29b74a612a43f0969e0b8e08ce7e48" name="contact" from="contactid" to="parentcontactid" link-type="outer" visible="false">
          <attribute name="emailaddress1" />
        </link-entity>
        <attribute name="modifiedon" />
        <link-entity alias="a_76946cd0245c4349bbb98a1ed211155a" name="account" from="accountid" to="parentaccountid" link-type="outer" visible="false">
          <attribute name="rbsm_franchise" />
        </link-entity>
        <attribute name="opportunityid" />
      </entity>
    </fetch>
  </fetchxml>
  <IntroducedVersion>1.0.0.0</IntroducedVersion>
  <LocalizedNames>
    <LocalizedName description="DES Lost Pipeline Activities" languagecode="1033" />
  </LocalizedNames>
  <Descriptions>
    <Description description="Opportunities in Cancelled and Declined status" languagecode="1033" />
  </Descriptions>
</savedquery>