<appaction uniquename="ey__SyncPreqinAcc!4ad6676ccf884fc2a36b1485a486c79b!ey_EverestCRMtrail!account!0">
  <appmoduleid>
    <uniquename>ey_EverestCRMtrail</uniquename>
  </appmoduleid>
  <buttonlabeltext default="Sync Preqin Acc ">
    <label description="Sync Preqin Acc " languagecode="1033" />
  </buttonlabeltext>
  <context>1</context>
  <contextentity>
    <logicalname>account</logicalname>
  </contextentity>
  <contextvalue>account</contextvalue>
  <hidden>1</hidden>
  <iscustomizable>1</iscustomizable>
  <isdisabled>0</isdisabled>
  <isgrouptitlehidden>0</isgrouptitlehidden>
  <location>0</location>
  <name>SyncPreqinAcc!4ad6676ccf884fc2a36b1485a486c79b</name>
  <onclickeventjavascriptfunctionname>OpenPreqinHTMLPopUp</onclickeventjavascriptfunctionname>
  <onclickeventjavascriptparameters>[]</onclickeventjavascriptparameters>
  <onclickeventjavascriptwebresourceid>
    <webresourceid>bbd9b96f-4c8f-ee11-8179-000d3a14bfad</webresourceid>
  </onclickeventjavascriptwebresourceid>
  <onclickeventtype>2</onclickeventtype>
  <origin>0</origin>
  <sequence>100100005.5000000000</sequence>
  <statecode>0</statecode>
  <statuscode>1</statuscode>
  <type>0</type>
  <visibilitytype>0</visibilitytype>
</appaction>