<?xml version="1.0" encoding="utf-8"?>
<environmentvariabledefinition
  schemaname="rhm_RheemAPICreatePartOrder">
  <description
    default="SOA">
    <label
      description="SOA"
      languagecode="1033" />
  </description>
  <displayname
    default="Rheem API - Create Part Order Oracle URL">
    <label
      description="Rheem API - Create Part Order Oracle URL"
      languagecode="1033" />
  </displayname>
  <introducedversion>1.0.0.1</introducedversion>
  <iscustomizable>1</iscustomizable>
  <isrequired>0</isrequired>
  <secretstore>0</secretstore>
  <type>100000000</type>
</environmentvariabledefinition>