<?xml version="1.0" encoding="utf-8"?>
<CanvasApp xmlns:xsi="http://www.w3.org/2001/XMLSchema-instance">
  <Name>rhm_sendforapprovaldialouge_cddc3</Name>
  <AppVersion>2023-06-21T13:54:34Z</AppVersion>
  <Status>Ready</Status>
  <CreatedByClientVersion>3.23061.24.0</CreatedByClientVersion>
  <MinClientVersion>3.23061.24.0</MinClientVersion>
  <Tags>{"primaryDeviceWidth":"1219","primaryDeviceHeight":"472","supportsPortrait":"true","supportsLandscape":"true","primaryFormFactor":"Tablet","publisherVersion":"3.23061.24","minimumRequiredApiVersion":"2.2.0","hasComponent":"false","hasUnlockedComponent":"false","isUnifiedRootApp":"false","sienaVersion":"20230621T135033Z-3.23061.24.0"}</Tags>
  <IsCdsUpgraded>0</IsCdsUpgraded>
  <GalleryItemId
    xsi:nil="true"></GalleryItemId>
  <BackgroundColor>RGBA(0,176,240,1)</BackgroundColor>
  <DisplayName>Send for Approval Dialouge</DisplayName>
  <Description
    xsi:nil="true"></Description>
  <CommitMessage
    xsi:nil="true"></CommitMessage>
  <Publisher
    xsi:nil="true"></Publisher>
  <AuthorizationReferences>[]</AuthorizationReferences>
  <ConnectionReferences>{"85e79f12-41fc-4cc3-b845-0e6408645b3b":{"id":"/providers/microsoft.powerapps/apis/shared_logicflows","displayName":"Logic flows","iconUri":"https://connectoricons-prod.azureedge.net/releases/v1.0.1636/1.0.1636.3297/logicflows/icon.png","dataSources":["Case-CaseApproval-UpdatecaseandsendEmailnotificationtoApproverCanvas"],"dependencies":["211b6e29-401e-4192-b35c-ccc56c40ba49"],"dependents":[],"parameterHints":{"workflowName":{"value":"5534b5c7-4d50-466f-94f2-37b916157aed"},"workflowEntityId":{"value":"5a4d0423-8dff-ed11-8f6e-0022482b247c"},"211b6e29-401e-4192-b35c-ccc56c40ba49":{"value":"shared_commondataserviceforapps"}},"parameterHintsV2":{"workflowName":{"value":"5534b5c7-4d50-466f-94f2-37b916157aed"},"workflowEntityId":{"value":"5a4d0423-8dff-ed11-8f6e-0022482b247c"},"shared_commondataserviceforapps":{"value":"211b6e29-401e-4192-b35c-ccc56c40ba49"}},"isOnPremiseConnection":false,"bypassConsent":false,"dataSets":{},"apiTier":"Standard","actions":["Run"]},"211b6e29-401e-4192-b35c-ccc56c40ba49":{"id":"/providers/microsoft.powerapps/apis/shared_commondataserviceforapps","displayName":"Microsoft Dataverse","iconUri":"https://connectoricons-prod.azureedge.net/releases/v1.0.1639/1.0.1639.3319/commondataserviceforapps/icon.png","dataSources":[],"dependencies":[],"dependents":["85e79f12-41fc-4cc3-b845-0e6408645b3b"],"parameterHints":{},"parameterHintsV2":{},"isOnPremiseConnection":false,"bypassConsent":false,"dataSets":{},"apiTier":"Premium"}}</ConnectionReferences>
  <DatabaseReferences>{"default.cds":{"databaseDetails":{"referenceType":"Environmental","environmentName":"default.cds","overrideValues":{"status":"NotSpecified"}},"dataSources":{"Cases":{"entitySetName":"incidents","logicalName":"incident"},"Users":{"entitySetName":"systemusers","logicalName":"systemuser"},"Subjects":{"entitySetName":"subjects","logicalName":"subject"}}}}</DatabaseReferences>
  <AppComponents>[]</AppComponents>
  <AppComponentDependencies>[]</AppComponentDependencies>
  <CanConsumeAppPass>1</CanConsumeAppPass>
  <CanvasAppType>2</CanvasAppType>
  <BypassConsent>0</BypassConsent>
  <AdminControlBypassConsent>0</AdminControlBypassConsent>
  <EmbeddedApp
    xsi:nil="true"></EmbeddedApp>
  <IntroducedVersion>1.0</IntroducedVersion>
  <CdsDependencies>{"cdsdependencies":[{"dependencyid":"5a4d0423-8dff-ed11-8f6e-0022482b247c","componenttype":29,"componenttypeplatformname":"Workflow"},{"logicalname":"incident","componenttype":1},{"logicalname":"systemuser","componenttype":1},{"logicalname":"subject","componenttype":1}]}</CdsDependencies>
  <IsCustomizable>1</IsCustomizable>
  <BackgroundImageUri>/CanvasApps/rhm_sendforapprovaldialouge_cddc3_BackgroundImageUri</BackgroundImageUri>
  <DocumentUri>/CanvasApps/rhm_sendforapprovaldialouge_cddc3_DocumentUri.msapp</DocumentUri>
</CanvasApp>