<?xml version="1.0" encoding="utf-8"?>
<CanvasApp xmlns:xsi="http://www.w3.org/2001/XMLSchema-instance">
  <Name>rhm_escalatecase_66f59</Name>
  <AppVersion>2023-08-03T09:52:09Z</AppVersion>
  <Status>Ready</Status>
  <CreatedByClientVersion>3.23073.23.0</CreatedByClientVersion>
  <MinClientVersion>3.23073.23.0</MinClientVersion>
  <Tags>{"primaryDeviceWidth":"510","primaryDeviceHeight":"325","supportsPortrait":"true","supportsLandscape":"true","primaryFormFactor":"Tablet","publisherVersion":"3.23073.23","minimumRequiredApiVersion":"2.2.0","hasComponent":"false","hasUnlockedComponent":"false","isUnifiedRootApp":"false","sienaVersion":"20230803T081922Z-3.23073.23.0"}</Tags>
  <IsCdsUpgraded>0</IsCdsUpgraded>
  <GalleryItemId
    xsi:nil="true"></GalleryItemId>
  <BackgroundColor>RGBA(0,176,240,1)</BackgroundColor>
  <DisplayName>Escalate Case</DisplayName>
  <Description
    xsi:nil="true"></Description>
  <CommitMessage
    xsi:nil="true"></CommitMessage>
  <Publisher
    xsi:nil="true"></Publisher>
  <AuthorizationReferences>[]</AuthorizationReferences>
  <ConnectionReferences>{"702b8703-f7d9-4606-9a04-024f15ead242":{"id":"/providers/microsoft.powerapps/apis/shared_logicflows","displayName":"Logic flows","iconUri":"https://connectoricons-prod.azureedge.net/releases/v1.0.1645/1.0.1645.3345/logicflows/icon.png","dataSources":["Case-EscalateCase-UpdateOwnerandNotesCreation"],"dependencies":["fba0cd73-0ba1-401b-a880-476841cbdf87"],"dependents":[],"parameterHints":{"workflowName":{"value":"59ba39bf-ec31-4ef0-a1e9-16f586cd0580"},"workflowEntityId":{"value":"0a888774-300f-ee11-8f6d-0022482b2e79"},"fba0cd73-0ba1-401b-a880-476841cbdf87":{"value":"shared_commondataserviceforapps_2"}},"parameterHintsV2":{"workflowName":{"value":"59ba39bf-ec31-4ef0-a1e9-16f586cd0580"},"workflowEntityId":{"value":"0a888774-300f-ee11-8f6d-0022482b2e79"},"shared_commondataserviceforapps_2":{"value":"fba0cd73-0ba1-401b-a880-476841cbdf87"}},"isOnPremiseConnection":false,"bypassConsent":false,"dataSets":{},"apiTier":"Standard","actions":["Run"]},"fba0cd73-0ba1-401b-a880-476841cbdf87":{"id":"/providers/microsoft.powerapps/apis/shared_commondataserviceforapps","displayName":"Microsoft Dataverse","iconUri":"https://connectoricons-prod.azureedge.net/releases/v1.0.1644/1.0.1644.3342/commondataserviceforapps/icon.png","dataSources":[],"dependencies":[],"dependents":["702b8703-f7d9-4606-9a04-024f15ead242"],"parameterHints":{},"parameterHintsV2":{},"isOnPremiseConnection":false,"bypassConsent":false,"dataSets":{},"apiTier":"Premium"}}</ConnectionReferences>
  <DatabaseReferences>{"default.cds":{"databaseDetails":{"referenceType":"Environmental","environmentName":"default.cds","overrideValues":{"status":"NotSpecified"}},"dataSources":{"Users":{"entitySetName":"systemusers","logicalName":"systemuser"},"Cases":{"entitySetName":"incidents","logicalName":"incident"},"Teams":{"entitySetName":"teams","logicalName":"team"}}}}</DatabaseReferences>
  <AppComponents>[]</AppComponents>
  <AppComponentDependencies>[]</AppComponentDependencies>
  <CanConsumeAppPass>1</CanConsumeAppPass>
  <CanvasAppType>2</CanvasAppType>
  <BypassConsent>0</BypassConsent>
  <AdminControlBypassConsent>0</AdminControlBypassConsent>
  <EmbeddedApp
    xsi:nil="true"></EmbeddedApp>
  <IntroducedVersion>1.0</IntroducedVersion>
  <CdsDependencies>{"cdsdependencies":[{"dependencyid":"0a888774-300f-ee11-8f6d-0022482b2e79","componenttype":29,"componenttypeplatformname":"Workflow"},{"logicalname":"systemuser","componenttype":1},{"logicalname":"incident","componenttype":1},{"logicalname":"team","componenttype":1}]}</CdsDependencies>
  <IsCustomizable>1</IsCustomizable>
  <BackgroundImageUri>/CanvasApps/rhm_escalatecase_66f59_BackgroundImageUri</BackgroundImageUri>
  <DocumentUri>/CanvasApps/rhm_escalatecase_66f59_DocumentUri.msapp</DocumentUri>
</CanvasApp>