<?xml version="1.0" encoding="utf-8"?>
<CanvasApp xmlns:xsi="http://www.w3.org/2001/XMLSchema-instance">
  <Name>rhm_customerservicehubdefaultcommandlibrary_46c14</Name>
  <AppVersion>2023-05-26T11:08:34Z</AppVersion>
  <Status>Ready</Status>
  <CreatedByClientVersion>3.23051.23.0</CreatedByClientVersion>
  <MinClientVersion>3.23051.23.0</MinClientVersion>
  <Tags>{"primaryDeviceWidth":"640","primaryDeviceHeight":"1136","sienaVersion":"457c7d94-d803-4394-b667-7ba1145b98dd","deviceCapabilities":"","supportsPortrait":"true","supportsLandscape":"false","primaryFormFactor":"Phone","publisherVersion":"3.23051.23.0","minimumRequiredApiVersion":"2.2.0","hasComponent":"true","hasUnlockedComponent":"true","isUnifiedRootApp":"false"}</Tags>
  <IsCdsUpgraded>0</IsCdsUpgraded>
  <GalleryItemId
    xsi:nil="true"></GalleryItemId>
  <BackgroundColor>rgba(0, 176, 240, 1)</BackgroundColor>
  <DisplayName>Customerservicehub_DefaultCommandLibrary</DisplayName>
  <Description
    xsi:nil="true"></Description>
  <CommitMessage>Saved by Command designer.</CommitMessage>
  <Publisher
    xsi:nil="true"></Publisher>
  <AuthorizationReferences>[]</AuthorizationReferences>
  <ConnectionReferences>{}</ConnectionReferences>
  <DatabaseReferences>{"default.cds":{"databaseDetails":{"referenceType":"NotSpecified","environmentName":"default.cds"},"dataSources":{"Cases":{"entitySetName":"incidents","logicalName":"incident"}}}}</DatabaseReferences>
  <AppComponents>[]</AppComponents>
  <AppComponentDependencies>[]</AppComponentDependencies>
  <CanConsumeAppPass>1</CanConsumeAppPass>
  <CanvasAppType>1</CanvasAppType>
  <BypassConsent>0</BypassConsent>
  <AdminControlBypassConsent>0</AdminControlBypassConsent>
  <EmbeddedApp
    xsi:nil="true"></EmbeddedApp>
  <IntroducedVersion>1.0</IntroducedVersion>
  <CdsDependencies>{"cdsdependencies":[{"logicalname":"incident","componenttype":1}]}</CdsDependencies>
  <IsCustomizable>1</IsCustomizable>
  <BackgroundImageUri>/CanvasApps/rhm_customerservicehubdefaultcommandlibrary_46c14_BackgroundImageUri</BackgroundImageUri>
  <DocumentUri>/CanvasApps/rhm_customerservicehubdefaultcommandlibrary_46c14_DocumentUri.msapp</DocumentUri>
</CanvasApp>