<?xml version="1.0" encoding="utf-8"?>
<environmentvariabledefinition
  schemaname="rhm_RheemPartsPassword">
  <defaultvalue>Rheem2023</defaultvalue>
  <displayname
    default="Rheem Parts Password">
    <label
      description="Rheem Parts Password"
      languagecode="1033" />
  </displayname>
  <introducedversion>1.0.0.5</introducedversion>
  <iscustomizable>1</iscustomizable>
  <isrequired>0</isrequired>
  <secretstore>0</secretstore>
  <type>100000000</type>
</environmentvariabledefinition>