<environmentvariabledefinition schemaname="lcc_InvoiceJournalLineItemItemMethodOfPayment">
  <defaultvalue>BACS,Cheque,COLLCHQ</defaultvalue>
  <displayname default="Invoice Journal Line Item - Payment Requisition -Method Of Payment">
    <label description="Invoice Journal Line Item - Payment Requisition -Method Of Payment" languagecode="1033" />
  </displayname>
  <introducedversion>1.0.0.9</introducedversion>
  <iscustomizable>1</iscustomizable>
  <isrequired>0</isrequired>
  <secretstore>0</secretstore>
  <type>100000000</type>
</environmentvariabledefinition>