<?xml version="1.0" encoding="utf-8"?>
<ImportExportXml
  version="9.2.23063.172"
  SolutionPackageVersion="9.2"
  languagecode="1033"
  generatedBy="CrmLive" xmlns:xsi="http://www.w3.org/2001/XMLSchema-instance">
  <SolutionManifest>
    <UniqueName>RheemAssemblies</UniqueName>
    <LocalizedNames>
      <LocalizedName
        description="Rheem Assemblies"
        languagecode="1033" />
    </LocalizedNames>
    <Descriptions>
      <Description
        description="This solution will contain all plugin assemblies and its steps."
        languagecode="1033" />
    </Descriptions>
    <Version>1.0.0.11</Version>
    <Managed>2</Managed>
    <Publisher>
      <UniqueName>Rheem</UniqueName>
      <LocalizedNames>
        <LocalizedName
          description="Rheem"
          languagecode="1033" />
      </LocalizedNames>
      <Descriptions>
        <Description
          description="Rheem"
          languagecode="1033" />
      </Descriptions>
      <EMailAddress
        xsi:nil="true"></EMailAddress>
      <SupportingWebsiteUrl
        xsi:nil="true"></SupportingWebsiteUrl>
      <CustomizationPrefix>rhm</CustomizationPrefix>
      <CustomizationOptionValuePrefix>53579</CustomizationOptionValuePrefix>
      <Addresses>
        <Address>
          <AddressNumber>1</AddressNumber>
          <AddressTypeCode>1</AddressTypeCode>
          <City
            xsi:nil="true"></City>
          <County
            xsi:nil="true"></County>
          <Country
            xsi:nil="true"></Country>
          <Fax
            xsi:nil="true"></Fax>
          <FreightTermsCode
            xsi:nil="true"></FreightTermsCode>
          <ImportSequenceNumber
            xsi:nil="true"></ImportSequenceNumber>
          <Latitude
            xsi:nil="true"></Latitude>
          <Line1
            xsi:nil="true"></Line1>
          <Line2
            xsi:nil="true"></Line2>
          <Line3
            xsi:nil="true"></Line3>
          <Longitude
            xsi:nil="true"></Longitude>
          <Name
            xsi:nil="true"></Name>
          <PostalCode
            xsi:nil="true"></PostalCode>
          <PostOfficeBox
            xsi:nil="true"></PostOfficeBox>
          <PrimaryContactName
            xsi:nil="true"></PrimaryContactName>
          <ShippingMethodCode>1</ShippingMethodCode>
          <StateOrProvince
            xsi:nil="true"></StateOrProvince>
          <Telephone1
            xsi:nil="true"></Telephone1>
          <Telephone2
            xsi:nil="true"></Telephone2>
          <Telephone3
            xsi:nil="true"></Telephone3>
          <TimeZoneRuleVersionNumber
            xsi:nil="true"></TimeZoneRuleVersionNumber>
          <UPSZone
            xsi:nil="true"></UPSZone>
          <UTCOffset
            xsi:nil="true"></UTCOffset>
          <UTCConversionTimeZoneCode
            xsi:nil="true"></UTCConversionTimeZoneCode>
        </Address>
        <Address>
          <AddressNumber>2</AddressNumber>
          <AddressTypeCode>1</AddressTypeCode>
          <City
            xsi:nil="true"></City>
          <County
            xsi:nil="true"></County>
          <Country
            xsi:nil="true"></Country>
          <Fax
            xsi:nil="true"></Fax>
          <FreightTermsCode
            xsi:nil="true"></FreightTermsCode>
          <ImportSequenceNumber
            xsi:nil="true"></ImportSequenceNumber>
          <Latitude
            xsi:nil="true"></Latitude>
          <Line1
            xsi:nil="true"></Line1>
          <Line2
            xsi:nil="true"></Line2>
          <Line3
            xsi:nil="true"></Line3>
          <Longitude
            xsi:nil="true"></Longitude>
          <Name
            xsi:nil="true"></Name>
          <PostalCode
            xsi:nil="true"></PostalCode>
          <PostOfficeBox
            xsi:nil="true"></PostOfficeBox>
          <PrimaryContactName
            xsi:nil="true"></PrimaryContactName>
          <ShippingMethodCode>1</ShippingMethodCode>
          <StateOrProvince
            xsi:nil="true"></StateOrProvince>
          <Telephone1
            xsi:nil="true"></Telephone1>
          <Telephone2
            xsi:nil="true"></Telephone2>
          <Telephone3
            xsi:nil="true"></Telephone3>
          <TimeZoneRuleVersionNumber
            xsi:nil="true"></TimeZoneRuleVersionNumber>
          <UPSZone
            xsi:nil="true"></UPSZone>
          <UTCOffset
            xsi:nil="true"></UTCOffset>
          <UTCConversionTimeZoneCode
            xsi:nil="true"></UTCConversionTimeZoneCode>
        </Address>
      </Addresses>
    </Publisher>
    <RootComponents>
      <RootComponent
        type="29"
		 id="{d6a6000f-a047-ee11-be6d-0022482b28ad}"
        behavior="0" />
      <RootComponent
        type="29"
        id="{15850987-05d8-438a-ab33-38e6103f6b55}"
        behavior="0" />
      <RootComponent
        type="29"
        id="{609ed179-7719-4e23-a917-fe1ea21601a4}"
        behavior="0" />
      <RootComponent
        type="29"
        id="{b4e02e9e-8e1c-ee11-8f6e-0022482b2e79}"
        behavior="0" />
      <RootComponent
        type="29"
        id="{e805f26a-fda2-4a50-ae76-e65d29a6525c}"
        behavior="0" />
      <RootComponent
        type="29"
        id="{ec4de6c5-811e-ee11-9cbe-0022482b23b1}"
        behavior="0" />
      <RootComponent
        type="29"
        id="{ef17c6f9-0f9b-ed11-aad1-6045bda859f6}"
        behavior="0" />
      <RootComponent
        type="91"
        id="{f1d073e0-d412-4097-b188-067d53e27fca}"
        schemaName="Rheem.Plugins, Version=1.0.0.0, Culture=neutral, PublicKeyToken=ee92225ac3c71f44"
        behavior="0" />
      <RootComponent
        type="92"
        id="{03e43c4f-ec14-ee11-8f6e-0022482b2755}"
        behavior="0" />
		<RootComponent
	      type="92"
	      id="{12aed298-c7ad-ed11-aad1-0022482b2497}"
	      behavior="0" />
      <RootComponent
	      type="92"
	      id="{1b85a0bb-1a09-ee11-8f6e-0022482b23b1}"
	      behavior="0" />
      <RootComponent
	      type="92"
	      id="{4dc23995-f01e-ee11-9cbe-0022482b23b1}"
	      behavior="0" />
      <RootComponent
	      type="92"
	      id="{77398b62-ead9-ed11-a7c7-0022482b23b1}"
	      behavior="0" />
      <RootComponent
	      type="92"
	      id="{815d556e-90e2-ed11-a7c7-0022482b247c}"
	      behavior="0" />
      <RootComponent
	      type="92"
	      id="{8ad377c4-95de-ed11-a7c7-0022482b2e79}"
	      behavior="0" />
      <RootComponent
	      type="92"
	      id="{91875062-80e2-ed11-a7c7-0022482b247c}"
	      behavior="0" />
      <RootComponent
	      type="92"
	      id="{a32ebf90-a4f4-ed11-8848-0022482b23b1}"
	      behavior="0" />
      <RootComponent
	      type="92"
	      id="{7fd3e267-cd53-ee11-be6e-000d3a10ad71}"
	      behavior="0" />
	</RootComponents>
	<MissingDependencies>
      <MissingDependency>
        <Required
          type="1"
          schemaName="rhm_productserialnumber"
          displayName="Product Serial Number"
          solution="Active" />
        <Dependent
          type="92"
          displayName="Rheem.Plugins.ProductSerialNumber: Create of any Entity"
          id="{8ad377c4-95de-ed11-a7c7-0022482b2e79}" />
      </MissingDependency>
      <MissingDependency>
        <Required
          type="1"
          schemaName="rhm_productserialnumber"
          displayName="Product Serial Number"
          solution="Active" />
        <Dependent
          type="92"
          displayName="Rheem.Plugins.ProductSerialNumber: Update of rhm_productserialnumber"
          id="{91875062-80e2-ed11-a7c7-0022482b247c}" />
      </MissingDependency>
      <MissingDependency>
        <Required
          type="1"
          schemaName="rhm_productserialnumber"
          displayName="Product Serial Number"
          solution="Active" />
        <Dependent
          type="93"
          id="{96ab166f-98e2-ed11-a7c7-0022482b247c}" />
      </MissingDependency>
      <MissingDependency>
        <Required
          type="2"
          schemaName="rhm_addressvalidated"
          displayName="Address Validated"
          parentSchemaName="account"
          parentDisplayName="Account"
          solution="Active" />
        <Dependent
          type="93"
          id="{e8ebce11-91e2-ed11-a7c7-0022482b23b1}" />
      </MissingDependency>
      <MissingDependency>
        <Required
          type="2"
          schemaName="rhm_apiresponselastupdatedon"
          displayName="API Response Last Updated On"
          parentSchemaName="rhm_productserialnumber"
          parentDisplayName="Product Serial Number"
          solution="Active" />
        <Dependent
          type="92"
          displayName="Rheem.Plugins.ProductSerialNumber: Update of rhm_productserialnumber"
          id="{91875062-80e2-ed11-a7c7-0022482b247c}" />
      </MissingDependency>
      <MissingDependency>
        <Required
          type="2"
          schemaName="rhm_serialnumberapiresponse"
          displayName="Serial Number API Response"
          parentSchemaName="rhm_productserialnumber"
          parentDisplayName="Product Serial Number"
          solution="Active" />
        <Dependent
          type="93"
          id="{96ab166f-98e2-ed11-a7c7-0022482b247c}" />
      </MissingDependency>
    </MissingDependencies>
  </SolutionManifest>
</ImportExportXml>