<environmentvariabledefinition schemaname="lcc_InvoiceJournalLineItemItemVATgroup">
  <defaultvalue>STD20,ZERO,RED05,OUTSIDE,EXEMPT</defaultvalue>
  <displayname default="Invoice Journal Line Item Item VAT group">
    <label description="Invoice Journal Line Item Item VAT group" languagecode="1033" />
  </displayname>
  <introducedversion>1.0.0.9</introducedversion>
  <iscustomizable>1</iscustomizable>
  <isrequired>0</isrequired>
  <secretstore>0</secretstore>
  <type>100000000</type>
</environmentvariabledefinition>