﻿<?xml version="1.0" encoding="utf-8"?>
<systemform unmodified="1">
  <formid>{098ae145-1567-41ec-8398-86dbaac70c9b}</formid>
  <IntroducedVersion>8.0.0.0</IntroducedVersion>
  <FormPresentation>0</FormPresentation>
  <FormActivationState>1</FormActivationState>
  <form>
    <tabs>
      <tab id="{fd376995-f2e5-4709-a944-be9b4a93c5da}" name="tab_1" showlabel="false">
        <labels>
          <label description="" languagecode="1033" />
        </labels>
        <columns>
          <column width="100%">
            <sections>
              <section id="{0fabc85a-8c23-45e5-aef3-76505a537c68}" name="tab_1_column_1_section_1" columns="1" showlabel="true" showbar="false" IsUserDefined="0">
                <labels>
                  <label description="ACCOUNT DETAILS" languagecode="1033" />
                </labels>
                <rows>
                  <row>
                    <cell id="{80627ba0-c245-b17a-78c8-c1c9e7927b7d}" showlabel="true" locklevel="0">
                      <labels>
                        <label description="Account Name" languagecode="1033" />
                      </labels>
                      <control id="name" classid="{4273EDBD-AC1D-40d3-9FB2-095C621B552D}" datafieldname="name" disabled="false" />
                    </cell>
                  </row>
                  <row>
                    <cell id="{9b8e4ed7-3431-70ab-db0b-b53687c3ca49}" showlabel="true" locklevel="0">
                      <labels>
                        <label description="Annual Revenue" languagecode="1033" />
                      </labels>
                      <control id="revenue" classid="{533B9E00-756B-4312-95A0-DC888637AC78}" datafieldname="revenue" disabled="false" />
                    </cell>
                  </row>
                  <row>
                    <cell id="{3829a983-e182-3156-edc6-5de236d8c769}" showlabel="true" locklevel="0">
                      <labels>
                        <label description="Number of Employees" languagecode="1033" />
                      </labels>
                      <control id="numberofemployees" classid="{C6D124CA-7EDA-4a60-AEA9-7FB8D318B68F}" datafieldname="numberofemployees" disabled="false" />
                    </cell>
                  </row>
                  <row>
                    <cell id="{b4d0c4aa-c0a9-e2bc-0b44-1292bca7637a}" showlabel="true" locklevel="0">
                      <labels>
                        <label description="Address 1: Street 1" languagecode="1033" />
                      </labels>
                      <control id="address1_line1" classid="{4273EDBD-AC1D-40d3-9FB2-095C621B552D}" datafieldname="address1_line1" disabled="false" />
                    </cell>
                  </row>
                  <row>
                    <cell id="{b15913c1-6e91-167b-099a-8d90a8539ae5}" showlabel="true" locklevel="0">
                      <labels>
                        <label description="Address 1: Street 2" languagecode="1033" />
                      </labels>
                      <control id="address1_line2" classid="{4273EDBD-AC1D-40d3-9FB2-095C621B552D}" datafieldname="address1_line2" disabled="false" />
                    </cell>
                  </row>
                  <row>
                    <cell id="{46b4572a-8c60-bc1b-acca-de3b3c7120d4}" showlabel="true" locklevel="0">
                      <labels>
                        <label description="Address 1: City" languagecode="1033" />
                      </labels>
                      <control id="address1_city" classid="{4273EDBD-AC1D-40d3-9FB2-095C621B552D}" datafieldname="address1_city" disabled="false" />
                    </cell>
                  </row>
                  <row>
                    <cell id="{2b74aad6-1a1d-3889-52e0-95ea05b744a9}" showlabel="true" locklevel="0">
                      <labels>
                        <label description="Address 1: ZIP/Postal Code" languagecode="1033" />
                      </labels>
                      <control id="address1_postalcode" classid="{4273EDBD-AC1D-40d3-9FB2-095C621B552D}" datafieldname="address1_postalcode" disabled="false" />
                    </cell>
                  </row>
                  <row>
                    <cell id="{b1c399ba-06e1-8e97-8c8e-49372be5d7ec}" showlabel="true" locklevel="0">
                      <labels>
                        <label description="Owner" languagecode="1033" />
                      </labels>
                      <control id="ownerid" classid="{270BD3DB-D9AF-4782-9025-509E298DEC0A}" datafieldname="ownerid" disabled="false" />
                    </cell>
                  </row>
                </rows>
              </section>
              <section name="tab_1_section_2" showlabel="true" showbar="false" locklevel="0" id="{a882a5cb-3560-74a0-2607-d54b41713d4c}" IsUserDefined="0" layout="varwidth" columns="1" labelwidth="115">
                <labels>
                  <label description="OTHER DETAILS" languagecode="1033" />
                </labels>
                <rows>
                  <row>
                    <cell id="{e03aaa3e-4a14-9818-0180-6aa0b06524c6}" showlabel="true" locklevel="0">
                      <labels>
                        <label description="Primary Contact" languagecode="1033" />
                      </labels>
                      <control id="primarycontactid" classid="{270BD3DB-D9AF-4782-9025-509E298DEC0A}" datafieldname="primarycontactid" disabled="false" />
                    </cell>
                  </row>
                  <row>
                    <cell id="{50d7c7e8-940b-9c9e-33c8-aed15162b150}" showlabel="true" locklevel="0">
                      <labels>
                        <label description="Email" languagecode="1033" />
                      </labels>
                      <control id="emailaddress1" classid="{ADA2203E-B4CD-49be-9DDF-234642B43B52}" datafieldname="emailaddress1" disabled="false" />
                    </cell>
                  </row>
                  <row>
                    <cell id="{7309b514-9691-9186-2996-38613e832a03}" showlabel="true" locklevel="0">
                      <labels>
                        <label description="Main Phone" languagecode="1033" />
                      </labels>
                      <control id="telephone1" classid="{4273EDBD-AC1D-40d3-9FB2-095C621B552D}" datafieldname="telephone1" disabled="false" />
                    </cell>
                  </row>
                </rows>
              </section>
            </sections>
          </column>
        </columns>
      </tab>
    </tabs>
    <DisplayConditions Order="1">
      <Everyone />
    </DisplayConditions>
  </form>
  <LocalizedNames>
    <LocalizedName description="Account Reference Panel" languagecode="1033" />
  </LocalizedNames>
  <Descriptions>
    <Description description="A form that displays Reference Panel of Account." languagecode="1033" />
  </Descriptions>
</systemform>