﻿<?xml version="1.0" encoding="utf-8"?>
<systemform unmodified="1">
  <formid>{43300723-f867-420b-ab28-976a4d12e6c4}</formid>
  <IntroducedVersion>8.0.0.0</IntroducedVersion>
  <FormPresentation>0</FormPresentation>
  <FormActivationState>1</FormActivationState>
  <form>
    <tabs showlabels="false">
      <tab name="general" verticallayout="true" id="{498cae20-f330-4e9a-8c42-b761aee66c8f}" IsUserDefined="0">
        <labels>
          <label description="General" languagecode="1033" />
        </labels>
        <columns>
          <column width="100%">
            <sections>
              <section name="Cases" labelwidth="90" id="{84e3b2cd-66f9-410f-b28a-3838f2603957}" IsUserDefined="0" showlabel="false" showbar="false">
                <labels>
                  <label description="RECENT CASES" languagecode="1033" />
                </labels>
                <rows>
                  <row>
                    <cell id="{dc0bf610-5cb7-4591-a9c9-97ab053f5aa8}" showlabel="true" colspan="1" auto="true" rowspan="7">
                      <labels>
                        <label description="RECENT CASES" languagecode="1033" />
                      </labels>
                      <control id="accountcasessgrid" classid="{E7A81278-8635-4d9e-8D4D-59480B391C5B}">
                        <parameters>
                          <TargetEntityType>incident</TargetEntityType>
                          <ViewId>{00000000-0000-0000-00AA-000010001039}</ViewId>
                          <RelationshipName>incident_customer_accounts</RelationshipName>
                          <AutoExpand>Auto</AutoExpand>
                          <EnableQuickFind>false</EnableQuickFind>
                          <EnableViewPicker>false</EnableViewPicker>
                          <EnableJumpBar>false</EnableJumpBar>
                          <EnableChartPicker>false</EnableChartPicker>
                          <RecordsPerPage>5</RecordsPerPage>
                          <EnableContextualActions>false</EnableContextualActions>
                        </parameters>
                      </control>
                    </cell>
                  </row>
                  <row />
                  <row />
                  <row />
                  <row />
                  <row />
                  <row />
                </rows>
              </section>
              <section name="Entitlements" labelwidth="90" id="{a90946db-ec6a-4b36-a498-51b66887cc96}" IsUserDefined="0" showlabel="false" showbar="false">
                <labels>
                  <label description="ENTITLEMENT" languagecode="1033" />
                </labels>
                <rows>
                  <row>
                    <cell id="{4e51fa10-788f-4dba-a8a4-a5847fd8e91c}" showlabel="true" colspan="1" auto="true" rowspan="5">
                      <labels>
                        <label description="ENTITLEMENTS" languagecode="1033" />
                      </labels>
                      <control id="subgrid_Entitlement" classid="{E7A81278-8635-4d9e-8D4D-59480B391C5B}">
                        <parameters>
                          <ViewId>{961bf8aa-042f-4f4d-bcca-935bfc9a6994}</ViewId>
                          <IsUserView>false</IsUserView>
                          <RelationshipName>account_entitlement_Customer</RelationshipName>
                          <TargetEntityType>entitlement</TargetEntityType>
                          <AutoExpand>Auto</AutoExpand>
                          <EnableQuickFind>false</EnableQuickFind>
                          <EnableViewPicker>false</EnableViewPicker>
                          <EnableJumpBar>false</EnableJumpBar>
                          <ChartGridMode>Grid</ChartGridMode>
                          <VisualizationId />
                          <IsUserChart>false</IsUserChart>
                          <EnableChartPicker>false</EnableChartPicker>
                          <RecordsPerPage>3</RecordsPerPage>
                          <EnableContextualActions>false</EnableContextualActions>
                        </parameters>
                      </control>
                    </cell>
                  </row>
                  <row />
                  <row />
                  <row />
                  <row />
                </rows>
              </section>
            </sections>
          </column>
        </columns>
      </tab>
    </tabs>
  </form>
  <LocalizedNames>
    <LocalizedName description="Recent Cases and Entitlements" languagecode="1033" />
  </LocalizedNames>
  <Descriptions>
    <Description description="A form that displays the recent cases and entitlements." languagecode="1033" />
  </Descriptions>
</systemform>