﻿<?xml version="1.0" encoding="utf-8"?>
<systemform>
  <formid>{974aff44-d892-4289-b823-9436cf1bc202}</formid>
  <IntroducedVersion>1.0.0.0</IntroducedVersion>
  <FormPresentation>2</FormPresentation>
  <FormActivationState>0</FormActivationState>
  <form>
    <tabs>
      <tab verticallayout="true" id="{57a9ea7f-4f44-4712-a5ee-d64a95355835}" IsUserDefined="1">
        <labels>
          <label description="General Info" languagecode="1033" />
        </labels>
        <columns>
          <column width="24%">
            <sections>
              <section showlabel="false" showbar="false" IsUserDefined="0" id="{515f40da-456b-4ac9-8801-8fd077037666}">
                <labels>
                  <label description="General" languagecode="1033" />
                </labels>
                <rows>
                  <row>
                    <cell id="{ac4511bd-0cf7-4935-a117-d423626d2a3d}">
                      <labels>
                        <label description="Name" languagecode="1033" />
                      </labels>
                      <control id="rbs_name" classid="{4273EDBD-AC1D-40d3-9FB2-095C621B552D}" datafieldname="rbs_name" />
                    </cell>
                  </row>
                  <row>
                    <cell id="{0e34c829-0cec-448f-95d4-f574a76bcd48}">
                      <labels>
                        <label description="Owner" languagecode="1033" />
                      </labels>
                      <control id="ownerid" classid="{270BD3DB-D9AF-4782-9025-509E298DEC0A}" datafieldname="ownerid" />
                    </cell>
                  </row>
                </rows>
              </section>
            </sections>
          </column>
          <column width="38%">
            <sections>
              <section showlabel="true" showbar="false" id="{8a97dbd5-79e2-480c-8e53-312cc1bfd81f}" IsUserDefined="0" height="auto">
                <labels>
                  <label description="TIMELINE" languagecode="1033" />
                </labels>
                <rows>
                  <row>
                    <cell showlabel="false" colspan="1" rowspan="18" auto="false" id="{72b2902e-8cca-4c7f-bab9-1661a38b3fbe}">
                      <labels>
                        <label description="Conversation Tabs" languagecode="1033" />
                      </labels>
                      <control id="notescontrol" classid="{06375649-c143-495e-a496-c962e5b4488e}" />
                    </cell>
                  </row>
                  <row />
                  <row />
                  <row />
                  <row />
                  <row />
                  <row />
                  <row />
                  <row />
                  <row />
                  <row />
                  <row />
                  <row />
                  <row />
                  <row />
                  <row />
                  <row />
                  <row height="auto" />
                </rows>
              </section>
            </sections>
          </column>
          <column width="38%">
            <sections>
              <section showlabel="true" columns="1" showbar="false" id="{ae0043b0-a11a-4aec-a522-e0591356e238}" name="ref_pan_{ae0043b0-a11a-4aec-a522-e0591356e238}" IsUserDefined="0">
                <labels>
                  <label description="RELATED" languagecode="1033" />
                </labels>
                <rows>
                  <row />
                </rows>
              </section>
            </sections>
          </column>
        </columns>
      </tab>
    </tabs>
    <header id="{84a81855-b521-4a61-80af-497c8740d4ae}" celllabelposition="Left" columns="1111">
      <rows>
        <row />
      </rows>
    </header>
    <DisplayConditions Order="2" />
  </form>
  <IsCustomizable>1</IsCustomizable>
  <CanBeDeleted>1</CanBeDeleted>
  <LocalizedNames>
    <LocalizedName description="Information" languagecode="1033" />
  </LocalizedNames>
  <Descriptions>
    <Description description="A form for this entity." languagecode="1033" />
  </Descriptions>
</systemform>