{
  "version": "v4",
  "repo": "borisyankov/DefinitelyTyped",
  "ref": "master",
  "path": "typings",
  "bundle": "typings/tsd.d.ts",
  "installed": {
    "node/node.d.ts": {
      "commit": "473232e5dbd179e9ee682fab12f796720f37b118"
    },
    "mocha/mocha.d.ts": {
      "commit": "473232e5dbd179e9ee682fab12f796720f37b118"
    },
    "assertion-error/assertion-error.d.ts": {
      "commit": "473232e5dbd179e9ee682fab12f796720f37b118"
    },
    "chai/chai.d.ts": {
      "commit": "473232e5dbd179e9ee682fab12f796720f37b118"
    }
  }
}
