<?xml version="1.0" encoding="utf-8"?>
<forms xmlns:xsi="http://www.w3.org/2001/XMLSchema-instance">
  <systemform>
    <formid>{707fc57b-c5e6-471b-a180-e37ed28a38e2}</formid>
    <IntroducedVersion>5.0.0.0</IntroducedVersion>
    <FormPresentation>0</FormPresentation>
    <FormActivationState>1</FormActivationState>
    <form
      hasmargin="false"
      shownavigationbar="false">
      <tabs
        showlabels="false">
        <tab
          name="general"
          verticallayout="true"
          id="{bdcab9c4-24c2-4853-a201-6aa01db10ae5}"
          IsUserDefined="0"
          ordinalvalue="0">
          <columns>
            <column
              width="100%"
              id="0">
              <sections>
                <section
                  name="information"
                  labelwidth="90"
                  id="{54e1a9ca-d4be-4e4d-b7f4-e670b899f648}"
                  IsUserDefined="0"
                  showlabel="true"
                  showbar="false"
                  ordinalvalue="0">
                  <rows>
                    <row>
                      <cell
                        id="{81747d1f-dd2b-4ea8-be83-81fd5d7f00d3}"
                        showlabel="true"
                        locklevel="0"
                        ordinalvalue="10003"
                        solutionaction="Modified" />
                    </row>
                    <row>
                      <cell
                        id="{ee7669b9-4619-4e47-b2e8-242448ede52b}"
                        showlabel="true"
                        locklevel="0"
                        ordinalvalue="10004"
                        solutionaction="Modified" />
                    </row>
                    <row>
                      <cell
                        id="{d072fd37-7bf4-4c4e-8bf1-4db6c2a3ce28}"
                        showlabel="true"
                        locklevel="0"
                        ordinalvalue="10005"
                        solutionaction="Modified">
                        <control
                          id="telephone1"
                          classid="{4273EDBD-AC1D-40d3-9FB2-095C621B552D}"
                          datafieldname="telephone1"
                          disabled="false"
                          uniqueid="{60c6ab6d-0e33-1308-9bad-797b34bec95e}"
                          solutionaction="Modified" />
                      </cell>
                    </row>
                    <row>
                      <cell
                        id="{3cb58513-d460-8c09-4d91-d59c142ae5ce}"
                        showlabel="true"
                        locklevel="0"
                        ordinalvalue="10002"
                        solutionaction="Added">
                        <labels>
                          <label
                            description="Contact Type"
                            languagecode="1033" />
                        </labels>
                        <control
                          id="rhm_contacttype"
                          classid="{270BD3DB-D9AF-4782-9025-509E298DEC0A}"
                          datafieldname="rhm_contacttype"
                          disabled="false"
                          uniqueid="{edb54939-7788-c92d-0b5d-de90b417c918}" />
                      </cell>
                    </row>
                  </rows>
                </section>
                <section
                  name="Cases"
                  labelwidth="90"
                  id="{4f015484-cba9-41b7-8a8d-64076910eddd}"
                  IsUserDefined="0"
                  showlabel="true"
                  showbar="false"
                  height="auto"
                  columns="1"
                  locklevel="0"
                  celllabelalignment="Left"
                  celllabelposition="Left"
                  visible="false"
                  ordinalvalue="1"
                  solutionaction="Modified">
                  <rows>
                    <row>
                      <cell
                        id="{30169577-8122-4379-96a4-739821c07568}"
                        showlabel="false"
                        colspan="1"
                        auto="true"
                        rowspan="7"
                        ordinalvalue="10000">
                        <labels>
                          <label
                            description="Cases"
                            languagecode="1033"
                            solutionaction="Modified" />
                          <label
                            description="Kes"
                            languagecode="1086"
                            solutionaction="Added" />
                        </labels>
                        <control
                          id="contactcasessgrid"
                          classid="{E7A81278-8635-4d9e-8D4D-59480B391C5B}"
                          uniqueid="{657a2b3a-3c79-76a7-b007-eaeb2218be53}"
                          solutionaction="Modified">
                          <parameters>
                            <HeaderColorCode
                              solutionaction="Added" />
                            <IsUserView
                              solutionaction="Added">false</IsUserView>
                            <ViewIds
                              solutionaction="Added">{00000000-0000-0000-00AA-000010001039}</ViewIds>
                            <ChartGridMode
                              solutionaction="Added">All</ChartGridMode>
                            <VisualizationId
                              solutionaction="Added" />
                            <IsUserChart
                              solutionaction="Added">false</IsUserChart>
                          </parameters>
                        </control>
                      </cell>
                    </row>
                  </rows>
                </section>
                <section
                  name="Entitlements"
                  labelwidth="90"
                  id="{cfe5faa7-0f32-4d8b-9f85-0378938071e0}"
                  IsUserDefined="0"
                  showlabel="true"
                  showbar="false"
                  height="auto"
                  columns="1"
                  locklevel="0"
                  celllabelalignment="Left"
                  celllabelposition="Left"
                  visible="false"
                  ordinalvalue="2"
                  solutionaction="Modified">
                  <rows>
                    <row>
                      <cell
                        id="{a69e4651-94b0-4600-85ae-e363d7aa993a}"
                        showlabel="false"
                        colspan="1"
                        auto="true"
                        rowspan="5"
                        ordinalvalue="10000">
                        <control
                          id="subgrid_Entitlement"
                          classid="{E7A81278-8635-4d9e-8D4D-59480B391C5B}"
                          uniqueid="{2442439b-5020-419e-1937-02d3d2e9a10b}"
                          solutionaction="Modified">
                          <parameters>
                            <HeaderColorCode
                              solutionaction="Added" />
                            <ViewIds
                              solutionaction="Added">{AA69E7E2-913A-4A5A-8609-8CA443554909}</ViewIds>
                          </parameters>
                        </control>
                      </cell>
                    </row>
                  </rows>
                </section>
              </sections>
            </column>
          </columns>
        </tab>
      </tabs>
    </form>
    <LocalizedNames>
      <LocalizedName
        description="contact card"
        languagecode="1033" />
      <LocalizedName
        description="kad kenalan"
        languagecode="1086" />
    </LocalizedNames>
    <Descriptions>
      <Description
        description="A form that displays the contact card."
        languagecode="1033" />
      <Description
        description="Borang yang memaparkan kad kenalan."
        languagecode="1086" />
    </Descriptions>
  </systemform>
</forms>