<?xml version="1.0" encoding="utf-8"?>
<forms xmlns:xsi="http://www.w3.org/2001/XMLSchema-instance">
  <systemform>
    <formid>{f3b707fb-3b5f-45f9-9c6b-5e573bb5d19e}</formid>
    <IntroducedVersion>8.0.0.0</IntroducedVersion>
    <FormPresentation>0</FormPresentation>
    <FormActivationState>1</FormActivationState>
    <form>
      <tabs
        showlabels="false">
        <tab
          name="general"
          verticallayout="true"
          id="{53f4fde6-5a45-45ee-93ed-427a325ceaaa}"
          IsUserDefined="0"
          ordinalvalue="0">
          <columns>
            <column
              width="100%"
              id="0">
              <sections>
                <section
                  name="Entitlements"
                  labelwidth="90"
                  id="{cc323bec-1ed6-423f-908a-b22217c920ed}"
                  IsUserDefined="0"
                  showlabel="false"
                  showbar="false"
                  visible="false"
                  ordinalvalue="1"
                  solutionaction="Modified" />
              </sections>
            </column>
          </columns>
        </tab>
      </tabs>
      <DisplayConditions
        Order="0"
        FallbackForm="true"
        solutionaction="Added">
        <Everyone />
      </DisplayConditions>
    </form>
    <LocalizedNames>
      <LocalizedName
        description="Recent Cases and Entitlements"
        languagecode="1033" />
      <LocalizedName
        description="Kes dan kelayakan Terbaru"
        languagecode="1086" />
    </LocalizedNames>
    <Descriptions>
      <Description
        description="A form that displays the recent cases and entitlements."
        languagecode="1033" />
      <Description
        description="Borang yang memaparkan kes dan kelayakan terbaru."
        languagecode="1086" />
    </Descriptions>
  </systemform>
</forms>