<?xml version="1.0" encoding="utf-8"?>
<environmentvariabledefinition
  schemaname="rhm_rheemapipsnusername">
  <defaultvalue>rheem.web</defaultvalue>
  <displayname
    default="RheemAPIPSNUserName">
    <label
      description="RheemAPIPSNUserName"
      languagecode="1033" />
  </displayname>
  <introducedversion>1.0.0.1</introducedversion>
  <iscustomizable>1</iscustomizable>
  <isrequired>0</isrequired>
  <secretstore>0</secretstore>
  <type>100000000</type>
</environmentvariabledefinition>