﻿<?xml version="1.0" encoding="utf-8"?>
<WebResource>
  <WebResourceId>{be15827f-e792-e711-80e3-3863bb34b7d0}</WebResourceId>
  <Name>new_feedback.html</Name>
  <DisplayName>feedback.html</DisplayName>
  <WebResourceType>1</WebResourceType>
  <IntroducedVersion>1.0.0.0</IntroducedVersion>
  <IsEnabledForMobileClient>0</IsEnabledForMobileClient>
  <IsAvailableForMobileOffline>0</IsAvailableForMobileOffline>
  <DependencyXml>&lt;Dependencies&gt;&lt;Dependency componentType="WebResource"/&gt;&lt;/Dependencies&gt;</DependencyXml>
  <IsCustomizable>1</IsCustomizable>
  <CanBeDeleted>1</CanBeDeleted>
  <IsHidden>0</IsHidden>
  <FileName>/WebResources/new_feedbackhtmlBE15827F-E792-E711-80E3-3863BB34B7D0</FileName>
</WebResource>