﻿<?xml version="1.0" encoding="utf-8"?>
<systemform>
  <formid>{be7ad1dc-8c94-466b-a89a-72b0c6d9fd6f}</formid>
  <IntroducedVersion>1.0.0.0</IntroducedVersion>
  <FormPresentation>1</FormPresentation>
  <FormActivationState>1</FormActivationState>
  <form>
    <tabs>
      <tab id="{6cf2e7d8-4138-4d63-956f-f08c9e2eba8c}" name="tab_1" showlabel="false">
        <labels>
          <label description="Tab" languagecode="1033" />
        </labels>
        <columns>
          <column width="33%">
            <sections>
              <section id="{368d5a89-7fa1-4bd1-b2f1-6a1594e6736d}" name="tab_1_column_1_section_1" columns="1" showlabel="false" showbar="false" IsUserDefined="0">
                <labels>
                  <label description="section" languagecode="1033" />
                </labels>
                <rows>
                  <row>
                    <cell id="{759a41a8-6b83-ee7d-87b0-e28796928aec}" showlabel="true" locklevel="0">
                      <labels>
                        <label description="Opportunity" languagecode="1033" />
                      </labels>
                      <control id="rbsm_opportunity" classid="{270BD3DB-D9AF-4782-9025-509E298DEC0A}" datafieldname="rbsm_opportunity" disabled="false" />
                    </cell>
                  </row>
                </rows>
              </section>
            </sections>
          </column>
          <column width="33%">
            <sections>
              <section id="{aca6b52d-2546-46c5-9582-7eae526cb588}" name="tab_1_column_2_section_1" columns="1" showlabel="false" showbar="false" IsUserDefined="0">
                <labels>
                  <label description="section" languagecode="1033" />
                </labels>
                <rows>
                  <row>
                    <cell id="{c3257072-ee93-8726-aeab-20d6c305c36d}" showlabel="true" locklevel="0">
                      <labels>
                        <label description="Priority Category" languagecode="1033" />
                      </labels>
                      <control id="rbsm_prioritycategory" classid="{3EF39988-22BB-4f0b-BBBE-64B5A3748AEE}" datafieldname="rbsm_prioritycategory" disabled="false" />
                    </cell>
                  </row>
                </rows>
              </section>
            </sections>
          </column>
          <column width="33%">
            <sections>
              <section id="{b16bde9e-201a-4b85-8e12-0eb4577ac876}" name="tab_1_column_3_section_1" columns="1" showlabel="false" showbar="false" IsUserDefined="0" locklevel="0" labelwidth="150" celllabelalignment="Left" celllabelposition="Left">
                <labels>
                  <label description="section" languagecode="1033" />
                </labels>
                <rows>
                  <row>
                    <cell id="{206b7719-c855-1dbd-1e46-8ea25020481b}" showlabel="true" locklevel="0">
                      <labels>
                        <label description="Priority Sub-Category" languagecode="1033" />
                      </labels>
                      <control id="rbsm_prioritysubcategory" classid="{3EF39988-22BB-4f0b-BBBE-64B5A3748AEE}" datafieldname="rbsm_prioritysubcategory" disabled="false" />
                    </cell>
                  </row>
                </rows>
              </section>
            </sections>
          </column>
        </columns>
      </tab>
    </tabs>
    <DisplayConditions Order="1">
      <Role Id="{627090ff-40a3-4053-8790-584edc5be201}" />
      <Role Id="{119f245c-3cc8-4b62-b31c-d1a046ced15d}" />
    </DisplayConditions>
  </form>
  <IsCustomizable>1</IsCustomizable>
  <CanBeDeleted>1</CanBeDeleted>
  <LocalizedNames>
    <LocalizedName description="New Form" languagecode="1033" />
  </LocalizedNames>
</systemform>