﻿<?xml version="1.0" encoding="utf-8"?>
<PluginAssembly FullName="Rbs.Crm.FOS.Workflow, Version=1.0.0.0, Culture=neutral, PublicKeyToken=c2fb001dc957e744" CustomizationLevel="1">
  <IsolationMode>2</IsolationMode>
  <SourceType>0</SourceType>
  <IntroducedVersion>0.0.0.1</IntroducedVersion>
  <FileName>/PluginAssemblies/RbsCrmFOSWorkflow-C0AA4482-1D8A-4B80-ABDB-7A75A9C900BC/RbsCrmFOSWorkflow.dll</FileName>
  <PluginTypes>
    <PluginType AssemblyQualifiedName="Rbs.Crm.FOS.Workflow.ProcessClientAccessRequest, Rbs.Crm.FOS.Workflow, Version=1.0.0.0, Culture=neutral, PublicKeyToken=c2fb001dc957e744" Name="Rbs.Crm.FOS.Workflow.ProcessClientAccessRequest">
      <FriendlyName>06a961f1-81e8-4987-9fa8-2e62a0625b9f</FriendlyName>
      <WorkflowActivityGroupName>ClientAccessRequest</WorkflowActivityGroupName>
    </PluginType>
    <PluginType AssemblyQualifiedName="Rbs.Crm.FOS.Workflow.ProcessMultiClientAccessRequest, Rbs.Crm.FOS.Workflow, Version=1.0.0.0, Culture=neutral, PublicKeyToken=c2fb001dc957e744" Name="Rbs.Crm.FOS.Workflow.ProcessMultiClientAccessRequest">
      <FriendlyName>eb04ac27-3749-4d02-b5da-3eb606856d63</FriendlyName>
      <WorkflowActivityGroupName>ClientAccessRequest</WorkflowActivityGroupName>
    </PluginType>
    <PluginType AssemblyQualifiedName="Rbs.Crm.FOS.Workflow.UpdateLastContactDate, Rbs.Crm.FOS.Workflow, Version=1.0.0.0, Culture=neutral, PublicKeyToken=c2fb001dc957e744" Name="Rbs.Crm.FOS.Workflow.UpdateLastContactDate">
      <FriendlyName>5286f4b2-2171-4ec6-9a30-9d7733715acb</FriendlyName>
      <WorkflowActivityGroupName>Contact</WorkflowActivityGroupName>
    </PluginType>
    <PluginType AssemblyQualifiedName="Rbs.Crm.FOS.Workflow.UpdateNextContactDate, Rbs.Crm.FOS.Workflow, Version=1.0.0.0, Culture=neutral, PublicKeyToken=c2fb001dc957e744" Name="Rbs.Crm.FOS.Workflow.UpdateNextContactDate">
      <FriendlyName>3c460c77-d7ca-44c7-a962-cc79f7c74853</FriendlyName>
      <WorkflowActivityGroupName>Contact</WorkflowActivityGroupName>
    </PluginType>
  </PluginTypes>
</PluginAssembly>