<?xml version="1.0" encoding="utf-8"?>
<forms xmlns:xsi="http://www.w3.org/2001/XMLSchema-instance">
  <systemform>
    <formid>{d1402dfe-cd4f-45b3-a93c-12770dbf15e9}</formid>
    <IntroducedVersion>1.0</IntroducedVersion>
    <FormPresentation>1</FormPresentation>
    <FormActivationState>1</FormActivationState>
    <form>
      <tabs>
        <tab
          verticallayout="true"
          id="{e24ee6f0-6ec6-49e4-a8d0-97f7f4374aae}"
          IsUserDefined="1">
          <labels>
            <label
              description="General"
              languagecode="1033" />
            <label
              description="Umum"
              languagecode="1086" />
          </labels>
          <columns>
            <column
              width="100%">
              <sections>
                <section
                  showlabel="false"
                  showbar="false"
                  IsUserDefined="0"
                  id="{5bc623e4-4863-4a50-afe5-7bdc4e84d320}">
                  <labels>
                    <label
                      description="General"
                      languagecode="1033" />
                    <label
                      description="Umum"
                      languagecode="1086" />
                  </labels>
                  <rows>
                    <row>
                      <cell
                        id="{0b305aec-3427-409a-a69a-fc2ac4ebcc17}">
                        <labels>
                          <label
                            description=""
                            languagecode="1033" />
                        </labels>
                        <control
                          id="rhm_name"
                          classid="{4273EDBD-AC1D-40d3-9FB2-095C621B552D}"
                          datafieldname="rhm_name" />
                      </cell>
                    </row>
                    <row>
                      <cell
                        id="{fea8fba8-bd18-44fd-b032-a0e62e8a4f33}">
                        <labels>
                          <label
                            description=""
                            languagecode="1033" />
                        </labels>
                        <control
                          id="ownerid"
                          classid="{270BD3DB-D9AF-4782-9025-509E298DEC0A}"
                          datafieldname="ownerid" />
                      </cell>
                    </row>
                  </rows>
                </section>
              </sections>
            </column>
          </columns>
        </tab>
      </tabs>
    </form>
    <IsCustomizable>1</IsCustomizable>
    <CanBeDeleted>1</CanBeDeleted>
    <LocalizedNames>
      <LocalizedName
        description="Information"
        languagecode="1033" />
    </LocalizedNames>
    <Descriptions>
      <Description
        description="A form for this entity."
        languagecode="1033" />
    </Descriptions>
  </systemform>
</forms>