<?xml version="1.0" encoding="utf-8"?>
<Entity xmlns:xsi="http://www.w3.org/2001/XMLSchema-instance">
  <Name
    LocalizedName="Case Resolution"
    OriginalName="Case Resolution">IncidentResolution</Name>
  <EntityInfo>
    <entity
      Name="IncidentResolution">
      <attributes>
        <attribute
          PhysicalName="rhm_CaseSubStatus">
          <Type>picklist</Type>
          <Name>rhm_casesubstatus</Name>
          <LogicalName>rhm_casesubstatus</LogicalName>
          <RequiredLevel>required</RequiredLevel>
          <DisplayMask>ValidForAdvancedFind|ValidForForm|ValidForGrid</DisplayMask>
          <ImeMode>auto</ImeMode>
          <ValidForUpdateApi>1</ValidForUpdateApi>
          <ValidForReadApi>1</ValidForReadApi>
          <ValidForCreateApi>1</ValidForCreateApi>
          <IsCustomField>1</IsCustomField>
          <IsAuditEnabled>1</IsAuditEnabled>
          <IsSecured>0</IsSecured>
          <IntroducedVersion>1.0.0.1</IntroducedVersion>
          <IsCustomizable>1</IsCustomizable>
          <IsRenameable>1</IsRenameable>
          <CanModifySearchSettings>1</CanModifySearchSettings>
          <CanModifyRequirementLevelSettings>1</CanModifyRequirementLevelSettings>
          <CanModifyAdditionalSettings>1</CanModifyAdditionalSettings>
          <SourceType>0</SourceType>
          <IsGlobalFilterEnabled>0</IsGlobalFilterEnabled>
          <IsSortableEnabled>0</IsSortableEnabled>
          <CanModifyGlobalFilterSettings>1</CanModifyGlobalFilterSettings>
          <CanModifyIsSortableSettings>1</CanModifyIsSortableSettings>
          <IsDataSourceSecret>0</IsDataSourceSecret>
          <AutoNumberFormat></AutoNumberFormat>
          <IsSearchable>0</IsSearchable>
          <IsFilterable>0</IsFilterable>
          <IsRetrievable>0</IsRetrievable>
          <IsLocalizable>0</IsLocalizable>
          <AppDefaultValue>-1</AppDefaultValue>
          <optionset
            Name="rhm_incidentresolution_rhm_casesubstatus">
            <OptionSetType>picklist</OptionSetType>
            <IntroducedVersion>1.0.0.1</IntroducedVersion>
            <IsCustomizable>1</IsCustomizable>
            <ExternalTypeName></ExternalTypeName>
            <displaynames>
              <displayname
                description="Case Sub-Status"
                languagecode="1033" />
            </displaynames>
            <Descriptions>
              <Description
                description=""
                languagecode="1033" />
            </Descriptions>
            <options>
              <option
                value="20"
                ExternalValue="">
                <labels>
                  <label
                    description="Complaint Answered"
                    languagecode="1033" />
                </labels>
                <Descriptions>
                  <Description
                    description=""
                    languagecode="1033" />
                </Descriptions>
              </option>
              <option
                value="21"
                ExternalValue="">
                <labels>
                  <label
                    description="Duplicate"
                    languagecode="1033" />
                </labels>
                <Descriptions>
                  <Description
                    description=""
                    languagecode="1033" />
                </Descriptions>
              </option>
              <option
                value="22"
                ExternalValue="">
                <labels>
                  <label
                    description="No Reply"
                    languagecode="1033" />
                </labels>
                <Descriptions>
                  <Description
                    description=""
                    languagecode="1033" />
                </Descriptions>
              </option>
              <option
                value="23"
                ExternalValue="">
                <labels>
                  <label
                    description="Order Booked"
                    languagecode="1033" />
                </labels>
                <Descriptions>
                  <Description
                    description=""
                    languagecode="1033" />
                </Descriptions>
              </option>
              <option
                value="24"
                ExternalValue="">
                <labels>
                  <label
                    description="Requested Information Provided"
                    languagecode="1033" />
                </labels>
                <Descriptions>
                  <Description
                    description=""
                    languagecode="1033" />
                </Descriptions>
              </option>
              <option
                value="25"
                ExternalValue="">
                <labels>
                  <label
                    description="Work Order Complete"
                    languagecode="1033" />
                </labels>
                <Descriptions>
                  <Description
                    description=""
                    languagecode="1033" />
                </Descriptions>
              </option>
            </options>
          </optionset>
          <displaynames>
            <displayname
              description="Case Sub-Status"
              languagecode="1033" />
          </displaynames>
          <Descriptions>
            <Description
              description=""
              languagecode="1033" />
          </Descriptions>
        </attribute>
        <attribute
          PhysicalName="rhm_CaseSubType">
          <Type>lookup</Type>
          <Name>rhm_casesubtype</Name>
          <LogicalName>rhm_casesubtype</LogicalName>
          <RequiredLevel>required</RequiredLevel>
          <DisplayMask>ValidForAdvancedFind|ValidForForm|ValidForGrid</DisplayMask>
          <ImeMode>auto</ImeMode>
          <ValidForUpdateApi>1</ValidForUpdateApi>
          <ValidForReadApi>1</ValidForReadApi>
          <ValidForCreateApi>1</ValidForCreateApi>
          <IsCustomField>1</IsCustomField>
          <IsAuditEnabled>0</IsAuditEnabled>
          <IsSecured>0</IsSecured>
          <IntroducedVersion>1.0.0.1</IntroducedVersion>
          <IsCustomizable>1</IsCustomizable>
          <IsRenameable>1</IsRenameable>
          <CanModifySearchSettings>1</CanModifySearchSettings>
          <CanModifyRequirementLevelSettings>1</CanModifyRequirementLevelSettings>
          <CanModifyAdditionalSettings>1</CanModifyAdditionalSettings>
          <SourceType>0</SourceType>
          <IsGlobalFilterEnabled>0</IsGlobalFilterEnabled>
          <IsSortableEnabled>0</IsSortableEnabled>
          <CanModifyGlobalFilterSettings>1</CanModifyGlobalFilterSettings>
          <CanModifyIsSortableSettings>1</CanModifyIsSortableSettings>
          <IsDataSourceSecret>0</IsDataSourceSecret>
          <AutoNumberFormat></AutoNumberFormat>
          <IsSearchable>0</IsSearchable>
          <IsFilterable>0</IsFilterable>
          <IsRetrievable>0</IsRetrievable>
          <IsLocalizable>0</IsLocalizable>
          <LookupStyle>single</LookupStyle>
          <LookupTypes />
          <displaynames>
            <displayname
              description="Case Sub Type"
              languagecode="1033" />
          </displaynames>
          <Descriptions>
            <Description
              description=""
              languagecode="1033" />
          </Descriptions>
        </attribute>
        <attribute
          PhysicalName="rhm_ResolutionCode">
          <Type>lookup</Type>
          <Name>rhm_resolutioncode</Name>
          <LogicalName>rhm_resolutioncode</LogicalName>
          <RequiredLevel>none</RequiredLevel>
          <DisplayMask>ValidForAdvancedFind|ValidForForm|ValidForGrid</DisplayMask>
          <ValidForUpdateApi>1</ValidForUpdateApi>
          <ValidForReadApi>1</ValidForReadApi>
          <ValidForCreateApi>1</ValidForCreateApi>
          <IsCustomField>1</IsCustomField>
          <IsAuditEnabled>0</IsAuditEnabled>
          <IsSecured>0</IsSecured>
          <IntroducedVersion>1.0.0.5</IntroducedVersion>
          <IsCustomizable>1</IsCustomizable>
          <IsRenameable>1</IsRenameable>
          <CanModifySearchSettings>1</CanModifySearchSettings>
          <CanModifyRequirementLevelSettings>1</CanModifyRequirementLevelSettings>
          <CanModifyAdditionalSettings>1</CanModifyAdditionalSettings>
          <SourceType>0</SourceType>
          <IsGlobalFilterEnabled>0</IsGlobalFilterEnabled>
          <IsSortableEnabled>0</IsSortableEnabled>
          <CanModifyGlobalFilterSettings>1</CanModifyGlobalFilterSettings>
          <CanModifyIsSortableSettings>1</CanModifyIsSortableSettings>
          <IsDataSourceSecret>0</IsDataSourceSecret>
          <AutoNumberFormat></AutoNumberFormat>
          <IsSearchable>0</IsSearchable>
          <IsFilterable>0</IsFilterable>
          <IsRetrievable>0</IsRetrievable>
          <IsLocalizable>0</IsLocalizable>
          <LookupStyle>single</LookupStyle>
          <LookupTypes />
          <displaynames>
            <displayname
              description="Resolution Code"
              languagecode="1033" />
          </displaynames>
          <Descriptions>
            <Description
              description=""
              languagecode="1033" />
          </Descriptions>
        </attribute>
        <attribute
          PhysicalName="rhm_ResolutionType">
          <Type>picklist</Type>
          <Name>rhm_resolutiontype</Name>
          <LogicalName>rhm_resolutiontype</LogicalName>
          <RequiredLevel>none</RequiredLevel>
          <DisplayMask>ValidForAdvancedFind|ValidForForm|ValidForGrid</DisplayMask>
          <ImeMode>auto</ImeMode>
          <ValidForUpdateApi>1</ValidForUpdateApi>
          <ValidForReadApi>1</ValidForReadApi>
          <ValidForCreateApi>1</ValidForCreateApi>
          <IsCustomField>1</IsCustomField>
          <IsAuditEnabled>1</IsAuditEnabled>
          <IsSecured>0</IsSecured>
          <IntroducedVersion>1.0.0.1</IntroducedVersion>
          <IsCustomizable>1</IsCustomizable>
          <IsRenameable>1</IsRenameable>
          <CanModifySearchSettings>1</CanModifySearchSettings>
          <CanModifyRequirementLevelSettings>1</CanModifyRequirementLevelSettings>
          <CanModifyAdditionalSettings>1</CanModifyAdditionalSettings>
          <SourceType>0</SourceType>
          <IsGlobalFilterEnabled>0</IsGlobalFilterEnabled>
          <IsSortableEnabled>0</IsSortableEnabled>
          <CanModifyGlobalFilterSettings>1</CanModifyGlobalFilterSettings>
          <CanModifyIsSortableSettings>1</CanModifyIsSortableSettings>
          <IsDataSourceSecret>0</IsDataSourceSecret>
          <AutoNumberFormat></AutoNumberFormat>
          <IsSearchable>0</IsSearchable>
          <IsFilterable>0</IsFilterable>
          <IsRetrievable>0</IsRetrievable>
          <IsLocalizable>0</IsLocalizable>
          <AppDefaultValue>-1</AppDefaultValue>
          <optionset
            Name="rhm_incidentresolution_rhm_resolutiontype">
            <OptionSetType>picklist</OptionSetType>
            <IntroducedVersion>1.0.0.1</IntroducedVersion>
            <IsCustomizable>1</IsCustomizable>
            <ExternalTypeName></ExternalTypeName>
            <displaynames>
              <displayname
                description="Resolution Type"
                languagecode="1033" />
            </displaynames>
            <Descriptions>
              <Description
                description=""
                languagecode="1033" />
            </Descriptions>
            <options>
              <option
                value="1"
                ExternalValue="">
                <labels>
                  <label
                    description="Confirmed Warranty Information – Out of Warranty"
                    languagecode="1033" />
                </labels>
                <Descriptions>
                  <Description
                    description=""
                    languagecode="1033" />
                </Descriptions>
              </option>
              <option
                value="2"
                ExternalValue="">
                <labels>
                  <label
                    description="Confirmed Warranty Information – Under Warranty"
                    languagecode="1033" />
                </labels>
                <Descriptions>
                  <Description
                    description=""
                    languagecode="1033" />
                </Descriptions>
              </option>
              <option
                value="3"
                ExternalValue="">
                <labels>
                  <label
                    description="Confirmed Product Registration Status"
                    languagecode="1033" />
                </labels>
                <Descriptions>
                  <Description
                    description=""
                    languagecode="1033" />
                </Descriptions>
              </option>
              <option
                value="4"
                ExternalValue="">
                <labels>
                  <label
                    description="Advised Documentation Needed to Complete"
                    languagecode="1033" />
                </labels>
                <Descriptions>
                  <Description
                    description=""
                    languagecode="1033" />
                </Descriptions>
              </option>
              <option
                value="5"
                ExternalValue="">
                <labels>
                  <label
                    description="Referred to Website for Registration"
                    languagecode="1033" />
                </labels>
                <Descriptions>
                  <Description
                    description=""
                    languagecode="1033" />
                </Descriptions>
              </option>
              <option
                value="6"
                ExternalValue="">
                <labels>
                  <label
                    description="Outlet or Online Purchase, Referred Back to Seller"
                    languagecode="1033" />
                </labels>
                <Descriptions>
                  <Description
                    description=""
                    languagecode="1033" />
                </Descriptions>
              </option>
              <option
                value="7"
                ExternalValue="">
                <labels>
                  <label
                    description="Out of Warranty"
                    languagecode="1033" />
                </labels>
                <Descriptions>
                  <Description
                    description=""
                    languagecode="1033" />
                </Descriptions>
              </option>
              <option
                value="8"
                ExternalValue="">
                <labels>
                  <label
                    description="Out of Warranty, Goodwill Part Provided"
                    languagecode="1033" />
                </labels>
                <Descriptions>
                  <Description
                    description=""
                    languagecode="1033" />
                </Descriptions>
              </option>
              <option
                value="9"
                ExternalValue="">
                <labels>
                  <label
                    description="Distributor Resolved"
                    languagecode="1033" />
                </labels>
                <Descriptions>
                  <Description
                    description=""
                    languagecode="1033" />
                </Descriptions>
              </option>
              <option
                value="10"
                ExternalValue="">
                <labels>
                  <label
                    description="Special Consideration Request, Granted"
                    languagecode="1033" />
                </labels>
                <Descriptions>
                  <Description
                    description=""
                    languagecode="1033" />
                </Descriptions>
              </option>
              <option
                value="11"
                ExternalValue="">
                <labels>
                  <label
                    description="Special Consideration Request, Denied"
                    languagecode="1033" />
                </labels>
                <Descriptions>
                  <Description
                    description=""
                    languagecode="1033" />
                </Descriptions>
              </option>
              <option
                value="12"
                ExternalValue="">
                <labels>
                  <label
                    description="Distributor Awaiting Contractor Response"
                    languagecode="1033" />
                </labels>
                <Descriptions>
                  <Description
                    description=""
                    languagecode="1033" />
                </Descriptions>
              </option>
              <option
                value="13"
                ExternalValue="">
                <labels>
                  <label
                    description="Referred Back to Contractor"
                    languagecode="1033" />
                </labels>
                <Descriptions>
                  <Description
                    description=""
                    languagecode="1033" />
                </Descriptions>
              </option>
              <option
                value="14"
                ExternalValue="">
                <labels>
                  <label
                    description="Referred to Outsourced Call Center"
                    languagecode="1033" />
                </labels>
                <Descriptions>
                  <Description
                    description=""
                    languagecode="1033" />
                </Descriptions>
              </option>
              <option
                value="15"
                ExternalValue="">
                <labels>
                  <label
                    description="Outside Scope of Warranty"
                    languagecode="1033" />
                </labels>
                <Descriptions>
                  <Description
                    description=""
                    languagecode="1033" />
                </Descriptions>
              </option>
              <option
                value="16"
                ExternalValue="">
                <labels>
                  <label
                    description="Referred to the Contractor"
                    languagecode="1033" />
                </labels>
                <Descriptions>
                  <Description
                    description=""
                    languagecode="1033" />
                </Descriptions>
              </option>
              <option
                value="17"
                ExternalValue="">
                <labels>
                  <label
                    description="Granted, Goodwill"
                    languagecode="1033" />
                </labels>
                <Descriptions>
                  <Description
                    description=""
                    languagecode="1033" />
                </Descriptions>
              </option>
              <option
                value="18"
                ExternalValue="">
                <labels>
                  <label
                    description="Granted, Labor Policy"
                    languagecode="1033" />
                </labels>
                <Descriptions>
                  <Description
                    description=""
                    languagecode="1033" />
                </Descriptions>
              </option>
              <option
                value="19"
                ExternalValue="">
                <labels>
                  <label
                    description="Granted, Program"
                    languagecode="1033" />
                </labels>
                <Descriptions>
                  <Description
                    description=""
                    languagecode="1033" />
                </Descriptions>
              </option>
              <option
                value="20"
                ExternalValue="">
                <labels>
                  <label
                    description="No Input from Customer"
                    languagecode="1033" />
                </labels>
                <Descriptions>
                  <Description
                    description=""
                    languagecode="1033" />
                </Descriptions>
              </option>
            </options>
          </optionset>
          <displaynames>
            <displayname
              description="Resolution Type"
              languagecode="1033" />
          </displaynames>
          <Descriptions>
            <Description
              description=""
              languagecode="1033" />
          </Descriptions>
        </attribute>
      </attributes>
    </entity>
  </EntityInfo>
  <FormXml />
  <RibbonDiffXml />
</Entity>