﻿<?xml version="1.0" encoding="utf-8"?>
<systemform>
  <formid>{0d1e47ff-12b2-4f53-9090-bee951b98cb4}</formid>
  <IntroducedVersion>6.0.0.0</IntroducedVersion>
  <FormPresentation>1</FormPresentation>
  <FormActivationState>1</FormActivationState>
  <form shownavigationbar="true" showImage="false" maxWidth="1900">
    <hiddencontrols>
      <data id="directioncode" datafieldname="directioncode" classid="{5546E6CD-394C-4bee-94A8-4425E17EF6C6}" />
      <data id="statecode" datafieldname="statecode" classid="{5546E6CD-394C-4bee-94A8-4425E17EF6C6}" />
      <data id="attachmentopencount" datafieldname="attachmentopencount" classid="{5546E6CD-394C-4bee-94A8-4425E17EF6C6}" />
      <data id="linksclickedcount" datafieldname="linksclickedcount" classid="{5546E6CD-394C-4bee-94A8-4425E17EF6C6}" />
      <data id="replycount" datafieldname="replycount" classid="{5546E6CD-394C-4bee-94A8-4425E17EF6C6}" />
      <data id="opencount" datafieldname="opencount" classid="{5546E6CD-394C-4bee-94A8-4425E17EF6C6}" />
      <data id="parentactivityid" datafieldname="parentactivityid" classid="{5546E6CD-394C-4bee-94A8-4425E17EF6C6}" />
      <data id="templateid" datafieldname="templateid" classid="{5546E6CD-394C-4bee-94A8-4425E17EF6C6}" />
      <data id="isemailfollowed" datafieldname="isemailfollowed" classid="{5546E6CD-394C-4bee-94A8-4425E17EF6C6}" />
      <data id="followemailuserpreference" datafieldname="followemailuserpreference" classid="{5546E6CD-394C-4bee-94A8-4425E17EF6C6}" />
      <data id="emailreminderstatus" datafieldname="emailreminderstatus" classid="{5546E6CD-394C-4bee-94A8-4425E17EF6C6}" />
      <data id="emailremindertype" datafieldname="emailremindertype" classid="{5546E6CD-394C-4bee-94A8-4425E17EF6C6}" />
      <data id="emailremindertext" datafieldname="emailremindertext" classid="{5546E6CD-394C-4bee-94A8-4425E17EF6C6}" />
      <data id="emailreminderexpirytime" datafieldname="emailreminderexpirytime" classid="{5546E6CD-394C-4bee-94A8-4425E17EF6C6}" />
      <data id="delayedemailsendtime" datafieldname="delayedemailsendtime" classid="{5546E6CD-394C-4bee-94A8-4425E17EF6C6}" />
      <data id="statuscode" datafieldname="statuscode" classid="{5546E6CD-394C-4bee-94A8-4425E17EF6C6}" />
    </hiddencontrols>
    <ancestor id="{0D1E47FF-12B2-4F53-9090-BEE951B98CB4}" />
    <tabs>
      <tab name="Email" id="{844b5e32-5b0b-a608-9d14-0191e0ee3898}" IsUserDefined="0" locklevel="0" showlabel="false" expanded="true">
        <labels>
          <label description="Email" languagecode="1033" />
        </labels>
        <columns>
          <column width="67%">
            <sections>
              <section name="recipient information" showlabel="false" showbar="false" locklevel="0" id="{06EADC35-1283-43E0-9EC1-FCEF0A9B9735}" IsUserDefined="0" layout="varwidth" columns="11" labelid="{887cea60-f6e3-4d11-a1de-0c8a41f64500}">
                <labels>
                  <label description="Recipient Information" languagecode="1033" />
                </labels>
                <rows>
                  <row>
                    <cell auto="false" showlabel="true" locklevel="0" rowspan="1" colspan="2" id="{9257B3A4-703D-4810-B5E1-850CC98EDB99}" labelid="{92036837-5d79-4221-9e14-418402a7c174}">
                      <labels>
                        <label description="From" languagecode="1033" />
                      </labels>
                      <control id="from" classid="{CBFB742C-14E7-4a17-96BB-1A13F7F64AA2}" datafieldname="from" disabled="false" />
                    </cell>
                  </row>
                  <row>
                    <cell auto="false" showlabel="true" locklevel="0" rowspan="1" colspan="2" id="{789EB1FB-707A-4EE4-8703-00D497EAB254}" labelid="{25d2432b-9948-4872-9ed3-abf8805ed597}">
                      <labels>
                        <label description="To" languagecode="1033" />
                      </labels>
                      <control id="to" classid="{CBFB742C-14E7-4a17-96BB-1A13F7F64AA2}" datafieldname="to" disabled="false" uniqueid="{bb28c605-529e-9391-b9d5-1bcbc478971e}">
                        <parameters>
                          <ResolveEmailAddress>true</ResolveEmailAddress>
                        </parameters>
                      </control>
                    </cell>
                  </row>
                  <row>
                    <cell auto="false" showlabel="true" locklevel="0" rowspan="1" colspan="2" id="{F8685CC5-23A6-40A1-976A-8231FEDED19C}" labelid="{407162fe-f268-45f0-bec3-d75e3dd73d2f}">
                      <labels>
                        <label description="Cc" languagecode="1033" />
                      </labels>
                      <control id="cc" classid="{CBFB742C-14E7-4a17-96BB-1A13F7F64AA2}" datafieldname="cc" disabled="false" uniqueid="{253a27d2-36d0-79b4-6d1c-7a116c6a86b7}">
                        <parameters>
                          <ResolveEmailAddress>true</ResolveEmailAddress>
                          <AutoResolve>true</AutoResolve>
                          <DisableMru>false</DisableMru>
                        </parameters>
                      </control>
                    </cell>
                  </row>
                  <row>
                    <cell auto="false" showlabel="true" locklevel="0" rowspan="1" colspan="2" id="{BD2B7462-E3A4-4343-B594-B64885E4025B}" labelid="{3c88731d-6445-4ecc-bea4-93643103d1c6}">
                      <labels>
                        <label description="Bcc" languagecode="1033" />
                      </labels>
                      <control id="bcc" classid="{CBFB742C-14E7-4a17-96BB-1A13F7F64AA2}" datafieldname="bcc" disabled="false">
                        <parameters>
                          <ResolveEmailAddress>true</ResolveEmailAddress>
                        </parameters>
                      </control>
                    </cell>
                  </row>
                  <row>
                    <cell auto="false" showlabel="true" locklevel="0" rowspan="1" colspan="2" id="{0F309E61-AC65-4D7B-9A30-0D12B7FA9B9D}" labelid="{ff641871-ca1c-4c26-9089-176ba474446a}">
                      <labels>
                        <label description="Subject" languagecode="1033" />
                      </labels>
                      <control id="subject" classid="{4273EDBD-AC1D-40d3-9FB2-095C621B552D}" datafieldname="subject" disabled="false" />
                    </cell>
                  </row>
                  <row>
                    <cell id="{26a305ca-1a34-4d67-e6aa-35d0aeac72c4}" showlabel="false" locklevel="0" visible="false" availableforphone="false">
                      <labels>
                        <label description="Modified On" languagecode="1033" />
                      </labels>
                      <control id="modifiedon" classid="{5B773807-9FB2-42db-97C3-7A91EFF8ADFF}" datafieldname="modifiedon" disabled="false" uniqueid="{381a24c1-6a79-983e-4e6a-745dd8a23231}" />
                    </cell>
                    <cell id="{d3864022-c59c-ce38-6ad5-00664e80830d}" showlabel="false">
                      <labels>
                        <label description="" languagecode="1033" />
                      </labels>
                    </cell>
                  </row>
                </rows>
              </section>
              <section name="email description" showlabel="false" showbar="false" locklevel="0" id="{C69A0C81-F542-49E6-824D-A61BEE36CD7B}" IsUserDefined="0" layout="varwidth" columns="11" height="auto" labelid="{db8f611e-3a05-4490-9143-eafaf2d2f042}" labelwidth="115" celllabelalignment="Left" celllabelposition="Left">
                <labels>
                  <label description="E-mail Description" languagecode="1033" />
                </labels>
                <rows>
                  <row>
                    <cell colspan="2" showlabel="false" rowspan="12" id="{BE55AEDB-BA0B-4A7A-99A1-8C9089724AE2}" labelid="{96cc8ad7-0639-4115-81ba-456b7af0c8fc}" locklevel="0">
                      <labels>
                        <label description="Description" languagecode="1033" />
                      </labels>
                      <control id="description" classid="{6F3FB987-393B-4d2d-859F-9D0F0349B6AD}" datafieldname="description" disabled="false" uniqueid="{36cc08b9-1593-e47d-31db-c4046d3aea55}" />
                    </cell>
                  </row>
                  <row></row>
                  <row></row>
                  <row></row>
                  <row></row>
                  <row></row>
                  <row></row>
                  <row></row>
                  <row></row>
                  <row></row>
                  <row></row>
                  <row></row>
                  <row>
                    <cell id="{acfeaf77-6088-4db1-a152-c3992ef60fc7}" showlabel="false">
                      <labels>
                        <label description="" languagecode="1033" />
                      </labels>
                    </cell>
                    <cell id="{fec4a73c-92b3-42a7-97d0-f0b54198f0fa}" showlabel="false">
                      <labels>
                        <label description="" languagecode="1033" />
                      </labels>
                    </cell>
                  </row>
                </rows>
              </section>
              <section name="Regarding information" showlabel="false" showbar="false" locklevel="0" id="{CD014F1A-F427-462C-A5F9-A2E4FED857DA}" IsUserDefined="0" layout="varwidth" columns="11" labelid="{458c5f00-3adc-4db9-a581-16c1d26138d4}">
                <labels>
                  <label description="" languagecode="1033" />
                </labels>
                <rows>
                  <row>
                    <cell auto="false" showlabel="true" locklevel="0" rowspan="1" colspan="2" id="{5652933F-B91C-469C-A59D-AF96052D8959}" labelid="{312f8371-405f-4df6-b8c5-7db2349914c2}">
                      <labels>
                        <label description="Regarding" languagecode="1033" />
                      </labels>
                      <control id="regardingobjectid" classid="{F3015350-44A2-4aa0-97B5-00166532B5E9}" datafieldname="regardingobjectid" disabled="false">
                        <parameters>
                          <AutoResolve>true</AutoResolve>
                        </parameters>
                      </control>
                    </cell>
                  </row>
                  <row>
                    <cell auto="false" showlabel="true" locklevel="0" rowspan="1" colspan="1" id="{a34ac147-c258-4d89-90d1-4623e1a97fb2}" labelid="{42773a96-ad74-4649-978a-6e9d5b854055}">
                      <labels>
                        <label description="Duration" languagecode="1033" />
                      </labels>
                      <control id="actualdurationminutes" classid="{AA987274-CE4E-4271-A803-66164311A958}" datafieldname="actualdurationminutes" disabled="false" />
                    </cell>
                    <cell id="{9D86A01D-73DC-4731-AEE8-E5E138B6E28D}" showlabel="false" labelid="{9719b223-46c5-4495-b2be-edbadbfefd41}">
                      <labels>
                        <label description="" languagecode="1033" />
                      </labels>
                    </cell>
                  </row>
                </rows>
              </section>
            </sections>
          </column>
          <column width="33%">
            <sections>
              <section name="attachments" showlabel="false" showbar="false" locklevel="0" id="{C10BBD11-D5C0-4DE8-B524-54D00F143055}" height="auto" IsUserDefined="0" layout="varheight" columns="11" labelid="{21cace50-4e0b-48ea-b2f8-0e61791a0f42}" labelwidth="115" celllabelalignment="Left" celllabelposition="Left">
                <labels>
                  <label description="Attachments" languagecode="1033" />
                </labels>
                <rows>
                  <row>
                    <cell colspan="2" rowspan="5" showlabel="true" auto="true" id="{32F9BBBA-7748-4399-A752-ED189566C13C}" labelid="{6a73df02-8e3a-4747-9940-b823354fce6b}">
                      <labels>
                        <label description="Attachment" languagecode="1033" />
                      </labels>
                      <control id="attachmentsGrid" classid="{E7A81278-8635-4d9e-8D4D-59480B391C5B}" uniqueid="{186d1d1c-736d-bb28-9575-c2c060a88c11}">
                        <parameters>
                          <TargetEntityType>activitymimeattachment</TargetEntityType>
                          <ViewId>{314D697C-C2F0-4CA1-A129-CE68CE9A0454}</ViewId>
                          <RelationshipName>email_activity_mime_attachment</RelationshipName>
                          <RecordsPerPage>3</RecordsPerPage>
                          <EnableViewPicker>false</EnableViewPicker>
                          <IsUserView>false</IsUserView>
                          <ViewIds>{314D697C-C2F0-4CA1-A129-CE68CE9A0454}</ViewIds>
                          <EnableQuickFind>false</EnableQuickFind>
                          <EnableJumpBar>false</EnableJumpBar>
                          <AutoExpand>Auto</AutoExpand>
                          <ChartGridMode>All</ChartGridMode>
                          <VisualizationId />
                          <IsUserChart>false</IsUserChart>
                          <EnableChartPicker>true</EnableChartPicker>
                        </parameters>
                      </control>
                    </cell>
                  </row>
                  <row></row>
                  <row></row>
                  <row></row>
                  <row height="auto"></row>
                </rows>
              </section>
              <section name="Email_section_8" showlabel="false" showbar="false" locklevel="0" id="{33d21ac5-2da3-116d-2086-b036a63571e7}" IsUserDefined="0" layout="varwidth" columns="1" labelwidth="115" celllabelalignment="Left" celllabelposition="Top">
                <labels>
                  <label description="Section" languagecode="1033" />
                </labels>
                <rows>
                  <row>
                    <cell id="{bd7611eb-1509-7d61-721c-48a0c3028774}" showlabel="true" colspan="1" auto="false" rowspan="8">
                      <labels>
                        <label description="Related Products" languagecode="1033" />
                      </labels>
                      <control id="WebResource_RelatedProducts" classid="{9FDF5F91-88B1-47f4-AD53-C11EFC01A01D}">
                        <parameters>
                          <Url>nwm_/app/components/widgets/tagging/view.html</Url>
                          <PassParameters>false</PassParameters>
                          <ShowOnMobileClient>false</ShowOnMobileClient>
                          <Security>false</Security>
                          <Scrolling>auto</Scrolling>
                          <Border>false</Border>
                          <WebResourceId>{4538D3FD-64DD-E611-80D9-3863BB34CDB0}</WebResourceId>
                        </parameters>
                      </control>
                      <events>
                        <event name="onload" application="false">
                          <dependencies />
                        </event>
                      </events>
                    </cell>
                  </row>
                  <row></row>
                  <row></row>
                  <row></row>
                  <row></row>
                  <row></row>
                  <row></row>
                  <row></row>
                </rows>
              </section>
              <section name="emailengagementactions" showlabel="false" showbar="true" locklevel="1" id="{29F94F00-EC82-4E0E-94F1-5D25F707DA88}" height="auto" IsUserDefined="0" layout="varheight" columns="11" labelid="{12cace50-4e0b-49ea-2bf8-0e61791a04f2}" labelwidth="115" celllabelalignment="Left" celllabelposition="Left">
                <labels>
                  <label description="EMAIL ENGAGEMENT" languagecode="1033" />
                </labels>
                <rows>
                  <row height="auto">
                    <cell colspan="2" rowspan="1" showlabel="false" auto="true" id="{3B8ACDE6-E984-460C-8556-E7BF91CBB6E6}" labelid="{972BBB48-9416-4883-A51C-9957E2E87401}" locklevel="1">
                      <labels>
                        <label description="" languagecode="1033" />
                      </labels>
                      <control id="emailengagementactionscontrol" classid="{F454228D-1D25-4319-E12F-D27968BC0234}" disabled="false" />
                    </cell>
                  </row>
                </rows>
              </section>
              <section name="Emailrecipient_section_6" showlabel="false" showbar="false" locklevel="1" id="{4d54dc00-92bc-adb5-9407-8d35dee34b85}" IsUserDefined="0" layout="varwidth" columns="11" labelwidth="115" celllabelalignment="Left" celllabelposition="Left" height="auto">
                <labels>
                  <label description="RECIPIENT ACTIVITY" languagecode="1033" />
                </labels>
                <rows>
                  <row height="auto">
                    <cell auto="true" colspan="2" showlabel="false" locklevel="1" rowspan="1" id="{5e407cdc-37d5-4471-bdef-105f63321fd4}" labelid="{b0d73224-6270-4caa-810f-ca58ae150847}">
                      <labels>
                        <label description="" languagecode="1033" />
                      </labels>
                      <control id="emailrecipientactivitycontrol" classid="{26E9760F-7454-40DE-BB07-F6DCCCB82040}" disabled="false" />
                    </cell>
                  </row>
                </rows>
              </section>
              <section name="tab_4_section_2" showlabel="false" showbar="false" locklevel="0" id="{64d62970-6981-1123-d95e-a7c785918c56}" IsUserDefined="0" layout="varwidth" columns="11" labelwidth="115">
                <labels>
                  <label description="Section" languagecode="1033" />
                </labels>
                <rows>
                  <row>
                    <cell id="{5ee6c84b-d49c-4cb6-c1a5-5c868bc876e1}" showlabel="false">
                      <labels>
                        <label description="" languagecode="1033" />
                      </labels>
                    </cell>
                    <cell id="{9b00c060-5940-601a-33b1-c7b27d1ce448}" showlabel="false">
                      <labels>
                        <label description="" languagecode="1033" />
                      </labels>
                    </cell>
                  </row>
                </rows>
              </section>
            </sections>
          </column>
        </columns>
      </tab>
    </tabs>
    <header id="{9B740295-1A0A-4F85-B379-F2839E79EDB8}" columns="1111" celllabelposition="Top" labelwidth="115">
      <rows>
        <row>
          <cell showlabel="true" locklevel="0" rowspan="1" colspan="1" id="{D7ED5F96-9521-4216-A7CE-D379AE17D4EB}">
            <labels>
              <label description="Priority" languagecode="1033" />
            </labels>
            <control id="header_prioritycode" classid="{3EF39988-22BB-4f0b-BBBE-64B5A3748AEE}" datafieldname="prioritycode" disabled="false" />
          </cell>
          <cell showlabel="true" locklevel="0" rowspan="1" colspan="1" id="{21E90158-C988-4A2B-B2CF-EFFC1B6A39E5}" labelid="{3d15c896-7447-4ffa-8e0a-5bfad907ccfc}">
            <labels>
              <label description="Due" languagecode="1033" />
            </labels>
            <control id="header_scheduledend" classid="{5B773807-9FB2-42db-97C3-7A91EFF8ADFF}" datafieldname="scheduledend" disabled="false" />
          </cell>
          <cell showlabel="true" id="{B2BF0ABF-A0A0-4F8A-BD37-1EB0DD04F6BA}">
            <labels>
              <label description="Status Reason" languagecode="1033" />
            </labels>
            <control id="header_statecode" classid="{5D68B988-0661-4db2-BC3E-17598AD3BE6C}" datafieldname="statuscode" disabled="true" />
          </cell>
          <cell showlabel="true" locklevel="0" rowspan="1" colspan="1" id="{ABED2190-C9EF-461C-892A-A3751F827825}">
            <labels>
              <label description="Owner" languagecode="1033" />
            </labels>
            <control id="ownerid" classid="{270BD3DB-D9AF-4782-9025-509E298DEC0A}" datafieldname="ownerid" disabled="false" />
          </cell>
        </row>
      </rows>
    </header>
    <events>
      <event name="onload" application="true" active="true">
        <InternalHandlers>
          <Handler functionName="Mscrm.Form_onload" libraryName="Email_main_system_library.js" handlerUniqueId="ecdfe4d8-d6d3-4d21-ab68-8ea75bb30a79" enabled="true" />
        </InternalHandlers>
        <Handlers>
          <Handler functionName="Rbs.Crm.FOS.Activity.onLoad" libraryName="nwm_/Script/activity.js" handlerUniqueId="{13da9dea-8406-7522-beb1-525d6ea57939}" enabled="true" parameters="" passExecutionContext="false" />
          <Handler functionName="captureTelemetry" libraryName="nwm_/Script/Telemetry.js" handlerUniqueId="{bce964e2-40c9-a8e8-a418-9b1c249ae845}" enabled="true" parameters="" passExecutionContext="false" />
        </Handlers>
      </event>
    </events>
    <clientresources>
      <internalresources>
        <clientincludes>
          <internaljscriptfile src="/_static/activities/activity.js" />
          <internaljscriptfile src="/_static/activities/email.js" />
          <internaljscriptfile src="$webresource:Email_main_system_library.js" />
        </clientincludes>
      </internalresources>
    </clientresources>
    <Navigation>
      <NavBar></NavBar>
      <NavBarAreas>
        <NavBarArea Id="Info">
          <Titles>
            <Title LCID="1033" Text="Common" />
          </Titles>
        </NavBarArea>
        <NavBarArea Id="Sales">
          <Titles>
            <Title LCID="1033" Text="Sales" />
          </Titles>
        </NavBarArea>
        <NavBarArea Id="Service">
          <Titles>
            <Title LCID="1033" Text="Service" />
          </Titles>
        </NavBarArea>
        <NavBarArea Id="Marketing">
          <Titles>
            <Title LCID="1033" Text="Marketing" />
          </Titles>
        </NavBarArea>
        <NavBarArea Id="ProcessCenter">
          <Titles>
            <Title LCID="1033" Text="Process Sessions" />
          </Titles>
        </NavBarArea>
      </NavBarAreas>
    </Navigation>
    <formLibraries>
      <Library name="nwm_/Script/activity.js" libraryUniqueId="{8d27c4e0-7d64-ae7e-59b4-ee4ae4079359}" />
      <Library name="nwm_/Script/Telemetry.js" libraryUniqueId="{445b8728-783b-5310-d7bd-894a67c3797b}" />
    </formLibraries>
    <controlDescriptions />
    <DisplayConditions FallbackForm="true" Order="2">
      <Everyone />
    </DisplayConditions>
  </form>
  <LocalizedNames>
    <LocalizedName description="Email" languagecode="1033" />
  </LocalizedNames>
  <Descriptions>
    <Description description="Updated default Email form." languagecode="1033" />
  </Descriptions>
</systemform>