﻿<?xml version="1.0" encoding="utf-8"?>
<ConnectionRoles>
  <ConnectionRoles>
    <ConnectionRole>
      <connectionroleid>{91bef1ad-64f7-e611-80d8-1458d0431600}</connectionroleid>
      <name>T&amp;FS (Public)</name>
      <category>337340000</category>
      <description>Call Report &amp; User Connection Required Role.</description>
      <IsCustomizable>1</IsCustomizable>
      <IntroducedVersion>0.0.0.1</IntroducedVersion>
      <ConnectionRoleObjectTypeCodes>
        <ConnectionRoleObjectTypeCode>
          <connectionroleobjecttypecodeid>{95bef1ad-64f7-e611-80d8-1458d0431600}</connectionroleobjecttypecodeid>
          <associatedobjecttypecode>nwm_callreport</associatedobjecttypecode>
        </ConnectionRoleObjectTypeCode>
        <ConnectionRoleObjectTypeCode>
          <connectionroleobjecttypecodeid>{96bef1ad-64f7-e611-80d8-1458d0431600}</connectionroleobjecttypecodeid>
          <associatedobjecttypecode>systemuser</associatedobjecttypecode>
        </ConnectionRoleObjectTypeCode>
      </ConnectionRoleObjectTypeCodes>
    </ConnectionRole>
    <ConnectionRole>
      <connectionroleid>{1b97dc30-65f7-e611-80d8-1458d0431600}</connectionroleid>
      <name>F&amp;RS (Private)</name>
      <category>337340000</category>
      <description>Call Report &amp; User Connection Required Role.</description>
      <IsCustomizable>1</IsCustomizable>
      <IntroducedVersion>0.0.0.1</IntroducedVersion>
      <ConnectionRoleObjectTypeCodes>
        <ConnectionRoleObjectTypeCode>
          <connectionroleobjecttypecodeid>{1f97dc30-65f7-e611-80d8-1458d0431600}</connectionroleobjecttypecodeid>
          <associatedobjecttypecode>nwm_callreport</associatedobjecttypecode>
        </ConnectionRoleObjectTypeCode>
        <ConnectionRoleObjectTypeCode>
          <connectionroleobjecttypecodeid>{2097dc30-65f7-e611-80d8-1458d0431600}</connectionroleobjecttypecodeid>
          <associatedobjecttypecode>systemuser</associatedobjecttypecode>
        </ConnectionRoleObjectTypeCode>
      </ConnectionRoleObjectTypeCodes>
    </ConnectionRole>
  </ConnectionRoles>
</ConnectionRoles>