﻿<?xml version="1.0" encoding="utf-8"?>
<EntityMaps>
  <EntityMap>
    <EntitySource>account</EntitySource>
    <EntityTarget>nwm_callreport</EntityTarget>
    <AttributeMaps />
  </EntityMap>
  <EntityMap>
    <EntitySource>account</EntitySource>
    <EntityTarget>nwm_clientaccessrequest</EntityTarget>
    <AttributeMaps />
  </EntityMap>
  <EntityMap>
    <EntitySource>account</EntitySource>
    <EntityTarget>nwm_clientaccessteam</EntityTarget>
    <AttributeMaps />
  </EntityMap>
  <EntityMap>
    <EntitySource>account</EntitySource>
    <EntityTarget>nwm_employee_coveragerole</EntityTarget>
    <AttributeMaps />
  </EntityMap>
  <EntityMap>
    <EntitySource>appointment</EntitySource>
    <EntityTarget>nwm_callreport</EntityTarget>
    <AttributeMaps />
  </EntityMap>
  <EntityMap>
    <EntitySource>nwm_accountpriority</EntitySource>
    <EntityTarget>account</EntityTarget>
    <AttributeMaps />
  </EntityMap>
  <EntityMap>
    <EntitySource>nwm_accountpriority</EntitySource>
    <EntityTarget>nwm_accountpriority</EntityTarget>
    <AttributeMaps />
  </EntityMap>
  <EntityMap>
    <EntitySource>nwm_callreport</EntitySource>
    <EntityTarget>nwm_callreport</EntityTarget>
    <AttributeMaps />
  </EntityMap>
  <EntityMap>
    <EntitySource>nwm_callreport</EntitySource>
    <EntityTarget>nwm_callreportaccessuser</EntityTarget>
    <AttributeMaps />
  </EntityMap>
  <EntityMap>
    <EntitySource>nwm_clientdetail</EntitySource>
    <EntityTarget>account</EntityTarget>
    <AttributeMaps />
  </EntityMap>
  <EntityMap>
    <EntitySource>nwm_country</EntitySource>
    <EntityTarget>contact</EntityTarget>
    <AttributeMaps />
  </EntityMap>
  <EntityMap>
    <EntitySource>nwm_coveragerole</EntitySource>
    <EntityTarget>nwm_employee_coveragerole</EntityTarget>
    <AttributeMaps />
  </EntityMap>
  <EntityMap>
    <EntitySource>nwm_employee</EntitySource>
    <EntityTarget>nwm_employee_coveragerole</EntityTarget>
    <AttributeMaps />
  </EntityMap>
  <EntityMap>
    <EntitySource>nwm_team</EntitySource>
    <EntityTarget>contact</EntityTarget>
    <AttributeMaps />
  </EntityMap>
  <EntityMap>
    <EntitySource>phonecall</EntitySource>
    <EntityTarget>nwm_callreport</EntityTarget>
    <AttributeMaps />
  </EntityMap>
  <EntityMap>
    <EntitySource>systemuser</EntitySource>
    <EntityTarget>contact</EntityTarget>
    <AttributeMaps />
  </EntityMap>
  <EntityMap>
    <EntitySource>systemuser</EntitySource>
    <EntityTarget>msdyn_wallsavedqueryusersettings</EntityTarget>
    <AttributeMaps />
  </EntityMap>
  <EntityMap>
    <EntitySource>systemuser</EntitySource>
    <EntityTarget>nwm_callreportaccessuser</EntityTarget>
    <AttributeMaps />
  </EntityMap>
  <EntityMap>
    <EntitySource>systemuser</EntitySource>
    <EntityTarget>nwm_clientaccessrequest</EntityTarget>
    <AttributeMaps />
  </EntityMap>
  <EntityMap>
    <EntitySource>systemuser</EntitySource>
    <EntityTarget>nwm_clientaccessteam</EntityTarget>
    <AttributeMaps />
  </EntityMap>
</EntityMaps>