﻿<?xml version="1.0" encoding="utf-8"?>
<EntityRelationships>
  <EntityRelationship Name="Account_Appointments" />
  <EntityRelationship Name="business_unit_nwm_accountpriority" />
  <EntityRelationship Name="business_unit_nwm_callreport" />
  <EntityRelationship Name="business_unit_nwm_callreportaccessuser" />
  <EntityRelationship Name="business_unit_nwm_clientaccessrequest" />
  <EntityRelationship Name="business_unit_nwm_clientaccessteam" />
  <EntityRelationship Name="business_unit_nwm_clientdetail" />
  <EntityRelationship Name="business_unit_nwm_country" />
  <EntityRelationship Name="business_unit_nwm_coveragerole" />
  <EntityRelationship Name="business_unit_nwm_employee" />
  <EntityRelationship Name="business_unit_nwm_employee_coveragerole" />
  <EntityRelationship Name="business_unit_nwm_fosalesconfiguration" />
  <EntityRelationship Name="business_unit_nwm_team" />
  <EntityRelationship Name="business_unit_system_users" />
  <EntityRelationship Name="calendar_system_users" />
  <EntityRelationship Name="lk_nwm_accountpriority_createdby" />
  <EntityRelationship Name="lk_nwm_accountpriority_modifiedby" />
  <EntityRelationship Name="lk_nwm_callreport_createdby" />
  <EntityRelationship Name="lk_nwm_callreport_modifiedby" />
  <EntityRelationship Name="lk_nwm_callreportaccessuser_createdby" />
  <EntityRelationship Name="lk_nwm_callreportaccessuser_modifiedby" />
  <EntityRelationship Name="lk_nwm_clientaccessrequest_createdby" />
  <EntityRelationship Name="lk_nwm_clientaccessrequest_modifiedby" />
  <EntityRelationship Name="lk_nwm_clientaccessteam_createdby" />
  <EntityRelationship Name="lk_nwm_clientaccessteam_modifiedby" />
  <EntityRelationship Name="lk_nwm_clientdetail_createdby" />
  <EntityRelationship Name="lk_nwm_clientdetail_modifiedby" />
  <EntityRelationship Name="lk_nwm_country_createdby" />
  <EntityRelationship Name="lk_nwm_country_modifiedby" />
  <EntityRelationship Name="lk_nwm_coveragerole_createdby" />
  <EntityRelationship Name="lk_nwm_coveragerole_modifiedby" />
  <EntityRelationship Name="lk_nwm_employee_coveragerole_createdby" />
  <EntityRelationship Name="lk_nwm_employee_coveragerole_modifiedby" />
  <EntityRelationship Name="lk_nwm_employee_createdby" />
  <EntityRelationship Name="lk_nwm_employee_modifiedby" />
  <EntityRelationship Name="lk_nwm_fosalesconfiguration_createdby" />
  <EntityRelationship Name="lk_nwm_fosalesconfiguration_modifiedby" />
  <EntityRelationship Name="lk_nwm_team_createdby" />
  <EntityRelationship Name="lk_nwm_team_modifiedby" />
  <EntityRelationship Name="lk_systemuserbase_createdby" />
  <EntityRelationship Name="lk_systemuserbase_modifiedby" />
  <EntityRelationship Name="MobileOfflineProfile_SystemUser" />
  <EntityRelationship Name="msdyn_systemuser_wallsavedqueryusersettings_userid" />
  <EntityRelationship Name="nwm_account_account_UltimateL1Parent" />
  <EntityRelationship Name="nwm_account_callreport_ClientId" />
  <EntityRelationship Name="nwm_account_clientaccessteam_Client" />
  <EntityRelationship Name="nwm_account_nwm_employee_coveragerole_Account" />
  <EntityRelationship Name="nwm_appointment_nwm_callreport_MeetingId" />
  <EntityRelationship Name="nwm_client_callreport_L1" />
  <EntityRelationship Name="nwm_ClientAccessRequest_Approver" />
  <EntityRelationship Name="nwm_ClientAccessRequest_Client" />
  <EntityRelationship Name="nwm_ClientAccessRequest_User" />
  <EntityRelationship Name="nwm_clientdetail_client" />
  <EntityRelationship Name="nwm_contact_country" />
  <EntityRelationship Name="nwm_contact_team" />
  <EntityRelationship Name="nwm_nwm_accountpriority_account_CIBCoverageModelId" />
  <EntityRelationship Name="nwm_nwm_accountpriority_nwm_accountpriority_ParentAccountPriority" />
  <EntityRelationship Name="nwm_nwm_callreport_nwm_callreport" />
  <EntityRelationship Name="nwm_nwm_callreport_nwm_callreportaccessuser_CallReport" />
  <EntityRelationship Name="nwm_nwm_coveragerole_nwm_employee_coveragerole_CovreageRole" />
  <EntityRelationship Name="nwm_nwm_employee_nwm_employee_coveragerole_Employee" />
  <EntityRelationship Name="nwm_phonecall_nwm_callreport_PhoneCallId" />
  <EntityRelationship Name="nwm_systemuser_clientaccessteam_Approver" />
  <EntityRelationship Name="nwm_systemuser_clientaccessteam_User" />
  <EntityRelationship Name="nwm_systemuser_contact_primaryCover" />
  <EntityRelationship Name="nwm_systemuser_contact_secondaryCover" />
  <EntityRelationship Name="nwm_systemuser_nwm_callreportaccessuser_User" />
  <EntityRelationship Name="organization_system_users" />
  <EntityRelationship Name="owner_nwm_accountpriority" />
  <EntityRelationship Name="owner_nwm_callreport" />
  <EntityRelationship Name="owner_nwm_callreportaccessuser" />
  <EntityRelationship Name="owner_nwm_clientaccessrequest" />
  <EntityRelationship Name="owner_nwm_clientaccessteam" />
  <EntityRelationship Name="owner_nwm_clientdetail" />
  <EntityRelationship Name="owner_nwm_country" />
  <EntityRelationship Name="owner_nwm_coveragerole" />
  <EntityRelationship Name="owner_nwm_employee" />
  <EntityRelationship Name="owner_nwm_employee_coveragerole" />
  <EntityRelationship Name="owner_nwm_fosalesconfiguration" />
  <EntityRelationship Name="owner_nwm_team" />
  <EntityRelationship Name="position_users" />
  <EntityRelationship Name="queue_system_user" />
  <EntityRelationship Name="site_system_users" />
  <EntityRelationship Name="systemuser_defaultmailbox_mailbox" />
  <EntityRelationship Name="team_nwm_accountpriority" />
  <EntityRelationship Name="team_nwm_callreport" />
  <EntityRelationship Name="team_nwm_callreportaccessuser" />
  <EntityRelationship Name="team_nwm_clientaccessrequest" />
  <EntityRelationship Name="team_nwm_clientaccessteam" />
  <EntityRelationship Name="team_nwm_clientdetail" />
  <EntityRelationship Name="team_nwm_country" />
  <EntityRelationship Name="team_nwm_coveragerole" />
  <EntityRelationship Name="team_nwm_employee" />
  <EntityRelationship Name="team_nwm_employee_coveragerole" />
  <EntityRelationship Name="team_nwm_fosalesconfiguration" />
  <EntityRelationship Name="team_nwm_team" />
  <EntityRelationship Name="territory_system_users" />
  <EntityRelationship Name="TransactionCurrency_nwm_clientdetail" />
  <EntityRelationship Name="user_nwm_accountpriority" />
  <EntityRelationship Name="user_nwm_callreport" />
  <EntityRelationship Name="user_nwm_callreportaccessuser" />
  <EntityRelationship Name="user_nwm_clientaccessrequest" />
  <EntityRelationship Name="user_nwm_clientaccessteam" />
  <EntityRelationship Name="user_nwm_clientdetail" />
  <EntityRelationship Name="user_nwm_country" />
  <EntityRelationship Name="user_nwm_coveragerole" />
  <EntityRelationship Name="user_nwm_employee" />
  <EntityRelationship Name="user_nwm_employee_coveragerole" />
  <EntityRelationship Name="user_nwm_fosalesconfiguration" />
  <EntityRelationship Name="user_nwm_team" />
  <EntityRelationship Name="user_parent_user" />
</EntityRelationships>