﻿<?xml version="1.0" encoding="utf-8"?>
<ImportExportXml version="8.2.0000.0795" SolutionPackageVersion="8.2" languagecode="1033" generatedBy="CrmLive" xmlns:xsi="http://www.w3.org/2001/XMLSchema-instance">
  <SolutionManifest>
    <UniqueName>FOSales</UniqueName>
    <LocalizedNames>
      <LocalizedName description="FO Sales" languagecode="1033" />
    </LocalizedNames>
    <Descriptions />
    <Version>0.0.0.1</Version>
    <Managed>0</Managed>
    <Publisher>
      <UniqueName>natwestmarkets</UniqueName>
      <LocalizedNames>
        <LocalizedName description="NatWest Markets" languagecode="1033" />
      </LocalizedNames>
      <Descriptions />
      <EMailAddress xsi:nil="true"></EMailAddress>
      <SupportingWebsiteUrl xsi:nil="true"></SupportingWebsiteUrl>
      <CustomizationPrefix>nwm</CustomizationPrefix>
      <CustomizationOptionValuePrefix>33734</CustomizationOptionValuePrefix>
      <Addresses>
        <Address>
          <AddressNumber>1</AddressNumber>
          <AddressTypeCode>1</AddressTypeCode>
          <City xsi:nil="true"></City>
          <County xsi:nil="true"></County>
          <Country xsi:nil="true"></Country>
          <Fax xsi:nil="true"></Fax>
          <FreightTermsCode xsi:nil="true"></FreightTermsCode>
          <ImportSequenceNumber xsi:nil="true"></ImportSequenceNumber>
          <Latitude xsi:nil="true"></Latitude>
          <Line1 xsi:nil="true"></Line1>
          <Line2 xsi:nil="true"></Line2>
          <Line3 xsi:nil="true"></Line3>
          <Longitude xsi:nil="true"></Longitude>
          <Name xsi:nil="true"></Name>
          <PostalCode xsi:nil="true"></PostalCode>
          <PostOfficeBox xsi:nil="true"></PostOfficeBox>
          <PrimaryContactName xsi:nil="true"></PrimaryContactName>
          <ShippingMethodCode>1</ShippingMethodCode>
          <StateOrProvince xsi:nil="true"></StateOrProvince>
          <Telephone1 xsi:nil="true"></Telephone1>
          <Telephone2 xsi:nil="true"></Telephone2>
          <Telephone3 xsi:nil="true"></Telephone3>
          <TimeZoneRuleVersionNumber xsi:nil="true"></TimeZoneRuleVersionNumber>
          <UPSZone xsi:nil="true"></UPSZone>
          <UTCOffset xsi:nil="true"></UTCOffset>
          <UTCConversionTimeZoneCode xsi:nil="true"></UTCConversionTimeZoneCode>
        </Address>
        <Address>
          <AddressNumber>2</AddressNumber>
          <AddressTypeCode>1</AddressTypeCode>
          <City xsi:nil="true"></City>
          <County xsi:nil="true"></County>
          <Country xsi:nil="true"></Country>
          <Fax xsi:nil="true"></Fax>
          <FreightTermsCode xsi:nil="true"></FreightTermsCode>
          <ImportSequenceNumber xsi:nil="true"></ImportSequenceNumber>
          <Latitude xsi:nil="true"></Latitude>
          <Line1 xsi:nil="true"></Line1>
          <Line2 xsi:nil="true"></Line2>
          <Line3 xsi:nil="true"></Line3>
          <Longitude xsi:nil="true"></Longitude>
          <Name xsi:nil="true"></Name>
          <PostalCode xsi:nil="true"></PostalCode>
          <PostOfficeBox xsi:nil="true"></PostOfficeBox>
          <PrimaryContactName xsi:nil="true"></PrimaryContactName>
          <ShippingMethodCode>1</ShippingMethodCode>
          <StateOrProvince xsi:nil="true"></StateOrProvince>
          <Telephone1 xsi:nil="true"></Telephone1>
          <Telephone2 xsi:nil="true"></Telephone2>
          <Telephone3 xsi:nil="true"></Telephone3>
          <TimeZoneRuleVersionNumber xsi:nil="true"></TimeZoneRuleVersionNumber>
          <UPSZone xsi:nil="true"></UPSZone>
          <UTCOffset xsi:nil="true"></UTCOffset>
          <UTCConversionTimeZoneCode xsi:nil="true"></UTCConversionTimeZoneCode>
        </Address>
      </Addresses>
    </Publisher>
    <RootComponents>
      <RootComponent type="1" schemaName="account" behavior="1" />
      <RootComponent type="1" schemaName="appointment" behavior="1" />
      <RootComponent type="1" schemaName="connection" behavior="1" />
      <RootComponent type="1" schemaName="connectionrole" behavior="1" />
      <RootComponent type="1" schemaName="contact" behavior="1" />
      <RootComponent type="1" schemaName="email" behavior="1" />
      <RootComponent type="1" schemaName="msdyn_wallsavedqueryusersettings" behavior="2" />
      <RootComponent type="1" schemaName="nwm_accountpriority" behavior="0" />
      <RootComponent type="1" schemaName="nwm_callreport" behavior="0" />
      <RootComponent type="1" schemaName="nwm_callreportaccessuser" behavior="0" />
      <RootComponent type="1" schemaName="nwm_clientaccessrequest" behavior="0" />
      <RootComponent type="1" schemaName="nwm_clientaccessteam" behavior="0" />
      <RootComponent type="1" schemaName="nwm_clientdetail" behavior="0" />
      <RootComponent type="1" schemaName="nwm_country" behavior="0" />
      <RootComponent type="1" schemaName="nwm_coveragerole" behavior="0" />
      <RootComponent type="1" schemaName="nwm_employee" behavior="0" />
      <RootComponent type="1" schemaName="nwm_employee_coveragerole" behavior="0" />
      <RootComponent type="1" schemaName="nwm_fosalesconfiguration" behavior="0" />
      <RootComponent type="1" schemaName="nwm_team" behavior="0" />
      <RootComponent type="1" schemaName="opportunity" behavior="1" />
      <RootComponent type="1" schemaName="phonecall" behavior="1" />
      <RootComponent type="1" schemaName="systemuser" behavior="0" />
      <RootComponent type="1" schemaName="task" behavior="1" />
      <RootComponent type="1" schemaName="teamtemplate" behavior="1" />
      <RootComponent type="9" schemaName="connectionrole_category" behavior="0" />
      <RootComponent type="9" schemaName="nwm_accountlevel" behavior="0" />
      <RootComponent type="9" schemaName="nwm_business" behavior="0" />
      <RootComponent type="9" schemaName="nwm_callreportaccesstype" behavior="0" />
      <RootComponent type="9" schemaName="nwm_callreportchannel" behavior="0" />
      <RootComponent type="9" schemaName="nwm_callreportclassification" behavior="0" />
      <RootComponent type="9" schemaName="nwm_clientaccessrequesttype" behavior="0" />
      <RootComponent type="9" schemaName="nwm_clientaccessrole" behavior="0" />
      <RootComponent type="9" schemaName="nwm_coveragemodel" behavior="0" />
      <RootComponent type="9" schemaName="nwm_frequency" behavior="0" />
      <RootComponent type="9" schemaName="nwm_region" behavior="0" />
      <RootComponent type="20" id="{0b2d02d9-f0f1-e611-80d8-3863bb358e18}" behavior="0" />
      <RootComponent type="20" id="{3eb81f31-4de9-e611-80d6-1458d0431600}" behavior="0" />
      <RootComponent type="20" id="{5fe5c02c-eef1-e611-80d8-3863bb358e18}" behavior="0" />
      <RootComponent type="20" id="{8e902825-dc7f-e611-80dd-c4346bac7e3c}" behavior="0" />
      <RootComponent type="20" id="{c766309e-150b-e711-80dc-3863bb358e18}" behavior="0" />
      <RootComponent type="20" id="{f1d0a138-dc7f-e611-80dd-c4346bac7e3c}" behavior="0" />
      <RootComponent type="29" id="{0674c989-e16a-4770-8a99-49f5559f54ae}" behavior="0" />
      <RootComponent type="29" id="{1d0d5b79-cdc4-423d-adda-0cb98ae4fb47}" behavior="0" />
      <RootComponent type="29" id="{20eaa8c5-ebfe-49c7-8879-f156e9c2a6e7}" behavior="0" />
      <RootComponent type="29" id="{34ca28ed-758b-e611-80e0-c4346bac7e3c}" behavior="0" />
      <RootComponent type="29" id="{440938c8-758b-e611-80e0-c4346bac7e3c}" behavior="0" />
      <RootComponent type="29" id="{539d49b2-e77e-e611-80d8-c4346bac2ebc}" behavior="0" />
      <RootComponent type="29" id="{64138f4e-068a-4de1-8dc3-a5d71cc27526}" behavior="0" />
      <RootComponent type="29" id="{64ea5a7d-e89d-4a5b-9443-bb90cec60024}" behavior="0" />
      <RootComponent type="29" id="{72d92ea4-18f5-e611-80d8-3863bb35ff48}" behavior="0" />
      <RootComponent type="29" id="{7a57f3e0-7ac4-43ec-85c7-44881898a78f}" behavior="0" />
      <RootComponent type="29" id="{8af7049a-4bcb-4b87-a91f-cacaecc825c8}" behavior="0" />
      <RootComponent type="29" id="{919567ac-7874-422c-b98e-0ce8a13472de}" behavior="0" />
      <RootComponent type="29" id="{934dd0c5-ade3-e611-80d5-3863bb358e18}" behavior="0" />
      <RootComponent type="29" id="{9afd2c08-547e-e611-80d8-c4346bac2ebc}" behavior="0" />
      <RootComponent type="29" id="{a0aba7e9-1124-4f00-80f6-1e76925bf3f7}" behavior="0" />
      <RootComponent type="29" id="{ae52b58c-24f5-e611-80d8-3863bb35ff48}" behavior="0" />
      <RootComponent type="29" id="{af92e80a-2d03-e711-80da-3863bb35ff48}" behavior="0" />
      <RootComponent type="29" id="{bd1e7a9e-ec8a-e611-80e0-c4346bac7e3c}" behavior="0" />
      <RootComponent type="29" id="{bfe6346d-0184-44ec-b580-ad037d5c7573}" behavior="0" />
      <RootComponent type="29" id="{d4c04c50-3620-43ca-b48a-80adfa1d3454}" behavior="0" />
      <RootComponent type="29" id="{df0e042c-3e5a-487d-b751-803502c0505e}" behavior="0" />
      <RootComponent type="29" id="{e095fde1-b6f2-e611-80d8-1458d0431600}" behavior="0" />
      <RootComponent type="29" id="{e0e06387-feb9-4f54-944b-41b383ffe735}" behavior="0" />
      <RootComponent type="29" id="{e46db19b-add7-4742-a249-552806276b67}" behavior="0" />
      <RootComponent type="29" id="{f42329b8-b1bb-4e5e-b551-c53e3df19261}" behavior="0" />
      <RootComponent type="29" id="{f85c4e27-2ab3-4e2a-94c9-8bbe1628aec7}" behavior="0" />
      <RootComponent type="29" id="{fd58bcc8-12f5-e611-80d8-3863bb35ff48}" behavior="0" />
      <RootComponent type="60" id="{04b58f4d-d763-491f-8560-17f902c72968}" behavior="0" />
      <RootComponent type="60" id="{0d1e47ff-12b2-4f53-9090-bee951b98cb4}" />
      <RootComponent type="60" id="{108e1be5-be0b-4b9f-9827-80841cdd5f48}" behavior="0" />
      <RootComponent type="60" id="{14f7609a-b5d2-4ae5-bd69-f7542e12bf29}" behavior="0" />
      <RootComponent type="60" id="{16654191-19ad-48ca-9e46-c4b4fbdad76f}" />
      <RootComponent type="60" id="{2ba30aae-1ffa-42d0-95bc-c3b3d21b9e4c}" behavior="0" />
      <RootComponent type="60" id="{3bfcc512-acc5-4250-b822-b637091b797b}" behavior="0" />
      <RootComponent type="60" id="{4763f3d9-46d9-4cd2-958a-b1b9da7742b1}" behavior="0" />
      <RootComponent type="60" id="{4cd45c5d-29b3-48d3-997a-2bc3f8beeba8}" behavior="0" />
      <RootComponent type="60" id="{549a8aa3-c349-4ab9-8bac-4873fa9a7a5c}" behavior="0" />
      <RootComponent type="60" id="{59191114-8a33-40ea-a9cb-502f27f1df62}" behavior="0" />
      <RootComponent type="60" id="{59afb330-39b0-4548-8d87-c1a6d385f19e}" behavior="0" />
      <RootComponent type="60" id="{64ea84fd-646b-4005-b03d-755a46f79557}" behavior="0" />
      <RootComponent type="60" id="{69cff312-cfb6-4289-9631-249ab85d2c62}" behavior="0" />
      <RootComponent type="60" id="{6a8262a8-3152-4306-a9ac-0e69a0b387b6}" behavior="0" />
      <RootComponent type="60" id="{70ad8b15-e3f3-4d7d-9e4b-16cb4e51b484}" behavior="0" />
      <RootComponent type="60" id="{8e0b7c1e-f5a0-4e7d-b04d-4ca8d5c5ca80}" behavior="0" />
      <RootComponent type="60" id="{965b7e21-d548-4bc0-8b78-1ca8412a5e17}" behavior="0" />
      <RootComponent type="60" id="{a2a56263-ec37-4991-a3b0-e7b37a71d818}" />
      <RootComponent type="60" id="{a837e4a7-01b8-4f82-a475-be9abd67e667}" />
      <RootComponent type="60" id="{a91390a5-99bb-4d10-9eee-3a5c87f841f1}" behavior="0" />
      <RootComponent type="60" id="{aba51404-8fc8-42b6-bb30-ec4f30c3c3d5}" behavior="0" />
      <RootComponent type="60" id="{b55ee404-bc89-4b2f-9e4f-bec24b87cc1a}" behavior="0" />
      <RootComponent type="60" id="{bc503287-05ff-4d4f-b9b7-73ffc74b5024}" behavior="0" />
      <RootComponent type="60" id="{c0a20cb0-3293-46e3-ba79-8fdd03d4f10d}" behavior="0" />
      <RootComponent type="60" id="{c466c56a-ab9d-41a3-ac68-008a60bfe67e}" behavior="0" />
      <RootComponent type="60" id="{cf9bdd92-a1b4-46ce-8fa9-a56273ac590d}" behavior="0" />
      <RootComponent type="60" id="{e3c588ee-8e11-49da-a5fe-3800f3f683de}" />
      <RootComponent type="60" id="{eb609563-f9a5-43a6-8036-577133d752a1}" behavior="0" />
      <RootComponent type="60" id="{f6bff5b0-9518-4227-94e6-ed3301375753}" behavior="0" />
      <RootComponent type="60" id="{fc278fff-83b8-41e0-b9e3-b63e8f8e2337}" />
      <RootComponent type="61" schemaName="nwm_/app/app.js" behavior="0" />
      <RootComponent type="61" schemaName="nwm_/app/assets/css/crm.css" behavior="0" />
      <RootComponent type="61" schemaName="nwm_/app/assets/css/ng_tags_input.bootstrap.min.css" behavior="0" />
      <RootComponent type="61" schemaName="nwm_/app/assets/css/ng_tags_input.min.css" behavior="0" />
      <RootComponent type="61" schemaName="nwm_/app/assets/lib/angular.min.js" behavior="0" />
      <RootComponent type="61" schemaName="nwm_/app/assets/lib/jquery.tagsinput.css" behavior="0" />
      <RootComponent type="61" schemaName="nwm_/app/assets/lib/jquery.tagsinput.js" behavior="0" />
      <RootComponent type="61" schemaName="nwm_/app/assets/lib/jquery_1.9.1.js" behavior="0" />
      <RootComponent type="61" schemaName="nwm_/app/assets/lib/jquery_ui.css" behavior="0" />
      <RootComponent type="61" schemaName="nwm_/app/assets/lib/jquery_ui.js" behavior="0" />
      <RootComponent type="61" schemaName="nwm_/app/assets/lib/ng_tags_input.min.js" behavior="0" />
      <RootComponent type="61" schemaName="nwm_/app/assets/lib/Sdk.Soap.min.js" behavior="0" />
      <RootComponent type="61" schemaName="nwm_/app/components/crm/soap_service.js" behavior="0" />
      <RootComponent type="61" schemaName="nwm_/app/components/widgets/contact_radar.html" behavior="0" />
      <RootComponent type="61" schemaName="nwm_/app/components/widgets/contact_radar_controller.js" behavior="0" />
      <RootComponent type="61" schemaName="nwm_/app/components/widgets/contact_radar_service.js" behavior="0" />
      <RootComponent type="61" schemaName="nwm_/app/components/widgets/tagging/autocomp_template.html" behavior="0" />
      <RootComponent type="61" schemaName="nwm_/app/components/widgets/tagging/controller.js" behavior="0" />
      <RootComponent type="61" schemaName="nwm_/app/components/widgets/tagging/ico_16_1024_Product.png" behavior="0" />
      <RootComponent type="61" schemaName="nwm_/app/components/widgets/tagging/service.js" behavior="0" />
      <RootComponent type="61" schemaName="nwm_/app/components/widgets/tagging/style.css" behavior="0" />
      <RootComponent type="61" schemaName="nwm_/app/components/widgets/tagging/tagging_app.js" behavior="0" />
      <RootComponent type="61" schemaName="nwm_/app/components/widgets/tagging/tags_template.html" behavior="0" />
      <RootComponent type="61" schemaName="nwm_/app/components/widgets/tagging/view.html" behavior="0" />
      <RootComponent type="61" schemaName="nwm_/html/CaptureClientAccessRequest.html" behavior="0" />
      <RootComponent type="61" schemaName="nwm_/html/CaptureComment.html" behavior="0" />
      <RootComponent type="61" schemaName="nwm_/html/ClientDetail.html" behavior="0" />
      <RootComponent type="61" schemaName="nwm_/Images/16px_CallReport.png" behavior="0" />
      <RootComponent type="61" schemaName="nwm_/Images/16px_ClientAccessRequest.png" behavior="0" />
      <RootComponent type="61" schemaName="nwm_/Images/32px_CallReport.png" behavior="0" />
      <RootComponent type="61" schemaName="nwm_/Images/32px_ClientAccessRequest.png" behavior="0" />
      <RootComponent type="61" schemaName="nwm_/Script/account.js" behavior="0" />
      <RootComponent type="61" schemaName="nwm_/Script/activity.js" behavior="0" />
      <RootComponent type="61" schemaName="nwm_/Script/callreport.js" behavior="0" />
      <RootComponent type="61" schemaName="nwm_/Script/CaptureClientAccessRequest.js" behavior="0" />
      <RootComponent type="61" schemaName="nwm_/Script/clientaccessrequest.js" behavior="0" />
      <RootComponent type="61" schemaName="nwm_/Script/contact.js" behavior="0" />
      <RootComponent type="61" schemaName="nwm_/Script/Json2.js" behavior="0" />
      <RootComponent type="61" schemaName="nwm_/Script/opportunity.js" behavior="0" />
      <RootComponent type="61" schemaName="nwm_/Script/process.js" behavior="0" />
      <RootComponent type="61" schemaName="nwm_/Script/SDK.REST.js" behavior="0" />
      <RootComponent type="61" schemaName="nwm_/Script/Telemetry.js" behavior="0" />
      <RootComponent type="61" schemaName="nwm_/Script/xrmservicetoolkit.js" behavior="0" />
      <RootComponent type="62" behavior="0" />
      <RootComponent type="63" id="{1b97dc30-65f7-e611-80d8-1458d0431600}" behavior="0" />
      <RootComponent type="63" id="{91bef1ad-64f7-e611-80d8-1458d0431600}" behavior="0" />
      <RootComponent type="91" schemaName="Rbs.Crm.FOS.Plugins, Version=1.0.0.0, Culture=neutral, PublicKeyToken=f5de6214cb69f0d8" behavior="0" />
      <RootComponent type="91" schemaName="Rbs.Crm.FOS.Workflow, Version=1.0.0.0, Culture=neutral, PublicKeyToken=c2fb001dc957e744" behavior="0" />
      <RootComponent type="92" id="{63d944df-620a-e711-80e0-3863bb34cdb0}" behavior="0" />
      <RootComponent type="92" id="{8cd944df-620a-e711-80e0-3863bb34cdb0}" behavior="0" />
      <RootComponent type="92" id="{a98a60d8-620a-e711-80e0-3863bb34cdb0}" behavior="0" />
      <RootComponent type="92" id="{b6d944df-620a-e711-80e0-3863bb34cdb0}" behavior="0" />
      <RootComponent type="92" id="{d58a60d8-620a-e711-80e0-3863bb34cdb0}" behavior="0" />
      <RootComponent type="92" id="{e2d944df-620a-e711-80e0-3863bb34cdb0}" behavior="0" />
    </RootComponents>
    <MissingDependencies>
      <MissingDependency>
        <Required key="0" type="1" schemaName="msdyn_wallsavedqueryusersettings" displayName="Filter" solution="ActivityFeedsCore (8.2.0.0)" />
        <Dependent key="0" type="1" schemaName="msdyn_wallsavedqueryusersettings" displayName="Filter" />
      </MissingDependency>
      <MissingDependency>
        <Required key="1" type="1" schemaName="msdyn_postconfig" displayName="Post Configuration" solution="ActivityFeedsCore (8.2.0.0)" />
        <Dependent key="2" type="62" />
      </MissingDependency>
      <MissingDependency>
        <Required key="3" type="1" schemaName="msdyn_postruleconfig" displayName="Post Rule Configuration" solution="ActivityFeedsCore (8.2.0.0)" />
        <Dependent key="2" type="62" />
      </MissingDependency>
      <MissingDependency>
        <Required key="4" type="2" schemaName="msdyn_userid" displayName="User Id" parentSchemaName="msdyn_wallsavedqueryusersettings" parentDisplayName="Filter" solution="ActivityFeedsCore (8.2.0.0)" />
        <Dependent key="4" type="2" schemaName="msdyn_userid" displayName="User Id" parentSchemaName="msdyn_wallsavedqueryusersettings" parentDisplayName="Filter" />
      </MissingDependency>
      <MissingDependency>
        <Required key="5" type="10" schemaName="msdyn_systemuser_wallsavedqueryusersettings_userid" displayName="msdyn_systemuser_wallsavedqueryusersettings_userid" parentSchemaName="msdyn_wallsavedqueryusersettings" parentDisplayName="Filter" solution="ActivityFeedsCore (8.2.0.0)" />
        <Dependent key="5" type="10" schemaName="msdyn_systemuser_wallsavedqueryusersettings_userid" displayName="msdyn_systemuser_wallsavedqueryusersettings_userid" parentSchemaName="msdyn_wallsavedqueryusersettings" parentDisplayName="Filter" />
      </MissingDependency>
      <MissingDependency>
        <Required key="6" type="61" schemaName="msdyn_/RecordWall.htm" displayName="msdyn_/RecordWall.htm" solution="ActivityFeedsCore (8.2.0.0)" />
        <Dependent key="7" type="60" displayName="Information" parentDisplayName="User" id="{c0d7d7dd-afd0-4675-85fe-1cc5a48be6df}" />
      </MissingDependency>
      <MissingDependency>
        <Required key="8" type="61" schemaName="msdyn_/PersonalWall.htm" displayName="msdyn_/PersonalWall.htm" solution="ActivityFeedsCore (8.2.0.0)" />
        <Dependent key="2" type="62" />
      </MissingDependency>
      <MissingDependency>
        <Required key="9" type="61" schemaName="msdyn_/ActivityFeeds.Form.js" displayName="msdyn_/ActivityFeeds.Form.js" solution="ActivityFeedsCore (8.2.0.0)" />
        <Dependent key="7" type="60" displayName="Information" parentDisplayName="User" id="{c0d7d7dd-afd0-4675-85fe-1cc5a48be6df}" />
      </MissingDependency>
      <MissingDependency>
        <Required key="10" type="61" schemaName="msdyn_/Images/Wall_16.png" displayName="msdyn_/Images/Wall_16.png" solution="ActivityFeedsCore (8.2.0.0)" />
        <Dependent key="2" type="62" />
      </MissingDependency>
    </MissingDependencies>
  </SolutionManifest>
</ImportExportXml>