﻿<?xml version="1.0" encoding="utf-8"?>
<Entity>
  <Name LocalizedName="Case" OriginalName="Case">Incident</Name>
  <EntityInfo>
    <entity Name="Incident">
      <LocalizedNames>
        <LocalizedName description="Case" languagecode="1033" />
      </LocalizedNames>
      <LocalizedCollectionNames>
        <LocalizedCollectionName description="Cases" languagecode="1033" />
      </LocalizedCollectionNames>
      <Descriptions>
        <Description description="Service request case associated with a contract." languagecode="1033" />
      </Descriptions>
      <attributes>
        <attribute PhysicalName="EntityImage">
          <Type>image</Type>
          <Name>entityimage</Name>
          <LogicalName>entityimage</LogicalName>
          <RequiredLevel>none</RequiredLevel>
          <DisplayMask>DenormalizedChild</DisplayMask>
          <ImeMode>disabled</ImeMode>
          <ValidForUpdateApi>1</ValidForUpdateApi>
          <ValidForReadApi>1</ValidForReadApi>
          <ValidForCreateApi>1</ValidForCreateApi>
          <IsCustomField>0</IsCustomField>
          <IsAuditEnabled>0</IsAuditEnabled>
          <IsLogical>1</IsLogical>
          <IsSecured>0</IsSecured>
          <IntroducedVersion>6.0.0.0</IntroducedVersion>
          <SourceType>0</SourceType>
          <IsGlobalFilterEnabled>0</IsGlobalFilterEnabled>
          <IsSortableEnabled>0</IsSortableEnabled>
          <AutoNumberFormat></AutoNumberFormat>
          <Format>jpeg</Format>
          <MaxLength>9437328</MaxLength>
          <displaynames>
            <displayname description="Entity Image" languagecode="1033" />
          </displaynames>
          <Descriptions>
            <Description description="The default image for the entity." languagecode="1033" />
          </Descriptions>
        </attribute>
      </attributes>
      <EntitySetName>incidents</EntitySetName>
      <IsDuplicateCheckSupported>1</IsDuplicateCheckSupported>
      <IsBusinessProcessEnabled>1</IsBusinessProcessEnabled>
      <IsRequiredOffline>0</IsRequiredOffline>
      <IsInteractionCentricEnabled>1</IsInteractionCentricEnabled>
      <IsCollaboration>1</IsCollaboration>
      <AutoRouteToOwnerQueue>0</AutoRouteToOwnerQueue>
      <IsConnectionsEnabled>1</IsConnectionsEnabled>
      <EntityColor>#7A278F</EntityColor>
      <IsDocumentManagementEnabled>0</IsDocumentManagementEnabled>
      <IsOneNoteIntegrationEnabled>0</IsOneNoteIntegrationEnabled>
      <IsKnowledgeManagementEnabled>1</IsKnowledgeManagementEnabled>
      <IsSLAEnabled>1</IsSLAEnabled>
      <IsDocumentRecommendationsEnabled>0</IsDocumentRecommendationsEnabled>
      <IsBPFEntity>0</IsBPFEntity>
      <OwnershipTypeMask>UserOwned</OwnershipTypeMask>
      <EntityMask>ActivityPointer</EntityMask>
      <IsAuditEnabled>0</IsAuditEnabled>
      <IsRetrieveAuditEnabled>0</IsRetrieveAuditEnabled>
      <IsRetrieveMultipleAuditEnabled>0</IsRetrieveMultipleAuditEnabled>
      <IsActivity>0</IsActivity>
      <ActivityTypeMask></ActivityTypeMask>
      <IsActivityParty>1</IsActivityParty>
      <IsReplicated>1</IsReplicated>
      <IsReplicationUserFiltered>1</IsReplicationUserFiltered>
      <IsMailMergeEnabled>1</IsMailMergeEnabled>
      <IsVisibleInMobile>1</IsVisibleInMobile>
      <IsVisibleInMobileClient>1</IsVisibleInMobileClient>
      <IsReadOnlyInMobileClient>0</IsReadOnlyInMobileClient>
      <IsOfflineInMobileClient>1</IsOfflineInMobileClient>
      <DaysSinceRecordLastModified>10</DaysSinceRecordLastModified>
      <MobileOfflineFilters>
    &lt;fetch version="1.0" output-format="xml-platform" mapping="logical" distinct="false"&gt;
      &lt;entity name="incident"&gt;
        &lt;filter type="and"&gt;
          &lt;condition attribute="modifiedon" operator="last-x-days" value="10"/&gt;
        &lt;/filter&gt;
      &lt;/entity&gt;
    &lt;/fetch&gt;
  </MobileOfflineFilters>
      <IsMapiGridEnabled>1</IsMapiGridEnabled>
      <IsReadingPaneEnabled>1</IsReadingPaneEnabled>
      <IsQuickCreateEnabled>1</IsQuickCreateEnabled>
      <SyncToExternalSearchIndex>1</SyncToExternalSearchIndex>
      <IntroducedVersion>5.0.0.0</IntroducedVersion>
      <EnforceStateTransitions>0</EnforceStateTransitions>
      <EntityHelpUrlEnabled>0</EntityHelpUrlEnabled>
      <ChangeTrackingEnabled>1</ChangeTrackingEnabled>
      <IsEnabledForExternalChannels>1</IsEnabledForExternalChannels>
      <HasRelatedNotes>True</HasRelatedNotes>
      <HasRelatedActivities>True</HasRelatedActivities>
    </entity>
  </EntityInfo>
  <FormXml />
  <RibbonDiffXml />
</Entity>