<?xml version="1.0" encoding="utf-8"?>
<forms xmlns:xsi="http://www.w3.org/2001/XMLSchema-instance">
  <systemform>
    <formid>{cbddcff3-da94-4e46-be7a-bce4d2fd9acb}</formid>
    <IntroducedVersion>1.0</IntroducedVersion>
    <FormPresentation>1</FormPresentation>
    <FormActivationState>1</FormActivationState>
    <form
      headerdensity="HighWithControls">
      <tabs>
        <tab
          verticallayout="true"
          id="{34e379b8-4eff-4444-8b2c-16747d89c9f7}"
          IsUserDefined="1">
          <labels>
            <label
              description="General"
              languagecode="1033" />
          </labels>
          <columns>
            <column
              width="100%">
              <sections>
                <section
                  showlabel="false"
                  showbar="false"
                  IsUserDefined="0"
                  id="{9e5ca046-b024-4ba2-b3de-3185b5c75977}">
                  <labels>
                    <label
                      description="General"
                      languagecode="1033" />
                  </labels>
                  <rows>
                    <row>
                      <cell
                        id="{997ec5d5-a7f9-4d66-9bce-f6ac69095399}">
                        <labels>
                          <label
                            description="Case Sub Type"
                            languagecode="1033" />
                        </labels>
                        <control
                          id="rhm_casesubtype"
                          classid="{4273EDBD-AC1D-40d3-9FB2-095C621B552D}"
                          datafieldname="rhm_casesubtype" />
                      </cell>
                    </row>
                    <row>
                      <cell
                        id="{a34e73a5-4436-b2b5-2b34-116c59bbc52e}"
                        showlabel="true"
                        locklevel="0">
                        <labels>
                          <label
                            description="Case Type"
                            languagecode="1033" />
                        </labels>
                        <control
                          id="rhm_casetype"
                          classid="{4273EDBD-AC1D-40d3-9FB2-095C621B552D}"
                          datafieldname="rhm_casetype"
                          disabled="false" />
                      </cell>
                    </row>
                    <row>
                      <cell
                        id="{eec57cba-7a5a-ee05-1925-0bee48cd7dd2}"
                        showlabel="true"
                        colspan="1"
                        auto="false"
                        rowspan="7">
                        <labels>
                          <label
                            description="Case Details "
                            languagecode="1033" />
                        </labels>
                        <control
                          id="Case_Details"
                          classid="{E7A81278-8635-4d9e-8D4D-59480B391C5B}"
                          indicationOfSubgrid="true"
                          uniqueid="{ea42990e-ab53-650d-3c79-1e39c5d94558}">
                          <parameters>
                            <ViewId>{966496D6-2C97-4EAE-9733-1F146E35AB36}</ViewId>
                            <IsUserView>false</IsUserView>
                            <RelationshipName>rhm_rhm_casesubtype_rhm_casedetail_CaseSubType</RelationshipName>
                            <TargetEntityType>rhm_casedetail</TargetEntityType>
                            <AutoExpand>Fixed</AutoExpand>
                            <EnableQuickFind>false</EnableQuickFind>
                            <EnableViewPicker>false</EnableViewPicker>
                            <ViewIds>{966496D6-2C97-4EAE-9733-1F146E35AB36}</ViewIds>
                            <EnableJumpBar>false</EnableJumpBar>
                            <ChartGridMode>All</ChartGridMode>
                            <VisualizationId />
                            <IsUserChart>false</IsUserChart>
                            <EnableChartPicker>true</EnableChartPicker>
                            <RecordsPerPage>4</RecordsPerPage>
                            <HeaderColorCode>#F3F3F3</HeaderColorCode>
                          </parameters>
                        </control>
                      </cell>
                    </row>
                    <row />
                    <row />
                    <row />
                    <row />
                    <row />
                    <row />
                  </rows>
                </section>
              </sections>
            </column>
          </columns>
        </tab>
      </tabs>
      <Navigation>
        <NavBar></NavBar>
        <NavBarAreas>
          <NavBarArea
            Id="Info">
            <Titles>
              <Title
                LCID="1033"
                Text="Common" />
            </Titles>
          </NavBarArea>
          <NavBarArea
            Id="Sales">
            <Titles>
              <Title
                LCID="1033"
                Text="Sales" />
            </Titles>
          </NavBarArea>
          <NavBarArea
            Id="Service">
            <Titles>
              <Title
                LCID="1033"
                Text="Service" />
            </Titles>
          </NavBarArea>
          <NavBarArea
            Id="Marketing">
            <Titles>
              <Title
                LCID="1033"
                Text="Marketing" />
            </Titles>
          </NavBarArea>
          <NavBarArea
            Id="ProcessCenter">
            <Titles>
              <Title
                LCID="1033"
                Text="Process Sessions" />
            </Titles>
          </NavBarArea>
        </NavBarAreas>
      </Navigation>
      <header
        id="{e8e09fe5-2f71-4439-b95c-fb8a2df6f7e1}"
        celllabelposition="Top"
        columns="111"
        labelwidth="115"
        celllabelalignment="Left">
        <rows>
          <row>
            <cell
              id="{e6956598-2191-44a2-840d-e83c39fde9f2}"
              showlabel="false">
              <labels>
                <label
                  description=""
                  languagecode="1033" />
              </labels>
            </cell>
            <cell
              id="{15976686-b9c4-4ee9-97ea-c50a95fc45a8}"
              showlabel="false">
              <labels>
                <label
                  description=""
                  languagecode="1033" />
              </labels>
            </cell>
            <cell
              id="{bffe4dc3-a3de-464e-a42e-a9f67c2db564}"
              showlabel="false">
              <labels>
                <label
                  description=""
                  languagecode="1033" />
              </labels>
            </cell>
          </row>
        </rows>
      </header>
      <footer
        id="{544fdae0-4687-47e2-8f8b-50709650537d}"
        celllabelposition="Top"
        columns="111"
        labelwidth="115"
        celllabelalignment="Left">
        <rows>
          <row>
            <cell
              id="{c1571b76-441b-4393-85bf-09174fff6411}"
              showlabel="false">
              <labels>
                <label
                  description=""
                  languagecode="1033" />
              </labels>
            </cell>
            <cell
              id="{9ea9bff4-fe0d-46a7-a4ce-fa9c94bed7df}"
              showlabel="false">
              <labels>
                <label
                  description=""
                  languagecode="1033" />
              </labels>
            </cell>
            <cell
              id="{e829932b-c188-4f83-be0b-0196d2b85f37}"
              showlabel="false">
              <labels>
                <label
                  description=""
                  languagecode="1033" />
              </labels>
            </cell>
          </row>
        </rows>
      </footer>
      <controlDescriptions />
      <DisplayConditions
        Order="0"
        FallbackForm="true">
        <Everyone />
      </DisplayConditions>
    </form>
    <IsCustomizable>1</IsCustomizable>
    <CanBeDeleted>1</CanBeDeleted>
    <LocalizedNames>
      <LocalizedName
        description="Information"
        languagecode="1033" />
    </LocalizedNames>
    <Descriptions>
      <Description
        description="A form for this entity."
        languagecode="1033" />
    </Descriptions>
  </systemform>
</forms>