<?xml version="1.0" encoding="utf-8"?>
<savedqueries xmlns:xsi="http://www.w3.org/2001/XMLSchema-instance">
  <savedquery>
    <IsCustomizable>1</IsCustomizable>
    <CanBeDeleted>0</CanBeDeleted>
    <isquickfindquery>0</isquickfindquery>
    <isprivate>0</isprivate>
    <isdefault>1</isdefault>
    <savedqueryid>{ff4fe42d-0423-43fd-8fff-7ce15f8ca487}</savedqueryid>
    <layoutxml>
      <grid
        name="rhm_warranties"
        jump="rhm_warrantyitem"
        select="1"
        icon="1"
        preview="0">
        <row
          name="rhm_warranty"
          id="rhm_warrantyid">
          <cell
            name="rhm_warrantyitem"
            width="300" />
          <cell
            name="createdon"
            width="125" />
        </row>
      </grid>
    </layoutxml>
    <querytype>64</querytype>
    <fetchxml>
      <fetch
        version="1.0"
        mapping="logical">
        <entity
          name="rhm_warranty">
          <attribute
            name="rhm_warrantyid" />
          <attribute
            name="rhm_warrantyitem" />
          <attribute
            name="createdon" />
          <filter
            type="and">
            <condition
              attribute="statecode"
              operator="eq"
              value="0" />
          </filter>
        </entity>
      </fetch>
    </fetchxml>
    <IntroducedVersion>1.0</IntroducedVersion>
    <LocalizedNames>
      <LocalizedName
        description="Warranty Lookup View"
        languagecode="1033" />
    </LocalizedNames>
  </savedquery>
</savedqueries>