{
  "environmentvariablevalues": {
    "environmentvariablevalue": {
      "@environmentvariablevalueid": "69cad12c-4e1f-ee11-9cbd-0022482b247c",
      "iscustomizable": "1",
      "value": "{ \t\"CaseFilters\" : [ \t{ \t\t\"CaseType\" : \"\", \t\t\"CaseSubType\":\"\", \t\t\"CaseDetails\":\"\", \t\t\"days\": 10, \t\t\"ConditionDate\": \"\" \t}, \t{ \t\t\"CaseType\" : \"\", \t\t\"CaseSubType\":\"\", \t\t\"CaseDetails\":\"\", \t\t\"days\": 10, \t\t\"ConditionDate\": \"\" \t} \t] }"
    }
  }
}