<environmentvariabledefinition schemaname="lcc_FreeTextInvoiceCreationRequestTermsofPayment">
  <defaultvalue>IMMEDIATE</defaultvalue>
  <displayname default="Free Text Invoice Creation Request - Terms of Payment">
    <label description="Free Text Invoice Creation Request - Terms of Payment" languagecode="1033" />
  </displayname>
  <introducedversion>1.0.0.68</introducedversion>
  <iscustomizable>1</iscustomizable>
  <isrequired>0</isrequired>
  <secretstore>0</secretstore>
  <type>100000000</type>
</environmentvariabledefinition>