﻿<?xml version="1.0" encoding="utf-8"?>
<SdkMessageProcessingStep Name="DES.Crm.Core.OpConfig.Plugins.PreOptionSetValueDelete: Delete of rbs_optionsetvalue" SdkMessageProcessingStepId="{2ca0d8dd-e20f-e911-a95e-000d3aba03c4}">
  <PluginTypeName>DES.Crm.Core.OpConfig.Plugins.PreOptionSetValueDelete, DES.Crm.Core.OpConfig.Plugins, Version=1.0.0.0, Culture=neutral, PublicKeyToken=21b9777e6c94fca5</PluginTypeName>
  <PluginTypeId>61cf69b2-d0e9-4c9d-bacd-acc640495f22</PluginTypeId>
  <PrimaryEntity>rbs_optionsetvalue</PrimaryEntity>
  <AsyncAutoDelete>0</AsyncAutoDelete>
  <Description>DES.Crm.Core.OpConfig.Plugins.PreOptionSetValueDelete: Delete of rbs_optionsetvalue</Description>
  <FilteringAttributes></FilteringAttributes>
  <InvocationSource>1</InvocationSource>
  <Mode>0</Mode>
  <Rank>1</Rank>
  <SdkMessageId>{a1bdbb1b-ea3e-db11-86a7-000a3a5473e8}</SdkMessageId>
  <EventHandlerTypeCode>4602</EventHandlerTypeCode>
  <Stage>20</Stage>
  <IsCustomizable>1</IsCustomizable>
  <IsHidden>0</IsHidden>
  <SupportedDeployment>0</SupportedDeployment>
  <IntroducedVersion>1.0</IntroducedVersion>
  <SdkMessageProcessingStepImages>
    <SdkMessageProcessingStepImage Name="PreImage">
      <SdkMessageProcessingStepImageId>{adcb3853-e30f-e911-a963-000d3aba0352}</SdkMessageProcessingStepImageId>
      <Attributes>rbs_optionset,rbs_name</Attributes>
      <EntityAlias>PreImage</EntityAlias>
      <ImageType>0</ImageType>
      <MessagePropertyName>Target</MessagePropertyName>
      <IsCustomizable>1</IsCustomizable>
    </SdkMessageProcessingStepImage>
  </SdkMessageProcessingStepImages>
</SdkMessageProcessingStep>