﻿<?xml version="1.0" encoding="utf-8"?>
<SdkMessageProcessingStep Name="DES.Crm.Core.OpConfig.Plugins.PostOptionSetValueUpdate: Update of rbs_optionsetvalue" SdkMessageProcessingStepId="{a0f173ca-e20f-e911-a964-000d3aba0f22}">
  <PluginTypeName>DES.Crm.Core.OpConfig.Plugins.PostOptionSetValueUpdate, DES.Crm.Core.OpConfig.Plugins, Version=1.0.0.0, Culture=neutral, PublicKeyToken=21b9777e6c94fca5</PluginTypeName>
  <PluginTypeId>1547c12e-b52f-484e-9777-d8712e9d2d5d</PluginTypeId>
  <PrimaryEntity>rbs_optionsetvalue</PrimaryEntity>
  <AsyncAutoDelete>1</AsyncAutoDelete>
  <Description>DES.Crm.Core.OpConfig.Plugins.PostOptionSetValueUpdate: Update of rbs_optionsetvalue</Description>
  <FilteringAttributes>rbs_name</FilteringAttributes>
  <InvocationSource>1</InvocationSource>
  <Mode>1</Mode>
  <Rank>1</Rank>
  <SdkMessageId>{20bebb1b-ea3e-db11-86a7-000a3a5473e8}</SdkMessageId>
  <EventHandlerTypeCode>4602</EventHandlerTypeCode>
  <Stage>40</Stage>
  <IsCustomizable>1</IsCustomizable>
  <IsHidden>0</IsHidden>
  <SupportedDeployment>0</SupportedDeployment>
  <IntroducedVersion>1.0</IntroducedVersion>
  <SdkMessageProcessingStepImages>
    <SdkMessageProcessingStepImage Name="PreImage">
      <SdkMessageProcessingStepImageId>{e8d7d801-e30f-e911-a964-000d3aba0f22}</SdkMessageProcessingStepImageId>
      <Attributes>rbs_optionset,rbs_name</Attributes>
      <EntityAlias>PreImage</EntityAlias>
      <ImageType>0</ImageType>
      <MessagePropertyName>Target</MessagePropertyName>
      <IsCustomizable>1</IsCustomizable>
    </SdkMessageProcessingStepImage>
  </SdkMessageProcessingStepImages>
</SdkMessageProcessingStep>