﻿<?xml version="1.0" encoding="utf-8"?>
<savedquery>
  <IsCustomizable>1</IsCustomizable>
  <CanBeDeleted>0</CanBeDeleted>
  <isquickfindquery>0</isquickfindquery>
  <isprivate>0</isprivate>
  <isdefault>1</isdefault>
  <savedqueryid>{ddc8f217-29a9-4f3b-bbca-e703a6494740}</savedqueryid>
  <layoutxml>
    <grid name="resultset" jump="rbs_name" select="1" icon="1" preview="1">
      <row name="result" id="rbs_notificationrecipientid">
        <cell name="rbs_name" width="300" />
        <cell name="rbs_recipienttype" width="100" />
        <cell name="rbs_user" width="100" />
        <cell name="rbs_notification" width="100" />
        <cell name="rbs_lastacknowledgedon" width="100" />
        <cell name="createdon" width="125" />
      </row>
    </grid>
  </layoutxml>
  <querytype>0</querytype>
  <fetchxml>
    <fetch version="1.0" mapping="logical">
      <entity name="rbs_notificationrecipient">
        <attribute name="rbs_name" />
        <attribute name="createdon" />
        <order attribute="createdon" descending="true" />
        <filter type="and">
          <condition attribute="statecode" operator="eq" value="0" />
        </filter>
        <attribute name="rbs_user" />
        <attribute name="rbs_recipienttype" />
        <attribute name="rbs_notification" />
        <attribute name="rbs_lastacknowledgedon" />
        <attribute name="rbs_notificationrecipientid" />
      </entity>
    </fetch>
  </fetchxml>
  <IntroducedVersion>1.0.0.0</IntroducedVersion>
  <LocalizedNames>
    <LocalizedName description="Active Notification Recipients" languagecode="1033" />
  </LocalizedNames>
</savedquery>