﻿<?xml version="1.0" encoding="utf-8"?>
<systemform>
  <formid>{3d1cb492-c301-4f17-934d-6bd3fc677925}</formid>
  <IntroducedVersion>1.0.0.0</IntroducedVersion>
  <FormPresentation>0</FormPresentation>
  <FormActivationState>1</FormActivationState>
  <form>
    <tabs>
      <tab name="general" verticallayout="true" id="{c4cc7db2-9b2a-4554-958f-a70a2d362369}" IsUserDefined="0">
        <labels>
          <label description="" languagecode="1033" />
        </labels>
        <columns>
          <column width="100%">
            <sections>
              <section name="account information" showlabel="false" showbar="false" id="{a0805229-a447-432e-bb15-3fff75957e53}" IsUserDefined="0">
                <labels>
                  <label description="" languagecode="1033" />
                </labels>
                <rows>
                  <row>
                    <cell id="{954ebc2e-1d7b-416a-a64c-74b45d92ef5b}">
                      <labels>
                        <label description="Name" languagecode="1033" />
                      </labels>
                      <control id="rbsm_name" classid="{4273EDBD-AC1D-40d3-9FB2-095C621B552D}" datafieldname="rbsm_name" disabled="false" />
                    </cell>
                    <cell id="{2517e9d4-015d-4fb5-9ced-1dda6146456c}">
                      <labels>
                        <label description="Status" languagecode="1033" />
                      </labels>
                      <control id="statecode" classid="{3EF39988-22BB-4f0b-BBBE-64B5A3748AEE}" datafieldname="statecode" disabled="false" />
                    </cell>
                    <cell id="{f9acc44a-4c9e-4073-b0a1-0cb47e1135cd}">
                      <labels>
                        <label description="Owner" languagecode="1033" />
                      </labels>
                      <control id="ownerid" classid="{270BD3DB-D9AF-4782-9025-509E298DEC0A}" datafieldname="ownerid" disabled="false" />
                    </cell>
                  </row>
                </rows>
              </section>
            </sections>
          </column>
        </columns>
      </tab>
    </tabs>
  </form>
  <IsCustomizable>1</IsCustomizable>
  <CanBeDeleted>1</CanBeDeleted>
  <LocalizedNames>
    <LocalizedName description="Information" languagecode="1033" />
  </LocalizedNames>
  <Descriptions>
    <Description description="This is the form that is displayed for the CRM Mobile application." languagecode="1033" />
  </Descriptions>
</systemform>