﻿<?xml version="1.0" encoding="utf-8"?>
<savedquery>
  <IsCustomizable>1</IsCustomizable>
  <CanBeDeleted>0</CanBeDeleted>
  <isquickfindquery>0</isquickfindquery>
  <isprivate>0</isprivate>
  <isdefault>1</isdefault>
  <savedqueryid>{720ed1e9-dae4-466f-bfe0-d4d8f59edd5d}</savedqueryid>
  <layoutxml>
    <grid name="resultset" jump="rbs_name" select="1" icon="1" preview="1">
      <row name="result" id="rbs_recordtypeid">
        <cell name="a_8a5f4d8a3bd9e811a956000d3a441525.rbs_recordclasscode" width="100" disableSorting="1" />
        <cell name="rbs_recordclass" width="100" />
        <cell name="rbs_name" width="300" />
        <cell name="createdon" width="125" />
      </row>
    </grid>
  </layoutxml>
  <querytype>0</querytype>
  <fetchxml>
    <fetch version="1.0" mapping="logical">
      <entity name="rbs_recordtype">
        <attribute name="rbs_name" />
        <attribute name="createdon" />
        <order attribute="rbs_name" descending="false" />
        <filter type="and">
          <condition attribute="statecode" operator="eq" value="0" />
        </filter>
        <attribute name="rbs_recordclass" />
        <link-entity alias="a_8a5f4d8a3bd9e811a956000d3a441525" name="rbs_recordclass" from="rbs_recordclassid" to="rbs_recordclass" link-type="outer" visible="false">
          <attribute name="rbs_recordclasscode" />
        </link-entity>
        <attribute name="rbs_recordtypeid" />
      </entity>
    </fetch>
  </fetchxml>
  <IntroducedVersion>0.0.0.0</IntroducedVersion>
  <LocalizedNames>
    <LocalizedName description="Active Record Types" languagecode="1033" />
  </LocalizedNames>
</savedquery>