<ImportExportXml xmlns:xsi="http://www.w3.org/2001/XMLSchema-instance">
  <Entities>
    <Entity>
      <Name LocalizedName="Account" OriginalName="">Account</Name>
      <EntityInfo>
        <entity Name="Account">
          <attributes>
            <attribute PhysicalName="ey_FirmID">
              <Type>nvarchar</Type>
              <Name>ey_firmid</Name>
              <LogicalName>ey_firmid</LogicalName>
              <RequiredLevel>none</RequiredLevel>
              <DisplayMask>ValidForAdvancedFind|ValidForForm|ValidForGrid</DisplayMask>
              <ImeMode>auto</ImeMode>
              <ValidForUpdateApi>1</ValidForUpdateApi>
              <ValidForReadApi>1</ValidForReadApi>
              <ValidForCreateApi>1</ValidForCreateApi>
              <IsCustomField>1</IsCustomField>
              <IsAuditEnabled>1</IsAuditEnabled>
              <IsSecured>0</IsSecured>
              <IntroducedVersion>1.0</IntroducedVersion>
              <IsCustomizable>1</IsCustomizable>
              <IsRenameable>1</IsRenameable>
              <CanModifySearchSettings>1</CanModifySearchSettings>
              <CanModifyRequirementLevelSettings>1</CanModifyRequirementLevelSettings>
              <CanModifyAdditionalSettings>1</CanModifyAdditionalSettings>
              <SourceType>0</SourceType>
              <IsGlobalFilterEnabled>0</IsGlobalFilterEnabled>
              <IsSortableEnabled>0</IsSortableEnabled>
              <CanModifyGlobalFilterSettings>1</CanModifyGlobalFilterSettings>
              <CanModifyIsSortableSettings>1</CanModifyIsSortableSettings>
              <IsDataSourceSecret>0</IsDataSourceSecret>
              <AutoNumberFormat></AutoNumberFormat>
              <IsSearchable>0</IsSearchable>
              <IsFilterable>0</IsFilterable>
              <IsRetrievable>0</IsRetrievable>
              <IsLocalizable>0</IsLocalizable>
              <Format>text</Format>
              <MaxLength>100</MaxLength>
              <Length>200</Length>
              <displaynames>
                <displayname description="FirmID" languagecode="1033" />
              </displaynames>
              <Descriptions>
                <Description description="" languagecode="1033" />
              </Descriptions>
            </attribute>
          </attributes>
        </entity>
      </EntityInfo>
      <FormXml>
        <forms type="main">
          <systemform>
            <formid>{8448b78f-8f42-454e-8e2a-f8196b0419af}</formid>
            <IntroducedVersion>5.0.0.0</IntroducedVersion>
            <FormPresentation>1</FormPresentation>
            <FormActivationState>1</FormActivationState>
            <form showImage="true" shownavigationbar="true" maxWidth="1920" headerdensity="HighWithControls" solutionaction="Modified">
              <tabs>
                <tab name="SUMMARY_TAB" id="{3b0b63a9-d379-689a-0ec3-e71eb4c6a841}" IsUserDefined="0" showlabel="true" expanded="true" locklevel="0" ordinalvalue="0">
                  <columns>
                    <column width="33%" id="0">
                      <sections>
                        <section name="ACCOUNT_INFORMATION" showlabel="true" showbar="false" id="{0eb92e6c-bcb8-0d52-a188-d81543ddb7cd}" IsUserDefined="0" layout="varwidth" columns="1" labelwidth="115" celllabelposition="Left" ordinalvalue="0">
                          <rows>
                            <row>
                              <cell id="{3441a91e-47c5-672c-7a20-902d6baa9036}" showlabel="true" ordinalvalue="10002" solutionaction="Modified" />
                            </row>
                            <row>
                              <cell id="{93c1423d-84b4-7754-8ec2-934301809167}" showlabel="true" locklevel="0" visible="false" ordinalvalue="10003" solutionaction="Modified" />
                            </row>
                            <row>
                              <cell id="{8b98a55e-a345-b20e-d46e-801e79d5c1c1}" showlabel="true" ordinalvalue="10004" solutionaction="Modified" />
                            </row>
                            <row>
                              <cell id="{e6441984-4343-813a-aa7e-e2747ad35390}" showlabel="true" ordinalvalue="10005" solutionaction="Modified" />
                            </row>
                            <row>
                              <cell id="{87DE203E-B03C-44CC-8B06-438202B82553}" ordinalvalue="10006" solutionaction="Modified" />
                            </row>
                            <row>
                              <cell id="{24be16a9-e3c4-a7bb-37a6-b5c7143460e8}" showlabel="true" locklevel="0" ordinalvalue="10007" solutionaction="Modified">
                                <labels>
                                  <label description="Relationship Type" languagecode="1033" solutionaction="Modified" />
                                </labels>
                              </cell>
                            </row>
                            <row>
                              <cell id="{ad5836b2-96b0-394d-ea36-951d0584b472}" showlabel="true" locklevel="0" ordinalvalue="10008" solutionaction="Modified">
                                <labels>
                                  <label description="Product Price List" languagecode="1033" solutionaction="Modified" />
                                </labels>
                              </cell>
                            </row>
                            <row>
                              <cell id="{5f38af3a-3307-47dc-b36d-d9a5de525e6e}" showlabel="true" ordinalvalue="10009" solutionaction="Modified" />
                            </row>
                            <row>
                              <cell id="{fc1e6ac6-ba1b-4562-b5ef-35f9516d98cb}" locklevel="0" colspan="1" rowspan="1" ordinalvalue="10001" solutionaction="Added">
                                <labels>
                                  <label description="FirmID" languagecode="1033" />
                                </labels>
                                <control id="ey_firmid" classid="{4273EDBD-AC1D-40D3-9FB2-095C621B552D}" datafieldname="ey_firmid" disabled="false" />
                              </cell>
                            </row>
                          </rows>
                        </section>
                        <section name="SUMMARY_TAB_ADDRESSINPUT_SECTION" id="95170053-ca2a-4db4-b161-fe2cadf151a0" IsUserDefined="0" locklevel="0" visible="false" showlabel="true" showbar="false" layout="varwidth" celllabelalignment="Left" celllabelposition="Left" columns="1" labelwidth="115" ordinalvalue="2">
                          <rows>
                            <row>
                              <cell id="{7f4799ab-bcbe-4fca-8505-9c806f677894}" showlabel="false" locklevel="0" colspan="1" rowspan="1" ordinalvalue="10000">
                                <labels>
                                  <label description="Address 1: Street 1" languagecode="1033" solutionaction="Modified" />
                                </labels>
                              </cell>
                            </row>
                          </rows>
                        </section>
                        <section name="MapSection" showlabel="false" showbar="false" id="{e1c565b8-7db7-4a44-b4e7-281614ff849b}" IsUserDefined="0" layout="varwidth" columns="1" labelwidth="115" celllabelposition="Left" ordinalvalue="3">
                          <rows>
                            <row>
                              <cell id="{3eeeb2ba-2771-b3ac-a88d-5e85b424405a}" showlabel="true" locklevel="0" ordinalvalue="10001">
                                <labels>
                                  <label description="Facebook" languagecode="1033" solutionaction="Modified" />
                                </labels>
                              </cell>
                            </row>
                            <row>
                              <cell id="{ab6e757a-5895-08e5-381a-42e51d4823d8}" showlabel="true" locklevel="0" ordinalvalue="10002">
                                <labels>
                                  <label description="Twitter" languagecode="1033" solutionaction="Modified" />
                                </labels>
                              </cell>
                            </row>
                          </rows>
                        </section>
                      </sections>
                    </column>
                    <column width="25%" id="2">
                      <sections>
                        <section name="SUMMARY_TAB_section_6" showlabel="false" showbar="false" locklevel="0" id="{d4c3ee9c-ba71-5cdb-31be-2aa505750472}" IsUserDefined="0" layout="varwidth" columns="1" labelwidth="115" celllabelalignment="Left" celllabelposition="Top" ordinalvalue="1">
                          <rows>
                            <row>
                              <cell id="{b187688c-8410-5990-16ec-e153968ab583}" showlabel="true" locklevel="0" ordinalvalue="10000">
                                <labels>
                                  <label description="Primary Contact" languagecode="1033" solutionaction="Modified" />
                                </labels>
                              </cell>
                            </row>
                            <row>
                              <cell id="{0F664FFF-E39E-4676-9191-CBA16972B21D}" colspan="1" showlabel="false" ordinalvalue="10001">
                                <labels>
                                  <label description="Primary Contact" languagecode="1033" solutionaction="Modified" />
                                </labels>
                              </cell>
                            </row>
                          </rows>
                        </section>
                      </sections>
                    </column>
                  </columns>
                </tab>
                <tab name="AssetsAndLocationsTab" id="{9d2b89a1-bec3-0b60-b2a7-d459b760e832}" IsUserDefined="0" locklevel="0" showlabel="true" expanded="true" ordinalvalue="2">
                  <columns>
                    <column width="100%" id="0">
                      <sections>
                        <section name="AssetsAndLocationsSection" showlabel="false" showbar="false" locklevel="0" id="{9d702b1a-b4e2-15c1-52cc-67353ba67bcd}" IsUserDefined="0" layout="varwidth" columns="1" labelwidth="115" celllabelalignment="Left" celllabelposition="Left" ordinalvalue="0">
                          <rows>
                            <row>
                              <cell id="{d474b47c-cb1c-b672-c30b-65c901107727}" showlabel="false" locklevel="0" ordinalvalue="10000">
                                <labels>
                                  <label description="Account Name" languagecode="1033" solutionaction="Modified" />
                                </labels>
                              </cell>
                            </row>
                          </rows>
                        </section>
                      </sections>
                    </column>
                  </columns>
                </tab>
                <tab name="DETAILS_TAB" id="{11a42c72-9ded-ea04-253d-2143e731b795}" IsUserDefined="0" showlabel="true" expanded="true" ordinalvalue="3">
                  <columns>
                    <column width="34%" id="0">
                      <sections>
                        <section name="COMPANY_PROFILE" showlabel="true" showbar="false" id="{ca8587c5-18c0-cac1-7c34-6c639eade090}" IsUserDefined="0" layout="varwidth" columns="1" labelwidth="115" celllabelposition="Left" ordinalvalue="0">
                          <rows>
                            <row>
                              <cell id="{59782911-4d1a-38dc-ce49-7dae620dbc51}" showlabel="true" ordinalvalue="10000">
                                <labels>
                                  <label description="Industry" languagecode="1033" solutionaction="Modified" />
                                </labels>
                              </cell>
                            </row>
                            <row>
                              <cell id="{930beba3-d531-0808-c403-de95e2ac3e62}" showlabel="true" ordinalvalue="10001">
                                <labels>
                                  <label description="SIC Code" languagecode="1033" solutionaction="Modified" />
                                </labels>
                              </cell>
                            </row>
                            <row>
                              <cell id="{1c33ad89-92a1-8433-2378-306259eb57c0}" showlabel="true" ordinalvalue="10002">
                                <labels>
                                  <label description="Ownership" languagecode="1033" solutionaction="Modified" />
                                </labels>
                              </cell>
                            </row>
                          </rows>
                        </section>
                        <section name="DETAILS_TAB_section_6" showlabel="true" showbar="false" locklevel="0" id="{e201b9ce-c3d5-c922-dba5-528c25066940}" IsUserDefined="0" layout="varwidth" columns="1" labelwidth="115" celllabelalignment="Left" celllabelposition="Top" height="auto" ordinalvalue="1">
                          <rows>
                            <row>
                              <cell id="{a4a726a2-8e3e-79d0-02c3-0a04a6b71089}" showlabel="false" locklevel="0" rowspan="3" auto="true" ordinalvalue="10000">
                                <labels>
                                  <label description="Description" languagecode="1033" solutionaction="Modified" />
                                </labels>
                              </cell>
                            </row>
                          </rows>
                        </section>
                      </sections>
                    </column>
                    <column width="33%" id="2">
                      <sections>
                        <section name="BILLING" showlabel="true" showbar="false" id="{910de80a-a17e-092a-255d-44d775cb4207}" IsUserDefined="0" layout="varwidth" columns="1" labelwidth="115" celllabelposition="Left" locklevel="0" celllabelalignment="Left" ordinalvalue="0">
                          <rows>
                            <row>
                              <cell id="{7cd2b88c-b25c-4729-9c27-f59ebb5a1538}" ordinalvalue="10000">
                                <labels>
                                  <label description="Currency" languagecode="1033" solutionaction="Modified" />
                                </labels>
                              </cell>
                            </row>
                            <row>
                              <cell id="{0125719c-a5b0-4230-9817-3fba5d6ebfaf}" ordinalvalue="10001">
                                <labels>
                                  <label description="Credit Limit" languagecode="1033" solutionaction="Modified" />
                                </labels>
                              </cell>
                            </row>
                            <row>
                              <cell id="{abc2c862-bcd4-4a4b-ac51-c311d4e66d5b}" ordinalvalue="10002">
                                <labels>
                                  <label description="Credit Hold" languagecode="1033" solutionaction="Modified" />
                                </labels>
                              </cell>
                            </row>
                            <row>
                              <cell id="{0bab9157-d14e-441f-969d-80460634c15e}" ordinalvalue="10003">
                                <labels>
                                  <label description="Payment Terms" languagecode="1033" solutionaction="Modified" />
                                </labels>
                              </cell>
                            </row>
                          </rows>
                        </section>
                      </sections>
                    </column>
                  </columns>
                </tab>
                <tab name="urstab" id="{c89e4b42-29b5-63b1-4666-65574779eddd}" IsUserDefined="0" locklevel="0" showlabel="true" expanded="true" visible="false" ordinalvalue="4">
                  <columns>
                    <column width="33%" id="1">
                      <sections>
                        <section name="tab_3_section_2" showlabel="false" showbar="false" locklevel="0" id="{26e829cb-9a5d-a0b5-b062-0a931e082a1e}" IsUserDefined="0" layout="varwidth" columns="1" labelwidth="115" ordinalvalue="0">
                          <rows />
                        </section>
                      </sections>
                    </column>
                    <column width="33%" id="2">
                      <sections>
                        <section name="tab_3_section_3" showlabel="false" showbar="false" locklevel="0" id="{329c50b5-c80d-155e-aae5-50ca4db32d1a}" IsUserDefined="0" layout="varwidth" columns="1" labelwidth="115" ordinalvalue="0">
                          <rows />
                        </section>
                      </sections>
                    </column>
                  </columns>
                </tab>
                <tab name="FieldService" id="{c267121d-ed5c-3554-ed2a-4b9c7cc17c51}" IsUserDefined="0" locklevel="0" showlabel="true" expanded="true" ordinalvalue="5">
                  <columns>
                    <column width="67%" id="0">
                      <sections>
                        <section name="DETAILS_TAB_section_8" showlabel="true" showbar="false" locklevel="0" id="{450a19ce-4186-d44c-9d65-15b05364b8ad}" IsUserDefined="0" layout="varwidth" columns="1" labelwidth="160" celllabelalignment="Left" celllabelposition="Left" ordinalvalue="1">
                          <rows>
                            <row>
                              <cell id="{478d10a5-5ec2-5604-9d35-5baea2336a60}" showlabel="true" locklevel="0" ordinalvalue="10000">
                                <labels>
                                  <label description="Billing Account" languagecode="1033" solutionaction="Modified" />
                                </labels>
                              </cell>
                            </row>
                            <row>
                              <cell id="{e2c889a2-d894-adb8-2b6e-debcb0843a44}" showlabel="true" locklevel="0" ordinalvalue="10001">
                                <labels>
                                  <label description="Product Price List" languagecode="1033" solutionaction="Modified" />
                                </labels>
                              </cell>
                            </row>
                            <row>
                              <cell id="{73848862-b2ad-a142-440d-4a18a84ba508}" showlabel="true" locklevel="0" ordinalvalue="10002">
                                <labels>
                                  <label description="Tax Exempt" languagecode="1033" solutionaction="Modified" />
                                </labels>
                              </cell>
                            </row>
                            <row>
                              <cell id="{a5938e74-ce05-61e3-4147-aa073b575d59}" showlabel="true" locklevel="0" ordinalvalue="10003">
                                <labels>
                                  <label description="Sales Tax Code" languagecode="1033" solutionaction="Modified" />
                                </labels>
                              </cell>
                            </row>
                            <row>
                              <cell id="{2a22c09d-6b95-623b-9c29-d5921d9deb1e}" showlabel="true" locklevel="0" ordinalvalue="10004">
                                <labels>
                                  <label description="Tax Exempt Number" languagecode="1033" solutionaction="Modified" />
                                </labels>
                              </cell>
                            </row>
                          </rows>
                        </section>
                      </sections>
                    </column>
                    <column width="33%" id="1">
                      <sections>
                        <section name="DETAILS_TAB_section_7" showlabel="true" showbar="false" locklevel="0" id="{35ae566b-068b-596c-1b5b-81757dbb70c1}" IsUserDefined="0" layout="varwidth" columns="1" labelwidth="160" celllabelalignment="Left" celllabelposition="Left" ordinalvalue="0">
                          <rows>
                            <row>
                              <cell id="{275706e0-5d65-97ce-d614-b60a72c7c331}" showlabel="true" locklevel="0" ordinalvalue="10000">
                                <labels>
                                  <label description="Service Territory" languagecode="1033" solutionaction="Modified" />
                                </labels>
                              </cell>
                            </row>
                            <row>
                              <cell id="{138ad8a0-c6c4-bebc-c4ca-8aa284dad124}" showlabel="true" locklevel="0" ordinalvalue="10001">
                                <labels>
                                  <label description="Travel Charge Type" languagecode="1033" solutionaction="Modified" />
                                </labels>
                              </cell>
                            </row>
                            <row>
                              <cell id="{224dc550-402a-3192-396c-992709a328e9}" showlabel="true" locklevel="0" ordinalvalue="10002">
                                <labels>
                                  <label description="Work Hour Template" languagecode="1033" solutionaction="Modified" />
                                </labels>
                              </cell>
                            </row>
                            <row>
                              <cell id="{91b5a3ca-77de-8065-d7de-d48a557159b5}" showlabel="true" locklevel="0" ordinalvalue="10003">
                                <labels>
                                  <label description="Travel Charge" languagecode="1033" solutionaction="Modified" />
                                </labels>
                              </cell>
                            </row>
                            <row>
                              <cell id="{44d54a23-648c-775b-9d82-b40ee31b0e53}" showlabel="true" locklevel="0" ordinalvalue="10004">
                                <labels>
                                  <label description="Work Order Instructions" languagecode="1033" solutionaction="Modified" />
                                </labels>
                              </cell>
                            </row>
                          </rows>
                        </section>
                      </sections>
                    </column>
                  </columns>
                </tab>
              </tabs>
              <header id="{d5a03552-1183-4347-a237-1f894ba449eb}" columns="111" celllabelposition="Top" labelwidth="115">
                <rows>
                  <row>
                    <cell id="{d3e19d4e-b2ae-409f-9b4e-5976527c6c83}" ordinalvalue="10000">
                      <labels>
                        <label description="Annual Revenue" languagecode="1033" solutionaction="Modified" />
                      </labels>
                    </cell>
                    <cell id="{2adb5a52-604d-5aad-ba6a-2bbab6c33594}" showlabel="true" ordinalvalue="20001">
                      <labels>
                        <label description="Number of Employees" languagecode="1033" solutionaction="Modified" />
                      </labels>
                    </cell>
                    <cell id="{54b2d0a2-eb77-b3cd-b60a-03ea6944e98e}" showlabel="true" locklevel="1" ordinalvalue="30002">
                      <labels>
                        <label description="Owner" languagecode="1033" solutionaction="Modified" />
                      </labels>
                    </cell>
                  </row>
                </rows>
              </header>
              <footer id="{7827abe2-8a49-4527-b0dd-6dc60c0947aa}" celllabelposition="Top" columns="111" labelwidth="115" celllabelalignment="Left" solutionaction="Added">
                <rows>
                  <row>
                    <cell id="{6de122f4-0fd0-44bf-8316-82b4642703e1}" showlabel="false" ordinalvalue="10000">
                      <labels>
                        <label description="" languagecode="1033" />
                      </labels>
                    </cell>
                    <cell id="{850c1a0b-d607-439b-b5ca-115a331cd943}" showlabel="false" ordinalvalue="20001">
                      <labels>
                        <label description="" languagecode="1033" />
                      </labels>
                    </cell>
                    <cell id="{3988e039-888b-4fcc-bd76-ed24700d0eb8}" showlabel="false" ordinalvalue="30002">
                      <labels>
                        <label description="" languagecode="1033" />
                      </labels>
                    </cell>
                  </row>
                </rows>
              </footer>
            </form>
            <LocalizedNames>
              <LocalizedName description="Account" languagecode="1033" />
            </LocalizedNames>
            <Descriptions>
              <Description description="Updated default Account form." languagecode="1033" />
            </Descriptions>
          </systemform>
        </forms>
      </FormXml>
      <RibbonDiffXml>
        <CustomActions />
        <Templates>
          <RibbonTemplates Id="Mscrm.Templates"></RibbonTemplates>
        </Templates>
        <CommandDefinitions />
        <RuleDefinitions>
          <TabDisplayRules />
          <DisplayRules />
          <EnableRules />
        </RuleDefinitions>
        <LocLabels />
      </RibbonDiffXml>
    </Entity>
    <Entity>
      <Name LocalizedName="Activity" OriginalName="Activity">ActivityPointer</Name>
      <EntityInfo>
        <entity Name="ActivityPointer" unmodified="1">
          <attributes />
        </entity>
      </EntityInfo>
      <RibbonDiffXml>
        <CustomActions />
        <Templates>
          <RibbonTemplates Id="Mscrm.Templates"></RibbonTemplates>
        </Templates>
        <CommandDefinitions />
        <RuleDefinitions>
          <TabDisplayRules />
          <DisplayRules />
          <EnableRules />
        </RuleDefinitions>
        <LocLabels />
      </RibbonDiffXml>
    </Entity>
    <Entity>
      <Name LocalizedName="Appointment" OriginalName="">Appointment</Name>
      <EntityInfo>
        <entity Name="Appointment" unmodified="1">
          <attributes />
        </entity>
      </EntityInfo>
      <RibbonDiffXml>
        <CustomActions />
        <Templates>
          <RibbonTemplates Id="Mscrm.Templates"></RibbonTemplates>
        </Templates>
        <CommandDefinitions />
        <RuleDefinitions>
          <TabDisplayRules />
          <DisplayRules />
          <EnableRules />
        </RuleDefinitions>
        <LocLabels />
      </RibbonDiffXml>
    </Entity>
    <Entity>
      <Name LocalizedName="Email" OriginalName="">Email</Name>
      <EntityInfo>
        <entity Name="Email" unmodified="1">
          <attributes />
        </entity>
      </EntityInfo>
      <RibbonDiffXml>
        <CustomActions />
        <Templates>
          <RibbonTemplates Id="Mscrm.Templates"></RibbonTemplates>
        </Templates>
        <CommandDefinitions />
        <RuleDefinitions>
          <TabDisplayRules />
          <DisplayRules />
          <EnableRules />
        </RuleDefinitions>
        <LocLabels />
      </RibbonDiffXml>
    </Entity>
    <Entity>
      <Name LocalizedName="User" OriginalName="">SystemUser</Name>
      <EntityInfo>
        <entity Name="SystemUser" unmodified="1">
          <attributes />
        </entity>
      </EntityInfo>
      <FormXml>
        <forms type="main">
          <systemform>
            <formid>{c0d7d7dd-afd0-4675-85fe-1cc5a48be6df}</formid>
            <IntroducedVersion>5.0.0.0</IntroducedVersion>
            <FormPresentation>0</FormPresentation>
            <FormActivationState>1</FormActivationState>
            <form>
              <tabs>
                <tab name="general" verticallayout="true" id="{ed7f865a-8800-40f6-8dcc-f01b2f04a734}" IsUserDefined="0" ordinalvalue="1" solutionaction="Modified">
                  <columns>
                    <column width="100%" id="0">
                      <sections>
                        <section name="onpremise account information" showlabel="true" showbar="true" id="{026B262D-3250-4d02-B491-31232EF64BB0}" IsUserDefined="0" locklevel="0" ordinalvalue="0">
                          <rows>
                            <row>
                              <cell auto="false" showlabel="true" locklevel="0" rowspan="1" colspan="1" id="{192a5772-6770-4c61-8f0f-8926e0d1c0a4}" ordinalvalue="10000">
                                <labels>
                                  <label description="User Name" languagecode="1033" solutionaction="Modified" />
                                </labels>
                              </cell>
                            </row>
                          </rows>
                        </section>
                        <section name="online account information" showlabel="true" showbar="true" id="{F610EBA2-2CEB-47ce-A8A9-96D0DCC3AAD5}" IsUserDefined="0" locklevel="0" ordinalvalue="1">
                          <rows>
                            <row>
                              <cell id="{3946169e-878d-4a7d-afea-820d52540466}" ordinalvalue="10000">
                                <labels>
                                  <label description="Windows Live ID" languagecode="1033" solutionaction="Modified" />
                                </labels>
                              </cell>
                              <cell auto="false" showlabel="true" locklevel="0" rowspan="1" colspan="1" id="{92d26a0b-06eb-4eb8-b19d-84c2845a0bb7}" ordinalvalue="20001">
                                <labels>
                                  <label description="Invitation Status" languagecode="1033" solutionaction="Modified" />
                                </labels>
                              </cell>
                            </row>
                          </rows>
                        </section>
                        <section name="user information" showlabel="true" showbar="true" id="{a7f586b7-8ad4-4fbf-8567-ec4239338766}" IsUserDefined="0" locklevel="0" ordinalvalue="2">
                          <rows>
                            <row>
                              <cell id="{eb448292-95c0-4774-86d1-a88a2064018e}" ordinalvalue="10000">
                                <labels>
                                  <label description="First Name" languagecode="1033" solutionaction="Modified" />
                                </labels>
                              </cell>
                              <cell id="{adec6722-caa8-4d97-a47f-13b0f6bf2a5f}" ordinalvalue="20001">
                                <labels>
                                  <label description="Main Phone" languagecode="1033" solutionaction="Modified" />
                                </labels>
                              </cell>
                            </row>
                            <row>
                              <cell id="{f0092777-6b75-45aa-a994-193dab730fc4}" ordinalvalue="10002">
                                <labels>
                                  <label description="Last Name" languagecode="1033" solutionaction="Modified" />
                                </labels>
                              </cell>
                              <cell id="{230815e2-e951-43e6-8970-88946484d82f}" ordinalvalue="20003">
                                <labels>
                                  <label description="Other Phone" languagecode="1033" solutionaction="Modified" />
                                </labels>
                              </cell>
                            </row>
                            <row>
                              <cell id="{7bded721-6511-47e3-a49a-5e0bd440dcae}" ordinalvalue="10004">
                                <labels>
                                  <label description="Title" languagecode="1033" solutionaction="Modified" />
                                </labels>
                              </cell>
                              <cell id="{513bfb0e-4e9c-404b-b3e5-4b31dac653d2}" ordinalvalue="20005">
                                <labels>
                                  <label description="Home Phone" languagecode="1033" solutionaction="Modified" />
                                </labels>
                              </cell>
                            </row>
                            <row>
                              <cell id="{23863fb6-b584-4b59-905d-8b403c2ee69f}" ordinalvalue="20007">
                                <labels>
                                  <label description="Mobile Phone" languagecode="1033" solutionaction="Modified" />
                                </labels>
                              </cell>
                            </row>
                            <row>
                              <cell id="{162a4bb3-8b10-404b-ad36-cb0635b31553}" ordinalvalue="20009">
                                <labels>
                                  <label description="Preferred Phone" languagecode="1033" solutionaction="Modified" />
                                </labels>
                              </cell>
                            </row>
                            <row>
                              <cell id="{bd790631-ed97-4b7c-a428-b6ddab35291d}" ordinalvalue="20011">
                                <labels>
                                  <label description="Pager" languagecode="1033" solutionaction="Modified" />
                                </labels>
                              </cell>
                            </row>
                            <row>
                              <cell id="{4c5e53cc-de0e-ab8d-3ca9-267730a87b02}" showlabel="true" locklevel="0" ordinalvalue="20013">
                                <labels>
                                  <label description="Unified Service Desk Configuration" languagecode="1033" solutionaction="Modified" />
                                </labels>
                              </cell>
                            </row>
                          </rows>
                        </section>
                        <section name="organization information" showlabel="true" showbar="true" id="{8a54a5e3-e6da-4c16-bb6b-090c70ee0fa2}" IsUserDefined="0" locklevel="0" ordinalvalue="3">
                          <rows>
                            <row>
                              <cell id="{93844cbf-9b48-4c08-81ef-41830f854783}" ordinalvalue="10000">
                                <labels>
                                  <label description="Position" languagecode="1033" solutionaction="Modified" />
                                </labels>
                              </cell>
                            </row>
                            <row>
                              <cell id="{ec8e91ce-9bbf-4a29-b865-cd1c248691ca}" ordinalvalue="10001">
                                <labels>
                                  <label description="Manager" languagecode="1033" solutionaction="Modified" />
                                </labels>
                              </cell>
                            </row>
                            <row>
                              <cell id="{4a8fe9e1-7d8e-4250-a267-4f14474a1370}" ordinalvalue="10002">
                                <labels>
                                  <label description="Business Unit" languagecode="1033" solutionaction="Modified" />
                                </labels>
                              </cell>
                            </row>
                            <row>
                              <cell id="{db07805e-d5ee-4b94-afc3-ce833e34e5dd}" ordinalvalue="10003">
                                <labels>
                                  <label description="Territory" languagecode="1033" solutionaction="Modified" />
                                </labels>
                              </cell>
                            </row>
                            <row>
                              <cell auto="false" showlabel="true" locklevel="0" rowspan="1" colspan="1" id="{0c7745b4-2ee4-4e62-8b00-c91d41964645}" ordinalvalue="10004">
                                <labels>
                                  <label description="Site" languagecode="1033" solutionaction="Modified" />
                                </labels>
                              </cell>
                            </row>
                          </rows>
                        </section>
                        <section name="administration" showlabel="true" showbar="true" locklevel="0" id="{b169842a-afbc-4115-8f22-8e6fbdaf7213}" IsUserDefined="0" layout="varwidth" columns="11" ordinalvalue="5">
                          <rows>
                            <row>
                              <cell auto="false" showlabel="true" locklevel="0" rowspan="1" colspan="1" id="{15ef5f59-27e2-4c16-be5c-a6ac9350aacb}" ordinalvalue="10000">
                                <labels>
                                  <label description="Access Mode" languagecode="1033" solutionaction="Modified" />
                                </labels>
                              </cell>
                            </row>
                            <row>
                              <cell auto="false" showlabel="true" locklevel="0" rowspan="1" colspan="1" id="{b3390253-43ec-4032-917d-a7df251fd7d9}" ordinalvalue="10002">
                                <labels>
                                  <label description="License Type" languagecode="1033" solutionaction="Modified" />
                                </labels>
                              </cell>
                            </row>
                          </rows>
                        </section>
                        <section name="queue selection" showlabel="true" showbar="true" locklevel="0" id="{9AD0B7AA-91A2-4a03-BE07-86974EF7FFCD}" IsUserDefined="0" layout="varwidth" columns="11" ordinalvalue="6">
                          <rows>
                            <row>
                              <cell id="{0DA1C8D1-4773-4fbe-AD36-88E542BFD3BE}" colspan="1" ordinalvalue="10000">
                                <labels>
                                  <label description="Default Queue" languagecode="1033" solutionaction="Modified" />
                                </labels>
                              </cell>
                            </row>
                          </rows>
                        </section>
                      </sections>
                    </column>
                  </columns>
                </tab>
                <tab name="addresses" id="{2efb6f20-5b31-43e0-b932-805e2fd6bfbf}" IsUserDefined="0" ordinalvalue="2" solutionaction="Modified">
                  <columns>
                    <column width="100%" id="0">
                      <sections>
                        <section name="mailing address" showlabel="true" showbar="true" id="{0c55f597-e6da-4363-9b40-e383dba991c4}" IsUserDefined="0" ordinalvalue="0">
                          <rows>
                            <row>
                              <cell id="{ac8d6cc6-3b36-4729-a994-9a3deab9b184}" ordinalvalue="10000">
                                <labels>
                                  <label description="Street 1" languagecode="1033" solutionaction="Modified" />
                                </labels>
                              </cell>
                              <cell id="{87524490-16df-4ecd-947d-516cfa90d282}" ordinalvalue="20001">
                                <labels>
                                  <label description="State/Province" languagecode="1033" solutionaction="Modified" />
                                </labels>
                              </cell>
                            </row>
                            <row>
                              <cell id="{2ecd8b0d-647c-4d31-ac6c-0e423444ebcf}" ordinalvalue="10002">
                                <labels>
                                  <label description="Street 2" languagecode="1033" solutionaction="Modified" />
                                </labels>
                              </cell>
                              <cell id="{5d58295f-6c42-405f-9fcf-41a69edbde68}" ordinalvalue="20003">
                                <labels>
                                  <label description="ZIP/Postal Code" languagecode="1033" solutionaction="Modified" />
                                </labels>
                              </cell>
                            </row>
                            <row>
                              <cell id="{fe8b4694-081b-49d0-94e8-21775016779b}" ordinalvalue="10004">
                                <labels>
                                  <label description="Street 3" languagecode="1033" solutionaction="Modified" />
                                </labels>
                              </cell>
                              <cell id="{d37bde4b-3782-4762-a5d6-cb4ba1793f54}" ordinalvalue="20005">
                                <labels>
                                  <label description="Country/Region" languagecode="1033" solutionaction="Modified" />
                                </labels>
                              </cell>
                            </row>
                            <row>
                              <cell id="{b115c435-0640-450b-8373-1b3b14fd94de}" ordinalvalue="10006">
                                <labels>
                                  <label description="City" languagecode="1033" solutionaction="Modified" />
                                </labels>
                              </cell>
                            </row>
                          </rows>
                        </section>
                        <section name="address preference" showlabel="false" showbar="false" id="{7171a1ba-38ca-43ed-b699-f624131160e1}" IsUserDefined="0" ordinalvalue="2">
                          <rows>
                            <row>
                              <cell id="{0da6aab1-c3fc-4414-ab40-ff9b5ffe156c}" ordinalvalue="10000">
                                <labels>
                                  <label description="Preferred Address" languagecode="1033" solutionaction="Modified" />
                                </labels>
                              </cell>
                            </row>
                          </rows>
                        </section>
                      </sections>
                    </column>
                  </columns>
                </tab>
                <tab name="tab_recordwall" id="{e94e6ac4-12db-bc8c-ec81-8b20c5987655}" IsUserDefined="0" locklevel="0" showlabel="true" expanded="false" labelid="{22dd0efa-8e9d-4345-a5ab-9ee848019ff5}" ordinalvalue="0" solutionaction="Added">
                  <labels>
                    <label description="What's New" languagecode="1033" />
                  </labels>
                  <columns>
                    <column width="100%" id="0">
                      <sections>
                        <section name="tab_recordwall_section_1" showlabel="false" showbar="false" locklevel="0" id="{ac0addcc-a626-6c98-40ee-b11edac36204}" IsUserDefined="0" layout="varwidth" columns="1" labelwidth="115" celllabelalignment="Left" celllabelposition="Left" labelid="{10d90e2a-f771-4743-83b2-f51f0d1c22f4}" ordinalvalue="0">
                          <labels>
                            <label description="Section" languagecode="1033" />
                          </labels>
                          <rows>
                            <row>
                              <cell id="{be13b312-b6ac-83d7-34e1-e90dc1ecbec7}" showlabel="false" colspan="1" auto="false" rowspan="15" labelid="{5d9a20b3-5afa-4fab-90d1-5ac18284d84e}" ordinalvalue="10000">
                                <labels>
                                  <label description="RecordWall" languagecode="1033" />
                                </labels>
                                <control id="WebResource_RecordWall" classid="{9FDF5F91-88B1-47f4-AD53-C11EFC01A01D}">
                                  <parameters>
                                    <Url>msdyn_/RecordWall.htm</Url>
                                    <PassParameters>true</PassParameters>
                                    <Security>false</Security>
                                    <Scrolling>auto</Scrolling>
                                    <Border>false</Border>
                                  </parameters>
                                </control>
                                <events>
                                  <event name="onload" application="0">
                                    <dependencies />
                                  </event>
                                </events>
                              </cell>
                            </row>
                            <row />
                            <row />
                            <row />
                            <row />
                            <row />
                            <row />
                            <row />
                            <row />
                            <row />
                            <row />
                            <row />
                            <row />
                            <row />
                            <row />
                          </rows>
                        </section>
                      </sections>
                    </column>
                  </columns>
                  <events>
                    <event name="tabstatechange" application="false" active="false">
                      <Handlers>
                        <Handler functionName="ActivityFeeds.Form.CustomizationUtils.updateRecordWallRenderingState" libraryName="msdyn_/ActivityFeeds.Form.js" handlerUniqueId="{9beb6ce6-2666-8033-a406-3d68d44b9592}" enabled="true" parameters="" passExecutionContext="true" ordinalvalue="0" />
                      </Handlers>
                    </event>
                  </events>
                </tab>
              </tabs>
              <footer id="{EEC63805-B8B7-4AB3-8C32-F42BED9A7153}">
                <rows>
                  <row>
                    <cell id="{22CF131D-2919-469A-9FD8-6256C90C56F5}" ordinalvalue="10000">
                      <labels>
                        <label description="Status" languagecode="1033" solutionaction="Modified" />
                      </labels>
                    </cell>
                  </row>
                </rows>
              </footer>
              <formLibraries solutionaction="Added">
                <Library name="msdyn_/ActivityFeeds.Form.js" libraryUniqueId="{4181da4c-6d13-ba3c-c859-be404e4ee2e3}" />
              </formLibraries>
            </form>
            <LocalizedNames>
              <LocalizedName description="Information" languagecode="1033" />
            </LocalizedNames>
            <Descriptions>
              <Description description="A form for this entity." languagecode="1033" />
            </Descriptions>
          </systemform>
        </forms>
      </FormXml>
      <RibbonDiffXml>
        <CustomActions />
        <Templates>
          <RibbonTemplates Id="Mscrm.Templates"></RibbonTemplates>
        </Templates>
        <CommandDefinitions />
        <RuleDefinitions>
          <TabDisplayRules />
          <DisplayRules />
          <EnableRules />
        </RuleDefinitions>
        <LocLabels />
      </RibbonDiffXml>
    </Entity>
  </Entities>
  <Roles></Roles>
  <Workflows>
    <Workflow WorkflowId="{003a198e-2a90-ee11-8179-000d3a14bfad}" Name="Paginationflow">
      <JsonFileName>/Workflows/Paginationflow-003A198E-2A90-EE11-8179-000D3A14BFAD.json</JsonFileName>
      <Type>1</Type>
      <Subprocess>0</Subprocess>
      <Category>5</Category>
      <Mode>0</Mode>
      <Scope>4</Scope>
      <OnDemand>0</OnDemand>
      <TriggerOnCreate>0</TriggerOnCreate>
      <TriggerOnDelete>0</TriggerOnDelete>
      <AsyncAutodelete>0</AsyncAutodelete>
      <SyncWorkflowLogOnFailure>0</SyncWorkflowLogOnFailure>
      <StateCode>1</StateCode>
      <StatusCode>2</StatusCode>
      <RunAs>1</RunAs>
      <IsTransacted>1</IsTransacted>
      <IntroducedVersion>1.0.0.0</IntroducedVersion>
      <IsCustomizable>1</IsCustomizable>
      <BusinessProcessType>0</BusinessProcessType>
      <IsCustomProcessingStepAllowedForOtherPublishers>1</IsCustomProcessingStepAllowedForOtherPublishers>
      <PrimaryEntity>none</PrimaryEntity>
      <LocalizedNames>
        <LocalizedName languagecode="1033" description="Paginationflow" />
      </LocalizedNames>
    </Workflow>
  </Workflows>
  <FieldSecurityProfiles></FieldSecurityProfiles>
  <Templates />
  <EntityMaps />
  <EntityRelationships />
  <OrganizationSettings />
  <optionsets />
  <WebResources>
    <WebResource>
      <WebResourceId>{bbd9b96f-4c8f-ee11-8179-000d3a14bfad}</WebResourceId>
      <Name>ey_OpenPreqinPopUp</Name>
      <DisplayName>OpenPreqinPopUp</DisplayName>
      <WebResourceType>3</WebResourceType>
      <IntroducedVersion>1.0.0.0</IntroducedVersion>
      <IsEnabledForMobileClient>0</IsEnabledForMobileClient>
      <IsAvailableForMobileOffline>0</IsAvailableForMobileOffline>
      <DependencyXml>&lt;Dependencies&gt;&lt;Dependency componentType="WebResource"/&gt;&lt;/Dependencies&gt;</DependencyXml>
      <IsCustomizable>1</IsCustomizable>
      <CanBeDeleted>1</CanBeDeleted>
      <IsHidden>0</IsHidden>
      <FileName>/WebResources/ey_OpenPreqinPopUpBBD9B96F-4C8F-EE11-8179-000D3A14BFAD</FileName>
    </WebResource>
    <WebResource>
      <WebResourceId>{d8223e6b-4e8f-ee11-8179-000d3a14bfad}</WebResourceId>
      <Name>ey_HtmlWindow</Name>
      <DisplayName>HtmlWindow</DisplayName>
      <WebResourceType>1</WebResourceType>
      <IntroducedVersion>1.0.0.0</IntroducedVersion>
      <IsEnabledForMobileClient>0</IsEnabledForMobileClient>
      <IsAvailableForMobileOffline>0</IsAvailableForMobileOffline>
      <DependencyXml>&lt;Dependencies&gt;&lt;Dependency componentType="WebResource"/&gt;&lt;/Dependencies&gt;</DependencyXml>
      <IsCustomizable>1</IsCustomizable>
      <CanBeDeleted>1</CanBeDeleted>
      <IsHidden>0</IsHidden>
      <FileName>/WebResources/ey_HtmlWindowD8223E6B-4E8F-EE11-8179-000D3A14BFAD</FileName>
    </WebResource>
    <WebResource>
      <WebResourceId>{a5a7a37f-538f-ee11-8179-000d3a14bfad}</WebResourceId>
      <Name>ey_datajs</Name>
      <DisplayName>datajs</DisplayName>
      <WebResourceType>3</WebResourceType>
      <IntroducedVersion>1.0.0.0</IntroducedVersion>
      <IsEnabledForMobileClient>0</IsEnabledForMobileClient>
      <IsAvailableForMobileOffline>0</IsAvailableForMobileOffline>
      <DependencyXml>&lt;Dependencies&gt;&lt;Dependency componentType="WebResource"/&gt;&lt;/Dependencies&gt;</DependencyXml>
      <IsCustomizable>1</IsCustomizable>
      <CanBeDeleted>1</CanBeDeleted>
      <IsHidden>0</IsHidden>
      <FileName>/WebResources/ey_datajsA5A7A37F-538F-EE11-8179-000D3A14BFAD</FileName>
    </WebResource>
    <WebResource>
      <WebResourceId>{e55da7e3-a292-ee11-be37-000d3a14bfad}</WebResourceId>
      <Name>ey_Custompage</Name>
      <DisplayName>CustomPageDialog</DisplayName>
      <LanguageCode>0</LanguageCode>
      <WebResourceType>3</WebResourceType>
      <IntroducedVersion>1.0.0.0</IntroducedVersion>
      <IsEnabledForMobileClient>0</IsEnabledForMobileClient>
      <IsAvailableForMobileOffline>0</IsAvailableForMobileOffline>
      <DependencyXml>&lt;Dependencies&gt;&lt;Dependency componentType="WebResource"/&gt;&lt;/Dependencies&gt;</DependencyXml>
      <IsCustomizable>1</IsCustomizable>
      <CanBeDeleted>1</CanBeDeleted>
      <IsHidden>0</IsHidden>
      <FileName>/WebResources/ey_CustompageE55DA7E3-A292-EE11-BE37-000D3A14BFAD</FileName>
    </WebResource>
  </WebResources>
  <CustomControls />
  <AppModuleSiteMaps>
    <AppModuleSiteMap>
      <SiteMapUniqueName>ey_EverestCRMtrail</SiteMapUniqueName>
      <EnableCollapsibleGroups>False</EnableCollapsibleGroups>
      <ShowHome>True</ShowHome>
      <ShowPinned>True</ShowPinned>
      <ShowRecents>True</ShowRecents>
      <SiteMap IntroducedVersion="7.0.0.0">
        <Area Id="area_be2b5a53" ResourceId="SitemapDesigner.NewTitle" DescriptionResourceId="SitemapDesigner.NewTitle" ShowGroups="true" IntroducedVersion="7.0.0.0">
          <Titles>
            <Title LCID="1033" Title="Area1" />
          </Titles>
          <Group Id="group_b7cb3014" ResourceId="SitemapDesigner.NewGroup" DescriptionResourceId="SitemapDesigner.NewGroup" IntroducedVersion="7.0.0.0" IsProfile="false" ToolTipResourseId="SitemapDesigner.Unknown">
            <SubArea Id="subarea_2eccf81c" Icon="/_imgs/imagestrips/transparent_spacer.gif" Entity="account" Client="All,Outlook,OutlookLaptopClient,OutlookWorkstationClient,Web" AvailableOffline="true" PassParams="false" Sku="All,OnPremise,Live,SPLA" />
            <SubArea Id="subarea_d57c18c7" Icon="/_imgs/imagestrips/transparent_spacer.gif" Client="All,Outlook,OutlookLaptopClient,OutlookWorkstationClient,Web" AvailableOffline="true" PassParams="false" Sku="All,OnPremise,Live,SPLA" Page="ey_preiqdata_8e6bc">
              <Titles>
                <Title LCID="1033" Title="preiq data" />
              </Titles>
            </SubArea>
          </Group>
        </Area>
      </SiteMap>
      <LocalizedNames>
        <LocalizedName description="Everest CRM trail" languagecode="1033" />
      </LocalizedNames>
    </AppModuleSiteMap>
  </AppModuleSiteMaps>
  <AppModules>
    <AppModule>
      <UniqueName>ey_EverestCRMtrail</UniqueName>
      <IntroducedVersion>1.0.0.0</IntroducedVersion>
      <WebResourceId>953b9fac-1e5e-e611-80d6-00155ded156f</WebResourceId>
      <OptimizedFor></OptimizedFor>
      <statecode>0</statecode>
      <statuscode>1</statuscode>
      <FormFactor>1</FormFactor>
      <ClientType>4</ClientType>
      <NavigationType>0</NavigationType>
      <AppModuleComponents>
        <AppModuleComponent type="1" schemaName="account" />
        <AppModuleComponent type="62" schemaName="ey_EverestCRMtrail" />
      </AppModuleComponents>
      <AppModuleRoleMaps>
        <Role id="{627090ff-40a3-4053-8790-584edc5be201}" />
        <Role id="{119f245c-3cc8-4b62-b31c-d1a046ced15d}" />
      </AppModuleRoleMaps>
      <LocalizedNames>
        <LocalizedName description="Everest CRM trail" languagecode="1033" />
      </LocalizedNames>
      <appelements>
        <appelement uniquename="ey_ey_EverestCRMtrail_canvasappid_ey_preiqdata_8e6bc">
          <canvasappid>
            <name>ey_preiqdata_8e6bc</name>
          </canvasappid>
          <iscustomizable>1</iscustomizable>
          <name>ey_ey_EverestCRMtrail_canvasappid_ey_preiqdata_8e6bc</name>
        </appelement>
      </appelements>
    </AppModule>
  </AppModules>
  <EntityDataProviders />
  <CanvasApps>
    <CanvasApp>
      <Name>ey_preiqdatacopy_d3702</Name>
      <AppVersion>2023-12-06T07:00:54Z</AppVersion>
      <Status>Ready</Status>
      <CreatedByClientVersion>3.23113.20.0</CreatedByClientVersion>
      <MinClientVersion>3.23113.20.0</MinClientVersion>
      <Tags>{"primaryDeviceWidth":"1366","primaryDeviceHeight":"768","supportsPortrait":"true","supportsLandscape":"true","primaryFormFactor":"Tablet","showStatusBar":"false","publisherVersion":"3.23113.20","minimumRequiredApiVersion":"2.2.0","hasComponent":"false","hasUnlockedComponent":"false","isUnifiedRootApp":"false","sienaVersion":"20231205T115151Z-3.23113.20.0"}</Tags>
      <IsCdsUpgraded>0</IsCdsUpgraded>
      <GalleryItemId xsi:nil="true"></GalleryItemId>
      <BackgroundColor>RGBA(0,176,240,1)</BackgroundColor>
      <DisplayName>preiq data - copy</DisplayName>
      <Description xsi:nil="true"></Description>
      <CommitMessage xsi:nil="true"></CommitMessage>
      <Publisher xsi:nil="true"></Publisher>
      <AuthorizationReferences>[]</AuthorizationReferences>
      <ConnectionReferences>{"5a511c7a-c827-4a2b-8e91-afca951c2ff5":{"id":"/providers/microsoft.powerapps/apis/shared_sharepointonline","displayName":"SharePoint","iconUri":"https://connectoricons-prod.azureedge.net/releases/v1.0.1664/1.0.1664.3477/sharepointonline/icon.png","dataSources":["Preqindata"],"dependencies":[],"dependents":[],"parameterHints":{},"parameterHintsV2":{},"isOnPremiseConnection":false,"bypassConsent":false,"dataSets":{"https://crm005834.sharepoint.com/sites/Preqinpoc":{"dataSources":{"Preqindata":{"tableName":"959ef1bc-1bde-40ac-8a8d-5ba82685b303"}}}},"apiTier":"Standard"},"f0e37b8f-a39c-4946-a232-cd9eabb6944b":{"id":"/providers/microsoft.powerapps/apis/shared_logicflows","displayName":"Logic flows","iconUri":"https://connectoricons-prod.azureedge.net/releases/v1.0.1664/1.0.1664.3477/logicflows/icon.png","dataSources":["Paginationflow"],"dependencies":["be97b6aa-1bfd-42c0-86ee-3a5707b58ace"],"dependents":[],"parameterHints":{"workflowName":{"value":"22a3cea7-44e5-4b59-892a-32f8378a7717"},"workflowEntityId":{"value":"003a198e-2a90-ee11-8179-000d3a14bfad"},"be97b6aa-1bfd-42c0-86ee-3a5707b58ace":{"value":"shared_sharepointonline"}},"parameterHintsV2":{"workflowName":{"value":"22a3cea7-44e5-4b59-892a-32f8378a7717"},"workflowEntityId":{"value":"003a198e-2a90-ee11-8179-000d3a14bfad"},"shared_sharepointonline":{"value":"be97b6aa-1bfd-42c0-86ee-3a5707b58ace"}},"isOnPremiseConnection":false,"bypassConsent":false,"dataSets":{},"apiTier":"Standard","actions":["Run"]},"be97b6aa-1bfd-42c0-86ee-3a5707b58ace":{"id":"/providers/microsoft.powerapps/apis/shared_sharepointonline","displayName":"SharePoint","iconUri":"https://connectoricons-prod.azureedge.net/releases/v1.0.1664/1.0.1664.3477/sharepointonline/icon.png","dataSources":[],"dependencies":[],"dependents":["f0e37b8f-a39c-4946-a232-cd9eabb6944b"],"parameterHints":{},"parameterHintsV2":{},"isOnPremiseConnection":false,"bypassConsent":false,"dataSets":{},"apiTier":"Standard"}}</ConnectionReferences>
      <DatabaseReferences>{"default.cds":{"databaseDetails":{"referenceType":"Environmental","environmentName":"default.cds","overrideValues":{"status":"NotSpecified","environmentVariableName":""}},"dataSources":{"Accounts":{"entitySetName":"accounts","logicalName":"account"}}}}</DatabaseReferences>
      <AppComponents>[]</AppComponents>
      <AppComponentDependencies>[]</AppComponentDependencies>
      <CanConsumeAppPass>1</CanConsumeAppPass>
      <CanvasAppType>2</CanvasAppType>
      <BypassConsent>0</BypassConsent>
      <AdminControlBypassConsent>0</AdminControlBypassConsent>
      <EmbeddedApp xsi:nil="true"></EmbeddedApp>
      <IntroducedVersion>1.0</IntroducedVersion>
      <CdsDependencies>{"cdsdependencies":[{"dependencyid":"003a198e-2a90-ee11-8179-000d3a14bfad","componenttype":29,"componenttypeplatformname":"Workflow"},{"logicalname":"account","componenttype":1}]}</CdsDependencies>
      <IsCustomizable>1</IsCustomizable>
      <BackgroundImageUri>/CanvasApps/ey_preiqdatacopy_d3702_BackgroundImageUri</BackgroundImageUri>
      <DocumentUri>/CanvasApps/ey_preiqdatacopy_d3702_DocumentUri.msapp</DocumentUri>
    </CanvasApp>
    <CanvasApp>
      <Name>ey_preiqdata_8e6bc</Name>
      <AppVersion>2023-12-07T06:07:49Z</AppVersion>
      <Status>Ready</Status>
      <CreatedByClientVersion>3.23113.20.0</CreatedByClientVersion>
      <MinClientVersion>3.23113.20.0</MinClientVersion>
      <Tags>{"primaryDeviceWidth":"1366","primaryDeviceHeight":"768","supportsPortrait":"true","supportsLandscape":"true","primaryFormFactor":"Tablet","showStatusBar":"false","publisherVersion":"3.23113.20","minimumRequiredApiVersion":"2.2.0","hasComponent":"false","hasUnlockedComponent":"false","isUnifiedRootApp":"false","sienaVersion":"20231206T122008Z-3.23113.20.0"}</Tags>
      <IsCdsUpgraded>0</IsCdsUpgraded>
      <GalleryItemId xsi:nil="true"></GalleryItemId>
      <BackgroundColor>RGBA(0,176,240,1)</BackgroundColor>
      <DisplayName>preiq data</DisplayName>
      <Description xsi:nil="true"></Description>
      <CommitMessage xsi:nil="true"></CommitMessage>
      <Publisher xsi:nil="true"></Publisher>
      <AuthorizationReferences>[]</AuthorizationReferences>
      <ConnectionReferences>{"5a511c7a-c827-4a2b-8e91-afca951c2ff5":{"id":"/providers/microsoft.powerapps/apis/shared_sharepointonline","displayName":"SharePoint","iconUri":"https://connectoricons-prod.azureedge.net/releases/v1.0.1664/1.0.1664.3477/sharepointonline/icon.png","dataSources":["Preqindata"],"dependencies":[],"dependents":[],"parameterHints":{},"parameterHintsV2":{},"isOnPremiseConnection":false,"bypassConsent":false,"dataSets":{"https://crm005834.sharepoint.com/sites/Preqinpoc":{"dataSources":{"Preqindata":{"tableName":"959ef1bc-1bde-40ac-8a8d-5ba82685b303"}}}},"apiTier":"Standard"},"f0e37b8f-a39c-4946-a232-cd9eabb6944b":{"id":"/providers/microsoft.powerapps/apis/shared_logicflows","displayName":"Logic flows","iconUri":"https://connectoricons-prod.azureedge.net/releases/v1.0.1664/1.0.1664.3477/logicflows/icon.png","dataSources":["Paginationflow"],"dependencies":["be97b6aa-1bfd-42c0-86ee-3a5707b58ace"],"dependents":[],"parameterHints":{"workflowName":{"value":"b39b3fa0-ebc6-47ea-808e-bc0c30b6f966"},"workflowEntityId":{"value":"003a198e-2a90-ee11-8179-000d3a14bfad"},"be97b6aa-1bfd-42c0-86ee-3a5707b58ace":{"value":"shared_sharepointonline"}},"parameterHintsV2":{"workflowName":{"value":"b39b3fa0-ebc6-47ea-808e-bc0c30b6f966"},"workflowEntityId":{"value":"003a198e-2a90-ee11-8179-000d3a14bfad"},"shared_sharepointonline":{"value":"be97b6aa-1bfd-42c0-86ee-3a5707b58ace"}},"isOnPremiseConnection":false,"bypassConsent":false,"dataSets":{},"apiTier":"Standard","actions":["Run"]},"be97b6aa-1bfd-42c0-86ee-3a5707b58ace":{"id":"/providers/microsoft.powerapps/apis/shared_sharepointonline","displayName":"SharePoint","iconUri":"https://connectoricons-prod.azureedge.net/releases/v1.0.1664/1.0.1664.3477/sharepointonline/icon.png","dataSources":[],"dependencies":[],"dependents":["f0e37b8f-a39c-4946-a232-cd9eabb6944b"],"parameterHints":{},"parameterHintsV2":{},"isOnPremiseConnection":false,"bypassConsent":false,"dataSets":{},"apiTier":"Standard"}}</ConnectionReferences>
      <DatabaseReferences>{"default.cds":{"databaseDetails":{"referenceType":"Environmental","environmentName":"default.cds","overrideValues":{"status":"NotSpecified","environmentVariableName":""}},"dataSources":{"Accounts":{"entitySetName":"accounts","logicalName":"account"}}}}</DatabaseReferences>
      <AppComponents>[]</AppComponents>
      <AppComponentDependencies>[]</AppComponentDependencies>
      <CanConsumeAppPass>1</CanConsumeAppPass>
      <CanvasAppType>2</CanvasAppType>
      <BypassConsent>0</BypassConsent>
      <AdminControlBypassConsent>0</AdminControlBypassConsent>
      <EmbeddedApp xsi:nil="true"></EmbeddedApp>
      <IntroducedVersion>1.0</IntroducedVersion>
      <CdsDependencies>{"cdsdependencies":[{"dependencyid":"003a198e-2a90-ee11-8179-000d3a14bfad","componenttype":29,"componenttypeplatformname":"Workflow"},{"logicalname":"account","componenttype":1}]}</CdsDependencies>
      <IsCustomizable>1</IsCustomizable>
      <BackgroundImageUri>/CanvasApps/ey_preiqdata_8e6bc_BackgroundImageUri</BackgroundImageUri>
      <DocumentUri>/CanvasApps/ey_preiqdata_8e6bc_DocumentUri.msapp</DocumentUri>
    </CanvasApp>
  </CanvasApps>
  <connectionreferences>
    <connectionreference connectionreferencelogicalname="ey_sharedsharepointonline_76f6d">
      <connectionreferencedisplayname>SharePoint EY-76f6d</connectionreferencedisplayname>
      <connectorid>/providers/Microsoft.PowerApps/apis/shared_sharepointonline</connectorid>
      <iscustomizable>1</iscustomizable>
      <statecode>0</statecode>
      <statuscode>1</statuscode>
    </connectionreference>
    <connectionreference connectionreferencelogicalname="ey_sharedteams_517c4">
      <connectionreferencedisplayname>Microsoft Teams EY-517c4</connectionreferencedisplayname>
      <connectorid>/providers/Microsoft.PowerApps/apis/shared_teams</connectorid>
      <iscustomizable>1</iscustomizable>
      <statecode>0</statecode>
      <statuscode>1</statuscode>
    </connectionreference>
  </connectionreferences>
  <Languages>
    <Language>1033</Language>
  </Languages>
</ImportExportXml>