<?xml version="1.0" encoding="utf-8"?>
<savedqueries xmlns:xsi="http://www.w3.org/2001/XMLSchema-instance">
  <savedquery>
    <IsCustomizable>1</IsCustomizable>
    <CanBeDeleted>1</CanBeDeleted>
    <isquickfindquery>0</isquickfindquery>
    <isprivate>0</isprivate>
    <isdefault>0</isdefault>
    <savedqueryid>{10656ea2-69f5-ed11-8848-0022482b28ad}</savedqueryid>
    <layoutxml>
      <grid
        name="resultset"
        jump="rhm_name"
        select="1"
        preview="1"
        icon="1">
        <row
          name="result"
          id="rhm_accounttoaccounttypeid">
          <cell
            name="rhm_name"
            width="150" />
          <cell
            name="rhm_type"
            width="100" />
        </row>
      </grid>
    </layoutxml>
    <querytype>0</querytype>
    <fetchxml>
      <fetch
        version="1.0"
        output-format="xml-platform"
        mapping="logical"
        distinct="false">
        <entity
          name="rhm_accounttoaccounttype">
          <attribute
            name="rhm_name" />
          <attribute
            name="rhm_type" />
          <order
            attribute="rhm_name"
            descending="false" />
          <filter
            type="and">
            <condition
              attribute="rhm_type"
              operator="in">
              <value
                uiname="Distributor"
                uitype="rhm_type">{77742BD5-5F92-ED11-AAD1-0022482B2327}</value>
              <value
                uiname="Distributors Site"
                uitype="rhm_type">{0F23552A-43F5-ED11-8848-0022482B247C}</value>
            </condition>
            <condition
              attribute="statecode"
              operator="eq"
              value="0" />
          </filter>
          <attribute
            name="rhm_accounttoaccounttypeid" />
        </entity>
      </fetch>
    </fetchxml>
    <IntroducedVersion>1.0.0.3</IntroducedVersion>
    <LocalizedNames>
      <LocalizedName
        description="Childs Accounts"
        languagecode="1033" />
    </LocalizedNames>
  </savedquery>
</savedqueries>