<?xml version="1.0" encoding="utf-8"?>
<savedqueries xmlns:xsi="http://www.w3.org/2001/XMLSchema-instance">
  <savedquery>
    <IsCustomizable>1</IsCustomizable>
    <CanBeDeleted>0</CanBeDeleted>
    <isquickfindquery>0</isquickfindquery>
    <isprivate>0</isprivate>
    <isdefault>1</isdefault>
    <savedqueryid>{20d3e9e1-c1b2-49af-a830-4caff68596a7}</savedqueryid>
    <layoutxml>
      <grid
        name="rhm_accounttoaccounttypes"
        jump="rhm_name"
        select="1"
        icon="1"
        preview="1">
        <row
          name="rhm_accounttoaccounttype"
          id="rhm_accounttoaccounttypeid">
          <cell
            name="rhm_accounttypeid"
            width="100" />
          <cell
            name="rhm_type"
            width="141" />
          <cell
            name="rhm_oracleaccountid"
            width="147" />
          <cell
            name="createdon"
            width="125" />
        </row>
      </grid>
    </layoutxml>
    <querytype>2</querytype>
    <fetchxml>
      <fetch
        version="1.0"
        mapping="logical">
        <entity
          name="rhm_accounttoaccounttype">
          <attribute
            name="rhm_accounttoaccounttypeid" />
          <attribute
            name="createdon" />
          <filter
            type="and">
            <condition
              attribute="statecode"
              operator="eq"
              value="0" />
          </filter>
          <attribute
            name="rhm_accounttypeid" />
          <attribute
            name="rhm_type" />
          <attribute
            name="rhm_oracleaccountid" />
        </entity>
      </fetch>
    </fetchxml>
    <IntroducedVersion>1.0</IntroducedVersion>
    <LocalizedNames>
      <LocalizedName
        description="Account to Account Type Associated View"
        languagecode="1033" />
    </LocalizedNames>
  </savedquery>
</savedqueries>