<?xml version="1.0" encoding="utf-8"?>
<savedqueries xmlns:xsi="http://www.w3.org/2001/XMLSchema-instance">
  <savedquery>
    <IsCustomizable>1</IsCustomizable>
    <CanBeDeleted>0</CanBeDeleted>
    <isquickfindquery>0</isquickfindquery>
    <isprivate>0</isprivate>
    <isdefault>1</isdefault>
    <savedqueryid>{5ed62151-74af-4c58-b1f3-fcb43d743878}</savedqueryid>
    <layoutxml>
      <grid
        name="resultset"
        jump="rhm_name"
        select="1"
        icon="1"
        preview="1">
        <row
          name="result"
          id="rhm_accounttoaccounttypeid">
          <cell
            name="rhm_accountid"
            width="300" />
          <cell
            name="rhm_accounttypeid"
            width="233" />
          <cell
            name="rhm_oracleaccountid"
            width="299" />
          <cell
            name="createdon"
            width="125" />
        </row>
      </grid>
    </layoutxml>
    <querytype>1</querytype>
    <fetchxml>
      <fetch
        version="1.0"
        mapping="logical">
        <entity
          name="rhm_accounttoaccounttype">
          <attribute
            name="rhm_accounttoaccounttypeid" />
          <attribute
            name="createdon" />
          <attribute
            name="rhm_accountid" />
          <attribute
            name="rhm_accounttypeid" />
          <attribute
            name="rhm_oracleaccountid" />
        </entity>
      </fetch>
    </fetchxml>
    <IntroducedVersion>1.0</IntroducedVersion>
    <LocalizedNames>
      <LocalizedName
        description="Account to Account Type Advanced Find View"
        languagecode="1033" />
    </LocalizedNames>
  </savedquery>
</savedqueries>