<?xml version="1.0" encoding="utf-8"?>
<savedqueries xmlns:xsi="http://www.w3.org/2001/XMLSchema-instance">
  <savedquery>
    <IsCustomizable>1</IsCustomizable>
    <CanBeDeleted>1</CanBeDeleted>
    <isquickfindquery>0</isquickfindquery>
    <isprivate>0</isprivate>
    <isdefault>0</isdefault>
    <savedqueryid>{dd0c4c32-8b5c-ed11-9562-0022482b2497}</savedqueryid>
    <layoutxml>
      <grid
        name="resultset"
        jump="rhm_name"
        select="1"
        icon="1"
        preview="1">
        <row
          name="result"
          id="rhm_accounttoaccounttypeid">
          <cell
            name="rhm_accountid"
            width="100" />
          <cell
            name="rhm_type"
            width="129" />
          <cell
            name="rhm_accounttypeid"
            width="105" />
          <cell
            name="rhm_oracleaccountid"
            width="292" />
        </row>
      </grid>
    </layoutxml>
    <querytype>0</querytype>
    <fetchxml>
      <fetch
        version="1.0"
        output-format="xml-platform"
        mapping="logical">
        <entity
          name="rhm_accounttoaccounttype">
          <attribute
            name="rhm_accounttypeid" />
          <attribute
            name="rhm_oracleaccountid" />
          <attribute
            name="rhm_type" />
          <attribute
            name="rhm_accountid" />
          <attribute
            name="rhm_accounttoaccounttypeid" />
        </entity>
      </fetch>
    </fetchxml>
    <IntroducedVersion>1.0.0.1</IntroducedVersion>
    <LocalizedNames>
      <LocalizedName
        description="Related Account Types"
        languagecode="1033" />
    </LocalizedNames>
  </savedquery>
</savedqueries>