﻿<?xml version="1.0" encoding="utf-8"?>
<systemform>
  <formid>{0e67f545-23e2-452b-84fd-bccbc171c51c}</formid>
  <IntroducedVersion>0.0.0.0</IntroducedVersion>
  <FormPresentation>1</FormPresentation>
  <FormActivationState>1</FormActivationState>
  <form>
    <tabs>
      <tab verticallayout="true" id="{66512962-b711-4147-a08b-0053114d1559}" IsUserDefined="1">
        <labels>
          <label description="" languagecode="1033" />
        </labels>
        <columns>
          <column width="100%">
            <sections>
              <section showlabel="false" showbar="false" IsUserDefined="0" id="{7468e6f2-ab82-4c05-bd58-cc2931a40e52}">
                <labels>
                  <label description="GENERAL" languagecode="1033" />
                </labels>
                <rows>
                  <row>
                    <cell id="{e46bc33e-d468-4e10-bf7b-78d53ff807a6}" showlabel="true" locklevel="1">
                      <labels>
                        <label description="Document Name" languagecode="1033" />
                      </labels>
                      <control id="rbs_name" classid="{4273EDBD-AC1D-40d3-9FB2-095C621B552D}" datafieldname="rbs_name" uniqueid="{0955a41d-122d-0584-ddec-39473de3177d}" disabled="true" />
                    </cell>
                  </row>
                </rows>
              </section>
            </sections>
          </column>
        </columns>
      </tab>
    </tabs>
  </form>
  <IsCustomizable>1</IsCustomizable>
  <CanBeDeleted>1</CanBeDeleted>
  <LocalizedNames>
    <LocalizedName description="Information" languagecode="1033" />
  </LocalizedNames>
</systemform>