﻿<?xml version="1.0" encoding="utf-8"?>
<savedquery>
  <IsCustomizable>1</IsCustomizable>
  <CanBeDeleted>0</CanBeDeleted>
  <isquickfindquery>0</isquickfindquery>
  <isprivate>0</isprivate>
  <isdefault>1</isdefault>
  <returnedtypecode>10007</returnedtypecode>
  <savedqueryid>{767b431f-fe6a-4a5a-9020-a8c68fa888b1}</savedqueryid>
  <layoutxml>
    <grid name="resultset" object="10007" jump="nwm_name" select="1" icon="1" preview="1">
      <row name="result" id="nwm_countryid">
        <cell name="nwm_name" width="300" />
        <cell name="createdon" width="125" />
      </row>
    </grid>
  </layoutxml>
  <querytype>1</querytype>
  <fetchxml>
    <fetch version="1.0" mapping="logical">
      <entity name="nwm_country">
        <attribute name="nwm_countryid" />
        <attribute name="nwm_name" />
        <attribute name="createdon" />
        <order attribute="nwm_name" descending="false" />
      </entity>
    </fetch>
  </fetchxml>
  <IntroducedVersion>0.0.0.1</IntroducedVersion>
  <LocalizedNames>
    <LocalizedName description="Country Advanced Find View" languagecode="1033" />
  </LocalizedNames>
</savedquery>