﻿<?xml version="1.0" encoding="utf-8"?>
<EntityMaps>
  <EntityMap>
    <EntitySource>account</EntitySource>
    <EntityTarget>rbsm_customerceoactivityconnection</EntityTarget>
    <AttributeMaps />
  </EntityMap>
  <EntityMap>
    <EntitySource>account</EntitySource>
    <EntityTarget>rbsm_programme</EntityTarget>
    <AttributeMaps />
  </EntityMap>
  <EntityMap>
    <EntitySource>contact</EntitySource>
    <EntityTarget>rbsm_ceoactivitycontact</EntityTarget>
    <AttributeMaps />
  </EntityMap>
  <EntityMap>
    <EntitySource>contact</EntitySource>
    <EntityTarget>rbsm_opportunitypackage</EntityTarget>
    <AttributeMaps />
  </EntityMap>
  <EntityMap>
    <EntitySource>opportunity</EntitySource>
    <EntityTarget>rbsm_businessbenefit</EntityTarget>
    <AttributeMaps />
  </EntityMap>
  <EntityMap>
    <EntitySource>opportunity</EntitySource>
    <EntityTarget>rbsm_opportunityservicecatalogconnection</EntityTarget>
    <AttributeMaps />
  </EntityMap>
  <EntityMap>
    <EntitySource>opportunity</EntitySource>
    <EntityTarget>rbsm_raidlog</EntityTarget>
    <AttributeMaps />
  </EntityMap>
  <EntityMap>
    <EntitySource>opportunity</EntitySource>
    <EntityTarget>rbsm_rbspriority</EntityTarget>
    <AttributeMaps />
  </EntityMap>
  <EntityMap>
    <EntitySource>opportunity</EntitySource>
    <EntityTarget>rbsm_resourcestrategy</EntityTarget>
    <AttributeMaps />
  </EntityMap>
  <EntityMap>
    <EntitySource>queue</EntitySource>
    <EntityTarget>rbsm_productservicescatalog</EntityTarget>
    <AttributeMaps />
  </EntityMap>
  <EntityMap>
    <EntitySource>rbsm_ceoactivity</EntitySource>
    <EntityTarget>rbsm_ceoactivitycontact</EntityTarget>
    <AttributeMaps />
  </EntityMap>
  <EntityMap>
    <EntitySource>rbsm_ceoactivity</EntitySource>
    <EntityTarget>rbsm_customerceoactivityconnection</EntityTarget>
    <AttributeMaps />
  </EntityMap>
  <EntityMap>
    <EntitySource>rbsm_opportunitypackage</EntitySource>
    <EntityTarget>opportunity</EntityTarget>
    <AttributeMaps />
  </EntityMap>
  <EntityMap>
    <EntitySource>rbsm_productservicescatalog</EntitySource>
    <EntityTarget>rbsm_opportunityservicecatalogconnection</EntityTarget>
    <AttributeMaps />
  </EntityMap>
  <EntityMap>
    <EntitySource>rbsm_programme</EntitySource>
    <EntityTarget>opportunity</EntityTarget>
    <AttributeMaps />
  </EntityMap>
  <EntityMap>
    <EntitySource>rbsm_programme</EntitySource>
    <EntityTarget>rbsm_project</EntityTarget>
    <AttributeMaps />
  </EntityMap>
  <EntityMap>
    <EntitySource>rbsm_project</EntitySource>
    <EntityTarget>opportunity</EntityTarget>
    <AttributeMaps />
  </EntityMap>
  <EntityMap>
    <EntitySource>systemuser</EntitySource>
    <EntityTarget>rbsm_ceoactivity</EntityTarget>
    <AttributeMaps />
  </EntityMap>
  <EntityMap>
    <EntitySource>systemuser</EntitySource>
    <EntityTarget>rbsm_opportunitypackage</EntityTarget>
    <AttributeMaps />
  </EntityMap>
</EntityMaps>