﻿<?xml version="1.0" encoding="utf-8"?>
<EntityRelationships>
  <EntityRelationship Name="Account_ActivityPointers" />
  <EntityRelationship Name="Account_Annotation" />
  <EntityRelationship Name="Account_Appointments" />
  <EntityRelationship Name="Account_AsyncOperations" />
  <EntityRelationship Name="Account_BulkDeleteFailures" />
  <EntityRelationship Name="account_connections1" />
  <EntityRelationship Name="account_connections2" />
  <EntityRelationship Name="Account_DuplicateBaseRecord" />
  <EntityRelationship Name="Account_DuplicateMatchingRecord" />
  <EntityRelationship Name="Account_Emails" />
  <EntityRelationship Name="Account_Faxes" />
  <EntityRelationship Name="Account_Letters" />
  <EntityRelationship Name="Account_Phonecalls" />
  <EntityRelationship Name="account_principalobjectattributeaccess" />
  <EntityRelationship Name="Account_ProcessSessions" />
  <EntityRelationship Name="Account_RecurringAppointmentMasters" />
  <EntityRelationship Name="Account_ServiceAppointments" />
  <EntityRelationship Name="Account_SocialActivities" />
  <EntityRelationship Name="Account_Tasks" />
  <EntityRelationship Name="ActivityPointer_AsyncOperations" />
  <EntityRelationship Name="ActivityPointer_BulkDeleteFailures" />
  <EntityRelationship Name="activitypointer_connections1" />
  <EntityRelationship Name="activitypointer_connections2" />
  <EntityRelationship Name="Appointment_Annotation" />
  <EntityRelationship Name="Appointment_AsyncOperations" />
  <EntityRelationship Name="Appointment_BulkDeleteFailures" />
  <EntityRelationship Name="appointment_connections1" />
  <EntityRelationship Name="appointment_connections2" />
  <EntityRelationship Name="Appointment_DuplicateBaseRecord" />
  <EntityRelationship Name="Appointment_DuplicateMatchingRecord" />
  <EntityRelationship Name="appointment_principalobjectattributeaccess" />
  <EntityRelationship Name="Appointment_ProcessSessions" />
  <EntityRelationship Name="AsyncOperation_Emails" />
  <EntityRelationship Name="BulkOperation_ActivityPointers" />
  <EntityRelationship Name="BulkOperation_Appointment" />
  <EntityRelationship Name="BulkOperation_Email" />
  <EntityRelationship Name="BulkOperation_Phonecall" />
  <EntityRelationship Name="business_unit_rbsm_businessbenefit" />
  <EntityRelationship Name="business_unit_rbsm_ceoactivity" />
  <EntityRelationship Name="business_unit_rbsm_ceoactivitycontact" />
  <EntityRelationship Name="business_unit_rbsm_customerceoactivityconnection" />
  <EntityRelationship Name="business_unit_rbsm_opportunitypackage" />
  <EntityRelationship Name="business_unit_rbsm_opportunityservicecatalogconnection" />
  <EntityRelationship Name="business_unit_rbsm_productmetrics" />
  <EntityRelationship Name="business_unit_rbsm_productservicescatalog" />
  <EntityRelationship Name="business_unit_rbsm_programme" />
  <EntityRelationship Name="business_unit_rbsm_project" />
  <EntityRelationship Name="business_unit_rbsm_raidlog" />
  <EntityRelationship Name="business_unit_rbsm_rbspriority" />
  <EntityRelationship Name="business_unit_rbsm_resourcestrategy" />
  <EntityRelationship Name="Campaign_ActivityPointers" />
  <EntityRelationship Name="Campaign_Appointments" />
  <EntityRelationship Name="campaign_connections1" />
  <EntityRelationship Name="campaign_connections2" />
  <EntityRelationship Name="Campaign_Emails" />
  <EntityRelationship Name="Campaign_Phonecalls" />
  <EntityRelationship Name="Campaign_Tasks" />
  <EntityRelationship Name="CampaignActivity_ActivityPointers" />
  <EntityRelationship Name="CampaignActivity_Appointments" />
  <EntityRelationship Name="campaignactivity_connections1" />
  <EntityRelationship Name="campaignactivity_connections2" />
  <EntityRelationship Name="CampaignActivity_Emails" />
  <EntityRelationship Name="CampaignActivity_Phonecalls" />
  <EntityRelationship Name="CampaignActivity_Tasks" />
  <EntityRelationship Name="competitor_connections1" />
  <EntityRelationship Name="competitor_connections2" />
  <EntityRelationship Name="Connection_AsyncOperations" />
  <EntityRelationship Name="connection_principalobjectattributeaccess" />
  <EntityRelationship Name="Connection_ProcessSessions" />
  <EntityRelationship Name="constraintbasedgroup_connections1" />
  <EntityRelationship Name="constraintbasedgroup_connections2" />
  <EntityRelationship Name="Contact_ActivityPointers" />
  <EntityRelationship Name="Contact_Annotation" />
  <EntityRelationship Name="Contact_Appointments" />
  <EntityRelationship Name="Contact_AsyncOperations" />
  <EntityRelationship Name="Contact_BulkDeleteFailures" />
  <EntityRelationship Name="contact_connections1" />
  <EntityRelationship Name="contact_connections2" />
  <EntityRelationship Name="contact_customer_accounts" />
  <EntityRelationship Name="contact_customer_contacts" />
  <EntityRelationship Name="Contact_DuplicateBaseRecord" />
  <EntityRelationship Name="Contact_DuplicateMatchingRecord" />
  <EntityRelationship Name="Contact_Emails" />
  <EntityRelationship Name="Contact_Faxes" />
  <EntityRelationship Name="Contact_Letters" />
  <EntityRelationship Name="Contact_Phonecalls" />
  <EntityRelationship Name="contact_principalobjectattributeaccess" />
  <EntityRelationship Name="Contact_ProcessSessions" />
  <EntityRelationship Name="Contact_RecurringAppointmentMasters" />
  <EntityRelationship Name="Contact_ServiceAppointments" />
  <EntityRelationship Name="Contact_SocialActivities" />
  <EntityRelationship Name="Contact_Tasks" />
  <EntityRelationship Name="Contract_ActivityPointers" />
  <EntityRelationship Name="Contract_Appointments" />
  <EntityRelationship Name="contract_connections1" />
  <EntityRelationship Name="contract_connections2" />
  <EntityRelationship Name="Contract_Emails" />
  <EntityRelationship Name="Contract_Phonecalls" />
  <EntityRelationship Name="Contract_Tasks" />
  <EntityRelationship Name="Email_Annotation" />
  <EntityRelationship Name="Email_AsyncOperations" />
  <EntityRelationship Name="Email_BulkDeleteFailures" />
  <EntityRelationship Name="email_connections1" />
  <EntityRelationship Name="email_connections2" />
  <EntityRelationship Name="email_principalobjectattributeaccess" />
  <EntityRelationship Name="Email_ProcessSessions" />
  <EntityRelationship Name="entitlement_ActivityPointers" />
  <EntityRelationship Name="entitlement_Appointments" />
  <EntityRelationship Name="entitlement_connections1" />
  <EntityRelationship Name="entitlement_connections2" />
  <EntityRelationship Name="entitlement_Emails" />
  <EntityRelationship Name="entitlement_PhoneCalls" />
  <EntityRelationship Name="entitlement_Tasks" />
  <EntityRelationship Name="entitlementtemplate_ActivityPointers" />
  <EntityRelationship Name="entitlementtemplate_Appointments" />
  <EntityRelationship Name="entitlementtemplate_Emails" />
  <EntityRelationship Name="entitlementtemplate_PhoneCalls" />
  <EntityRelationship Name="entitlementtemplate_Tasks" />
  <EntityRelationship Name="equipment_connections1" />
  <EntityRelationship Name="equipment_connections2" />
  <EntityRelationship Name="fax_connections1" />
  <EntityRelationship Name="fax_connections2" />
  <EntityRelationship Name="gap_powerbioptionsetref_AsyncOperations" />
  <EntityRelationship Name="gap_powerbioptionsetref_BulkDeleteFailures" />
  <EntityRelationship Name="gap_powerbioptionsetref_PrincipalObjectAttributeAccesses" />
  <EntityRelationship Name="gap_powerbioptionsetref_ProcessSession" />
  <EntityRelationship Name="gap_powerbioptionsetref_UserEntityInstanceDatas" />
  <EntityRelationship Name="goal_connections1" />
  <EntityRelationship Name="goal_connections2" />
  <EntityRelationship Name="Incident_ActivityPointers" />
  <EntityRelationship Name="Incident_Appointments" />
  <EntityRelationship Name="incident_connections1" />
  <EntityRelationship Name="incident_connections2" />
  <EntityRelationship Name="Incident_Emails" />
  <EntityRelationship Name="Incident_Phonecalls" />
  <EntityRelationship Name="Incident_Tasks" />
  <EntityRelationship Name="Invoice_ActivityPointers" />
  <EntityRelationship Name="Invoice_Appointments" />
  <EntityRelationship Name="invoice_connections1" />
  <EntityRelationship Name="invoice_connections2" />
  <EntityRelationship Name="Invoice_Emails" />
  <EntityRelationship Name="Invoice_Phonecalls" />
  <EntityRelationship Name="Invoice_Tasks" />
  <EntityRelationship Name="Lead_ActivityPointers" />
  <EntityRelationship Name="Lead_Appointments" />
  <EntityRelationship Name="lead_connections1" />
  <EntityRelationship Name="lead_connections2" />
  <EntityRelationship Name="Lead_Emails" />
  <EntityRelationship Name="Lead_Phonecalls" />
  <EntityRelationship Name="Lead_Tasks" />
  <EntityRelationship Name="letter_connections1" />
  <EntityRelationship Name="letter_connections2" />
  <EntityRelationship Name="list_connections1" />
  <EntityRelationship Name="list_connections2" />
  <EntityRelationship Name="lk_gap_powerbioptionsetref_createdby" />
  <EntityRelationship Name="lk_gap_powerbioptionsetref_modifiedby" />
  <EntityRelationship Name="lk_msdyn_postalbum_createdby" />
  <EntityRelationship Name="lk_msdyn_postalbum_modifiedby" />
  <EntityRelationship Name="lk_msdyn_postconfig_createdby" />
  <EntityRelationship Name="lk_msdyn_postconfig_modifiedby" />
  <EntityRelationship Name="lk_msdyn_postruleconfig_createdby" />
  <EntityRelationship Name="lk_msdyn_postruleconfig_modifiedby" />
  <EntityRelationship Name="lk_msdyn_wallsavedquery_createdby" />
  <EntityRelationship Name="lk_msdyn_wallsavedquery_modifiedby" />
  <EntityRelationship Name="lk_msdyn_wallsavedqueryusersettings_createdby" />
  <EntityRelationship Name="lk_msdyn_wallsavedqueryusersettings_modifiedby" />
  <EntityRelationship Name="lk_rbsm_businessbenefit_createdby" />
  <EntityRelationship Name="lk_rbsm_businessbenefit_modifiedby" />
  <EntityRelationship Name="lk_rbsm_ceoactivity_createdby" />
  <EntityRelationship Name="lk_rbsm_ceoactivity_modifiedby" />
  <EntityRelationship Name="lk_rbsm_ceoactivitycontact_createdby" />
  <EntityRelationship Name="lk_rbsm_ceoactivitycontact_modifiedby" />
  <EntityRelationship Name="lk_rbsm_customerceoactivityconnection_createdby" />
  <EntityRelationship Name="lk_rbsm_customerceoactivityconnection_modifiedby" />
  <EntityRelationship Name="lk_rbsm_opportunitypackage_createdby" />
  <EntityRelationship Name="lk_rbsm_opportunitypackage_modifiedby" />
  <EntityRelationship Name="lk_rbsm_opportunityservicecatalogconnection_createdby" />
  <EntityRelationship Name="lk_rbsm_opportunityservicecatalogconnection_modifiedby" />
  <EntityRelationship Name="lk_rbsm_productmetrics_createdby" />
  <EntityRelationship Name="lk_rbsm_productmetrics_modifiedby" />
  <EntityRelationship Name="lk_rbsm_productservicescatalog_createdby" />
  <EntityRelationship Name="lk_rbsm_productservicescatalog_modifiedby" />
  <EntityRelationship Name="lk_rbsm_programme_createdby" />
  <EntityRelationship Name="lk_rbsm_programme_modifiedby" />
  <EntityRelationship Name="lk_rbsm_project_createdby" />
  <EntityRelationship Name="lk_rbsm_project_modifiedby" />
  <EntityRelationship Name="lk_rbsm_raidlog_createdby" />
  <EntityRelationship Name="lk_rbsm_raidlog_modifiedby" />
  <EntityRelationship Name="lk_rbsm_rbspriority_createdby" />
  <EntityRelationship Name="lk_rbsm_rbspriority_modifiedby" />
  <EntityRelationship Name="lk_rbsm_resourcestrategy_createdby" />
  <EntityRelationship Name="lk_rbsm_resourcestrategy_modifiedby" />
  <EntityRelationship Name="msdyn_postalbum_ActivityPointers" />
  <EntityRelationship Name="msdyn_postalbum_Appointments" />
  <EntityRelationship Name="msdyn_postalbum_connections1" />
  <EntityRelationship Name="msdyn_postalbum_connections2" />
  <EntityRelationship Name="msdyn_postalbum_Emails" />
  <EntityRelationship Name="msdyn_postalbum_PhoneCalls" />
  <EntityRelationship Name="msdyn_postalbum_Tasks" />
  <EntityRelationship Name="msdyn_systemuser_wallsavedqueryusersettings_userid" />
  <EntityRelationship Name="Opportunity_ActivityPointers" />
  <EntityRelationship Name="Opportunity_Annotation" />
  <EntityRelationship Name="Opportunity_Appointments" />
  <EntityRelationship Name="Opportunity_AsyncOperations" />
  <EntityRelationship Name="Opportunity_BulkDeleteFailures" />
  <EntityRelationship Name="opportunity_connections1" />
  <EntityRelationship Name="opportunity_connections2" />
  <EntityRelationship Name="opportunity_customer_accounts" />
  <EntityRelationship Name="opportunity_customer_contacts" />
  <EntityRelationship Name="Opportunity_DuplicateBaseRecord" />
  <EntityRelationship Name="Opportunity_DuplicateMatchingRecord" />
  <EntityRelationship Name="Opportunity_Emails" />
  <EntityRelationship Name="Opportunity_Faxes" />
  <EntityRelationship Name="Opportunity_Letters" />
  <EntityRelationship Name="opportunity_parent_account" />
  <EntityRelationship Name="opportunity_parent_contact" />
  <EntityRelationship Name="Opportunity_Phonecalls" />
  <EntityRelationship Name="opportunity_principalobjectattributeaccess" />
  <EntityRelationship Name="Opportunity_ProcessSessions" />
  <EntityRelationship Name="Opportunity_RecurringAppointmentMasters" />
  <EntityRelationship Name="Opportunity_ServiceAppointments" />
  <EntityRelationship Name="Opportunity_SocialActivities" />
  <EntityRelationship Name="Opportunity_Tasks" />
  <EntityRelationship Name="OpportunityClose_Annotation" />
  <EntityRelationship Name="OpportunityClose_AsyncOperations" />
  <EntityRelationship Name="OpportunityClose_BulkDeleteFailures" />
  <EntityRelationship Name="organization_gap_powerbioptionsetref" />
  <EntityRelationship Name="owner_rbsm_businessbenefit" />
  <EntityRelationship Name="owner_rbsm_ceoactivity" />
  <EntityRelationship Name="owner_rbsm_ceoactivitycontact" />
  <EntityRelationship Name="owner_rbsm_customerceoactivityconnection" />
  <EntityRelationship Name="owner_rbsm_opportunitypackage" />
  <EntityRelationship Name="owner_rbsm_opportunityservicecatalogconnection" />
  <EntityRelationship Name="owner_rbsm_productmetrics" />
  <EntityRelationship Name="owner_rbsm_productservicescatalog" />
  <EntityRelationship Name="owner_rbsm_programme" />
  <EntityRelationship Name="owner_rbsm_project" />
  <EntityRelationship Name="owner_rbsm_raidlog" />
  <EntityRelationship Name="owner_rbsm_rbspriority" />
  <EntityRelationship Name="owner_rbsm_resourcestrategy" />
  <EntityRelationship Name="PhoneCall_Annotation" />
  <EntityRelationship Name="PhoneCall_AsyncOperations" />
  <EntityRelationship Name="PhoneCall_BulkDeleteFailures" />
  <EntityRelationship Name="phonecall_connections1" />
  <EntityRelationship Name="phonecall_connections2" />
  <EntityRelationship Name="PhoneCall_DuplicateBaseRecord" />
  <EntityRelationship Name="PhoneCall_DuplicateMatchingRecord" />
  <EntityRelationship Name="phonecall_principalobjectattributeaccess" />
  <EntityRelationship Name="PhoneCall_ProcessSessions" />
  <EntityRelationship Name="processsession_connections1" />
  <EntityRelationship Name="processsession_connections2" />
  <EntityRelationship Name="Product_Annotation" />
  <EntityRelationship Name="Product_AsyncOperations" />
  <EntityRelationship Name="Product_BulkDeleteFailures" />
  <EntityRelationship Name="product_principalobjectattributeaccess" />
  <EntityRelationship Name="Product_ProcessSessions" />
  <EntityRelationship Name="Queue_AsyncOperations" />
  <EntityRelationship Name="Queue_BulkDeleteFailures" />
  <EntityRelationship Name="queue_principalobjectattributeaccess" />
  <EntityRelationship Name="Queue_ProcessSessions" />
  <EntityRelationship Name="Quote_ActivityPointers" />
  <EntityRelationship Name="Quote_Appointments" />
  <EntityRelationship Name="quote_connections1" />
  <EntityRelationship Name="quote_connections2" />
  <EntityRelationship Name="Quote_Emails" />
  <EntityRelationship Name="Quote_Phonecalls" />
  <EntityRelationship Name="Quote_Tasks" />
  <EntityRelationship Name="rbsm_account_programme_BusinessArea" />
  <EntityRelationship Name="rbsm_account_rbsm_customerceoactivityconnection_Customer" />
  <EntityRelationship Name="rbsm_businessbenefit_AsyncOperations" />
  <EntityRelationship Name="rbsm_businessbenefit_BulkDeleteFailures" />
  <EntityRelationship Name="rbsm_businessbenefit_DuplicateBaseRecord" />
  <EntityRelationship Name="rbsm_businessbenefit_DuplicateMatchingRecord" />
  <EntityRelationship Name="rbsm_businessbenefit_PrincipalObjectAttributeAccesses" />
  <EntityRelationship Name="rbsm_businessbenefit_ProcessSession" />
  <EntityRelationship Name="rbsm_businessbenefit_UserEntityInstanceDatas" />
  <EntityRelationship Name="rbsm_ceoactivity_ActivityPointers" />
  <EntityRelationship Name="rbsm_ceoactivity_Annotations" />
  <EntityRelationship Name="rbsm_ceoactivity_Appointments" />
  <EntityRelationship Name="rbsm_ceoactivity_AsyncOperations" />
  <EntityRelationship Name="rbsm_ceoactivity_BulkDeleteFailures" />
  <EntityRelationship Name="rbsm_ceoactivity_ceoactivitycontact" />
  <EntityRelationship Name="rbsm_ceoactivity_connections1" />
  <EntityRelationship Name="rbsm_ceoactivity_connections2" />
  <EntityRelationship Name="rbsm_ceoactivity_DuplicateBaseRecord" />
  <EntityRelationship Name="rbsm_ceoactivity_DuplicateMatchingRecord" />
  <EntityRelationship Name="rbsm_ceoactivity_Emails" />
  <EntityRelationship Name="rbsm_ceoactivity_Faxes" />
  <EntityRelationship Name="rbsm_ceoactivity_Letters" />
  <EntityRelationship Name="rbsm_ceoactivity_PhoneCalls" />
  <EntityRelationship Name="rbsm_ceoactivity_PrincipalObjectAttributeAccesses" />
  <EntityRelationship Name="rbsm_ceoactivity_ProcessSession" />
  <EntityRelationship Name="rbsm_ceoactivity_RecurringAppointmentMasters" />
  <EntityRelationship Name="rbsm_ceoactivity_ServiceAppointments" />
  <EntityRelationship Name="rbsm_ceoactivity_SocialActivities" />
  <EntityRelationship Name="rbsm_ceoactivity_Tasks" />
  <EntityRelationship Name="rbsm_ceoactivity_UserEntityInstanceDatas" />
  <EntityRelationship Name="rbsm_ceoactivitycontact_AsyncOperations" />
  <EntityRelationship Name="rbsm_ceoactivitycontact_BulkDeleteFailures" />
  <EntityRelationship Name="rbsm_ceoactivitycontact_DuplicateBaseRecord" />
  <EntityRelationship Name="rbsm_ceoactivitycontact_DuplicateMatchingRecord" />
  <EntityRelationship Name="rbsm_ceoactivitycontact_PrincipalObjectAttributeAccesses" />
  <EntityRelationship Name="rbsm_ceoactivitycontact_ProcessSession" />
  <EntityRelationship Name="rbsm_ceoactivitycontact_UserEntityInstanceDatas" />
  <EntityRelationship Name="rbsm_contact_ceoactivitycontact" />
  <EntityRelationship Name="rbsm_contact_opportunity_BudgetHolder" />
  <EntityRelationship Name="rbsm_contact_opportunity_BusinessSponsor" />
  <EntityRelationship Name="rbsm_contact_opportunitypackage" />
  <EntityRelationship Name="rbsm_customerceoactivityconnection_AsyncOperations" />
  <EntityRelationship Name="rbsm_customerceoactivityconnection_BulkDeleteFailures" />
  <EntityRelationship Name="rbsm_customerceoactivityconnection_DuplicateBaseRecord" />
  <EntityRelationship Name="rbsm_customerceoactivityconnection_DuplicateMatchingRecord" />
  <EntityRelationship Name="rbsm_customerceoactivityconnection_PrincipalObjectAttributeAccesses" />
  <EntityRelationship Name="rbsm_customerceoactivityconnection_ProcessSession" />
  <EntityRelationship Name="rbsm_customerceoactivityconnection_UserEntityInstanceDatas" />
  <EntityRelationship Name="rbsm_deslead_opportunitypackage" />
  <EntityRelationship Name="rbsm_opportunity_businessbenefit" />
  <EntityRelationship Name="rbsm_opportunity_rbsm_raidlog" />
  <EntityRelationship Name="rbsm_opportunity_rbspriority" />
  <EntityRelationship Name="rbsm_opportunity_resourcestrategy" />
  <EntityRelationship Name="rbsm_opportunity_servicecatalogconnection" />
  <EntityRelationship Name="rbsm_opportunitypackage_AsyncOperations" />
  <EntityRelationship Name="rbsm_opportunitypackage_BulkDeleteFailures" />
  <EntityRelationship Name="rbsm_opportunitypackage_DuplicateBaseRecord" />
  <EntityRelationship Name="rbsm_opportunitypackage_DuplicateMatchingRecord" />
  <EntityRelationship Name="rbsm_opportunitypackage_opportunity" />
  <EntityRelationship Name="rbsm_opportunitypackage_PrincipalObjectAttributeAccesses" />
  <EntityRelationship Name="rbsm_opportunitypackage_ProcessSession" />
  <EntityRelationship Name="rbsm_opportunitypackage_UserEntityInstanceDatas" />
  <EntityRelationship Name="rbsm_opportunityservicecatalogconnection_AsyncOperations" />
  <EntityRelationship Name="rbsm_opportunityservicecatalogconnection_BulkDeleteFailures" />
  <EntityRelationship Name="rbsm_opportunityservicecatalogconnection_DuplicateBaseRecord" />
  <EntityRelationship Name="rbsm_opportunityservicecatalogconnection_DuplicateMatchingRecord" />
  <EntityRelationship Name="rbsm_opportunityservicecatalogconnection_PrincipalObjectAttributeAccesses" />
  <EntityRelationship Name="rbsm_opportunityservicecatalogconnection_ProcessSession" />
  <EntityRelationship Name="rbsm_opportunityservicecatalogconnection_UserEntityInstanceDatas" />
  <EntityRelationship Name="rbsm_productmetrics_AsyncOperations" />
  <EntityRelationship Name="rbsm_productmetrics_BulkDeleteFailures" />
  <EntityRelationship Name="rbsm_productmetrics_DuplicateBaseRecord" />
  <EntityRelationship Name="rbsm_productmetrics_DuplicateMatchingRecord" />
  <EntityRelationship Name="rbsm_productmetrics_PrincipalObjectAttributeAccesses" />
  <EntityRelationship Name="rbsm_productmetrics_ProcessSession" />
  <EntityRelationship Name="rbsm_productmetrics_UserEntityInstanceDatas" />
  <EntityRelationship Name="rbsm_productservicescatalog_AsyncOperations" />
  <EntityRelationship Name="rbsm_productservicescatalog_BulkDeleteFailures" />
  <EntityRelationship Name="rbsm_productservicescatalog_DuplicateBaseRecord" />
  <EntityRelationship Name="rbsm_productservicescatalog_DuplicateMatchingRecord" />
  <EntityRelationship Name="rbsm_productservicescatalog_opportunityservicecatalogconnection" />
  <EntityRelationship Name="rbsm_productservicescatalog_PrincipalObjectAttributeAccesses" />
  <EntityRelationship Name="rbsm_productservicescatalog_ProcessSession" />
  <EntityRelationship Name="rbsm_productservicescatalog_UserEntityInstanceDatas" />
  <EntityRelationship Name="rbsm_programme_ActivityPointers" />
  <EntityRelationship Name="rbsm_programme_Annotations" />
  <EntityRelationship Name="rbsm_programme_Appointments" />
  <EntityRelationship Name="rbsm_programme_AsyncOperations" />
  <EntityRelationship Name="rbsm_programme_BulkDeleteFailures" />
  <EntityRelationship Name="rbsm_programme_DuplicateBaseRecord" />
  <EntityRelationship Name="rbsm_programme_DuplicateMatchingRecord" />
  <EntityRelationship Name="rbsm_programme_Emails" />
  <EntityRelationship Name="rbsm_programme_Faxes" />
  <EntityRelationship Name="rbsm_programme_Letters" />
  <EntityRelationship Name="rbsm_programme_opportunity" />
  <EntityRelationship Name="rbsm_programme_PhoneCalls" />
  <EntityRelationship Name="rbsm_programme_PrincipalObjectAttributeAccesses" />
  <EntityRelationship Name="rbsm_programme_ProcessSession" />
  <EntityRelationship Name="rbsm_programme_RecurringAppointmentMasters" />
  <EntityRelationship Name="rbsm_programme_ServiceAppointments" />
  <EntityRelationship Name="rbsm_programme_SocialActivities" />
  <EntityRelationship Name="rbsm_programme_Tasks" />
  <EntityRelationship Name="rbsm_programme_UserEntityInstanceDatas" />
  <EntityRelationship Name="rbsm_project_ActivityPointers" />
  <EntityRelationship Name="rbsm_project_Annotations" />
  <EntityRelationship Name="rbsm_project_Appointments" />
  <EntityRelationship Name="rbsm_project_AsyncOperations" />
  <EntityRelationship Name="rbsm_project_BulkDeleteFailures" />
  <EntityRelationship Name="rbsm_project_DuplicateBaseRecord" />
  <EntityRelationship Name="rbsm_project_DuplicateMatchingRecord" />
  <EntityRelationship Name="rbsm_project_Emails" />
  <EntityRelationship Name="rbsm_project_Faxes" />
  <EntityRelationship Name="rbsm_project_Letters" />
  <EntityRelationship Name="rbsm_project_PhoneCalls" />
  <EntityRelationship Name="rbsm_project_PrincipalObjectAttributeAccesses" />
  <EntityRelationship Name="rbsm_project_ProcessSession" />
  <EntityRelationship Name="rbsm_project_RecurringAppointmentMasters" />
  <EntityRelationship Name="rbsm_project_ServiceAppointments" />
  <EntityRelationship Name="rbsm_project_SocialActivities" />
  <EntityRelationship Name="rbsm_project_Tasks" />
  <EntityRelationship Name="rbsm_project_UserEntityInstanceDatas" />
  <EntityRelationship Name="rbsm_queue_rbsm_productservicescatalog_NotificationQueue" />
  <EntityRelationship Name="rbsm_raidlog_ActivityPointers" />
  <EntityRelationship Name="rbsm_raidlog_Annotations" />
  <EntityRelationship Name="rbsm_raidlog_Appointments" />
  <EntityRelationship Name="rbsm_raidlog_AsyncOperations" />
  <EntityRelationship Name="rbsm_raidlog_BulkDeleteFailures" />
  <EntityRelationship Name="rbsm_raidlog_connections1" />
  <EntityRelationship Name="rbsm_raidlog_connections2" />
  <EntityRelationship Name="rbsm_raidlog_DuplicateBaseRecord" />
  <EntityRelationship Name="rbsm_raidlog_DuplicateMatchingRecord" />
  <EntityRelationship Name="rbsm_raidlog_Emails" />
  <EntityRelationship Name="rbsm_raidlog_Faxes" />
  <EntityRelationship Name="rbsm_raidlog_Letters" />
  <EntityRelationship Name="rbsm_raidlog_PhoneCalls" />
  <EntityRelationship Name="rbsm_raidlog_PrincipalObjectAttributeAccesses" />
  <EntityRelationship Name="rbsm_raidlog_ProcessSession" />
  <EntityRelationship Name="rbsm_raidlog_RecurringAppointmentMasters" />
  <EntityRelationship Name="rbsm_raidlog_ServiceAppointments" />
  <EntityRelationship Name="rbsm_raidlog_SocialActivities" />
  <EntityRelationship Name="rbsm_raidlog_Tasks" />
  <EntityRelationship Name="rbsm_raidlog_UserEntityInstanceDatas" />
  <EntityRelationship Name="rbsm_rbsm_ceoactivity_rbsm_customerceoactivityconnection_CEOActivity" />
  <EntityRelationship Name="rbsm_rbsm_programme_rbsm_project" />
  <EntityRelationship Name="rbsm_rbsm_project_opportunity" />
  <EntityRelationship Name="rbsm_rbspriority_AsyncOperations" />
  <EntityRelationship Name="rbsm_rbspriority_BulkDeleteFailures" />
  <EntityRelationship Name="rbsm_rbspriority_DuplicateBaseRecord" />
  <EntityRelationship Name="rbsm_rbspriority_DuplicateMatchingRecord" />
  <EntityRelationship Name="rbsm_rbspriority_PrincipalObjectAttributeAccesses" />
  <EntityRelationship Name="rbsm_rbspriority_ProcessSession" />
  <EntityRelationship Name="rbsm_rbspriority_UserEntityInstanceDatas" />
  <EntityRelationship Name="rbsm_resourcestrategy_AsyncOperations" />
  <EntityRelationship Name="rbsm_resourcestrategy_BulkDeleteFailures" />
  <EntityRelationship Name="rbsm_resourcestrategy_DuplicateBaseRecord" />
  <EntityRelationship Name="rbsm_resourcestrategy_DuplicateMatchingRecord" />
  <EntityRelationship Name="rbsm_resourcestrategy_PrincipalObjectAttributeAccesses" />
  <EntityRelationship Name="rbsm_resourcestrategy_ProcessSession" />
  <EntityRelationship Name="rbsm_resourcestrategy_UserEntityInstanceDatas" />
  <EntityRelationship Name="rbsm_systemuser_ceoactivity" />
  <EntityRelationship Name="recurringappointmentmaster_connections1" />
  <EntityRelationship Name="recurringappointmentmaster_connections2" />
  <EntityRelationship Name="resourcegroup_connections1" />
  <EntityRelationship Name="resourcegroup_connections2" />
  <EntityRelationship Name="SalesOrder_ActivityPointers" />
  <EntityRelationship Name="SalesOrder_Appointments" />
  <EntityRelationship Name="salesorder_connections1" />
  <EntityRelationship Name="salesorder_connections2" />
  <EntityRelationship Name="SalesOrder_Emails" />
  <EntityRelationship Name="SalesOrder_Phonecalls" />
  <EntityRelationship Name="SalesOrder_Tasks" />
  <EntityRelationship Name="serviceappointment_connections1" />
  <EntityRelationship Name="serviceappointment_connections2" />
  <EntityRelationship Name="socialactivity_connections1" />
  <EntityRelationship Name="socialactivity_connections2" />
  <EntityRelationship Name="socialprofile_connections1" />
  <EntityRelationship Name="socialprofile_connections2" />
  <EntityRelationship Name="SystemUser_AsyncOperations" />
  <EntityRelationship Name="SystemUser_BulkDeleteFailures" />
  <EntityRelationship Name="systemuser_connections1" />
  <EntityRelationship Name="systemuser_connections2" />
  <EntityRelationship Name="systemuser_principalobjectattributeaccess" />
  <EntityRelationship Name="SystemUser_ProcessSessions" />
  <EntityRelationship Name="Task_Annotation" />
  <EntityRelationship Name="Task_AsyncOperations" />
  <EntityRelationship Name="Task_BulkDeleteFailures" />
  <EntityRelationship Name="task_connections1" />
  <EntityRelationship Name="task_connections2" />
  <EntityRelationship Name="Task_DuplicateBaseRecord" />
  <EntityRelationship Name="Task_DuplicateMatchingRecord" />
  <EntityRelationship Name="task_principalobjectattributeaccess" />
  <EntityRelationship Name="Task_ProcessSessions" />
  <EntityRelationship Name="team_connections1" />
  <EntityRelationship Name="team_connections2" />
  <EntityRelationship Name="team_rbsm_businessbenefit" />
  <EntityRelationship Name="team_rbsm_ceoactivity" />
  <EntityRelationship Name="team_rbsm_ceoactivitycontact" />
  <EntityRelationship Name="team_rbsm_customerceoactivityconnection" />
  <EntityRelationship Name="team_rbsm_opportunitypackage" />
  <EntityRelationship Name="team_rbsm_opportunityservicecatalogconnection" />
  <EntityRelationship Name="team_rbsm_productmetrics" />
  <EntityRelationship Name="team_rbsm_productservicescatalog" />
  <EntityRelationship Name="team_rbsm_programme" />
  <EntityRelationship Name="team_rbsm_project" />
  <EntityRelationship Name="team_rbsm_raidlog" />
  <EntityRelationship Name="team_rbsm_rbspriority" />
  <EntityRelationship Name="team_rbsm_resourcestrategy" />
  <EntityRelationship Name="user_msdyn_postalbum" />
  <EntityRelationship Name="user_msdyn_wallsavedqueryusersettings" />
  <EntityRelationship Name="user_rbsm_businessbenefit" />
  <EntityRelationship Name="user_rbsm_ceoactivity" />
  <EntityRelationship Name="user_rbsm_ceoactivitycontact" />
  <EntityRelationship Name="user_rbsm_customerceoactivityconnection" />
  <EntityRelationship Name="user_rbsm_opportunitypackage" />
  <EntityRelationship Name="user_rbsm_opportunityservicecatalogconnection" />
  <EntityRelationship Name="user_rbsm_productmetrics" />
  <EntityRelationship Name="user_rbsm_productservicescatalog" />
  <EntityRelationship Name="user_rbsm_programme" />
  <EntityRelationship Name="user_rbsm_project" />
  <EntityRelationship Name="user_rbsm_raidlog" />
  <EntityRelationship Name="user_rbsm_rbspriority" />
  <EntityRelationship Name="user_rbsm_resourcestrategy" />
  <EntityRelationship Name="userentityinstancedata_account" />
  <EntityRelationship Name="userentityinstancedata_appointment" />
  <EntityRelationship Name="userentityinstancedata_connection" />
  <EntityRelationship Name="userentityinstancedata_contact" />
  <EntityRelationship Name="userentityinstancedata_email" />
  <EntityRelationship Name="userentityinstancedata_opportunity" />
  <EntityRelationship Name="userentityinstancedata_opportunityclose" />
  <EntityRelationship Name="userentityinstancedata_phonecall" />
  <EntityRelationship Name="userentityinstancedata_product" />
  <EntityRelationship Name="userentityinstancedata_queue" />
  <EntityRelationship Name="userentityinstancedata_systemuser" />
  <EntityRelationship Name="userentityinstancedata_task" />
</EntityRelationships>