﻿<?xml version="1.0" encoding="utf-8"?>
<ImportExportXml version="6.1.0003.0119" SolutionPackageVersion="6.1" languagecode="1033" generatedBy="OnPremise" xmlns:xsi="http://www.w3.org/2001/XMLSchema-instance">
  <SolutionManifest>
    <UniqueName>DES</UniqueName>
    <LocalizedNames>
      <LocalizedName description="DES" languagecode="1033" />
    </LocalizedNames>
    <Descriptions />
    <Version>1.0.1.0</Version>
    <Managed>0</Managed>
    <Publisher>
      <UniqueName>rbsmarkets</UniqueName>
      <LocalizedNames>
        <LocalizedName description="RBS Markets" languagecode="1033" />
      </LocalizedNames>
      <Descriptions>
        <Description description="Publisher used for solution customization" languagecode="1033" />
      </Descriptions>
      <EMailAddress xsi:nil="true"></EMailAddress>
      <SupportingWebsiteUrl xsi:nil="true"></SupportingWebsiteUrl>
      <CustomizationPrefix>rbsm</CustomizationPrefix>
      <CustomizationOptionValuePrefix>33734</CustomizationOptionValuePrefix>
      <Addresses>
        <Address>
          <AddressNumber>1</AddressNumber>
          <AddressTypeCode>1</AddressTypeCode>
          <City xsi:nil="true"></City>
          <County xsi:nil="true"></County>
          <Country xsi:nil="true"></Country>
          <Fax xsi:nil="true"></Fax>
          <FreightTermsCode xsi:nil="true"></FreightTermsCode>
          <ImportSequenceNumber xsi:nil="true"></ImportSequenceNumber>
          <Latitude xsi:nil="true"></Latitude>
          <Line1 xsi:nil="true"></Line1>
          <Line2 xsi:nil="true"></Line2>
          <Line3 xsi:nil="true"></Line3>
          <Longitude xsi:nil="true"></Longitude>
          <Name xsi:nil="true"></Name>
          <PostalCode xsi:nil="true"></PostalCode>
          <PostOfficeBox xsi:nil="true"></PostOfficeBox>
          <PrimaryContactName xsi:nil="true"></PrimaryContactName>
          <ShippingMethodCode>1</ShippingMethodCode>
          <StateOrProvince xsi:nil="true"></StateOrProvince>
          <Telephone1 xsi:nil="true"></Telephone1>
          <Telephone2 xsi:nil="true"></Telephone2>
          <Telephone3 xsi:nil="true"></Telephone3>
          <TimeZoneRuleVersionNumber xsi:nil="true"></TimeZoneRuleVersionNumber>
          <UPSZone xsi:nil="true"></UPSZone>
          <UTCOffset xsi:nil="true"></UTCOffset>
          <UTCConversionTimeZoneCode xsi:nil="true"></UTCConversionTimeZoneCode>
        </Address>
        <Address>
          <AddressNumber>2</AddressNumber>
          <AddressTypeCode>1</AddressTypeCode>
          <City xsi:nil="true"></City>
          <County xsi:nil="true"></County>
          <Country xsi:nil="true"></Country>
          <Fax xsi:nil="true"></Fax>
          <FreightTermsCode xsi:nil="true"></FreightTermsCode>
          <ImportSequenceNumber xsi:nil="true"></ImportSequenceNumber>
          <Latitude xsi:nil="true"></Latitude>
          <Line1 xsi:nil="true"></Line1>
          <Line2 xsi:nil="true"></Line2>
          <Line3 xsi:nil="true"></Line3>
          <Longitude xsi:nil="true"></Longitude>
          <Name xsi:nil="true"></Name>
          <PostalCode xsi:nil="true"></PostalCode>
          <PostOfficeBox xsi:nil="true"></PostOfficeBox>
          <PrimaryContactName xsi:nil="true"></PrimaryContactName>
          <ShippingMethodCode>1</ShippingMethodCode>
          <StateOrProvince xsi:nil="true"></StateOrProvince>
          <Telephone1 xsi:nil="true"></Telephone1>
          <Telephone2 xsi:nil="true"></Telephone2>
          <Telephone3 xsi:nil="true"></Telephone3>
          <TimeZoneRuleVersionNumber xsi:nil="true"></TimeZoneRuleVersionNumber>
          <UPSZone xsi:nil="true"></UPSZone>
          <UTCOffset xsi:nil="true"></UTCOffset>
          <UTCConversionTimeZoneCode xsi:nil="true"></UTCConversionTimeZoneCode>
        </Address>
      </Addresses>
    </Publisher>
    <RootComponents>
      <RootComponent type="1" schemaName="account" />
      <RootComponent type="1" schemaName="activitypointer" />
      <RootComponent type="1" schemaName="appointment" />
      <RootComponent type="1" schemaName="connection" />
      <RootComponent type="1" schemaName="contact" />
      <RootComponent type="1" schemaName="email" />
      <RootComponent type="1" schemaName="gap_powerbioptionsetref" />
      <RootComponent type="1" schemaName="opportunity" />
      <RootComponent type="1" schemaName="opportunityclose" />
      <RootComponent type="1" schemaName="phonecall" />
      <RootComponent type="1" schemaName="product" />
      <RootComponent type="1" schemaName="queue" />
      <RootComponent type="1" schemaName="rbsm_businessbenefit" />
      <RootComponent type="1" schemaName="rbsm_ceoactivity" />
      <RootComponent type="1" schemaName="rbsm_ceoactivitycontact" />
      <RootComponent type="1" schemaName="rbsm_customerceoactivityconnection" />
      <RootComponent type="1" schemaName="rbsm_opportunitypackage" />
      <RootComponent type="1" schemaName="rbsm_opportunityservicecatalogconnection" />
      <RootComponent type="1" schemaName="rbsm_productmetrics" />
      <RootComponent type="1" schemaName="rbsm_productservicescatalog" />
      <RootComponent type="1" schemaName="rbsm_programme" />
      <RootComponent type="1" schemaName="rbsm_project" />
      <RootComponent type="1" schemaName="rbsm_raidlog" />
      <RootComponent type="1" schemaName="rbsm_rbspriority" />
      <RootComponent type="1" schemaName="rbsm_resourcestrategy" />
      <RootComponent type="1" schemaName="systemuser" />
      <RootComponent type="1" schemaName="task" />
      <RootComponent type="9" schemaName="processstage_category" />
      <RootComponent type="9" schemaName="rbsm_applicationclassification" />
      <RootComponent type="9" schemaName="rbsm_businessbenefitlist" />
      <RootComponent type="9" schemaName="rbsm_desproduct" />
      <RootComponent type="9" schemaName="rbsm_desresourcelocation" />
      <RootComponent type="9" schemaName="rbsm_desresourcingchannel" />
      <RootComponent type="9" schemaName="rbsm_desservice" />
      <RootComponent type="9" schemaName="rbsm_engagementeffort" />
      <RootComponent type="9" schemaName="rbsm_excocategory" />
      <RootComponent type="9" schemaName="rbsm_financialyear" />
      <RootComponent type="9" schemaName="rbsm_franchise" />
      <RootComponent type="9" schemaName="rbsm_investmentprogrammecategory" />
      <RootComponent type="9" schemaName="rbsm_investmentprogrammediscsubcategory" />
      <RootComponent type="9" schemaName="rbsm_investmentprogrammesubcategory" />
      <RootComponent type="9" schemaName="rbsm_investmentprogrammetier" />
      <RootComponent type="9" schemaName="rbsm_raidimpact" />
      <RootComponent type="9" schemaName="rbsm_raidlikelihood" />
      <RootComponent type="9" schemaName="rbsm_raidtype" />
      <RootComponent type="9" schemaName="rbsm_rbspriority" />
      <RootComponent type="9" schemaName="rbsm_rbsprioritysubcategory" />
      <RootComponent type="9" schemaName="rbsm_yesnoblank" />
      <RootComponent type="20" id="{0bd9794a-49d6-e511-969e-005056ae7883}" />
      <RootComponent type="20" id="{21204d7e-4797-e511-9f13-005056ae52c3}" />
      <RootComponent type="20" id="{dff5c507-5fcb-e511-bb31-005056ae52c3}" />
      <RootComponent type="29" id="{0e7d6a60-ea92-4576-893f-32bd43095e28}" />
      <RootComponent type="29" id="{1862e564-c3be-47a7-9966-69580751840a}" />
      <RootComponent type="29" id="{1c0c9cb0-ec14-4297-8fe5-b987704d5b0f}" />
      <RootComponent type="29" id="{1f3d67a6-1294-4e6d-8a2e-eeb27a537116}" />
      <RootComponent type="29" id="{2d353c86-3dae-46a6-af83-9b7a3e7e5915}" />
      <RootComponent type="29" id="{3e8ebee6-a2bc-4451-9c5f-b146b085413a}" />
      <RootComponent type="29" id="{5bae5b82-79c2-449c-b102-48ba72da3956}" />
      <RootComponent type="29" id="{69b3a88b-beaa-42b5-9a87-2c57eb499a51}" />
      <RootComponent type="29" id="{6d6a0902-ce1f-4a60-9b6f-c90179de49ae}" />
      <RootComponent type="29" id="{b3e18c0b-9728-4d43-99d1-19f287114cfb}" />
      <RootComponent type="29" id="{ce370f2d-c7ad-42e1-80be-c1becd78a257}" />
      <RootComponent type="29" id="{d09d8724-6a43-4adb-a6d3-a7200eff34a4}" />
      <RootComponent type="29" id="{d71b8002-3482-4d04-a8d9-3eb28d2c3231}" />
      <RootComponent type="29" id="{ded2534c-d42a-4c3c-8966-1e1d4ad9faac}" />
      <RootComponent type="29" id="{f37c4c22-255e-4000-8385-059b094553f6}" />
      <RootComponent type="60" id="{065c8837-0cff-435d-af50-1ba8510d16cd}" />
      <RootComponent type="60" id="{0aa6dc6a-07d4-e511-bb31-005056ae52c3}" />
      <RootComponent type="60" id="{193a12dc-5f02-e611-969e-005056ae7883}" />
      <RootComponent type="60" id="{1f637bf9-10dd-4aae-afb1-895f26fcffea}" />
      <RootComponent type="60" id="{445f2eed-2ed7-e511-969e-005056ae7883}" />
      <RootComponent type="60" id="{4ee2540c-061f-428d-90f4-256385050c08}" />
      <RootComponent type="60" id="{59a39c54-9f3f-e611-b560-005056ae52c3}" />
      <RootComponent type="60" id="{67c22ce8-1da0-e511-9f13-005056ae52c3}" />
      <RootComponent type="60" id="{695992cd-7efd-e511-969e-005056ae7883}" />
      <RootComponent type="60" id="{8ba908f9-5446-4eec-8906-f3e59bbae775}" />
      <RootComponent type="60" id="{94bd6d65-036b-4f19-8633-a6f89020212e}" />
      <RootComponent type="60" id="{9838d165-62f8-44c7-a80c-8e942817c412}" />
      <RootComponent type="60" id="{9d7653a0-7d8c-46c9-b1f1-4dd212868306}" />
      <RootComponent type="60" id="{aaf8471c-0abe-4ebf-87a4-e2b2f9a86aa4}" />
      <RootComponent type="60" id="{ab00b330-966f-45e6-8b46-16cf2c5ffa8a}" />
      <RootComponent type="60" id="{b071ae31-6002-e611-969e-005056ae7883}" />
      <RootComponent type="60" id="{b0c77bfe-cec5-e511-b886-005056ae52c3}" />
      <RootComponent type="60" id="{b4c9838e-c0c5-e511-b886-005056ae52c3}" />
      <RootComponent type="60" id="{b65329a8-6002-e611-969e-005056ae7883}" />
      <RootComponent type="60" id="{c1abfa2e-9ba7-4082-a838-dc7fae8676e2}" />
      <RootComponent type="60" id="{c399ee6c-95a3-40e0-8521-ed3ec0479f7c}" />
      <RootComponent type="60" id="{e34bc3b1-2f02-e611-969e-005056ae7883}" />
      <RootComponent type="60" id="{f25d263a-0cd4-e511-bb31-005056ae52c3}" />
      <RootComponent type="61" schemaName="rbsm_/app/app.js" />
      <RootComponent type="61" schemaName="rbsm_/app/assets/css/addNodeIcon.png" />
      <RootComponent type="61" schemaName="rbsm_/app/assets/css/backIcon.png" />
      <RootComponent type="61" schemaName="rbsm_/app/assets/css/connectIcon.png" />
      <RootComponent type="61" schemaName="rbsm_/app/assets/css/cross.png" />
      <RootComponent type="61" schemaName="rbsm_/app/assets/css/deleteIcon.png" />
      <RootComponent type="61" schemaName="rbsm_/app/assets/css/editIcon.png" />
      <RootComponent type="61" schemaName="rbsm_/app/assets/css/jit_base.css" />
      <RootComponent type="61" schemaName="rbsm_/app/assets/css/vis.css" />
      <RootComponent type="61" schemaName="rbsm_/app/assets/lib/angular.min.js" />
      <RootComponent type="61" schemaName="rbsm_/app/assets/lib/angular_resource.js" />
      <RootComponent type="61" schemaName="rbsm_/app/assets/lib/jit_yc.js" />
      <RootComponent type="61" schemaName="rbsm_/app/assets/lib/jquery_1.9.1.js" />
      <RootComponent type="61" schemaName="rbsm_/app/assets/lib/Sdk.Soap.min.js" />
      <RootComponent type="61" schemaName="rbsm_/app/assets/lib/vis.js" />
      <RootComponent type="61" schemaName="rbsm_/app/assets/lib/vis.min.js" />
      <RootComponent type="61" schemaName="rbsm_/app/components/crm/soap_service.js" />
      <RootComponent type="61" schemaName="rbsm_/app/components/jit/jit_module.js" />
      <RootComponent type="61" schemaName="rbsm_/app/components/vis/vis_module.js" />
      <RootComponent type="61" schemaName="rbsm_/app/components/widgets/connections.html" />
      <RootComponent type="61" schemaName="rbsm_/app/components/widgets/connections_controller.js" />
      <RootComponent type="61" schemaName="rbsm_/app/components/widgets/connections_fetch.xml" />
      <RootComponent type="61" schemaName="rbsm_/app/components/widgets/connections_service.js" />
      <RootComponent type="61" schemaName="rbsm_/app/components/widgets/controller.js" />
      <RootComponent type="61" schemaName="rbsm_/app/components/widgets/index.html" />
      <RootComponent type="61" schemaName="rbsm_/app/components/widgets/service.js" />
      <RootComponent type="61" schemaName="rbsm_/app/components/widgets/vistest.html" />
      <RootComponent type="61" schemaName="rbsm_/app/components/widgets/vistestiframe.html" />
      <RootComponent type="61" schemaName="rbsm_/Script/opportunity.js" />
      <RootComponent type="61" schemaName="rbsm_thiswontwork.js" />
      <RootComponent type="62" />
      <RootComponent type="91" schemaName="Rbs.Crm.DESCRM.Plugins, Version=1.0.0.0, Culture=neutral, PublicKeyToken=1bc638ad38631369" />
      <RootComponent type="91" schemaName="Rbs.Crm.DESCRM.Workflow, Version=1.0.0.0, Culture=neutral, PublicKeyToken=1bc638ad38631369" />
      <RootComponent type="92" id="{f8542a0d-fc57-e611-8f24-005056ae789b}" />
    </RootComponents>
    <MissingDependencies>
      <MissingDependency>
        <Required key="0" type="1" schemaName="msdyn_postconfig" displayName="Post Configuration" solution="ActivityFeedsCore (6.1.3.119)" />
        <Dependent key="1" type="62" id="{d37f8049-2694-e511-9f13-005056ae52c3}" />
      </MissingDependency>
      <MissingDependency>
        <Required key="2" type="1" schemaName="msdyn_postruleconfig" displayName="Post Rule Configuration" solution="ActivityFeedsCore (6.1.3.119)" />
        <Dependent key="1" type="62" id="{d37f8049-2694-e511-9f13-005056ae52c3}" />
      </MissingDependency>
      <MissingDependency>
        <Required key="3" type="9" schemaName="identifypursuitteam" displayName="Identified Pursuit Team?" solution="System" />
        <Dependent key="4" type="2" schemaName="presentfinalproposal" displayName="Final Proposal Agreed" parentSchemaName="opportunity" parentDisplayName="Opportunity" />
      </MissingDependency>
      <MissingDependency>
        <Required key="5" type="20" displayName="System Customizer" solution="System" id="{ee993ae9-2594-e511-9f13-005056ae52c3}" parentId="{119f245c-3cc8-4b62-b31c-d1a046ced15d}" />
        <Dependent key="6" type="60" displayName="Customer Details Quick View Form" parentDisplayName="Customer" id="{6e8962f4-4ec3-4a05-90f4-a16e7a9e2df0}" />
      </MissingDependency>
      <MissingDependency>
        <Required key="5" type="20" displayName="System Customizer" solution="System" id="{ee993ae9-2594-e511-9f13-005056ae52c3}" parentId="{119f245c-3cc8-4b62-b31c-d1a046ced15d}" />
        <Dependent key="7" type="60" displayName="New Form" parentDisplayName="Business Benefit" id="{833b0385-5857-42e2-b8c2-0a4a89c97d0a}" />
      </MissingDependency>
      <MissingDependency>
        <Required key="5" type="20" displayName="System Customizer" solution="System" id="{ee993ae9-2594-e511-9f13-005056ae52c3}" parentId="{119f245c-3cc8-4b62-b31c-d1a046ced15d}" />
        <Dependent key="8" type="60" displayName="New Form" parentDisplayName="CEO Activity Franchise Engagement" id="{067a39aa-c55d-49a7-989e-a53948b8d51f}" />
      </MissingDependency>
      <MissingDependency>
        <Required key="5" type="20" displayName="System Customizer" solution="System" id="{ee993ae9-2594-e511-9f13-005056ae52c3}" parentId="{119f245c-3cc8-4b62-b31c-d1a046ced15d}" />
        <Dependent key="9" type="60" displayName="Project Quick Create" parentDisplayName="Project" id="{4b8b62c2-8e1e-479b-a371-909796d46e1e}" />
      </MissingDependency>
      <MissingDependency>
        <Required key="5" type="20" displayName="System Customizer" solution="System" id="{ee993ae9-2594-e511-9f13-005056ae52c3}" parentId="{119f245c-3cc8-4b62-b31c-d1a046ced15d}" />
        <Dependent key="10" type="60" displayName="Quick Create" parentDisplayName="CEO Activity Stakeholder" id="{cb00b664-5ccc-4ae8-a6d4-fb9d7b4be3b0}" />
      </MissingDependency>
      <MissingDependency>
        <Required key="5" type="20" displayName="System Customizer" solution="System" id="{ee993ae9-2594-e511-9f13-005056ae52c3}" parentId="{119f245c-3cc8-4b62-b31c-d1a046ced15d}" />
        <Dependent key="11" type="60" displayName="Quick Create Form" parentDisplayName="Resource Strategy" id="{d1fd77af-4939-4abb-96e1-262697a8601b}" />
      </MissingDependency>
      <MissingDependency>
        <Required key="5" type="20" displayName="System Customizer" solution="System" id="{ee993ae9-2594-e511-9f13-005056ae52c3}" parentId="{119f245c-3cc8-4b62-b31c-d1a046ced15d}" />
        <Dependent key="12" type="60" displayName="RAID Quick Create" parentDisplayName="RAID Log" id="{eea9eebf-4f71-493d-bf7a-9376024986f5}" />
      </MissingDependency>
      <MissingDependency>
        <Required key="5" type="20" displayName="System Customizer" solution="System" id="{ee993ae9-2594-e511-9f13-005056ae52c3}" parentId="{119f245c-3cc8-4b62-b31c-d1a046ced15d}" />
        <Dependent key="13" type="60" displayName="New Form" parentDisplayName="RBS Priority" id="{be7ad1dc-8c94-466b-a89a-72b0c6d9fd6f}" />
      </MissingDependency>
      <MissingDependency>
        <Required key="5" type="20" displayName="System Customizer" solution="System" id="{ee993ae9-2594-e511-9f13-005056ae52c3}" parentId="{119f245c-3cc8-4b62-b31c-d1a046ced15d}" />
        <Dependent key="14" type="60" displayName="Quick View Form" parentDisplayName="Product &amp; Services Catalogue" id="{a6f4fada-43d3-4cf9-8e4c-a4ce62b23c12}" />
      </MissingDependency>
      <MissingDependency>
        <Required key="5" type="20" displayName="System Customizer" solution="System" id="{ee993ae9-2594-e511-9f13-005056ae52c3}" parentId="{119f245c-3cc8-4b62-b31c-d1a046ced15d}" />
        <Dependent key="15" type="60" displayName="Quick Create Form" parentDisplayName="Opportunity Service Catalogue" id="{a987d4b3-aa22-4bcf-8b80-9169e3c4fda6}" />
      </MissingDependency>
      <MissingDependency>
        <Required key="5" type="20" displayName="System Customizer" solution="System" id="{ee993ae9-2594-e511-9f13-005056ae52c3}" parentId="{119f245c-3cc8-4b62-b31c-d1a046ced15d}" />
        <Dependent key="16" type="60" displayName="Opportunity Package Quick View Form" parentDisplayName="Opportunity Package" id="{5e970105-11b5-4578-923c-d618e47f73b3}" />
      </MissingDependency>
      <MissingDependency>
        <Required key="5" type="20" displayName="System Customizer" solution="System" id="{ee993ae9-2594-e511-9f13-005056ae52c3}" parentId="{119f245c-3cc8-4b62-b31c-d1a046ced15d}" />
        <Dependent key="17" type="60" displayName="Connections" parentDisplayName="Opportunity" id="{a41dc89b-612a-43f3-b08d-19d80906771f}" />
      </MissingDependency>
      <MissingDependency>
        <Required key="5" type="20" displayName="System Customizer" solution="System" id="{ee993ae9-2594-e511-9f13-005056ae52c3}" parentId="{119f245c-3cc8-4b62-b31c-d1a046ced15d}" />
        <Dependent key="18" type="60" displayName="Programme Quick View" parentDisplayName="Investment Programme" id="{435b4594-ac97-4c9a-9e04-444970499110}" />
      </MissingDependency>
      <MissingDependency>
        <Required key="19" type="26" schemaName="Price List Lookup View" displayName="Price List Lookup View" parentSchemaName="pricelevel" parentDisplayName="Price List" solution="System" id="{ee499892-35e1-4d07-a1b7-bb69fe9bfd42}" />
        <Dependent key="20" type="60" displayName="Opportunity" parentDisplayName="Opportunity" id="{a837e4a7-01b8-4f82-a475-be9abd67e667}" />
      </MissingDependency>
      <MissingDependency>
        <Required key="21" type="26" schemaName="All Competitors (summary)" displayName="All Competitors (summary)" parentSchemaName="competitor" parentDisplayName="Competitor" solution="System" id="{57bca9ac-87a0-4c28-adc8-2d0a4645f29e}" />
        <Dependent key="20" type="60" displayName="Opportunity" parentDisplayName="Opportunity" id="{a837e4a7-01b8-4f82-a475-be9abd67e667}" />
      </MissingDependency>
      <MissingDependency>
        <Required key="19" type="26" schemaName="Price List Lookup View" displayName="Price List Lookup View" parentSchemaName="pricelevel" parentDisplayName="Price List" solution="System" id="{ee499892-35e1-4d07-a1b7-bb69fe9bfd42}" />
        <Dependent key="17" type="60" displayName="Connections" parentDisplayName="Opportunity" id="{a41dc89b-612a-43f3-b08d-19d80906771f}" />
      </MissingDependency>
      <MissingDependency>
        <Required key="22" type="26" schemaName="Quote Associated View" displayName="Quote Associated View" parentSchemaName="quote" parentDisplayName="Quote" solution="System" id="{642095db-91dd-4813-bb31-665a3a2bae61}" />
        <Dependent key="23" type="60" displayName="Information" parentDisplayName="Opportunity" id="{a2a56263-ec37-4991-a3b0-e7b37a71d818}" />
      </MissingDependency>
      <MissingDependency>
        <Required key="24" type="26" schemaName="Opportunity Product Inline Edit View" displayName="Opportunity Product Inline Edit View" parentSchemaName="opportunityproduct" parentDisplayName="Opportunity Product" solution="System" id="{01010de7-749e-4fe6-8037-aca560a4fcbe}" />
        <Dependent key="23" type="60" displayName="Information" parentDisplayName="Opportunity" id="{a2a56263-ec37-4991-a3b0-e7b37a71d818}" />
      </MissingDependency>
      <MissingDependency>
        <Required key="25" type="26" schemaName="Active Services" displayName="Active Services" parentSchemaName="service" parentDisplayName="Service" solution="System" id="{2bd4de5e-a7b4-4f5d-8fde-eb3b62d8e2b2}" />
        <Dependent key="26" type="60" displayName="Information" parentDisplayName="Customer" id="{b053a39a-041a-4356-acef-ddf00182762b}" />
      </MissingDependency>
      <MissingDependency>
        <Required key="27" type="26" schemaName="Account Entitlements" displayName="Account Entitlements" parentSchemaName="entitlement" parentDisplayName="Entitlement" solution="ServiceEnhancements610 (1.0)" id="{961bf8aa-042f-4f4d-bcca-935bfc9a6994}" />
        <Dependent key="28" type="60" displayName="contact card" parentDisplayName="Contact" id="{707fc57b-c5e6-471b-a180-e37ed28a38e2}" />
      </MissingDependency>
      <MissingDependency>
        <Required key="29" type="26" schemaName="All Cases for Customer" displayName="All Cases for Customer" parentSchemaName="incident" parentDisplayName="Case" solution="System" id="{00000000-0000-0000-00aa-000010001039}" />
        <Dependent key="28" type="60" displayName="contact card" parentDisplayName="Contact" id="{707fc57b-c5e6-471b-a180-e37ed28a38e2}" />
      </MissingDependency>
      <MissingDependency>
        <Required key="25" type="26" schemaName="Active Services" displayName="Active Services" parentSchemaName="service" parentDisplayName="Service" solution="System" id="{2bd4de5e-a7b4-4f5d-8fde-eb3b62d8e2b2}" />
        <Dependent key="30" type="60" displayName="Information" parentDisplayName="Contact" id="{894cc46a-b0cb-4ab0-8bf6-200544e46a2d}" />
      </MissingDependency>
      <MissingDependency>
        <Required key="31" type="63" displayName="Champion" solution="System" id="{adccf191-576b-463b-be78-019a427eb2e5}" />
        <Dependent key="32" type="29" displayName="_temp" id="{b3e18c0b-9728-4d43-99d1-19f287114cfb}" />
      </MissingDependency>
      <MissingDependency>
        <Required key="33" type="61" schemaName="msdyn_/Images/Wall_16.png" displayName="msdyn_/Images/Wall_16.png" solution="ActivityFeedsCore (6.1.3.119)" />
        <Dependent key="1" type="62" id="{d37f8049-2694-e511-9f13-005056ae52c3}" />
      </MissingDependency>
      <MissingDependency>
        <Required key="34" type="61" schemaName="msdyn_/RecordWall.htm" displayName="msdyn_/RecordWall.htm" solution="ActivityFeedsCore (6.1.3.119)" />
        <Dependent key="23" type="60" displayName="Information" parentDisplayName="Opportunity" id="{a2a56263-ec37-4991-a3b0-e7b37a71d818}" />
      </MissingDependency>
      <MissingDependency>
        <Required key="35" type="61" schemaName="msdyn_/ActivityFeeds.Form.js" displayName="msdyn_/ActivityFeeds.Form.js" solution="ActivityFeedsCore (6.1.3.119)" />
        <Dependent key="23" type="60" displayName="Information" parentDisplayName="Opportunity" id="{a2a56263-ec37-4991-a3b0-e7b37a71d818}" />
      </MissingDependency>
      <MissingDependency>
        <Required key="36" type="61" schemaName="msdyn_/PersonalWall.htm" displayName="msdyn_/PersonalWall.htm" solution="ActivityFeedsCore (6.1.3.119)" />
        <Dependent key="1" type="62" id="{d37f8049-2694-e511-9f13-005056ae52c3}" />
      </MissingDependency>
      <MissingDependency>
        <Required key="37" type="61" schemaName="Opportunity_main_system_library.js" displayName="Opportunity_main_system_library.js" solution="System" />
        <Dependent key="17" type="60" displayName="Connections" parentDisplayName="Opportunity" id="{a41dc89b-612a-43f3-b08d-19d80906771f}" />
      </MissingDependency>
      <MissingDependency>
        <Required key="34" type="61" schemaName="msdyn_/RecordWall.htm" displayName="msdyn_/RecordWall.htm" solution="ActivityFeedsCore (6.1.3.119)" />
        <Dependent key="38" type="60" displayName="Information" parentDisplayName="User" id="{c0d7d7dd-afd0-4675-85fe-1cc5a48be6df}" />
      </MissingDependency>
      <MissingDependency>
        <Required key="35" type="61" schemaName="msdyn_/ActivityFeeds.Form.js" displayName="msdyn_/ActivityFeeds.Form.js" solution="ActivityFeedsCore (6.1.3.119)" />
        <Dependent key="38" type="60" displayName="Information" parentDisplayName="User" id="{c0d7d7dd-afd0-4675-85fe-1cc5a48be6df}" />
      </MissingDependency>
      <MissingDependency>
        <Required key="35" type="61" schemaName="msdyn_/ActivityFeeds.Form.js" displayName="msdyn_/ActivityFeeds.Form.js" solution="ActivityFeedsCore (6.1.3.119)" />
        <Dependent key="26" type="60" displayName="Information" parentDisplayName="Customer" id="{b053a39a-041a-4356-acef-ddf00182762b}" />
      </MissingDependency>
      <MissingDependency>
        <Required key="34" type="61" schemaName="msdyn_/RecordWall.htm" displayName="msdyn_/RecordWall.htm" solution="ActivityFeedsCore (6.1.3.119)" />
        <Dependent key="26" type="60" displayName="Information" parentDisplayName="Customer" id="{b053a39a-041a-4356-acef-ddf00182762b}" />
      </MissingDependency>
      <MissingDependency>
        <Required key="39" type="61" schemaName="Account_main_system_library.js" displayName="Account_main_system_library.js" solution="System" />
        <Dependent key="40" type="60" displayName="Account" parentDisplayName="Customer" id="{8448b78f-8f42-454e-8e2a-f8196b0419af}" />
      </MissingDependency>
      <MissingDependency>
        <Required key="37" type="61" schemaName="Opportunity_main_system_library.js" displayName="Opportunity_main_system_library.js" solution="System" />
        <Dependent key="20" type="60" displayName="Opportunity" parentDisplayName="Opportunity" id="{a837e4a7-01b8-4f82-a475-be9abd67e667}" />
      </MissingDependency>
      <MissingDependency>
        <Required key="34" type="61" schemaName="msdyn_/RecordWall.htm" displayName="msdyn_/RecordWall.htm" solution="ActivityFeedsCore (6.1.3.119)" />
        <Dependent key="30" type="60" displayName="Information" parentDisplayName="Contact" id="{894cc46a-b0cb-4ab0-8bf6-200544e46a2d}" />
      </MissingDependency>
      <MissingDependency>
        <Required key="35" type="61" schemaName="msdyn_/ActivityFeeds.Form.js" displayName="msdyn_/ActivityFeeds.Form.js" solution="ActivityFeedsCore (6.1.3.119)" />
        <Dependent key="30" type="60" displayName="Information" parentDisplayName="Contact" id="{894cc46a-b0cb-4ab0-8bf6-200544e46a2d}" />
      </MissingDependency>
      <MissingDependency>
        <Required key="41" type="61" schemaName="Contact_main_system_library.js" displayName="Contact_main_system_library.js" solution="System" />
        <Dependent key="30" type="60" displayName="Information" parentDisplayName="Contact" id="{894cc46a-b0cb-4ab0-8bf6-200544e46a2d}" />
      </MissingDependency>
    </MissingDependencies>
  </SolutionManifest>
</ImportExportXml>