﻿<?xml version="1.0" encoding="utf-8"?>
<EntityRelationships>
  <EntityRelationship Name="systemuser_defaultmailbox_mailbox">
    <EntityRelationshipType>OneToMany</EntityRelationshipType>
    <IntroducedVersion>6.0.0.0</IntroducedVersion>
    <IsHierarchical>0</IsHierarchical>
    <ReferencingEntityName>SystemUser</ReferencingEntityName>
    <ReferencedEntityName>Mailbox</ReferencedEntityName>
    <CascadeAssign>NoCascade</CascadeAssign>
    <CascadeDelete>RemoveLink</CascadeDelete>
    <CascadeReparent>NoCascade</CascadeReparent>
    <CascadeShare>NoCascade</CascadeShare>
    <CascadeUnshare>NoCascade</CascadeUnshare>
    <ReferencingAttributeName>DefaultMailbox</ReferencingAttributeName>
    <RelationshipDescription>
      <Descriptions>
        <Description description="Select the mailbox associated with this user." languagecode="1033" />
      </Descriptions>
    </RelationshipDescription>
  </EntityRelationship>
</EntityRelationships>