﻿<?xml version="1.0" encoding="utf-8"?>
<EntityRelationships>
  <EntityRelationship Name="MobileOfflineProfile_SystemUser">
    <EntityRelationshipType>OneToMany</EntityRelationshipType>
    <IntroducedVersion>8.0.0.0</IntroducedVersion>
    <IsHierarchical>0</IsHierarchical>
    <ReferencingEntityName>SystemUser</ReferencingEntityName>
    <ReferencedEntityName>MobileOfflineProfile</ReferencedEntityName>
    <CascadeAssign>NoCascade</CascadeAssign>
    <CascadeDelete>NoCascade</CascadeDelete>
    <CascadeReparent>NoCascade</CascadeReparent>
    <CascadeShare>NoCascade</CascadeShare>
    <CascadeUnshare>NoCascade</CascadeUnshare>
    <ReferencingAttributeName>MobileOfflineProfileId</ReferencingAttributeName>
    <RelationshipDescription>
      <Descriptions>
        <Description description="Items contained with a particular SystemUser." languagecode="1033" />
      </Descriptions>
    </RelationshipDescription>
  </EntityRelationship>
</EntityRelationships>