﻿<?xml version="1.0" encoding="utf-8"?>
<EntityRelationships>
  <EntityRelationship Name="queue_system_user">
    <EntityRelationshipType>OneToMany</EntityRelationshipType>
    <IntroducedVersion>5.0.0.0</IntroducedVersion>
    <IsHierarchical>0</IsHierarchical>
    <ReferencingEntityName>SystemUser</ReferencingEntityName>
    <ReferencedEntityName>Queue</ReferencedEntityName>
    <CascadeAssign>NoCascade</CascadeAssign>
    <CascadeDelete>RemoveLink</CascadeDelete>
    <CascadeReparent>NoCascade</CascadeReparent>
    <CascadeShare>NoCascade</CascadeShare>
    <CascadeUnshare>NoCascade</CascadeUnshare>
    <ReferencingAttributeName>QueueId</ReferencingAttributeName>
    <RelationshipDescription>
      <Descriptions>
        <Description description="Unique identifier of the default queue for the user." languagecode="1033" />
      </Descriptions>
    </RelationshipDescription>
  </EntityRelationship>
</EntityRelationships>