﻿<?xml version="1.0" encoding="utf-8"?>
<systemform unmodified="1">
  <formid>{e8f97346-4f58-47de-964f-cbd64a52011b}</formid>
  <IntroducedVersion>8.0.0.0</IntroducedVersion>
  <FormPresentation>0</FormPresentation>
  <FormActivationState>1</FormActivationState>
  <form>
    <tabs>
      <tab name="general" verticallayout="true" id="{a7cf9164-8e2c-4a75-a539-94ed1b96f391}" IsUserDefined="0">
        <labels>
          <label description="Case card" languagecode="1033" />
        </labels>
        <columns>
          <column width="25%">
            <sections>
              <section name="ColorStrip" showlabel="false" showbar="false" id="{75b38171-01cc-44fd-ab15-503ba1fdd6b0}" IsUserDefined="0" columns="1">
                <labels>
                  <label description="ColorStrip" languagecode="1033" />
                </labels>
                <rows>
                  <row>
                    <cell id="{834b60db-2bb8-c04e-bcc5-e6de231e214c}" showlabel="true" locklevel="0">
                      <labels>
                        <label description="Status Reason" languagecode="1033" />
                      </labels>
                      <control id="statuscode" classid="{3EF39988-22BB-4f0b-BBBE-64B5A3748AEE}" datafieldname="statuscode" disabled="false" />
                    </cell>
                  </row>
                </rows>
              </section>
            </sections>
          </column>
          <column width="75%">
            <sections>
              <section name="CardHeader" showlabel="false" showbar="false" id="{5177e789-1080-4c93-809a-873db756ae90}" IsUserDefined="0" columns="111">
                <labels>
                  <label description="Header" languagecode="1033" />
                </labels>
                <rows>
                  <row>
                    <cell id="{ddadbe5e-9330-970e-154e-9864b4eeae37}" showlabel="true" locklevel="1">
                      <labels>
                        <label description="Priority" languagecode="1033" />
                      </labels>
                      <control id="prioritycode" classid="{3EF39988-22BB-4f0b-BBBE-64B5A3748AEE}" datafieldname="prioritycode" disabled="false" />
                    </cell>
                    <cell id="{ec5ce100-a11c-ae4c-4d8d-2a102a9b868a}" showlabel="true" locklevel="0">
                      <labels>
                        <label description="Case Type" languagecode="1033" />
                      </labels>
                      <control id="casetypecode" classid="{3EF39988-22BB-4f0b-BBBE-64B5A3748AEE}" datafieldname="casetypecode" disabled="false" />
                    </cell>
                    <cell id="{43166768-2d51-5511-2e28-1a2605044629}" showlabel="true" locklevel="0">
                      <labels>
                        <label description="Origin" languagecode="1033" />
                      </labels>
                      <control id="caseorigincode" classid="{3EF39988-22BB-4f0b-BBBE-64B5A3748AEE}" datafieldname="caseorigincode" disabled="false" />
                    </cell>
                  </row>
                  <row>
                    <cell id="{5319ba7d-657b-3c19-c5c2-8b9b9451ce60}" showlabel="true" locklevel="0">
                      <labels>
                        <label description="Owner" languagecode="1033" />
                      </labels>
                      <control id="ownerid" classid="{270BD3DB-D9AF-4782-9025-509E298DEC0A}" datafieldname="ownerid" disabled="false" />
                    </cell>
                    <cell id="{38d5d5d5-01c8-0262-623d-6c011ac6e986}" showlabel="false">
                      <labels>
                        <label description="" languagecode="1033" />
                      </labels>
                    </cell>
                    <cell id="{93e782be-2622-2023-3416-20418ea9ad2a}" showlabel="false">
                      <labels>
                        <label description="" languagecode="1033" />
                      </labels>
                    </cell>
                  </row>
                </rows>
              </section>
              <section name="CardDetails" showlabel="false" showbar="false" id="{f3887644-363f-4d10-ad27-4d0fef12b22c}" IsUserDefined="0" layout="varwidth" columns="1" labelwidth="115">
                <labels>
                  <label description="Details" languagecode="1033" />
                </labels>
                <rows>
                  <row>
                    <cell id="{9b3244ac-06c7-2599-ac11-2980a5b35dd2}" showlabel="true" locklevel="0">
                      <labels>
                        <label description="Case Title" languagecode="1033" />
                      </labels>
                      <control id="title" classid="{4273EDBD-AC1D-40d3-9FB2-095C621B552D}" datafieldname="title" disabled="false" />
                    </cell>
                  </row>
                  <row>
                    <cell id="{a70611c1-1894-6240-3da8-632c87b3e047}" showlabel="true" locklevel="0">
                      <labels>
                        <label description="Description" languagecode="1033" />
                      </labels>
                      <control id="description" classid="{E0DECE4B-6FC8-4a8f-A065-082708572369}" datafieldname="description" disabled="false" />
                    </cell>
                  </row>
                </rows>
              </section>
              <section name="CardFooter" showlabel="false" showbar="false" id="{5e8cbb76-6223-4e32-b8f9-b460ad3b0c88}" IsUserDefined="0" columns="1111">
                <labels>
                  <label description="Footer" languagecode="1033" />
                </labels>
                <rows>
                  <row>
                    <cell id="{a88d8391-41cc-d07e-10b2-ebc963b227c1}" showlabel="true" locklevel="0">
                      <labels>
                        <label description="Contact" languagecode="1033" />
                      </labels>
                      <control id="primarycontactid" classid="{270BD3DB-D9AF-4782-9025-509E298DEC0A}" datafieldname="primarycontactid" disabled="false" />
                    </cell>
                    <cell id="{7e633306-b074-4965-4979-24ab494b1b48}" showlabel="true" locklevel="0">
                      <labels>
                        <label description="Customer" languagecode="1033" />
                      </labels>
                      <control id="customerid" classid="{270BD3DB-D9AF-4782-9025-509E298DEC0A}" datafieldname="customerid" disabled="false" />
                    </cell>
                    <cell id="{14c5a497-9363-a9a4-774b-79897158e96d}" showlabel="true" locklevel="0">
                      <labels>
                        <label description="Product" languagecode="1033" />
                      </labels>
                      <control id="productid" classid="{270BD3DB-D9AF-4782-9025-509E298DEC0A}" datafieldname="productid" disabled="false" />
                    </cell>
                    <cell id="{2447c11b-4457-4b6e-8672-2e2ef5f65a7a}" showlabel="true" locklevel="0">
                      <labels>
                        <label description="Created On" languagecode="1033" />
                      </labels>
                      <control id="createdon" classid="{270BD3DB-D9AF-4782-9025-509E298DEC0A}" datafieldname="createdon" disabled="false" />
                    </cell>
                  </row>
                </rows>
              </section>
            </sections>
          </column>
        </columns>
      </tab>
    </tabs>
  </form>
  <LocalizedNames>
    <LocalizedName description="Case Card" languagecode="1033" />
  </LocalizedNames>
  <Descriptions>
    <Description description="Default case card" languagecode="1033" />
  </Descriptions>
</systemform>