﻿<?xml version="1.0" encoding="utf-8"?>
<systemform>
  <formid>{5e970105-11b5-4578-923c-d618e47f73b3}</formid>
  <IntroducedVersion>1.0.0.0</IntroducedVersion>
  <FormPresentation>1</FormPresentation>
  <FormActivationState>1</FormActivationState>
  <form maxWidth="400">
    <tabs>
      <tab id="{c977ca4d-b05d-4046-b0cc-2a6eeafa3102}" name="Package" showlabel="false" locklevel="0" expanded="true">
        <labels>
          <label description="Summary" languagecode="1033" />
        </labels>
        <columns>
          <column width="100%">
            <sections>
              <section id="{bbaec7ec-d4d4-4b79-affe-67cdb11ecbf0}" name="tab_1_column_1_section_1" columns="1" showlabel="false" showbar="false" IsUserDefined="0">
                <labels>
                  <label description="section" languagecode="1033" />
                </labels>
                <rows>
                  <row>
                    <cell id="{240336c0-c754-622a-0509-e255c81b9a90}" showlabel="true" locklevel="0">
                      <labels>
                        <label description="DES Programme Lead" languagecode="1033" />
                      </labels>
                      <control id="rbsm_desprogrammeleadid" classid="{270BD3DB-D9AF-4782-9025-509E298DEC0A}" datafieldname="rbsm_desprogrammeleadid" disabled="false" />
                    </cell>
                  </row>
                  <row>
                    <cell id="{83eb4eae-bb31-98d6-4ac7-5aa3c94b4133}" showlabel="true" locklevel="0">
                      <labels>
                        <label description="Business Sponsor" languagecode="1033" />
                      </labels>
                      <control id="rbsm_businesssponsor" classid="{270BD3DB-D9AF-4782-9025-509E298DEC0A}" datafieldname="rbsm_businesssponsor" disabled="false" />
                    </cell>
                  </row>
                  <row>
                    <cell id="{14c858ac-4d31-2990-d259-e627c0d4cd9a}" showlabel="true" locklevel="0">
                      <labels>
                        <label description="Level of Engagement Effort" languagecode="1033" />
                      </labels>
                      <control id="rbsm_levelofengagementeffort" classid="{3EF39988-22BB-4f0b-BBBE-64B5A3748AEE}" datafieldname="rbsm_levelofengagementeffort" disabled="false" />
                    </cell>
                  </row>
                  <row>
                    <cell id="{6c637aeb-396b-64ca-a3b6-1a7eeb7c4692}" showlabel="true" locklevel="0">
                      <labels>
                        <label description="Key Milestone Date" languagecode="1033" />
                      </labels>
                      <control id="rbsm_keymilestonedate" classid="{5B773807-9FB2-42db-97C3-7A91EFF8ADFF}" datafieldname="rbsm_keymilestonedate" disabled="false" />
                    </cell>
                  </row>
                </rows>
              </section>
            </sections>
          </column>
        </columns>
      </tab>
    </tabs>
    <DisplayConditions Order="1">
      <Role Id="{627090ff-40a3-4053-8790-584edc5be201}" />
      <Role Id="{119f245c-3cc8-4b62-b31c-d1a046ced15d}" />
    </DisplayConditions>
  </form>
  <IsCustomizable>1</IsCustomizable>
  <CanBeDeleted>1</CanBeDeleted>
  <LocalizedNames>
    <LocalizedName description="Opportunity Package Quick View Form" languagecode="1033" />
  </LocalizedNames>
</systemform>