{
  "properties": {
    "connectionReferences": {
      "shared_commondataserviceforapps_1": {
        "runtimeSource": "embedded",
        "connection": {
          "connectionReferenceLogicalName": "lcc_sharedcommondataserviceforapps_e76ac"
        },
        "api": {
          "name": "shared_commondataserviceforapps"
        }
      }
    },
    "definition": {
      "$schema": "https://schema.management.azure.com/providers/Microsoft.Logic/schemas/2016-06-01/workflowdefinition.json#",
      "contentVersion": "1.0.0.0",
      "parameters": {
        "$connections": {
          "defaultValue": {},
          "type": "Object"
        },
        "$authentication": {
          "defaultValue": {},
          "type": "SecureObject"
        }
      },
      "triggers": {
        "When_a_row_is_added,_modified_or_deleted": {
          "metadata": {
            "operationMetadataId": "f430075d-8364-4580-9d61-fe4d5a68db82"
          },
          "type": "OpenApiConnectionWebhook",
          "inputs": {
            "host": {
              "connectionName": "shared_commondataserviceforapps_1",
              "operationId": "SubscribeWebhookTrigger",
              "apiId": "/providers/Microsoft.PowerApps/apis/shared_commondataserviceforapps"
            },
            "parameters": {
              "subscriptionRequest/message": 4,
              "subscriptionRequest/entityname": "lcc_address",
              "subscriptionRequest/scope": 4,
              "subscriptionRequest/filteringattributes": "lcc_state"
            },
            "authentication": "@parameters('$authentication')"
          }
        }
      },
      "actions": {
        "Try": {
          "actions": {
            "Check_If_state_is_not_Null": {
              "actions": {
                "Get_States": {
                  "runAfter": {},
                  "metadata": {
                    "operationMetadataId": "17ab8ad8-669d-4071-b6d9-ceb7f638f2b3"
                  },
                  "type": "OpenApiConnection",
                  "inputs": {
                    "host": {
                      "connectionName": "shared_commondataserviceforapps_1",
                      "operationId": "ListRecords",
                      "apiId": "/providers/Microsoft.PowerApps/apis/shared_commondataserviceforapps"
                    },
                    "parameters": {
                      "entityName": "mserp_logisticsaddressstateentities",
                      "fetchXml": "<fetch version=\"1.0\" output-format=\"xml-platform\" mapping=\"logical\" distinct=\"false\">\n  <entity name=\"mserp_logisticsaddressstateentity\">\n    <attribute name=\"mserp_logisticsaddressstateentityid\" />\n    <attribute name=\"mserp_primaryfield\" />\n    <attribute name=\"mserp_state\" />\n    <attribute name=\"mserp_name\" />\n    <attribute name=\"mserp_countryregionid\" />\n    <filter type=\"and\">\n      <condition attribute=\"mserp_name\" operator=\"eq\" value=\"@{triggerOutputs()?['body/lcc_state']}\" />\n      <condition attribute=\"mserp_countryregionid\" operator=\"eq\" value=\"@{triggerOutputs()?['body/lcc_countryiso3']}\" />\n    </filter>\n  </entity>\n</fetch>"
                    },
                    "authentication": "@parameters('$authentication')"
                  }
                },
                "Check_the_length_of_State_Records": {
                  "actions": {
                    "Update_a_State_Value_in_Address": {
                      "runAfter": {},
                      "metadata": {
                        "operationMetadataId": "bf0dfc08-d6ce-4491-a030-d959c74c4b17"
                      },
                      "type": "OpenApiConnection",
                      "inputs": {
                        "host": {
                          "connectionName": "shared_commondataserviceforapps_1",
                          "operationId": "UpdateRecord",
                          "apiId": "/providers/Microsoft.PowerApps/apis/shared_commondataserviceforapps"
                        },
                        "parameters": {
                          "entityName": "lcc_addresses",
                          "recordId": "@triggerOutputs()?['body/lcc_addressid']",
                          "item/lcc_statevalue": "@first(outputs('Get_States')?['body/value'])?['mserp_state']"
                        },
                        "authentication": "@parameters('$authentication')"
                      }
                    }
                  },
                  "runAfter": {
                    "Get_States": [
                      "Succeeded"
                    ]
                  },
                  "else": {
                    "actions": {
                      "Update_a_State_Value_in_Address_3": {
                        "runAfter": {},
                        "metadata": {
                          "operationMetadataId": "bf0dfc08-d6ce-4491-a030-d959c74c4b17"
                        },
                        "type": "OpenApiConnection",
                        "inputs": {
                          "host": {
                            "connectionName": "shared_commondataserviceforapps_1",
                            "operationId": "UpdateRecord",
                            "apiId": "/providers/Microsoft.PowerApps/apis/shared_commondataserviceforapps"
                          },
                          "parameters": {
                            "entityName": "lcc_addresses",
                            "recordId": "@triggerOutputs()?['body/lcc_addressid']",
                            "item/lcc_statevalue": "@null"
                          },
                          "authentication": "@parameters('$authentication')"
                        }
                      }
                    }
                  },
                  "expression": {
                    "greater": [
                      "@length(outputs('Get_States')?['body/value'])",
                      0
                    ]
                  },
                  "metadata": {
                    "operationMetadataId": "4617b857-beb5-43b1-b4c2-76d7e62db3a8"
                  },
                  "type": "If"
                }
              },
              "runAfter": {},
              "else": {
                "actions": {
                  "Update_a_State_Value_in_Address_2": {
                    "runAfter": {},
                    "metadata": {
                      "operationMetadataId": "bf0dfc08-d6ce-4491-a030-d959c74c4b17"
                    },
                    "type": "OpenApiConnection",
                    "inputs": {
                      "host": {
                        "connectionName": "shared_commondataserviceforapps_1",
                        "operationId": "UpdateRecord",
                        "apiId": "/providers/Microsoft.PowerApps/apis/shared_commondataserviceforapps"
                      },
                      "parameters": {
                        "entityName": "lcc_addresses",
                        "recordId": "@triggerOutputs()?['body/lcc_addressid']",
                        "item/lcc_statevalue": "@null"
                      },
                      "authentication": "@parameters('$authentication')"
                    }
                  }
                }
              },
              "expression": {
                "not": {
                  "equals": [
                    "@triggerOutputs()?['body/lcc_state']",
                    "@null"
                  ]
                }
              },
              "metadata": {
                "operationMetadataId": "88a233ea-8ed4-471a-82a9-6380436e6835"
              },
              "type": "If"
            }
          },
          "runAfter": {},
          "metadata": {
            "operationMetadataId": "329f2b9e-601d-4176-9fbf-c6e8eda03360"
          },
          "type": "Scope"
        },
        "Catch": {
          "actions": {
            "Run_a_Child_Flow": {
              "runAfter": {},
              "metadata": {
                "operationMetadataId": "b2e99d8c-351a-4e9b-8d37-0561b290d6f1"
              },
              "type": "Workflow",
              "inputs": {
                "host": {
                  "workflowReferenceName": "bf6b2b79-6490-ef11-8a69-0022481a6fd9"
                },
                "body": {
                  "text": "LCC - Address- Set State - ERROR: @{string(result('Try'))}",
                  "text_1": "@workflow().tags.flowDisplayName",
                  "text_2": "@workflow().tags.environmentName",
                  "text_3": "@workflow().name",
                  "text_4": "@workflow().run.name"
                }
              }
            }
          },
          "runAfter": {
            "Try": [
              "Failed",
              "Skipped",
              "TimedOut"
            ]
          },
          "metadata": {
            "operationMetadataId": "bc64a638-481a-49c9-ab57-a79ce223fbcb"
          },
          "type": "Scope"
        }
      }
    },
    "templateName": ""
  },
  "schemaVersion": "1.0.0.0"
}