{
  "properties": {
    "connectionReferences": {
      "shared_commondataserviceforapps": {
        "runtimeSource": "embedded",
        "connection": {
          "connectionReferenceLogicalName": "lcc_sharedcommondataserviceforapps_e76ac"
        },
        "api": {
          "name": "shared_commondataserviceforapps"
        }
      }
    },
    "definition": {
      "$schema": "https://schema.management.azure.com/providers/Microsoft.Logic/schemas/2016-06-01/workflowdefinition.json#",
      "contentVersion": "1.0.0.0",
      "parameters": {
        "$connections": {
          "defaultValue": {},
          "type": "Object"
        },
        "$authentication": {
          "defaultValue": {},
          "type": "SecureObject"
        }
      },
      "triggers": {
        "Recurrence": {
          "recurrence": {
            "frequency": "Day",
            "interval": 7,
            "timeZone": "GMT Standard Time",
            "schedule": {
              "hours": [
                "5"
              ],
              "minutes": [
                0
              ]
            }
          },
          "metadata": {
            "operationMetadataId": "d3cdb1ef-831a-43a7-b034-09963288a934"
          },
          "type": "Recurrence"
        }
      },
      "actions": {
        "Try": {
          "actions": {
            "Condition": {
              "actions": {
                "Apply_to_each": {
                  "foreach": "@outputs('Fetch_Cost_Centre_Groups')?['body/value']",
                  "actions": {
                    "Condition_2": {
                      "actions": {
                        "Apply_to_each_2": {
                          "foreach": "@outputs('Fetch_Cost_Centre_Group_Values_')?['body/value']",
                          "actions": {
                            "Fetch_Derived_Dimensions_with_matching_Cost_Centre_value": {
                              "runAfter": {},
                              "metadata": {
                                "operationMetadataId": "f17c3f23-e151-4f81-a170-a4e9c1a603fb"
                              },
                              "type": "OpenApiConnection",
                              "inputs": {
                                "host": {
                                  "connectionName": "shared_commondataserviceforapps",
                                  "operationId": "ListRecords",
                                  "apiId": "/providers/Microsoft.PowerApps/apis/shared_commondataserviceforapps"
                                },
                                "parameters": {
                                  "entityName": "lcc_deriveddimensions",
                                  "$filter": "(lcc_name eq '@{items('Apply_to_each_2')?['mserp_value']}')"
                                },
                                "authentication": "@parameters('$authentication')"
                              }
                            },
                            "Check_if_Derived_dimension_exists": {
                              "actions": {
                                "Relate_rows": {
                                  "runAfter": {},
                                  "metadata": {
                                    "operationMetadataId": "88a3e351-8a02-4733-993d-2a88b945e1d0"
                                  },
                                  "type": "OpenApiConnection",
                                  "inputs": {
                                    "host": {
                                      "connectionName": "shared_commondataserviceforapps",
                                      "operationId": "AssociateEntities",
                                      "apiId": "/providers/Microsoft.PowerApps/apis/shared_commondataserviceforapps"
                                    },
                                    "parameters": {
                                      "entityName": "lcc_deriveddimensions",
                                      "recordId": "@first(outputs('Fetch_Derived_Dimensions_with_matching_Cost_Centre_value')?['body/value'])?['lcc_deriveddimensionid']",
                                      "associationEntityRelationship": "lcc_DerivedDimension_Team",
                                      "item/@odata.id": "@outputs('Fetch_Cost_Centre_in_CRM')?['body/@odata.id']"
                                    },
                                    "authentication": "@parameters('$authentication')"
                                  }
                                }
                              },
                              "runAfter": {
                                "Fetch_Derived_Dimensions_with_matching_Cost_Centre_value": [
                                  "Succeeded"
                                ]
                              },
                              "expression": {
                                "greater": [
                                  "@length(outputs('Fetch_Derived_Dimensions_with_matching_Cost_Centre_value')?['body/value'])",
                                  0
                                ]
                              },
                              "metadata": {
                                "operationMetadataId": "9c863679-2f38-41a4-99fc-07a1f3e50bc7"
                              },
                              "type": "If"
                            }
                          },
                          "runAfter": {},
                          "metadata": {
                            "operationMetadataId": "020b2d50-8e35-4bb7-ab9e-89099974f78d"
                          },
                          "type": "Foreach",
                          "runtimeConfiguration": {
                            "concurrency": {
                              "repetitions": 50
                            }
                          }
                        }
                      },
                      "runAfter": {
                        "Fetch_Cost_Centre_Group_Values_": [
                          "Succeeded"
                        ]
                      },
                      "expression": {
                        "greater": [
                          "@length(outputs('Fetch_Cost_Centre_Group_Values_')?['body/value'])",
                          0
                        ]
                      },
                      "metadata": {
                        "operationMetadataId": "9cb78ce1-8749-421b-94bf-2f3a336bb78e"
                      },
                      "type": "If"
                    },
                    "Fetch_Cost_Centre_in_CRM": {
                      "runAfter": {},
                      "metadata": {
                        "operationMetadataId": "ef6f1dcd-1242-4229-a2e6-cb5c9e648eda"
                      },
                      "type": "OpenApiConnection",
                      "inputs": {
                        "host": {
                          "connectionName": "shared_commondataserviceforapps",
                          "operationId": "GetItem",
                          "apiId": "/providers/Microsoft.PowerApps/apis/shared_commondataserviceforapps"
                        },
                        "parameters": {
                          "entityName": "teams",
                          "recordId": "@items('Apply_to_each')?['mserp_lcccostcentergroupentityid']"
                        },
                        "authentication": "@parameters('$authentication')"
                      }
                    },
                    "Fetch_Cost_Centre_Group_Values_": {
                      "runAfter": {
                        "Fetch_Cost_Centre_in_CRM": [
                          "Succeeded"
                        ]
                      },
                      "metadata": {
                        "operationMetadataId": "da166dea-5e52-4fc2-a387-96b1b8dcc7d6"
                      },
                      "type": "OpenApiConnection",
                      "inputs": {
                        "host": {
                          "connectionName": "shared_commondataserviceforapps",
                          "operationId": "ListRecords",
                          "apiId": "/providers/Microsoft.PowerApps/apis/shared_commondataserviceforapps"
                        },
                        "parameters": {
                          "entityName": "mserp_lcccostcentergrouplistentities",
                          "$filter": "mserp_groupid eq '@{items('Apply_to_each')?['mserp_groupid']}'"
                        },
                        "authentication": "@parameters('$authentication')"
                      }
                    }
                  },
                  "runAfter": {},
                  "metadata": {
                    "operationMetadataId": "9e4ca932-c56e-4039-b6ac-e06e087aeaac"
                  },
                  "type": "Foreach",
                  "runtimeConfiguration": {
                    "concurrency": {
                      "repetitions": 48
                    }
                  }
                }
              },
              "runAfter": {
                "Fetch_Cost_Centre_Groups": [
                  "Succeeded"
                ]
              },
              "expression": {
                "greater": [
                  "@length(outputs('Fetch_Cost_Centre_Groups')?['body/value'])",
                  0
                ]
              },
              "metadata": {
                "operationMetadataId": "7a64842b-4469-4662-8dac-361a0f0e8a22"
              },
              "type": "If"
            },
            "Fetch_Cost_Centre_Groups": {
              "runAfter": {},
              "metadata": {
                "operationMetadataId": "bc4e239b-cbcc-4fd9-934f-a8f0b8b3ae49"
              },
              "type": "OpenApiConnection",
              "inputs": {
                "host": {
                  "connectionName": "shared_commondataserviceforapps",
                  "operationId": "ListRecords",
                  "apiId": "/providers/Microsoft.PowerApps/apis/shared_commondataserviceforapps"
                },
                "parameters": {
                  "entityName": "mserp_lcccostcentergroupentities"
                },
                "authentication": "@parameters('$authentication')"
              }
            }
          },
          "runAfter": {},
          "metadata": {
            "operationMetadataId": "14515aa9-dbe1-4a71-b506-90cc8c168f47"
          },
          "type": "Scope"
        },
        "Scope": {
          "actions": {
            "Run_a_Child_Flow": {
              "runAfter": {},
              "metadata": {
                "operationMetadataId": "b1f95e5a-4b7c-44d1-86db-9cb5afb027d2"
              },
              "type": "Workflow",
              "inputs": {
                "host": {
                  "workflowReferenceName": "bf6b2b79-6490-ef11-8a69-0022481a6fd9"
                },
                "body": {
                  "text": "LCC - Cost Centre Group - Associate Derived Dimensions with Cost Centre Groups : ERROR                                                                                      @{string(result('Try'))}",
                  "text_1": "@workflow().tags.flowDisplayName",
                  "text_2": "@workflow().tags.environmentName",
                  "text_3": "@workflow().name",
                  "text_4": "@workflow().run.name"
                }
              }
            }
          },
          "runAfter": {
            "Try": [
              "Failed",
              "Skipped",
              "TimedOut"
            ]
          },
          "metadata": {
            "operationMetadataId": "b5418097-c265-40b1-9257-5d293f52d4b6"
          },
          "type": "Scope"
        }
      },
      "outputs": {}
    },
    "templateName": ""
  },
  "schemaVersion": "1.0.0.0"
}