{
  "properties": {
    "connectionReferences": {
      "shared_commondataserviceforapps": {
        "runtimeSource": "embedded",
        "connection": {
          "connectionReferenceLogicalName": "lcc_sharedcommondataserviceforapps_e76ac"
        },
        "api": {
          "name": "shared_commondataserviceforapps"
        }
      }
    },
    "definition": {
      "$schema": "https://schema.management.azure.com/providers/Microsoft.Logic/schemas/2016-06-01/workflowdefinition.json#",
      "contentVersion": "1.0.0.0",
      "parameters": {
        "$connections": {
          "defaultValue": {},
          "type": "Object"
        },
        "$authentication": {
          "defaultValue": {},
          "type": "SecureObject"
        },
        "Admin user name (lcc_Adminusername)": {
          "defaultValue": "# SVC_PP_ADMIN_FINANCE",
          "type": "String",
          "metadata": {
            "schemaName": "lcc_Adminusername"
          }
        }
      },
      "triggers": {
        "Recurrence": {
          "recurrence": {
            "frequency": "Day",
            "interval": 7,
            "timeZone": "GMT Standard Time",
            "schedule": {
              "hours": [
                "3"
              ],
              "minutes": [
                0
              ]
            }
          },
          "metadata": {
            "operationMetadataId": "a636d10e-d0b5-49fe-bdd9-cc5ef206c8f0"
          },
          "type": "Recurrence"
        }
      },
      "actions": {
        "Try": {
          "actions": {
            "Fetch_Cost_Centre_Groups": {
              "runAfter": {},
              "metadata": {
                "operationMetadataId": "dbc459b6-07cd-46f6-9944-0e1aea1896fb"
              },
              "type": "OpenApiConnection",
              "inputs": {
                "host": {
                  "connectionName": "shared_commondataserviceforapps",
                  "operationId": "ListRecords",
                  "apiId": "/providers/Microsoft.PowerApps/apis/shared_commondataserviceforapps"
                },
                "parameters": {
                  "entityName": "mserp_lcccostcentergroupentities"
                },
                "authentication": "@parameters('$authentication')"
              }
            },
            "Check_if_Cost_Centre_Groups_is_greater_than_0_": {
              "actions": {
                "Apply_to_each_cost_centre_groups": {
                  "foreach": "@outputs('Fetch_Cost_Centre_Groups')?['body/value']",
                  "actions": {
                    "Fetch_existing_Cost_Centre": {
                      "runAfter": {},
                      "metadata": {
                        "operationMetadataId": "c881b240-9d6f-44c9-a6f8-7f5996096772"
                      },
                      "type": "OpenApiConnection",
                      "inputs": {
                        "host": {
                          "connectionName": "shared_commondataserviceforapps",
                          "operationId": "ListRecords",
                          "apiId": "/providers/Microsoft.PowerApps/apis/shared_commondataserviceforapps"
                        },
                        "parameters": {
                          "entityName": "teams",
                          "$select": "name",
                          "$filter": "(teamid eq @{items('Apply_to_each_cost_centre_groups')?['mserp_lcccostcentergroupentityid']})"
                        },
                        "authentication": "@parameters('$authentication')"
                      }
                    },
                    "Check_if_cost_centre_exists": {
                      "actions": {
                        "Update_Team": {
                          "runAfter": {},
                          "metadata": {
                            "operationMetadataId": "33e381df-3d67-40fd-923d-61d906f964d9"
                          },
                          "type": "OpenApiConnection",
                          "inputs": {
                            "host": {
                              "connectionName": "shared_commondataserviceforapps",
                              "operationId": "UpdateRecord",
                              "apiId": "/providers/Microsoft.PowerApps/apis/shared_commondataserviceforapps"
                            },
                            "parameters": {
                              "entityName": "teams",
                              "recordId": "@items('Apply_to_each_cost_centre_groups')?['mserp_lcccostcentergroupentityid']",
                              "item/administratorid@odata.bind": "systemusers/@{first(outputs('Fetch_admin_user')?['body/value'])?['systemuserid']}",
                              "item/name": "@items('Apply_to_each_cost_centre_groups')?['mserp_name']",
                              "item/lcc_costcentregroupid": "@items('Apply_to_each_cost_centre_groups')?['mserp_groupid']",
                              "item/lcc_teamgroup": 851800000
                            },
                            "authentication": "@parameters('$authentication')"
                          }
                        },
                        "Update_queue_name": {
                          "runAfter": {
                            "Fetch_Default_Queue_2": [
                              "Succeeded"
                            ]
                          },
                          "metadata": {
                            "operationMetadataId": "ad040bc3-ad44-4282-9ca2-611ef3506dd5"
                          },
                          "type": "OpenApiConnection",
                          "inputs": {
                            "host": {
                              "connectionName": "shared_commondataserviceforapps",
                              "operationId": "UpdateRecord",
                              "apiId": "/providers/Microsoft.PowerApps/apis/shared_commondataserviceforapps"
                            },
                            "parameters": {
                              "entityName": "queues",
                              "recordId": "@outputs('Fetch_Default_Queue_2')?['body/queueid']",
                              "item/name": "@replace(replace(outputs('Fetch_Default_Queue_2')?['body/name'], '<', ''),'>','')"
                            },
                            "authentication": "@parameters('$authentication')"
                          }
                        },
                        "Fetch_Default_Queue_2": {
                          "runAfter": {
                            "Update_Team": [
                              "Succeeded"
                            ]
                          },
                          "metadata": {
                            "operationMetadataId": "098c8b8e-9c4c-4720-9f16-055500db8932"
                          },
                          "type": "OpenApiConnection",
                          "inputs": {
                            "host": {
                              "connectionName": "shared_commondataserviceforapps",
                              "operationId": "GetItem",
                              "apiId": "/providers/Microsoft.PowerApps/apis/shared_commondataserviceforapps"
                            },
                            "parameters": {
                              "entityName": "queues",
                              "recordId": "@outputs('Update_Team')?['body/_queueid_value']",
                              "$select": "name"
                            },
                            "authentication": "@parameters('$authentication')"
                          }
                        },
                        "Relate_rows_2": {
                          "runAfter": {
                            "Update_queue_name": [
                              "Succeeded"
                            ]
                          },
                          "metadata": {
                            "operationMetadataId": "6e691e00-3091-40cf-9760-092580790cde"
                          },
                          "type": "OpenApiConnection",
                          "inputs": {
                            "host": {
                              "connectionName": "shared_commondataserviceforapps",
                              "operationId": "AssociateEntities",
                              "apiId": "/providers/Microsoft.PowerApps/apis/shared_commondataserviceforapps"
                            },
                            "parameters": {
                              "entityName": "teams",
                              "recordId": "@outputs('Update_Team')?['body/teamid']",
                              "associationEntityRelationship": "teamroles_association",
                              "item/@odata.id": "@first(outputs('Fetch_security_role')?['body/value'])?['@odata.id']"
                            },
                            "authentication": "@parameters('$authentication')"
                          }
                        }
                      },
                      "runAfter": {
                        "Fetch_existing_Cost_Centre": [
                          "Succeeded"
                        ]
                      },
                      "else": {
                        "actions": {
                          "Add_a_new_Team": {
                            "runAfter": {},
                            "metadata": {
                              "operationMetadataId": "09daa6d7-41ba-4837-8bb0-ff14eb96b757"
                            },
                            "type": "OpenApiConnection",
                            "inputs": {
                              "host": {
                                "connectionName": "shared_commondataserviceforapps",
                                "operationId": "CreateRecord",
                                "apiId": "/providers/Microsoft.PowerApps/apis/shared_commondataserviceforapps"
                              },
                              "parameters": {
                                "entityName": "teams",
                                "item/administratorid@odata.bind": "systemusers/@{first(outputs('Fetch_admin_user')?['body/value'])?['systemuserid']}",
                                "item/name": "@items('Apply_to_each_cost_centre_groups')?['mserp_name']",
                                "item/teamtype": 0,
                                "item/lcc_costcentregroupid": "@items('Apply_to_each_cost_centre_groups')?['mserp_groupid']",
                                "item/teamid": "@items('Apply_to_each_cost_centre_groups')?['mserp_lcccostcentergroupentityid']",
                                "item/lcc_teamgroup": 851800000
                              },
                              "authentication": "@parameters('$authentication')"
                            }
                          },
                          "Update_queue_name_2": {
                            "runAfter": {
                              "Fetch_Default_Queue": [
                                "Succeeded"
                              ]
                            },
                            "metadata": {
                              "operationMetadataId": "3dec7dd0-79c1-4653-8252-7e438c2386b5"
                            },
                            "type": "OpenApiConnection",
                            "inputs": {
                              "host": {
                                "connectionName": "shared_commondataserviceforapps",
                                "operationId": "UpdateRecord",
                                "apiId": "/providers/Microsoft.PowerApps/apis/shared_commondataserviceforapps"
                              },
                              "parameters": {
                                "entityName": "queues",
                                "recordId": "@outputs('Add_a_new_Team')?['body/_queueid_value']",
                                "item/name": "@replace(replace(outputs('Fetch_Default_Queue')?['body/name'], '<', ''),'>','')"
                              },
                              "authentication": "@parameters('$authentication')"
                            }
                          },
                          "Fetch_Default_Queue": {
                            "runAfter": {
                              "Add_a_new_Team": [
                                "Succeeded"
                              ]
                            },
                            "metadata": {
                              "operationMetadataId": "a6e0842e-745e-428b-a527-30fe04da72d7"
                            },
                            "type": "OpenApiConnection",
                            "inputs": {
                              "host": {
                                "connectionName": "shared_commondataserviceforapps",
                                "operationId": "GetItem",
                                "apiId": "/providers/Microsoft.PowerApps/apis/shared_commondataserviceforapps"
                              },
                              "parameters": {
                                "entityName": "queues",
                                "recordId": "@outputs('Add_a_new_Team')?['body/_queueid_value']",
                                "$select": "name"
                              },
                              "authentication": "@parameters('$authentication')"
                            }
                          },
                          "Relate_rows": {
                            "runAfter": {
                              "Update_queue_name_2": [
                                "Succeeded"
                              ]
                            },
                            "metadata": {
                              "operationMetadataId": "b786c660-ef81-40c6-bb84-eb91d03cd8b2"
                            },
                            "type": "OpenApiConnection",
                            "inputs": {
                              "host": {
                                "connectionName": "shared_commondataserviceforapps",
                                "operationId": "AssociateEntities",
                                "apiId": "/providers/Microsoft.PowerApps/apis/shared_commondataserviceforapps"
                              },
                              "parameters": {
                                "entityName": "teams",
                                "recordId": "@outputs('Add_a_new_Team')?['body/teamid']",
                                "associationEntityRelationship": "teamroles_association",
                                "item/@odata.id": "@first(outputs('Fetch_security_role')?['body/value'])?['@odata.id']"
                              },
                              "authentication": "@parameters('$authentication')"
                            }
                          }
                        }
                      },
                      "expression": {
                        "greater": [
                          "@length(outputs('Fetch_existing_Cost_Centre')?['body/value'])",
                          0
                        ]
                      },
                      "metadata": {
                        "operationMetadataId": "2a97d9ea-1199-4b3f-ba1d-c0823321c3cf"
                      },
                      "type": "If"
                    }
                  },
                  "runAfter": {},
                  "metadata": {
                    "operationMetadataId": "e871e066-79b1-4fbc-81f1-de2c4a5cf2d2"
                  },
                  "type": "Foreach"
                }
              },
              "runAfter": {
                "Fetch_security_role": [
                  "Succeeded"
                ]
              },
              "expression": {
                "greater": [
                  "@length(outputs('Fetch_Cost_Centre_Groups')?['body/value'])",
                  0
                ]
              },
              "metadata": {
                "operationMetadataId": "693ab125-c437-44b2-9a2b-403f5d617809"
              },
              "type": "If"
            },
            "Fetch_admin_user": {
              "runAfter": {
                "Fetch_Cost_Centre_Groups": [
                  "Succeeded"
                ]
              },
              "metadata": {
                "operationMetadataId": "7d292206-d37f-441a-ba49-16398e82fd71"
              },
              "type": "OpenApiConnection",
              "inputs": {
                "host": {
                  "connectionName": "shared_commondataserviceforapps",
                  "operationId": "ListRecords",
                  "apiId": "/providers/Microsoft.PowerApps/apis/shared_commondataserviceforapps"
                },
                "parameters": {
                  "entityName": "systemusers",
                  "$filter": "(fullname eq '@{parameters('Admin user name (lcc_Adminusername)')}')"
                },
                "authentication": "@parameters('$authentication')"
              }
            },
            "Fetch_Derived_Dimensions_from_FO": {
              "runAfter": {
                "Fetch_Cost_Centre_Groups": [
                  "Succeeded"
                ]
              },
              "metadata": {
                "operationMetadataId": "6133348c-12b4-41ca-be0d-08231b8e3069"
              },
              "type": "OpenApiConnection",
              "inputs": {
                "host": {
                  "connectionName": "shared_commondataserviceforapps",
                  "operationId": "ListRecords",
                  "apiId": "/providers/Microsoft.PowerApps/apis/shared_commondataserviceforapps"
                },
                "parameters": {
                  "entityName": "mserp_deriveddimensionattributevaluesentities",
                  "$filter": "mserp_drivingdimensionattributename eq 'CostCentre'"
                },
                "authentication": "@parameters('$authentication')"
              }
            },
            "Condition": {
              "actions": {
                "Apply_to_each_derived_dimension": {
                  "foreach": "@outputs('Fetch_Derived_Dimensions_from_FO')?['body/value']",
                  "actions": {
                    "Fetch_existing_derived_dimension": {
                      "runAfter": {},
                      "metadata": {
                        "operationMetadataId": "c5a892a9-7d31-4f06-af30-0d5a3a171018"
                      },
                      "type": "OpenApiConnection",
                      "inputs": {
                        "host": {
                          "connectionName": "shared_commondataserviceforapps",
                          "operationId": "ListRecords",
                          "apiId": "/providers/Microsoft.PowerApps/apis/shared_commondataserviceforapps"
                        },
                        "parameters": {
                          "entityName": "lcc_deriveddimensions",
                          "$select": "lcc_name",
                          "$filter": "lcc_deriveddimensionid eq @{items('Apply_to_each_derived_dimension')?['mserp_deriveddimensionattributevaluesentityid']}"
                        },
                        "authentication": "@parameters('$authentication')"
                      }
                    },
                    "Check_if_derived_dimension_exists_": {
                      "actions": {
                        "Update_Derived_Dimension": {
                          "runAfter": {},
                          "metadata": {
                            "operationMetadataId": "541df7d9-b382-47f3-a0ae-a34662b922bd"
                          },
                          "type": "OpenApiConnection",
                          "inputs": {
                            "host": {
                              "connectionName": "shared_commondataserviceforapps",
                              "operationId": "UpdateRecord",
                              "apiId": "/providers/Microsoft.PowerApps/apis/shared_commondataserviceforapps"
                            },
                            "parameters": {
                              "entityName": "lcc_deriveddimensions",
                              "recordId": "@items('Apply_to_each_derived_dimension')?['mserp_deriveddimensionattributevaluesentityid']",
                              "item/lcc_name": "@items('Apply_to_each_derived_dimension')?['mserp_drivingdimensionattributevalue']",
                              "item/lcc_directorate": "@items('Apply_to_each_derived_dimension')?['mserp_deriveddimensionattributevalue1']",
                              "item/lcc_division": "@items('Apply_to_each_derived_dimension')?['mserp_deriveddimensionattributevalue3']",
                              "item/lcc_function": "@items('Apply_to_each_derived_dimension')?['mserp_deriveddimensionattributevalue4']",
                              "item/lcc_service": "@items('Apply_to_each_derived_dimension')?['mserp_deriveddimensionattributevalue2']"
                            },
                            "authentication": "@parameters('$authentication')"
                          }
                        }
                      },
                      "runAfter": {
                        "Fetch_existing_derived_dimension": [
                          "Succeeded"
                        ]
                      },
                      "else": {
                        "actions": {
                          "Add_a_new_Derived_Dimension": {
                            "runAfter": {},
                            "metadata": {
                              "operationMetadataId": "44fd19a8-bdf8-440c-b551-4978cbf5fb9b"
                            },
                            "type": "OpenApiConnection",
                            "inputs": {
                              "host": {
                                "connectionName": "shared_commondataserviceforapps",
                                "operationId": "CreateRecord",
                                "apiId": "/providers/Microsoft.PowerApps/apis/shared_commondataserviceforapps"
                              },
                              "parameters": {
                                "entityName": "lcc_deriveddimensions",
                                "item/lcc_name": "@items('Apply_to_each_derived_dimension')?['mserp_drivingdimensionattributevalue']",
                                "item/lcc_deriveddimensionid": "@items('Apply_to_each_derived_dimension')?['mserp_deriveddimensionattributevaluesentityid']",
                                "item/lcc_directorate": "@items('Apply_to_each_derived_dimension')?['mserp_deriveddimensionattributevalue1']",
                                "item/lcc_division": "@items('Apply_to_each_derived_dimension')?['mserp_deriveddimensionattributevalue3']",
                                "item/lcc_function": "@items('Apply_to_each_derived_dimension')?['mserp_deriveddimensionattributevalue4']",
                                "item/lcc_service": "@items('Apply_to_each_derived_dimension')?['mserp_deriveddimensionattributevalue2']"
                              },
                              "authentication": "@parameters('$authentication')"
                            }
                          }
                        }
                      },
                      "expression": {
                        "greater": [
                          "@length(outputs('Fetch_existing_derived_dimension')?['body/value'])",
                          0
                        ]
                      },
                      "metadata": {
                        "operationMetadataId": "35f0b669-d769-470d-9d0d-e280ded5bf54"
                      },
                      "type": "If"
                    }
                  },
                  "runAfter": {},
                  "metadata": {
                    "operationMetadataId": "52708466-e276-45e9-9b83-b1d6cced9cdb"
                  },
                  "type": "Foreach",
                  "runtimeConfiguration": {
                    "concurrency": {
                      "repetitions": 49
                    }
                  }
                }
              },
              "runAfter": {
                "Fetch_Derived_Dimensions_from_FO": [
                  "Succeeded"
                ]
              },
              "expression": {
                "greater": [
                  "@length(outputs('Fetch_Derived_Dimensions_from_FO')?['body/value'])",
                  0
                ]
              },
              "metadata": {
                "operationMetadataId": "68ab2558-5eb3-4a4c-9183-f392b5173165"
              },
              "type": "If"
            },
            "Fetch_security_role": {
              "runAfter": {
                "Fetch_admin_user": [
                  "Succeeded"
                ]
              },
              "metadata": {
                "operationMetadataId": "db11a9a9-1058-4738-b52e-4d8376fa348a"
              },
              "type": "OpenApiConnection",
              "inputs": {
                "host": {
                  "connectionName": "shared_commondataserviceforapps",
                  "operationId": "ListRecords",
                  "apiId": "/providers/Microsoft.PowerApps/apis/shared_commondataserviceforapps"
                },
                "parameters": {
                  "entityName": "roles",
                  "$filter": "name eq 'Finance Approvers'"
                },
                "authentication": "@parameters('$authentication')"
              }
            }
          },
          "runAfter": {},
          "metadata": {
            "operationMetadataId": "86b6bc66-328b-4b24-8155-598cbdd38c05"
          },
          "type": "Scope"
        },
        "Catch": {
          "actions": {
            "Run_a_Child_Flow": {
              "runAfter": {},
              "metadata": {
                "operationMetadataId": "21259f7b-1676-4d69-8971-13e21c7c8062"
              },
              "type": "Workflow",
              "inputs": {
                "host": {
                  "workflowReferenceName": "bf6b2b79-6490-ef11-8a69-0022481a6fd9"
                },
                "body": {
                  "text": "LCC - Cost Centre Group - Upsert cost centre groups and derived dimensions : ERROR @{string(result('Try'))}",
                  "text_1": "@workflow().tags.flowDisplayName",
                  "text_2": "@workflow().tags.environmentName",
                  "text_3": "@workflow().name",
                  "text_4": "@workflow().run.name"
                }
              }
            }
          },
          "runAfter": {
            "Try": [
              "Failed",
              "Skipped",
              "TimedOut"
            ]
          },
          "metadata": {
            "operationMetadataId": "e08211c8-b7c3-4de4-b54b-8caeb0acf504"
          },
          "type": "Scope"
        }
      },
      "outputs": {}
    },
    "templateName": ""
  },
  "schemaVersion": "1.0.0.0"
}