{
  "properties": {
    "connectionReferences": {
      "shared_commondataserviceforapps": {
        "runtimeSource": "embedded",
        "connection": {
          "connectionReferenceLogicalName": "lcc_sharedcommondataserviceforapps_e76ac"
        },
        "api": {
          "name": "shared_commondataserviceforapps"
        }
      }
    },
    "definition": {
      "$schema": "https://schema.management.azure.com/providers/Microsoft.Logic/schemas/2016-06-01/workflowdefinition.json#",
      "contentVersion": "1.0.0.0",
      "parameters": {
        "$connections": {
          "defaultValue": {},
          "type": "Object"
        },
        "$authentication": {
          "defaultValue": {},
          "type": "SecureObject"
        }
      },
      "triggers": {
        "Recurrence": {
          "recurrence": {
            "frequency": "Day",
            "interval": 1,
            "schedule": {
              "hours": [
                "0"
              ],
              "minutes": [
                5
              ]
            }
          },
          "metadata": {
            "operationMetadataId": "0857ec7a-524e-437e-9ac7-27dd0af8a094"
          },
          "type": "Recurrence"
        }
      },
      "actions": {
        "Try": {
          "actions": {
            "Fetch_Rollup_Query_for_Aged_query": {
              "runAfter": {},
              "metadata": {
                "operationMetadataId": "98c5aef9-b196-4565-b150-5822a32961a1"
              },
              "type": "OpenApiConnection",
              "inputs": {
                "host": {
                  "connectionName": "shared_commondataserviceforapps",
                  "operationId": "ListRecords",
                  "apiId": "/providers/Microsoft.PowerApps/apis/shared_commondataserviceforapps"
                },
                "parameters": {
                  "entityName": "goalrollupqueries",
                  "fetchXml": "<fetch version=\"1.0\" output-format=\"xml-platform\" mapping=\"logical\" distinct=\"false\">\n  <entity name=\"goalrollupquery\">\n    <attribute name=\"name\" />\n    <attribute name=\"queryentitytype\" />\n    <attribute name=\"fetchxml\" />\n    <order attribute=\"createdon\" descending=\"true\" />\n    <filter type=\"and\">\n      <condition attribute=\"statecode\" operator=\"eq\" value=\"0\" />\n      <condition attribute=\"name\" operator=\"like\" value=\"%Aged%\" />\n    </filter>\n  </entity>\n</fetch>"
                },
                "authentication": "@parameters('$authentication')"
              }
            },
            "Fetch_Requests_from_Rollup_Qeury": {
              "runAfter": {
                "Fetch_Rollup_Query_for_Aged_query": [
                  "Succeeded"
                ]
              },
              "metadata": {
                "operationMetadataId": "7cef4a36-258c-4142-be1d-5147484ec33f"
              },
              "type": "OpenApiConnection",
              "inputs": {
                "host": {
                  "connectionName": "shared_commondataserviceforapps",
                  "operationId": "ListRecords",
                  "apiId": "/providers/Microsoft.PowerApps/apis/shared_commondataserviceforapps"
                },
                "parameters": {
                  "entityName": "lcc_requests",
                  "fetchXml": "@first(body('Fetch_Rollup_Query_for_Aged_query')?['value'])?['fetchxml']"
                },
                "authentication": "@parameters('$authentication')"
              }
            },
            "Condition": {
              "actions": {
                "Apply_to_each": {
                  "foreach": "@outputs('Fetch_Requests_from_Rollup_Qeury')?['body/value']",
                  "actions": {
                    "Fetch_Request_details": {
                      "runAfter": {},
                      "metadata": {
                        "operationMetadataId": "8ac13366-23ad-4f2e-a231-54018e905de5"
                      },
                      "type": "OpenApiConnection",
                      "inputs": {
                        "host": {
                          "connectionName": "shared_commondataserviceforapps",
                          "operationId": "GetItem",
                          "apiId": "/providers/Microsoft.PowerApps/apis/shared_commondataserviceforapps"
                        },
                        "parameters": {
                          "entityName": "lcc_requests",
                          "recordId": "@items('Apply_to_each')?['lcc_requestid']"
                        },
                        "authentication": "@parameters('$authentication')"
                      }
                    },
                    "Fetch_next_Request_Stages": {
                      "runAfter": {
                        "Fetch_current_request_stage": [
                          "Succeeded"
                        ]
                      },
                      "metadata": {
                        "operationMetadataId": "b2fb4f9e-c7e2-415a-a7e0-41924ae7d457"
                      },
                      "type": "OpenApiConnection",
                      "inputs": {
                        "host": {
                          "connectionName": "shared_commondataserviceforapps",
                          "operationId": "ListRecords",
                          "apiId": "/providers/Microsoft.PowerApps/apis/shared_commondataserviceforapps"
                        },
                        "parameters": {
                          "entityName": "lcc_requeststages",
                          "fetchXml": "<fetch version=\"1.0\" output-format=\"xml-platform\" mapping=\"logical\" distinct=\"false\">\n  <entity name=\"lcc_requeststage\">\n    <attribute name=\"lcc_requeststageid\" />\n    <attribute name=\"lcc_requeststagename\" />\n    <attribute name=\"createdon\" />\n    <attribute name=\"statuscode\" />\n    <attribute name=\"statecode\" />\n    <attribute name=\"lcc_sequencenumber\" />\n    <attribute name=\"lcc_requeststatus\" />\n    <attribute name=\"lcc_request\" />\n    <attribute name=\"overriddencreatedon\" />\n    <attribute name=\"modifiedon\" />\n    <attribute name=\"modifiedonbehalfby\" />\n    <attribute name=\"modifiedby\" />\n    <attribute name=\"createdonbehalfby\" />\n    <attribute name=\"createdby\" />\n    <attribute name=\"lcc_approverid\" />\n    <attribute name=\"lcc_approved\" />\n    <order attribute=\"lcc_sequencenumber\" descending=\"false\" />\n    <filter type=\"and\">\n      <condition attribute=\"lcc_request\" operator=\"eq\" uitype=\"lcc_request\" value=\"@{items('Apply_to_each')?['lcc_requestid']}\" />\n      <condition attribute=\"lcc_sequencenumber\" operator=\"gt\" value=\"@{outputs('Fetch_current_approval_stage')?['body/lcc_sequencenumber']}\" />\n    </filter>\n  </entity>\n</fetch>"
                        },
                        "authentication": "@parameters('$authentication')"
                      }
                    },
                    "Fetch_current_approval_stage": {
                      "runAfter": {
                        "Fetch_Request_details": [
                          "Succeeded"
                        ]
                      },
                      "metadata": {
                        "operationMetadataId": "77860bbb-ff2b-435f-9096-3a25efa3ad67"
                      },
                      "type": "OpenApiConnection",
                      "inputs": {
                        "host": {
                          "connectionName": "shared_commondataserviceforapps",
                          "operationId": "GetItem",
                          "apiId": "/providers/Microsoft.PowerApps/apis/shared_commondataserviceforapps"
                        },
                        "parameters": {
                          "entityName": "lcc_approvalstages",
                          "recordId": "@outputs('Fetch_Request_details')?['body/_lcc_approvalstage_value']"
                        },
                        "authentication": "@parameters('$authentication')"
                      }
                    },
                    "Check_if_next_stage_is_present_or_not": {
                      "actions": {
                        "Update_request_record": {
                          "runAfter": {},
                          "metadata": {
                            "operationMetadataId": "1b329cc8-4b10-424d-a3bd-077d5a500bca"
                          },
                          "type": "OpenApiConnection",
                          "inputs": {
                            "host": {
                              "connectionName": "shared_commondataserviceforapps",
                              "operationId": "UpdateRecord",
                              "apiId": "/providers/Microsoft.PowerApps/apis/shared_commondataserviceforapps"
                            },
                            "parameters": {
                              "entityName": "lcc_requests",
                              "recordId": "@items('Apply_to_each')?['lcc_requestid']",
                              "item/lcc_ApprovalStage@odata.bind": "@concat('lcc_approvalstages/',first(outputs('Fetch_next_approval_stage')?['body/value'])?['lcc_approvalstageid'])",
                              "item/lcc_ApproverId_team@odata.bind": "@if(equals(first(outputs('Fetch_next_Request_Stages')?['body/value'])?['_lcc_approverid_value@Microsoft.Dynamics.CRM.lookuplogicalname'],'systemuser'),concat('/systemusers(',first(outputs('Fetch_next_Request_Stages')?['body/value'])?['_lcc_approverid_value'],')'),concat('/teams(',first(outputs('Fetch_next_Request_Stages')?['body/value'])?['_lcc_approverid_value'],')'))",
                              "item/lcc_ApproverId_systemuser@odata.bind": "@if(equals(first(outputs('Fetch_next_Request_Stages')?['body/value'])?['_lcc_approverid_value@Microsoft.Dynamics.CRM.lookuplogicalname'],'systemuser'),concat('/systemusers(',first(outputs('Fetch_next_Request_Stages')?['body/value'])?['_lcc_approverid_value'],')'),concat('/teams(',first(outputs('Fetch_next_Request_Stages')?['body/value'])?['_lcc_approverid_value'],')'))",
                              "item/ownerid@odata.bind": "@if(equals(first(outputs('Fetch_next_Request_Stages')?['body/value'])?['_lcc_approverid_value@Microsoft.Dynamics.CRM.lookuplogicalname'],'systemuser'),concat('/systemusers(',first(outputs('Fetch_next_Request_Stages')?['body/value'])?['_lcc_approverid_value'],')'),concat('/teams(',first(outputs('Fetch_next_Request_Stages')?['body/value'])?['_lcc_approverid_value'],')'))"
                            },
                            "authentication": "@parameters('$authentication')"
                          }
                        },
                        "Update_current_request_stage": {
                          "runAfter": {
                            "Update_request_record": [
                              "Succeeded"
                            ]
                          },
                          "metadata": {
                            "operationMetadataId": "4df6c427-3ca9-49a2-a4e0-58f2556df39f"
                          },
                          "type": "OpenApiConnection",
                          "inputs": {
                            "host": {
                              "connectionName": "shared_commondataserviceforapps",
                              "operationId": "UpdateRecord",
                              "apiId": "/providers/Microsoft.PowerApps/apis/shared_commondataserviceforapps"
                            },
                            "parameters": {
                              "entityName": "lcc_requeststages",
                              "recordId": "@first(outputs('Fetch_current_request_stage')?['body/value'])?['lcc_requeststageid']",
                              "item/lcc_delegated": true,
                              "item/lcc_RequestStatus@odata.bind": "lcc_requeststatuses/@{outputs('Fetch_Request_details')?['body/_lcc_requeststatus_value']}"
                            },
                            "authentication": "@parameters('$authentication')"
                          }
                        }
                      },
                      "runAfter": {
                        "Fetch_next_Request_Stages": [
                          "Succeeded"
                        ]
                      },
                      "else": {
                        "actions": {
                          "Fetch_Request_Status_Rejected": {
                            "runAfter": {},
                            "metadata": {
                              "operationMetadataId": "14bf1ecb-fc22-4f96-9275-76f686d421f4"
                            },
                            "type": "OpenApiConnection",
                            "inputs": {
                              "host": {
                                "connectionName": "shared_commondataserviceforapps",
                                "operationId": "ListRecords",
                                "apiId": "/providers/Microsoft.PowerApps/apis/shared_commondataserviceforapps"
                              },
                              "parameters": {
                                "entityName": "lcc_requeststatuses",
                                "$filter": "lcc_name eq 'Rejected'",
                                "$top": 1
                              },
                              "authentication": "@parameters('$authentication')"
                            }
                          },
                          "Update_Request_entity_record_to_Rejected": {
                            "runAfter": {
                              "Fetch_Request_Status_Rejected": [
                                "Succeeded"
                              ]
                            },
                            "metadata": {
                              "operationMetadataId": "c983c919-3404-44b8-a2ce-6844bdc72a5e"
                            },
                            "type": "OpenApiConnection",
                            "inputs": {
                              "host": {
                                "connectionName": "shared_commondataserviceforapps",
                                "operationId": "UpdateRecord",
                                "apiId": "/providers/Microsoft.PowerApps/apis/shared_commondataserviceforapps"
                              },
                              "parameters": {
                                "entityName": "lcc_requests",
                                "recordId": "@items('Apply_to_each')?['lcc_requestid']",
                                "item/lcc_RequestStatus@odata.bind": "lcc_requeststatuses/@{first(body('Fetch_Request_Status_Rejected')?['value'])?['lcc_requeststatusid']}",
                                "item/lcc_approved": false,
                                "item/lcc_isautorejected": true
                              },
                              "authentication": "@parameters('$authentication')"
                            }
                          }
                        }
                      },
                      "expression": {
                        "greater": [
                          "@length(outputs('Fetch_next_Request_Stages')?['body/value'])",
                          0
                        ]
                      },
                      "metadata": {
                        "operationMetadataId": "22193ea8-9bcf-43c8-bd6f-af8ab4878041"
                      },
                      "type": "If"
                    },
                    "Fetch_next_approval_stage": {
                      "runAfter": {
                        "Fetch_current_approval_stage": [
                          "Succeeded"
                        ]
                      },
                      "metadata": {
                        "operationMetadataId": "cd2d89b6-b13f-448d-a054-71195584427d"
                      },
                      "type": "OpenApiConnection",
                      "inputs": {
                        "host": {
                          "connectionName": "shared_commondataserviceforapps",
                          "operationId": "ListRecords",
                          "apiId": "/providers/Microsoft.PowerApps/apis/shared_commondataserviceforapps"
                        },
                        "parameters": {
                          "entityName": "lcc_approvalstages",
                          "$filter": "lcc_sequencenumber gt @{outputs('Fetch_current_approval_stage')?['body/lcc_sequencenumber']} and _lcc_requesttype_value eq '@{outputs('Fetch_Request_details')?['body/_lcc_requesttype_value']}'",
                          "$orderby": "lcc_sequencenumber asc",
                          "$top": 1
                        },
                        "authentication": "@parameters('$authentication')"
                      }
                    },
                    "Fetch_current_request_stage": {
                      "runAfter": {
                        "Fetch_next_approval_stage": [
                          "Succeeded"
                        ]
                      },
                      "metadata": {
                        "operationMetadataId": "2fa86fd0-9997-406d-a25b-e828299436ce"
                      },
                      "type": "OpenApiConnection",
                      "inputs": {
                        "host": {
                          "connectionName": "shared_commondataserviceforapps",
                          "operationId": "ListRecords",
                          "apiId": "/providers/Microsoft.PowerApps/apis/shared_commondataserviceforapps"
                        },
                        "parameters": {
                          "entityName": "lcc_requeststages",
                          "$filter": "lcc_requeststagename eq '@{outputs('Fetch_current_approval_stage')?['body/lcc_approvalstagename']}' and _lcc_request_value eq '@{outputs('Fetch_Request_details')?['body/lcc_requestid']}'"
                        },
                        "authentication": "@parameters('$authentication')"
                      }
                    }
                  },
                  "runAfter": {},
                  "metadata": {
                    "operationMetadataId": "1c9a7ce8-412a-4fd1-bcf8-f2a9d89c8976"
                  },
                  "type": "Foreach"
                }
              },
              "runAfter": {
                "Fetch_Requests_from_Rollup_Qeury": [
                  "Succeeded"
                ]
              },
              "expression": {
                "greater": [
                  "@length(outputs('Fetch_Requests_from_Rollup_Qeury')?['body/value'])",
                  0
                ]
              },
              "metadata": {
                "operationMetadataId": "48825153-d2b9-43eb-8960-88de4917458a"
              },
              "type": "If"
            }
          },
          "runAfter": {},
          "metadata": {
            "operationMetadataId": "cad31b4d-2b81-45bc-ad3f-5015ac6312e9"
          },
          "type": "Scope"
        },
        "Catch": {
          "actions": {
            "Run_a_Child_Flow": {
              "runAfter": {},
              "metadata": {
                "operationMetadataId": "b2e99d8c-351a-4e9b-8d37-0561b290d6f1"
              },
              "type": "Workflow",
              "inputs": {
                "host": {
                  "workflowReferenceName": "bf6b2b79-6490-ef11-8a69-0022481a6fd9"
                },
                "body": {
                  "text": "LCC - Global - Auto Rejection and Delegation of requests - ERROR: @{string(result('Try'))}",
                  "text_1": "@workflow().tags.flowDisplayName",
                  "text_2": "@workflow().tags.environmentName",
                  "text_3": "@workflow().name",
                  "text_4": "@workflow().run.name"
                }
              }
            }
          },
          "runAfter": {
            "Try": [
              "Failed",
              "Skipped",
              "TimedOut"
            ]
          },
          "metadata": {
            "operationMetadataId": "bc64a638-481a-49c9-ab57-a79ce223fbcb"
          },
          "type": "Scope"
        }
      },
      "outputs": {}
    },
    "templateName": ""
  },
  "schemaVersion": "1.0.0.0"
}