{
  "properties": {
    "connectionReferences": {
      "shared_commondataserviceforapps_1": {
        "runtimeSource": "embedded",
        "connection": {
          "connectionReferenceLogicalName": "lcc_sharedcommondataserviceforapps_e76ac"
        },
        "api": {
          "name": "shared_commondataserviceforapps"
        }
      },
      "shared_commondataserviceforapps": {
        "runtimeSource": "embedded",
        "connection": {
          "connectionReferenceLogicalName": "lcc_sharedcommondataserviceforapps_e76ac"
        },
        "api": {
          "name": "shared_commondataserviceforapps"
        }
      }
    },
    "definition": {
      "$schema": "https://schema.management.azure.com/providers/Microsoft.Logic/schemas/2016-06-01/workflowdefinition.json#",
      "contentVersion": "1.0.0.0",
      "parameters": {
        "$connections": {
          "defaultValue": {},
          "type": "Object"
        },
        "$authentication": {
          "defaultValue": {},
          "type": "SecureObject"
        },
        "Language (lcc_Language)": {
          "defaultValue": "en-GB",
          "type": "String",
          "metadata": {
            "schemaName": "lcc_Language"
          }
        },
        "Purpose (lcc_Purpose)": {
          "defaultValue": "Business",
          "type": "String",
          "metadata": {
            "schemaName": "lcc_Purpose"
          }
        }
      },
      "triggers": {
        "When_a_row_is_added,_modified_or_deleted": {
          "metadata": {
            "operationMetadataId": "ffa4eba7-ad87-4eb2-84e4-fcee014590aa"
          },
          "type": "OpenApiConnectionWebhook",
          "inputs": {
            "host": {
              "connectionName": "shared_commondataserviceforapps_1",
              "operationId": "SubscribeWebhookTrigger",
              "apiId": "/providers/Microsoft.PowerApps/apis/shared_commondataserviceforapps"
            },
            "parameters": {
              "subscriptionRequest/message": 4,
              "subscriptionRequest/entityname": "lcc_contactinformation",
              "subscriptionRequest/scope": 4,
              "subscriptionRequest/filteringattributes": "lcc_purpose"
            },
            "authentication": "@parameters('$authentication')"
          }
        }
      },
      "actions": {
        "Try": {
          "actions": {
            "Check_If_Purpose_is_equal_to_null": {
              "actions": {
                "Get_Purpose": {
                  "runAfter": {},
                  "metadata": {
                    "operationMetadataId": "bdf60ac6-ddd3-40da-b528-d9b6a08acb60"
                  },
                  "type": "OpenApiConnection",
                  "inputs": {
                    "host": {
                      "connectionName": "shared_commondataserviceforapps_1",
                      "operationId": "ListRecords",
                      "apiId": "/providers/Microsoft.PowerApps/apis/shared_commondataserviceforapps"
                    },
                    "parameters": {
                      "entityName": "mserp_logisticslocationroleentities",
                      "fetchXml": "<fetch version=\"1.0\" output-format=\"xml-platform\" mapping=\"logical\" distinct=\"false\">\n  <entity name=\"mserp_logisticslocationroleentity\">\n    <attribute name=\"mserp_logisticslocationroleentityid\" />\n    <attribute name=\"mserp_primaryfield\" />\n    <attribute name=\"mserp_purpose\" />\n    <filter type=\"and\">\n      <condition attribute=\"mserp_language\" operator=\"eq\" value=\"@{parameters('Language (lcc_Language)')}\" />\n      <condition attribute=\"mserp_purpose\" operator=\"eq\" value=\"@{parameters('Purpose (lcc_Purpose)')}\" />\n    </filter>\n  </entity>\n</fetch>"
                    },
                    "authentication": "@parameters('$authentication')"
                  }
                },
                "Check_length_of_Purpose": {
                  "actions": {
                    "Update_Contact_Information": {
                      "runAfter": {},
                      "metadata": {
                        "operationMetadataId": "482e2ff3-a7ce-4319-905c-55faf3bc18bf"
                      },
                      "type": "OpenApiConnection",
                      "inputs": {
                        "host": {
                          "connectionName": "shared_commondataserviceforapps",
                          "operationId": "UpdateRecord",
                          "apiId": "/providers/Microsoft.PowerApps/apis/shared_commondataserviceforapps"
                        },
                        "parameters": {
                          "entityName": "lcc_contactinformations",
                          "recordId": "@triggerOutputs()?['body/lcc_contactinformationid']",
                          "item/lcc_Purpose@odata.bind": "@concat('/mserp_logisticslocationroleentities(', first(outputs('Get_Purpose')?['body/value'])?['mserp_logisticslocationroleentityid'],')')",
                          "item/lcc_purposevalue": "@first(outputs('Get_Purpose')?['body/value'])?['mserp_purpose']"
                        },
                        "authentication": "@parameters('$authentication')"
                      }
                    }
                  },
                  "runAfter": {
                    "Get_Purpose": [
                      "Succeeded"
                    ]
                  },
                  "expression": {
                    "greater": [
                      "@length(outputs('Get_Purpose')?['body/value'])",
                      0
                    ]
                  },
                  "metadata": {
                    "operationMetadataId": "77d71687-9dc3-4046-a162-050ed63f33e0"
                  },
                  "type": "If"
                }
              },
              "runAfter": {},
              "else": {
                "actions": {
                  "Get_Purpose_based_on_Id": {
                    "runAfter": {},
                    "metadata": {
                      "operationMetadataId": "bdf60ac6-ddd3-40da-b528-d9b6a08acb60"
                    },
                    "type": "OpenApiConnection",
                    "inputs": {
                      "host": {
                        "connectionName": "shared_commondataserviceforapps_1",
                        "operationId": "ListRecords",
                        "apiId": "/providers/Microsoft.PowerApps/apis/shared_commondataserviceforapps"
                      },
                      "parameters": {
                        "entityName": "mserp_logisticslocationroleentities",
                        "fetchXml": "<fetch version=\"1.0\" output-format=\"xml-platform\" mapping=\"logical\" distinct=\"false\">\n  <entity name=\"mserp_logisticslocationroleentity\">\n    <attribute name=\"mserp_logisticslocationroleentityid\" />\n    <attribute name=\"mserp_primaryfield\" />\n    <attribute name=\"mserp_purpose\" />\n    <filter type=\"and\">\n      <condition attribute=\"mserp_language\" operator=\"eq\" value=\"@{parameters('Language (lcc_Language)')}\" />\n      <condition attribute=\"mserp_logisticslocationroleentityid\" operator=\"eq\" value=\"@{triggerOutputs()?['body/_lcc_purpose_value']}\" />\n    </filter>\n  </entity>\n</fetch>"
                      },
                      "authentication": "@parameters('$authentication')"
                    }
                  },
                  "Condition": {
                    "actions": {
                      "Update_a_row": {
                        "runAfter": {},
                        "metadata": {
                          "operationMetadataId": "c9237e57-837a-4c77-9a54-03cc32a4ef05"
                        },
                        "type": "OpenApiConnection",
                        "inputs": {
                          "host": {
                            "connectionName": "shared_commondataserviceforapps",
                            "operationId": "UpdateRecord",
                            "apiId": "/providers/Microsoft.PowerApps/apis/shared_commondataserviceforapps"
                          },
                          "parameters": {
                            "entityName": "lcc_contactinformations",
                            "recordId": "@triggerOutputs()?['body/lcc_contactinformationid']",
                            "item/lcc_purposevalue": "@first(outputs('Get_Purpose_based_on_Id')?['body/value'])?['mserp_purpose']"
                          },
                          "authentication": "@parameters('$authentication')"
                        }
                      }
                    },
                    "runAfter": {
                      "Get_Purpose_based_on_Id": [
                        "Succeeded"
                      ]
                    },
                    "expression": {
                      "greater": [
                        "@length(outputs('Get_Purpose_based_on_Id')?['body/value'])",
                        0
                      ]
                    },
                    "metadata": {
                      "operationMetadataId": "affc665c-b120-43a6-b197-ec6938365fce"
                    },
                    "type": "If"
                  }
                }
              },
              "expression": {
                "equals": [
                  "@triggerOutputs()?['body/_lcc_purpose_value']",
                  "@null"
                ]
              },
              "metadata": {
                "operationMetadataId": "97d5c2c0-c8ad-4c88-8827-1d3c2d9e2037"
              },
              "type": "If"
            }
          },
          "runAfter": {},
          "metadata": {
            "operationMetadataId": "577b6080-637e-444f-86a7-bc3a05496a12"
          },
          "type": "Scope"
        },
        "Catch": {
          "actions": {
            "Run_a_Child_Flow": {
              "runAfter": {},
              "metadata": {
                "operationMetadataId": "b2e99d8c-351a-4e9b-8d37-0561b290d6f1"
              },
              "type": "Workflow",
              "inputs": {
                "host": {
                  "workflowReferenceName": "bf6b2b79-6490-ef11-8a69-0022481a6fd9"
                },
                "body": {
                  "text": "LCC - Contact Information - Set Purpose Value - ERROR: @{string(result('Try'))}",
                  "text_1": "@workflow().tags.flowDisplayName",
                  "text_2": "@workflow().tags.environmentName",
                  "text_3": "@workflow().name",
                  "text_4": "@workflow().run.name"
                }
              }
            }
          },
          "runAfter": {
            "Try": [
              "Failed",
              "Skipped",
              "TimedOut"
            ]
          },
          "metadata": {
            "operationMetadataId": "bc64a638-481a-49c9-ab57-a79ce223fbcb"
          },
          "type": "Scope"
        }
      }
    },
    "templateName": ""
  },
  "schemaVersion": "1.0.0.0"
}