{
  "properties": {
    "connectionReferences": {
      "shared_commondataserviceforapps_1": {
        "runtimeSource": "embedded",
        "connection": {
          "connectionReferenceLogicalName": "lcc_sharedcommondataserviceforapps_e76ac"
        },
        "api": {
          "name": "shared_commondataserviceforapps"
        }
      }
    },
    "definition": {
      "$schema": "https://schema.management.azure.com/providers/Microsoft.Logic/schemas/2016-06-01/workflowdefinition.json#",
      "contentVersion": "1.0.0.0",
      "parameters": {
        "$connections": {
          "defaultValue": {},
          "type": "Object"
        },
        "$authentication": {
          "defaultValue": {},
          "type": "SecureObject"
        },
        "Admin user name (lcc_Adminusername)": {
          "defaultValue": "# SVC_PP_ADMIN_FINANCE",
          "type": "String",
          "metadata": {
            "schemaName": "lcc_Adminusername"
          }
        }
      },
      "triggers": {
        "manual": {
          "metadata": {
            "operationMetadataId": "c148d1d9-0c92-4cbe-a0ad-1adbbf914671"
          },
          "type": "Request",
          "kind": "Button",
          "inputs": {
            "schema": {
              "type": "object",
              "properties": {},
              "required": []
            }
          }
        }
      },
      "actions": {
        "Try": {
          "actions": {
            "Fetch_Distinct_Departments": {
              "runAfter": {},
              "metadata": {
                "operationMetadataId": "587016fd-59af-4b97-bf57-3dba1b6f1e7b"
              },
              "type": "OpenApiConnection",
              "inputs": {
                "host": {
                  "connectionName": "shared_commondataserviceforapps_1",
                  "operationId": "ListRecords",
                  "apiId": "/providers/Microsoft.PowerApps/apis/shared_commondataserviceforapps"
                },
                "parameters": {
                  "entityName": "mserp_custbillingcodeversionentities",
                  "fetchXml": "<fetch distinct=\"true\">\n  <entity name=\"mserp_custbillingcodeversionentity\">\n    <attribute name=\"mserp_department\" />\n    <filter>\n      <condition attribute=\"mserp_department\" operator=\"not-null\" />\n    </filter>\n  </entity>\n</fetch>"
                },
                "authentication": {
                  "type": "Raw",
                  "value": "@json(decodeBase64(triggerOutputs().headers['X-MS-APIM-Tokens']))['$ConnectionKey']"
                }
              }
            },
            "If_the_length_is_greater_than_0": {
              "actions": {
                "Apply_to_each_department": {
                  "foreach": "@outputs('Fetch_Distinct_Departments')?['body/value']",
                  "actions": {
                    "Fetch_existing_teams_for_department": {
                      "runAfter": {},
                      "metadata": {
                        "operationMetadataId": "4a670ac2-51ab-420e-ba8b-6e10ff961665"
                      },
                      "type": "OpenApiConnection",
                      "inputs": {
                        "host": {
                          "connectionName": "shared_commondataserviceforapps_1",
                          "operationId": "ListRecords",
                          "apiId": "/providers/Microsoft.PowerApps/apis/shared_commondataserviceforapps"
                        },
                        "parameters": {
                          "entityName": "teams",
                          "$filter": "lcc_department eq '@{items('Apply_to_each_department')?['mserp_department']}'"
                        },
                        "authentication": {
                          "type": "Raw",
                          "value": "@json(decodeBase64(triggerOutputs().headers['X-MS-APIM-Tokens']))['$ConnectionKey']"
                        }
                      }
                    },
                    "If_team_exists_with_same_department": {
                      "actions": {
                        "Update_existing_team": {
                          "runAfter": {},
                          "metadata": {
                            "operationMetadataId": "ddbc2c7a-1d34-4c7b-8b33-9bf64e8d24ee"
                          },
                          "type": "OpenApiConnection",
                          "inputs": {
                            "host": {
                              "connectionName": "shared_commondataserviceforapps_1",
                              "operationId": "UpdateRecord",
                              "apiId": "/providers/Microsoft.PowerApps/apis/shared_commondataserviceforapps"
                            },
                            "parameters": {
                              "entityName": "teams",
                              "recordId": "@first(outputs('Fetch_existing_teams_for_department')?['body/value'])?['teamid']",
                              "item/administratorid@odata.bind": "systemusers/@{first(outputs('Fetch_admin_user')?['body/value'])?['systemuserid']}",
                              "item/name": "@items('Apply_to_each_department')?['mserp_department']",
                              "item/lcc_department": "@items('Apply_to_each_department')?['mserp_department']",
                              "item/lcc_teamgroup": 851800001
                            },
                            "authentication": {
                              "type": "Raw",
                              "value": "@json(decodeBase64(triggerOutputs().headers['X-MS-APIM-Tokens']))['$ConnectionKey']"
                            }
                          }
                        },
                        "Fetch_Default_Queue_2": {
                          "runAfter": {
                            "Update_existing_team": [
                              "Succeeded"
                            ]
                          },
                          "metadata": {
                            "operationMetadataId": "098c8b8e-9c4c-4720-9f16-055500db8932"
                          },
                          "type": "OpenApiConnection",
                          "inputs": {
                            "host": {
                              "connectionName": "shared_commondataserviceforapps_1",
                              "operationId": "GetItem",
                              "apiId": "/providers/Microsoft.PowerApps/apis/shared_commondataserviceforapps"
                            },
                            "parameters": {
                              "entityName": "queues",
                              "recordId": "@outputs('Update_existing_team')?['body/_queueid_value']",
                              "$select": "name"
                            },
                            "authentication": {
                              "type": "Raw",
                              "value": "@json(decodeBase64(triggerOutputs().headers['X-MS-APIM-Tokens']))['$ConnectionKey']"
                            }
                          }
                        },
                        "Update_queue_name": {
                          "runAfter": {
                            "Fetch_Default_Queue_2": [
                              "Succeeded"
                            ]
                          },
                          "metadata": {
                            "operationMetadataId": "ad040bc3-ad44-4282-9ca2-611ef3506dd5"
                          },
                          "type": "OpenApiConnection",
                          "inputs": {
                            "host": {
                              "connectionName": "shared_commondataserviceforapps_1",
                              "operationId": "UpdateRecord",
                              "apiId": "/providers/Microsoft.PowerApps/apis/shared_commondataserviceforapps"
                            },
                            "parameters": {
                              "entityName": "queues",
                              "recordId": "@outputs('Update_existing_team')?['body/_queueid_value']",
                              "item/name": "@replace(replace(outputs('Fetch_Default_Queue_2')?['body/name'], '<', ''),'>','')"
                            },
                            "authentication": {
                              "type": "Raw",
                              "value": "@json(decodeBase64(triggerOutputs().headers['X-MS-APIM-Tokens']))['$ConnectionKey']"
                            }
                          }
                        },
                        "Relate_rows_2": {
                          "runAfter": {
                            "Update_queue_name": [
                              "Succeeded"
                            ]
                          },
                          "metadata": {
                            "operationMetadataId": "6e691e00-3091-40cf-9760-092580790cde"
                          },
                          "type": "OpenApiConnection",
                          "inputs": {
                            "host": {
                              "connectionName": "shared_commondataserviceforapps_1",
                              "operationId": "AssociateEntities",
                              "apiId": "/providers/Microsoft.PowerApps/apis/shared_commondataserviceforapps"
                            },
                            "parameters": {
                              "entityName": "teams",
                              "recordId": "@outputs('Update_existing_team')?['body/teamid']",
                              "associationEntityRelationship": "teamroles_association",
                              "item/@odata.id": "@first(outputs('Fetch_security_role')?['body/value'])?['@odata.id']"
                            },
                            "authentication": {
                              "type": "Raw",
                              "value": "@json(decodeBase64(triggerOutputs().headers['X-MS-APIM-Tokens']))['$ConnectionKey']"
                            }
                          }
                        }
                      },
                      "runAfter": {
                        "Fetch_existing_teams_for_department": [
                          "Succeeded"
                        ]
                      },
                      "else": {
                        "actions": {
                          "Create_a_new_team": {
                            "runAfter": {},
                            "metadata": {
                              "operationMetadataId": "aa1703bd-769e-4b54-8037-1e669e7ac187"
                            },
                            "type": "OpenApiConnection",
                            "inputs": {
                              "host": {
                                "connectionName": "shared_commondataserviceforapps_1",
                                "operationId": "CreateRecord",
                                "apiId": "/providers/Microsoft.PowerApps/apis/shared_commondataserviceforapps"
                              },
                              "parameters": {
                                "entityName": "teams",
                                "item/administratorid@odata.bind": "systemusers/@{first(outputs('Fetch_admin_user')?['body/value'])?['systemuserid']}",
                                "item/name": "@items('Apply_to_each_department')?['mserp_department']",
                                "item/teamtype": 0,
                                "item/lcc_department": "@items('Apply_to_each_department')?['mserp_department']",
                                "item/lcc_teamgroup": 851800001
                              },
                              "authentication": {
                                "type": "Raw",
                                "value": "@json(decodeBase64(triggerOutputs().headers['X-MS-APIM-Tokens']))['$ConnectionKey']"
                              }
                            }
                          },
                          "Fetch_Default_Queue": {
                            "runAfter": {
                              "Create_a_new_team": [
                                "Succeeded"
                              ]
                            },
                            "metadata": {
                              "operationMetadataId": "a6e0842e-745e-428b-a527-30fe04da72d7"
                            },
                            "type": "OpenApiConnection",
                            "inputs": {
                              "host": {
                                "connectionName": "shared_commondataserviceforapps_1",
                                "operationId": "GetItem",
                                "apiId": "/providers/Microsoft.PowerApps/apis/shared_commondataserviceforapps"
                              },
                              "parameters": {
                                "entityName": "queues",
                                "recordId": "@outputs('Create_a_new_team')?['body/_queueid_value']",
                                "$select": "name"
                              },
                              "authentication": {
                                "type": "Raw",
                                "value": "@json(decodeBase64(triggerOutputs().headers['X-MS-APIM-Tokens']))['$ConnectionKey']"
                              }
                            }
                          },
                          "Update_queue_name_2": {
                            "runAfter": {
                              "Fetch_Default_Queue": [
                                "Succeeded"
                              ]
                            },
                            "metadata": {
                              "operationMetadataId": "3dec7dd0-79c1-4653-8252-7e438c2386b5"
                            },
                            "type": "OpenApiConnection",
                            "inputs": {
                              "host": {
                                "connectionName": "shared_commondataserviceforapps_1",
                                "operationId": "UpdateRecord",
                                "apiId": "/providers/Microsoft.PowerApps/apis/shared_commondataserviceforapps"
                              },
                              "parameters": {
                                "entityName": "queues",
                                "recordId": "@outputs('Create_a_new_team')?['body/_queueid_value']",
                                "item/name": "@replace(replace(outputs('Fetch_Default_Queue')?['body/name'], '<', ''),'>','')"
                              },
                              "authentication": {
                                "type": "Raw",
                                "value": "@json(decodeBase64(triggerOutputs().headers['X-MS-APIM-Tokens']))['$ConnectionKey']"
                              }
                            }
                          },
                          "Relate_rows": {
                            "runAfter": {
                              "Update_queue_name_2": [
                                "Succeeded"
                              ]
                            },
                            "metadata": {
                              "operationMetadataId": "b786c660-ef81-40c6-bb84-eb91d03cd8b2"
                            },
                            "type": "OpenApiConnection",
                            "inputs": {
                              "host": {
                                "connectionName": "shared_commondataserviceforapps_1",
                                "operationId": "AssociateEntities",
                                "apiId": "/providers/Microsoft.PowerApps/apis/shared_commondataserviceforapps"
                              },
                              "parameters": {
                                "entityName": "teams",
                                "recordId": "@outputs('Create_a_new_team')?['body/teamid']",
                                "associationEntityRelationship": "teamroles_association",
                                "item/@odata.id": "@first(outputs('Fetch_security_role')?['body/value'])?['@odata.id']"
                              },
                              "authentication": {
                                "type": "Raw",
                                "value": "@json(decodeBase64(triggerOutputs().headers['X-MS-APIM-Tokens']))['$ConnectionKey']"
                              }
                            }
                          }
                        }
                      },
                      "expression": {
                        "greater": [
                          "@length(outputs('Fetch_existing_teams_for_department')?['body/value'])",
                          0
                        ]
                      },
                      "metadata": {
                        "operationMetadataId": "4344a536-be14-4d0a-9ca9-de2a50adc05f"
                      },
                      "type": "If"
                    }
                  },
                  "runAfter": {},
                  "metadata": {
                    "operationMetadataId": "d71611aa-f099-4544-9c0f-d5ba1e7af674"
                  },
                  "type": "Foreach"
                }
              },
              "runAfter": {
                "Fetch_security_role": [
                  "Succeeded"
                ]
              },
              "expression": {
                "greater": [
                  "@length(outputs('Fetch_Distinct_Departments')?['body/value'])",
                  0
                ]
              },
              "metadata": {
                "operationMetadataId": "ac0e0d8a-5950-4c09-90b4-cdc94f86764f"
              },
              "type": "If"
            },
            "Fetch_admin_user": {
              "runAfter": {
                "Fetch_Distinct_Departments": [
                  "Succeeded"
                ]
              },
              "metadata": {
                "operationMetadataId": "7d292206-d37f-441a-ba49-16398e82fd71"
              },
              "type": "OpenApiConnection",
              "inputs": {
                "host": {
                  "connectionName": "shared_commondataserviceforapps_1",
                  "operationId": "ListRecords",
                  "apiId": "/providers/Microsoft.PowerApps/apis/shared_commondataserviceforapps"
                },
                "parameters": {
                  "entityName": "systemusers",
                  "$filter": "(fullname eq '@{parameters('Admin user name (lcc_Adminusername)')}')"
                },
                "authentication": {
                  "type": "Raw",
                  "value": "@json(decodeBase64(triggerOutputs().headers['X-MS-APIM-Tokens']))['$ConnectionKey']"
                }
              }
            },
            "Fetch_security_role": {
              "runAfter": {
                "Fetch_admin_user": [
                  "Succeeded"
                ]
              },
              "metadata": {
                "operationMetadataId": "3a91b6c3-3767-46de-a6b4-0d377145685c"
              },
              "type": "OpenApiConnection",
              "inputs": {
                "host": {
                  "connectionName": "shared_commondataserviceforapps_1",
                  "operationId": "ListRecords",
                  "apiId": "/providers/Microsoft.PowerApps/apis/shared_commondataserviceforapps"
                },
                "parameters": {
                  "entityName": "roles",
                  "$filter": "name eq 'Finance Approvers'"
                },
                "authentication": {
                  "type": "Raw",
                  "value": "@json(decodeBase64(triggerOutputs().headers['X-MS-APIM-Tokens']))['$ConnectionKey']"
                }
              }
            }
          },
          "runAfter": {},
          "metadata": {
            "operationMetadataId": "5d5d70ec-d4bd-4982-aa76-77ad94b62589"
          },
          "type": "Scope"
        },
        "Catch": {
          "actions": {
            "Run_a_Child_Flow": {
              "runAfter": {},
              "metadata": {
                "operationMetadataId": "2143c7d9-4e94-4eac-9470-ac128f2e33a4"
              },
              "type": "Workflow",
              "inputs": {
                "host": {
                  "workflowReferenceName": "bf6b2b79-6490-ef11-8a69-0022481a6fd9"
                },
                "body": {
                  "text": "LCC - Billing Code - Upsert Teams based on billing code departments : ERROR@{string(result('Try'))}",
                  "text_1": "@workflow().tags.flowDisplayName",
                  "text_2": "@workflow().tags.environmentName",
                  "text_3": "@workflow().name",
                  "text_4": "@workflow().run.name"
                }
              }
            }
          },
          "runAfter": {
            "Try": [
              "Failed",
              "Skipped",
              "TimedOut"
            ]
          },
          "metadata": {
            "operationMetadataId": "aaf5375b-7a04-4628-81df-63ace1dd119c"
          },
          "type": "Scope"
        }
      },
      "outputs": {}
    },
    "templateName": ""
  },
  "schemaVersion": "1.0.0.0"
}