{
  "properties": {
    "connectionReferences": {
      "shared_commondataserviceforapps": {
        "runtimeSource": "embedded",
        "connection": {
          "connectionReferenceLogicalName": "lcc_sharedcommondataserviceforapps_e76ac"
        },
        "api": {
          "name": "shared_commondataserviceforapps"
        }
      }
    },
    "definition": {
      "$schema": "https://schema.management.azure.com/providers/Microsoft.Logic/schemas/2016-06-01/workflowdefinition.json#",
      "contentVersion": "1.0.0.0",
      "parameters": {
        "$connections": {
          "defaultValue": {},
          "type": "Object"
        },
        "$authentication": {
          "defaultValue": {},
          "type": "SecureObject"
        }
      },
      "triggers": {
        "When_a_row_is_added,_modified_or_deleted": {
          "metadata": {
            "operationMetadataId": "e2f6f245-a7c9-4f14-9583-90b1fb352199"
          },
          "type": "OpenApiConnectionWebhook",
          "inputs": {
            "host": {
              "connectionName": "shared_commondataserviceforapps",
              "operationId": "SubscribeWebhookTrigger",
              "apiId": "/providers/Microsoft.PowerApps/apis/shared_commondataserviceforapps"
            },
            "parameters": {
              "subscriptionRequest/message": 1,
              "subscriptionRequest/entityname": "annotation",
              "subscriptionRequest/scope": 4
            },
            "authentication": "@parameters('$authentication')"
          }
        }
      },
      "actions": {
        "Try": {
          "actions": {
            "Check_Regarding_Table_Name": {
              "actions": {
                "Add_a_new_row": {
                  "runAfter": {},
                  "metadata": {
                    "operationMetadataId": "f487460e-2331-4e48-bfd8-3fa983dd7566"
                  },
                  "type": "OpenApiConnection",
                  "inputs": {
                    "host": {
                      "connectionName": "shared_commondataserviceforapps",
                      "operationId": "CreateRecord",
                      "apiId": "/providers/Microsoft.PowerApps/apis/shared_commondataserviceforapps"
                    },
                    "parameters": {
                      "entityName": "lcc_noteshistories",
                      "item/lcc_entityid": "@triggerOutputs()?['body/_objectid_value']",
                      "item/lcc_entitylogicalname": "@triggerOutputs()?['body/_objectid_value@Microsoft.Dynamics.CRM.lookuplogicalname']",
                      "item/lcc_fnosyncstatus": 851800000,
                      "item/lcc_noteid": "@triggerOutputs()?['body/annotationid']"
                    },
                    "authentication": "@parameters('$authentication')"
                  }
                }
              },
              "runAfter": {},
              "expression": {
                "equals": [
                  "@or(\r\nequals(triggerOutputs()?['body/_objectid_value@Microsoft.Dynamics.CRM.lookuplogicalname'],'lcc_suppliercreationrequest'),\r\nequals(triggerOutputs()?['body/_objectid_value@Microsoft.Dynamics.CRM.lookuplogicalname'],'lcc_supplieramendmentrequest'),\r\nequals(triggerOutputs()?['body/_objectid_value@Microsoft.Dynamics.CRM.lookuplogicalname'],'lcc_customercreationrequest'),\r\nequals(triggerOutputs()?['body/_objectid_value@Microsoft.Dynamics.CRM.lookuplogicalname'],'lcc_customeramendmentrequest'),\r\nequals(triggerOutputs()?['body/_objectid_value@Microsoft.Dynamics.CRM.lookuplogicalname'],'lcc_freetextinvoicecreationrequest'),\r\nequals(triggerOutputs()?['body/_objectid_value@Microsoft.Dynamics.CRM.lookuplogicalname'],'lcc_invoicejounralcreationrequest'),\r\nequals(triggerOutputs()?['body/_objectid_value@Microsoft.Dynamics.CRM.lookuplogicalname'],'lcc_invoicelineitem'),\r\nequals(triggerOutputs()?['body/_objectid_value@Microsoft.Dynamics.CRM.lookuplogicalname'],'lcc_invoicejournallineitem')\r\n)",
                  "@true"
                ]
              },
              "metadata": {
                "operationMetadataId": "e945ca7d-d9c6-4570-a814-7213cc25cc0a"
              },
              "type": "If"
            }
          },
          "runAfter": {},
          "metadata": {
            "operationMetadataId": "f05d4efa-8b93-4838-837c-912ca0952b76"
          },
          "type": "Scope"
        },
        "Catch": {
          "actions": {
            "Run_a_Child_Flow": {
              "runAfter": {},
              "metadata": {
                "operationMetadataId": "b2e99d8c-351a-4e9b-8d37-0561b290d6f1"
              },
              "type": "Workflow",
              "inputs": {
                "host": {
                  "workflowReferenceName": "bf6b2b79-6490-ef11-8a69-0022481a6fd9"
                },
                "body": {
                  "text": "LCC - Notes - Create Note History on create of Notes - ERROR: @{string(result('Try'))}",
                  "text_1": "@workflow().tags.flowDisplayName",
                  "text_2": "@workflow().tags.environmentName",
                  "text_3": "@workflow().name",
                  "text_4": "@workflow().run.name"
                }
              }
            }
          },
          "runAfter": {
            "Try": [
              "Failed",
              "Skipped",
              "TimedOut"
            ]
          },
          "metadata": {
            "operationMetadataId": "bc64a638-481a-49c9-ab57-a79ce223fbcb"
          },
          "type": "Scope"
        }
      }
    },
    "templateName": ""
  },
  "schemaVersion": "1.0.0.0"
}