{
  "properties": {
    "connectionReferences": {
      "shared_commondataserviceforapps": {
        "runtimeSource": "embedded",
        "connection": {
          "connectionReferenceLogicalName": "lcc_sharedcommondataserviceforapps_e76ac"
        },
        "api": {
          "name": "shared_commondataserviceforapps"
        }
      }
    },
    "definition": {
      "$schema": "https://schema.management.azure.com/providers/Microsoft.Logic/schemas/2016-06-01/workflowdefinition.json#",
      "contentVersion": "1.0.0.0",
      "parameters": {
        "$connections": {
          "defaultValue": {},
          "type": "Object"
        },
        "$authentication": {
          "defaultValue": {},
          "type": "SecureObject"
        }
      },
      "triggers": {
        "manual": {
          "metadata": {
            "operationMetadataId": "5ccb9955-37d6-4368-a58e-8cd332fc57e5"
          },
          "type": "Request",
          "kind": "Button",
          "inputs": {
            "schema": {
              "type": "object",
              "properties": {
                "text": {
                  "title": "TryResult",
                  "type": "string",
                  "x-ms-dynamically-added": true,
                  "description": "Please enter your input",
                  "x-ms-content-hint": "TEXT"
                },
                "text_1": {
                  "title": "FlowDisplayName",
                  "type": "string",
                  "x-ms-dynamically-added": true,
                  "description": "Please enter your input",
                  "x-ms-content-hint": "TEXT"
                },
                "text_2": {
                  "title": "FlowEnvironment",
                  "type": "string",
                  "x-ms-dynamically-added": true,
                  "description": "Please enter your input",
                  "x-ms-content-hint": "TEXT"
                },
                "text_3": {
                  "title": "FlowName",
                  "type": "string",
                  "x-ms-dynamically-added": true,
                  "description": "Please enter your input",
                  "x-ms-content-hint": "TEXT"
                },
                "text_4": {
                  "title": "RunName",
                  "type": "string",
                  "x-ms-dynamically-added": true,
                  "description": "Please enter your input",
                  "x-ms-content-hint": "TEXT"
                }
              },
              "required": [
                "text",
                "text_1",
                "text_2",
                "text_3",
                "text_4"
              ]
            }
          }
        }
      },
      "actions": {
        "Initialize_CustomErrorMessage": {
          "runAfter": {},
          "metadata": {
            "operationMetadataId": "b4125a85-071f-40a5-be0a-d19709eea264"
          },
          "type": "InitializeVariable",
          "inputs": {
            "variables": [
              {
                "name": "CustomErrorMessage",
                "type": "string"
              }
            ]
          }
        },
        "Initialize_FlowErrorMessage": {
          "runAfter": {
            "Initialize_CustomErrorMessage": [
              "Succeeded"
            ]
          },
          "metadata": {
            "operationMetadataId": "e75c3b97-4eea-43d3-8bb7-6e84c5211249"
          },
          "type": "InitializeVariable",
          "inputs": {
            "variables": [
              {
                "name": "FlowErrorMessage",
                "type": "string"
              }
            ]
          }
        },
        "Initialize_ErrorDetails": {
          "runAfter": {
            "Initialize_FlowErrorMessage": [
              "Succeeded"
            ]
          },
          "metadata": {
            "operationMetadataId": "e17308d4-d12a-4c06-a198-076f2d29c9a9"
          },
          "type": "InitializeVariable",
          "inputs": {
            "variables": [
              {
                "name": "ErrorDetails",
                "type": "string"
              }
            ]
          }
        },
        "Capture_Error": {
          "actions": {
            "Get_the_Index_of_Start_of_Flow_Error_Message": {
              "runAfter": {},
              "metadata": {
                "operationMetadataId": "3f2dddc7-0000-4740-8828-bc7a3659ce57"
              },
              "type": "Compose",
              "inputs": "@indexOf(triggerBody()['text'],'[')"
            },
            "Condition": {
              "actions": {},
              "runAfter": {
                "Get_the_Index_of_Start_of_Flow_Error_Message": [
                  "Succeeded"
                ]
              },
              "else": {
                "actions": {
                  "Set_CustomErrorMessage": {
                    "runAfter": {},
                    "metadata": {
                      "operationMetadataId": "4a7f260b-eaaa-48ee-90b2-b730ece8da16"
                    },
                    "type": "SetVariable",
                    "inputs": {
                      "name": "CustomErrorMessage",
                      "value": "@{substring(triggerBody()['text'],0,outputs('Get_the_Index_of_Start_of_Flow_Error_Message'))}"
                    }
                  }
                }
              },
              "expression": {
                "equals": [
                  "@outputs('Get_the_Index_of_Start_of_Flow_Error_Message')",
                  0
                ]
              },
              "metadata": {
                "operationMetadataId": "024a07d6-0d43-41c0-8450-acf786eea287"
              },
              "type": "If"
            },
            "Set_FlowErrorMessage": {
              "runAfter": {
                "Condition": [
                  "Succeeded"
                ]
              },
              "metadata": {
                "operationMetadataId": "1ef20110-e6e2-4b66-b518-6d01dba7dc70"
              },
              "type": "SetVariable",
              "inputs": {
                "name": "FlowErrorMessage",
                "value": "@{substring(triggerBody()['text'],outputs('Get_the_Index_of_Start_of_Flow_Error_Message'))}"
              }
            },
            "Compose": {
              "runAfter": {
                "Set_FlowErrorMessage": [
                  "Succeeded"
                ]
              },
              "metadata": {
                "operationMetadataId": "3d18b93f-7d13-4ae3-90e8-6104ff26cf54"
              },
              "type": "Compose",
              "inputs": "@json(variables('FlowErrorMessage'))"
            },
            "Filter_Results_from_Try_Scope": {
              "runAfter": {
                "Compose": [
                  "Succeeded"
                ]
              },
              "metadata": {
                "operationMetadataId": "bd6d0187-44f2-4235-9f7d-4264508de126"
              },
              "type": "Query",
              "inputs": {
                "from": "@outputs('Compose')",
                "where": "@contains(createArray('Failed', 'TimedOut'), item()['status'])"
              }
            },
            "Apply_to_each": {
              "foreach": "@body('Filter_Results_from_Try_Scope')",
              "actions": {
                "Append_to_ErrorDetails": {
                  "runAfter": {},
                  "metadata": {
                    "operationMetadataId": "fddd2d50-6591-4f11-a51b-0335d0685ee8"
                  },
                  "type": "AppendToStringVariable",
                  "inputs": {
                    "name": "ErrorDetails",
                    "value": "Issue with action: @{items('Apply_to_each')?['name']}\nStatus: @{items('Apply_to_each')?['status']}\nCode: @{items('Apply_to_each')?['code']}\nError Message: @{variables('CustomErrorMessage')} @{items('Apply_to_each')?['error']?['message']}"
                  }
                }
              },
              "runAfter": {
                "Filter_Results_from_Try_Scope": [
                  "Succeeded"
                ]
              },
              "metadata": {
                "operationMetadataId": "680cb1d7-efa7-485f-9ff1-5c3e426802a8"
              },
              "type": "Foreach"
            },
            "Create_a_Error_Log_Record": {
              "runAfter": {
                "Apply_to_each": [
                  "Succeeded"
                ]
              },
              "metadata": {
                "operationMetadataId": "4e7d5bc9-6420-4873-acae-c1bf362a73df"
              },
              "type": "OpenApiConnection",
              "inputs": {
                "host": {
                  "connectionName": "shared_commondataserviceforapps",
                  "operationId": "CreateRecord",
                  "apiId": "/providers/Microsoft.PowerApps/apis/shared_commondataserviceforapps"
                },
                "parameters": {
                  "entityName": "lcc_errorlogs",
                  "item/lcc_description": "@variables('ErrorDetails')",
                  "item/lcc_errortype": 851800001,
                  "item/lcc_microsoftpowerautomatelink": "https://unitedkingdom.flow.microsoft.com/manage/environments/@{triggerBody()['text_2']}/flows/@{triggerBody()['text_3']}/runs/@{triggerBody()['text_4']}",
                  "item/lcc_name": "@triggerBody()['text_1']"
                },
                "authentication": {
                  "type": "Raw",
                  "value": "@json(decodeBase64(triggerOutputs().headers['X-MS-APIM-Tokens']))['$ConnectionKey']"
                }
              }
            },
            "Respond_to_a_Power_App_or_flow": {
              "runAfter": {
                "Create_a_Error_Log_Record": [
                  "Succeeded"
                ]
              },
              "metadata": {
                "operationMetadataId": "ca9dad9a-8ab4-4c35-974a-5a0358a66951"
              },
              "type": "Response",
              "kind": "PowerApp",
              "inputs": {
                "statusCode": 200,
                "body": {},
                "schema": {
                  "type": "object",
                  "properties": {}
                }
              }
            }
          },
          "runAfter": {
            "Initialize_ErrorDetails": [
              "Succeeded"
            ]
          },
          "metadata": {
            "operationMetadataId": "89e0df6c-ad65-4ae8-ac4b-8285c612070b"
          },
          "type": "Scope"
        }
      }
    },
    "templateName": ""
  },
  "schemaVersion": "1.0.0.0"
}