{
  "properties": {
    "connectionReferences": {
      "shared_commondataserviceforapps": {
        "runtimeSource": "embedded",
        "connection": {
          "connectionReferenceLogicalName": "lcc_sharedcommondataserviceforapps_e76ac"
        },
        "api": {
          "name": "shared_commondataserviceforapps"
        }
      }
    },
    "definition": {
      "$schema": "https://schema.management.azure.com/providers/Microsoft.Logic/schemas/2016-06-01/workflowdefinition.json#",
      "contentVersion": "1.0.0.0",
      "parameters": {
        "$connections": {
          "defaultValue": {},
          "type": "Object"
        },
        "$authentication": {
          "defaultValue": {},
          "type": "SecureObject"
        }
      },
      "triggers": {
        "Recurrence": {
          "recurrence": {
            "frequency": "Day",
            "interval": 7,
            "timeZone": "GMT Standard Time",
            "schedule": {
              "hours": [
                "8"
              ],
              "minutes": [
                0
              ]
            }
          },
          "metadata": {
            "operationMetadataId": "fa853750-13c4-42a2-8106-55eff4c5b1fe"
          },
          "type": "Recurrence"
        }
      },
      "actions": {
        "Try": {
          "actions": {
            "Condition": {
              "actions": {
                "Apply_to_each_cost_centre_group": {
                  "foreach": "@outputs('Fetch_Cost_Centre_Groups_in_CRM')?['body/value']",
                  "actions": {
                    "Fetch_derived_dimension_related_to_cost_centre": {
                      "runAfter": {},
                      "metadata": {
                        "operationMetadataId": "8678acaa-e9e4-4bf9-ba4f-f30e38be289f"
                      },
                      "type": "OpenApiConnection",
                      "inputs": {
                        "host": {
                          "connectionName": "shared_commondataserviceforapps",
                          "operationId": "ListRecords",
                          "apiId": "/providers/Microsoft.PowerApps/apis/shared_commondataserviceforapps"
                        },
                        "parameters": {
                          "entityName": "lcc_deriveddimensions",
                          "fetchXml": "<fetch version=\"1.0\" output-format=\"xml-platform\" mapping=\"logical\" \ndistinct=\"false\">\n  <entity name=\"lcc_deriveddimension\">\n    <attribute name=\"lcc_deriveddimensionid\" />\n    <attribute name=\"lcc_directorate\" />\n    <attribute name=\"lcc_division\" />\n    <attribute name=\"lcc_function\" />\n    <attribute name=\"lcc_name\" />\n    <attribute name=\"lcc_service\" />\n<filter type=\"and\">\n      <filter type=\"and\">\n        <condition attribute=\"lcc_directorate\" operator=\"not-null\" />\n        <condition attribute=\"lcc_division\" operator=\"not-null\" />\n        <condition attribute=\"lcc_function\" operator=\"not-null\" />\n        <condition attribute=\"lcc_service\" operator=\"not-null\" />\n      </filter>\n    </filter>\n    <link-entity name=\"lcc_deriveddimension_team\" from=\"lcc_deriveddimensionid\" to=\"lcc_deriveddimensionid\" intersect=\"true\">\n      <filter>\n        <condition attribute=\"teamid\" operator=\"eq\" value=\"@{items('Apply_to_each_cost_centre_group')?['teamid']}\" />\n      </filter>\n    </link-entity>\n  </entity>\n</fetch>"
                        },
                        "authentication": "@parameters('$authentication')"
                      }
                    },
                    "Apply_to_each_derived_dimension": {
                      "foreach": "@outputs('Fetch_derived_dimension_related_to_cost_centre')?['body/value']",
                      "actions": {
                        "Fetch_Owner_details_from_FO": {
                          "runAfter": {},
                          "metadata": {
                            "operationMetadataId": "7ddc74f7-33e3-4196-add4-f508e883bbbf"
                          },
                          "type": "OpenApiConnection",
                          "inputs": {
                            "host": {
                              "connectionName": "shared_commondataserviceforapps",
                              "operationId": "ListRecords",
                              "apiId": "/providers/Microsoft.PowerApps/apis/shared_commondataserviceforapps"
                            },
                            "parameters": {
                              "entityName": "mserp_financialdimensionvalueentities",
                              "$select": "mserp_owner",
                              "$filter": "(Microsoft.Dynamics.CRM.In(PropertyName='mserp_dimensionvalue',PropertyValues=['@{items('Apply_to_each_derived_dimension')?['lcc_name']}','@{items('Apply_to_each_derived_dimension')?['lcc_directorate']}','@{items('Apply_to_each_derived_dimension')?['lcc_service']}','@{items('Apply_to_each_derived_dimension')?['lcc_division']}','@{items('Apply_to_each_derived_dimension')?['lcc_function']}'])) and mserp_owner ne null"
                            },
                            "authentication": "@parameters('$authentication')"
                          }
                        },
                        "Apply_to_each_owner_details": {
                          "foreach": "@outputs('Fetch_Owner_details_from_FO')?['body/value']",
                          "actions": {
                            "Fetch_email_address_from_FO": {
                              "runAfter": {},
                              "metadata": {
                                "operationMetadataId": "0fec8595-98d4-4795-8fda-0e3b31df40f6"
                              },
                              "type": "OpenApiConnection",
                              "inputs": {
                                "host": {
                                  "connectionName": "shared_commondataserviceforapps",
                                  "operationId": "ListRecords",
                                  "apiId": "/providers/Microsoft.PowerApps/apis/shared_commondataserviceforapps"
                                },
                                "parameters": {
                                  "entityName": "mserp_hcmworkercontactv3entities",
                                  "$select": "mserp_locator",
                                  "$filter": "mserp_personnelnumber eq '@{items('Apply_to_each_owner_details')?['mserp_owner']}' and mserp_type eq 200000002 and mserp_isprimary eq 200000001"
                                },
                                "authentication": "@parameters('$authentication')"
                              }
                            },
                            "if_owner_details_are_not_null": {
                              "actions": {
                                "Fetch_user_in_CRM": {
                                  "runAfter": {},
                                  "metadata": {
                                    "operationMetadataId": "bd6dcb8c-0f19-4c75-9416-9eee17c7b414"
                                  },
                                  "type": "OpenApiConnection",
                                  "inputs": {
                                    "host": {
                                      "connectionName": "shared_commondataserviceforapps",
                                      "operationId": "ListRecords",
                                      "apiId": "/providers/Microsoft.PowerApps/apis/shared_commondataserviceforapps"
                                    },
                                    "parameters": {
                                      "entityName": "systemusers",
                                      "$filter": "(internalemailaddress eq '@{first(outputs('Fetch_email_address_from_FO')?['body/value'])?['mserp_locator']}')"
                                    },
                                    "authentication": "@parameters('$authentication')"
                                  }
                                },
                                "If_user_in_not_null": {
                                  "actions": {
                                    "Perform_a_bound_action": {
                                      "runAfter": {},
                                      "metadata": {
                                        "operationMetadataId": "7ee58b57-e7a0-4110-a9bb-ebb1ab21a1fa"
                                      },
                                      "type": "OpenApiConnection",
                                      "inputs": {
                                        "host": {
                                          "connectionName": "shared_commondataserviceforapps",
                                          "operationId": "PerformBoundAction",
                                          "apiId": "/providers/Microsoft.PowerApps/apis/shared_commondataserviceforapps"
                                        },
                                        "parameters": {
                                          "entityName": "teams",
                                          "actionName": "Microsoft.Dynamics.CRM.AddMembersTeam",
                                          "recordId": "@items('Apply_to_each_cost_centre_group')?['teamid']",
                                          "item/Members": [
                                            {
                                              "systemuserid": "@first(outputs('Fetch_user_in_CRM')?['body/value'])?['systemuserid']"
                                            }
                                          ]
                                        },
                                        "authentication": "@parameters('$authentication')"
                                      }
                                    }
                                  },
                                  "runAfter": {
                                    "Fetch_user_in_CRM": [
                                      "Succeeded"
                                    ]
                                  },
                                  "expression": {
                                    "greater": [
                                      "@length(outputs('Fetch_user_in_CRM')?['body/value'])",
                                      0
                                    ]
                                  },
                                  "metadata": {
                                    "operationMetadataId": "cb40657d-4cfb-477e-9919-2b89e1035d19"
                                  },
                                  "type": "If"
                                }
                              },
                              "runAfter": {
                                "Fetch_email_address_from_FO": [
                                  "Succeeded"
                                ]
                              },
                              "expression": {
                                "greater": [
                                  "@length(outputs('Fetch_email_address_from_FO')?['body/value'])",
                                  0
                                ]
                              },
                              "metadata": {
                                "operationMetadataId": "87e6bd23-b4fe-44cc-a202-e557072c26f2"
                              },
                              "type": "If"
                            }
                          },
                          "runAfter": {
                            "Fetch_Owner_details_from_FO": [
                              "Succeeded"
                            ]
                          },
                          "metadata": {
                            "operationMetadataId": "e03039c2-9d23-4d6a-a7ff-8141dfa02048"
                          },
                          "type": "Foreach",
                          "runtimeConfiguration": {
                            "concurrency": {
                              "repetitions": 20
                            }
                          }
                        }
                      },
                      "runAfter": {
                        "Fetch_derived_dimension_related_to_cost_centre": [
                          "Succeeded"
                        ]
                      },
                      "metadata": {
                        "operationMetadataId": "34d94ffc-12e3-4648-a3c3-372662d83921"
                      },
                      "type": "Foreach",
                      "runtimeConfiguration": {
                        "concurrency": {
                          "repetitions": 49
                        }
                      }
                    }
                  },
                  "runAfter": {},
                  "metadata": {
                    "operationMetadataId": "e6ecad80-2d96-4c70-955f-5307821ddd15"
                  },
                  "type": "Foreach"
                }
              },
              "runAfter": {
                "Fetch_Cost_Centre_Groups_in_CRM": [
                  "Succeeded"
                ]
              },
              "expression": {
                "greater": [
                  "@length(outputs('Fetch_Cost_Centre_Groups_in_CRM')?['body/value'])",
                  0
                ]
              },
              "metadata": {
                "operationMetadataId": "979057c7-ead1-4061-a481-8df032f41a95"
              },
              "type": "If"
            },
            "Fetch_Cost_Centre_Groups_in_CRM": {
              "runAfter": {},
              "metadata": {
                "operationMetadataId": "c056c673-52c7-4a96-888a-387106ad3949"
              },
              "type": "OpenApiConnection",
              "inputs": {
                "host": {
                  "connectionName": "shared_commondataserviceforapps",
                  "operationId": "ListRecords",
                  "apiId": "/providers/Microsoft.PowerApps/apis/shared_commondataserviceforapps"
                },
                "parameters": {
                  "entityName": "teams",
                  "$filter": "lcc_costcentregroupid ne null and lcc_teamgroup eq 851800000"
                },
                "authentication": "@parameters('$authentication')"
              }
            }
          },
          "runAfter": {},
          "metadata": {
            "operationMetadataId": "0417ec02-0885-4de4-8d38-527dc5ebde0f"
          },
          "type": "Scope"
        },
        "Catch": {
          "actions": {
            "Run_a_Child_Flow": {
              "runAfter": {},
              "metadata": {
                "operationMetadataId": "f16730a5-4940-4eb9-a049-ab937542cc62"
              },
              "type": "Workflow",
              "inputs": {
                "host": {
                  "workflowReferenceName": "bf6b2b79-6490-ef11-8a69-0022481a6fd9"
                },
                "body": {
                  "text": "LCC - Cost Centre Group - Asociate Users to Team - ERROR :@{string(result('Try'))}",
                  "text_1": "@workflow().tags.flowDisplayName",
                  "text_2": "@workflow().tags.environmentName",
                  "text_3": "@workflow().name",
                  "text_4": "@workflow().run.name"
                }
              }
            }
          },
          "runAfter": {
            "Try": [
              "Failed",
              "Skipped",
              "TimedOut"
            ]
          },
          "metadata": {
            "operationMetadataId": "94351e67-e48c-4ce7-838d-e81d171a34af"
          },
          "type": "Scope"
        }
      },
      "outputs": {}
    },
    "templateName": ""
  },
  "schemaVersion": "1.0.0.0"
}