{
  "properties": {
    "connectionReferences": {
      "shared_commondataserviceforapps_1": {
        "runtimeSource": "embedded",
        "connection": {
          "connectionReferenceLogicalName": "lcc_sharedcommondataserviceforapps_e76ac"
        },
        "api": {
          "name": "shared_commondataserviceforapps"
        }
      },
      "shared_commondataserviceforapps": {
        "runtimeSource": "embedded",
        "connection": {
          "connectionReferenceLogicalName": "lcc_sharedcommondataserviceforapps_e76ac"
        },
        "api": {
          "name": "shared_commondataserviceforapps"
        }
      }
    },
    "definition": {
      "$schema": "https://schema.management.azure.com/providers/Microsoft.Logic/schemas/2016-06-01/workflowdefinition.json#",
      "contentVersion": "1.0.0.0",
      "parameters": {
        "$connections": {
          "defaultValue": {},
          "type": "Object"
        },
        "$authentication": {
          "defaultValue": {},
          "type": "SecureObject"
        }
      },
      "triggers": {
        "When_a_row_is_added,_modified_or_deleted": {
          "metadata": {
            "operationMetadataId": "8f213e75-8dde-4764-bbe9-5e239872b670"
          },
          "type": "OpenApiConnectionWebhook",
          "inputs": {
            "host": {
              "connectionName": "shared_commondataserviceforapps",
              "operationId": "SubscribeWebhookTrigger",
              "apiId": "/providers/Microsoft.PowerApps/apis/shared_commondataserviceforapps"
            },
            "parameters": {
              "subscriptionRequest/message": 3,
              "subscriptionRequest/entityname": "lcc_request",
              "subscriptionRequest/scope": 4,
              "subscriptionRequest/filteringattributes": "lcc_requeststatus"
            },
            "authentication": "@parameters('$authentication')"
          }
        }
      },
      "actions": {
        "Initialize_Request_Detail": {
          "runAfter": {
            "Initialize_Method_of_Payment": [
              "Succeeded"
            ]
          },
          "metadata": {
            "operationMetadataId": "7b075af1-6932-4de2-ae57-b1912f84d65e"
          },
          "type": "InitializeVariable",
          "inputs": {
            "variables": [
              {
                "name": "RequestDetail",
                "type": "string"
              }
            ]
          }
        },
        "Try": {
          "actions": {
            "Get_Request_Record": {
              "runAfter": {},
              "metadata": {
                "operationMetadataId": "6ab664c8-4819-485a-8dfd-7560a1daee12"
              },
              "type": "OpenApiConnection",
              "inputs": {
                "host": {
                  "connectionName": "shared_commondataserviceforapps_1",
                  "operationId": "ListRecords",
                  "apiId": "/providers/Microsoft.PowerApps/apis/shared_commondataserviceforapps"
                },
                "parameters": {
                  "entityName": "lcc_requests",
                  "fetchXml": "<fetch version=\"1.0\" output-format=\"xml-platform\" mapping=\"logical\" distinct=\"false\">\n  <entity name=\"lcc_request\">\n       <attribute name=\"lcc_requestid\" />\n    <attribute name=\"lcc_name\" />\n    <attribute name=\"createdon\" />\n <attribute name=\"lcc_submitteddatetime\" />\n    <attribute name=\"lcc_requestedby\" />\n    <attribute name=\"lcc_requestnumber\" />\n    <attribute name=\"lcc_approverid\" />\n<attribute name=\"lcc_workedonby\" />\n<order attribute=\"lcc_name\" descending=\"false\" />\n<filter type=\"and\">\n      <condition attribute=\"lcc_requestid\" operator=\"eq\" value=\"@{triggerOutputs()?['body/lcc_requestid']}\"/>\n    </filter>\n    <link-entity name=\"lcc_requeststatus\" from=\"lcc_requeststatusid\" to=\"lcc_requeststatus\" link-type=\"inner\" alias=\"ac\">\n      <filter type=\"or\">\n<condition attribute=\"lcc_name\" operator=\"eq\" value=\"Approved\" />\n      </filter>\n    </link-entity>\n    <link-entity name=\"lcc_fasterpaymentrequest\" from=\"lcc_request\" to=\"lcc_requestid\" link-type=\"inner\" alias=\"lcc_fasterpaymentrequest\">\n<attribute name=\"lcc_journalbatchnumber\" />\n      <link-entity name=\"lcc_invoicejournallineitem\" from=\"lcc_wrapperrequestid\" to=\"lcc_fasterpaymentrequestid\" link-type=\"inner\" alias=\"lcc_invoicejournallineitem\">\n          <attribute name=\"lcc_methodofpaymentvalue\" />\n          <attribute name=\"lcc_accounttype\" />\n      </link-entity>\n    </link-entity>\n</entity>\n</fetch>"
                },
                "authentication": "@parameters('$authentication')"
              }
            },
            "Check_the_Request_Record_length_is__Approved_": {
              "actions": {
                "Set_RequestDetail": {
                  "runAfter": {},
                  "metadata": {
                    "operationMetadataId": "0e906ebf-2e95-4b67-b2bd-e3c88fabfe78"
                  },
                  "type": "SetVariable",
                  "inputs": {
                    "name": "RequestDetail",
                    "value": "@{first(outputs('Get_Request_Record')?['body/value'])}"
                  }
                },
                "Send_Notification_to_EXCHEQUER_or_Treasury": {
                  "runAfter": {
                    "Condition": [
                      "Succeeded"
                    ]
                  },
                  "metadata": {
                    "operationMetadataId": "64c38bc8-3d1f-414d-8b37-3dd43b597b83"
                  },
                  "type": "Workflow",
                  "inputs": {
                    "host": {
                      "workflowReferenceName": "a2d6523a-9289-ef11-8a69-0022481a6fd9"
                    },
                    "body": {
                      "text": "@triggerOutputs()?['body/_lcc_requesttype_value']",
                      "text_1": "@triggerOutputs()?['body/_lcc_requeststatus_value']",
                      "text_2": "@if(equals(toLower(variables('MethodofPayment')),'faster'),'EXCHEQUER','Treasury')",
                      "text_6": "@triggerOutputs()?['body/lcc_requestid']",
                      "text_4": "@variables('RequestDetail')",
                      "text_3": "@triggerOutputs()?['body/_lcc_requestedby_value']",
                      "text_5": "@triggerOutputs()?['body/_lcc_requestedby_value@Microsoft.Dynamics.CRM.lookuplogicalname']",
                      "text_8": "@first(outputs('Get_Request_Record')?['body/value'])?['lcc_fasterpaymentrequest.lcc_journalbatchnumber']"
                    },
                    "retryPolicy": {
                      "type": "none"
                    }
                  }
                },
                "Condition": {
                  "actions": {
                    "Set_Method_of_Payment": {
                      "runAfter": {},
                      "metadata": {
                        "operationMetadataId": "0e906ebf-2e95-4b67-b2bd-e3c88fabfe78"
                      },
                      "type": "SetVariable",
                      "inputs": {
                        "name": "MethodofPayment",
                        "value": "@{first(outputs('Get_Request_Record')?['body/value'])?['lcc_invoicejournallineitem.lcc_methodofpaymentvalue']}"
                      }
                    }
                  },
                  "runAfter": {
                    "Set_RequestDetail": [
                      "Succeeded"
                    ]
                  },
                  "else": {
                    "actions": {
                      "Filter_Invoice_Journal_Line_Item_Where_Account_Type_is_Supplier": {
                        "runAfter": {},
                        "metadata": {
                          "operationMetadataId": "bb120837-6fd1-4518-b69d-7075e29374be"
                        },
                        "type": "Query",
                        "inputs": {
                          "from": "@outputs('Get_Request_Record')?['body/value']",
                          "where": "@equals(item()?['lcc_invoicejournallineitem.lcc_accounttype@OData.Community.Display.V1.FormattedValue'], 'Supplier')"
                        }
                      },
                      "Set_Method_of_Payment_2": {
                        "runAfter": {
                          "Filter_Invoice_Journal_Line_Item_Where_Account_Type_is_Supplier": [
                            "Succeeded"
                          ]
                        },
                        "metadata": {
                          "operationMetadataId": "0e906ebf-2e95-4b67-b2bd-e3c88fabfe78"
                        },
                        "type": "SetVariable",
                        "inputs": {
                          "name": "MethodofPayment",
                          "value": "@{first(body('Filter_Invoice_Journal_Line_Item_Where_Account_Type_is_Supplier'))?['lcc_invoicejournallineitem.lcc_methodofpaymentvalue']}"
                        }
                      }
                    }
                  },
                  "expression": {
                    "equals": [
                      "@length(outputs('Get_Request_Record')?['body/value'])",
                      1
                    ]
                  },
                  "metadata": {
                    "operationMetadataId": "fe9ef8d1-fe3f-4305-a0c8-e47e9410b8f4"
                  },
                  "type": "If"
                }
              },
              "runAfter": {
                "Get_Request_Record": [
                  "Succeeded"
                ]
              },
              "expression": {
                "greater": [
                  "@length(outputs('Get_Request_Record')?['body/value'])",
                  0
                ]
              },
              "metadata": {
                "operationMetadataId": "d67a7a07-939a-45b8-9f14-b138a9cb1079"
              },
              "type": "If"
            }
          },
          "runAfter": {
            "Initialize_Request_Detail": [
              "Succeeded"
            ]
          },
          "metadata": {
            "operationMetadataId": "9a30dbdf-e074-4963-b0d0-3aba33dbbd5a"
          },
          "type": "Scope"
        },
        "Catch": {
          "actions": {
            "Run_a_Child_Flow": {
              "runAfter": {},
              "metadata": {
                "operationMetadataId": "b2e99d8c-351a-4e9b-8d37-0561b290d6f1"
              },
              "type": "Workflow",
              "inputs": {
                "host": {
                  "workflowReferenceName": "bf6b2b79-6490-ef11-8a69-0022481a6fd9"
                },
                "body": {
                  "text": "LCC - Request - When Request Status is changed - Send Notifications to Requestor - ERROR: @{string(result('Try'))}",
                  "text_1": "@workflow().tags.flowDisplayName",
                  "text_2": "@workflow().tags.environmentName",
                  "text_3": "@workflow().name",
                  "text_4": "@workflow().run.name"
                }
              }
            }
          },
          "runAfter": {
            "Try": [
              "Failed",
              "Skipped",
              "TimedOut"
            ]
          },
          "metadata": {
            "operationMetadataId": "bc64a638-481a-49c9-ab57-a79ce223fbcb"
          },
          "type": "Scope"
        },
        "Initialize_Method_of_Payment": {
          "runAfter": {},
          "metadata": {
            "operationMetadataId": "7b075af1-6932-4de2-ae57-b1912f84d65e"
          },
          "type": "InitializeVariable",
          "inputs": {
            "variables": [
              {
                "name": "MethodofPayment",
                "type": "string"
              }
            ]
          }
        }
      }
    },
    "templateName": ""
  },
  "schemaVersion": "1.0.0.0"
}