{
  "properties": {
    "connectionReferences": {
      "shared_commondataserviceforapps_1": {
        "runtimeSource": "embedded",
        "connection": {
          "connectionReferenceLogicalName": "lcc_sharedcommondataserviceforapps_e76ac"
        },
        "api": {
          "name": "shared_commondataserviceforapps"
        }
      }
    },
    "definition": {
      "$schema": "https://schema.management.azure.com/providers/Microsoft.Logic/schemas/2016-06-01/workflowdefinition.json#",
      "contentVersion": "1.0.0.0",
      "parameters": {
        "$connections": {
          "defaultValue": {},
          "type": "Object"
        },
        "$authentication": {
          "defaultValue": {},
          "type": "SecureObject"
        }
      },
      "triggers": {
        "When_a_row_is_added,_modified_or_deleted": {
          "metadata": {
            "operationMetadataId": "a43ae1b0-afd1-4b5d-aca9-a2eaada3fa65"
          },
          "type": "OpenApiConnectionWebhook",
          "inputs": {
            "host": {
              "connectionName": "shared_commondataserviceforapps_1",
              "operationId": "SubscribeWebhookTrigger",
              "apiId": "/providers/Microsoft.PowerApps/apis/shared_commondataserviceforapps"
            },
            "parameters": {
              "subscriptionRequest/message": 3,
              "subscriptionRequest/entityname": "lcc_request",
              "subscriptionRequest/scope": 4,
              "subscriptionRequest/filteringattributes": "lcc_approverid"
            },
            "authentication": "@parameters('$authentication')"
          }
        }
      },
      "actions": {
        "Initialize_Request_Detail": {
          "runAfter": {},
          "metadata": {
            "operationMetadataId": "7b075af1-6932-4de2-ae57-b1912f84d65e"
          },
          "type": "InitializeVariable",
          "inputs": {
            "variables": [
              {
                "name": "RequestDetail",
                "type": "string"
              }
            ]
          }
        },
        "Try": {
          "actions": {
            "Get_Request_Record": {
              "runAfter": {},
              "metadata": {
                "operationMetadataId": "6ab664c8-4819-485a-8dfd-7560a1daee12"
              },
              "type": "OpenApiConnection",
              "inputs": {
                "host": {
                  "connectionName": "shared_commondataserviceforapps_1",
                  "operationId": "ListRecords",
                  "apiId": "/providers/Microsoft.PowerApps/apis/shared_commondataserviceforapps"
                },
                "parameters": {
                  "entityName": "lcc_requests",
                  "fetchXml": "<fetch version=\"1.0\" output-format=\"xml-platform\" mapping=\"logical\" distinct=\"false\">\n  <entity name=\"lcc_request\">\n    <attribute name=\"lcc_requestid\" />\n    <attribute name=\"lcc_name\" />\n    <attribute name=\"createdon\" />\n <attribute name=\"lcc_submitteddatetime\" />\n    <attribute name=\"lcc_requestedby\" />\n    <attribute name=\"lcc_requestnumber\" />\n    <attribute name=\"lcc_approverid\" />\n<attribute name=\"lcc_workedonby\" />\n    <order attribute=\"lcc_name\" descending=\"false\" />\n<filter type=\"and\">\n      <condition attribute=\"lcc_requestid\" operator=\"eq\" value=\"@{triggerOutputs()?['body/lcc_requestid']}\"/>\n    </filter>\n    <link-entity name=\"lcc_requeststatus\" from=\"lcc_requeststatusid\" to=\"lcc_requeststatus\" link-type=\"inner\" alias=\"ac\">\n      <filter type=\"and\">\n        <condition attribute=\"lcc_name\" operator=\"eq\" value=\"Pending Approval\" />\n      </filter>\n    </link-entity>\n  </entity>\n</fetch>",
                  "$top": 1
                },
                "authentication": "@parameters('$authentication')"
              }
            },
            "Check_the_Request_Record_length_where_Request_Status_is_Pending_Approval": {
              "actions": {
                "Set_RequestDetail": {
                  "runAfter": {},
                  "metadata": {
                    "operationMetadataId": "0e906ebf-2e95-4b67-b2bd-e3c88fabfe78"
                  },
                  "type": "SetVariable",
                  "inputs": {
                    "name": "RequestDetail",
                    "value": "@{first(outputs('Get_Request_Record')?['body/value'])}"
                  }
                },
                "Send_Notification_to_Approver": {
                  "runAfter": {
                    "Set_RequestDetail": [
                      "Succeeded"
                    ]
                  },
                  "metadata": {
                    "operationMetadataId": "64c38bc8-3d1f-414d-8b37-3dd43b597b83"
                  },
                  "type": "Workflow",
                  "inputs": {
                    "host": {
                      "workflowReferenceName": "a2d6523a-9289-ef11-8a69-0022481a6fd9"
                    },
                    "body": {
                      "text": "@triggerOutputs()?['body/_lcc_requesttype_value']",
                      "text_1": "@triggerOutputs()?['body/_lcc_requeststatus_value']",
                      "text_2": "Approver",
                      "text_3": "@triggerOutputs()?['body/_lcc_approverid_value']",
                      "text_6": "@triggerOutputs()?['body/lcc_requestid']",
                      "text_4": "@variables('RequestDetail')",
                      "text_5": "@triggerOutputs()?['body/_lcc_approverid_value@Microsoft.Dynamics.CRM.lookuplogicalname']"
                    },
                    "retryPolicy": {
                      "type": "none"
                    }
                  }
                }
              },
              "runAfter": {
                "Get_Request_Record": [
                  "Succeeded"
                ]
              },
              "expression": {
                "greater": [
                  "@length(outputs('Get_Request_Record')?['body/value'])",
                  0
                ]
              },
              "metadata": {
                "operationMetadataId": "d67a7a07-939a-45b8-9f14-b138a9cb1079"
              },
              "type": "If"
            }
          },
          "runAfter": {
            "Initialize_Request_Detail": [
              "Succeeded"
            ]
          },
          "metadata": {
            "operationMetadataId": "c7bfa5c1-faf4-4a3e-9300-4c44dc78d573"
          },
          "type": "Scope"
        },
        "Catch": {
          "actions": {
            "Run_a_Child_Flow": {
              "runAfter": {},
              "metadata": {
                "operationMetadataId": "b2e99d8c-351a-4e9b-8d37-0561b290d6f1"
              },
              "type": "Workflow",
              "inputs": {
                "host": {
                  "workflowReferenceName": "bf6b2b79-6490-ef11-8a69-0022481a6fd9"
                },
                "body": {
                  "text": "LCC - Request - On Assign of Approvers to Request Send Notifications to Approver - ERROR: @{string(result('Try'))}",
                  "text_1": "@workflow().tags.flowDisplayName",
                  "text_2": "@workflow().tags.environmentName",
                  "text_3": "@workflow().name",
                  "text_4": "@workflow().run.name"
                }
              }
            }
          },
          "runAfter": {
            "Try": [
              "Failed",
              "Skipped",
              "TimedOut"
            ]
          },
          "metadata": {
            "operationMetadataId": "bc64a638-481a-49c9-ab57-a79ce223fbcb"
          },
          "type": "Scope"
        }
      }
    },
    "templateName": ""
  },
  "schemaVersion": "1.0.0.0"
}