﻿<?xml version="1.0" encoding="utf-8"?>
<EntityRelationships>
  <EntityRelationship Name="business_unit_rbs_dialogbuttons" />
  <EntityRelationship Name="business_unit_rbs_notification" />
  <EntityRelationship Name="business_unit_rbs_notificationmessages" />
  <EntityRelationship Name="business_unit_rbs_notificationrecipient" />
  <EntityRelationship Name="lk_rbs_dialogbuttons_createdby" />
  <EntityRelationship Name="lk_rbs_dialogbuttons_modifiedby" />
  <EntityRelationship Name="lk_rbs_notification_createdby" />
  <EntityRelationship Name="lk_rbs_notification_modifiedby" />
  <EntityRelationship Name="lk_rbs_notificationmessages_createdby" />
  <EntityRelationship Name="lk_rbs_notificationmessages_modifiedby" />
  <EntityRelationship Name="lk_rbs_notificationrecipient_createdby" />
  <EntityRelationship Name="lk_rbs_notificationrecipient_modifiedby" />
  <EntityRelationship Name="owner_rbs_dialogbuttons" />
  <EntityRelationship Name="owner_rbs_notification" />
  <EntityRelationship Name="owner_rbs_notificationmessages" />
  <EntityRelationship Name="owner_rbs_notificationrecipient" />
  <EntityRelationship Name="rbs_incident_rbs_notification_Regarding" />
  <EntityRelationship Name="rbs_lead_rbs_notification" />
  <EntityRelationship Name="rbs_NotificationButtons" />
  <EntityRelationship Name="rbs_rbs_notification_rbs_notificationrecipient_Notification" />
  <EntityRelationship Name="rbs_rbs_notificationmessages_rbs_notification" />
  <EntityRelationship Name="rbs_systemuser_rbs_notificationrecipient_User" />
  <EntityRelationship Name="team_rbs_dialogbuttons" />
  <EntityRelationship Name="team_rbs_notification" />
  <EntityRelationship Name="team_rbs_notificationmessages" />
  <EntityRelationship Name="team_rbs_notificationrecipient" />
  <EntityRelationship Name="user_rbs_dialogbuttons" />
  <EntityRelationship Name="user_rbs_notification" />
  <EntityRelationship Name="user_rbs_notificationmessages" />
  <EntityRelationship Name="user_rbs_notificationrecipient" />
</EntityRelationships>