﻿<?xml version="1.0" encoding="utf-8"?>
<ImportExportXml version="9.0.2.1087" SolutionPackageVersion="9.0" languagecode="1033" generatedBy="CrmLive" xmlns:xsi="http://www.w3.org/2001/XMLSchema-instance">
  <SolutionManifest>
    <UniqueName>GlobalNotification</UniqueName>
    <LocalizedNames>
      <LocalizedName description="Global Notification" languagecode="1033" />
    </LocalizedNames>
    <Descriptions />
    <Version>1.0.0.0</Version>
    <Managed>0</Managed>
    <Publisher>
      <UniqueName>rbs</UniqueName>
      <LocalizedNames>
        <LocalizedName description="RBS" languagecode="1033" />
      </LocalizedNames>
      <Descriptions />
      <EMailAddress xsi:nil="true"></EMailAddress>
      <SupportingWebsiteUrl xsi:nil="true"></SupportingWebsiteUrl>
      <CustomizationPrefix>rbs</CustomizationPrefix>
      <CustomizationOptionValuePrefix>85977</CustomizationOptionValuePrefix>
      <Addresses>
        <Address>
          <AddressNumber>1</AddressNumber>
          <AddressTypeCode>1</AddressTypeCode>
          <City xsi:nil="true"></City>
          <County xsi:nil="true"></County>
          <Country xsi:nil="true"></Country>
          <Fax xsi:nil="true"></Fax>
          <FreightTermsCode xsi:nil="true"></FreightTermsCode>
          <ImportSequenceNumber xsi:nil="true"></ImportSequenceNumber>
          <Latitude xsi:nil="true"></Latitude>
          <Line1 xsi:nil="true"></Line1>
          <Line2 xsi:nil="true"></Line2>
          <Line3 xsi:nil="true"></Line3>
          <Longitude xsi:nil="true"></Longitude>
          <Name xsi:nil="true"></Name>
          <PostalCode xsi:nil="true"></PostalCode>
          <PostOfficeBox xsi:nil="true"></PostOfficeBox>
          <PrimaryContactName xsi:nil="true"></PrimaryContactName>
          <ShippingMethodCode>1</ShippingMethodCode>
          <StateOrProvince xsi:nil="true"></StateOrProvince>
          <Telephone1 xsi:nil="true"></Telephone1>
          <Telephone2 xsi:nil="true"></Telephone2>
          <Telephone3 xsi:nil="true"></Telephone3>
          <TimeZoneRuleVersionNumber xsi:nil="true"></TimeZoneRuleVersionNumber>
          <UPSZone xsi:nil="true"></UPSZone>
          <UTCOffset xsi:nil="true"></UTCOffset>
          <UTCConversionTimeZoneCode xsi:nil="true"></UTCConversionTimeZoneCode>
        </Address>
        <Address>
          <AddressNumber>2</AddressNumber>
          <AddressTypeCode>1</AddressTypeCode>
          <City xsi:nil="true"></City>
          <County xsi:nil="true"></County>
          <Country xsi:nil="true"></Country>
          <Fax xsi:nil="true"></Fax>
          <FreightTermsCode xsi:nil="true"></FreightTermsCode>
          <ImportSequenceNumber xsi:nil="true"></ImportSequenceNumber>
          <Latitude xsi:nil="true"></Latitude>
          <Line1 xsi:nil="true"></Line1>
          <Line2 xsi:nil="true"></Line2>
          <Line3 xsi:nil="true"></Line3>
          <Longitude xsi:nil="true"></Longitude>
          <Name xsi:nil="true"></Name>
          <PostalCode xsi:nil="true"></PostalCode>
          <PostOfficeBox xsi:nil="true"></PostOfficeBox>
          <PrimaryContactName xsi:nil="true"></PrimaryContactName>
          <ShippingMethodCode>1</ShippingMethodCode>
          <StateOrProvince xsi:nil="true"></StateOrProvince>
          <Telephone1 xsi:nil="true"></Telephone1>
          <Telephone2 xsi:nil="true"></Telephone2>
          <Telephone3 xsi:nil="true"></Telephone3>
          <TimeZoneRuleVersionNumber xsi:nil="true"></TimeZoneRuleVersionNumber>
          <UPSZone xsi:nil="true"></UPSZone>
          <UTCOffset xsi:nil="true"></UTCOffset>
          <UTCConversionTimeZoneCode xsi:nil="true"></UTCConversionTimeZoneCode>
        </Address>
      </Addresses>
    </Publisher>
    <RootComponents>
      <RootComponent type="1" schemaName="rbs_dialogbuttons" behavior="0" />
      <RootComponent type="1" schemaName="rbs_notification" behavior="0" />
      <RootComponent type="1" schemaName="rbs_notificationmessages" behavior="0" />
      <RootComponent type="1" schemaName="rbs_notificationrecipient" behavior="0" />
      <RootComponent type="29" id="{7990cceb-f0c8-4524-a7f2-a80ec2623816}" behavior="0" />
      <RootComponent type="50" schemaName=":RibbonDiffXml" behavior="0" />
      <RootComponent type="60" id="{6a740c25-c4e9-472b-837d-ffb81da059fa}" behavior="0" />
      <RootComponent type="60" id="{95430f93-b826-48a8-857c-a6fe0fac54cd}" behavior="0" />
      <RootComponent type="60" id="{9e6a631c-581d-449a-899f-1734a5b80c2f}" behavior="0" />
      <RootComponent type="60" id="{b2c67403-af42-4299-bc44-191978abce3a}" behavior="0" />
      <RootComponent type="61" schemaName="mag_/css/alert.css" behavior="0" />
      <RootComponent type="61" schemaName="mag_/css/notify.css" behavior="0" />
      <RootComponent type="61" schemaName="mag_/img/alert.png" behavior="0" />
      <RootComponent type="61" schemaName="mag_/img/alert_load.gif" behavior="0" />
      <RootComponent type="61" schemaName="mag_/img/notify.png" behavior="0" />
      <RootComponent type="61" schemaName="mag_/img/notify_load.gif" behavior="0" />
      <RootComponent type="61" schemaName="mag_/js/alert.js" behavior="0" />
      <RootComponent type="61" schemaName="mag_/js/notify.js" behavior="0" />
      <RootComponent type="61" schemaName="rbs_EntityPrompts" behavior="0" />
      <RootComponent type="61" schemaName="rbs_globalNotification" behavior="0" />
      <RootComponent type="61" schemaName="rbs_globalNotify.Js" behavior="0" />
      <RootComponent type="61" schemaName="rbs_Process" behavior="0" />
      <RootComponent type="61" schemaName="rbs_XrmServiceToolkit" behavior="0" />
    </RootComponents>
    <MissingDependencies>
      <MissingDependency>
        <Required key="0" type="1" schemaName="incident" displayName="Case" solution="msdynce_Service (9.0.5.56)" />
        <Dependent key="1" type="10" schemaName="rbs_incident_rbs_notification_Regarding" displayName="rbs_incident_rbs_notification_Regarding" parentSchemaName="incident" parentDisplayName="Case" />
      </MissingDependency>
      <MissingDependency>
        <Required key="2" type="1" schemaName="lead" displayName="Lead" solution="msdynce_LeadManagement (9.0.4.0066)" />
        <Dependent key="3" type="10" schemaName="rbs_lead_rbs_notification" displayName="rbs_lead_rbs_notification" parentSchemaName="lead" parentDisplayName="Lead" />
      </MissingDependency>
      <MissingDependency>
        <Required key="4" type="2" schemaName="incidentid" displayName="Case" parentSchemaName="incident" parentDisplayName="Case" solution="msdynce_Service (9.0.5.56)" />
        <Dependent key="1" type="10" schemaName="rbs_incident_rbs_notification_Regarding" displayName="rbs_incident_rbs_notification_Regarding" parentSchemaName="incident" parentDisplayName="Case" />
      </MissingDependency>
      <MissingDependency>
        <Required key="5" type="2" schemaName="fullname" displayName="Name" parentSchemaName="lead" parentDisplayName="Lead" solution="msdynce_LeadManagement (9.0.4.0066)" />
        <Dependent key="3" type="10" schemaName="rbs_lead_rbs_notification" displayName="rbs_lead_rbs_notification" parentSchemaName="lead" parentDisplayName="Lead" />
      </MissingDependency>
      <MissingDependency>
        <Required key="6" type="2" schemaName="yomifullname" displayName="Yomi Full Name" parentSchemaName="lead" parentDisplayName="Lead" solution="msdynce_LeadManagement (9.0.4.0066)" />
        <Dependent key="3" type="10" schemaName="rbs_lead_rbs_notification" displayName="rbs_lead_rbs_notification" parentSchemaName="lead" parentDisplayName="Lead" />
      </MissingDependency>
      <MissingDependency>
        <Required key="7" type="2" schemaName="title" displayName="Case Title" parentSchemaName="incident" parentDisplayName="Case" solution="msdynce_Service (9.0.5.56)" />
        <Dependent key="1" type="10" schemaName="rbs_incident_rbs_notification_Regarding" displayName="rbs_incident_rbs_notification_Regarding" parentSchemaName="incident" parentDisplayName="Case" />
      </MissingDependency>
      <MissingDependency>
        <Required key="8" type="2" schemaName="leadid" displayName="Lead" parentSchemaName="lead" parentDisplayName="Lead" solution="msdynce_LeadManagement (9.0.4.0066)" />
        <Dependent key="3" type="10" schemaName="rbs_lead_rbs_notification" displayName="rbs_lead_rbs_notification" parentSchemaName="lead" parentDisplayName="Lead" />
      </MissingDependency>
    </MissingDependencies>
  </SolutionManifest>
</ImportExportXml>