﻿<?xml version="1.0" encoding="utf-8"?>
<PluginAssembly FullName="DES.Crm.Core.OpConfig.Plugins, Version=1.0.0.0, Culture=neutral, PublicKeyToken=21b9777e6c94fca5" PluginAssemblyId="bf543f6a-69c7-4123-afd0-59767cfcf730" CustomizationLevel="1">
  <IsolationMode>2</IsolationMode>
  <SourceType>0</SourceType>
  <IntroducedVersion>1.0</IntroducedVersion>
  <FileName>/PluginAssemblies/DESCrmCoreOpConfigPlugins-BF543F6A-69C7-4123-AFD0-59767CFCF730/DESCrmCoreOpConfigPlugins.dll</FileName>
  <PluginTypes>
    <PluginType AssemblyQualifiedName="DES.Crm.Core.OpConfig.Plugins.Plugin, DES.Crm.Core.OpConfig.Plugins, Version=1.0.0.0, Culture=neutral, PublicKeyToken=21b9777e6c94fca5" PluginTypeId="32f8932b-44bf-4298-b7bd-59408d1ba16f" Name="DES.Crm.Core.OpConfig.Plugins.Plugin">
      <FriendlyName>9d6d41b2-baac-4aae-9c9b-c83627203470</FriendlyName>
    </PluginType>
    <PluginType AssemblyQualifiedName="DES.Crm.Core.OpConfig.Plugins.PostOptionSetValueUpdate, DES.Crm.Core.OpConfig.Plugins, Version=1.0.0.0, Culture=neutral, PublicKeyToken=21b9777e6c94fca5" PluginTypeId="1547c12e-b52f-484e-9777-d8712e9d2d5d" Name="DES.Crm.Core.OpConfig.Plugins.PostOptionSetValueUpdate">
      <FriendlyName>ec67ee1b-7bd6-4d08-85b9-5d84cc4a99c7</FriendlyName>
    </PluginType>
    <PluginType AssemblyQualifiedName="DES.Crm.Core.OpConfig.Plugins.PreOptionSetValueDelete, DES.Crm.Core.OpConfig.Plugins, Version=1.0.0.0, Culture=neutral, PublicKeyToken=21b9777e6c94fca5" PluginTypeId="61cf69b2-d0e9-4c9d-bacd-acc640495f22" Name="DES.Crm.Core.OpConfig.Plugins.PreOptionSetValueDelete">
      <FriendlyName>ba5385a8-b06b-47f7-b7eb-95d99ffff814</FriendlyName>
    </PluginType>
  </PluginTypes>
</PluginAssembly>