﻿<?xml version="1.0" encoding="utf-8"?>
<systemform>
  <formid>{c0a20cb0-3293-46e3-ba79-8fdd03d4f10d}</formid>
  <IntroducedVersion>0.0.0.1</IntroducedVersion>
  <FormPresentation>1</FormPresentation>
  <FormActivationState>1</FormActivationState>
  <form maxWidth="1900">
    <tabs>
      <tab id="{58e61d76-1738-4041-8136-e595bac4ffb1}" name="tab_1" showlabel="false">
        <labels>
          <label description="Tab" languagecode="1033" />
        </labels>
        <columns>
          <column width="33%">
            <sections>
              <section id="{66ead542-76be-4550-91e4-03cbe0e8f353}" name="tab_1_column_1_section_1" columns="1" showlabel="false" showbar="false" IsUserDefined="0">
                <labels>
                  <label description="section" languagecode="1033" />
                </labels>
                <rows>
                  <row>
                    <cell id="{0309c9a9-e9b8-b253-8ec7-78c30d94c203}" showlabel="true" locklevel="0">
                      <labels>
                        <label description="User" languagecode="1033" />
                      </labels>
                      <control id="nwm_user" classid="{270BD3DB-D9AF-4782-9025-509E298DEC0A}" datafieldname="nwm_user" disabled="false" uniqueid="{ccd795bc-0ab2-8d45-4487-a973281044d6}">
                        <parameters>
                          <AutoResolve>true</AutoResolve>
                          <DisableMru>false</DisableMru>
                          <DisableQuickFind>false</DisableQuickFind>
                          <DisableViewPicker>true</DisableViewPicker>
                          <DefaultViewId>{7D0557FF-2A02-E711-80DA-1458D0431600}</DefaultViewId>
                          <AllowFilterOff>false</AllowFilterOff>
                          <AvailableViewIds>{7D0557FF-2A02-E711-80DA-1458D0431600},{E88CA999-0B16-4AE9-B6A9-9EDC840D42D8}</AvailableViewIds>
                        </parameters>
                      </control>
                    </cell>
                  </row>
                  <row>
                    <cell id="{51626a64-aac9-046a-e868-ae62c2c18472}" showlabel="true" locklevel="1" visible="false">
                      <labels>
                        <label description="Owner" languagecode="1033" />
                      </labels>
                      <control id="ownerid" classid="{270BD3DB-D9AF-4782-9025-509E298DEC0A}" datafieldname="ownerid" disabled="false" uniqueid="{d29522a5-9c7a-7e30-dbb2-7084ab5b7a51}">
                        <parameters>
                          <AutoResolve>true</AutoResolve>
                          <DisableMru>false</DisableMru>
                        </parameters>
                      </control>
                    </cell>
                  </row>
                </rows>
              </section>
            </sections>
          </column>
          <column width="33%">
            <sections>
              <section id="{0d7d81a3-e322-4b0e-b0e2-b82947f79f08}" name="tab_1_column_2_section_1" columns="1" showlabel="false" showbar="false" IsUserDefined="0">
                <labels>
                  <label description="section" languagecode="1033" />
                </labels>
                <rows>
                  <row>
                    <cell id="{edd8a834-12c1-5980-300c-947a325a707a}" showlabel="true" locklevel="0">
                      <labels>
                        <label description="Access Type" languagecode="1033" />
                      </labels>
                      <control id="nwm_accesstype" classid="{3EF39988-22BB-4f0b-BBBE-64B5A3748AEE}" datafieldname="nwm_accesstype" disabled="false" />
                    </cell>
                  </row>
                </rows>
              </section>
            </sections>
          </column>
          <column width="33%">
            <sections>
              <section id="{6214c4cb-0b8d-484b-b464-da0ed6d83c24}" name="tab_1_column_3_section_1" columns="1" showlabel="false" showbar="false" IsUserDefined="0">
                <labels>
                  <label description="section" languagecode="1033" />
                </labels>
                <rows>
                  <row>
                    <cell id="{b0116ec9-814a-bdba-49d9-1c470701e012}" showlabel="true" locklevel="0">
                      <labels>
                        <label description="Call Report" languagecode="1033" />
                      </labels>
                      <control id="nwm_callreport" classid="{270BD3DB-D9AF-4782-9025-509E298DEC0A}" datafieldname="nwm_callreport" disabled="true" uniqueid="{8129736c-7c7b-0d2b-ad76-b0eca4b832eb}">
                        <parameters>
                          <AutoResolve>true</AutoResolve>
                          <DisableMru>false</DisableMru>
                          <DisableQuickFind>false</DisableQuickFind>
                          <DisableViewPicker>false</DisableViewPicker>
                          <DefaultViewId>{B6947B99-2A2E-4CEE-B3C6-E77580441138}</DefaultViewId>
                          <AllowFilterOff>false</AllowFilterOff>
                        </parameters>
                      </control>
                    </cell>
                  </row>
                </rows>
              </section>
            </sections>
          </column>
        </columns>
      </tab>
    </tabs>
    <controlDescriptions />
    <DisplayConditions Order="1">
      <Role Id="{627090ff-40a3-4053-8790-584edc5be201}" />
      <Role Id="{119f245c-3cc8-4b62-b31c-d1a046ced15d}" />
    </DisplayConditions>
  </form>
  <IsCustomizable>1</IsCustomizable>
  <CanBeDeleted>1</CanBeDeleted>
  <LocalizedNames>
    <LocalizedName description="Information" languagecode="1033" />
  </LocalizedNames>
</systemform>