﻿<?xml version="1.0" encoding="utf-8"?>
<savedquery>
  <IsCustomizable>1</IsCustomizable>
  <CanBeDeleted>0</CanBeDeleted>
  <isquickfindquery>0</isquickfindquery>
  <isprivate>0</isprivate>
  <isdefault>1</isdefault>
  <returnedtypecode>10008</returnedtypecode>
  <savedqueryid>{13abe818-ac5f-4148-a059-2461d76999e0}</savedqueryid>
  <layoutxml>
    <grid name="resultset" object="10008" jump="rbsm_strategy" select="1" icon="1" preview="1">
      <row name="result" id="rbsm_resourcestrategyid">
        <cell name="rbsm_desservice" width="200" />
        <cell name="rbsm_desresourcelocation" width="150" />
        <cell name="rbsm_resourcechannel" width="200" />
        <cell name="rbsm_description" width="300" disableSorting="1" />
      </row>
    </grid>
  </layoutxml>
  <querytype>0</querytype>
  <fetchxml>
    <fetch version="1.0" mapping="logical">
      <entity name="rbsm_resourcestrategy">
        <filter type="and">
          <condition attribute="statecode" operator="eq" value="0" />
        </filter>
        <order attribute="rbsm_desservice" descending="false" />
        <order attribute="rbsm_desresourcelocation" descending="false" />
        <attribute name="rbsm_resourcechannel" />
        <attribute name="rbsm_description" />
        <attribute name="rbsm_desservice" />
        <attribute name="rbsm_desresourcelocation" />
        <attribute name="rbsm_resourcestrategyid" />
      </entity>
    </fetch>
  </fetchxml>
  <IntroducedVersion>1.0.0.0</IntroducedVersion>
  <LocalizedNames>
    <LocalizedName description="Active Resource Strategies" languagecode="1033" />
  </LocalizedNames>
</savedquery>