﻿<?xml version="1.0" encoding="utf-8"?>
<savedquery>
  <IsCustomizable>1</IsCustomizable>
  <CanBeDeleted>0</CanBeDeleted>
  <isquickfindquery>0</isquickfindquery>
  <isprivate>0</isprivate>
  <isdefault>1</isdefault>
  <returnedtypecode>10008</returnedtypecode>
  <savedqueryid>{1ddcabd8-d0ac-40e4-bff2-3fb4a2959c4e}</savedqueryid>
  <layoutxml>
    <grid name="resultset" object="10008" jump="rbsm_strategy" select="1" icon="1" preview="1">
      <row name="result" id="rbsm_resourcestrategyid">
        <cell name="rbsm_strategy" width="300" />
        <cell name="createdon" width="125" />
      </row>
    </grid>
  </layoutxml>
  <querytype>1</querytype>
  <fetchxml>
    <fetch version="1.0" mapping="logical">
      <entity name="rbsm_resourcestrategy">
        <attribute name="rbsm_resourcestrategyid" />
        <attribute name="rbsm_strategy" />
        <attribute name="createdon" />
        <order attribute="rbsm_strategy" descending="false" />
      </entity>
    </fetch>
  </fetchxml>
  <IntroducedVersion>1.0.0.0</IntroducedVersion>
  <LocalizedNames>
    <LocalizedName description="Resource Strategy Advanced Find View" languagecode="1033" />
  </LocalizedNames>
</savedquery>