﻿<?xml version="1.0" encoding="utf-8"?>
<savedquery>
  <IsCustomizable>1</IsCustomizable>
  <CanBeDeleted>0</CanBeDeleted>
  <isquickfindquery>1</isquickfindquery>
  <isprivate>0</isprivate>
  <isdefault>1</isdefault>
  <returnedtypecode>10008</returnedtypecode>
  <savedqueryid>{215e1f67-99ee-4ee4-be0c-b1f832b9572b}</savedqueryid>
  <layoutxml>
    <grid name="resultset" object="10008" jump="rbsm_strategy" select="1" icon="1" preview="1">
      <row name="result" id="rbsm_resourcestrategyid">
        <cell name="rbsm_strategy" width="300" />
        <cell name="createdon" width="125" />
      </row>
    </grid>
  </layoutxml>
  <querytype>4</querytype>
  <fetchxml>
    <fetch version="1.0" mapping="logical">
      <entity name="rbsm_resourcestrategy">
        <attribute name="rbsm_resourcestrategyid" />
        <attribute name="rbsm_strategy" />
        <attribute name="createdon" />
        <order attribute="rbsm_strategy" descending="false" />
        <filter type="and">
          <condition attribute="statecode" operator="eq" value="0" />
        </filter>
        <filter type="or" isquickfindfields="1">
          <condition attribute="rbsm_strategy" operator="like" value="{0}" />
        </filter>
      </entity>
    </fetch>
  </fetchxml>
  <IntroducedVersion>1.0.0.0</IntroducedVersion>
  <LocalizedNames>
    <LocalizedName description="Quick Find Active Resource Strategies" languagecode="1033" />
  </LocalizedNames>
</savedquery>