﻿<?xml version="1.0" encoding="utf-8"?>
<savedquery>
  <IsCustomizable>1</IsCustomizable>
  <CanBeDeleted>0</CanBeDeleted>
  <isquickfindquery>0</isquickfindquery>
  <isprivate>0</isprivate>
  <isdefault>1</isdefault>
  <returnedtypecode>10008</returnedtypecode>
  <savedqueryid>{5e87cc3c-2819-4086-9503-2dafda2b6819}</savedqueryid>
  <layoutxml>
    <grid name="" object="10008" jump="rbsm_strategy" select="1" icon="1" preview="0">
      <row name="rbsm_resourcestrategy" id="rbsm_resourcestrategyid">
        <cell name="rbsm_strategy" width="300" />
        <cell name="createdon" width="125" />
      </row>
    </grid>
  </layoutxml>
  <querytype>64</querytype>
  <fetchxml>
    <fetch version="1.0" mapping="logical">
      <entity name="rbsm_resourcestrategy">
        <attribute name="rbsm_resourcestrategyid" />
        <attribute name="rbsm_strategy" />
        <attribute name="createdon" />
        <filter type="and">
          <condition attribute="statecode" operator="eq" value="0" />
        </filter>
      </entity>
    </fetch>
  </fetchxml>
  <IntroducedVersion>1.0.0.0</IntroducedVersion>
  <LocalizedNames>
    <LocalizedName description="Resource Strategy Lookup View" languagecode="1033" />
  </LocalizedNames>
</savedquery>