﻿<?xml version="1.0" encoding="utf-8"?>
<savedquery>
  <IsCustomizable>1</IsCustomizable>
  <CanBeDeleted>0</CanBeDeleted>
  <isquickfindquery>0</isquickfindquery>
  <isprivate>0</isprivate>
  <isdefault>1</isdefault>
  <returnedtypecode>10008</returnedtypecode>
  <savedqueryid>{a150e410-756c-4c88-b335-ced0ee0d5e07}</savedqueryid>
  <layoutxml>
    <grid name="" object="10008" jump="rbsm_strategy" select="1" icon="1" preview="1">
      <row name="rbsm_resourcestrategy" id="rbsm_resourcestrategyid">
        <cell name="rbsm_desservice" width="200" />
        <cell name="rbsm_desresourcelocation" width="150" />
        <cell name="rbsm_resourcechannel" width="150" />
        <cell name="rbsm_description" width="200" disableSorting="1" />
      </row>
    </grid>
  </layoutxml>
  <querytype>2</querytype>
  <fetchxml>
    <fetch version="1.0" mapping="logical">
      <entity name="rbsm_resourcestrategy">
        <order attribute="rbsm_desresourcelocation" descending="false" />
        <filter type="and">
          <condition attribute="statecode" operator="eq" value="0" />
        </filter>
        <attribute name="rbsm_resourcechannel" />
        <attribute name="rbsm_description" />
        <attribute name="rbsm_desservice" />
        <attribute name="rbsm_desresourcelocation" />
        <attribute name="rbsm_resourcestrategyid" />
      </entity>
    </fetch>
  </fetchxml>
  <IntroducedVersion>1.0.0.0</IntroducedVersion>
  <LocalizedNames>
    <LocalizedName description="Resource Strategy Associated View" languagecode="1033" />
  </LocalizedNames>
</savedquery>