﻿<?xml version="1.0" encoding="utf-8"?>
<systemform>
  <formid>{54ca47ff-4ef8-4259-984c-35a1e17bcd05}</formid>
  <IntroducedVersion>1.0.0.0</IntroducedVersion>
  <FormPresentation>1</FormPresentation>
  <FormActivationState>1</FormActivationState>
  <form shownavigationbar="true" showImage="false" maxWidth="1900">
    <tabs>
      <tab verticallayout="true" id="{bac6d32b-86ed-42c9-8200-132c5190d830}" IsUserDefined="1">
        <labels>
          <label description="General" languagecode="1033" />
        </labels>
        <columns>
          <column width="100%">
            <sections>
              <section showlabel="false" showbar="false" IsUserDefined="0" id="{0fdf0df0-b683-4440-9291-4c1750e65066}">
                <labels>
                  <label description="General" languagecode="1033" />
                </labels>
                <rows>
                  <row>
                    <cell id="{ab9e3aab-5348-413c-beaf-fb54f872b368}" showlabel="true" locklevel="0" visible="false">
                      <labels>
                        <label description="Name" languagecode="1033" />
                      </labels>
                      <control id="rbs_name" classid="{4273EDBD-AC1D-40d3-9FB2-095C621B552D}" datafieldname="rbs_name" uniqueid="{622acce6-2bc1-6930-9da2-1508b190c28b}" disabled="true" />
                    </cell>
                  </row>
                  <row>
                    <cell id="{81078a8f-fe12-43db-be41-276e28c63b96}" showlabel="true" locklevel="1" visible="false">
                      <labels>
                        <label description="Owner" languagecode="1033" />
                      </labels>
                      <control id="ownerid" classid="{270BD3DB-D9AF-4782-9025-509E298DEC0A}" datafieldname="ownerid" uniqueid="{7a0ab1ca-5906-0ce0-7986-8136ed0cacc0}" disabled="true">
                        <parameters>
                          <AutoResolve>true</AutoResolve>
                          <DisableMru>false</DisableMru>
                        </parameters>
                      </control>
                    </cell>
                  </row>
                  <row>
                    <cell id="{85618d50-0132-0bc3-976b-16b70e9079e4}" showlabel="true" locklevel="0">
                      <labels>
                        <label description="Security Role" languagecode="1033" />
                      </labels>
                      <control id="rbs_securityrole" classid="{270BD3DB-D9AF-4782-9025-509E298DEC0A}" datafieldname="rbs_securityrole" disabled="false" />
                    </cell>
                  </row>
                  <row>
                    <cell id="{1971a6d0-2632-caec-4451-de8dd3245b82}" showlabel="true" locklevel="0">
                      <labels>
                        <label description="Distribution Rule" languagecode="1033" />
                      </labels>
                      <control id="rbs_distributionrule" classid="{270BD3DB-D9AF-4782-9025-509E298DEC0A}" datafieldname="rbs_distributionrule" disabled="true" uniqueid="{916cb1b6-e0da-762e-9c95-888b70e32339}">
                        <parameters>
                          <AutoResolve>true</AutoResolve>
                          <DisableMru>false</DisableMru>
                          <DisableQuickFind>false</DisableQuickFind>
                          <DisableViewPicker>false</DisableViewPicker>
                          <DefaultViewId>{3BD6BE9E-6498-4AAF-A099-5B5A992ED3CB}</DefaultViewId>
                          <AllowFilterOff>false</AllowFilterOff>
                        </parameters>
                      </control>
                    </cell>
                  </row>
                  <row>
                    <cell id="{81210ac8-0084-3141-5619-eb1b6a898c6c}" showlabel="true" locklevel="0">
                      <labels>
                        <label description="Distribution Threshold Count" languagecode="1033" />
                      </labels>
                      <control id="rbs_distributionthresholdcount" classid="{C6D124CA-7EDA-4a60-AEA9-7FB8D318B68F}" datafieldname="rbs_distributionthresholdcount" disabled="false" />
                    </cell>
                  </row>
                </rows>
              </section>
            </sections>
          </column>
        </columns>
      </tab>
    </tabs>
    <header id="{afde1b2b-a335-4a4a-a8aa-b627432bfbec}" columns="111">
      <rows>
        <row>
          <cell id="{200b686a-e858-4d21-8076-39b070f69572}" showlabel="false">
            <labels>
              <label description="" languagecode="1033" />
            </labels>
          </cell>
          <cell id="{9499722a-d28a-15c0-11a1-631aca371dc5}" showlabel="true" locklevel="0">
            <labels>
              <label description="Status" languagecode="1033" />
            </labels>
            <control id="header_statecode" classid="{3EF39988-22BB-4f0b-BBBE-64B5A3748AEE}" datafieldname="statecode" disabled="false" />
          </cell>
          <cell id="{92919950-e3e3-7704-d811-069cba982073}" showlabel="true" locklevel="0">
            <labels>
              <label description="Owner" languagecode="1033" />
            </labels>
            <control id="header_ownerid" classid="{270BD3DB-D9AF-4782-9025-509E298DEC0A}" datafieldname="ownerid" disabled="false" />
          </cell>
        </row>
      </rows>
    </header>
    <Navigation>
      <NavBar></NavBar>
      <NavBarAreas>
        <NavBarArea Id="Info">
          <Titles>
            <Title LCID="1033" Text="Common" />
          </Titles>
        </NavBarArea>
        <NavBarArea Id="Sales">
          <Titles>
            <Title LCID="1033" Text="Sales" />
          </Titles>
        </NavBarArea>
        <NavBarArea Id="Service">
          <Titles>
            <Title LCID="1033" Text="Service" />
          </Titles>
        </NavBarArea>
        <NavBarArea Id="Marketing">
          <Titles>
            <Title LCID="1033" Text="Marketing" />
          </Titles>
        </NavBarArea>
        <NavBarArea Id="ProcessCenter">
          <Titles>
            <Title LCID="1033" Text="Process Sessions" />
          </Titles>
        </NavBarArea>
      </NavBarAreas>
    </Navigation>
    <controlDescriptions />
    <formLibraries>
      <Library name="rbs_securityrolerulerelationship.js" libraryUniqueId="{079be66a-e6ab-cc46-8d5a-768d29288ab8}" />
    </formLibraries>
    <events>
      <event name="onload" application="false" active="false">
        <Handlers>
          <Handler functionName="setRolesView" libraryName="rbs_securityrolerulerelationship.js" handlerUniqueId="{23478684-dcbd-8468-175b-b13123203bb2}" enabled="true" parameters="" passExecutionContext="false" />
        </Handlers>
      </event>
    </events>
  </form>
  <IsCustomizable>1</IsCustomizable>
  <CanBeDeleted>1</CanBeDeleted>
  <LocalizedNames>
    <LocalizedName description="Information" languagecode="1033" />
  </LocalizedNames>
  <Descriptions>
    <Description description="A form for this entity." languagecode="1033" />
  </Descriptions>
</systemform>