<?xml version="1.0" encoding="utf-8"?>
<forms xmlns:xsi="http://www.w3.org/2001/XMLSchema-instance">
  <systemform>
    <formid>{f192f640-7422-4ce6-8dab-a565f5228afc}</formid>
    <IntroducedVersion>2.92.1.0</IntroducedVersion>
    <FormPresentation>1</FormPresentation>
    <FormActivationState>1</FormActivationState>
    <form
      shownavigationbar="true"
      showImage="false"
      maxWidth="1920"
      headerdensity="HighWithControls"
      solutionaction="Modified">
      <tabs>
        <tab
          name="phonecall"
          showlabel="false"
          verticallayout="true"
          id="{A22C3771-5942-48AA-8DA7-098AF8C01BB7}"
          IsUserDefined="0"
          locklevel="0"
          expanded="true"
          labelid="{f7b96dc2-d92b-4902-a824-45ff0aea62e7}"
          ordinalvalue="0">
          <columns>
            <column
              width="100%"
              id="0">
              <sections>
                <section
                  name="general information"
                  showlabel="false"
                  showbar="false"
                  locklevel="0"
                  id="{277C507E-79FC-479D-A0E0-D9B61FBA48B0}"
                  IsUserDefined="0"
                  layout="varwidth"
                  columns="11"
                  labelwidth="130"
                  celllabelalignment="Left"
                  celllabelposition="Left"
                  labelid="{d7c52a9d-9691-4dd1-97f9-f205f737250c}"
                  ordinalvalue="0">
                  <rows>
                    <row>
                      <cell
                        auto="false"
                        showlabel="true"
                        locklevel="0"
                        rowspan="1"
                        colspan="1"
                        id="{C75D0ED5-B39C-4678-A94B-1382258EA55E}"
                        labelid="{a7baef7c-544d-41b8-a97b-9a1a5f4fe542}"
                        ordinalvalue="10000"
                        solutionaction="Modified">
                        <labels>
                          <label
                            description="Subjek"
                            languagecode="1086"
                            solutionaction="Added" />
                        </labels>
                      </cell>
                    </row>
                    <row>
                      <cell
                        auto="false"
                        showlabel="true"
                        locklevel="0"
                        rowspan="1"
                        colspan="1"
                        id="{405658C7-633B-44F6-91BA-038B9BAF4A41}"
                        labelid="{0f0d0398-f901-44c0-b809-fc16a8e788f0}"
                        ordinalvalue="10002"
                        solutionaction="Modified">
                        <labels>
                          <label
                            description="Panggilan Daripada"
                            languagecode="1086"
                            solutionaction="Added" />
                        </labels>
                      </cell>
                    </row>
                    <row>
                      <cell
                        auto="false"
                        showlabel="true"
                        locklevel="0"
                        rowspan="1"
                        colspan="1"
                        id="{EFA00B37-8E3E-4229-8331-47DC1F3615BE}"
                        labelid="{5913619d-dc8c-4d36-81d3-b1c3d76ccea2}"
                        ordinalvalue="10004"
                        solutionaction="Modified">
                        <labels>
                          <label
                            description="Panggilan Ke"
                            languagecode="1086"
                            solutionaction="Added" />
                        </labels>
                      </cell>
                    </row>
                    <row>
                      <cell
                        id="{b0b2934c-3cea-272a-7b35-750eeaeecde2}"
                        showlabel="true"
                        locklevel="0"
                        colspan="2"
                        labelid="{79907056-24ad-49a8-8f79-07d527186d4d}"
                        ordinalvalue="10003"
                        solutionaction="Removed" />
                    </row>
                    <row>
                      <cell
                        auto="false"
                        showlabel="true"
                        locklevel="0"
                        rowspan="1"
                        colspan="1"
                        id="{6965D7BF-C0EA-4BBB-90AD-7F3415DF1BAB}"
                        labelid="{fdd95526-e9e9-46cd-b9b5-cba1999c3529}"
                        ordinalvalue="10006"
                        solutionaction="Modified">
                        <labels>
                          <label
                            description="Nombor Telefon"
                            languagecode="1086"
                            solutionaction="Added" />
                        </labels>
                      </cell>
                      <cell
                        id="{aea3a877-4a32-c2d9-4a11-b8147157e46b}"
                        showlabel="true"
                        locklevel="0"
                        labelid="{a3e0a040-d7f1-46a6-836e-ff2edd85b219}"
                        ordinalvalue="20007"
                        solutionaction="Modified">
                        <labels>
                          <label
                            description="Arah"
                            languagecode="1086"
                            solutionaction="Added" />
                        </labels>
                      </cell>
                    </row>
                    <row>
                      <cell
                        id="{70d3aec8-5a79-e466-c86b-c4473babe8b0}"
                        showlabel="true"
                        locklevel="0"
                        ordinalvalue="10010"
                        solutionaction="Modified" />
                      <cell
                        id="{3b7742b5-458e-1a1c-ab7a-409601ae2537}"
                        showlabel="true"
                        locklevel="0"
                        colspan="1"
                        rowspan="1"
                        ordinalvalue="20011"
                        solutionaction="Modified" />
                    </row>
                    <row>
                      <cell
                        id="{ed589818-c998-3478-ba2b-733151489e8e}"
                        showlabel="true"
                        locklevel="0"
                        ordinalvalue="10008"
                        solutionaction="Removed" />
                      <cell
                        id="{e27390cd-aee2-90b2-eae9-846e80e170d9}"
                        showlabel="true"
                        locklevel="0"
                        ordinalvalue="20013"
                        solutionaction="Modified" />
                    </row>
                    <row>
                      <cell
                        id="{bb483898-3d48-ecd5-6e58-da0d1a8025a0}"
                        showlabel="true"
                        locklevel="0"
                        colspan="1"
                        rowspan="1"
                        ordinalvalue="10008"
                        solutionaction="Modified">
                        <labels>
                          <label
                            description="Mula Sebenar"
                            languagecode="1086"
                            solutionaction="Added" />
                        </labels>
                      </cell>
                      <cell
                        id="{886cb679-cb26-30dc-64ca-52d8e88884be}"
                        showlabel="true"
                        locklevel="0"
                        colspan="1"
                        rowspan="1"
                        ordinalvalue="20015"
                        solutionaction="Modified" />
                    </row>
                    <row>
                      <cell
                        id="{e7817e87-bd34-3050-7080-657c9b2a4ada}"
                        showlabel="true"
                        locklevel="0"
                        colspan="1"
                        rowspan="1"
                        ordinalvalue="20017"
                        solutionaction="Modified">
                        <labels>
                          <label
                            description="Tamat Sebenar"
                            languagecode="1086"
                            solutionaction="Added" />
                        </labels>
                      </cell>
                      <cell
                        id="{58c51a15-7698-6ea4-cd35-70268920344a}"
                        showlabel="true"
                        locklevel="0"
                        colspan="1"
                        rowspan="1"
                        ordinalvalue="20019"
                        solutionaction="Modified" />
                    </row>
                    <row>
                      <cell
                        id="{3be04b6e-5648-9a24-9727-e55dde08a6e1}"
                        showlabel="true"
                        locklevel="0"
                        colspan="2"
                        ordinalvalue="10014"
                        solutionaction="Removed" />
                    </row>
                    <row>
                      <cell
                        id="{fe20459a-0092-4678-8eee-29e812eb759d}"
                        showlabel="false"
                        ordinalvalue="20001"
                        solutionaction="Added">
                        <labels>
                          <label
                            description=""
                            languagecode="1033" />
                        </labels>
                      </cell>
                    </row>
                    <row>
                      <cell
                        id="{04943283-9477-45dc-aa32-49fa43367361}"
                        showlabel="false"
                        ordinalvalue="20003"
                        solutionaction="Added">
                        <labels>
                          <label
                            description=""
                            languagecode="1033" />
                        </labels>
                      </cell>
                    </row>
                    <row>
                      <cell
                        id="{1e70539d-0ec1-4adc-ade5-e545c059e6f2}"
                        showlabel="false"
                        ordinalvalue="20005"
                        solutionaction="Added">
                        <labels>
                          <label
                            description=""
                            languagecode="1033" />
                        </labels>
                      </cell>
                    </row>
                    <row>
                      <cell
                        locklevel="0"
                        id="{3ff88bb8-e42c-4830-9d3a-9360ab8f29fb}"
                        showlabel="false"
                        ordinalvalue="20009"
                        solutionaction="Added">
                        <labels>
                          <label
                            description=""
                            languagecode="1033" />
                        </labels>
                      </cell>
                    </row>
                    <row>
                      <cell
                        locklevel="0"
                        id="{48e5c647-f01d-4ea3-af19-73bcba4f1848}"
                        showlabel="false"
                        ordinalvalue="10012"
                        solutionaction="Added">
                        <labels>
                          <label
                            description=""
                            languagecode="1033" />
                        </labels>
                      </cell>
                    </row>
                    <row>
                      <cell
                        locklevel="0"
                        id="{0772385f-6059-468e-95ca-f2d5c78ca234}"
                        showlabel="false"
                        ordinalvalue="10014"
                        solutionaction="Added">
                        <labels>
                          <label
                            description=""
                            languagecode="1033" />
                        </labels>
                      </cell>
                    </row>
                    <row>
                      <cell
                        locklevel="0"
                        id="{fc5f7fa5-fd59-4ee8-9467-8539bc571c29}"
                        showlabel="false"
                        ordinalvalue="10016"
                        solutionaction="Added">
                        <labels>
                          <label
                            description=""
                            languagecode="1033" />
                        </labels>
                      </cell>
                    </row>
                    <row>
                      <cell
                        locklevel="0"
                        id="{cb77d86b-29ef-4ab8-b6e3-93c8ae824b38}"
                        showlabel="false"
                        ordinalvalue="10018"
                        solutionaction="Added">
                        <labels>
                          <label
                            description=""
                            languagecode="1033" />
                        </labels>
                      </cell>
                    </row>
                  </rows>
                </section>
                <section
                  name="phonecall_section_3"
                  showlabel="true"
                  showbar="false"
                  locklevel="0"
                  id="{641a99dd-2661-198e-aa17-6156b5358276}"
                  IsUserDefined="0"
                  layout="varwidth"
                  columns="1"
                  labelwidth="115"
                  celllabelalignment="Left"
                  celllabelposition="Left"
                  visible="false"
                  ordinalvalue="1">
                  <rows>
                    <row>
                      <cell
                        id="{2cbdd467-93d6-39b4-abe5-30664e2671ce}"
                        showlabel="false"
                        colspan="1"
                        auto="false"
                        rowspan="3"
                        ordinalvalue="10000">
                        <events
                          solutionaction="Removed" />
                      </cell>
                    </row>
                    <row>
                      <cell
                        id="{31a9e671-8a57-2c08-e9b8-9c1359542828}"
                        showlabel="false"
                        locklevel="0"
                        visible="false"
                        ordinalvalue="10001"
                        solutionaction="Removed" />
                    </row>
                  </rows>
                </section>
                <section
                  name="phone call description"
                  showlabel="true"
                  showbar="false"
                  locklevel="0"
                  id="{ACFFC6AB-1FD9-492E-A349-3373A49E30C8}"
                  IsUserDefined="0"
                  layout="varwidth"
                  columns="11"
                  height="auto"
                  labelid="{90a8e1cb-2a5f-4aef-9e80-c743443e9be9}"
                  ordinalvalue="2"
                  solutionaction="Removed" />
                <section
                  name="phonecall_section_6"
                  id="8ae48436-da3f-4ea8-bee8-5d7921f380c6"
                  IsUserDefined="0"
                  locklevel="0"
                  showlabel="false"
                  showbar="false"
                  layout="varwidth"
                  celllabelalignment="Left"
                  celllabelposition="Left"
                  columns="11"
                  labelwidth="115"
                  ordinalvalue="2"
                  solutionaction="Added">
                  <labels>
                    <label
                      description="New Section"
                      languagecode="1033" />
                  </labels>
                  <rows>
                    <row>
                      <cell
                        id="{31a9e671-8a57-2c08-e9b8-9c1359542828}"
                        showlabel="true"
                        locklevel="0"
                        ordinalvalue="10000">
                        <labels>
                          <label
                            description="Recording Hide"
                            languagecode="1033" />
                        </labels>
                        <control
                          id="isgc_recordinghide"
                          classid="{4273EDBD-AC1D-40d3-9FB2-095C621B552D}"
                          datafieldname="isgc_recordinghide"
                          disabled="false"
                          uniqueid="{b06ad71a-078a-22b9-68c8-55043212e4e8}" />
                      </cell>
                      <cell
                        id="{a89d44dd-0e6d-6059-44a7-6559e4421d17}"
                        showlabel="false"
                        ordinalvalue="20001">
                        <labels>
                          <label
                            description=""
                            languagecode="1033" />
                        </labels>
                      </cell>
                    </row>
                    <row>
                      <cell
                        id="{b0b2934c-3cea-272a-7b35-750eeaeecde2}"
                        showlabel="true"
                        locklevel="0"
                        colspan="2"
                        labelid="{79907056-24ad-49a8-8f79-07d527186d4d}"
                        rowspan="1"
                        ordinalvalue="10002">
                        <labels>
                          <label
                            description="Regarding"
                            languagecode="1033" />
                          <label
                            description="Berkenaan"
                            languagecode="1086" />
                        </labels>
                        <control
                          id="regardingobjectid"
                          classid="{F3015350-44A2-4aa0-97B5-00166532B5E9}"
                          datafieldname="regardingobjectid"
                          disabled="false"
                          uniqueid="{98c9b358-ba8b-565b-c3ab-2c56bd30813d}">
                          <parameters>
                            <AutoResolve>true</AutoResolve>
                            <DisableMru>false</DisableMru>
                          </parameters>
                        </control>
                      </cell>
                    </row>
                  </rows>
                </section>
              </sections>
            </column>
          </columns>
        </tab>
        <tab
          name="tab_3"
          id="a97b9a9c-7569-48b8-9400-412e007e194c"
          IsUserDefined="0"
          locklevel="0"
          showlabel="true"
          ordinalvalue="1"
          solutionaction="Added">
          <labels>
            <label
              description="Description"
              languagecode="1033" />
          </labels>
          <columns>
            <column
              width="100%"
              id="0">
              <sections>
                <section
                  name="phone call description"
                  showlabel="true"
                  showbar="false"
                  locklevel="0"
                  id="{ACFFC6AB-1FD9-492E-A349-3373A49E30C8}"
                  IsUserDefined="0"
                  layout="varwidth"
                  columns="11"
                  height="auto"
                  labelid="{90a8e1cb-2a5f-4aef-9e80-c743443e9be9}"
                  ordinalvalue="0">
                  <labels>
                    <label
                      description="Description"
                      languagecode="1033" />
                  </labels>
                  <rows>
                    <row>
                      <cell
                        colspan="2"
                        showlabel="false"
                        rowspan="5"
                        auto="true"
                        id="{F481F1A2-6111-40C9-8ECA-FF477666B75A}"
                        labelid="{8772c357-4672-44f7-9091-98db07f81099}"
                        ordinalvalue="10000">
                        <labels>
                          <label
                            description="Description"
                            languagecode="1033" />
                          <label
                            description="Perihalan"
                            languagecode="1086" />
                        </labels>
                        <control
                          id="description"
                          classid="{E0DECE4B-6FC8-4a8f-A065-082708572369}"
                          datafieldname="description" />
                      </cell>
                    </row>
                    <row />
                    <row />
                    <row />
                    <row
                      height="auto" />
                  </rows>
                </section>
              </sections>
            </column>
          </columns>
        </tab>
      </tabs>
      <header
        id="{5A88E8A6-D3C5-48E8-806D-644E55DFC2E7}"
        columns="1111"
        celllabelposition="Top"
        labelwidth="115">
        <rows>
          <row>
            <cell
              id="{850991FD-30C2-4098-A369-AA6EC7CEE7CB}"
              showlabel="true"
              labelid="{b46d6ab0-153e-49ed-a15c-2e7f94326771}"
              ordinalvalue="10000">
              <labels>
                <label
                  description="Keutamaan"
                  languagecode="1086"
                  solutionaction="Added" />
              </labels>
            </cell>
            <cell
              showlabel="true"
              locklevel="0"
              rowspan="1"
              colspan="1"
              id="{A74F621F-B15C-4FFA-890F-6A20E9746998}"
              labelid="{d416ee54-a816-486d-baa1-f0913a62c166}"
              ordinalvalue="20001">
              <labels>
                <label
                  description="Dijangka"
                  languagecode="1086"
                  solutionaction="Added" />
              </labels>
            </cell>
            <cell
              id="{DCBC8C79-0F64-488D-BAE1-1ABDCBB8E460}"
              labelid="{433d62a2-9931-4613-92e1-41accb87f481}"
              ordinalvalue="30002">
              <labels>
                <label
                  description="Status Aktiviti"
                  languagecode="1086"
                  solutionaction="Added" />
              </labels>
            </cell>
            <cell
              id="{2C735F61-F74C-4D9A-A25B-56DF11AF5216}"
              showlabel="true"
              locklevel="1"
              labelid="{0659049b-2bc9-4662-a0a9-0606f7ad6e8e}"
              ordinalvalue="40003">
              <labels>
                <label
                  description="Pemilik"
                  languagecode="1086"
                  solutionaction="Added" />
              </labels>
            </cell>
          </row>
        </rows>
      </header>
      <DisplayConditions
        FallbackForm="true"
        Order="1"
        solutionaction="Modified">
        <Role
          Id="{627090ff-40a3-4053-8790-584edc5be201}"
          solutionaction="Modified" />
        <Role
          Id="{119f245c-3cc8-4b62-b31c-d1a046ced15d}"
          solutionaction="Modified" />
      </DisplayConditions>
      <footer
        id="{bb94aa6e-1064-474a-9207-8aa242311fb4}"
        celllabelposition="Top"
        columns="111"
        labelwidth="115"
        celllabelalignment="Left"
        solutionaction="Added">
        <rows>
          <row>
            <cell
              id="{7ecc4b54-ca15-46e9-a2e7-eef23c90abeb}"
              showlabel="false"
              ordinalvalue="10000">
              <labels>
                <label
                  description=""
                  languagecode="1033" />
              </labels>
            </cell>
            <cell
              id="{c1977b9c-30dc-4d30-83c5-66e3551be6d2}"
              showlabel="false"
              ordinalvalue="20001">
              <labels>
                <label
                  description=""
                  languagecode="1033" />
              </labels>
            </cell>
            <cell
              id="{c682502e-f7f7-4213-beff-8a39eb1751b0}"
              showlabel="false"
              ordinalvalue="30002">
              <labels>
                <label
                  description=""
                  languagecode="1033" />
              </labels>
            </cell>
          </row>
        </rows>
      </footer>
    </form>
    <LocalizedNames>
      <LocalizedName
        description="Phone Call - Genesys Cloud"
        languagecode="1033" />
    </LocalizedNames>
  </systemform>
</forms>