﻿<?xml version="1.0" encoding="utf-8"?>
<systemform>
  <formid>{833b0385-5857-42e2-b8c2-0a4a89c97d0a}</formid>
  <IntroducedVersion>1.0.0.0</IntroducedVersion>
  <FormPresentation>1</FormPresentation>
  <FormActivationState>1</FormActivationState>
  <form>
    <tabs>
      <tab id="{bf40385c-173a-4418-aaa1-10fc1d4ebdcf}" name="tab_1" showlabel="false" locklevel="0" expanded="true">
        <labels>
          <label description="Tab" languagecode="1033" />
        </labels>
        <columns>
          <column width="28%">
            <sections>
              <section id="{9669b471-717d-4931-a2d6-0b6142650105}" name="tab_1_column_1_section_1" columns="1" showlabel="true" showbar="false" IsUserDefined="0" locklevel="0" labelwidth="115" celllabelalignment="Left" celllabelposition="Left">
                <labels>
                  <label description="Associated Opportunity" languagecode="1033" />
                </labels>
                <rows>
                  <row>
                    <cell id="{b29aa863-3ab6-d44e-d911-ee34631c5783}" showlabel="true" locklevel="0">
                      <labels>
                        <label description="Opportunity" languagecode="1033" />
                      </labels>
                      <control id="rbsm_opportunity" classid="{270BD3DB-D9AF-4782-9025-509E298DEC0A}" datafieldname="rbsm_opportunity" disabled="false" />
                    </cell>
                  </row>
                </rows>
              </section>
            </sections>
          </column>
          <column width="44%">
            <sections>
              <section id="{fa461e87-36bf-4f39-a9d8-b1537e84307b}" name="tab_1_column_2_section_1" columns="1" showlabel="true" showbar="false" IsUserDefined="0" locklevel="0" labelwidth="115" celllabelalignment="Left" celllabelposition="Left">
                <labels>
                  <label description="Business Benefit" languagecode="1033" />
                </labels>
                <rows>
                  <row>
                    <cell id="{d6b82751-b4ec-62b6-5cda-3aa3bb0eadd2}" showlabel="true" locklevel="0">
                      <labels>
                        <label description="Business Benefit" languagecode="1033" />
                      </labels>
                      <control id="rbsm_businessbenefitlist" classid="{3EF39988-22BB-4f0b-BBBE-64B5A3748AEE}" datafieldname="rbsm_businessbenefitlist" disabled="false" />
                    </cell>
                  </row>
                </rows>
              </section>
            </sections>
          </column>
          <column width="28%">
            <sections>
              <section id="{1f90895a-c061-433a-9a53-a7654e4808dc}" name="tab_1_column_3_section_1" columns="1" showlabel="true" showbar="false" IsUserDefined="0" locklevel="0" labelwidth="115" celllabelalignment="Left" celllabelposition="Left">
                <labels>
                  <label description="Description" languagecode="1033" />
                </labels>
                <rows>
                  <row>
                    <cell id="{0382dcae-a048-e8dd-5500-ba3341dec0b7}" showlabel="true" locklevel="0">
                      <labels>
                        <label description="Description" languagecode="1033" />
                      </labels>
                      <control id="rbsm_description" classid="{E0DECE4B-6FC8-4a8f-A065-082708572369}" datafieldname="rbsm_description" disabled="false" />
                    </cell>
                  </row>
                </rows>
              </section>
            </sections>
          </column>
        </columns>
      </tab>
    </tabs>
    <DisplayConditions Order="1">
      <Role Id="{627090ff-40a3-4053-8790-584edc5be201}" />
      <Role Id="{119f245c-3cc8-4b62-b31c-d1a046ced15d}" />
    </DisplayConditions>
  </form>
  <IsCustomizable>1</IsCustomizable>
  <CanBeDeleted>1</CanBeDeleted>
  <LocalizedNames>
    <LocalizedName description="New Form" languagecode="1033" />
  </LocalizedNames>
</systemform>