﻿<?xml version="1.0" encoding="utf-8"?>
<Entity>
  <Name LocalizedName="User" OriginalName="User">SystemUser</Name>
  <ObjectTypeCode>8</ObjectTypeCode>
  <EntityInfo>
    <entity Name="SystemUser" unmodified="1">
      <attributes />
    </entity>
  </EntityInfo>
  <FormXml />
  <SavedQueries />
  <RibbonDiffXml />
  <HierarchyRules>
    <HierarchyRule unmodified="1">
      <HierarchyRuleID>{809e575f-4801-42e6-8329-aa83bc5cc835}</HierarchyRuleID>
      <PrimaryEntityFormID>{c68d6c09-d7a7-4959-8d0f-44b8cff9b452}</PrimaryEntityFormID>
      <PrimaryEntityLogicalName>systemuser</PrimaryEntityLogicalName>
      <ShowDisabled>1</ShowDisabled>
      <IntroducedVersion>7.0.0.0</IntroducedVersion>
      <LocalizedNames>
        <LocalizedName description="User Hierarchy" languagecode="1033" />
      </LocalizedNames>
      <Descriptions>
        <Description description="This is the user hierarchy definition." languagecode="1033" />
      </Descriptions>
    </HierarchyRule>
  </HierarchyRules>
</Entity>