<?xml version="1.0" encoding="utf-8"?>
<Entity xmlns:xsi="http://www.w3.org/2001/XMLSchema-instance">
	<Name
	  LocalizedName="Order"
	  OriginalName="Order">SalesOrder</Name>
	<EntityInfo>
		<entity
		  Name="SalesOrder">
			<LocalizedNames>
				<LocalizedName
				  description="Order"
				  languagecode="1033" />
			</LocalizedNames>
			<LocalizedCollectionNames>
				<LocalizedCollectionName
				  description="Orders"
				  languagecode="1033" />
			</LocalizedCollectionNames>
			<Descriptions>
				<Description
				  description="Quote that has been accepted."
				  languagecode="1033" />
			</Descriptions>
			<attributes>
				<attribute
				  PhysicalName="Name">
					<Type>nvarchar</Type>
					<Name>name</Name>
					<LogicalName>name</LogicalName>
					<RequiredLevel>required</RequiredLevel>
					<DisplayMask>ActivityRegardingName|ActivityPointerRegardingName|PrimaryName|ValidForAdvancedFind|ValidForForm|ValidForGrid|RequiredForForm|RequiredForGrid</DisplayMask>
					<ImeMode>auto</ImeMode>
					<ValidForUpdateApi>1</ValidForUpdateApi>
					<ValidForReadApi>1</ValidForReadApi>
					<ValidForCreateApi>1</ValidForCreateApi>
					<IsCustomField>0</IsCustomField>
					<IsAuditEnabled>1</IsAuditEnabled>
					<IsSecured>0</IsSecured>
					<IntroducedVersion>5.0.0.0</IntroducedVersion>
					<SourceType>0</SourceType>
					<IsGlobalFilterEnabled>0</IsGlobalFilterEnabled>
					<IsSortableEnabled>0</IsSortableEnabled>
					<IsDataSourceSecret>0</IsDataSourceSecret>
					<AutoNumberFormat></AutoNumberFormat>
					<IsSearchable>1</IsSearchable>
					<IsFilterable>0</IsFilterable>
					<IsRetrievable>1</IsRetrievable>
					<IsLocalizable>0</IsLocalizable>
					<Format>text</Format>
					<MaxLength>300</MaxLength>
					<Length>600</Length>
					<displaynames>
						<displayname
						  description="Nama"
						  languagecode="1086" />
						<displayname
						  description="SO Number"
						  languagecode="1033" />
					</displaynames>
					<Descriptions>
						<Description
						  description="Taip nama deskriptif untuk pesanan."
						  languagecode="1086" />
						<Description
						  description="Type a descriptive name for the order."
						  languagecode="1033" />
					</Descriptions>
				</attribute>
				<attribute
				PhysicalName="rhm_BillOfLanding">
					<Type>nvarchar</Type>
					<Name>rhm_billoflanding</Name>
					<LogicalName>rhm_billoflanding</LogicalName>
					<RequiredLevel>none</RequiredLevel>
					<DisplayMask>ValidForAdvancedFind|ValidForForm|ValidForGrid</DisplayMask>
					<ImeMode>auto</ImeMode>
					<ValidForUpdateApi>1</ValidForUpdateApi>
					<ValidForReadApi>1</ValidForReadApi>
					<ValidForCreateApi>1</ValidForCreateApi>
					<IsCustomField>1</IsCustomField>
					<IsAuditEnabled>1</IsAuditEnabled>
					<IsSecured>0</IsSecured>
					<IntroducedVersion>1.0</IntroducedVersion>
					<IsCustomizable>1</IsCustomizable>
					<IsRenameable>1</IsRenameable>
					<CanModifySearchSettings>1</CanModifySearchSettings>
					<CanModifyRequirementLevelSettings>1</CanModifyRequirementLevelSettings>
					<CanModifyAdditionalSettings>1</CanModifyAdditionalSettings>
					<SourceType>0</SourceType>
					<IsGlobalFilterEnabled>0</IsGlobalFilterEnabled>
					<IsSortableEnabled>0</IsSortableEnabled>
					<CanModifyGlobalFilterSettings>1</CanModifyGlobalFilterSettings>
					<CanModifyIsSortableSettings>1</CanModifyIsSortableSettings>
					<IsDataSourceSecret>0</IsDataSourceSecret>
					<AutoNumberFormat></AutoNumberFormat>
					<IsSearchable>0</IsSearchable>
					<IsFilterable>0</IsFilterable>
					<IsRetrievable>0</IsRetrievable>
					<IsLocalizable>0</IsLocalizable>
					<Format>text</Format>
					<MaxLength>100</MaxLength>
					<Length>200</Length>
					<displaynames>
						<displayname
						  description="Bill Of Landing"
						  languagecode="1033" />
					</displaynames>
					<Descriptions>
						<Description
						  description=""
						  languagecode="1033" />
					</Descriptions>
				</attribute>
				<attribute
				  PhysicalName="rhm_BillTo_County">
					<Type>nvarchar</Type>
					<Name>rhm_billto_county</Name>
					<LogicalName>rhm_billto_county</LogicalName>
					<RequiredLevel>none</RequiredLevel>
					<DisplayMask>ValidForAdvancedFind|ValidForForm|ValidForGrid</DisplayMask>
					<ImeMode>auto</ImeMode>
					<ValidForUpdateApi>1</ValidForUpdateApi>
					<ValidForReadApi>1</ValidForReadApi>
					<ValidForCreateApi>1</ValidForCreateApi>
					<IsCustomField>1</IsCustomField>
					<IsAuditEnabled>1</IsAuditEnabled>
					<IsSecured>0</IsSecured>
					<IntroducedVersion>1.0</IntroducedVersion>
					<IsCustomizable>1</IsCustomizable>
					<IsRenameable>1</IsRenameable>
					<CanModifySearchSettings>1</CanModifySearchSettings>
					<CanModifyRequirementLevelSettings>1</CanModifyRequirementLevelSettings>
					<CanModifyAdditionalSettings>1</CanModifyAdditionalSettings>
					<SourceType>0</SourceType>
					<IsGlobalFilterEnabled>0</IsGlobalFilterEnabled>
					<IsSortableEnabled>0</IsSortableEnabled>
					<CanModifyGlobalFilterSettings>1</CanModifyGlobalFilterSettings>
					<CanModifyIsSortableSettings>1</CanModifyIsSortableSettings>
					<IsDataSourceSecret>0</IsDataSourceSecret>
					<AutoNumberFormat></AutoNumberFormat>
					<IsSearchable>0</IsSearchable>
					<IsFilterable>0</IsFilterable>
					<IsRetrievable>0</IsRetrievable>
					<IsLocalizable>0</IsLocalizable>
					<Format>text</Format>
					<MaxLength>100</MaxLength>
					<Length>200</Length>
					<displaynames>
						<displayname
						  description="BillTo_County"
						  languagecode="1033" />
					</displaynames>
					<Descriptions>
						<Description
						  description=""
						  languagecode="1033" />
					</Descriptions>
				</attribute>
				<attribute
				  PhysicalName="rhm_BillTo_Line4">
					<Type>nvarchar</Type>
					<Name>rhm_billto_line4</Name>
					<LogicalName>rhm_billto_line4</LogicalName>
					<RequiredLevel>none</RequiredLevel>
					<DisplayMask>ValidForAdvancedFind|ValidForForm|ValidForGrid</DisplayMask>
					<ImeMode>auto</ImeMode>
					<ValidForUpdateApi>1</ValidForUpdateApi>
					<ValidForReadApi>1</ValidForReadApi>
					<ValidForCreateApi>1</ValidForCreateApi>
					<IsCustomField>1</IsCustomField>
					<IsAuditEnabled>1</IsAuditEnabled>
					<IsSecured>0</IsSecured>
					<IntroducedVersion>1.0</IntroducedVersion>
					<IsCustomizable>1</IsCustomizable>
					<IsRenameable>1</IsRenameable>
					<CanModifySearchSettings>1</CanModifySearchSettings>
					<CanModifyRequirementLevelSettings>1</CanModifyRequirementLevelSettings>
					<CanModifyAdditionalSettings>1</CanModifyAdditionalSettings>
					<SourceType>0</SourceType>
					<IsGlobalFilterEnabled>0</IsGlobalFilterEnabled>
					<IsSortableEnabled>0</IsSortableEnabled>
					<CanModifyGlobalFilterSettings>1</CanModifyGlobalFilterSettings>
					<CanModifyIsSortableSettings>1</CanModifyIsSortableSettings>
					<IsDataSourceSecret>0</IsDataSourceSecret>
					<AutoNumberFormat></AutoNumberFormat>
					<IsSearchable>0</IsSearchable>
					<IsFilterable>0</IsFilterable>
					<IsRetrievable>0</IsRetrievable>
					<IsLocalizable>0</IsLocalizable>
					<Format>text</Format>
					<MaxLength>100</MaxLength>
					<Length>200</Length>
					<displaynames>
						<displayname
						  description="BillTo_Line4"
						  languagecode="1033" />
					</displaynames>
					<Descriptions>
						<Description
						  description=""
						  languagecode="1033" />
					</Descriptions>
				</attribute>
				<attribute
				  PhysicalName="rhm_BillToId">
					<Type>nvarchar</Type>
					<Name>rhm_billtoid</Name>
					<LogicalName>rhm_billtoid</LogicalName>
					<RequiredLevel>none</RequiredLevel>
					<DisplayMask>ValidForAdvancedFind|ValidForForm|ValidForGrid</DisplayMask>
					<ImeMode>auto</ImeMode>
					<ValidForUpdateApi>1</ValidForUpdateApi>
					<ValidForReadApi>1</ValidForReadApi>
					<ValidForCreateApi>1</ValidForCreateApi>
					<IsCustomField>1</IsCustomField>
					<IsAuditEnabled>1</IsAuditEnabled>
					<IsSecured>0</IsSecured>
					<IntroducedVersion>1.0</IntroducedVersion>
					<IsCustomizable>1</IsCustomizable>
					<IsRenameable>1</IsRenameable>
					<CanModifySearchSettings>1</CanModifySearchSettings>
					<CanModifyRequirementLevelSettings>1</CanModifyRequirementLevelSettings>
					<CanModifyAdditionalSettings>1</CanModifyAdditionalSettings>
					<SourceType>0</SourceType>
					<IsGlobalFilterEnabled>0</IsGlobalFilterEnabled>
					<IsSortableEnabled>0</IsSortableEnabled>
					<CanModifyGlobalFilterSettings>1</CanModifyGlobalFilterSettings>
					<CanModifyIsSortableSettings>1</CanModifyIsSortableSettings>
					<IsDataSourceSecret>0</IsDataSourceSecret>
					<AutoNumberFormat></AutoNumberFormat>
					<IsSearchable>0</IsSearchable>
					<IsFilterable>0</IsFilterable>
					<IsRetrievable>0</IsRetrievable>
					<IsLocalizable>0</IsLocalizable>
					<Format>text</Format>
					<MaxLength>100</MaxLength>
					<Length>200</Length>
					<displaynames>
						<displayname
						  description="Bill To Id"
						  languagecode="1033" />
					</displaynames>
					<Descriptions>
						<Description
						  description=""
						  languagecode="1033" />
					</Descriptions>
				</attribute>
				<attribute
				  PhysicalName="rhm_Channel">
					<Type>nvarchar</Type>
					<Name>rhm_channel</Name>
					<LogicalName>rhm_channel</LogicalName>
					<RequiredLevel>none</RequiredLevel>
					<DisplayMask>ValidForAdvancedFind|ValidForForm|ValidForGrid</DisplayMask>
					<ImeMode>auto</ImeMode>
					<ValidForUpdateApi>1</ValidForUpdateApi>
					<ValidForReadApi>1</ValidForReadApi>
					<ValidForCreateApi>1</ValidForCreateApi>
					<IsCustomField>1</IsCustomField>
					<IsAuditEnabled>1</IsAuditEnabled>
					<IsSecured>0</IsSecured>
					<IntroducedVersion>1.0</IntroducedVersion>
					<IsCustomizable>1</IsCustomizable>
					<IsRenameable>1</IsRenameable>
					<CanModifySearchSettings>1</CanModifySearchSettings>
					<CanModifyRequirementLevelSettings>1</CanModifyRequirementLevelSettings>
					<CanModifyAdditionalSettings>1</CanModifyAdditionalSettings>
					<SourceType>0</SourceType>
					<IsGlobalFilterEnabled>0</IsGlobalFilterEnabled>
					<IsSortableEnabled>0</IsSortableEnabled>
					<CanModifyGlobalFilterSettings>1</CanModifyGlobalFilterSettings>
					<CanModifyIsSortableSettings>1</CanModifyIsSortableSettings>
					<IsDataSourceSecret>0</IsDataSourceSecret>
					<AutoNumberFormat></AutoNumberFormat>
					<IsSearchable>0</IsSearchable>
					<IsFilterable>0</IsFilterable>
					<IsRetrievable>0</IsRetrievable>
					<IsLocalizable>0</IsLocalizable>
					<Format>text</Format>
					<MaxLength>100</MaxLength>
					<Length>200</Length>
					<displaynames>
						<displayname
						  description="Channel"
						  languagecode="1033" />
					</displaynames>
					<Descriptions>
						<Description
						  description=""
						  languagecode="1033" />
					</Descriptions>
				</attribute>
				<attribute
				  PhysicalName="rhm_Confirmed">
					<Type>picklist</Type>
					<Name>rhm_confirmed</Name>
					<LogicalName>rhm_confirmed</LogicalName>
					<RequiredLevel>none</RequiredLevel>
					<DisplayMask>ValidForAdvancedFind|ValidForForm|ValidForGrid</DisplayMask>
					<ImeMode>auto</ImeMode>
					<ValidForUpdateApi>1</ValidForUpdateApi>
					<ValidForReadApi>1</ValidForReadApi>
					<ValidForCreateApi>1</ValidForCreateApi>
					<IsCustomField>1</IsCustomField>
					<IsAuditEnabled>1</IsAuditEnabled>
					<IsSecured>0</IsSecured>
					<IntroducedVersion>1.0.0.0</IntroducedVersion>
					<IsCustomizable>1</IsCustomizable>
					<IsRenameable>1</IsRenameable>
					<CanModifySearchSettings>1</CanModifySearchSettings>
					<CanModifyRequirementLevelSettings>1</CanModifyRequirementLevelSettings>
					<CanModifyAdditionalSettings>1</CanModifyAdditionalSettings>
					<SourceType>0</SourceType>
					<IsGlobalFilterEnabled>0</IsGlobalFilterEnabled>
					<IsSortableEnabled>0</IsSortableEnabled>
					<CanModifyGlobalFilterSettings>1</CanModifyGlobalFilterSettings>
					<CanModifyIsSortableSettings>1</CanModifyIsSortableSettings>
					<IsDataSourceSecret>0</IsDataSourceSecret>
					<AutoNumberFormat></AutoNumberFormat>
					<IsSearchable>0</IsSearchable>
					<IsFilterable>0</IsFilterable>
					<IsRetrievable>0</IsRetrievable>
					<IsLocalizable>0</IsLocalizable>
					<AppDefaultValue>-1</AppDefaultValue>
					<optionset
					  Name="rhm_salesorder_rhm_confirmed">
						<OptionSetType>picklist</OptionSetType>
						<IntroducedVersion>1.0.0.0</IntroducedVersion>
						<IsCustomizable>1</IsCustomizable>
						<ExternalTypeName></ExternalTypeName>
						<displaynames>
							<displayname
							  description="Confirmed"
							  languagecode="1033" />
						</displaynames>
						<Descriptions>
							<Description
							  description=""
							  languagecode="1033" />
						</Descriptions>
						<options>
							<option
							  value="535790000"
							  ExternalValue="">
								<labels>
									<label
									  description="Yes"
									  languagecode="1033" />
								</labels>
								<Descriptions>
									<Description
									  description=""
									  languagecode="1033" />
								</Descriptions>
							</option>
							<option
							  value="535790001"
							  ExternalValue="">
								<labels>
									<label
									  description="No"
									  languagecode="1033" />
								</labels>
								<Descriptions>
									<Description
									  description=""
									  languagecode="1033" />
								</Descriptions>
							</option>
						</options>
					</optionset>
					<displaynames>
						<displayname
						  description="Confirmed"
						  languagecode="1033" />
					</displaynames>
					<Descriptions>
						<Description
						  description=""
						  languagecode="1033" />
					</Descriptions>
				</attribute>
				<attribute
				  PhysicalName="rhm_ConfirmedDate">
					<Type>datetime</Type>
					<Name>rhm_confirmeddate</Name>
					<LogicalName>rhm_confirmeddate</LogicalName>
					<RequiredLevel>none</RequiredLevel>
					<DisplayMask>ValidForAdvancedFind|ValidForForm|ValidForGrid</DisplayMask>
					<ImeMode>auto</ImeMode>
					<ValidForUpdateApi>1</ValidForUpdateApi>
					<ValidForReadApi>1</ValidForReadApi>
					<ValidForCreateApi>1</ValidForCreateApi>
					<IsCustomField>1</IsCustomField>
					<IsAuditEnabled>1</IsAuditEnabled>
					<IsSecured>0</IsSecured>
					<IntroducedVersion>1.0</IntroducedVersion>
					<IsCustomizable>1</IsCustomizable>
					<IsRenameable>1</IsRenameable>
					<CanModifySearchSettings>1</CanModifySearchSettings>
					<CanModifyRequirementLevelSettings>1</CanModifyRequirementLevelSettings>
					<CanModifyAdditionalSettings>1</CanModifyAdditionalSettings>
					<SourceType>0</SourceType>
					<IsGlobalFilterEnabled>0</IsGlobalFilterEnabled>
					<IsSortableEnabled>0</IsSortableEnabled>
					<CanModifyGlobalFilterSettings>1</CanModifyGlobalFilterSettings>
					<CanModifyIsSortableSettings>1</CanModifyIsSortableSettings>
					<IsDataSourceSecret>0</IsDataSourceSecret>
					<AutoNumberFormat></AutoNumberFormat>
					<IsSearchable>0</IsSearchable>
					<IsFilterable>0</IsFilterable>
					<IsRetrievable>0</IsRetrievable>
					<IsLocalizable>0</IsLocalizable>
					<Format>datetime</Format>
					<Behavior>1</Behavior>
					<displaynames>
						<displayname
						  description="Confirmed Date"
						  languagecode="1033" />
					</displaynames>
					<Descriptions>
						<Description
						  description=""
						  languagecode="1033" />
					</Descriptions>
				</attribute>
				<attribute
				  PhysicalName="rhm_CreditTerms">
					<Type>nvarchar</Type>
					<Name>rhm_creditterms</Name>
					<LogicalName>rhm_creditterms</LogicalName>
					<RequiredLevel>none</RequiredLevel>
					<DisplayMask>ValidForAdvancedFind|ValidForForm|ValidForGrid</DisplayMask>
					<ImeMode>auto</ImeMode>
					<ValidForUpdateApi>1</ValidForUpdateApi>
					<ValidForReadApi>1</ValidForReadApi>
					<ValidForCreateApi>1</ValidForCreateApi>
					<IsCustomField>1</IsCustomField>
					<IsAuditEnabled>1</IsAuditEnabled>
					<IsSecured>0</IsSecured>
					<IntroducedVersion>1.0</IntroducedVersion>
					<IsCustomizable>1</IsCustomizable>
					<IsRenameable>1</IsRenameable>
					<CanModifySearchSettings>1</CanModifySearchSettings>
					<CanModifyRequirementLevelSettings>1</CanModifyRequirementLevelSettings>
					<CanModifyAdditionalSettings>1</CanModifyAdditionalSettings>
					<SourceType>0</SourceType>
					<IsGlobalFilterEnabled>0</IsGlobalFilterEnabled>
					<IsSortableEnabled>0</IsSortableEnabled>
					<CanModifyGlobalFilterSettings>1</CanModifyGlobalFilterSettings>
					<CanModifyIsSortableSettings>1</CanModifyIsSortableSettings>
					<IsDataSourceSecret>0</IsDataSourceSecret>
					<AutoNumberFormat></AutoNumberFormat>
					<IsSearchable>0</IsSearchable>
					<IsFilterable>0</IsFilterable>
					<IsRetrievable>0</IsRetrievable>
					<IsLocalizable>0</IsLocalizable>
					<Format>text</Format>
					<MaxLength>100</MaxLength>
					<Length>200</Length>
					<displaynames>
						<displayname
						  description="Credit Terms"
						  languagecode="1033" />
					</displaynames>
					<Descriptions>
						<Description
						  description=""
						  languagecode="1033" />
					</Descriptions>
				</attribute>
				<attribute
				  PhysicalName="rhm_CustomerId">
					<Type>nvarchar</Type>
					<Name>rhm_customerid</Name>
					<LogicalName>rhm_customerid</LogicalName>
					<RequiredLevel>none</RequiredLevel>
					<DisplayMask>ValidForAdvancedFind|ValidForForm|ValidForGrid</DisplayMask>
					<ImeMode>auto</ImeMode>
					<ValidForUpdateApi>1</ValidForUpdateApi>
					<ValidForReadApi>1</ValidForReadApi>
					<ValidForCreateApi>1</ValidForCreateApi>
					<IsCustomField>1</IsCustomField>
					<IsAuditEnabled>1</IsAuditEnabled>
					<IsSecured>0</IsSecured>
					<IntroducedVersion>1.0</IntroducedVersion>
					<IsCustomizable>1</IsCustomizable>
					<IsRenameable>1</IsRenameable>
					<CanModifySearchSettings>1</CanModifySearchSettings>
					<CanModifyRequirementLevelSettings>1</CanModifyRequirementLevelSettings>
					<CanModifyAdditionalSettings>1</CanModifyAdditionalSettings>
					<SourceType>0</SourceType>
					<IsGlobalFilterEnabled>0</IsGlobalFilterEnabled>
					<IsSortableEnabled>0</IsSortableEnabled>
					<CanModifyGlobalFilterSettings>1</CanModifyGlobalFilterSettings>
					<CanModifyIsSortableSettings>1</CanModifyIsSortableSettings>
					<IsDataSourceSecret>0</IsDataSourceSecret>
					<AutoNumberFormat></AutoNumberFormat>
					<IsSearchable>0</IsSearchable>
					<IsFilterable>0</IsFilterable>
					<IsRetrievable>0</IsRetrievable>
					<IsLocalizable>0</IsLocalizable>
					<Format>text</Format>
					<MaxLength>100</MaxLength>
					<Length>200</Length>
					<displaynames>
						<displayname
						  description="Customer Id"
						  languagecode="1033" />
					</displaynames>
					<Descriptions>
						<Description
						  description=""
						  languagecode="1033" />
					</Descriptions>
				</attribute>
				<attribute
				  PhysicalName="rhm_DueDate">
					<Type>datetime</Type>
					<Name>rhm_duedate</Name>
					<LogicalName>rhm_duedate</LogicalName>
					<RequiredLevel>none</RequiredLevel>
					<DisplayMask>ValidForAdvancedFind|ValidForForm|ValidForGrid</DisplayMask>
					<ImeMode>auto</ImeMode>
					<ValidForUpdateApi>1</ValidForUpdateApi>
					<ValidForReadApi>1</ValidForReadApi>
					<ValidForCreateApi>1</ValidForCreateApi>
					<IsCustomField>1</IsCustomField>
					<IsAuditEnabled>1</IsAuditEnabled>
					<IsSecured>0</IsSecured>
					<IntroducedVersion>1.0</IntroducedVersion>
					<IsCustomizable>1</IsCustomizable>
					<IsRenameable>1</IsRenameable>
					<CanModifySearchSettings>1</CanModifySearchSettings>
					<CanModifyRequirementLevelSettings>1</CanModifyRequirementLevelSettings>
					<CanModifyAdditionalSettings>1</CanModifyAdditionalSettings>
					<SourceType>0</SourceType>
					<IsGlobalFilterEnabled>0</IsGlobalFilterEnabled>
					<IsSortableEnabled>0</IsSortableEnabled>
					<CanModifyGlobalFilterSettings>1</CanModifyGlobalFilterSettings>
					<CanModifyIsSortableSettings>1</CanModifyIsSortableSettings>
					<IsDataSourceSecret>0</IsDataSourceSecret>
					<AutoNumberFormat></AutoNumberFormat>
					<IsSearchable>0</IsSearchable>
					<IsFilterable>0</IsFilterable>
					<IsRetrievable>0</IsRetrievable>
					<IsLocalizable>0</IsLocalizable>
					<Format>datetime</Format>
					<Behavior>1</Behavior>
					<displaynames>
						<displayname
						  description="Due Date"
						  languagecode="1033" />
					</displaynames>
					<Descriptions>
						<Description
						  description=""
						  languagecode="1033" />
					</Descriptions>
				</attribute>
				<attribute
				  PhysicalName="rhm_EstimatedShipDate">
					<Type>datetime</Type>
					<Name>rhm_estimatedshipdate</Name>
					<LogicalName>rhm_estimatedshipdate</LogicalName>
					<RequiredLevel>none</RequiredLevel>
					<DisplayMask>ValidForAdvancedFind|ValidForForm|ValidForGrid</DisplayMask>
					<ImeMode>auto</ImeMode>
					<ValidForUpdateApi>1</ValidForUpdateApi>
					<ValidForReadApi>1</ValidForReadApi>
					<ValidForCreateApi>1</ValidForCreateApi>
					<IsCustomField>1</IsCustomField>
					<IsAuditEnabled>1</IsAuditEnabled>
					<IsSecured>0</IsSecured>
					<IntroducedVersion>1.0</IntroducedVersion>
					<IsCustomizable>1</IsCustomizable>
					<IsRenameable>1</IsRenameable>
					<CanModifySearchSettings>1</CanModifySearchSettings>
					<CanModifyRequirementLevelSettings>1</CanModifyRequirementLevelSettings>
					<CanModifyAdditionalSettings>1</CanModifyAdditionalSettings>
					<SourceType>0</SourceType>
					<IsGlobalFilterEnabled>0</IsGlobalFilterEnabled>
					<IsSortableEnabled>0</IsSortableEnabled>
					<CanModifyGlobalFilterSettings>1</CanModifyGlobalFilterSettings>
					<CanModifyIsSortableSettings>1</CanModifyIsSortableSettings>
					<IsDataSourceSecret>0</IsDataSourceSecret>
					<AutoNumberFormat></AutoNumberFormat>
					<IsSearchable>0</IsSearchable>
					<IsFilterable>0</IsFilterable>
					<IsRetrievable>0</IsRetrievable>
					<IsLocalizable>0</IsLocalizable>
					<Format>datetime</Format>
					<Behavior>1</Behavior>
					<displaynames>
						<displayname
						  description="Estimated Ship Date"
						  languagecode="1033" />
					</displaynames>
					<Descriptions>
						<Description
						  description=""
						  languagecode="1033" />
					</Descriptions>
				</attribute>
				<attribute
				  PhysicalName="rhm_FixedPrice">
					<Type>picklist</Type>
					<Name>rhm_fixedprice</Name>
					<LogicalName>rhm_fixedprice</LogicalName>
					<RequiredLevel>none</RequiredLevel>
					<DisplayMask>ValidForAdvancedFind|ValidForForm|ValidForGrid</DisplayMask>
					<ImeMode>auto</ImeMode>
					<ValidForUpdateApi>1</ValidForUpdateApi>
					<ValidForReadApi>1</ValidForReadApi>
					<ValidForCreateApi>1</ValidForCreateApi>
					<IsCustomField>1</IsCustomField>
					<IsAuditEnabled>1</IsAuditEnabled>
					<IsSecured>0</IsSecured>
					<IntroducedVersion>1.0.0.0</IntroducedVersion>
					<IsCustomizable>1</IsCustomizable>
					<IsRenameable>1</IsRenameable>
					<CanModifySearchSettings>1</CanModifySearchSettings>
					<CanModifyRequirementLevelSettings>1</CanModifyRequirementLevelSettings>
					<CanModifyAdditionalSettings>1</CanModifyAdditionalSettings>
					<SourceType>0</SourceType>
					<IsGlobalFilterEnabled>0</IsGlobalFilterEnabled>
					<IsSortableEnabled>0</IsSortableEnabled>
					<CanModifyGlobalFilterSettings>1</CanModifyGlobalFilterSettings>
					<CanModifyIsSortableSettings>1</CanModifyIsSortableSettings>
					<IsDataSourceSecret>0</IsDataSourceSecret>
					<AutoNumberFormat></AutoNumberFormat>
					<IsSearchable>0</IsSearchable>
					<IsFilterable>0</IsFilterable>
					<IsRetrievable>0</IsRetrievable>
					<IsLocalizable>0</IsLocalizable>
					<AppDefaultValue>-1</AppDefaultValue>
					<optionset
					  Name="rhm_salesorder_rhm_fixedprice">
						<OptionSetType>picklist</OptionSetType>
						<IntroducedVersion>1.0.0.0</IntroducedVersion>
						<IsCustomizable>1</IsCustomizable>
						<ExternalTypeName></ExternalTypeName>
						<displaynames>
							<displayname
							  description="Fixed Price"
							  languagecode="1033" />
						</displaynames>
						<Descriptions>
							<Description
							  description=""
							  languagecode="1033" />
						</Descriptions>
						<options>
							<option
							  value="535790000"
							  ExternalValue="">
								<labels>
									<label
									  description="Yes"
									  languagecode="1033" />
								</labels>
								<Descriptions>
									<Description
									  description=""
									  languagecode="1033" />
								</Descriptions>
							</option>
							<option
							  value="535790001"
							  ExternalValue="">
								<labels>
									<label
									  description="No"
									  languagecode="1033" />
								</labels>
								<Descriptions>
									<Description
									  description=""
									  languagecode="1033" />
								</Descriptions>
							</option>
						</options>
					</optionset>
					<displaynames>
						<displayname
						  description="Fixed Price"
						  languagecode="1033" />
					</displaynames>
					<Descriptions>
						<Description
						  description=""
						  languagecode="1033" />
					</Descriptions>
				</attribute>
				<attribute
				  PhysicalName="rhm_LastUpdatedOn">
					<Type>datetime</Type>
					<Name>rhm_lastupdatedon</Name>
					<LogicalName>rhm_lastupdatedon</LogicalName>
					<RequiredLevel>none</RequiredLevel>
					<DisplayMask>ValidForAdvancedFind|ValidForForm|ValidForGrid</DisplayMask>
					<ImeMode>auto</ImeMode>
					<ValidForUpdateApi>1</ValidForUpdateApi>
					<ValidForReadApi>1</ValidForReadApi>
					<ValidForCreateApi>1</ValidForCreateApi>
					<IsCustomField>1</IsCustomField>
					<IsAuditEnabled>1</IsAuditEnabled>
					<IsSecured>0</IsSecured>
					<IntroducedVersion>1.0.0.24</IntroducedVersion>
					<IsCustomizable>1</IsCustomizable>
					<IsRenameable>1</IsRenameable>
					<CanModifySearchSettings>1</CanModifySearchSettings>
					<CanModifyRequirementLevelSettings>1</CanModifyRequirementLevelSettings>
					<CanModifyAdditionalSettings>1</CanModifyAdditionalSettings>
					<SourceType>0</SourceType>
					<IsGlobalFilterEnabled>0</IsGlobalFilterEnabled>
					<IsSortableEnabled>0</IsSortableEnabled>
					<CanModifyGlobalFilterSettings>1</CanModifyGlobalFilterSettings>
					<CanModifyIsSortableSettings>1</CanModifyIsSortableSettings>
					<IsDataSourceSecret>0</IsDataSourceSecret>
					<AutoNumberFormat></AutoNumberFormat>
					<IsSearchable>0</IsSearchable>
					<IsFilterable>0</IsFilterable>
					<IsRetrievable>0</IsRetrievable>
					<IsLocalizable>0</IsLocalizable>
					<Format>datetime</Format>
					<CanChangeDateTimeBehavior>1</CanChangeDateTimeBehavior>
					<Behavior>1</Behavior>
					<displaynames>
						<displayname
						  description="Last Updated On"
						  languagecode="1033" />
					</displaynames>
					<Descriptions>
						<Description
						  description=""
						  languagecode="1033" />
					</Descriptions>
				</attribute>
				<attribute
				  PhysicalName="rhm_Manual">
					<Type>nvarchar</Type>
					<Name>rhm_manual</Name>
					<LogicalName>rhm_manual</LogicalName>
					<RequiredLevel>none</RequiredLevel>
					<DisplayMask>ValidForAdvancedFind|ValidForForm|ValidForGrid</DisplayMask>
					<ImeMode>auto</ImeMode>
					<ValidForUpdateApi>1</ValidForUpdateApi>
					<ValidForReadApi>1</ValidForReadApi>
					<ValidForCreateApi>1</ValidForCreateApi>
					<IsCustomField>1</IsCustomField>
					<IsAuditEnabled>1</IsAuditEnabled>
					<IsSecured>0</IsSecured>
					<IntroducedVersion>1.0</IntroducedVersion>
					<IsCustomizable>1</IsCustomizable>
					<IsRenameable>1</IsRenameable>
					<CanModifySearchSettings>1</CanModifySearchSettings>
					<CanModifyRequirementLevelSettings>1</CanModifyRequirementLevelSettings>
					<CanModifyAdditionalSettings>1</CanModifyAdditionalSettings>
					<SourceType>0</SourceType>
					<IsGlobalFilterEnabled>0</IsGlobalFilterEnabled>
					<IsSortableEnabled>0</IsSortableEnabled>
					<CanModifyGlobalFilterSettings>1</CanModifyGlobalFilterSettings>
					<CanModifyIsSortableSettings>1</CanModifyIsSortableSettings>
					<IsDataSourceSecret>0</IsDataSourceSecret>
					<AutoNumberFormat></AutoNumberFormat>
					<IsSearchable>0</IsSearchable>
					<IsFilterable>0</IsFilterable>
					<IsRetrievable>0</IsRetrievable>
					<IsLocalizable>0</IsLocalizable>
					<Format>text</Format>
					<MaxLength>100</MaxLength>
					<Length>200</Length>
					<displaynames>
						<displayname
						  description="Manual"
						  languagecode="1033" />
					</displaynames>
					<Descriptions>
						<Description
						  description=""
						  languagecode="1033" />
					</Descriptions>
				</attribute>
				<attribute
				  PhysicalName="rhm_OracleOrderStatus">
					<Type>nvarchar</Type>
					<Name>rhm_oracleorderstatus</Name>
					<LogicalName>rhm_oracleorderstatus</LogicalName>
					<RequiredLevel>none</RequiredLevel>
					<DisplayMask>ValidForAdvancedFind|ValidForForm|ValidForGrid</DisplayMask>
					<ImeMode>auto</ImeMode>
					<ValidForUpdateApi>1</ValidForUpdateApi>
					<ValidForReadApi>1</ValidForReadApi>
					<ValidForCreateApi>1</ValidForCreateApi>
					<IsCustomField>1</IsCustomField>
					<IsAuditEnabled>1</IsAuditEnabled>
					<IsSecured>0</IsSecured>
					<IntroducedVersion>1.0</IntroducedVersion>
					<IsCustomizable>1</IsCustomizable>
					<IsRenameable>1</IsRenameable>
					<CanModifySearchSettings>1</CanModifySearchSettings>
					<CanModifyRequirementLevelSettings>1</CanModifyRequirementLevelSettings>
					<CanModifyAdditionalSettings>1</CanModifyAdditionalSettings>
					<SourceType>0</SourceType>
					<IsGlobalFilterEnabled>0</IsGlobalFilterEnabled>
					<IsSortableEnabled>0</IsSortableEnabled>
					<CanModifyGlobalFilterSettings>1</CanModifyGlobalFilterSettings>
					<CanModifyIsSortableSettings>1</CanModifyIsSortableSettings>
					<IsDataSourceSecret>0</IsDataSourceSecret>
					<AutoNumberFormat></AutoNumberFormat>
					<IsSearchable>0</IsSearchable>
					<IsFilterable>0</IsFilterable>
					<IsRetrievable>0</IsRetrievable>
					<IsLocalizable>0</IsLocalizable>
					<Format>text</Format>
					<MaxLength>100</MaxLength>
					<Length>200</Length>
					<displaynames>
						<displayname
						  description="Oracle Order Status"
						  languagecode="1033" />
					</displaynames>
					<Descriptions>
						<Description
						  description=""
						  languagecode="1033" />
					</Descriptions>
				</attribute>
				<attribute
				 PhysicalName="rhm_PONumber">
					<Type>nvarchar</Type>
					<Name>rhm_ponumber</Name>
					<LogicalName>rhm_ponumber</LogicalName>
					<RequiredLevel>none</RequiredLevel>
					<DisplayMask>ValidForAdvancedFind|ValidForForm|ValidForGrid</DisplayMask>
					<ImeMode>auto</ImeMode>
					<ValidForUpdateApi>1</ValidForUpdateApi>
					<ValidForReadApi>1</ValidForReadApi>
					<ValidForCreateApi>1</ValidForCreateApi>
					<IsCustomField>1</IsCustomField>
					<IsAuditEnabled>1</IsAuditEnabled>
					<IsSecured>0</IsSecured>
					<IntroducedVersion>1.0.0.21</IntroducedVersion>
					<IsCustomizable>1</IsCustomizable>
					<IsRenameable>1</IsRenameable>
					<CanModifySearchSettings>1</CanModifySearchSettings>
					<CanModifyRequirementLevelSettings>1</CanModifyRequirementLevelSettings>
					<CanModifyAdditionalSettings>1</CanModifyAdditionalSettings>
					<SourceType>0</SourceType>
					<IsGlobalFilterEnabled>0</IsGlobalFilterEnabled>
					<IsSortableEnabled>0</IsSortableEnabled>
					<CanModifyGlobalFilterSettings>1</CanModifyGlobalFilterSettings>
					<CanModifyIsSortableSettings>1</CanModifyIsSortableSettings>
					<IsDataSourceSecret>0</IsDataSourceSecret>
					<AutoNumberFormat></AutoNumberFormat>
					<IsSearchable>1</IsSearchable>
					<IsFilterable>0</IsFilterable>
					<IsRetrievable>0</IsRetrievable>
					<IsLocalizable>0</IsLocalizable>
					<Format>text</Format>
					<MaxLength>100</MaxLength>
					<Length>200</Length>
					<displaynames>
						<displayname
						  description="PO Number"
						  languagecode="1033" />
					</displaynames>
					<Descriptions>
						<Description
						  description=""
						  languagecode="1033" />
					</Descriptions>
				</attribute>
				<attribute
				  PhysicalName="rhm_PricingDate">
					<Type>datetime</Type>
					<Name>rhm_pricingdate</Name>
					<LogicalName>rhm_pricingdate</LogicalName>
					<RequiredLevel>none</RequiredLevel>
					<DisplayMask>ValidForAdvancedFind|ValidForForm|ValidForGrid</DisplayMask>
					<ImeMode>auto</ImeMode>
					<ValidForUpdateApi>1</ValidForUpdateApi>
					<ValidForReadApi>1</ValidForReadApi>
					<ValidForCreateApi>1</ValidForCreateApi>
					<IsCustomField>1</IsCustomField>
					<IsAuditEnabled>1</IsAuditEnabled>
					<IsSecured>0</IsSecured>
					<IntroducedVersion>1.0</IntroducedVersion>
					<IsCustomizable>1</IsCustomizable>
					<IsRenameable>1</IsRenameable>
					<CanModifySearchSettings>1</CanModifySearchSettings>
					<CanModifyRequirementLevelSettings>1</CanModifyRequirementLevelSettings>
					<CanModifyAdditionalSettings>1</CanModifyAdditionalSettings>
					<SourceType>0</SourceType>
					<IsGlobalFilterEnabled>0</IsGlobalFilterEnabled>
					<IsSortableEnabled>0</IsSortableEnabled>
					<CanModifyGlobalFilterSettings>1</CanModifyGlobalFilterSettings>
					<CanModifyIsSortableSettings>1</CanModifyIsSortableSettings>
					<IsDataSourceSecret>0</IsDataSourceSecret>
					<AutoNumberFormat></AutoNumberFormat>
					<IsSearchable>0</IsSearchable>
					<IsFilterable>0</IsFilterable>
					<IsRetrievable>0</IsRetrievable>
					<IsLocalizable>0</IsLocalizable>
					<Format>datetime</Format>
					<Behavior>1</Behavior>
					<displaynames>
						<displayname
						  description="Pricing Date"
						  languagecode="1033" />
					</displaynames>
					<Descriptions>
						<Description
						  description=""
						  languagecode="1033" />
					</Descriptions>
				</attribute>
				<attribute
				  PhysicalName="rhm_PromiseDate">
					<Type>datetime</Type>
					<Name>rhm_promisedate</Name>
					<LogicalName>rhm_promisedate</LogicalName>
					<RequiredLevel>none</RequiredLevel>
					<DisplayMask>ValidForAdvancedFind|ValidForForm|ValidForGrid</DisplayMask>
					<ImeMode>auto</ImeMode>
					<ValidForUpdateApi>1</ValidForUpdateApi>
					<ValidForReadApi>1</ValidForReadApi>
					<ValidForCreateApi>1</ValidForCreateApi>
					<IsCustomField>1</IsCustomField>
					<IsAuditEnabled>1</IsAuditEnabled>
					<IsSecured>0</IsSecured>
					<IntroducedVersion>1.0</IntroducedVersion>
					<IsCustomizable>1</IsCustomizable>
					<IsRenameable>1</IsRenameable>
					<CanModifySearchSettings>1</CanModifySearchSettings>
					<CanModifyRequirementLevelSettings>1</CanModifyRequirementLevelSettings>
					<CanModifyAdditionalSettings>1</CanModifyAdditionalSettings>
					<SourceType>0</SourceType>
					<IsGlobalFilterEnabled>0</IsGlobalFilterEnabled>
					<IsSortableEnabled>0</IsSortableEnabled>
					<CanModifyGlobalFilterSettings>1</CanModifyGlobalFilterSettings>
					<CanModifyIsSortableSettings>1</CanModifyIsSortableSettings>
					<IsDataSourceSecret>0</IsDataSourceSecret>
					<AutoNumberFormat></AutoNumberFormat>
					<IsSearchable>0</IsSearchable>
					<IsFilterable>0</IsFilterable>
					<IsRetrievable>0</IsRetrievable>
					<IsLocalizable>0</IsLocalizable>
					<Format>datetime</Format>
					<Behavior>1</Behavior>
					<displaynames>
						<displayname
						  description="Promise Date"
						  languagecode="1033" />
					</displaynames>
					<Descriptions>
						<Description
						  description=""
						  languagecode="1033" />
					</Descriptions>
				</attribute>
				<attribute
				  PhysicalName="rhm_Remark">
					<Type>nvarchar</Type>
					<Name>rhm_remark</Name>
					<LogicalName>rhm_remark</LogicalName>
					<RequiredLevel>none</RequiredLevel>
					<DisplayMask>ValidForAdvancedFind|ValidForForm|ValidForGrid</DisplayMask>
					<ImeMode>auto</ImeMode>
					<ValidForUpdateApi>1</ValidForUpdateApi>
					<ValidForReadApi>1</ValidForReadApi>
					<ValidForCreateApi>1</ValidForCreateApi>
					<IsCustomField>1</IsCustomField>
					<IsAuditEnabled>1</IsAuditEnabled>
					<IsSecured>0</IsSecured>
					<IntroducedVersion>1.0</IntroducedVersion>
					<IsCustomizable>1</IsCustomizable>
					<IsRenameable>1</IsRenameable>
					<CanModifySearchSettings>1</CanModifySearchSettings>
					<CanModifyRequirementLevelSettings>1</CanModifyRequirementLevelSettings>
					<CanModifyAdditionalSettings>1</CanModifyAdditionalSettings>
					<SourceType>0</SourceType>
					<IsGlobalFilterEnabled>0</IsGlobalFilterEnabled>
					<IsSortableEnabled>0</IsSortableEnabled>
					<CanModifyGlobalFilterSettings>1</CanModifyGlobalFilterSettings>
					<CanModifyIsSortableSettings>1</CanModifyIsSortableSettings>
					<IsDataSourceSecret>0</IsDataSourceSecret>
					<AutoNumberFormat></AutoNumberFormat>
					<IsSearchable>0</IsSearchable>
					<IsFilterable>0</IsFilterable>
					<IsRetrievable>0</IsRetrievable>
					<IsLocalizable>0</IsLocalizable>
					<Format>textarea</Format>
					<MaxLength>100</MaxLength>
					<Length>200</Length>
					<displaynames>
						<displayname
						  description="Remark"
						  languagecode="1033" />
					</displaynames>
					<Descriptions>
						<Description
						  description=""
						  languagecode="1033" />
					</Descriptions>
				</attribute>
				<attribute
				  PhysicalName="rhm_RequiredDate">
					<Type>datetime</Type>
					<Name>rhm_requireddate</Name>
					<LogicalName>rhm_requireddate</LogicalName>
					<RequiredLevel>none</RequiredLevel>
					<DisplayMask>ValidForAdvancedFind|ValidForForm|ValidForGrid</DisplayMask>
					<ImeMode>auto</ImeMode>
					<ValidForUpdateApi>1</ValidForUpdateApi>
					<ValidForReadApi>1</ValidForReadApi>
					<ValidForCreateApi>1</ValidForCreateApi>
					<IsCustomField>1</IsCustomField>
					<IsAuditEnabled>1</IsAuditEnabled>
					<IsSecured>0</IsSecured>
					<IntroducedVersion>1.0</IntroducedVersion>
					<IsCustomizable>1</IsCustomizable>
					<IsRenameable>1</IsRenameable>
					<CanModifySearchSettings>1</CanModifySearchSettings>
					<CanModifyRequirementLevelSettings>1</CanModifyRequirementLevelSettings>
					<CanModifyAdditionalSettings>1</CanModifyAdditionalSettings>
					<SourceType>0</SourceType>
					<IsGlobalFilterEnabled>0</IsGlobalFilterEnabled>
					<IsSortableEnabled>0</IsSortableEnabled>
					<CanModifyGlobalFilterSettings>1</CanModifyGlobalFilterSettings>
					<CanModifyIsSortableSettings>1</CanModifyIsSortableSettings>
					<IsDataSourceSecret>0</IsDataSourceSecret>
					<AutoNumberFormat></AutoNumberFormat>
					<IsSearchable>0</IsSearchable>
					<IsFilterable>0</IsFilterable>
					<IsRetrievable>0</IsRetrievable>
					<IsLocalizable>0</IsLocalizable>
					<Format>datetime</Format>
					<Behavior>1</Behavior>
					<displaynames>
						<displayname
						  description="Required Date"
						  languagecode="1033" />
					</displaynames>
					<Descriptions>
						<Description
						  description=""
						  languagecode="1033" />
					</Descriptions>
				</attribute>
				<attribute
				  PhysicalName="rhm_SalesPerson">
					<Type>nvarchar</Type>
					<Name>rhm_salesperson</Name>
					<LogicalName>rhm_salesperson</LogicalName>
					<RequiredLevel>none</RequiredLevel>
					<DisplayMask>ValidForAdvancedFind|ValidForForm|ValidForGrid</DisplayMask>
					<ImeMode>auto</ImeMode>
					<ValidForUpdateApi>1</ValidForUpdateApi>
					<ValidForReadApi>1</ValidForReadApi>
					<ValidForCreateApi>1</ValidForCreateApi>
					<IsCustomField>1</IsCustomField>
					<IsAuditEnabled>1</IsAuditEnabled>
					<IsSecured>0</IsSecured>
					<IntroducedVersion>1.0</IntroducedVersion>
					<IsCustomizable>1</IsCustomizable>
					<IsRenameable>1</IsRenameable>
					<CanModifySearchSettings>1</CanModifySearchSettings>
					<CanModifyRequirementLevelSettings>1</CanModifyRequirementLevelSettings>
					<CanModifyAdditionalSettings>1</CanModifyAdditionalSettings>
					<SourceType>0</SourceType>
					<IsGlobalFilterEnabled>0</IsGlobalFilterEnabled>
					<IsSortableEnabled>0</IsSortableEnabled>
					<CanModifyGlobalFilterSettings>1</CanModifyGlobalFilterSettings>
					<CanModifyIsSortableSettings>1</CanModifyIsSortableSettings>
					<IsDataSourceSecret>0</IsDataSourceSecret>
					<AutoNumberFormat></AutoNumberFormat>
					<IsSearchable>0</IsSearchable>
					<IsFilterable>0</IsFilterable>
					<IsRetrievable>0</IsRetrievable>
					<IsLocalizable>0</IsLocalizable>
					<Format>text</Format>
					<MaxLength>100</MaxLength>
					<Length>200</Length>
					<displaynames>
						<displayname
						  description="Sales Person"
						  languagecode="1033" />
					</displaynames>
					<Descriptions>
						<Description
						  description=""
						  languagecode="1033" />
					</Descriptions>
				</attribute>
				<attribute
				  PhysicalName="rhm_ShipTo_County">
					<Type>nvarchar</Type>
					<Name>rhm_shipto_county</Name>
					<LogicalName>rhm_shipto_county</LogicalName>
					<RequiredLevel>none</RequiredLevel>
					<DisplayMask>ValidForAdvancedFind|ValidForForm|ValidForGrid</DisplayMask>
					<ImeMode>auto</ImeMode>
					<ValidForUpdateApi>1</ValidForUpdateApi>
					<ValidForReadApi>1</ValidForReadApi>
					<ValidForCreateApi>1</ValidForCreateApi>
					<IsCustomField>1</IsCustomField>
					<IsAuditEnabled>1</IsAuditEnabled>
					<IsSecured>0</IsSecured>
					<IntroducedVersion>1.0</IntroducedVersion>
					<IsCustomizable>1</IsCustomizable>
					<IsRenameable>1</IsRenameable>
					<CanModifySearchSettings>1</CanModifySearchSettings>
					<CanModifyRequirementLevelSettings>1</CanModifyRequirementLevelSettings>
					<CanModifyAdditionalSettings>1</CanModifyAdditionalSettings>
					<SourceType>0</SourceType>
					<IsGlobalFilterEnabled>0</IsGlobalFilterEnabled>
					<IsSortableEnabled>0</IsSortableEnabled>
					<CanModifyGlobalFilterSettings>1</CanModifyGlobalFilterSettings>
					<CanModifyIsSortableSettings>1</CanModifyIsSortableSettings>
					<IsDataSourceSecret>0</IsDataSourceSecret>
					<AutoNumberFormat></AutoNumberFormat>
					<IsSearchable>0</IsSearchable>
					<IsFilterable>0</IsFilterable>
					<IsRetrievable>0</IsRetrievable>
					<IsLocalizable>0</IsLocalizable>
					<Format>text</Format>
					<MaxLength>100</MaxLength>
					<Length>200</Length>
					<displaynames>
						<displayname
						  description="ShipTo_County"
						  languagecode="1033" />
					</displaynames>
					<Descriptions>
						<Description
						  description=""
						  languagecode="1033" />
					</Descriptions>
				</attribute>
				<attribute
				  PhysicalName="rhm_ShipTo_Line4">
					<Type>nvarchar</Type>
					<Name>rhm_shipto_line4</Name>
					<LogicalName>rhm_shipto_line4</LogicalName>
					<RequiredLevel>none</RequiredLevel>
					<DisplayMask>ValidForAdvancedFind|ValidForForm|ValidForGrid</DisplayMask>
					<ImeMode>auto</ImeMode>
					<ValidForUpdateApi>1</ValidForUpdateApi>
					<ValidForReadApi>1</ValidForReadApi>
					<ValidForCreateApi>1</ValidForCreateApi>
					<IsCustomField>1</IsCustomField>
					<IsAuditEnabled>1</IsAuditEnabled>
					<IsSecured>0</IsSecured>
					<IntroducedVersion>1.0.0.21</IntroducedVersion>
					<IsCustomizable>1</IsCustomizable>
					<IsRenameable>1</IsRenameable>
					<CanModifySearchSettings>1</CanModifySearchSettings>
					<CanModifyRequirementLevelSettings>1</CanModifyRequirementLevelSettings>
					<CanModifyAdditionalSettings>1</CanModifyAdditionalSettings>
					<SourceType>0</SourceType>
					<IsGlobalFilterEnabled>0</IsGlobalFilterEnabled>
					<IsSortableEnabled>0</IsSortableEnabled>
					<CanModifyGlobalFilterSettings>1</CanModifyGlobalFilterSettings>
					<CanModifyIsSortableSettings>1</CanModifyIsSortableSettings>
					<IsDataSourceSecret>0</IsDataSourceSecret>
					<AutoNumberFormat></AutoNumberFormat>
					<IsSearchable>0</IsSearchable>
					<IsFilterable>0</IsFilterable>
					<IsRetrievable>0</IsRetrievable>
					<IsLocalizable>0</IsLocalizable>
					<Format>text</Format>
					<MaxLength>100</MaxLength>
					<Length>200</Length>
					<displaynames>
						<displayname
						  description="ShipTo_Line4"
						  languagecode="1033" />
					</displaynames>
					<Descriptions>
						<Description
						  description=""
						  languagecode="1033" />
					</Descriptions>
				</attribute>
				<attribute
				  PhysicalName="rhm_ShipToId">
					<Type>nvarchar</Type>
					<Name>rhm_shiptoid</Name>
					<LogicalName>rhm_shiptoid</LogicalName>
					<RequiredLevel>none</RequiredLevel>
					<DisplayMask>ValidForAdvancedFind|ValidForForm|ValidForGrid</DisplayMask>
					<ImeMode>auto</ImeMode>
					<ValidForUpdateApi>1</ValidForUpdateApi>
					<ValidForReadApi>1</ValidForReadApi>
					<ValidForCreateApi>1</ValidForCreateApi>
					<IsCustomField>1</IsCustomField>
					<IsAuditEnabled>1</IsAuditEnabled>
					<IsSecured>0</IsSecured>
					<IntroducedVersion>1.0</IntroducedVersion>
					<IsCustomizable>1</IsCustomizable>
					<IsRenameable>1</IsRenameable>
					<CanModifySearchSettings>1</CanModifySearchSettings>
					<CanModifyRequirementLevelSettings>1</CanModifyRequirementLevelSettings>
					<CanModifyAdditionalSettings>1</CanModifyAdditionalSettings>
					<SourceType>0</SourceType>
					<IsGlobalFilterEnabled>0</IsGlobalFilterEnabled>
					<IsSortableEnabled>0</IsSortableEnabled>
					<CanModifyGlobalFilterSettings>1</CanModifyGlobalFilterSettings>
					<CanModifyIsSortableSettings>1</CanModifyIsSortableSettings>
					<IsDataSourceSecret>0</IsDataSourceSecret>
					<AutoNumberFormat></AutoNumberFormat>
					<IsSearchable>0</IsSearchable>
					<IsFilterable>0</IsFilterable>
					<IsRetrievable>0</IsRetrievable>
					<IsLocalizable>0</IsLocalizable>
					<Format>text</Format>
					<MaxLength>100</MaxLength>
					<Length>200</Length>
					<displaynames>
						<displayname
						  description="Ship To Id"
						  languagecode="1033" />
					</displaynames>
					<Descriptions>
						<Description
						  description=""
						  languagecode="1033" />
					</Descriptions>
				</attribute>
				<attribute
				  PhysicalName="rhm_ShipVia">
					<Type>nvarchar</Type>
					<Name>rhm_shipvia</Name>
					<LogicalName>rhm_shipvia</LogicalName>
					<RequiredLevel>none</RequiredLevel>
					<DisplayMask>ValidForAdvancedFind|ValidForForm|ValidForGrid</DisplayMask>
					<ImeMode>auto</ImeMode>
					<ValidForUpdateApi>1</ValidForUpdateApi>
					<ValidForReadApi>1</ValidForReadApi>
					<ValidForCreateApi>1</ValidForCreateApi>
					<IsCustomField>1</IsCustomField>
					<IsAuditEnabled>1</IsAuditEnabled>
					<IsSecured>0</IsSecured>
					<IntroducedVersion>1.0</IntroducedVersion>
					<IsCustomizable>1</IsCustomizable>
					<IsRenameable>1</IsRenameable>
					<CanModifySearchSettings>1</CanModifySearchSettings>
					<CanModifyRequirementLevelSettings>1</CanModifyRequirementLevelSettings>
					<CanModifyAdditionalSettings>1</CanModifyAdditionalSettings>
					<SourceType>0</SourceType>
					<IsGlobalFilterEnabled>0</IsGlobalFilterEnabled>
					<IsSortableEnabled>0</IsSortableEnabled>
					<CanModifyGlobalFilterSettings>1</CanModifyGlobalFilterSettings>
					<CanModifyIsSortableSettings>1</CanModifyIsSortableSettings>
					<IsDataSourceSecret>0</IsDataSourceSecret>
					<AutoNumberFormat></AutoNumberFormat>
					<IsSearchable>0</IsSearchable>
					<IsFilterable>0</IsFilterable>
					<IsRetrievable>0</IsRetrievable>
					<IsLocalizable>0</IsLocalizable>
					<Format>text</Format>
					<MaxLength>100</MaxLength>
					<Length>200</Length>
					<displaynames>
						<displayname
						  description="Ship Via"
						  languagecode="1033" />
					</displaynames>
					<Descriptions>
						<Description
						  description=""
						  languagecode="1033" />
					</Descriptions>
				</attribute>
				<attribute
				  PhysicalName="rhm_SiteId">
					<Type>nvarchar</Type>
					<Name>rhm_siteid</Name>
					<LogicalName>rhm_siteid</LogicalName>
					<RequiredLevel>none</RequiredLevel>
					<DisplayMask>ValidForAdvancedFind|ValidForForm|ValidForGrid</DisplayMask>
					<ImeMode>auto</ImeMode>
					<ValidForUpdateApi>1</ValidForUpdateApi>
					<ValidForReadApi>1</ValidForReadApi>
					<ValidForCreateApi>1</ValidForCreateApi>
					<IsCustomField>1</IsCustomField>
					<IsAuditEnabled>1</IsAuditEnabled>
					<IsSecured>0</IsSecured>
					<IntroducedVersion>1.0</IntroducedVersion>
					<IsCustomizable>1</IsCustomizable>
					<IsRenameable>1</IsRenameable>
					<CanModifySearchSettings>1</CanModifySearchSettings>
					<CanModifyRequirementLevelSettings>1</CanModifyRequirementLevelSettings>
					<CanModifyAdditionalSettings>1</CanModifyAdditionalSettings>
					<SourceType>0</SourceType>
					<IsGlobalFilterEnabled>0</IsGlobalFilterEnabled>
					<IsSortableEnabled>0</IsSortableEnabled>
					<CanModifyGlobalFilterSettings>1</CanModifyGlobalFilterSettings>
					<CanModifyIsSortableSettings>1</CanModifyIsSortableSettings>
					<IsDataSourceSecret>0</IsDataSourceSecret>
					<AutoNumberFormat></AutoNumberFormat>
					<IsSearchable>0</IsSearchable>
					<IsFilterable>0</IsFilterable>
					<IsRetrievable>0</IsRetrievable>
					<IsLocalizable>0</IsLocalizable>
					<Format>text</Format>
					<MaxLength>100</MaxLength>
					<Length>200</Length>
					<displaynames>
						<displayname
						  description="Site Id"
						  languagecode="1033" />
					</displaynames>
					<Descriptions>
						<Description
						  description=""
						  languagecode="1033" />
					</Descriptions>
				</attribute>
				<attribute
					PhysicalName="rhm_SONumber">
					<Type>nvarchar</Type>
					<Name>rhm_sonumber</Name>
					<LogicalName>rhm_sonumber</LogicalName>
					<RequiredLevel>none</RequiredLevel>
					<DisplayMask>ValidForAdvancedFind|ValidForForm|ValidForGrid</DisplayMask>
					<ImeMode>auto</ImeMode>
					<ValidForUpdateApi>1</ValidForUpdateApi>
					<ValidForReadApi>1</ValidForReadApi>
					<ValidForCreateApi>1</ValidForCreateApi>
					<IsCustomField>1</IsCustomField>
					<IsAuditEnabled>1</IsAuditEnabled>
					<IsSecured>0</IsSecured>
					<IntroducedVersion>1.0</IntroducedVersion>
					<IsCustomizable>1</IsCustomizable>
					<IsRenameable>1</IsRenameable>
					<CanModifySearchSettings>1</CanModifySearchSettings>
					<CanModifyRequirementLevelSettings>1</CanModifyRequirementLevelSettings>
					<CanModifyAdditionalSettings>1</CanModifyAdditionalSettings>
					<SourceType>0</SourceType>
					<IsGlobalFilterEnabled>0</IsGlobalFilterEnabled>
					<IsSortableEnabled>0</IsSortableEnabled>
					<CanModifyGlobalFilterSettings>1</CanModifyGlobalFilterSettings>
					<CanModifyIsSortableSettings>1</CanModifyIsSortableSettings>
					<IsDataSourceSecret>0</IsDataSourceSecret>
					<AutoNumberFormat></AutoNumberFormat>
					<IsSearchable>1</IsSearchable>
					<IsFilterable>0</IsFilterable>
					<IsRetrievable>0</IsRetrievable>
					<IsLocalizable>0</IsLocalizable>
					<Format>text</Format>
					<MaxLength>100</MaxLength>
					<Length>200</Length>
					<displaynames>
						<displayname
						  description="SO Number"
						  languagecode="1033" />
					</displaynames>
					<Descriptions>
						<Description
						  description=""
						  languagecode="1033" />
					</Descriptions>
				</attribute>
				<attribute
				  PhysicalName="rhm_Taxable">
					<Type>picklist</Type>
					<Name>rhm_taxable</Name>
					<LogicalName>rhm_taxable</LogicalName>
					<RequiredLevel>none</RequiredLevel>
					<DisplayMask>ValidForAdvancedFind|ValidForForm|ValidForGrid</DisplayMask>
					<ImeMode>auto</ImeMode>
					<ValidForUpdateApi>1</ValidForUpdateApi>
					<ValidForReadApi>1</ValidForReadApi>
					<ValidForCreateApi>1</ValidForCreateApi>
					<IsCustomField>1</IsCustomField>
					<IsAuditEnabled>1</IsAuditEnabled>
					<IsSecured>0</IsSecured>
					<IntroducedVersion>1.0.0.0</IntroducedVersion>
					<IsCustomizable>1</IsCustomizable>
					<IsRenameable>1</IsRenameable>
					<CanModifySearchSettings>1</CanModifySearchSettings>
					<CanModifyRequirementLevelSettings>1</CanModifyRequirementLevelSettings>
					<CanModifyAdditionalSettings>1</CanModifyAdditionalSettings>
					<SourceType>0</SourceType>
					<IsGlobalFilterEnabled>0</IsGlobalFilterEnabled>
					<IsSortableEnabled>0</IsSortableEnabled>
					<CanModifyGlobalFilterSettings>1</CanModifyGlobalFilterSettings>
					<CanModifyIsSortableSettings>1</CanModifyIsSortableSettings>
					<IsDataSourceSecret>0</IsDataSourceSecret>
					<AutoNumberFormat></AutoNumberFormat>
					<IsSearchable>0</IsSearchable>
					<IsFilterable>0</IsFilterable>
					<IsRetrievable>0</IsRetrievable>
					<IsLocalizable>0</IsLocalizable>
					<AppDefaultValue>-1</AppDefaultValue>
					<optionset
					  Name="rhm_salesorder_rhm_taxable">
						<OptionSetType>picklist</OptionSetType>
						<IntroducedVersion>1.0.0.0</IntroducedVersion>
						<IsCustomizable>1</IsCustomizable>
						<ExternalTypeName></ExternalTypeName>
						<displaynames>
							<displayname
							  description="Taxable"
							  languagecode="1033" />
						</displaynames>
						<Descriptions>
							<Description
							  description=""
							  languagecode="1033" />
						</Descriptions>
						<options>
							<option
							  value="535790000"
							  ExternalValue="">
								<labels>
									<label
									  description="Yes"
									  languagecode="1033" />
								</labels>
								<Descriptions>
									<Description
									  description=""
									  languagecode="1033" />
								</Descriptions>
							</option>
							<option
							  value="535790001"
							  ExternalValue="">
								<labels>
									<label
									  description="No"
									  languagecode="1033" />
								</labels>
								<Descriptions>
									<Description
									  description=""
									  languagecode="1033" />
								</Descriptions>
							</option>
						</options>
					</optionset>
					<displaynames>
						<displayname
						  description="Taxable"
						  languagecode="1033" />
					</displaynames>
					<Descriptions>
						<Description
						  description=""
						  languagecode="1033" />
					</Descriptions>
				</attribute>
				<attribute
			   PhysicalName="rhm_DateBooked">
					<Type>datetime</Type>
					<Name>rhm_datebooked</Name>
					<LogicalName>rhm_datebooked</LogicalName>
					<RequiredLevel>none</RequiredLevel>
					<DisplayMask>ValidForAdvancedFind|ValidForForm|ValidForGrid</DisplayMask>
					<ImeMode>auto</ImeMode>
					<ValidForUpdateApi>1</ValidForUpdateApi>
					<ValidForReadApi>1</ValidForReadApi>
					<ValidForCreateApi>1</ValidForCreateApi>
					<IsCustomField>1</IsCustomField>
					<IsAuditEnabled>1</IsAuditEnabled>
					<IsSecured>0</IsSecured>
					<IntroducedVersion>1.0</IntroducedVersion>
					<IsCustomizable>1</IsCustomizable>
					<IsRenameable>1</IsRenameable>
					<CanModifySearchSettings>1</CanModifySearchSettings>
					<CanModifyRequirementLevelSettings>1</CanModifyRequirementLevelSettings>
					<CanModifyAdditionalSettings>1</CanModifyAdditionalSettings>
					<SourceType>0</SourceType>
					<IsGlobalFilterEnabled>0</IsGlobalFilterEnabled>
					<IsSortableEnabled>0</IsSortableEnabled>
					<CanModifyGlobalFilterSettings>1</CanModifyGlobalFilterSettings>
					<CanModifyIsSortableSettings>1</CanModifyIsSortableSettings>
					<IsDataSourceSecret>0</IsDataSourceSecret>
					<AutoNumberFormat></AutoNumberFormat>
					<IsSearchable>0</IsSearchable>
					<IsFilterable>0</IsFilterable>
					<IsRetrievable>0</IsRetrievable>
					<IsLocalizable>0</IsLocalizable>
					<Format>datetime</Format>
					<Behavior>1</Behavior>
					<displaynames>
						<displayname
						  description="Date Booked"
						  languagecode="1033" />
					</displaynames>
					<Descriptions>
						<Description
						  description=""
						  languagecode="1033" />
					</Descriptions>
				</attribute>
				<attribute
				  PhysicalName="rhm_PercentageOfTruckload">
					<Type>decimal</Type>
					<Name>rhm_percentageoftruckload</Name>
					<LogicalName>rhm_percentageoftruckload</LogicalName>
					<RequiredLevel>none</RequiredLevel>
					<DisplayMask>ValidForAdvancedFind|ValidForForm|ValidForGrid</DisplayMask>
					<ImeMode>auto</ImeMode>
					<ValidForUpdateApi>1</ValidForUpdateApi>
					<ValidForReadApi>1</ValidForReadApi>
					<ValidForCreateApi>1</ValidForCreateApi>
					<IsCustomField>1</IsCustomField>
					<IsAuditEnabled>1</IsAuditEnabled>
					<IsSecured>0</IsSecured>
					<IntroducedVersion>1.0</IntroducedVersion>
					<IsCustomizable>1</IsCustomizable>
					<IsRenameable>1</IsRenameable>
					<CanModifySearchSettings>1</CanModifySearchSettings>
					<CanModifyRequirementLevelSettings>1</CanModifyRequirementLevelSettings>
					<CanModifyAdditionalSettings>1</CanModifyAdditionalSettings>
					<SourceType>0</SourceType>
					<IsGlobalFilterEnabled>0</IsGlobalFilterEnabled>
					<IsSortableEnabled>0</IsSortableEnabled>
					<CanModifyGlobalFilterSettings>1</CanModifyGlobalFilterSettings>
					<CanModifyIsSortableSettings>1</CanModifyIsSortableSettings>
					<IsDataSourceSecret>0</IsDataSourceSecret>
					<AutoNumberFormat></AutoNumberFormat>
					<IsSearchable>0</IsSearchable>
					<IsFilterable>0</IsFilterable>
					<IsRetrievable>0</IsRetrievable>
					<IsLocalizable>0</IsLocalizable>
					<MinValue>0</MinValue>
					<MaxValue>100</MaxValue>
					<displaynames>
						<displayname
						  description="Percentage of Truckload"
						  languagecode="1033" />
					</displaynames>
					<Descriptions>
						<Description
						  description=""
						  languagecode="1033" />
					</Descriptions>
				</attribute>
				<attribute
				  PhysicalName="rhm_UpdateDate">
					<Type>datetime</Type>
					<Name>rhm_updatedate</Name>
					<LogicalName>rhm_updatedate</LogicalName>
					<RequiredLevel>none</RequiredLevel>
					<DisplayMask>ValidForAdvancedFind|ValidForForm|ValidForGrid</DisplayMask>
					<ImeMode>auto</ImeMode>
					<ValidForUpdateApi>1</ValidForUpdateApi>
					<ValidForReadApi>1</ValidForReadApi>
					<ValidForCreateApi>1</ValidForCreateApi>
					<IsCustomField>1</IsCustomField>
					<IsAuditEnabled>1</IsAuditEnabled>
					<IsSecured>0</IsSecured>
					<IntroducedVersion>1.0</IntroducedVersion>
					<IsCustomizable>1</IsCustomizable>
					<IsRenameable>1</IsRenameable>
					<CanModifySearchSettings>1</CanModifySearchSettings>
					<CanModifyRequirementLevelSettings>1</CanModifyRequirementLevelSettings>
					<CanModifyAdditionalSettings>1</CanModifyAdditionalSettings>
					<SourceType>0</SourceType>
					<IsGlobalFilterEnabled>0</IsGlobalFilterEnabled>
					<IsSortableEnabled>0</IsSortableEnabled>
					<CanModifyGlobalFilterSettings>1</CanModifyGlobalFilterSettings>
					<CanModifyIsSortableSettings>1</CanModifyIsSortableSettings>
					<IsDataSourceSecret>0</IsDataSourceSecret>
					<AutoNumberFormat></AutoNumberFormat>
					<IsSearchable>0</IsSearchable>
					<IsFilterable>0</IsFilterable>
					<IsRetrievable>0</IsRetrievable>
					<IsLocalizable>0</IsLocalizable>
					<Format>datetime</Format>
					<Behavior>1</Behavior>
					<displaynames>
						<displayname
						  description="Update Date"
						  languagecode="1033" />
					</displaynames>
					<Descriptions>
						<Description
						  description=""
						  languagecode="1033" />
					</Descriptions>
				</attribute>
			</attributes>
			<EntitySetName>salesorders</EntitySetName>
			<IsDuplicateCheckSupported>0</IsDuplicateCheckSupported>
			<IsBusinessProcessEnabled>1</IsBusinessProcessEnabled>
			<IsRequiredOffline>0</IsRequiredOffline>
			<IsInteractionCentricEnabled>0</IsInteractionCentricEnabled>
			<IsCollaboration>0</IsCollaboration>
			<AutoRouteToOwnerQueue>0</AutoRouteToOwnerQueue>
			<IsConnectionsEnabled>1</IsConnectionsEnabled>
			<EntityColor></EntityColor>
			<IsDocumentManagementEnabled>0</IsDocumentManagementEnabled>
			<AutoCreateAccessTeams>0</AutoCreateAccessTeams>
			<IsOneNoteIntegrationEnabled>0</IsOneNoteIntegrationEnabled>
			<IsKnowledgeManagementEnabled>0</IsKnowledgeManagementEnabled>
			<IsSLAEnabled>1</IsSLAEnabled>
			<IsDocumentRecommendationsEnabled>0</IsDocumentRecommendationsEnabled>
			<IsBPFEntity>0</IsBPFEntity>
			<OwnershipTypeMask>UserOwned</OwnershipTypeMask>
			<EntityMask>ActivityPointer</EntityMask>
			<IsAuditEnabled>1</IsAuditEnabled>
			<IsRetrieveAuditEnabled>0</IsRetrieveAuditEnabled>
			<IsRetrieveMultipleAuditEnabled>0</IsRetrieveMultipleAuditEnabled>
			<IsActivity>0</IsActivity>
			<ActivityTypeMask></ActivityTypeMask>
			<IsActivityParty>1</IsActivityParty>
			<IsReplicated>1</IsReplicated>
			<IsReplicationUserFiltered>1</IsReplicationUserFiltered>
			<IsMailMergeEnabled>0</IsMailMergeEnabled>
			<IsVisibleInMobile>0</IsVisibleInMobile>
			<IsVisibleInMobileClient>1</IsVisibleInMobileClient>
			<IsReadOnlyInMobileClient>0</IsReadOnlyInMobileClient>
			<IsOfflineInMobileClient>1</IsOfflineInMobileClient>
			<DaysSinceRecordLastModified>0</DaysSinceRecordLastModified>
			<MobileOfflineFilters>
				&lt;fetch version="1.0" output-format="xml-platform" mapping="logical" distinct="false"&gt;
				&lt;entity name="salesorder"&gt;
				&lt;filter type="and"&gt;
				&lt;condition attribute="modifiedon" operator="last-x-days" value="10"/&gt;
				&lt;/filter&gt;
				&lt;/entity&gt;
				&lt;/fetch&gt;
			</MobileOfflineFilters>
			<IsMapiGridEnabled>1</IsMapiGridEnabled>
			<IsReadingPaneEnabled>1</IsReadingPaneEnabled>
			<IsQuickCreateEnabled>1</IsQuickCreateEnabled>
			<SyncToExternalSearchIndex>1</SyncToExternalSearchIndex>
			<IntroducedVersion>5.0.0.0</IntroducedVersion>
			<IconVectorName></IconVectorName>
			<EnforceStateTransitions>0</EnforceStateTransitions>
			<EntityHelpUrlEnabled>0</EntityHelpUrlEnabled>
			<EntityHelpUrl></EntityHelpUrl>
			<ChangeTrackingEnabled>1</ChangeTrackingEnabled>
			<IsEnabledForExternalChannels>0</IsEnabledForExternalChannels>
			<IsSolutionAware>0</IsSolutionAware>
			<HasRelatedNotes>True</HasRelatedNotes>
			<HasRelatedActivities>True</HasRelatedActivities>
		</entity>
	</EntityInfo>
	<FormXml />
	<SavedQueries />
	<RibbonDiffXml />
</Entity>