<?xml version="1.0" encoding="utf-8"?>
<optionset
  Name="rhm_salesorderstatus"
  localizedName="Sales Order Status" xmlns:xsi="http://www.w3.org/2001/XMLSchema-instance">
  <OptionSetType>picklist</OptionSetType>
  <IsGlobal>1</IsGlobal>
  <IntroducedVersion>1.0.0.1</IntroducedVersion>
  <IsCustomizable>1</IsCustomizable>
  <ExternalTypeName></ExternalTypeName>
  <displaynames>
    <displayname
      description="Sales Order Status"
      languagecode="1033" />
  </displaynames>
  <options>
    <option
      value="535790000"
      ExternalValue="">
      <labels>
        <label
          description="Open"
          languagecode="1033" />
      </labels>
      <Descriptions>
        <Description
          description=""
          languagecode="1033" />
      </Descriptions>
    </option>
    <option
      value="535790001"
      ExternalValue="">
      <labels>
        <label
          description="Closed"
          languagecode="1033" />
      </labels>
      <Descriptions>
        <Description
          description=""
          languagecode="1033" />
      </Descriptions>
    </option>
    <option
      value="535790002"
      ExternalValue="">
      <labels>
        <label
          description="Entered"
          languagecode="1033" />
      </labels>
      <Descriptions>
        <Description
          description=""
          languagecode="1033" />
      </Descriptions>
    </option>
    <option
      value="535790003"
      ExternalValue="">
      <labels>
        <label
          description="Backordered"
          languagecode="1033" />
      </labels>
      <Descriptions>
        <Description
          description=""
          languagecode="1033" />
      </Descriptions>
    </option>
    <option
      value="535790004"
      ExternalValue="">
      <labels>
        <label
          description="Partially Backordered"
          languagecode="1033" />
      </labels>
      <Descriptions>
        <Description
          description=""
          languagecode="1033" />
      </Descriptions>
    </option>
    <option
      value="535790005"
      ExternalValue="">
      <labels>
        <label
          description="Awaiting Shipping"
          languagecode="1033" />
      </labels>
      <Descriptions>
        <Description
          description=""
          languagecode="1033" />
      </Descriptions>
    </option>
    <option
      value="535790006"
      ExternalValue="">
      <labels>
        <label
          description="Cancelled"
          languagecode="1033" />
      </labels>
      <Descriptions>
        <Description
          description=""
          languagecode="1033" />
      </Descriptions>
    </option>
  </options>
</optionset>