<?xml version="1.0" encoding="utf-8"?>
<optionset
  Name="rhm_buyinggroupoption"
  localizedName="Buying Group Option" xmlns:xsi="http://www.w3.org/2001/XMLSchema-instance">
  <OptionSetType>picklist</OptionSetType>
  <IsGlobal>1</IsGlobal>
  <IntroducedVersion>1.0.0.0</IntroducedVersion>
  <IsCustomizable>1</IsCustomizable>
  <ExternalTypeName></ExternalTypeName>
  <displaynames>
    <displayname
      description="Buying Group Option"
      languagecode="1033" />
  </displaynames>
  <options>
    <option
      value="535790000"
      ExternalValue="">
      <labels>
        <label
          description="AAHOA"
          languagecode="1033" />
      </labels>
      <Descriptions>
        <Description
          description=""
          languagecode="1033" />
      </Descriptions>
    </option>
    <option
      value="535790001"
      ExternalValue="">
      <labels>
        <label
          description="AD (Affliated Distributors)"
          languagecode="1033" />
      </labels>
      <Descriptions>
        <Description
          description=""
          languagecode="1033" />
      </Descriptions>
    </option>
    <option
      value="535790002"
      ExternalValue="">
      <labels>
        <label
          description="CHS (Clockwork)"
          languagecode="1033" />
      </labels>
      <Descriptions>
        <Description
          description=""
          languagecode="1033" />
      </Descriptions>
    </option>
    <option
      value="535790003"
      ExternalValue="">
      <labels>
        <label
          description="Imark"
          languagecode="1033" />
      </labels>
      <Descriptions>
        <Description
          description=""
          languagecode="1033" />
      </Descriptions>
    </option>
    <option
      value="535790004"
      ExternalValue="">
      <labels>
        <label
          description="Nextstar"
          languagecode="1033" />
      </labels>
      <Descriptions>
        <Description
          description=""
          languagecode="1033" />
      </Descriptions>
    </option>
    <option
      value="535790005"
      ExternalValue="">
      <labels>
        <label
          description="None"
          languagecode="1033" />
      </labels>
      <Descriptions>
        <Description
          description=""
          languagecode="1033" />
      </Descriptions>
    </option>
    <option
      value="535790006"
      ExternalValue="">
      <labels>
        <label
          description="Octo"
          languagecode="1033" />
      </labels>
      <Descriptions>
        <Description
          description=""
          languagecode="1033" />
      </Descriptions>
    </option>
    <option
      value="535790007"
      ExternalValue="">
      <labels>
        <label
          description="PHCC"
          languagecode="1033" />
      </labels>
      <Descriptions>
        <Description
          description=""
          languagecode="1033" />
      </Descriptions>
    </option>
    <option
      value="535790008"
      ExternalValue="">
      <labels>
        <label
          description="PraxisS10"
          languagecode="1033" />
      </labels>
      <Descriptions>
        <Description
          description=""
          languagecode="1033" />
      </Descriptions>
    </option>
    <option
      value="535790009"
      ExternalValue="">
      <labels>
        <label
          description="Service Round Table"
          languagecode="1033" />
      </labels>
      <Descriptions>
        <Description
          description=""
          languagecode="1033" />
      </Descriptions>
    </option>
    <option
      value="535790010"
      ExternalValue="">
      <labels>
        <label
          description="SGI"
          languagecode="1033" />
      </labels>
      <Descriptions>
        <Description
          description=""
          languagecode="1033" />
      </Descriptions>
    </option>
  </options>
</optionset>