﻿<?xml version="1.0" encoding="utf-8"?>
<savedquery>
  <IsCustomizable>1</IsCustomizable>
  <CanBeDeleted>0</CanBeDeleted>
  <isquickfindquery>0</isquickfindquery>
  <isprivate>0</isprivate>
  <isdefault>1</isdefault>
  <returnedtypecode>10085</returnedtypecode>
  <savedqueryid>{4fef6199-7ed4-447c-bddc-1bd7669a005a}</savedqueryid>
  <layoutxml>
    <grid name="" object="10085" jump="rbs_name" select="1" icon="1" preview="1">
      <row name="rbs_positionrulerelationship" id="rbs_positionrulerelationshipid">
        <cell name="rbs_position" width="150" imageproviderfunctionname="" imageproviderwebresource="$webresource:" />
        <cell name="rbs_distributionthresholdcount" width="200" imageproviderfunctionname="" imageproviderwebresource="$webresource:" />
        <cell name="createdon" width="125" />
      </row>
    </grid>
  </layoutxml>
  <querytype>2</querytype>
  <fetchxml>
    <fetch version="1.0" mapping="logical">
      <entity name="rbs_positionrulerelationship">
        <attribute name="createdon" />
        <order attribute="rbs_position" descending="false" />
        <filter type="and">
          <condition attribute="statecode" operator="eq" value="0" />
        </filter>
        <attribute name="rbs_position" />
        <attribute name="rbs_distributionthresholdcount" />
        <attribute name="rbs_positionrulerelationshipid" />
      </entity>
    </fetch>
  </fetchxml>
  <IntroducedVersion>1.0.0.0</IntroducedVersion>
  <LocalizedNames>
    <LocalizedName description="Position Rule Relationship Associated View" languagecode="1033" />
  </LocalizedNames>
</savedquery>