﻿<?xml version="1.0" encoding="utf-8"?>
<savedquery>
  <IsCustomizable>1</IsCustomizable>
  <CanBeDeleted>0</CanBeDeleted>
  <isquickfindquery>1</isquickfindquery>
  <isprivate>0</isprivate>
  <isdefault>1</isdefault>
  <returnedtypecode>10085</returnedtypecode>
  <savedqueryid>{a50cfcfe-9033-4a9f-8a2e-9ce4e8ac9b81}</savedqueryid>
  <layoutxml>
    <grid name="resultset" object="10085" jump="rbs_name" select="1" icon="1" preview="1">
      <row name="result" id="rbs_positionrulerelationshipid">
        <cell name="rbs_position" width="150" imageproviderfunctionname="" imageproviderwebresource="$webresource:" />
        <cell name="rbs_distributionrule" width="150" imageproviderfunctionname="" imageproviderwebresource="$webresource:" />
        <cell name="rbs_distributionthresholdcount" width="200" imageproviderfunctionname="" imageproviderwebresource="$webresource:" />
        <cell name="createdon" width="125" />
      </row>
    </grid>
  </layoutxml>
  <querytype>4</querytype>
  <fetchxml>
    <fetch version="1.0" mapping="logical">
      <entity name="rbs_positionrulerelationship">
        <attribute name="createdon" />
        <order attribute="rbs_position" descending="false" />
        <filter type="and">
          <condition attribute="statecode" operator="eq" value="0" />
        </filter>
        <filter type="or" isquickfindfields="1">
          <condition attribute="rbs_position" operator="like" value="{0}" />
          <condition attribute="rbs_distributionrule" operator="like" value="{0}" />
        </filter>
        <attribute name="rbs_position" />
        <attribute name="rbs_distributionthresholdcount" />
        <attribute name="rbs_distributionrule" />
        <attribute name="rbs_positionrulerelationshipid" />
      </entity>
    </fetch>
  </fetchxml>
  <IntroducedVersion>1.0.0.0</IntroducedVersion>
  <LocalizedNames>
    <LocalizedName description="Quick Find Active Position Rule Relationships" languagecode="1033" />
  </LocalizedNames>
</savedquery>