﻿<?xml version="1.0" encoding="utf-8"?>
<WebResource>
  <WebResourceId>{7a254f84-f23a-e511-80c6-00155d048d13}</WebResourceId>
  <Name>mag_/js/alert.js</Name>
  <DisplayName>/js/alert.js</DisplayName>
  <WebResourceType>3</WebResourceType>
  <IntroducedVersion>1.0.0.0</IntroducedVersion>
  <IsEnabledForMobileClient>0</IsEnabledForMobileClient>
  <IsAvailableForMobileOffline>0</IsAvailableForMobileOffline>
  <IsCustomizable>1</IsCustomizable>
  <CanBeDeleted>1</CanBeDeleted>
  <IsHidden>0</IsHidden>
  <FileName>/WebResources/mag_jsalertjs7A254F84-F23A-E511-80C6-00155D048D13</FileName>
</WebResource>