﻿<?xml version="1.0" encoding="utf-8"?>
<systemform>
  <formid>{fe9943cc-e972-4a1f-9be6-93de6b8158ba}</formid>
  <IntroducedVersion>0.0.0.0</IntroducedVersion>
  <FormPresentation>1</FormPresentation>
  <FormActivationState>1</FormActivationState>
  <form>
    <tabs>
      <tab verticallayout="true" id="{5d697251-4402-4413-92c5-d97139064bbf}" IsUserDefined="1">
        <labels>
          <label description="General" languagecode="1033" />
        </labels>
        <columns>
          <column width="100%">
            <sections>
              <section showlabel="false" showbar="false" IsUserDefined="0" id="{61281074-b92e-4150-99e2-043f1b2db82b}">
                <labels>
                  <label description="General" languagecode="1033" />
                </labels>
                <rows>
                  <row>
                    <cell id="{60834ac4-db4b-40c0-9b44-34ed55b7d877}">
                      <labels>
                        <label description="Record Class Name" languagecode="1033" />
                      </labels>
                      <control id="rbs_name" classid="{4273EDBD-AC1D-40d3-9FB2-095C621B552D}" datafieldname="rbs_name" />
                    </cell>
                  </row>
                  <row>
                    <cell id="{0c0865a1-6d9e-18e4-3cd0-e05c7723a3e0}" showlabel="true" locklevel="0">
                      <labels>
                        <label description="Record Class Code" languagecode="1033" />
                      </labels>
                      <control id="rbs_recordclasscode" classid="{4273EDBD-AC1D-40d3-9FB2-095C621B552D}" datafieldname="rbs_recordclasscode" disabled="false" />
                    </cell>
                  </row>
                  <row>
                    <cell id="{34b79076-c34b-6313-0a63-23873423322e}" showlabel="true" locklevel="0">
                      <labels>
                        <label description="Baseline Retention Period" languagecode="1033" />
                      </labels>
                      <control id="rbs_baselineretentionperiod" classid="{C6D124CA-7EDA-4a60-AEA9-7FB8D318B68F}" datafieldname="rbs_baselineretentionperiod" disabled="false" />
                    </cell>
                  </row>
                  <row>
                    <cell id="{561dcc0e-9e2e-4839-9ea4-7d17ba3ea95a}" showlabel="true" locklevel="0">
                      <labels>
                        <label description="Description" languagecode="1033" />
                      </labels>
                      <control id="rbs_description" classid="{E0DECE4B-6FC8-4a8f-A065-082708572369}" datafieldname="rbs_description" disabled="false" />
                    </cell>
                  </row>
                </rows>
              </section>
            </sections>
          </column>
        </columns>
      </tab>
    </tabs>
    <Navigation>
      <NavBar></NavBar>
      <NavBarAreas>
        <NavBarArea Id="Info">
          <Titles>
            <Title LCID="1033" Text="Common" />
          </Titles>
        </NavBarArea>
        <NavBarArea Id="Sales">
          <Titles>
            <Title LCID="1033" Text="Sales" />
          </Titles>
        </NavBarArea>
        <NavBarArea Id="Service">
          <Titles>
            <Title LCID="1033" Text="Service" />
          </Titles>
        </NavBarArea>
        <NavBarArea Id="Marketing">
          <Titles>
            <Title LCID="1033" Text="Marketing" />
          </Titles>
        </NavBarArea>
        <NavBarArea Id="ProcessCenter">
          <Titles>
            <Title LCID="1033" Text="Process Sessions" />
          </Titles>
        </NavBarArea>
      </NavBarAreas>
    </Navigation>
  </form>
  <IsCustomizable>1</IsCustomizable>
  <CanBeDeleted>1</CanBeDeleted>
  <LocalizedNames>
    <LocalizedName description="Information" languagecode="1033" />
  </LocalizedNames>
  <Descriptions>
    <Description description="A form for this entity." languagecode="1033" />
  </Descriptions>
</systemform>