﻿<?xml version="1.0" encoding="utf-8"?>
<savedquery>
  <IsCustomizable>1</IsCustomizable>
  <CanBeDeleted>0</CanBeDeleted>
  <isquickfindquery>0</isquickfindquery>
  <isprivate>0</isprivate>
  <isdefault>1</isdefault>
  <savedqueryid>{2d05667b-1330-4b26-a1a3-ce8454401ae4}</savedqueryid>
  <layoutxml>
    <grid name="resultset" jump="rbs_name" select="1" icon="1" preview="1">
      <row name="result" id="rbs_notificationmessagesid">
        <cell name="rbs_name" width="300" />
        <cell name="createdon" width="125" />
      </row>
    </grid>
  </layoutxml>
  <querytype>0</querytype>
  <fetchxml>
    <fetch version="1.0" mapping="logical">
      <entity name="rbs_notificationmessages">
        <attribute name="rbs_name" />
        <attribute name="createdon" />
        <order attribute="rbs_name" descending="false" />
        <filter type="and">
          <condition attribute="statecode" operator="eq" value="0" />
        </filter>
        <attribute name="rbs_notificationmessagesid" />
      </entity>
    </fetch>
  </fetchxml>
  <IntroducedVersion>1.0.0.0</IntroducedVersion>
  <LocalizedNames>
    <LocalizedName description="Active Notification Messages" languagecode="1033" />
  </LocalizedNames>
</savedquery>