﻿<?xml version="1.0" encoding="utf-8"?>
<systemform>
  <formid>{92e7854f-7517-4576-8e67-6cd4238cc4f8}</formid>
  <IntroducedVersion>0.0.0.1</IntroducedVersion>
  <FormPresentation>0</FormPresentation>
  <FormActivationState>1</FormActivationState>
  <form>
    <tabs>
      <tab name="general" verticallayout="true" id="{aedac66f-5c87-43e1-b2cb-67e5276c22f1}" IsUserDefined="0">
        <labels>
          <label description="" languagecode="1033" />
        </labels>
        <columns>
          <column width="100%">
            <sections>
              <section name="account information" showlabel="false" showbar="false" id="{eb4c9d65-9ba4-4031-b0af-3458fd9da303}" IsUserDefined="0">
                <labels>
                  <label description="" languagecode="1033" />
                </labels>
                <rows>
                  <row>
                    <cell id="{14f2b534-74b7-421e-840b-554da9303cc6}">
                      <labels>
                        <label description="Id" languagecode="1033" />
                      </labels>
                      <control id="nwm_id" classid="{4273EDBD-AC1D-40d3-9FB2-095C621B552D}" datafieldname="nwm_id" disabled="false" />
                    </cell>
                    <cell id="{ac90ef01-5cea-447c-a6f2-2acd9fabbe7d}">
                      <labels>
                        <label description="Status" languagecode="1033" />
                      </labels>
                      <control id="statecode" classid="{3EF39988-22BB-4f0b-BBBE-64B5A3748AEE}" datafieldname="statecode" disabled="false" />
                    </cell>
                    <cell id="{c538efbf-d649-4c60-a86a-f35beb405310}">
                      <labels>
                        <label description="Owner" languagecode="1033" />
                      </labels>
                      <control id="ownerid" classid="{270BD3DB-D9AF-4782-9025-509E298DEC0A}" datafieldname="ownerid" disabled="false" />
                    </cell>
                  </row>
                </rows>
              </section>
            </sections>
          </column>
        </columns>
      </tab>
    </tabs>
  </form>
  <IsCustomizable>1</IsCustomizable>
  <CanBeDeleted>1</CanBeDeleted>
  <LocalizedNames>
    <LocalizedName description="Information" languagecode="1033" />
  </LocalizedNames>
  <Descriptions>
    <Description description="This is the form that is displayed for the CRM for phones express application." languagecode="1033" />
  </Descriptions>
</systemform>