<?xml version="1.0" encoding="utf-8"?>
<environmentvariabledefinition
  schemaname="rhm_RheemPartsUsername">
  <defaultvalue>puneet.jain3@gds.ey.com</defaultvalue>
  <displayname
    default="Rheem Parts Username">
    <label
      description="Rheem Parts Username"
      languagecode="1033" />
  </displayname>
  <introducedversion>1.0.0.5</introducedversion>
  <iscustomizable>1</iscustomizable>
  <isrequired>0</isrequired>
  <secretstore>0</secretstore>
  <type>100000000</type>
</environmentvariabledefinition>