<?xml version="1.0" encoding="utf-8"?>
<AppModule>
  <UniqueName>AppforOutlookModule</UniqueName>
  <IntroducedVersion>1.0</IntroducedVersion>
  <WebResourceId>953b9fac-1e5e-e611-80d6-00155ded156f</WebResourceId>
  <OptimizedFor></OptimizedFor>
  <statecode>0</statecode>
  <statuscode>1</statuscode>
  <FormFactor>1</FormFactor>
  <ClientType>8</ClientType>
  <NavigationType>0</NavigationType>
  <AppModuleComponents>
    <AppModuleComponent
      type="1"
      schemaName="attachment"
      solutionaction="Removed" />
    <AppModuleComponent
      type="1"
      schemaName="contract"
      solutionaction="Added" />
    <AppModuleComponent
      type="1"
      schemaName="contractdetail"
      solutionaction="Added" />
    <AppModuleComponent
      type="1"
      schemaName="entitlement"
      solutionaction="Added" />
    <AppModuleComponent
      type="1"
      schemaName="knowledgearticleincident"
      solutionaction="Added" />
    <AppModuleComponent
      type="1"
      schemaName="knowledgebaserecord"
      solutionaction="Added" />
    <AppModuleComponent
      type="1"
      schemaName="msdyn_customerasset"
      solutionaction="Added" />
    <AppModuleComponent
      type="1"
      schemaName="msdyn_incidenttype"
      solutionaction="Added" />
    <AppModuleComponent
      type="1"
      schemaName="msdyn_iotalert"
      solutionaction="Added" />
    <AppModuleComponent
      type="1"
      schemaName="msdyn_swarm"
      solutionaction="Added" />
    <AppModuleComponent
      type="1"
      schemaName="rhm_casedetail"
      solutionaction="Added" />
    <AppModuleComponent
      type="1"
      schemaName="rhm_casesubtype"
      solutionaction="Added" />
    <AppModuleComponent
      type="1"
      schemaName="rhm_productserialnumber"
      solutionaction="Added" />
    <AppModuleComponent
      type="1"
      schemaName="slakpiinstance"
      solutionaction="Added" />
    <AppModuleComponent
      type="61"
      id="{dfcd8233-d5ad-e611-80d6-00155db708c7}"
      solutionaction="Removed" />
    <AppModuleComponent
      type="61"
      id="{10bc64f9-5664-448b-a5c0-ea73404b585b}"
      solutionaction="Removed" />
    <AppModuleComponent
      type="61"
      id="{768251c2-5587-4349-9698-95a2e2967741}"
      solutionaction="Removed" />
    <AppModuleComponent
      type="61"
      id="{21e82283-e133-4b77-8cb0-f57673a73f19}"
      solutionaction="Removed" />
    <AppModuleComponent
      type="61"
      id="{06a3a7e8-fa03-4cb9-8cf7-fd338863a3e9}"
      solutionaction="Removed" />
    <AppModuleComponent
      type="61"
      id="{7ca9bb1b-b18e-4816-accf-ad73db745cbc}"
      solutionaction="Removed" />
    <AppModuleComponent
      type="61"
      id="{4d28bbe4-cd0f-4e50-93de-142ed44c1c37}"
      solutionaction="Removed" />
    <AppModuleComponent
      type="61"
      id="{20145081-ef64-4c22-9eb4-ee6eeb61c146}"
      solutionaction="Removed" />
    <AppModuleComponent
      type="61"
      id="{7b8c5d07-4975-4978-b145-72d223e6febe}"
      solutionaction="Removed" />
    <AppModuleComponent
      type="61"
      id="{23255324-dff8-4824-868d-c18c6bcce6fb}"
      solutionaction="Removed" />
    <AppModuleComponent
      type="61"
      id="{5bb4e8de-28d6-4769-a41a-b62c3c8d3188}"
      solutionaction="Removed" />
    <AppModuleComponent
      type="61"
      id="{97a132a3-c088-4918-b2d9-09c5b8befb6c}"
      solutionaction="Removed" />
    <AppModuleComponent
      type="61"
      id="{4eb72fa7-a39b-49c6-bc0f-693618bb7ee7}"
      solutionaction="Removed" />
    <AppModuleComponent
      type="61"
      id="{14ef1ee3-d790-41ce-886f-c94c5c68feed}"
      solutionaction="Removed" />
    <AppModuleComponent
      type="61"
      id="{1c3350f2-0ce4-4a97-91f0-b673afb88206}"
      solutionaction="Removed" />
    <AppModuleComponent
      type="61"
      id="{3121499e-07c7-4cb7-b45d-66f53f073b76}"
      solutionaction="Removed" />
    <AppModuleComponent
      type="61"
      id="{3d7fe978-fbdf-4666-a56f-e154d1b77b1e}"
      solutionaction="Removed" />
    <AppModuleComponent
      type="61"
      id="{15a06174-9585-4220-aa22-8b69e97a33f3}"
      solutionaction="Removed" />
    <AppModuleComponent
      type="61"
      id="{4d46bd45-d65b-44b2-a5b1-9a17c9aa8f67}"
      solutionaction="Removed" />
    <AppModuleComponent
      type="61"
      id="{dd269e99-f926-40ec-841a-a2771b703a47}"
      solutionaction="Removed" />
    <AppModuleComponent
      type="61"
      id="{a9de7298-da60-4b75-93f5-e0e846ca7841}"
      solutionaction="Removed" />
    <AppModuleComponent
      type="61"
      id="{fd116482-0f57-426e-a274-f2554775ee7d}"
      solutionaction="Removed" />
    <AppModuleComponent
      type="61"
      id="{d7b40ed4-6c2c-47e1-993f-e4b04e0543d8}"
      solutionaction="Removed" />
    <AppModuleComponent
      type="61"
      id="{d63538b2-319c-4c31-9ef2-ce4db9a6fd75}"
      solutionaction="Removed" />
    <AppModuleComponent
      type="61"
      id="{feaf0f32-ff06-40d9-b335-5208e57a3c71}"
      solutionaction="Removed" />
    <AppModuleComponent
      type="61"
      id="{5f08e82a-dd86-4bd6-948d-13fd660769e4}"
      solutionaction="Removed" />
    <AppModuleComponent
      type="61"
      id="{fc83ca47-ffe3-4888-af18-1b0910801ef3}"
      solutionaction="Removed" />
    <AppModuleComponent
      type="61"
      id="{f9a53f96-3d2f-4160-a734-ab05032ef99c}"
      solutionaction="Removed" />
    <AppModuleComponent
      type="61"
      id="{a095aa24-41e3-4b07-b9b4-3b737026e89c}"
      solutionaction="Removed" />
    <AppModuleComponent
      type="61"
      id="{8eb98a01-85dd-481e-b716-890904e70157}"
      solutionaction="Removed" />
    <AppModuleComponent
      type="61"
      id="{49181e4d-9351-4285-80bb-916d813692a1}"
      solutionaction="Removed" />
    <AppModuleComponent
      type="61"
      id="{f3340d1a-36e8-47b1-a963-1439b165cb99}"
      solutionaction="Removed" />
    <AppModuleComponent
      type="61"
      id="{20fe5f18-87c0-4198-8985-992d128c4f99}"
      solutionaction="Removed" />
    <AppModuleComponent
      type="61"
      id="{317b7e08-488d-47b0-89cc-f5e94c6a3a75}"
      solutionaction="Removed" />
    <AppModuleComponent
      type="61"
      id="{34502e37-aca7-476a-badd-0c5c3655f02f}"
      solutionaction="Removed" />
    <AppModuleComponent
      type="61"
      id="{150e8465-dc91-4eb2-bda2-6db9f35f631b}"
      solutionaction="Removed" />
    <AppModuleComponent
      type="61"
      id="{1dbb1a7d-53c9-41c7-a5ed-898ee5bbedd3}"
      solutionaction="Removed" />
    <AppModuleComponent
      type="61"
      id="{af79920c-7135-4e96-ac08-3a4121f20bc5}"
      solutionaction="Removed" />
    <AppModuleComponent
      type="61"
      id="{ceed27cd-b20f-445e-a6de-11be718c1ae7}"
      solutionaction="Removed" />
    <AppModuleComponent
      type="61"
      id="{0b3f9e00-036b-46a0-ba44-67f7404f4528}"
      solutionaction="Removed" />
    <AppModuleComponent
      type="61"
      id="{fa22ae79-7ea7-4066-97a8-93f39aa08571}"
      solutionaction="Removed" />
    <AppModuleComponent
      type="61"
      id="{21abf057-1f5c-4db4-afda-a12c11723b31}"
      solutionaction="Removed" />
    <AppModuleComponent
      type="61"
      id="{39663007-862f-4349-b396-8a116e3565c9}"
      solutionaction="Removed" />
    <AppModuleComponent
      type="61"
      id="{a61cbe97-6718-46c8-bfc9-1fb2cf81bfea}"
      solutionaction="Removed" />
    <AppModuleComponent
      type="61"
      id="{7ad9fbee-39e1-446e-9939-5abfcb339dc1}"
      solutionaction="Removed" />
    <AppModuleComponent
      type="61"
      id="{bc643f96-4c3e-41d9-9bee-a81beca8fadd}"
      solutionaction="Removed" />
  </AppModuleComponents>
  <LocalizedNames>
    <LocalizedName
      description="Dynamics 365 App for Outlook"
      languagecode="1033" />
    <LocalizedName
      description="Dynamics 365 App for Outlook"
      languagecode="1086" />
  </LocalizedNames>
  <Descriptions>
    <Description
      description="Provides access to Dynamics 365 App for Outlook for enabled users. Available only as an Outlook app. Contact your admin for set up details."
      languagecode="1033" />
    <Description
      description="Sediakan akses kepada Dynamics 365 App for Outlook untuk pengguna yang didayakan. Tersedia hanya sebagai aplikasi Outlook. Hubungi pentadbir anda untuk butiran persediaan."
      languagecode="1086" />
  </Descriptions>
</AppModule>