﻿<?xml version="1.0" encoding="utf-8"?>
<systemform>
  <formid>{fdd066ac-8350-46dd-9f83-315971939f95}</formid>
  <IntroducedVersion>0.0.0.1</IntroducedVersion>
  <FormPresentation>1</FormPresentation>
  <FormActivationState>1</FormActivationState>
  <form>
    <tabs>
      <tab verticallayout="true" id="{37dc9c09-9e51-4a75-8cde-e3d43d28a28a}" IsUserDefined="1">
        <labels>
          <label description="" languagecode="1033" />
        </labels>
        <columns>
          <column width="100%">
            <sections>
              <section showlabel="false" showbar="false" IsUserDefined="0" id="{d18dd936-226a-48c4-9396-825ec5166a79}">
                <labels>
                  <label description="GENERAL" languagecode="1033" />
                </labels>
                <rows>
                  <row>
                    <cell id="{d52f4508-d3ee-47fc-a9ce-e05ea31d8cf3}">
                      <labels>
                        <label description="Id" languagecode="1033" />
                      </labels>
                      <control id="nwm_id" classid="{4273EDBD-AC1D-40d3-9FB2-095C621B552D}" datafieldname="nwm_id" />
                    </cell>
                  </row>
                  <row>
                    <cell id="{7ab341d7-4726-4b93-91be-dac49c351371}">
                      <labels>
                        <label description="Owner" languagecode="1033" />
                      </labels>
                      <control id="ownerid" classid="{270BD3DB-D9AF-4782-9025-509E298DEC0A}" datafieldname="ownerid" />
                    </cell>
                  </row>
                </rows>
              </section>
            </sections>
          </column>
        </columns>
      </tab>
    </tabs>
  </form>
  <IsCustomizable>1</IsCustomizable>
  <CanBeDeleted>1</CanBeDeleted>
  <LocalizedNames>
    <LocalizedName description="Information" languagecode="1033" />
  </LocalizedNames>
</systemform>