﻿<?xml version="1.0" encoding="utf-8"?>
<systemform>
  <formid>{225c6271-3900-4868-90d4-e078d806941d}</formid>
  <IntroducedVersion>3.3.0.0</IntroducedVersion>
  <FormPresentation>1</FormPresentation>
  <FormActivationState>1</FormActivationState>
  <form>
    <tabs>
      <tab verticallayout="true" id="{9c6a1b48-0836-48eb-bd6c-1af8c800af9b}" IsUserDefined="1">
        <labels>
          <label description="" languagecode="1033" />
        </labels>
        <columns>
          <column width="100%">
            <sections>
              <section showlabel="false" showbar="false" IsUserDefined="0" id="{d38db7f2-5586-489f-bb15-06d3dbca5459}">
                <labels>
                  <label description="GENERAL" languagecode="1033" />
                </labels>
                <rows>
                  <row>
                    <cell id="{7eb87a7f-11a0-4095-bd4f-022f22c0b2cb}">
                      <labels>
                        <label description="Field Schema Name" languagecode="1033" />
                      </labels>
                      <control id="rbs_name" classid="{4273EDBD-AC1D-40d3-9FB2-095C621B552D}" datafieldname="rbs_name" />
                    </cell>
                  </row>
                </rows>
              </section>
            </sections>
          </column>
        </columns>
      </tab>
    </tabs>
  </form>
  <IsCustomizable>1</IsCustomizable>
  <CanBeDeleted>1</CanBeDeleted>
  <LocalizedNames>
    <LocalizedName description="Information" languagecode="1033" />
  </LocalizedNames>
</systemform>