﻿<?xml version="1.0" encoding="utf-8"?>
<savedquery unmodified="1">
  <isquickfindquery>0</isquickfindquery>
  <isprivate>0</isprivate>
  <isdefault>0</isdefault>
  <returnedtypecode>8</returnedtypecode>
  <savedqueryid>{30ce6879-6b7a-e211-8976-00155d89ac0c}</savedqueryid>
  <queryapi></queryapi>
  <layoutxml>
    <grid name="resultset" object="8" jump="fullname" select="1" preview="1" icon="1">
      <row name="result" id="systemuserid">
        <cell name="fullname" width="150" />
        <cell name="businessunitid" width="150" />
      </row>
    </grid>
  </layoutxml>
  <querytype>0</querytype>
  <fetchxml>
    <fetch version="1.0" output-format="xml-platform" mapping="logical">
      <entity name="systemuser">
        <order attribute="fullname" descending="false" />
        <attribute name="businessunitid" />
        <attribute name="fullname" />
        <attribute name="systemuserid" />
        <filter type="and">
          <condition attribute="fullname" operator="ne" value="SYSTEM" />
          <condition attribute="fullname" operator="ne" value="INTEGRATION" />
        </filter>
      </entity>
    </fetch>
  </fetchxml>
  <IntroducedVersion>6.0.0.0</IntroducedVersion>
  <LocalizedNames>
    <LocalizedName description="Team members" languagecode="1033" />
    <LocalizedName description="Członkowie zespołu" languagecode="1045" />
  </LocalizedNames>
</savedquery>