﻿<?xml version="1.0" encoding="utf-8"?>
<systemform>
  <formid>{eea9eebf-4f71-493d-bf7a-9376024986f5}</formid>
  <IntroducedVersion>1.0.0.0</IntroducedVersion>
  <FormPresentation>1</FormPresentation>
  <FormActivationState>1</FormActivationState>
  <form maxWidth="1900">
    <tabs>
      <tab id="{630d2172-def2-4fb6-9f26-8aa0e783d9be}" name="tab_1" showlabel="false" expanded="true" locklevel="0">
        <labels>
          <label description="Tab" languagecode="1033" />
        </labels>
        <columns>
          <column width="33%">
            <sections>
              <section id="{1296b5d4-b238-4263-bba9-cae128ec059b}" name="tab_1_column_1_section_1" columns="1" showlabel="false" showbar="false" IsUserDefined="0">
                <labels>
                  <label description="section" languagecode="1033" />
                </labels>
                <rows>
                  <row>
                    <cell id="{95e29d9d-001d-dace-b629-87a816d03749}" showlabel="true" locklevel="0">
                      <labels>
                        <label description="Type" languagecode="1033" />
                      </labels>
                      <control id="rbsm_type" classid="{3EF39988-22BB-4f0b-BBBE-64B5A3748AEE}" datafieldname="rbsm_type" disabled="false" />
                    </cell>
                  </row>
                  <row>
                    <cell id="{a77d4091-e3ec-c889-4b15-e0abbb1e7338}" showlabel="true" locklevel="0">
                      <labels>
                        <label description="Opportunity" languagecode="1033" />
                      </labels>
                      <control id="rbsm_opportunityid" classid="{270BD3DB-D9AF-4782-9025-509E298DEC0A}" datafieldname="rbsm_opportunityid" disabled="true">
                        <parameters>
                          <AutoResolve>false</AutoResolve>
                          <DisableMru>true</DisableMru>
                          <DisableQuickFind>false</DisableQuickFind>
                          <DisableViewPicker>false</DisableViewPicker>
                          <DefaultViewId>{9EB361B4-67AC-4830-8ABF-2D29EFBAEE2C}</DefaultViewId>
                          <AllowFilterOff>false</AllowFilterOff>
                        </parameters>
                      </control>
                    </cell>
                  </row>
                  <row>
                    <cell id="{63745adb-ae9b-ac71-d59c-8deec4c5e660}" showlabel="true" locklevel="0">
                      <labels>
                        <label description="Title" languagecode="1033" />
                      </labels>
                      <control id="rbsm_name" classid="{4273EDBD-AC1D-40d3-9FB2-095C621B552D}" datafieldname="rbsm_name" disabled="false" />
                    </cell>
                  </row>
                  <row>
                    <cell id="{e139b7a7-2136-ea4a-351d-2ebd5ae20b68}" showlabel="true" locklevel="0">
                      <labels>
                        <label description="Description" languagecode="1033" />
                      </labels>
                      <control id="rbsm_description" classid="{E0DECE4B-6FC8-4a8f-A065-082708572369}" datafieldname="rbsm_description" disabled="false" />
                    </cell>
                  </row>
                  <row>
                    <cell id="{6735aee4-7ad6-d366-78a4-0d5a9e4a40bd}" showlabel="true" locklevel="1">
                      <labels>
                        <label description="Owner" languagecode="1033" />
                      </labels>
                      <control id="ownerid" classid="{270BD3DB-D9AF-4782-9025-509E298DEC0A}" datafieldname="ownerid" disabled="true">
                        <parameters>
                          <AutoResolve>false</AutoResolve>
                          <DisableMru>true</DisableMru>
                        </parameters>
                      </control>
                    </cell>
                  </row>
                </rows>
              </section>
            </sections>
          </column>
          <column width="33%">
            <sections>
              <section id="{7b9f9ec8-9f8f-429f-af00-94f1968f5190}" name="tab_1_column_2_section_1" columns="1" showlabel="false" showbar="false" IsUserDefined="0">
                <labels>
                  <label description="section" languagecode="1033" />
                </labels>
                <rows>
                  <row>
                    <cell id="{db4ab7d1-ec9c-cd5d-5ca6-597742344d94}" showlabel="true" locklevel="0" visible="false">
                      <labels>
                        <label description="Likelihood" languagecode="1033" />
                      </labels>
                      <control id="rbsm_likelihood" classid="{3EF39988-22BB-4f0b-BBBE-64B5A3748AEE}" datafieldname="rbsm_likelihood" disabled="false" />
                    </cell>
                  </row>
                  <row>
                    <cell id="{60eb018b-0c43-4964-e8b9-e4318da07a7e}" showlabel="true" locklevel="0" visible="false">
                      <labels>
                        <label description="Impact" languagecode="1033" />
                      </labels>
                      <control id="rbsm_impact" classid="{3EF39988-22BB-4f0b-BBBE-64B5A3748AEE}" datafieldname="rbsm_impact" disabled="false" />
                    </cell>
                  </row>
                  <row>
                    <cell id="{d2c7dc58-e952-92e8-8591-cd9e8de3056e}" showlabel="true" locklevel="0">
                      <labels>
                        <label description="Planned Actions" languagecode="1033" />
                      </labels>
                      <control id="rbsm_plannedactions" classid="{E0DECE4B-6FC8-4a8f-A065-082708572369}" datafieldname="rbsm_plannedactions" disabled="false" />
                    </cell>
                  </row>
                  <row>
                    <cell id="{507408e3-c6c7-5250-60c0-aa5eb5e4a7a0}" showlabel="true" locklevel="0">
                      <labels>
                        <label description="Status Reason" languagecode="1033" />
                      </labels>
                      <control id="statuscode" classid="{5D68B988-0661-4db2-BC3E-17598AD3BE6C}" datafieldname="statuscode" disabled="false" />
                    </cell>
                  </row>
                </rows>
              </section>
            </sections>
          </column>
          <column width="33%">
            <sections>
              <section id="{b548af20-ca49-4334-a3a5-17a1b982a28b}" name="tab_1_column_3_section_1" columns="1" showlabel="false" showbar="false" IsUserDefined="0">
                <labels>
                  <label description="section" languagecode="1033" />
                </labels>
                <rows>
                  <row>
                    <cell id="{280f0714-0f0f-4f16-b2be-4a294ec3a1fc}" showlabel="false">
                      <labels>
                        <label description="" languagecode="1033" />
                      </labels>
                    </cell>
                  </row>
                </rows>
              </section>
            </sections>
          </column>
        </columns>
      </tab>
    </tabs>
    <DisplayConditions Order="1">
      <Role Id="{627090ff-40a3-4053-8790-584edc5be201}" />
      <Role Id="{119f245c-3cc8-4b62-b31c-d1a046ced15d}" />
    </DisplayConditions>
  </form>
  <IsCustomizable>1</IsCustomizable>
  <CanBeDeleted>1</CanBeDeleted>
  <LocalizedNames>
    <LocalizedName description="RAID Quick Create" languagecode="1033" />
  </LocalizedNames>
</systemform>