﻿<?xml version="1.0" encoding="utf-8"?>
<systemform>
  <formid>{61ca7457-1dae-442c-8eb7-656cd6f491df}</formid>
  <IntroducedVersion>1.0.0.0</IntroducedVersion>
  <FormPresentation>1</FormPresentation>
  <FormActivationState>1</FormActivationState>
  <form>
    <tabs>
      <tab verticallayout="true" id="{ef447fc3-840a-4dbe-9542-3bac2d6462be}" IsUserDefined="1" name="{ef447fc3-840a-4dbe-9542-3bac2d6462be}" locklevel="0" expanded="true" showlabel="true">
        <labels>
          <label description="General" languagecode="1033" />
        </labels>
        <columns>
          <column width="50%">
            <sections>
              <section showlabel="false" showbar="false" IsUserDefined="0" id="{2c5b793c-7cd8-47ab-80d0-0e06bc9b370c}" name="{2c5b793c-7cd8-47ab-80d0-0e06bc9b370c}" columns="1" locklevel="0" labelwidth="200" celllabelalignment="Left" celllabelposition="Left">
                <labels>
                  <label description="General" languagecode="1033" />
                </labels>
                <rows>
                  <row>
                    <cell id="{9dd2523c-07d2-4cef-82e5-2b1a214e7b08}">
                      <labels>
                        <label description="Owner" languagecode="1033" />
                      </labels>
                      <control id="ownerid" classid="{270BD3DB-D9AF-4782-9025-509E298DEC0A}" datafieldname="ownerid" />
                    </cell>
                  </row>
                  <row>
                    <cell id="{5581c820-958e-4f66-9b83-bb6d9579aa2c}" showlabel="true" locklevel="0">
                      <labels>
                        <label description="Subject" languagecode="1033" />
                      </labels>
                      <control id="rbsm_name" classid="{4273EDBD-AC1D-40d3-9FB2-095C621B552D}" datafieldname="rbsm_name" disabled="false" />
                    </cell>
                  </row>
                  <row>
                    <cell id="{75e3d342-1c8e-8083-0459-1c866ce2dd1e}" showlabel="true" locklevel="0">
                      <labels>
                        <label description="Description" languagecode="1033" />
                      </labels>
                      <control id="rbsm_description" classid="{E0DECE4B-6FC8-4a8f-A065-082708572369}" datafieldname="rbsm_description" disabled="false" />
                    </cell>
                  </row>
                  <row>
                    <cell id="{b583d3d8-8d64-5491-de9a-866edaac9c73}" showlabel="true" locklevel="0">
                      <labels>
                        <label description="DES Programme Lead" languagecode="1033" />
                      </labels>
                      <control id="rbsm_desprogrammeleadid" classid="{270BD3DB-D9AF-4782-9025-509E298DEC0A}" datafieldname="rbsm_desprogrammeleadid" disabled="false" />
                    </cell>
                  </row>
                  <row>
                    <cell id="{1d2326a3-98ad-d4ea-e6ec-191c01cd86ba}" showlabel="true" locklevel="0">
                      <labels>
                        <label description="Business Sponsor" languagecode="1033" />
                      </labels>
                      <control id="rbsm_businesssponsor" classid="{270BD3DB-D9AF-4782-9025-509E298DEC0A}" datafieldname="rbsm_businesssponsor" disabled="false" />
                    </cell>
                  </row>
                  <row>
                    <cell id="{906d09ae-27e9-0b08-ec0e-4099604ba568}" showlabel="true" locklevel="0">
                      <labels>
                        <label description="Key Milestone Date" languagecode="1033" />
                      </labels>
                      <control id="rbsm_keymilestonedate" classid="{5B773807-9FB2-42db-97C3-7A91EFF8ADFF}" datafieldname="rbsm_keymilestonedate" disabled="false" />
                    </cell>
                  </row>
                  <row>
                    <cell id="{a87c6006-acdc-485b-e360-1e85a1a14bec}" showlabel="true" locklevel="0">
                      <labels>
                        <label description="Level of Engagement Effort" languagecode="1033" />
                      </labels>
                      <control id="rbsm_levelofengagementeffort" classid="{3EF39988-22BB-4f0b-BBBE-64B5A3748AEE}" datafieldname="rbsm_levelofengagementeffort" disabled="false" />
                    </cell>
                  </row>
                </rows>
              </section>
            </sections>
          </column>
          <column width="50%">
            <sections>
              <section id="{a16ca0a1-c63e-471a-89f8-a162d8709478}" name="{ef447fc3-840a-4dbe-9542-3bac2d6462be}_column_2_section_1" columns="11" showlabel="false" showbar="false" IsUserDefined="0">
                <labels>
                  <label description="section" languagecode="1033" />
                </labels>
                <rows>
                  <row>
                    <cell id="{dc5a3171-dab3-4a1a-bc64-baa4767f0500}" showlabel="false">
                      <labels>
                        <label description="" languagecode="1033" />
                      </labels>
                    </cell>
                    <cell id="{4b1b395c-9c02-4e93-9fc2-b9e1b26a3a4b}" showlabel="false">
                      <labels>
                        <label description="" languagecode="1033" />
                      </labels>
                    </cell>
                  </row>
                </rows>
              </section>
            </sections>
          </column>
        </columns>
      </tab>
      <tab name="Opportunities" id="{58d3c7c2-dbb6-346b-890d-7aba98a2b59a}" IsUserDefined="0" locklevel="0" showlabel="false" expanded="true">
        <labels>
          <label description="Opportunities" languagecode="1033" />
        </labels>
        <columns>
          <column width="100%">
            <sections>
              <section name="tab_2_section_1" showlabel="false" showbar="false" locklevel="0" id="{74199613-ba8a-c495-271c-cd50a722e1e6}" IsUserDefined="0" layout="varwidth" columns="1" labelwidth="115">
                <labels>
                  <label description="Section" languagecode="1033" />
                </labels>
                <rows>
                  <row>
                    <cell id="{1c371911-6685-e42b-5c07-6a53c2925ddd}" showlabel="true" colspan="1" auto="false" rowspan="6">
                      <labels>
                        <label description="Opportunities" languagecode="1033" />
                      </labels>
                      <control id="Opportunities" classid="{E7A81278-8635-4d9e-8D4D-59480B391C5B}">
                        <parameters>
                          <ViewId>{00000000-0000-0000-00AA-000010003001}</ViewId>
                          <IsUserView>false</IsUserView>
                          <RelationshipName>rbsm_opportunitypackage_opportunity</RelationshipName>
                          <TargetEntityType>opportunity</TargetEntityType>
                          <AutoExpand>Fixed</AutoExpand>
                          <EnableQuickFind>true</EnableQuickFind>
                          <EnableViewPicker>true</EnableViewPicker>
                          <ViewIds>{00000000-0000-0000-00AA-000010003006},{00000000-0000-0000-00AA-000010003001}</ViewIds>
                          <EnableJumpBar>false</EnableJumpBar>
                          <ChartGridMode>All</ChartGridMode>
                          <VisualizationId>{8BC5FB18-48F2-4782-9E16-3D452FA4DDCE}</VisualizationId>
                          <IsUserChart>false</IsUserChart>
                          <EnableChartPicker>true</EnableChartPicker>
                          <RecordsPerPage>4</RecordsPerPage>
                        </parameters>
                      </control>
                    </cell>
                  </row>
                  <row />
                  <row />
                  <row />
                  <row />
                  <row />
                </rows>
              </section>
            </sections>
          </column>
        </columns>
      </tab>
    </tabs>
    <Navigation>
      <NavBar></NavBar>
      <NavBarAreas>
        <NavBarArea Id="Info">
          <Titles>
            <Title LCID="1033" Text="Common" />
          </Titles>
        </NavBarArea>
        <NavBarArea Id="Sales">
          <Titles>
            <Title LCID="1033" Text="Sales" />
          </Titles>
        </NavBarArea>
        <NavBarArea Id="Service">
          <Titles>
            <Title LCID="1033" Text="Service" />
          </Titles>
        </NavBarArea>
        <NavBarArea Id="Marketing">
          <Titles>
            <Title LCID="1033" Text="Marketing" />
          </Titles>
        </NavBarArea>
        <NavBarArea Id="ProcessCenter">
          <Titles>
            <Title LCID="1033" Text="Process Sessions" />
          </Titles>
        </NavBarArea>
      </NavBarAreas>
    </Navigation>
  </form>
  <IsCustomizable>1</IsCustomizable>
  <CanBeDeleted>1</CanBeDeleted>
  <LocalizedNames>
    <LocalizedName description="Information" languagecode="1033" />
  </LocalizedNames>
  <Descriptions>
    <Description description="A form for this entity." languagecode="1033" />
  </Descriptions>
</systemform>