<?xml version="1.0" encoding="utf-8"?>
<forms xmlns:xsi="http://www.w3.org/2001/XMLSchema-instance">
  <systemform>
    <formid>{8abb2913-227e-4762-b16a-8b96dbf372bb}</formid>
    <IntroducedVersion>1.0</IntroducedVersion>
    <FormPresentation>1</FormPresentation>
    <FormActivationState>1</FormActivationState>
    <form
      headerdensity="HighWithControls"
      shownavigationbar="true"
      showImage="false"
      maxWidth="1920">
      <tabs>
        <tab
          verticallayout="true"
          id="{2c105366-8631-470b-9b31-30ac24bb0a51}"
          IsUserDefined="1"
          name="general">
          <labels>
            <label
              description="General"
              languagecode="1033" />
          </labels>
          <columns>
            <column
              width="34%">
              <sections>
                <section
                  name="general_information"
                  id="3177d3b1-501d-4279-b207-13eb9ce7177d"
                  IsUserDefined="0"
                  locklevel="0"
                  showlabel="true"
                  showbar="false"
                  layout="varwidth"
                  celllabelalignment="Left"
                  celllabelposition="Left"
                  columns="1"
                  labelwidth="115">
                  <labels>
                    <label
                      description="General Information"
                      languagecode="1033" />
                  </labels>
                  <rows>
                    <row>
                      <cell
                        id="{b43b4d82-28a2-4643-87d5-b6f92268f385}"
                        colspan="1"
                        rowspan="1">
                        <labels>
                          <label
                            description="Serial Number"
                            languagecode="1033" />
                        </labels>
                        <control
                          id="rhm_serialnumber"
                          classid="{4273EDBD-AC1D-40d3-9FB2-095C621B552D}"
                          datafieldname="rhm_serialnumber" />
                      </cell>
                    </row>
                    <row>
                      <cell
                        id="{ca25ee39-93c8-4fab-8138-f8e8000df899}"
                        locklevel="0"
                        colspan="1"
                        rowspan="1"
                        showlabel="true">
                        <labels>
                          <label
                            description="Model Number"
                            languagecode="1033" />
                        </labels>
                        <control
                          id="rhm_modelnumber"
                          classid="{4273EDBD-AC1D-40D3-9FB2-095C621B552D}"
                          datafieldname="rhm_modelnumber"
                          disabled="true"
                          uniqueid="{2c706772-2a55-0032-70e5-5e1b4e148d8c}" />
                      </cell>
                    </row>
                    <row>
                      <cell
                        id="{88776c4a-7ff1-4924-9186-57f4cf79d3d0}"
                        locklevel="0"
                        colspan="1"
                        rowspan="1"
                        showlabel="true">
                        <labels>
                          <label
                            description="Description"
                            languagecode="1033" />
                        </labels>
                        <control
                          id="rhm_description"
                          classid="{4273EDBD-AC1D-40D3-9FB2-095C621B552D}"
                          datafieldname="rhm_description"
                          disabled="true"
                          uniqueid="{534427ee-11c0-ded6-4b80-14cbcc0d9355}" />
                      </cell>
                    </row>
                    <row>
                      <cell
                        id="{f5f0bb51-f350-4136-9b16-5c02250cf670}"
                        locklevel="0"
                        colspan="1"
                        rowspan="1">
                        <labels>
                          <label
                            description="Product Type"
                            languagecode="1033" />
                        </labels>
                        <control
                          id="rhm_producttype"
                          classid="{4273EDBD-AC1D-40D3-9FB2-095C621B552D}"
                          datafieldname="rhm_producttype"
                          disabled="true" />
                      </cell>
                    </row>
                  </rows>
                </section>
                <section
                  name="shipment_information"
                  id="f3ec7ca1-88af-4a13-ab84-b293eca8d7d1"
                  IsUserDefined="0"
                  locklevel="0"
                  showlabel="true"
                  showbar="false"
                  layout="varwidth"
                  celllabelalignment="Left"
                  celllabelposition="Left"
                  columns="1"
                  labelwidth="115">
                  <labels>
                    <label
                      description="Shipment Information"
                      languagecode="1033" />
                  </labels>
                  <rows>
                    <row>
                      <cell
                        id="{f9816ac9-96c8-4c7c-bcdc-a1943af37c10}"
                        locklevel="0"
                        colspan="1"
                        rowspan="1"
                        showlabel="true">
                        <labels>
                          <label
                            description="Shipped To Address"
                            languagecode="1033" />
                        </labels>
                        <control
                          id="rhm_shippedtoaddress"
                          classid="{4273EDBD-AC1D-40D3-9FB2-095C621B552D}"
                          datafieldname="rhm_shippedtoaddress"
                          disabled="true"
                          uniqueid="{c58324a1-8511-eb03-58cd-72b274324c49}" />
                      </cell>
                    </row>
                    <row>
                      <cell
                        id="{3751edc0-e300-4039-86eb-d990287ddafd}"
                        locklevel="0"
                        colspan="1"
                        rowspan="1"
                        showlabel="true">
                        <labels>
                          <label
                            description="Shipped To Street"
                            languagecode="1033" />
                        </labels>
                        <control
                          id="rhm_shippedtostreet"
                          classid="{4273EDBD-AC1D-40D3-9FB2-095C621B552D}"
                          datafieldname="rhm_shippedtostreet"
                          disabled="true"
                          uniqueid="{e49579ea-e88e-2253-2e17-6ce7daa4442c}" />
                      </cell>
                    </row>
                    <row>
                      <cell
                        id="{a13956d7-20a3-4fe7-a64e-7cffb3df3dec}"
                        locklevel="0"
                        colspan="1"
                        rowspan="1"
                        showlabel="true">
                        <labels>
                          <label
                            description="Shipped To City"
                            languagecode="1033" />
                        </labels>
                        <control
                          id="rhm_shippedtocity"
                          classid="{4273EDBD-AC1D-40D3-9FB2-095C621B552D}"
                          datafieldname="rhm_shippedtocity"
                          disabled="true"
                          uniqueid="{2ddd82cd-1dad-1859-3413-2bb4cc8e47d6}" />
                      </cell>
                    </row>
                    <row>
                      <cell
                        id="{2c36895d-db34-4efc-b6f0-737ad0c7d2b6}"
                        locklevel="0"
                        colspan="1"
                        rowspan="1"
                        showlabel="true">
                        <labels>
                          <label
                            description="Shipped To State"
                            languagecode="1033" />
                        </labels>
                        <control
                          id="rhm_shippedtostate"
                          classid="{4273EDBD-AC1D-40D3-9FB2-095C621B552D}"
                          datafieldname="rhm_shippedtostate"
                          disabled="true"
                          uniqueid="{32016be5-6c4b-0aed-638a-ad19d3ba8e03}" />
                      </cell>
                    </row>
                    <row>
                      <cell
                        id="{7031c9da-bebc-4fa2-a653-3c038f8ad4a9}"
                        locklevel="0"
                        colspan="1"
                        rowspan="1"
                        showlabel="true">
                        <labels>
                          <label
                            description="Shipped To Country"
                            languagecode="1033" />
                        </labels>
                        <control
                          id="rhm_shippedtocountry"
                          classid="{4273EDBD-AC1D-40D3-9FB2-095C621B552D}"
                          datafieldname="rhm_shippedtocountry"
                          disabled="true"
                          uniqueid="{06b94973-920e-8d2a-b427-81c92b82a288}" />
                      </cell>
                    </row>
                    <row>
                      <cell
                        id="{51a8b4ab-40d3-434f-a3d7-2b4260838d33}"
                        locklevel="0"
                        colspan="1"
                        rowspan="1"
                        showlabel="true">
                        <labels>
                          <label
                            description="Shipped To Postal Code"
                            languagecode="1033" />
                        </labels>
                        <control
                          id="rhm_shippedtopostalcode"
                          classid="{4273EDBD-AC1D-40D3-9FB2-095C621B552D}"
                          datafieldname="rhm_shippedtopostalcode"
                          disabled="true"
                          uniqueid="{1e0ceeb6-556d-d0d8-46d7-40d8b5a2c524}" />
                      </cell>
                    </row>
                  </rows>
                </section>
              </sections>
            </column>
            <column
              width="33%">
              <sections>
                <section
                  name="date_information"
                  id="26ccb38f-38f6-4e7c-805d-e4fe439152c8"
                  IsUserDefined="0"
                  locklevel="0"
                  showlabel="true"
                  showbar="false"
                  layout="varwidth"
                  celllabelalignment="Left"
                  celllabelposition="Left"
                  columns="1"
                  labelwidth="115">
                  <labels>
                    <label
                      description="Date Information"
                      languagecode="1033" />
                  </labels>
                  <rows>
                    <row>
                      <cell
                        id="{19dfb1b0-c454-4404-bfd9-db8c2b55a92c}"
                        locklevel="0"
                        colspan="1"
                        rowspan="1"
                        showlabel="true">
                        <labels>
                          <label
                            description="Date of Manufacture"
                            languagecode="1033" />
                        </labels>
                        <control
                          id="rhm_dateofmanufacture"
                          classid="{5B773807-9FB2-42DB-97C3-7A91EFF8ADFF}"
                          datafieldname="rhm_dateofmanufacture"
                          disabled="true"
                          uniqueid="{4d3d5091-8ce2-a0b6-4525-bec424b1a2c3}" />
                      </cell>
                    </row>
                    <row>
                      <cell
                        id="{c0209768-5001-40f2-b2a7-8ca1fb4b2569}"
                        locklevel="0"
                        colspan="1"
                        rowspan="1"
                        showlabel="true">
                        <labels>
                          <label
                            description="Date Registered"
                            languagecode="1033" />
                        </labels>
                        <control
                          id="rhm_dateregistered"
                          classid="{5B773807-9FB2-42DB-97C3-7A91EFF8ADFF}"
                          datafieldname="rhm_dateregistered"
                          disabled="true"
                          uniqueid="{a2697973-c45c-6d34-ac05-3880032031ed}" />
                      </cell>
                    </row>
                    <row>
                      <cell
                        id="{2d58eac1-0982-4af3-a38b-69db4a69842e}"
                        locklevel="0"
                        colspan="1"
                        rowspan="1"
                        showlabel="true">
                        <labels>
                          <label
                            description="Shipped Date"
                            languagecode="1033" />
                        </labels>
                        <control
                          id="rhm_shippeddate"
                          classid="{5B773807-9FB2-42DB-97C3-7A91EFF8ADFF}"
                          datafieldname="rhm_shippeddate"
                          disabled="true"
                          uniqueid="{050e72ce-029e-24ad-c296-33e00092cc98}" />
                      </cell>
                    </row>
                    <row>
                      <cell
                        id="{6b6c0081-e484-42f6-84df-cb716d11a149}"
                        locklevel="0"
                        colspan="1"
                        rowspan="1"
                        showlabel="true">
                        <labels>
                          <label
                            description="Installation Date"
                            languagecode="1033" />
                        </labels>
                        <control
                          id="rhm_installationdate"
                          classid="{5B773807-9FB2-42DB-97C3-7A91EFF8ADFF}"
                          datafieldname="rhm_installationdate"
                          disabled="true"
                          uniqueid="{430a7c46-45a0-499e-2779-d03738c1d68e}" />
                      </cell>
                    </row>
                  </rows>
                </section>
                <section
                  name="installedorregistered_information"
                  id="c47125a6-4df3-4423-b950-2dffc6e026c8"
                  IsUserDefined="0"
                  locklevel="0"
                  showlabel="true"
                  showbar="false"
                  layout="varwidth"
                  celllabelalignment="Left"
                  celllabelposition="Left"
                  columns="1"
                  labelwidth="115">
                  <labels>
                    <label
                      description="Installed/Registered Information"
                      languagecode="1033" />
                  </labels>
                  <rows>
                    <row>
                      <cell
                        id="{60177bc9-e71a-4d1d-b04d-cc5a3d5fe587}"
                        locklevel="0"
                        colspan="1"
                        rowspan="1"
                        showlabel="true">
                        <labels>
                          <label
                            description="Installed/Registered Address"
                            languagecode="1033" />
                        </labels>
                        <control
                          id="rhm_installedorregisteredaddress"
                          classid="{4273EDBD-AC1D-40D3-9FB2-095C621B552D}"
                          datafieldname="rhm_installedorregisteredaddress"
                          disabled="true"
                          uniqueid="{057e7a14-6345-83a1-81a7-cb28ae3a6aa9}" />
                      </cell>
                    </row>
                    <row>
                      <cell
                        id="{11c48952-9fee-4dbd-b27d-0c060f14aab3}"
                        locklevel="0"
                        colspan="1"
                        rowspan="1"
                        showlabel="true">
                        <labels>
                          <label
                            description="Installed/Registered Street"
                            languagecode="1033" />
                        </labels>
                        <control
                          id="rhm_installedorregisteredstreet"
                          classid="{E0DECE4B-6FC8-4A8F-A065-082708572369}"
                          datafieldname="rhm_installedorregisteredstreet"
                          disabled="true"
                          uniqueid="{379d1c34-469a-bd51-3cbd-7d296cc45037}" />
                      </cell>
                    </row>
                    <row>
                      <cell
                        id="{b11eaa84-7ea0-4fcc-a02a-eda0a7ad0978}"
                        locklevel="0"
                        colspan="1"
                        rowspan="1"
                        showlabel="true">
                        <labels>
                          <label
                            description="Installed/Registered City"
                            languagecode="1033" />
                        </labels>
                        <control
                          id="rhm_installedorregisteredcity"
                          classid="{4273EDBD-AC1D-40D3-9FB2-095C621B552D}"
                          datafieldname="rhm_installedorregisteredcity"
                          disabled="true"
                          uniqueid="{7014e839-da0b-2b67-cb90-00658b7bd949}" />
                      </cell>
                    </row>
                    <row>
                      <cell
                        id="{b50ad81a-c43b-430e-a3b5-cce423715e3f}"
                        locklevel="0"
                        colspan="1"
                        rowspan="1"
                        showlabel="true">
                        <labels>
                          <label
                            description="Installed/Registered State"
                            languagecode="1033" />
                        </labels>
                        <control
                          id="rhm_installedorregisteredstate"
                          classid="{4273EDBD-AC1D-40D3-9FB2-095C621B552D}"
                          datafieldname="rhm_installedorregisteredstate"
                          disabled="true"
                          uniqueid="{0817d89e-68c2-16d4-ce31-23e539023357}" />
                      </cell>
                    </row>
                    <row>
                      <cell
                        id="{5b97d8e3-78cf-4cce-b0cb-c1a574ae03ec}"
                        locklevel="0"
                        colspan="1"
                        rowspan="1"
                        showlabel="true">
                        <labels>
                          <label
                            description="Installed/Registered Country"
                            languagecode="1033" />
                        </labels>
                        <control
                          id="rhm_installedorregisteredcountry"
                          classid="{4273EDBD-AC1D-40D3-9FB2-095C621B552D}"
                          datafieldname="rhm_installedorregisteredcountry"
                          disabled="true"
                          uniqueid="{03564d9e-4a63-8da1-63dc-e6c188361e0d}" />
                      </cell>
                    </row>
                    <row>
                      <cell
                        id="{90a82013-f5ee-4367-b94c-429e3981fc8d}"
                        locklevel="0"
                        colspan="1"
                        rowspan="1"
                        showlabel="true">
                        <labels>
                          <label
                            description="Installed/Registered Postal Code"
                            languagecode="1033" />
                        </labels>
                        <control
                          id="rhm_installedorregisteredpostalcode"
                          classid="{4273EDBD-AC1D-40D3-9FB2-095C621B552D}"
                          datafieldname="rhm_installedorregisteredpostalcode"
                          disabled="true"
                          uniqueid="{04888309-47a7-9a4b-e2e1-261192541b77}" />
                      </cell>
                    </row>
                  </rows>
                </section>
              </sections>
            </column>
            <column
              width="33%">
              <sections>
                <section
                  name="_section_262"
                  id="12a23bcc-8480-4f8d-8da6-54cc2720d410"
                  IsUserDefined="0"
                  locklevel="0"
                  showlabel="true"
                  showbar="false"
                  layout="varwidth"
                  celllabelalignment="Left"
                  celllabelposition="Left"
                  columns="1"
                  labelwidth="115">
                  <labels>
                    <label
                      description="Part Orders"
                      languagecode="1033" />
                  </labels>
                  <rows>
                    <row>
                      <cell
                        locklevel="0"
                        id="{07df2913-f247-4e95-8ae5-ecfd66e9cc42}"
                        rowspan="4"
                        colspan="1"
                        auto="true"
                        showlabel="false">
                        <labels>
                          <label
                            description="New SG control 1678972189501"
                            languagecode="1033" />
                        </labels>
                        <control
                          indicationOfSubgrid="true"
                          id="Part_Orders"
                          classid="{E7A81278-8635-4D9E-8D4D-59480B391C5B}">
                          <parameters>
                            <RecordsPerPage>5</RecordsPerPage>
                            <AutoExpand>Auto</AutoExpand>
                            <EnableQuickFind>false</EnableQuickFind>
                            <EnableViewPicker>true</EnableViewPicker>
                            <EnableChartPicker>true</EnableChartPicker>
                            <ChartGridMode>All</ChartGridMode>
                            <TargetEntityType>rhm_partorder</TargetEntityType>
                            <ViewId>{02AB7803-1BFC-47F7-90A2-5A7ED70E5DA8}</ViewId>
                            <ViewIds>{02AB7803-1BFC-47F7-90A2-5A7ED70E5DA8}</ViewIds>
                            <RelationshipName>rhm_PartOrder_rhm_ProductSerialNumber_rhm</RelationshipName>
                          </parameters>
                        </control>
                      </cell>
                    </row>
                    <row />
                    <row />
                    <row />
                    <row
                      height="auto" />
                  </rows>
                </section>
                <section
                  name="general_section_7"
                  id="ee739f90-fa19-4bf8-8bdf-fbeb369c5147"
                  IsUserDefined="0"
                  locklevel="0"
                  showlabel="true"
                  showbar="false"
                  layout="varwidth"
                  celllabelalignment="Left"
                  celllabelposition="Left"
                  columns="1"
                  labelwidth="115">
                  <labels>
                    <label
                      description="Cases"
                      languagecode="1033" />
                  </labels>
                  <rows>
                    <row>
                      <cell
                        locklevel="0"
                        id="{e5751015-0834-4c71-bfe3-2f85e85cc751}"
                        rowspan="4"
                        colspan="1"
                        auto="false">
                        <labels>
                          <label
                            description="New SG control 1679026301296"
                            languagecode="1033" />
                          <label
                            description="Kes"
                            languagecode="1086" />
                        </labels>
                        <control
                          indicationOfSubgrid="true"
                          id="Cases"
                          classid="{E7A81278-8635-4D9E-8D4D-59480B391C5B}">
                          <parameters>
                            <RecordsPerPage>4</RecordsPerPage>
                            <AutoExpand>Fixed</AutoExpand>
                            <EnableQuickFind>false</EnableQuickFind>
                            <EnableViewPicker>true</EnableViewPicker>
                            <EnableChartPicker>true</EnableChartPicker>
                            <ChartGridMode>All</ChartGridMode>
                            <TargetEntityType>incident</TargetEntityType>
                            <ViewId>{00000000-0000-0000-00AA-000010001032}</ViewId>
                            <ViewIds>{00000000-0000-0000-00AA-000010001028},{00000000-0000-0000-00AA-000010001032}</ViewIds>
                            <RelationshipName>rhm_ProductSerialNumber_Incident_Incident</RelationshipName>
                            <VisualizationId>{4143B74E-4A07-4D01-9FFE-2CDCAA4208FD}</VisualizationId>
                          </parameters>
                        </control>
                      </cell>
                    </row>
                    <row />
                    <row />
                    <row />
                  </rows>
                </section>
                <section
                  name="general_section_8"
                  showlabel="true"
                  showbar="false"
                  locklevel="0"
                  id="{5cc4e874-158a-388e-95e0-7750cb272e23}"
                  IsUserDefined="0"
                  layout="varwidth"
                  columns="1"
                  labelwidth="115"
                  celllabelalignment="Left"
                  celllabelposition="Left">
                  <labels>
                    <label
                      description="Contacts"
                      languagecode="1033" />
                  </labels>
                  <rows>
                    <row>
                      <cell
                        id="{00833227-8d7d-63ca-6a4c-bcda9c65d970}"
                        showlabel="false"
                        colspan="1"
                        auto="false"
                        rowspan="6">
                        <labels>
                          <label
                            description="Contacts"
                            languagecode="1033" />
                          <label
                            description="Kenalan"
                            languagecode="1086" />
                        </labels>
                        <control
                          id="Contacts"
                          classid="{E7A81278-8635-4d9e-8D4D-59480B391C5B}"
                          indicationOfSubgrid="true">
                          <parameters>
                            <ViewId>{00000000-0000-0000-00AA-000010001003}</ViewId>
                            <IsUserView>false</IsUserView>
                            <RelationshipName>rhm_ProductSerialNumber_Contact_Contact</RelationshipName>
                            <TargetEntityType>contact</TargetEntityType>
                            <AutoExpand>Fixed</AutoExpand>
                            <EnableQuickFind>false</EnableQuickFind>
                            <EnableViewPicker>false</EnableViewPicker>
                            <ViewIds>{00000000-0000-0000-00AA-000010001003}</ViewIds>
                            <EnableJumpBar>false</EnableJumpBar>
                            <ChartGridMode>All</ChartGridMode>
                            <VisualizationId>{E365462F-1DB9-46A8-928D-BEAB1A7A2375}</VisualizationId>
                            <IsUserChart>false</IsUserChart>
                            <EnableChartPicker>true</EnableChartPicker>
                            <RecordsPerPage>4</RecordsPerPage>
                            <HeaderColorCode>#F3F3F3</HeaderColorCode>
                            <RelationshipRoleOrdinal>2</RelationshipRoleOrdinal>
                          </parameters>
                        </control>
                      </cell>
                    </row>
                    <row />
                    <row />
                    <row />
                    <row />
                    <row />
                  </rows>
                </section>
              </sections>
            </column>
          </columns>
        </tab>
        <tab
          name="tab_3"
          id="{602670b3-1852-ad51-60ec-b7ee25b9e111}"
          IsUserDefined="0"
          locklevel="0"
          showlabel="true"
          expanded="true">
          <labels>
            <label
              description="Product Warranties"
              languagecode="1033" />
          </labels>
          <columns>
            <column
              width="100%">
              <sections>
                <section
                  name="tab_3_section_1"
                  showlabel="false"
                  showbar="false"
                  locklevel="0"
                  id="{273065aa-4746-1aad-201e-b5abba11e7c7}"
                  IsUserDefined="0"
                  layout="varwidth"
                  columns="1"
                  labelwidth="115"
                  celllabelalignment="Left"
                  celllabelposition="Left">
                  <labels>
                    <label
                      description="Warranties"
                      languagecode="1033" />
                  </labels>
                  <rows>
                    <row>
                      <cell
                        id="{a99b1b8b-4e9e-e122-e487-4936e4b8de04}"
                        showlabel="false"
                        colspan="1"
                        auto="false"
                        rowspan="6">
                        <labels>
                          <label
                            description="Warranties"
                            languagecode="1033" />
                        </labels>
                        <control
                          id="Warranties"
                          classid="{E7A81278-8635-4d9e-8D4D-59480B391C5B}"
                          indicationOfSubgrid="true">
                          <parameters>
                            <ViewId>{DCDBEC5F-73BA-4BDC-8EAA-BBBFCE62BA57}</ViewId>
                            <IsUserView>false</IsUserView>
                            <RelationshipName>rhm_Warranty_rhm_ProductSerialNumber_rhm_</RelationshipName>
                            <TargetEntityType>rhm_warranty</TargetEntityType>
                            <AutoExpand>Fixed</AutoExpand>
                            <EnableQuickFind>false</EnableQuickFind>
                            <EnableViewPicker>false</EnableViewPicker>
                            <ViewIds>{DCDBEC5F-73BA-4BDC-8EAA-BBBFCE62BA57}</ViewIds>
                            <EnableJumpBar>false</EnableJumpBar>
                            <ChartGridMode>All</ChartGridMode>
                            <VisualizationId />
                            <IsUserChart>false</IsUserChart>
                            <EnableChartPicker>true</EnableChartPicker>
                            <RecordsPerPage>4</RecordsPerPage>
                            <HeaderColorCode>#F3F3F3</HeaderColorCode>
                          </parameters>
                        </control>
                      </cell>
                    </row>
                    <row />
                    <row />
                    <row />
                    <row />
                    <row />
                  </rows>
                </section>
              </sections>
            </column>
          </columns>
        </tab>
        <tab
          name="tab_4"
          id="799f582b-df14-4b00-8233-f8ad10f6ede1"
          IsUserDefined="0"
          locklevel="0"
          showlabel="true">
          <labels>
            <label
              description="Part Orders"
              languagecode="1033" />
          </labels>
          <columns>
            <column
              width="100%">
              <sections>
                <section
                  name="tab_4_section_1"
                  id="6e752c6d-ad71-4458-b412-b1b1f9ec9cb6"
                  IsUserDefined="0"
                  locklevel="0"
                  showlabel="false"
                  showbar="false"
                  layout="varwidth"
                  celllabelalignment="Left"
                  celllabelposition="Left"
                  columns="1"
                  labelwidth="115">
                  <labels>
                    <label
                      description="New Section"
                      languagecode="1033" />
                  </labels>
                  <rows>
                    <row>
                      <cell
                        locklevel="0"
                        id="{f205407a-9335-4893-8e43-eb6ad6bf7187}"
                        rowspan="4"
                        colspan="1"
                        auto="false"
                        showlabel="false">
                        <labels>
                          <label
                            description="New SG control 1681112009163"
                            languagecode="1033" />
                        </labels>
                        <control
                          indicationOfSubgrid="true"
                          id="Subgrid_new_1"
                          classid="{E7A81278-8635-4D9E-8D4D-59480B391C5B}">
                          <parameters>
                            <RecordsPerPage>5</RecordsPerPage>
                            <AutoExpand>Fixed</AutoExpand>
                            <EnableQuickFind>false</EnableQuickFind>
                            <EnableViewPicker>false</EnableViewPicker>
                            <EnableChartPicker>true</EnableChartPicker>
                            <ChartGridMode>All</ChartGridMode>
                            <TargetEntityType>rhm_partorder</TargetEntityType>
                            <ViewId>{02AB7803-1BFC-47F7-90A2-5A7ED70E5DA8}</ViewId>
                            <ViewIds>{02AB7803-1BFC-47F7-90A2-5A7ED70E5DA8}</ViewIds>
                            <RelationshipName>rhm_PartOrder_rhm_ProductSerialNumber_rhm</RelationshipName>
                          </parameters>
                        </control>
                      </cell>
                    </row>
                    <row />
                    <row />
                    <row />
                  </rows>
                </section>
              </sections>
            </column>
          </columns>
        </tab>
        <tab
          name="details"
          id="bb715e9b-50a0-4d7a-8a59-f0cb42cedcdb"
          IsUserDefined="0"
          locklevel="0"
          showlabel="true">
          <labels>
            <label
              description="Record Information"
              languagecode="1033" />
          </labels>
          <columns>
            <column
              width="100%">
              <sections>
                <section
                  name="section_5"
                  id="c04bf7fe-746e-4877-81c3-9dfae7dda188"
                  IsUserDefined="0"
                  locklevel="0"
                  showlabel="false"
                  showbar="false"
                  layout="varwidth"
                  celllabelalignment="Left"
                  celllabelposition="Left"
                  columns="1"
                  labelwidth="115"
                  height="auto">
                  <labels>
                    <label
                      description=" Record Information"
                      languagecode="1033" />
                  </labels>
                  <rows>
                    <row>
                      <cell
                        id="{7f387163-6c80-480f-9e9e-17cb77ddf0de}"
                        colspan="1"
                        rowspan="1"
                        locklevel="1">
                        <labels>
                          <label
                            description="Owner"
                            languagecode="1033" />
                        </labels>
                        <control
                          id="ownerid"
                          classid="{270BD3DB-D9AF-4782-9025-509E298DEC0A}"
                          datafieldname="ownerid" />
                      </cell>
                    </row>
                    <row>
                      <cell
                        id="{4f673009-7a4c-4d21-bb7a-dbe1d6725720}"
                        locklevel="0"
                        colspan="1"
                        rowspan="1">
                        <labels>
                          <label
                            description="Owning Business Unit"
                            languagecode="1033" />
                        </labels>
                        <control
                          id="owningbusinessunit"
                          classid="{270BD3DB-D9AF-4782-9025-509E298DEC0A}"
                          datafieldname="owningbusinessunit"
                          disabled="false" />
                      </cell>
                    </row>
                    <row>
                      <cell
                        id="{008f1099-8334-4bf0-86d0-2541f4c42fef}"
                        locklevel="0"
                        colspan="1"
                        rowspan="1">
                        <labels>
                          <label
                            description="Created On"
                            languagecode="1033" />
                        </labels>
                        <control
                          id="createdon"
                          classid="{5B773807-9FB2-42DB-97C3-7A91EFF8ADFF}"
                          datafieldname="createdon"
                          disabled="false" />
                      </cell>
                    </row>
                    <row>
                      <cell
                        id="{e00d8a73-d23e-4506-9064-1e91ff0fe34e}"
                        locklevel="0"
                        colspan="1"
                        rowspan="1">
                        <labels>
                          <label
                            description="Created By"
                            languagecode="1033" />
                        </labels>
                        <control
                          id="createdby"
                          classid="{270BD3DB-D9AF-4782-9025-509E298DEC0A}"
                          datafieldname="createdby"
                          disabled="false" />
                      </cell>
                    </row>
                    <row>
                      <cell
                        id="{18bc2fb7-ed21-4d2c-b9b6-d78aa68dc0bf}"
                        locklevel="0"
                        colspan="1"
                        rowspan="1">
                        <labels>
                          <label
                            description="Modified On"
                            languagecode="1033" />
                        </labels>
                        <control
                          id="modifiedon"
                          classid="{5B773807-9FB2-42DB-97C3-7A91EFF8ADFF}"
                          datafieldname="modifiedon"
                          disabled="false" />
                      </cell>
                    </row>
                    <row>
                      <cell
                        id="{608942c3-cc72-466f-a168-83ca0aff55ee}"
                        locklevel="0"
                        colspan="1"
                        rowspan="1">
                        <labels>
                          <label
                            description="Modified By"
                            languagecode="1033" />
                        </labels>
                        <control
                          id="modifiedby"
                          classid="{270BD3DB-D9AF-4782-9025-509E298DEC0A}"
                          datafieldname="modifiedby"
                          disabled="false" />
                      </cell>
                    </row>
                    <row>
                      <cell
                        id="{439fe6ab-481a-448e-956f-0d2a4102c8a7}"
                        locklevel="0"
                        colspan="1"
                        rowspan="1"
                        visible="false">
                        <labels>
                          <label
                            description="Serial Number API Response"
                            languagecode="1033" />
                        </labels>
                        <control
                          id="rhm_serialnumberapiresponse"
                          classid="{E0DECE4B-6FC8-4A8F-A065-082708572369}"
                          datafieldname="rhm_serialnumberapiresponse"
                          disabled="false" />
                      </cell>
                    </row>
                    <row>
                      <cell
                        id="{0aebd6a0-7da0-41c9-b1d4-5489e2786a83}"
                        locklevel="0"
                        colspan="1"
                        rowspan="1"
                        visible="false">
                        <labels>
                          <label
                            description="API Response Last Updated On"
                            languagecode="1033" />
                        </labels>
                        <control
                          id="rhm_apiresponselastupdatedon"
                          classid="{4273EDBD-AC1D-40D3-9FB2-095C621B552D}"
                          datafieldname="rhm_apiresponselastupdatedon"
                          disabled="false" />
                      </cell>
                    </row>
                  </rows>
                </section>
              </sections>
            </column>
          </columns>
        </tab>
      </tabs>
      <header
        id="{bd965d46-9e23-49d4-9bae-bca241f93487}"
        celllabelposition="Top"
        columns="111"
        labelwidth="115"
        celllabelalignment="Left">
        <rows>
          <row>
            <cell
              id="{5bfb8f44-4222-421c-b290-81ddb893f6bd}"
              showlabel="false">
              <labels>
                <label
                  description=""
                  languagecode="1033" />
              </labels>
            </cell>
            <cell
              id="{63376ded-637e-4890-8a05-3bda663590ba}"
              showlabel="false">
              <labels>
                <label
                  description=""
                  languagecode="1033" />
              </labels>
            </cell>
            <cell
              id="{1b5d5262-4d51-4cae-a9ae-851e52c64921}"
              showlabel="false">
              <labels>
                <label
                  description=""
                  languagecode="1033" />
              </labels>
            </cell>
          </row>
        </rows>
      </header>
      <footer
        id="{a7d7de94-0fdf-43aa-9910-0f9636235dd7}"
        celllabelposition="Top"
        columns="111"
        labelwidth="115"
        celllabelalignment="Left">
        <rows>
          <row>
            <cell
              id="{a2f48d04-498e-41e9-8e56-1416498ef9f2}"
              showlabel="false">
              <labels>
                <label
                  description=""
                  languagecode="1033" />
              </labels>
            </cell>
            <cell
              id="{d06941ce-90f3-4690-8c6d-823da7c9888d}"
              showlabel="false">
              <labels>
                <label
                  description=""
                  languagecode="1033" />
              </labels>
            </cell>
            <cell
              id="{ece7d096-6f79-4fdd-bdb0-36b72cbe6faf}"
              showlabel="false">
              <labels>
                <label
                  description=""
                  languagecode="1033" />
              </labels>
            </cell>
          </row>
        </rows>
      </footer>
      <Navigation>
        <NavBar />
        <NavBarAreas>
          <NavBarArea
            Id="Info">
            <Titles>
              <Title
                LCID="1033"
                Text="Common" />
            </Titles>
          </NavBarArea>
          <NavBarArea
            Id="Sales">
            <Titles>
              <Title
                LCID="1033"
                Text="Sales" />
            </Titles>
          </NavBarArea>
          <NavBarArea
            Id="Service">
            <Titles>
              <Title
                LCID="1033"
                Text="Service" />
            </Titles>
          </NavBarArea>
          <NavBarArea
            Id="Marketing">
            <Titles>
              <Title
                LCID="1033"
                Text="Marketing" />
            </Titles>
          </NavBarArea>
          <NavBarArea
            Id="ProcessCenter">
            <Titles>
              <Title
                LCID="1033"
                Text="Process Sessions" />
            </Titles>
          </NavBarArea>
        </NavBarAreas>
      </Navigation>
      <formLibraries>
        <Library
          name="rhm_/Scripts/Common/XrmUtilities.js"
          libraryUniqueId="{314c0620-c619-de36-cead-ca3658141d39}" />
        <Library
          name="rhm_/Scripts/ProductSerialNumber_Form.js"
          libraryUniqueId="{56527066-7581-a81d-183e-96c713b22d92}" />
      </formLibraries>
      <events>
        <event
          name="onsave"
          application="false"
          active="false">
          <Handlers>
            <Handler
              functionName="Rheem.Jscripts.ProductSerialNumber_Form.onSave"
              libraryName="rhm_/Scripts/ProductSerialNumber_Form.js"
              handlerUniqueId="{84cb8ad5-5008-cd07-2eeb-9110b8c8b804}"
              enabled="true"
              parameters=""
              passExecutionContext="true" />
          </Handlers>
        </event>
        <event
          name="onload"
          application="false"
          active="false">
          <Handlers>
            <Handler
              functionName="Rheem.Jscripts.ProductSerialNumber_Form.OnLoad"
              libraryName="rhm_/Scripts/ProductSerialNumber_Form.js"
              handlerUniqueId="{364bbb51-43eb-4024-3092-42597d866c0c}"
              enabled="true"
              parameters=""
              passExecutionContext="true" />
          </Handlers>
        </event>
      </events>
      <controlDescriptions />
      <DisplayConditions
        Order="0"
        FallbackForm="true">
        <Everyone />
      </DisplayConditions>
    </form>
    <IsCustomizable>1</IsCustomizable>
    <CanBeDeleted>1</CanBeDeleted>
    <LocalizedNames>
      <LocalizedName
        description="Information"
        languagecode="1033" />
    </LocalizedNames>
    <Descriptions>
      <Description
        description="A form for this entity."
        languagecode="1033" />
    </Descriptions>
  </systemform>
</forms>