﻿<?xml version="1.0" encoding="utf-8"?>
<EntityMaps>
  <EntityMap>
    <EntitySource>phonecall</EntitySource>
    <EntityTarget>rbs_distributiontargetrecord</EntityTarget>
    <AttributeMaps />
  </EntityMap>
  <EntityMap>
    <EntitySource>position</EntitySource>
    <EntityTarget>rbs_positionrulerelationship</EntityTarget>
    <AttributeMaps />
  </EntityMap>
  <EntityMap>
    <EntitySource>rbs_distributionauditlog</EntitySource>
    <EntityTarget>rbs_distributiontargetrecord</EntityTarget>
    <AttributeMaps />
  </EntityMap>
  <EntityMap>
    <EntitySource>rbs_distributionauditlog</EntitySource>
    <EntityTarget>rbs_distributiontargetteam</EntityTarget>
    <AttributeMaps />
  </EntityMap>
  <EntityMap>
    <EntitySource>rbs_distributionauditlog</EntitySource>
    <EntityTarget>rbs_distributiontargetuser</EntityTarget>
    <AttributeMaps />
  </EntityMap>
  <EntityMap>
    <EntitySource>rbs_distributionrule</EntitySource>
    <EntityTarget>rbs_distributionauditlog</EntityTarget>
    <AttributeMaps />
  </EntityMap>
  <EntityMap>
    <EntitySource>rbs_distributionrule</EntitySource>
    <EntityTarget>rbs_positionrulerelationship</EntityTarget>
    <AttributeMaps />
  </EntityMap>
  <EntityMap>
    <EntitySource>rbs_distributionrule</EntitySource>
    <EntityTarget>rbs_securityrolerulerelationship</EntityTarget>
    <AttributeMaps />
  </EntityMap>
  <EntityMap>
    <EntitySource>rbs_distributionrule</EntitySource>
    <EntityTarget>rbs_teamrulerelationship</EntityTarget>
    <AttributeMaps />
  </EntityMap>
  <EntityMap>
    <EntitySource>rbs_distributionrule</EntitySource>
    <EntityTarget>rbs_userrulerelationship</EntityTarget>
    <AttributeMaps />
  </EntityMap>
  <EntityMap>
    <EntitySource>rbs_distributiontargetteam</EntitySource>
    <EntityTarget>rbs_distributiontargetrecord</EntityTarget>
    <AttributeMaps />
  </EntityMap>
  <EntityMap>
    <EntitySource>rbs_distributiontargetuser</EntitySource>
    <EntityTarget>rbs_distributiontargetrecord</EntityTarget>
    <AttributeMaps />
  </EntityMap>
  <EntityMap>
    <EntitySource>role</EntitySource>
    <EntityTarget>rbs_securityrolerulerelationship</EntityTarget>
    <AttributeMaps />
  </EntityMap>
  <EntityMap>
    <EntitySource>systemuser</EntitySource>
    <EntityTarget>rbs_distributiontargetuser</EntityTarget>
    <AttributeMaps />
  </EntityMap>
  <EntityMap>
    <EntitySource>systemuser</EntitySource>
    <EntityTarget>rbs_userrulerelationship</EntityTarget>
    <AttributeMaps />
  </EntityMap>
  <EntityMap>
    <EntitySource>team</EntitySource>
    <EntityTarget>rbs_distributionrule</EntityTarget>
    <AttributeMaps />
  </EntityMap>
  <EntityMap>
    <EntitySource>team</EntitySource>
    <EntityTarget>rbs_distributiontargetteam</EntityTarget>
    <AttributeMaps />
  </EntityMap>
  <EntityMap>
    <EntitySource>team</EntitySource>
    <EntityTarget>rbs_teamrulerelationship</EntityTarget>
    <AttributeMaps />
  </EntityMap>
</EntityMaps>