﻿<?xml version="1.0" encoding="utf-8"?>
<EntityRelationships>
  <EntityRelationship Name="business_unit_rbs_positionrulerelationship" />
  <EntityRelationship Name="business_unit_rbs_securityrolerulerelationship" />
  <EntityRelationship Name="business_unit_rbs_teamrulerelationship" />
  <EntityRelationship Name="business_unit_rbs_userrulerelationship" />
  <EntityRelationship Name="business_unit_roles" unmodified="1" />
  <EntityRelationship Name="business_unit_system_users" />
  <EntityRelationship Name="business_unit_teams" unmodified="1" />
  <EntityRelationship Name="calendar_system_users" />
  <EntityRelationship Name="lk_position_createdby" unmodified="1" />
  <EntityRelationship Name="lk_position_modifiedby" unmodified="1" />
  <EntityRelationship Name="lk_rbs_distributionauditlog_createdby" />
  <EntityRelationship Name="lk_rbs_distributionauditlog_modifiedby" />
  <EntityRelationship Name="lk_rbs_distributionrule_createdby" />
  <EntityRelationship Name="lk_rbs_distributionrule_modifiedby" />
  <EntityRelationship Name="lk_rbs_distributiontargetrecord_createdby" />
  <EntityRelationship Name="lk_rbs_distributiontargetrecord_modifiedby" />
  <EntityRelationship Name="lk_rbs_distributiontargetteam_createdby" />
  <EntityRelationship Name="lk_rbs_distributiontargetteam_modifiedby" />
  <EntityRelationship Name="lk_rbs_distributiontargetuser_createdby" />
  <EntityRelationship Name="lk_rbs_distributiontargetuser_modifiedby" />
  <EntityRelationship Name="lk_rbs_positionrulerelationship_createdby" />
  <EntityRelationship Name="lk_rbs_positionrulerelationship_modifiedby" />
  <EntityRelationship Name="lk_rbs_securityrolerulerelationship_createdby" />
  <EntityRelationship Name="lk_rbs_securityrolerulerelationship_modifiedby" />
  <EntityRelationship Name="lk_rbs_teamrulerelationship_createdby" />
  <EntityRelationship Name="lk_rbs_teamrulerelationship_modifiedby" />
  <EntityRelationship Name="lk_rbs_userrulerelationship_createdby" />
  <EntityRelationship Name="lk_rbs_userrulerelationship_modifiedby" />
  <EntityRelationship Name="lk_rolebase_createdby" unmodified="1" />
  <EntityRelationship Name="lk_rolebase_modifiedby" unmodified="1" />
  <EntityRelationship Name="lk_systemuserbase_createdby" />
  <EntityRelationship Name="lk_systemuserbase_modifiedby" />
  <EntityRelationship Name="lk_teambase_administratorid" unmodified="1" />
  <EntityRelationship Name="lk_teambase_createdby" unmodified="1" />
  <EntityRelationship Name="lk_teambase_modifiedby" unmodified="1" />
  <EntityRelationship Name="MobileOfflineProfile_SystemUser" />
  <EntityRelationship Name="organization_position" unmodified="1" />
  <EntityRelationship Name="organization_rbs_distributionauditlog" />
  <EntityRelationship Name="organization_rbs_distributionrule" />
  <EntityRelationship Name="organization_rbs_distributiontargetrecord" />
  <EntityRelationship Name="organization_rbs_distributiontargetteam" />
  <EntityRelationship Name="organization_rbs_distributiontargetuser" />
  <EntityRelationship Name="organization_roles" unmodified="1" />
  <EntityRelationship Name="organization_system_users" />
  <EntityRelationship Name="organization_teams" unmodified="1" />
  <EntityRelationship Name="owner_rbs_positionrulerelationship" />
  <EntityRelationship Name="owner_rbs_securityrolerulerelationship" />
  <EntityRelationship Name="owner_rbs_teamrulerelationship" />
  <EntityRelationship Name="owner_rbs_userrulerelationship" />
  <EntityRelationship Name="position_parent_position" unmodified="1" />
  <EntityRelationship Name="position_users" />
  <EntityRelationship Name="queue_system_user" />
  <EntityRelationship Name="queue_team" unmodified="1" />
  <EntityRelationship Name="rbs_phonecall_rbs_distributiontargetrecord_PhoneCall" />
  <EntityRelationship Name="rbs_position_rbs_positionrulerelationship_Position" />
  <EntityRelationship Name="rbs_rbs_distributionauditlog_rbs_distributiontargetrecord_DistributionAuditLog" />
  <EntityRelationship Name="rbs_rbs_distributionauditlog_rbs_distributiontargetteam_DistributionAuditLog" />
  <EntityRelationship Name="rbs_rbs_distributionauditlog_rbs_distributiontargetuser_DistributionAuditLog" />
  <EntityRelationship Name="rbs_rbs_distributionrule_rbs_distributionauditlog_DistributionRule" />
  <EntityRelationship Name="rbs_rbs_distributionrule_rbs_positionrulerelationship_DistributionRule" />
  <EntityRelationship Name="rbs_rbs_distributionrule_rbs_securityrolerulerelationship_DistributionRule" />
  <EntityRelationship Name="rbs_rbs_distributionrule_rbs_teamrulerelationship_DistributionRule" />
  <EntityRelationship Name="rbs_rbs_distributionrule_rbs_userrulerelationship_DistributionRule" />
  <EntityRelationship Name="rbs_rbs_distributiontargetteam_rbs_distributiontargetrecord_DistributionTargetTeam" />
  <EntityRelationship Name="rbs_rbs_distributiontargetuser_rbs_distributiontargetrecord_DistributionTargetUser" />
  <EntityRelationship Name="rbs_role_rbs_securityrolerulerelationship_SecurityRole" />
  <EntityRelationship Name="rbs_systemuser_rbs_distributiontargetuser_User" />
  <EntityRelationship Name="rbs_systemuser_rbs_userrulerelationship_User" />
  <EntityRelationship Name="rbs_team_rbs_distributionrule_ExclusionTeam" />
  <EntityRelationship Name="rbs_team_rbs_distributiontargetteam_Team" />
  <EntityRelationship Name="rbs_team_rbs_teamrulerelationship_Team" />
  <EntityRelationship Name="role_parent_role" unmodified="1" />
  <EntityRelationship Name="role_parent_root_role" unmodified="1" />
  <EntityRelationship Name="role_template_roles" unmodified="1" />
  <EntityRelationship Name="site_system_users" />
  <EntityRelationship Name="systemuser_defaultmailbox_mailbox" />
  <EntityRelationship Name="team_rbs_positionrulerelationship" />
  <EntityRelationship Name="team_rbs_securityrolerulerelationship" />
  <EntityRelationship Name="team_rbs_teamrulerelationship" />
  <EntityRelationship Name="team_rbs_userrulerelationship" />
  <EntityRelationship Name="teamtemplate_Teams" unmodified="1" />
  <EntityRelationship Name="territory_system_users" />
  <EntityRelationship Name="user_parent_user" />
  <EntityRelationship Name="user_rbs_positionrulerelationship" />
  <EntityRelationship Name="user_rbs_securityrolerulerelationship" />
  <EntityRelationship Name="user_rbs_teamrulerelationship" />
  <EntityRelationship Name="user_rbs_userrulerelationship" />
</EntityRelationships>