﻿<?xml version="1.0" encoding="utf-8"?>
<ImportExportXml version="8.2.0002.2464" SolutionPackageVersion="8.2" languagecode="1033" generatedBy="CrmLive" xmlns:xsi="http://www.w3.org/2001/XMLSchema-instance">
  <SolutionManifest>
    <UniqueName>AutomatedWorklogDistribution</UniqueName>
    <LocalizedNames>
      <LocalizedName description="Automated Worklog Distribution" languagecode="1033" />
    </LocalizedNames>
    <Descriptions />
    <Version>1.0.0.0</Version>
    <Managed>0</Managed>
    <Publisher>
      <UniqueName>rbs</UniqueName>
      <LocalizedNames>
        <LocalizedName description="RBS" languagecode="1033" />
      </LocalizedNames>
      <Descriptions />
      <EMailAddress xsi:nil="true"></EMailAddress>
      <SupportingWebsiteUrl xsi:nil="true"></SupportingWebsiteUrl>
      <CustomizationPrefix>rbs</CustomizationPrefix>
      <CustomizationOptionValuePrefix>85977</CustomizationOptionValuePrefix>
      <Addresses>
        <Address>
          <AddressNumber>1</AddressNumber>
          <AddressTypeCode>1</AddressTypeCode>
          <City xsi:nil="true"></City>
          <County xsi:nil="true"></County>
          <Country xsi:nil="true"></Country>
          <Fax xsi:nil="true"></Fax>
          <FreightTermsCode xsi:nil="true"></FreightTermsCode>
          <ImportSequenceNumber xsi:nil="true"></ImportSequenceNumber>
          <Latitude xsi:nil="true"></Latitude>
          <Line1 xsi:nil="true"></Line1>
          <Line2 xsi:nil="true"></Line2>
          <Line3 xsi:nil="true"></Line3>
          <Longitude xsi:nil="true"></Longitude>
          <Name xsi:nil="true"></Name>
          <PostalCode xsi:nil="true"></PostalCode>
          <PostOfficeBox xsi:nil="true"></PostOfficeBox>
          <PrimaryContactName xsi:nil="true"></PrimaryContactName>
          <ShippingMethodCode>1</ShippingMethodCode>
          <StateOrProvince xsi:nil="true"></StateOrProvince>
          <Telephone1 xsi:nil="true"></Telephone1>
          <Telephone2 xsi:nil="true"></Telephone2>
          <Telephone3 xsi:nil="true"></Telephone3>
          <TimeZoneRuleVersionNumber xsi:nil="true"></TimeZoneRuleVersionNumber>
          <UPSZone xsi:nil="true"></UPSZone>
          <UTCOffset xsi:nil="true"></UTCOffset>
          <UTCConversionTimeZoneCode xsi:nil="true"></UTCConversionTimeZoneCode>
        </Address>
        <Address>
          <AddressNumber>2</AddressNumber>
          <AddressTypeCode>1</AddressTypeCode>
          <City xsi:nil="true"></City>
          <County xsi:nil="true"></County>
          <Country xsi:nil="true"></Country>
          <Fax xsi:nil="true"></Fax>
          <FreightTermsCode xsi:nil="true"></FreightTermsCode>
          <ImportSequenceNumber xsi:nil="true"></ImportSequenceNumber>
          <Latitude xsi:nil="true"></Latitude>
          <Line1 xsi:nil="true"></Line1>
          <Line2 xsi:nil="true"></Line2>
          <Line3 xsi:nil="true"></Line3>
          <Longitude xsi:nil="true"></Longitude>
          <Name xsi:nil="true"></Name>
          <PostalCode xsi:nil="true"></PostalCode>
          <PostOfficeBox xsi:nil="true"></PostOfficeBox>
          <PrimaryContactName xsi:nil="true"></PrimaryContactName>
          <ShippingMethodCode>1</ShippingMethodCode>
          <StateOrProvince xsi:nil="true"></StateOrProvince>
          <Telephone1 xsi:nil="true"></Telephone1>
          <Telephone2 xsi:nil="true"></Telephone2>
          <Telephone3 xsi:nil="true"></Telephone3>
          <TimeZoneRuleVersionNumber xsi:nil="true"></TimeZoneRuleVersionNumber>
          <UPSZone xsi:nil="true"></UPSZone>
          <UTCOffset xsi:nil="true"></UTCOffset>
          <UTCConversionTimeZoneCode xsi:nil="true"></UTCConversionTimeZoneCode>
        </Address>
      </Addresses>
    </Publisher>
    <RootComponents>
      <RootComponent type="1" schemaName="position" behavior="0" />
      <RootComponent type="1" schemaName="rbs_distributionauditlog" behavior="0" />
      <RootComponent type="1" schemaName="rbs_distributionrule" behavior="0" />
      <RootComponent type="1" schemaName="rbs_distributiontargetrecord" behavior="0" />
      <RootComponent type="1" schemaName="rbs_distributiontargetteam" behavior="0" />
      <RootComponent type="1" schemaName="rbs_distributiontargetuser" behavior="0" />
      <RootComponent type="1" schemaName="rbs_positionrulerelationship" behavior="0" />
      <RootComponent type="1" schemaName="rbs_securityrolerulerelationship" behavior="0" />
      <RootComponent type="1" schemaName="rbs_teamrulerelationship" behavior="0" />
      <RootComponent type="1" schemaName="rbs_userrulerelationship" behavior="0" />
      <RootComponent type="1" schemaName="role" behavior="0" />
      <RootComponent type="1" schemaName="systemuser" behavior="0" />
      <RootComponent type="1" schemaName="team" behavior="0" />
      <RootComponent type="29" id="{152669dd-92b1-e811-813e-5065f38a5a01}" behavior="0" />
      <RootComponent type="29" id="{29888a35-a0cb-41fe-aca6-c4b3834a2784}" behavior="0" />
      <RootComponent type="29" id="{474ec586-b5b1-e811-813e-5065f38a5a01}" behavior="0" />
      <RootComponent type="60" id="{00118dc1-ab52-4154-8d41-cd885a70036d}" behavior="0" />
      <RootComponent type="60" id="{071fe03f-094c-4c9d-b490-6e8f6dbfe0b7}" behavior="0" />
      <RootComponent type="60" id="{14ae399a-9bb4-4047-994a-4e21d3a78e76}" behavior="0" />
      <RootComponent type="60" id="{3a901481-9997-41b9-9d5a-2837f32cf41f}" behavior="0" />
      <RootComponent type="60" id="{54ca47ff-4ef8-4259-984c-35a1e17bcd05}" behavior="0" />
      <RootComponent type="60" id="{588753d6-d6e5-4084-ac96-830d84518def}" behavior="0" />
      <RootComponent type="60" id="{7ce7ca60-5902-4ec2-82bb-e401f7bb46c9}" behavior="0" />
      <RootComponent type="60" id="{8800b459-55cb-40b4-acda-768a6f6b95da}" behavior="0" />
      <RootComponent type="60" id="{91ea8b5e-29c9-4f05-89d0-658d57ecc34b}" behavior="0" />
      <RootComponent type="60" id="{be74f006-cbf1-4c37-bd5a-93c846571876}" behavior="0" />
      <RootComponent type="60" id="{cb6dc894-7d08-41e5-b226-17b6ebfe71b1}" behavior="0" />
      <RootComponent type="60" id="{cd95c1ab-2e7e-4115-b2b5-becb1cf46392}" behavior="0" />
      <RootComponent type="60" id="{d4f5b678-6ec5-4aaf-999f-9a297e90d2c0}" behavior="0" />
      <RootComponent type="61" schemaName="rbs_DistributionRule" behavior="0" />
      <RootComponent type="61" schemaName="rbs_securityrolerulerelationship.js" behavior="0" />
      <RootComponent type="91" schemaName="DES.Crm.Core.AWD.Workflows, Version=1.3.0.0, Culture=neutral, PublicKeyToken=602645b03ff8678b" behavior="0" />
    </RootComponents>
    <MissingDependencies>
      
    </MissingDependencies>
  </SolutionManifest>
</ImportExportXml>