﻿<?xml version="1.0" encoding="utf-8"?>
<systemform>
  <formid>{d32aeeab-0366-48a2-9fe3-c19780f11009}</formid>
  <IntroducedVersion>1.0.0.0</IntroducedVersion>
  <FormPresentation>1</FormPresentation>
  <FormActivationState>1</FormActivationState>
  <form>
    <tabs>
      <tab verticallayout="true" id="{1abbc5ca-431b-47b1-a073-2ccfc3cf7425}" IsUserDefined="1">
        <labels>
          <label description="General" languagecode="1033" />
        </labels>
        <columns>
          <column width="100%">
            <sections>
              <section showlabel="false" showbar="false" IsUserDefined="0" id="{3fe3e374-2c9e-415a-8638-ba800c8c205f}">
                <labels>
                  <label description="General" languagecode="1033" />
                </labels>
                <rows>
                  <row>
                    <cell id="{fc658106-fe12-4976-bf27-f9f1078dabb9}">
                      <labels>
                        <label description="Owner" languagecode="1033" />
                      </labels>
                      <control id="ownerid" classid="{270BD3DB-D9AF-4782-9025-509E298DEC0A}" datafieldname="ownerid" />
                    </cell>
                  </row>
                  <row>
                    <cell id="{67383bb7-0942-4cad-bcfa-08473b7519d9}" showlabel="true" locklevel="0" visible="false">
                      <labels>
                        <label description="Stategy" languagecode="1033" />
                      </labels>
                      <control id="rbsm_strategy" classid="{4273EDBD-AC1D-40d3-9FB2-095C621B552D}" datafieldname="rbsm_strategy" disabled="false" />
                    </cell>
                  </row>
                  <row>
                    <cell id="{c176e806-82a5-2ea9-6b07-d3c8cecd9a86}" showlabel="true" locklevel="0">
                      <labels>
                        <label description="Opportunity" languagecode="1033" />
                      </labels>
                      <control id="rbsm_opportunity" classid="{270BD3DB-D9AF-4782-9025-509E298DEC0A}" datafieldname="rbsm_opportunity" disabled="false" />
                    </cell>
                  </row>
                  <row>
                    <cell id="{a9cc49ab-b18b-8168-7d9c-68091a704ea9}" showlabel="true" locklevel="0">
                      <labels>
                        <label description="DES Service" languagecode="1033" />
                      </labels>
                      <control id="rbsm_desservice" classid="{3EF39988-22BB-4f0b-BBBE-64B5A3748AEE}" datafieldname="rbsm_desservice" disabled="false" />
                    </cell>
                  </row>
                  <row>
                    <cell id="{8b3d1999-db4e-68e9-2082-9300c9e3caee}" showlabel="true" locklevel="0">
                      <labels>
                        <label description="DES Resource Location" languagecode="1033" />
                      </labels>
                      <control id="rbsm_desresourcelocation" classid="{3EF39988-22BB-4f0b-BBBE-64B5A3748AEE}" datafieldname="rbsm_desresourcelocation" disabled="false" />
                    </cell>
                  </row>
                  <row>
                    <cell id="{1c922bc3-ed3b-2946-c3b5-97547164eb84}" showlabel="true" locklevel="0">
                      <labels>
                        <label description="Resourcing Channel" languagecode="1033" />
                      </labels>
                      <control id="rbsm_resourcechannel" classid="{3EF39988-22BB-4f0b-BBBE-64B5A3748AEE}" datafieldname="rbsm_resourcechannel" disabled="false" />
                    </cell>
                  </row>
                  <row>
                    <cell id="{4e589d15-6229-3976-782b-4a8dc1d1d7cb}" showlabel="true" locklevel="0">
                      <labels>
                        <label description="Description" languagecode="1033" />
                      </labels>
                      <control id="rbsm_description" classid="{E0DECE4B-6FC8-4a8f-A065-082708572369}" datafieldname="rbsm_description" disabled="false" />
                    </cell>
                  </row>
                </rows>
              </section>
            </sections>
          </column>
        </columns>
      </tab>
    </tabs>
    <Navigation>
      <NavBar></NavBar>
      <NavBarAreas>
        <NavBarArea Id="Info">
          <Titles>
            <Title LCID="1033" Text="Common" />
          </Titles>
        </NavBarArea>
        <NavBarArea Id="Sales">
          <Titles>
            <Title LCID="1033" Text="Sales" />
          </Titles>
        </NavBarArea>
        <NavBarArea Id="Service">
          <Titles>
            <Title LCID="1033" Text="Service" />
          </Titles>
        </NavBarArea>
        <NavBarArea Id="Marketing">
          <Titles>
            <Title LCID="1033" Text="Marketing" />
          </Titles>
        </NavBarArea>
        <NavBarArea Id="ProcessCenter">
          <Titles>
            <Title LCID="1033" Text="Process Sessions" />
          </Titles>
        </NavBarArea>
      </NavBarAreas>
    </Navigation>
  </form>
  <IsCustomizable>1</IsCustomizable>
  <CanBeDeleted>1</CanBeDeleted>
  <LocalizedNames>
    <LocalizedName description="Information" languagecode="1033" />
  </LocalizedNames>
  <Descriptions>
    <Description description="A form for this entity." languagecode="1033" />
  </Descriptions>
</systemform>