<?xml version="1.0" encoding="utf-8"?>
<environmentvariabledefinition
  schemaname="rhm_OracleAPIUsername">
  <defaultvalue>rhm.occ</defaultvalue>
  <displayname
    default="Oracle API Username">
    <label
      description="Oracle API Username"
      languagecode="1033" />
  </displayname>
  <introducedversion>1.0.0.27</introducedversion>
  <iscustomizable>1</iscustomizable>
  <isrequired>0</isrequired>
  <secretstore>0</secretstore>
  <type>100000000</type>
</environmentvariabledefinition>