<environmentvariabledefinition schemaname="lcc_FasterPaymentRequestInvoiceLineItemVATGroup">
  <defaultvalue>P-DOM,P-DOM NR</defaultvalue>
  <displayname default="Faster Payment Request Invoice Line Item VAT Group ">
    <label description="Faster Payment Request Invoice Line Item VAT Group " languagecode="1033" />
  </displayname>
  <introducedversion>1.0.0.88</introducedversion>
  <iscustomizable>1</iscustomizable>
  <isrequired>0</isrequired>
  <secretstore>0</secretstore>
  <type>100000000</type>
</environmentvariabledefinition>