﻿<?xml version="1.0" encoding="utf-8"?>
<savedquery unmodified="1">
  <isquickfindquery>0</isquickfindquery>
  <isprivate>0</isprivate>
  <isdefault>1</isdefault>
  <returnedtypecode>9958</returnedtypecode>
  <savedqueryid>{4a79d7d0-32e2-4cdb-b433-2731bd88102d}</savedqueryid>
  <layoutxml>
    <grid name="resultset" object="9958" jump="title" select="1" icon="1" preview="0">
      <row name="feedback" id="feedbackid">
        <cell name="title" width="300" />
        <cell name="createdon" width="125" />
      </row>
    </grid>
  </layoutxml>
  <querytype>64</querytype>
  <fetchxml>
    <fetch version="1.0" mapping="logical">
      <entity name="feedback">
        <attribute name="feedbackid" />
        <attribute name="title" />
        <attribute name="createdon" />
        <attribute name="comments" />
      </entity>
    </fetch>
  </fetchxml>
  <IntroducedVersion>8.1.0.0</IntroducedVersion>
  <LocalizedNames>
    <LocalizedName description="Feedback Lookup View" languagecode="1033" />
  </LocalizedNames>
</savedquery>