﻿<?xml version="1.0" encoding="utf-8"?>
<savedquery unmodified="1">
  <isquickfindquery>0</isquickfindquery>
  <isprivate>0</isprivate>
  <isdefault>0</isdefault>
  <returnedtypecode>9958</returnedtypecode>
  <savedqueryid>{76b049a4-600a-4082-918e-a23444ecc8cd}</savedqueryid>
  <layoutxml>
    <grid name="resultset" object="9958" jump="title" select="1" preview="1" icon="1">
      <row name="result" id="feedbackid">
        <cell name="rating" width="100" />
        <cell name="regardingobjectid" width="200" />
        <cell name="createdbycontact" width="100" />
        <cell name="createdon" width="100" />
      </row>
    </grid>
  </layoutxml>
  <querytype>0</querytype>
  <fetchxml>
    <fetch version="1.0" output-format="xml-platform" mapping="logical" distinct="false">
      <entity name="feedback">
        <attribute name="regardingobjectid" />
        <attribute name="rating" />
        <attribute name="createdon" />
        <attribute name="createdbycontact" />
        <order attribute="createdbycontact" descending="false" />
        <filter type="and">
          <condition attribute="rating" operator="not-null" />
        </filter>
        <attribute name="feedbackid" />
      </entity>
    </fetch>
  </fetchxml>
  <IntroducedVersion>8.1.0.0</IntroducedVersion>
  <LocalizedNames>
    <LocalizedName description="Ratings" languagecode="1033" />
  </LocalizedNames>
</savedquery>