﻿<?xml version="1.0" encoding="utf-8"?>
<savedquery unmodified="1">
  <isquickfindquery>0</isquickfindquery>
  <isprivate>0</isprivate>
  <isdefault>0</isdefault>
  <returnedtypecode>9958</returnedtypecode>
  <savedqueryid>{ca17b146-e2f4-4d41-8a11-3860ef26707d}</savedqueryid>
  <queryapi></queryapi>
  <layoutxml>
    <grid name="feedback" object="9958" jump="rating" select="1" icon="1" preview="1">
      <row name="feedback" id="feedbackid">
        <cell name="regardingobjectid" width="150" />
        <cell name="title" width="150" />
        <cell name="rating" width="80" />
        <cell name="comments" width="200" />
        <cell name="source" width="150" />
        <cell name="ownerid" width="150" />
        <cell name="statuscode" width="150" />
        <cell name="modifiedon" width="150" />
      </row>
    </grid>
  </layoutxml>
  <querytype>0</querytype>
  <fetchxml>
    <fetch version="1.0" output-format="xml-platform" mapping="logical" distinct="false">
      <entity name="feedback">
        <attribute name="regardingobjectid" />
        <attribute name="title" />
        <attribute name="rating" />
        <attribute name="comments" />
        <attribute name="source" />
        <attribute name="ownerid" />
        <attribute name="statuscode" />
        <attribute name="modifiedon" />
        <order attribute="modifiedon" descending="true" />
        <order attribute="rating" descending="false" />
        <filter type="and">
          <condition attribute="statecode" operator="eq" value="1" />
        </filter>
      </entity>
    </fetch>
  </fetchxml>
  <IntroducedVersion>8.1.0.0</IntroducedVersion>
  <LocalizedNames>
    <LocalizedName description="Resolved Feedback" languagecode="1033" />
  </LocalizedNames>
</savedquery>