﻿<?xml version="1.0" encoding="utf-8"?>
<savedquery unmodified="1">
  <isquickfindquery>0</isquickfindquery>
  <isprivate>0</isprivate>
  <isdefault>0</isdefault>
  <returnedtypecode>9958</returnedtypecode>
  <savedqueryid>{f957cd62-6b44-4675-99d8-052f319eb314}</savedqueryid>
  <layoutxml>
    <grid name="resultset" object="9958" jump="title" select="1" preview="1" icon="1">
      <row name="result" id="feedbackid">
        <cell name="rating" width="80" />
        <cell name="comments" width="200" />
        <cell name="source" width="150" />
        <cell name="ownerid" width="150" />
        <cell name="statuscode" width="150" />
        <cell name="modifiedon" width="150" />
      </row>
    </grid>
  </layoutxml>
  <querytype>0</querytype>
  <fetchxml>
    <fetch version="1.0" output-format="xml-platform" mapping="logical" distinct="false">
      <entity name="feedback">
        <attribute name="statuscode" />
        <attribute name="source" />
        <attribute name="rating" />
        <attribute name="ownerid" />
        <attribute name="modifiedon" />
        <attribute name="comments" />
        <order attribute="rating" descending="false" />
        <filter type="and">
          <condition attribute="comments" operator="not-null" />
          <condition attribute="statecode" operator="eq" value="0" />
        </filter>
        <attribute name="feedbackid" />
      </entity>
    </fetch>
  </fetchxml>
  <IntroducedVersion>8.1.0.0</IntroducedVersion>
  <LocalizedNames>
    <LocalizedName description="Comments" languagecode="1033" />
  </LocalizedNames>
</savedquery>