﻿<?xml version="1.0" encoding="utf-8"?>
<systemform>
  <formid>{a6f4fada-43d3-4cf9-8e4c-a4ce62b23c12}</formid>
  <IntroducedVersion>1.0.0.0</IntroducedVersion>
  <FormPresentation>1</FormPresentation>
  <FormActivationState>1</FormActivationState>
  <form maxWidth="400">
    <tabs>
      <tab id="{4387e120-40bb-47ce-8b01-7246670a79f9}" name="tab_1" showlabel="false">
        <labels>
          <label description="Tab" languagecode="1033" />
        </labels>
        <columns>
          <column width="100%">
            <sections>
              <section id="{ff7b2587-bd84-4e4a-b2a2-5617cf486035}" name="tab_1_column_1_section_1" columns="1" showlabel="false" showbar="false" IsUserDefined="0">
                <labels>
                  <label description="section" languagecode="1033" />
                </labels>
                <rows>
                  <row>
                    <cell id="{ce90ceb2-d195-b031-e094-7ccd3c617017}" showlabel="true" locklevel="0">
                      <labels>
                        <label description="Product" languagecode="1033" />
                      </labels>
                      <control id="rbsm_product" classid="{3EF39988-22BB-4f0b-BBBE-64B5A3748AEE}" datafieldname="rbsm_product" disabled="false" />
                    </cell>
                  </row>
                  <row>
                    <cell id="{debb86a4-77d9-8984-a653-768b3b51c294}" showlabel="true" locklevel="0" visible="false">
                      <labels>
                        <label description="Service Catalogue" languagecode="1033" />
                      </labels>
                      <control id="rbsm_servicecatalog" classid="{4273EDBD-AC1D-40d3-9FB2-095C621B552D}" datafieldname="rbsm_servicecatalog" disabled="false" />
                    </cell>
                  </row>
                </rows>
              </section>
            </sections>
          </column>
        </columns>
      </tab>
    </tabs>
    <DisplayConditions Order="1">
      <Role Id="{627090ff-40a3-4053-8790-584edc5be201}" />
      <Role Id="{119f245c-3cc8-4b62-b31c-d1a046ced15d}" />
    </DisplayConditions>
  </form>
  <IsCustomizable>1</IsCustomizable>
  <CanBeDeleted>1</CanBeDeleted>
  <LocalizedNames>
    <LocalizedName description="Quick View Form" languagecode="1033" />
  </LocalizedNames>
</systemform>