<?xml version="1.0" encoding="utf-8"?>
<environmentvariabledefinition
  schemaname="rhm_RheemAPIGetContractors">
  <description
    default="Rheem API URL to Get Contractors">
    <label
      description="Rheem API URL to Get Contractors"
      languagecode="1033" />
  </description>
  <displayname
    default="Rheem API - Get Contractors">
    <label
      description="Rheem API - Get Contractors"
      languagecode="1033" />
  </displayname>
  <introducedversion>1.0.0.27</introducedversion>
  <iscustomizable>1</iscustomizable>
  <isrequired>0</isrequired>
  <secretstore>0</secretstore>
  <type>100000000</type>
</environmentvariabledefinition>