﻿<?xml version="1.0" encoding="utf-8"?>
<Workflow WorkflowId="{a0aba7e9-1124-4f00-80f6-1e76925bf3f7}" Name="Archive Approved and Rejected Client Access Requests">
  <XamlFileName>/Workflows/ArchiveApprovedandRejectedClientAccessRequests-A0ABA7E9-1124-4F00-80F6-1E76925BF3F7.xaml</XamlFileName>
  <Type>1</Type>
  <Subprocess>0</Subprocess>
  <Category>0</Category>
  <Mode>0</Mode>
  <Scope>4</Scope>
  <OnDemand>0</OnDemand>
  <TriggerOnUpdateAttributeList>statecode</TriggerOnUpdateAttributeList>
  <TriggerOnCreate>0</TriggerOnCreate>
  <TriggerOnDelete>0</TriggerOnDelete>
  <AsyncAutodelete>1</AsyncAutodelete>
  <SyncWorkflowLogOnFailure>1</SyncWorkflowLogOnFailure>
  <StateCode>1</StateCode>
  <StatusCode>2</StatusCode>
  <CreateStage>40</CreateStage>
  <UpdateStage>40</UpdateStage>
  <RunAs>0</RunAs>
  <IsTransacted>1</IsTransacted>
  <IntroducedVersion>0.0.0.1</IntroducedVersion>
  <IsCustomizable>1</IsCustomizable>
  <PrimaryEntity>nwm_clientaccessrequest</PrimaryEntity>
</Workflow>