﻿<?xml version="1.0" encoding="utf-8"?>
<Workflow WorkflowId="{7a57f3e0-7ac4-43ec-85c7-44881898a78f}" Name="Call Report - Process Access Team">
  <XamlFileName>/Workflows/CallReport-ProcessAccessTeam-7A57F3E0-7AC4-43EC-85C7-44881898A78F.xaml</XamlFileName>
  <Type>1</Type>
  <Subprocess>0</Subprocess>
  <Category>0</Category>
  <Mode>1</Mode>
  <Scope>4</Scope>
  <OnDemand>0</OnDemand>
  <TriggerOnCreate>1</TriggerOnCreate>
  <TriggerOnDelete>0</TriggerOnDelete>
  <AsyncAutodelete>0</AsyncAutodelete>
  <SyncWorkflowLogOnFailure>1</SyncWorkflowLogOnFailure>
  <StateCode>1</StateCode>
  <StatusCode>2</StatusCode>
  <CreateStage>40</CreateStage>
  <RunAs>0</RunAs>
  <IsTransacted>1</IsTransacted>
  <IntroducedVersion>0.0.0.1</IntroducedVersion>
  <IsCustomizable>1</IsCustomizable>
  <PrimaryEntity>nwm_CallReport</PrimaryEntity>
</Workflow>