﻿<?xml version="1.0" encoding="utf-8"?>
<Workflow WorkflowId="{bfe6346d-0184-44ec-b580-ad037d5c7573}" Name="Call Report Remove Access Team">
  <XamlFileName>/Workflows/CallReportRemoveAccessTeam-BFE6346D-0184-44EC-B580-AD037D5C7573.xaml</XamlFileName>
  <Type>1</Type>
  <Subprocess>0</Subprocess>
  <Category>3</Category>
  <Mode>0</Mode>
  <Scope>4</Scope>
  <OnDemand>1</OnDemand>
  <TriggerOnCreate>0</TriggerOnCreate>
  <TriggerOnDelete>0</TriggerOnDelete>
  <AsyncAutodelete>0</AsyncAutodelete>
  <SyncWorkflowLogOnFailure>1</SyncWorkflowLogOnFailure>
  <StateCode>1</StateCode>
  <StatusCode>2</StatusCode>
  <CreateStage>40</CreateStage>
  <RunAs>1</RunAs>
  <SdkMessageId>{293c79f8-deed-e611-80d7-3863bb35ff48}</SdkMessageId>
  <UniqueName>CallReportRemoveAccessTeam</UniqueName>
  <IsTransacted>1</IsTransacted>
  <IntroducedVersion>0.0.0.1</IntroducedVersion>
  <IsCustomizable>1</IsCustomizable>
  <PrimaryEntity>none</PrimaryEntity>
</Workflow>