﻿<?xml version="1.0" encoding="utf-8"?>
<Workflow WorkflowId="{64138f4e-068a-4de1-8dc3-a5d71cc27526}" Name="Call Report Add Access Team">
  <XamlFileName>/Workflows/CallReportAddAccessTeam-64138F4E-068A-4DE1-8DC3-A5D71CC27526.xaml</XamlFileName>
  <Type>1</Type>
  <Subprocess>0</Subprocess>
  <Category>3</Category>
  <Mode>0</Mode>
  <Scope>4</Scope>
  <OnDemand>1</OnDemand>
  <TriggerOnCreate>0</TriggerOnCreate>
  <TriggerOnDelete>0</TriggerOnDelete>
  <AsyncAutodelete>0</AsyncAutodelete>
  <SyncWorkflowLogOnFailure>1</SyncWorkflowLogOnFailure>
  <StateCode>1</StateCode>
  <StatusCode>2</StatusCode>
  <CreateStage>40</CreateStage>
  <RunAs>1</RunAs>
  <SdkMessageId>{00a92978-4ced-e611-80d7-3863bb35ff48}</SdkMessageId>
  <UniqueName>CallReportAddAccessTeam</UniqueName>
  <IsTransacted>1</IsTransacted>
  <IntroducedVersion>0.0.0.1</IntroducedVersion>
  <IsCustomizable>1</IsCustomizable>
  <PrimaryEntity>none</PrimaryEntity>
</Workflow>