﻿<?xml version="1.0" encoding="utf-8"?>
<Workflow WorkflowId="{20eaa8c5-ebfe-49c7-8879-f156e9c2a6e7}" Name="Call Report Auto Populate Default Fields">
  <XamlFileName>/Workflows/CallReportAutoPopulateDefaultFields-20EAA8C5-EBFE-49C7-8879-F156E9C2A6E7.xaml</XamlFileName>
  <Type>1</Type>
  <Subprocess>0</Subprocess>
  <Category>0</Category>
  <Mode>1</Mode>
  <Scope>4</Scope>
  <OnDemand>0</OnDemand>
  <TriggerOnUpdateAttributeList>nwm_phonecallid,nwm_meetingid,nwm_clientid,nwm_channel</TriggerOnUpdateAttributeList>
  <TriggerOnCreate>1</TriggerOnCreate>
  <TriggerOnDelete>0</TriggerOnDelete>
  <AsyncAutodelete>0</AsyncAutodelete>
  <SyncWorkflowLogOnFailure>1</SyncWorkflowLogOnFailure>
  <StateCode>1</StateCode>
  <StatusCode>2</StatusCode>
  <CreateStage>40</CreateStage>
  <UpdateStage>40</UpdateStage>
  <RunAs>1</RunAs>
  <IsTransacted>1</IsTransacted>
  <IntroducedVersion>0.0.0.1</IntroducedVersion>
  <IsCustomizable>1</IsCustomizable>
  <PrimaryEntity>nwm_CallReport</PrimaryEntity>
</Workflow>