﻿<?xml version="1.0" encoding="utf-8"?>
<Workflow WorkflowId="{df0e042c-3e5a-487d-b751-803502c0505e}" Name="Call Report - Make Public Processing">
  <XamlFileName>/Workflows/CallReport-MakePublicProcessing-DF0E042C-3E5A-487D-B751-803502C0505E.xaml</XamlFileName>
  <Type>1</Type>
  <Subprocess>0</Subprocess>
  <Category>0</Category>
  <Mode>1</Mode>
  <Scope>4</Scope>
  <OnDemand>0</OnDemand>
  <TriggerOnUpdateAttributeList>nwm_detail,nwm_name,nwm_makepublic</TriggerOnUpdateAttributeList>
  <TriggerOnCreate>1</TriggerOnCreate>
  <TriggerOnDelete>0</TriggerOnDelete>
  <AsyncAutodelete>0</AsyncAutodelete>
  <SyncWorkflowLogOnFailure>1</SyncWorkflowLogOnFailure>
  <StateCode>1</StateCode>
  <StatusCode>2</StatusCode>
  <CreateStage>40</CreateStage>
  <UpdateStage>40</UpdateStage>
  <RunAs>0</RunAs>
  <IsTransacted>1</IsTransacted>
  <IntroducedVersion>0.0.0.1</IntroducedVersion>
  <IsCustomizable>1</IsCustomizable>
  <PrimaryEntity>nwm_CallReport</PrimaryEntity>
</Workflow>