﻿<?xml version="1.0" encoding="utf-8"?>
<Workflow WorkflowId="{bd1e7a9e-ec8a-e611-80e0-c4346bac7e3c}" Name="Channel Field Lock/Unlock" Description="Click to add description">
  <XamlFileName>/Workflows/ChannelFieldLockUnlock-BD1E7A9E-EC8A-E611-80E0-C4346BAC7E3C.xaml</XamlFileName>
  <Type>1</Type>
  <Subprocess>0</Subprocess>
  <Category>2</Category>
  <Mode>1</Mode>
  <Scope>4</Scope>
  <OnDemand>0</OnDemand>
  <TriggerOnCreate>0</TriggerOnCreate>
  <TriggerOnDelete>0</TriggerOnDelete>
  <AsyncAutodelete>0</AsyncAutodelete>
  <SyncWorkflowLogOnFailure>0</SyncWorkflowLogOnFailure>
  <StateCode>1</StateCode>
  <StatusCode>2</StatusCode>
  <RunAs>1</RunAs>
  <IsTransacted>1</IsTransacted>
  <IntroducedVersion>1.0</IntroducedVersion>
  <IsCustomizable>1</IsCustomizable>
  <PrimaryEntity>nwm_CallReport</PrimaryEntity>
  <ProcessTriggers>
    <ProcessTrigger processtriggerid="{3b81eb3f-4a0d-e711-80dc-3863bb358e18}">
      <controltype>1</controltype>
      <scope>1</scope>
      <controlname>nwm_channel</controlname>
      <event>change</event>
      <pipelinestage>0</pipelinestage>
      <iscustomizable>1</iscustomizable>
      <primaryentitytypecode>nwm_CallReport</primaryentitytypecode>
    </ProcessTrigger>
    <ProcessTrigger processtriggerid="{3c81eb3f-4a0d-e711-80dc-3863bb358e18}">
      <scope>1</scope>
      <event>load</event>
      <pipelinestage>0</pipelinestage>
      <iscustomizable>1</iscustomizable>
      <primaryentitytypecode>nwm_CallReport</primaryentitytypecode>
    </ProcessTrigger>
  </ProcessTriggers>
</Workflow>