﻿<?xml version="1.0" encoding="utf-8"?>
<Workflow WorkflowId="{f42329b8-b1bb-4e5e-b551-c53e3df19261}" Name="Client Access Request Direct Submit Update">
  <XamlFileName>/Workflows/ClientAccessRequestDirectSubmitUpdate-F42329B8-B1BB-4E5E-B551-C53E3DF19261.xaml</XamlFileName>
  <Type>1</Type>
  <Subprocess>0</Subprocess>
  <Category>0</Category>
  <Mode>1</Mode>
  <Scope>4</Scope>
  <OnDemand>0</OnDemand>
  <TriggerOnUpdateAttributeList></TriggerOnUpdateAttributeList>
  <TriggerOnCreate>1</TriggerOnCreate>
  <TriggerOnDelete>0</TriggerOnDelete>
  <AsyncAutodelete>0</AsyncAutodelete>
  <SyncWorkflowLogOnFailure>1</SyncWorkflowLogOnFailure>
  <StateCode>1</StateCode>
  <StatusCode>2</StatusCode>
  <CreateStage>40</CreateStage>
  <RunAs>0</RunAs>
  <IsTransacted>1</IsTransacted>
  <IntroducedVersion>0.0.0.1</IntroducedVersion>
  <IsCustomizable>1</IsCustomizable>
  <PrimaryEntity>nwm_clientaccessrequest</PrimaryEntity>
</Workflow>