﻿<?xml version="1.0" encoding="utf-8"?>
<Workflow WorkflowId="{d4c04c50-3620-43ca-b48a-80adfa1d3454}" Name="Contact Radar - Update Next Contact Date From Appointment">
  <XamlFileName>/Workflows/ContactRadar-UpdateNextContactDateFromAppointment-D4C04C50-3620-43CA-B48A-80ADFA1D3454.xaml</XamlFileName>
  <Type>1</Type>
  <Subprocess>0</Subprocess>
  <Category>0</Category>
  <Mode>0</Mode>
  <Scope>4</Scope>
  <OnDemand>0</OnDemand>
  <TriggerOnUpdateAttributeList>statecode,scheduledend</TriggerOnUpdateAttributeList>
  <TriggerOnCreate>1</TriggerOnCreate>
  <TriggerOnDelete>0</TriggerOnDelete>
  <AsyncAutodelete>1</AsyncAutodelete>
  <SyncWorkflowLogOnFailure>0</SyncWorkflowLogOnFailure>
  <StateCode>1</StateCode>
  <StatusCode>2</StatusCode>
  <RunAs>1</RunAs>
  <IsTransacted>1</IsTransacted>
  <IntroducedVersion>0.0.0.1</IntroducedVersion>
  <IsCustomizable>1</IsCustomizable>
  <PrimaryEntity>Appointment</PrimaryEntity>
</Workflow>