﻿<?xml version="1.0" encoding="utf-8"?>
<Workflow WorkflowId="{f85c4e27-2ab3-4e2a-94c9-8bbe1628aec7}" Name="Contact Radar - Update Next Contact Date From Phone Call">
  <XamlFileName>/Workflows/ContactRadar-UpdateNextContactDateFromPhoneCall-F85C4E27-2AB3-4E2A-94C9-8BBE1628AEC7.xaml</XamlFileName>
  <Type>1</Type>
  <Subprocess>0</Subprocess>
  <Category>0</Category>
  <Mode>0</Mode>
  <Scope>4</Scope>
  <OnDemand>0</OnDemand>
  <TriggerOnUpdateAttributeList>scheduledend,statecode</TriggerOnUpdateAttributeList>
  <TriggerOnCreate>1</TriggerOnCreate>
  <TriggerOnDelete>0</TriggerOnDelete>
  <AsyncAutodelete>1</AsyncAutodelete>
  <SyncWorkflowLogOnFailure>0</SyncWorkflowLogOnFailure>
  <StateCode>1</StateCode>
  <StatusCode>2</StatusCode>
  <RunAs>1</RunAs>
  <IsTransacted>1</IsTransacted>
  <IntroducedVersion>0.0.0.1</IntroducedVersion>
  <IsCustomizable>1</IsCustomizable>
  <PrimaryEntity>PhoneCall</PrimaryEntity>
</Workflow>