﻿<?xml version="1.0" encoding="utf-8"?>
<Workflow WorkflowId="{64ea5a7d-e89d-4a5b-9443-bb90cec60024}" Name="Contact Radar - Update Last Contact Date From Appointment">
  <XamlFileName>/Workflows/ContactRadar-UpdateLastContactDateFromAppointment-64EA5A7D-E89D-4A5B-9443-BB90CEC60024.xaml</XamlFileName>
  <Type>1</Type>
  <Subprocess>0</Subprocess>
  <Category>0</Category>
  <Mode>0</Mode>
  <Scope>4</Scope>
  <OnDemand>0</OnDemand>
  <TriggerOnUpdateAttributeList>statecode</TriggerOnUpdateAttributeList>
  <TriggerOnCreate>0</TriggerOnCreate>
  <TriggerOnDelete>0</TriggerOnDelete>
  <AsyncAutodelete>1</AsyncAutodelete>
  <SyncWorkflowLogOnFailure>0</SyncWorkflowLogOnFailure>
  <StateCode>1</StateCode>
  <StatusCode>2</StatusCode>
  <RunAs>1</RunAs>
  <IsTransacted>1</IsTransacted>
  <IntroducedVersion>0.0.0.1</IntroducedVersion>
  <IsCustomizable>1</IsCustomizable>
  <PrimaryEntity>Appointment</PrimaryEntity>
</Workflow>