﻿<?xml version="1.0" encoding="utf-8"?>
<Workflow WorkflowId="{8af7049a-4bcb-4b87-a91f-cacaecc825c8}" Name="Contact Radar - Update Last Contact Date From Phone Call">
  <XamlFileName>/Workflows/ContactRadar-UpdateLastContactDateFromPhoneCall-8AF7049A-4BCB-4B87-A91F-CACAECC825C8.xaml</XamlFileName>
  <Type>1</Type>
  <Subprocess>0</Subprocess>
  <Category>0</Category>
  <Mode>0</Mode>
  <Scope>4</Scope>
  <OnDemand>0</OnDemand>
  <TriggerOnUpdateAttributeList>statecode</TriggerOnUpdateAttributeList>
  <TriggerOnCreate>0</TriggerOnCreate>
  <TriggerOnDelete>0</TriggerOnDelete>
  <AsyncAutodelete>1</AsyncAutodelete>
  <SyncWorkflowLogOnFailure>0</SyncWorkflowLogOnFailure>
  <StateCode>1</StateCode>
  <StatusCode>2</StatusCode>
  <RunAs>1</RunAs>
  <IsTransacted>1</IsTransacted>
  <IntroducedVersion>0.0.0.1</IntroducedVersion>
  <IsCustomizable>1</IsCustomizable>
  <PrimaryEntity>PhoneCall</PrimaryEntity>
</Workflow>