﻿<?xml version="1.0" encoding="utf-8"?>
<Workflow WorkflowId="{0674c989-e16a-4770-8a99-49f5559f54ae}" Name="Contact Radar - Update Next Contact Date From Email">
  <XamlFileName>/Workflows/ContactRadar-UpdateNextContactDateFromEmail-0674C989-E16A-4770-8A99-49F5559F54AE.xaml</XamlFileName>
  <Type>1</Type>
  <Subprocess>0</Subprocess>
  <Category>0</Category>
  <Mode>0</Mode>
  <Scope>4</Scope>
  <OnDemand>0</OnDemand>
  <TriggerOnUpdateAttributeList>scheduledend,statecode</TriggerOnUpdateAttributeList>
  <TriggerOnCreate>1</TriggerOnCreate>
  <TriggerOnDelete>0</TriggerOnDelete>
  <AsyncAutodelete>1</AsyncAutodelete>
  <SyncWorkflowLogOnFailure>0</SyncWorkflowLogOnFailure>
  <StateCode>1</StateCode>
  <StatusCode>2</StatusCode>
  <RunAs>1</RunAs>
  <IsTransacted>1</IsTransacted>
  <IntroducedVersion>0.0.0.1</IntroducedVersion>
  <IsCustomizable>1</IsCustomizable>
  <PrimaryEntity>Email</PrimaryEntity>
</Workflow>