﻿<?xml version="1.0" encoding="utf-8"?>
<Workflow WorkflowId="{919567ac-7874-422c-b98e-0ce8a13472de}" Name="Contact Radar - Update Last Contact Date From Email">
  <XamlFileName>/Workflows/ContactRadar-UpdateLastContactDateFromEmail-919567AC-7874-422C-B98E-0CE8A13472DE.xaml</XamlFileName>
  <Type>1</Type>
  <Subprocess>0</Subprocess>
  <Category>0</Category>
  <Mode>0</Mode>
  <Scope>4</Scope>
  <OnDemand>0</OnDemand>
  <TriggerOnUpdateAttributeList>statecode</TriggerOnUpdateAttributeList>
  <TriggerOnCreate>0</TriggerOnCreate>
  <TriggerOnDelete>0</TriggerOnDelete>
  <AsyncAutodelete>1</AsyncAutodelete>
  <SyncWorkflowLogOnFailure>0</SyncWorkflowLogOnFailure>
  <StateCode>1</StateCode>
  <StatusCode>2</StatusCode>
  <RunAs>1</RunAs>
  <IsTransacted>1</IsTransacted>
  <IntroducedVersion>0.0.0.1</IntroducedVersion>
  <IsCustomizable>1</IsCustomizable>
  <PrimaryEntity>Email</PrimaryEntity>
</Workflow>