﻿<?xml version="1.0" encoding="utf-8"?>
<Workflow WorkflowId="{ae52b58c-24f5-e611-80d8-3863bb35ff48}" Name="Date/Time of Meeting Field Visibility and Lock/Unlock" Description="Click to add description">
  <XamlFileName>/Workflows/DateTimeofMeetingFieldVisibilityandLockUnlock-AE52B58C-24F5-E611-80D8-3863BB35FF48.xaml</XamlFileName>
  <Type>1</Type>
  <Subprocess>0</Subprocess>
  <Category>2</Category>
  <Mode>1</Mode>
  <Scope>4</Scope>
  <OnDemand>0</OnDemand>
  <TriggerOnCreate>0</TriggerOnCreate>
  <TriggerOnDelete>0</TriggerOnDelete>
  <AsyncAutodelete>0</AsyncAutodelete>
  <SyncWorkflowLogOnFailure>0</SyncWorkflowLogOnFailure>
  <StateCode>1</StateCode>
  <StatusCode>2</StatusCode>
  <RunAs>1</RunAs>
  <IsTransacted>1</IsTransacted>
  <IntroducedVersion>0.0.0.1</IntroducedVersion>
  <IsCustomizable>1</IsCustomizable>
  <BusinessProcessType>0</BusinessProcessType>
  <PrimaryEntity>nwm_CallReport</PrimaryEntity>
  <ProcessTriggers>
    <ProcessTrigger processtriggerid="{e89a2135-4c0d-e711-80dc-3863bb358e18}">
      <controltype>1</controltype>
      <scope>1</scope>
      <controlname>createdon</controlname>
      <event>change</event>
      <pipelinestage>0</pipelinestage>
      <iscustomizable>1</iscustomizable>
      <primaryentitytypecode>nwm_CallReport</primaryentitytypecode>
    </ProcessTrigger>
    <ProcessTrigger processtriggerid="{e99a2135-4c0d-e711-80dc-3863bb358e18}">
      <scope>1</scope>
      <event>load</event>
      <pipelinestage>0</pipelinestage>
      <iscustomizable>1</iscustomizable>
      <primaryentitytypecode>nwm_CallReport</primaryentitytypecode>
    </ProcessTrigger>
    <ProcessTrigger processtriggerid="{ea9a2135-4c0d-e711-80dc-3863bb358e18}">
      <controltype>1</controltype>
      <scope>1</scope>
      <controlname>nwm_iscopy</controlname>
      <event>change</event>
      <pipelinestage>0</pipelinestage>
      <iscustomizable>1</iscustomizable>
      <primaryentitytypecode>nwm_CallReport</primaryentitytypecode>
    </ProcessTrigger>
    <ProcessTrigger processtriggerid="{eb9a2135-4c0d-e711-80dc-3863bb358e18}">
      <scope>1</scope>
      <event>load</event>
      <pipelinestage>0</pipelinestage>
      <iscustomizable>1</iscustomizable>
      <primaryentitytypecode>nwm_CallReport</primaryentitytypecode>
    </ProcessTrigger>
  </ProcessTriggers>
</Workflow>