﻿<?xml version="1.0" encoding="utf-8"?>
<Workflow WorkflowId="{934dd0c5-ade3-e611-80d5-3863bb358e18}" Name="Disabled Core Fields after Submit" Description="Click to add description">
  <XamlFileName>/Workflows/DisabledCoreFieldsafterSubmit-934DD0C5-ADE3-E611-80D5-3863BB358E18.xaml</XamlFileName>
  <Type>1</Type>
  <Subprocess>0</Subprocess>
  <Category>2</Category>
  <Mode>1</Mode>
  <Scope>4</Scope>
  <OnDemand>0</OnDemand>
  <TriggerOnCreate>0</TriggerOnCreate>
  <TriggerOnDelete>0</TriggerOnDelete>
  <AsyncAutodelete>0</AsyncAutodelete>
  <SyncWorkflowLogOnFailure>0</SyncWorkflowLogOnFailure>
  <StateCode>1</StateCode>
  <StatusCode>2</StatusCode>
  <RunAs>1</RunAs>
  <IsTransacted>1</IsTransacted>
  <IntroducedVersion>0.0.0.1</IntroducedVersion>
  <IsCustomizable>1</IsCustomizable>
  <BusinessProcessType>0</BusinessProcessType>
  <PrimaryEntity>nwm_clientaccessrequest</PrimaryEntity>
  <ProcessTriggers>
    <ProcessTrigger processtriggerid="{393fefa2-afe3-e611-80da-3863bb34cdb0}">
      <controltype>1</controltype>
      <scope>1</scope>
      <controlname>statuscode</controlname>
      <event>change</event>
      <pipelinestage>0</pipelinestage>
      <iscustomizable>1</iscustomizable>
      <primaryentitytypecode>nwm_clientaccessrequest</primaryentitytypecode>
    </ProcessTrigger>
    <ProcessTrigger processtriggerid="{3a3fefa2-afe3-e611-80da-3863bb34cdb0}">
      <scope>1</scope>
      <event>load</event>
      <pipelinestage>0</pipelinestage>
      <iscustomizable>1</iscustomizable>
      <primaryentitytypecode>nwm_clientaccessrequest</primaryentitytypecode>
    </ProcessTrigger>
  </ProcessTriggers>
</Workflow>