﻿<?xml version="1.0" encoding="utf-8"?>
<Workflow WorkflowId="{539d49b2-e77e-e611-80d8-c4346bac2ebc}" Name="Meeting &amp; Phone Call Visibility By Channel Field" Description="Click to add description">
  <XamlFileName>/Workflows/MeetingPhoneCallVisibilityByChannelField-539D49B2-E77E-E611-80D8-C4346BAC2EBC.xaml</XamlFileName>
  <Type>1</Type>
  <Subprocess>0</Subprocess>
  <Category>2</Category>
  <Mode>1</Mode>
  <Scope>4</Scope>
  <OnDemand>0</OnDemand>
  <TriggerOnCreate>0</TriggerOnCreate>
  <TriggerOnDelete>0</TriggerOnDelete>
  <AsyncAutodelete>0</AsyncAutodelete>
  <SyncWorkflowLogOnFailure>0</SyncWorkflowLogOnFailure>
  <StateCode>1</StateCode>
  <StatusCode>2</StatusCode>
  <RunAs>1</RunAs>
  <IsTransacted>1</IsTransacted>
  <IntroducedVersion>1.0</IntroducedVersion>
  <IsCustomizable>1</IsCustomizable>
  <PrimaryEntity>nwm_CallReport</PrimaryEntity>
  <ProcessTriggers>
    <ProcessTrigger processtriggerid="{773f3d02-4e0d-e711-80dc-3863bb358e18}">
      <controltype>1</controltype>
      <scope>1</scope>
      <controlname>nwm_channel</controlname>
      <event>change</event>
      <pipelinestage>0</pipelinestage>
      <iscustomizable>1</iscustomizable>
      <primaryentitytypecode>nwm_CallReport</primaryentitytypecode>
    </ProcessTrigger>
    <ProcessTrigger processtriggerid="{783f3d02-4e0d-e711-80dc-3863bb358e18}">
      <scope>1</scope>
      <event>load</event>
      <pipelinestage>0</pipelinestage>
      <iscustomizable>1</iscustomizable>
      <primaryentitytypecode>nwm_CallReport</primaryentitytypecode>
    </ProcessTrigger>
    <ProcessTrigger processtriggerid="{793f3d02-4e0d-e711-80dc-3863bb358e18}">
      <controltype>1</controltype>
      <scope>1</scope>
      <controlname>nwm_iscopy</controlname>
      <event>change</event>
      <pipelinestage>0</pipelinestage>
      <iscustomizable>1</iscustomizable>
      <primaryentitytypecode>nwm_CallReport</primaryentitytypecode>
    </ProcessTrigger>
    <ProcessTrigger processtriggerid="{7a3f3d02-4e0d-e711-80dc-3863bb358e18}">
      <scope>1</scope>
      <event>load</event>
      <pipelinestage>0</pipelinestage>
      <iscustomizable>1</iscustomizable>
      <primaryentitytypecode>nwm_CallReport</primaryentitytypecode>
    </ProcessTrigger>
    <ProcessTrigger processtriggerid="{7b3f3d02-4e0d-e711-80dc-3863bb358e18}">
      <controltype>1</controltype>
      <scope>1</scope>
      <controlname>nwm_channel</controlname>
      <event>change</event>
      <pipelinestage>0</pipelinestage>
      <iscustomizable>1</iscustomizable>
      <primaryentitytypecode>nwm_CallReport</primaryentitytypecode>
    </ProcessTrigger>
    <ProcessTrigger processtriggerid="{7c3f3d02-4e0d-e711-80dc-3863bb358e18}">
      <scope>1</scope>
      <event>load</event>
      <pipelinestage>0</pipelinestage>
      <iscustomizable>1</iscustomizable>
      <primaryentitytypecode>nwm_CallReport</primaryentitytypecode>
    </ProcessTrigger>
    <ProcessTrigger processtriggerid="{7d3f3d02-4e0d-e711-80dc-3863bb358e18}">
      <controltype>1</controltype>
      <scope>1</scope>
      <controlname>nwm_iscopy</controlname>
      <event>change</event>
      <pipelinestage>0</pipelinestage>
      <iscustomizable>1</iscustomizable>
      <primaryentitytypecode>nwm_CallReport</primaryentitytypecode>
    </ProcessTrigger>
    <ProcessTrigger processtriggerid="{7e3f3d02-4e0d-e711-80dc-3863bb358e18}">
      <scope>1</scope>
      <event>load</event>
      <pipelinestage>0</pipelinestage>
      <iscustomizable>1</iscustomizable>
      <primaryentitytypecode>nwm_CallReport</primaryentitytypecode>
    </ProcessTrigger>
  </ProcessTriggers>
</Workflow>