﻿<?xml version="1.0" encoding="utf-8"?>
<Workflow WorkflowId="{e46db19b-add7-4742-a249-552806276b67}" Name="Process Multi Client Access Request">
  <XamlFileName>/Workflows/ProcessMultiClientAccessRequest-E46DB19B-ADD7-4742-A249-552806276B67.xaml</XamlFileName>
  <Type>1</Type>
  <Subprocess>0</Subprocess>
  <Category>3</Category>
  <Mode>0</Mode>
  <Scope>4</Scope>
  <OnDemand>1</OnDemand>
  <TriggerOnCreate>0</TriggerOnCreate>
  <TriggerOnDelete>0</TriggerOnDelete>
  <AsyncAutodelete>0</AsyncAutodelete>
  <SyncWorkflowLogOnFailure>1</SyncWorkflowLogOnFailure>
  <StateCode>1</StateCode>
  <StatusCode>2</StatusCode>
  <CreateStage>40</CreateStage>
  <RunAs>1</RunAs>
  <SdkMessageId>{371c0f1a-38ea-e611-80d6-3863bb35ff48}</SdkMessageId>
  <UniqueName>ProcessMultiClientAccessRequest</UniqueName>
  <IsTransacted>1</IsTransacted>
  <IntroducedVersion>0.0.0.1</IntroducedVersion>
  <IsCustomizable>1</IsCustomizable>
  <PrimaryEntity>none</PrimaryEntity>
</Workflow>