﻿<?xml version="1.0" encoding="utf-8"?>
<Workflow WorkflowId="{1d0d5b79-cdc4-423d-adda-0cb98ae4fb47}" Name="Process Client Access Request">
  <XamlFileName>/Workflows/ProcessClientAccessRequest-1D0D5B79-CDC4-423D-ADDA-0CB98AE4FB47.xaml</XamlFileName>
  <Type>1</Type>
  <Subprocess>0</Subprocess>
  <Category>3</Category>
  <Mode>0</Mode>
  <Scope>4</Scope>
  <OnDemand>1</OnDemand>
  <TriggerOnCreate>0</TriggerOnCreate>
  <TriggerOnDelete>0</TriggerOnDelete>
  <AsyncAutodelete>0</AsyncAutodelete>
  <SyncWorkflowLogOnFailure>1</SyncWorkflowLogOnFailure>
  <StateCode>1</StateCode>
  <StatusCode>2</StatusCode>
  <CreateStage>40</CreateStage>
  <RunAs>1</RunAs>
  <SdkMessageId>{c9e73f36-20e2-e611-80d5-3863bb35ff48}</SdkMessageId>
  <UniqueName>ProcessClientAccessRequest</UniqueName>
  <IsTransacted>1</IsTransacted>
  <IntroducedVersion>0.0.0.1</IntroducedVersion>
  <IsCustomizable>1</IsCustomizable>
  <PrimaryEntity>nwm_clientaccessrequest</PrimaryEntity>
</Workflow>