﻿<?xml version="1.0" encoding="utf-8"?>
<Workflow WorkflowId="{e0e06387-feb9-4f54-944b-41b383ffe735}" Name="Process Client Access Team">
  <XamlFileName>/Workflows/ProcessClientAccessTeam-E0E06387-FEB9-4F54-944B-41B383FFE735.xaml</XamlFileName>
  <Type>1</Type>
  <Subprocess>0</Subprocess>
  <Category>0</Category>
  <Mode>0</Mode>
  <Scope>4</Scope>
  <OnDemand>1</OnDemand>
  <TriggerOnUpdateAttributeList>statecode</TriggerOnUpdateAttributeList>
  <TriggerOnCreate>0</TriggerOnCreate>
  <TriggerOnDelete>0</TriggerOnDelete>
  <AsyncAutodelete>1</AsyncAutodelete>
  <SyncWorkflowLogOnFailure>0</SyncWorkflowLogOnFailure>
  <StateCode>1</StateCode>
  <StatusCode>2</StatusCode>
  <RunAs>1</RunAs>
  <IsTransacted>1</IsTransacted>
  <IntroducedVersion>0.0.0.1</IntroducedVersion>
  <IsCustomizable>1</IsCustomizable>
  <PrimaryEntity>nwm_clientaccessrequest</PrimaryEntity>
</Workflow>