﻿<?xml version="1.0" encoding="utf-8"?>
<Workflow WorkflowId="{9afd2c08-547e-e611-80d8-c4346bac2ebc}" Name="Set Classification for Public Call Report" Description="Click to add description">
  <XamlFileName>/Workflows/SetClassificationforPublicCallReport-9AFD2C08-547E-E611-80D8-C4346BAC2EBC.xaml</XamlFileName>
  <Type>1</Type>
  <Subprocess>0</Subprocess>
  <Category>2</Category>
  <Mode>1</Mode>
  <Scope>4</Scope>
  <OnDemand>0</OnDemand>
  <TriggerOnCreate>0</TriggerOnCreate>
  <TriggerOnDelete>0</TriggerOnDelete>
  <AsyncAutodelete>0</AsyncAutodelete>
  <SyncWorkflowLogOnFailure>0</SyncWorkflowLogOnFailure>
  <StateCode>1</StateCode>
  <StatusCode>2</StatusCode>
  <RunAs>1</RunAs>
  <IsTransacted>1</IsTransacted>
  <IntroducedVersion>1.0</IntroducedVersion>
  <IsCustomizable>1</IsCustomizable>
  <PrimaryEntity>nwm_CallReport</PrimaryEntity>
  <ProcessTriggers>
    <ProcessTrigger processtriggerid="{d1bacfb5-dd03-e711-80df-3863bb34cdb0}">
      <controltype>1</controltype>
      <formid>{b55ee404-bc89-4b2f-9e4f-bec24b87cc1a}</formid>
      <scope>1</scope>
      <controlname>nwm_classification</controlname>
      <event>change</event>
      <pipelinestage>0</pipelinestage>
      <iscustomizable>1</iscustomizable>
      <primaryentitytypecode>nwm_CallReport</primaryentitytypecode>
    </ProcessTrigger>
    <ProcessTrigger processtriggerid="{d2bacfb5-dd03-e711-80df-3863bb34cdb0}">
      <formid>{b55ee404-bc89-4b2f-9e4f-bec24b87cc1a}</formid>
      <scope>1</scope>
      <event>load</event>
      <pipelinestage>0</pipelinestage>
      <iscustomizable>1</iscustomizable>
      <primaryentitytypecode>nwm_CallReport</primaryentitytypecode>
    </ProcessTrigger>
  </ProcessTriggers>
</Workflow>