﻿<?xml version="1.0" encoding="utf-8"?>
<Workflow WorkflowId="{e095fde1-b6f2-e611-80d8-1458d0431600}" Name="Set Classification for Private Call Report" Description="Click to add description">
  <XamlFileName>/Workflows/SetClassificationforPrivateCallReport-E095FDE1-B6F2-E611-80D8-1458D0431600.xaml</XamlFileName>
  <Type>1</Type>
  <Subprocess>0</Subprocess>
  <Category>2</Category>
  <Mode>1</Mode>
  <Scope>4</Scope>
  <OnDemand>0</OnDemand>
  <TriggerOnCreate>0</TriggerOnCreate>
  <TriggerOnDelete>0</TriggerOnDelete>
  <AsyncAutodelete>0</AsyncAutodelete>
  <SyncWorkflowLogOnFailure>0</SyncWorkflowLogOnFailure>
  <StateCode>1</StateCode>
  <StatusCode>2</StatusCode>
  <RunAs>1</RunAs>
  <IsTransacted>1</IsTransacted>
  <IntroducedVersion>0.0.0.1</IntroducedVersion>
  <IsCustomizable>1</IsCustomizable>
  <BusinessProcessType>0</BusinessProcessType>
  <PrimaryEntity>nwm_CallReport</PrimaryEntity>
  <ProcessTriggers>
    <ProcessTrigger processtriggerid="{1e33dca7-dd03-e711-80df-3863bb34cdb0}">
      <controltype>1</controltype>
      <formid>{eb609563-f9a5-43a6-8036-577133d752a1}</formid>
      <scope>1</scope>
      <controlname>nwm_classification</controlname>
      <event>change</event>
      <pipelinestage>0</pipelinestage>
      <iscustomizable>1</iscustomizable>
      <primaryentitytypecode>nwm_CallReport</primaryentitytypecode>
    </ProcessTrigger>
    <ProcessTrigger processtriggerid="{1f33dca7-dd03-e711-80df-3863bb34cdb0}">
      <formid>{eb609563-f9a5-43a6-8036-577133d752a1}</formid>
      <scope>1</scope>
      <event>load</event>
      <pipelinestage>0</pipelinestage>
      <iscustomizable>1</iscustomizable>
      <primaryentitytypecode>nwm_CallReport</primaryentitytypecode>
    </ProcessTrigger>
  </ProcessTriggers>
</Workflow>