﻿<?xml version="1.0" encoding="utf-8"?>
<Workflow WorkflowId="{af92e80a-2d03-e711-80da-3863bb35ff48}" Name="Toggle Public Notes Lock" Description="Toggle Public Notes Lock">
  <XamlFileName>/Workflows/TogglePublicNotesLock-AF92E80A-2D03-E711-80DA-3863BB35FF48.xaml</XamlFileName>
  <Type>1</Type>
  <Subprocess>0</Subprocess>
  <Category>2</Category>
  <Mode>1</Mode>
  <Scope>4</Scope>
  <OnDemand>0</OnDemand>
  <TriggerOnCreate>0</TriggerOnCreate>
  <TriggerOnDelete>0</TriggerOnDelete>
  <AsyncAutodelete>0</AsyncAutodelete>
  <SyncWorkflowLogOnFailure>0</SyncWorkflowLogOnFailure>
  <StateCode>1</StateCode>
  <StatusCode>2</StatusCode>
  <RunAs>1</RunAs>
  <IsTransacted>1</IsTransacted>
  <IntroducedVersion>0.0.0.1</IntroducedVersion>
  <IsCustomizable>1</IsCustomizable>
  <BusinessProcessType>0</BusinessProcessType>
  <PrimaryEntity>nwm_CallReport</PrimaryEntity>
  <ProcessTriggers>
    <ProcessTrigger processtriggerid="{b923eb75-4d0d-e711-80dc-3863bb358e18}">
      <controltype>1</controltype>
      <formid>{eb609563-f9a5-43a6-8036-577133d752a1}</formid>
      <scope>1</scope>
      <controlname>nwm_makepublic</controlname>
      <event>change</event>
      <pipelinestage>0</pipelinestage>
      <iscustomizable>1</iscustomizable>
      <primaryentitytypecode>nwm_CallReport</primaryentitytypecode>
    </ProcessTrigger>
    <ProcessTrigger processtriggerid="{ba23eb75-4d0d-e711-80dc-3863bb358e18}">
      <formid>{eb609563-f9a5-43a6-8036-577133d752a1}</formid>
      <scope>1</scope>
      <event>load</event>
      <pipelinestage>0</pipelinestage>
      <iscustomizable>1</iscustomizable>
      <primaryentitytypecode>nwm_CallReport</primaryentitytypecode>
    </ProcessTrigger>
  </ProcessTriggers>
</Workflow>