﻿<?xml version="1.0" encoding="utf-8"?>
<PluginAssembly FullName="Rbs.Crm.FOS.Plugins, Version=1.0.0.0, Culture=neutral, PublicKeyToken=f5de6214cb69f0d8" CustomizationLevel="1">
  <IsolationMode>2</IsolationMode>
  <SourceType>0</SourceType>
  <IntroducedVersion>0.0.0.1</IntroducedVersion>
  <FileName>/PluginAssemblies/RbsCrmFOSPlugins-D6727EBF-CACE-487D-B03F-B4C526DCF6CB/RbsCrmFOSPlugins.dll</FileName>
  <PluginTypes>
    <PluginType AssemblyQualifiedName="Rbs.Crm.FOS.Plugins.PostCreate_nwm_CallReportAccessUser, Rbs.Crm.FOS.Plugins, Version=1.0.0.0, Culture=neutral, PublicKeyToken=f5de6214cb69f0d8" Name="Rbs.Crm.FOS.Plugins.PostCreate_nwm_CallReportAccessUser">
      <FriendlyName>8705b579-8cb6-4246-9abd-ca9e7e2fad0c</FriendlyName>
    </PluginType>
    <PluginType AssemblyQualifiedName="Rbs.Crm.FOS.Plugins.PostOperationAddAccessTeam, Rbs.Crm.FOS.Plugins, Version=1.0.0.0, Culture=neutral, PublicKeyToken=f5de6214cb69f0d8" Name="Rbs.Crm.FOS.Plugins.PostOperationAddAccessTeam">
      <FriendlyName>d82d5e7b-e81f-4f38-a968-4f3fa59c7be7</FriendlyName>
    </PluginType>
    <PluginType AssemblyQualifiedName="Rbs.Crm.FOS.Plugins.PostOperationnwm_CallReportAccessUserDelete, Rbs.Crm.FOS.Plugins, Version=1.0.0.0, Culture=neutral, PublicKeyToken=f5de6214cb69f0d8" Name="Rbs.Crm.FOS.Plugins.PostOperationnwm_CallReportAccessUserDelete">
      <FriendlyName>e6b4c058-fd97-4a23-88fe-398699355a11</FriendlyName>
    </PluginType>
    <PluginType AssemblyQualifiedName="Rbs.Crm.FOS.Plugins.PostOperationRemoveAccessTeam, Rbs.Crm.FOS.Plugins, Version=1.0.0.0, Culture=neutral, PublicKeyToken=f5de6214cb69f0d8" Name="Rbs.Crm.FOS.Plugins.PostOperationRemoveAccessTeam">
      <FriendlyName>c5bc3aea-22fc-4d40-8797-5c388a81c9cd</FriendlyName>
    </PluginType>
    <PluginType AssemblyQualifiedName="Rbs.Crm.FOS.Plugins.PreCreateValidation_nwm_CallReportAccessUser, Rbs.Crm.FOS.Plugins, Version=1.0.0.0, Culture=neutral, PublicKeyToken=f5de6214cb69f0d8" Name="Rbs.Crm.FOS.Plugins.PreCreateValidation_nwm_CallReportAccessUser">
      <FriendlyName>a30b5960-d334-46d3-9645-599b05c7acb1</FriendlyName>
    </PluginType>
    <PluginType AssemblyQualifiedName="Rbs.Crm.FOS.Plugins.PreOperationnwm_CallReportAccessUserDelete, Rbs.Crm.FOS.Plugins, Version=1.0.0.0, Culture=neutral, PublicKeyToken=f5de6214cb69f0d8" Name="Rbs.Crm.FOS.Plugins.PreOperationnwm_CallReportAccessUserDelete">
      <FriendlyName>26b97308-55e2-4994-b822-a337c45721ea</FriendlyName>
    </PluginType>
  </PluginTypes>
</PluginAssembly>