﻿<?xml version="1.0" encoding="utf-8"?>
<Entity>
  <Name LocalizedName="Phone Call" OriginalName="Phone Call">PhoneCall</Name>
  <ObjectTypeCode>4210</ObjectTypeCode>
  <EntityInfo>
    <entity Name="PhoneCall">
      <LocalizedNames>
        <LocalizedName description="Phone Call" languagecode="1033" />
      </LocalizedNames>
      <LocalizedCollectionNames>
        <LocalizedCollectionName description="Phone Calls" languagecode="1033" />
      </LocalizedCollectionNames>
      <Descriptions>
        <Description description="Activity to track a telephone call." languagecode="1033" />
      </Descriptions>
      <attributes />
      <EntitySetName>phonecalls</EntitySetName>
      <IsDuplicateCheckSupported>1</IsDuplicateCheckSupported>
      <IsBusinessProcessEnabled>1</IsBusinessProcessEnabled>
      <IsRequiredOffline>0</IsRequiredOffline>
      <IsInteractionCentricEnabled>1</IsInteractionCentricEnabled>
      <IsCollaboration>1</IsCollaboration>
      <AutoRouteToOwnerQueue>0</AutoRouteToOwnerQueue>
      <IsConnectionsEnabled>1</IsConnectionsEnabled>
      <EntityColor></EntityColor>
      <IsDocumentManagementEnabled>0</IsDocumentManagementEnabled>
      <IsOneNoteIntegrationEnabled>0</IsOneNoteIntegrationEnabled>
      <IsKnowledgeManagementEnabled>0</IsKnowledgeManagementEnabled>
      <IsSLAEnabled>0</IsSLAEnabled>
      <IsDocumentRecommendationsEnabled>0</IsDocumentRecommendationsEnabled>
      <IsBPFEntity>0</IsBPFEntity>
      <OwnershipTypeMask>UserOwned</OwnershipTypeMask>
      <IsAuditEnabled>1</IsAuditEnabled>
      <IsActivity>1</IsActivity>
      <ActivityTypeMask>CommunicationActivity</ActivityTypeMask>
      <IsActivityParty>0</IsActivityParty>
      <IsReplicated>1</IsReplicated>
      <IsReplicationUserFiltered>1</IsReplicationUserFiltered>
      <IsMailMergeEnabled>0</IsMailMergeEnabled>
      <IsVisibleInMobile>1</IsVisibleInMobile>
      <IsVisibleInMobileClient>1</IsVisibleInMobileClient>
      <IsReadOnlyInMobileClient>0</IsReadOnlyInMobileClient>
      <IsOfflineInMobileClient>0</IsOfflineInMobileClient>
      <DaysSinceRecordLastModified>0</DaysSinceRecordLastModified>
      <MobileOfflineFilters></MobileOfflineFilters>
      <IsMapiGridEnabled>1</IsMapiGridEnabled>
      <IsReadingPaneEnabled>1</IsReadingPaneEnabled>
      <IsQuickCreateEnabled>0</IsQuickCreateEnabled>
      <SyncToExternalSearchIndex>1</SyncToExternalSearchIndex>
      <IntroducedVersion>5.0.0.0</IntroducedVersion>
      <EnforceStateTransitions>0</EnforceStateTransitions>
      <EntityHelpUrlEnabled>0</EntityHelpUrlEnabled>
      <EntityHelpUrl></EntityHelpUrl>
      <ChangeTrackingEnabled>1</ChangeTrackingEnabled>
      <IsEnabledForExternalChannels>0</IsEnabledForExternalChannels>
      <HasRelatedNotes>True</HasRelatedNotes>
    </entity>
  </EntityInfo>
  <FormXml />
  <RibbonDiffXml />
</Entity>