<?xml version="1.0" encoding="utf-8"?>
<PluginAssembly
  FullName="Rheem.Plugins, Version=1.0.0.0, Culture=neutral, PublicKeyToken=ee92225ac3c71f44"
  PluginAssemblyId="f1d073e0-d412-4097-b188-067d53e27fca"
  CustomizationLevel="1" xmlns:xsi="http://www.w3.org/2001/XMLSchema-instance">
  <IsolationMode>2</IsolationMode>
  <SourceType>0</SourceType>
  <IntroducedVersion>1.0</IntroducedVersion>
  <FileName>/PluginAssemblies/RheemPlugins-F1D073E0-D412-4097-B188-067D53E27FCA/RheemPlugins.dll</FileName>
  <PluginTypes>
    <PluginType
      AssemblyQualifiedName="Rheem.Plugins.AccountToAccountTypePlugin, Rheem.Plugins, Version=1.0.0.0, Culture=neutral, PublicKeyToken=ee92225ac3c71f44"
      PluginTypeId="dd8fc6f7-3d6f-40e0-b44d-672f333355f9"
      Name="Rheem.Plugins.AccountToAccountTypePlugin">
      <FriendlyName>315fe5e8-4b5d-49ec-8a62-e692fbbe99ce</FriendlyName>
    </PluginType>
    <PluginType
      AssemblyQualifiedName="Rheem.Plugins.AddressPreValidationPlugin, Rheem.Plugins, Version=1.0.0.0, Culture=neutral, PublicKeyToken=ee92225ac3c71f44"
      PluginTypeId="9d002ec6-918f-47ed-8250-a5071eeeb14d"
      Name="Rheem.Plugins.AddressPreValidationPlugin">
      <FriendlyName>c0ffbd5d-d65e-42a2-a79d-35969cae0b0f</FriendlyName>
    </PluginType>
    <PluginType
      AssemblyQualifiedName="Rheem.Plugins.CommonAction, Rheem.Plugins, Version=1.0.0.0, Culture=neutral, PublicKeyToken=ee92225ac3c71f44"
      PluginTypeId="b348f650-7743-4d21-8516-67773691b73d"
      Name="Rheem.Plugins.CommonAction">
      <FriendlyName>5fd6d71c-a33f-42ec-a4d5-8af0cf7b064e</FriendlyName>
    </PluginType>
    <PluginType
      AssemblyQualifiedName="Rheem.Plugins.FetchPartsListAction, Rheem.Plugins, Version=1.0.0.0, Culture=neutral, PublicKeyToken=ee92225ac3c71f44"
      PluginTypeId="6d836763-8d99-4e6f-89fa-e7424496608e"
      Name="Rheem.Plugins.FetchPartsListAction">
      <FriendlyName>ad98d6e7-1b1e-4982-a28a-7c3fd9b92414</FriendlyName>
    </PluginType>
    <PluginType
      AssemblyQualifiedName="Rheem.Plugins.FetchSalesOrderAction, Rheem.Plugins, Version=1.0.0.0, Culture=neutral, PublicKeyToken=ee92225ac3c71f44"
      PluginTypeId="bb322e29-1373-475b-b61b-d1082d029f3c"
      Name="Rheem.Plugins.FetchSalesOrderAction">
      <FriendlyName>89c4dda6-49eb-40c9-8e31-5513a25bfb2f</FriendlyName>
    </PluginType>
    <PluginType
      AssemblyQualifiedName="Rheem.Plugins.GoogleAddressValidationAction, Rheem.Plugins, Version=1.0.0.0, Culture=neutral, PublicKeyToken=ee92225ac3c71f44"
      PluginTypeId="30f39860-ad96-494f-82dd-37b5fad169d3"
      Name="Rheem.Plugins.GoogleAddressValidationAction">
      <FriendlyName>5977d79c-42e1-422a-87bd-8dfe0e2781c4</FriendlyName>
    </PluginType>
    <PluginType
      AssemblyQualifiedName="Rheem.Plugins.PartOrder, Rheem.Plugins, Version=1.0.0.0, Culture=neutral, PublicKeyToken=ee92225ac3c71f44"
      PluginTypeId="52c6e978-a036-40cd-bad5-1e0019856c02"
      Name="Rheem.Plugins.PartOrder">
      <FriendlyName>40d98f9f-7140-4a53-8adb-6c9b2af681f6</FriendlyName>
    </PluginType>
    <PluginType
      AssemblyQualifiedName="Rheem.Plugins.ProductSerialNumber, Rheem.Plugins, Version=1.0.0.0, Culture=neutral, PublicKeyToken=ee92225ac3c71f44"
      PluginTypeId="243c9737-87b8-4e28-9f37-c72e6c47c963"
      Name="Rheem.Plugins.ProductSerialNumber">
      <FriendlyName>39980465-aad9-41a8-b05d-44e6b82b2994</FriendlyName>
    </PluginType>
  </PluginTypes>
</PluginAssembly>