﻿<?xml version="1.0" encoding="utf-8"?>
<savedquery>
  <IsCustomizable>1</IsCustomizable>
  <CanBeDeleted>0</CanBeDeleted>
  <isquickfindquery>0</isquickfindquery>
  <isprivate>0</isprivate>
  <isdefault>1</isdefault>
  <returnedtypecode>10011</returnedtypecode>
  <savedqueryid>{2b616496-1e34-4ae1-a5da-3b259a69a952}</savedqueryid>
  <layoutxml>
    <grid name="resultset" object="10011" jump="rbsm_businessbenefit" select="1" icon="1" preview="1">
      <row name="result" id="rbsm_businessbenefitid">
        <cell name="rbsm_businessbenefit" width="300" />
        <cell name="createdon" width="125" />
      </row>
    </grid>
  </layoutxml>
  <querytype>1</querytype>
  <fetchxml>
    <fetch version="1.0" mapping="logical">
      <entity name="rbsm_businessbenefit">
        <attribute name="rbsm_businessbenefitid" />
        <attribute name="rbsm_businessbenefit" />
        <attribute name="createdon" />
        <order attribute="rbsm_businessbenefit" descending="false" />
      </entity>
    </fetch>
  </fetchxml>
  <IntroducedVersion>1.0.0.0</IntroducedVersion>
  <LocalizedNames>
    <LocalizedName description="Business Benefit Advanced Find View" languagecode="1033" />
  </LocalizedNames>
</savedquery>