﻿<?xml version="1.0" encoding="utf-8"?>
<savedquery>
  <IsCustomizable>1</IsCustomizable>
  <CanBeDeleted>0</CanBeDeleted>
  <isquickfindquery>0</isquickfindquery>
  <isprivate>0</isprivate>
  <isdefault>0</isdefault>
  <returnedtypecode>10011</returnedtypecode>
  <savedqueryid>{735e7f5a-0fc8-439a-9169-e431a7562fb4}</savedqueryid>
  <layoutxml>
    <grid name="resultset" object="10011" jump="rbsm_businessbenefit" select="1" icon="1" preview="1">
      <row name="result" id="rbsm_businessbenefitid">
        <cell name="rbsm_businessbenefitlist" width="300" />
        <cell name="rbsm_description" width="300" disableSorting="1" />
      </row>
    </grid>
  </layoutxml>
  <querytype>0</querytype>
  <fetchxml>
    <fetch version="1.0" mapping="logical">
      <entity name="rbsm_businessbenefit">
        <order attribute="rbsm_businessbenefitlist" descending="false" />
        <filter type="and">
          <condition attribute="statecode" operator="eq" value="0" />
        </filter>
        <attribute name="rbsm_description" />
        <attribute name="rbsm_businessbenefitlist" />
        <attribute name="rbsm_businessbenefitid" />
      </entity>
    </fetch>
  </fetchxml>
  <IntroducedVersion>1.0.0.0</IntroducedVersion>
  <LocalizedNames>
    <LocalizedName description="Active Business Benefit" languagecode="1033" />
  </LocalizedNames>
</savedquery>