﻿<?xml version="1.0" encoding="utf-8"?>
<savedquery>
  <IsCustomizable>1</IsCustomizable>
  <CanBeDeleted>1</CanBeDeleted>
  <isquickfindquery>0</isquickfindquery>
  <isprivate>0</isprivate>
  <isdefault>1</isdefault>
  <returnedtypecode>10011</returnedtypecode>
  <savedqueryid>{a37cf511-f494-e511-9f13-005056ae52c3}</savedqueryid>
  <layoutxml>
    <grid name="resultset" object="10011" jump="rbsm_businessbenefit" select="1" preview="1" icon="1">
      <row name="result" id="rbsm_businessbenefitid">
        <cell name="rbsm_opportunity" width="200" />
        <cell name="a_f5ce8c935894e5119f13005056ae52c3.rbsm_desproduct" width="125" disableSorting="1" />
        <cell name="a_f5ce8c935894e5119f13005056ae52c3.parentaccountid" width="200" disableSorting="1" />
        <cell name="rbsm_businessbenefitlist" width="300" />
        <cell name="rbsm_description" width="300" disableSorting="1" />
      </row>
    </grid>
  </layoutxml>
  <querytype>0</querytype>
  <fetchxml>
    <fetch version="1.0" output-format="xml-platform" mapping="logical">
      <entity name="rbsm_businessbenefit">
        <order attribute="rbsm_opportunity" descending="false" />
        <attribute name="rbsm_opportunity" />
        <attribute name="rbsm_businessbenefitlist" />
        <attribute name="rbsm_description" />
        <link-entity alias="a_f5ce8c935894e5119f13005056ae52c3" name="opportunity" from="opportunityid" to="rbsm_opportunity" link-type="outer" visible="false">
          <attribute name="parentaccountid" />
          <attribute name="rbsm_desproduct" />
        </link-entity>
        <attribute name="rbsm_businessbenefitid" />
      </entity>
    </fetch>
  </fetchxml>
  <IntroducedVersion>1.0.0.0</IntroducedVersion>
  <LocalizedNames>
    <LocalizedName description="Opportunity Business Benefits" languagecode="1033" />
  </LocalizedNames>
  <Descriptions>
    <Description description="Opportunity Business Benefits" languagecode="1033" />
  </Descriptions>
</savedquery>