﻿<?xml version="1.0" encoding="utf-8"?>
<savedquery>
  <IsCustomizable>1</IsCustomizable>
  <CanBeDeleted>0</CanBeDeleted>
  <isquickfindquery>1</isquickfindquery>
  <isprivate>0</isprivate>
  <isdefault>1</isdefault>
  <returnedtypecode>10011</returnedtypecode>
  <savedqueryid>{c07b4e53-e0cb-4a9a-9778-cc03fe76312c}</savedqueryid>
  <layoutxml>
    <grid name="resultset" object="10011" jump="rbsm_businessbenefit" select="1" icon="1" preview="1">
      <row name="result" id="rbsm_businessbenefitid">
        <cell name="rbsm_businessbenefit" width="300" />
        <cell name="createdon" width="125" />
      </row>
    </grid>
  </layoutxml>
  <querytype>4</querytype>
  <fetchxml>
    <fetch version="1.0" mapping="logical">
      <entity name="rbsm_businessbenefit">
        <attribute name="rbsm_businessbenefitid" />
        <attribute name="rbsm_businessbenefit" />
        <attribute name="createdon" />
        <order attribute="rbsm_businessbenefit" descending="false" />
        <filter type="and">
          <condition attribute="statecode" operator="eq" value="0" />
        </filter>
        <filter type="or" isquickfindfields="1">
          <condition attribute="rbsm_businessbenefit" operator="like" value="{0}" />
        </filter>
      </entity>
    </fetch>
  </fetchxml>
  <IntroducedVersion>1.0.0.0</IntroducedVersion>
  <LocalizedNames>
    <LocalizedName description="Quick Find Active Business Benefit" languagecode="1033" />
  </LocalizedNames>
</savedquery>