﻿<?xml version="1.0" encoding="utf-8"?>
<systemform>
  <formid>{63be2631-8d27-4dfc-b843-8686dc260aaf}</formid>
  <IntroducedVersion>0.0.0.0</IntroducedVersion>
  <FormPresentation>1</FormPresentation>
  <FormActivationState>1</FormActivationState>
  <form>
    <tabs>
      <tab verticallayout="true" id="{ada3708c-8799-41cb-ab20-ff5aa49de505}" IsUserDefined="1">
        <labels>
          <label description="" languagecode="1033" />
        </labels>
        <columns>
          <column width="100%">
            <sections>
              <section showlabel="false" showbar="false" IsUserDefined="0" id="{d992bfca-702f-4273-a22d-62f86b7d2912}">
                <labels>
                  <label description="GENERAL" languagecode="1033" />
                </labels>
                <rows>
                  <row>
                    <cell id="{19469a81-2d4a-4fd5-a3f8-ec091554004c}" showlabel="true" locklevel="1">
                      <labels>
                        <label description="Name" languagecode="1033" />
                      </labels>
                      <control id="rbs_name" classid="{4273EDBD-AC1D-40d3-9FB2-095C621B552D}" datafieldname="rbs_name" uniqueid="{a16e92ab-991c-9e0d-15bc-1157c07d1d8d}" disabled="true" />
                    </cell>
                  </row>
                  <row>
                    <cell id="{866c9ffb-690b-4c86-a491-8ed10f6fcbfe}" showlabel="true" locklevel="1">
                      <labels>
                        <label description="Owner" languagecode="1033" />
                      </labels>
                      <control id="ownerid" classid="{270BD3DB-D9AF-4782-9025-509E298DEC0A}" datafieldname="ownerid" uniqueid="{69313b74-a5c0-a7c5-3eeb-e3154d83cace}" disabled="true">
                        <parameters>
                          <AutoResolve>true</AutoResolve>
                          <DisableMru>false</DisableMru>
                        </parameters>
                      </control>
                    </cell>
                  </row>
                  <row>
                    <cell id="{8ab4358c-8e75-d7e4-5670-b443e4b62333}" showlabel="true" locklevel="1">
                      <labels>
                        <label description="Description" languagecode="1033" />
                      </labels>
                      <control id="rbs_description" classid="{E0DECE4B-6FC8-4a8f-A065-082708572369}" datafieldname="rbs_description" disabled="true" uniqueid="{407918ca-aadc-de3e-768d-227c0d5ac783}" />
                    </cell>
                  </row>
                  <row>
                    <cell id="{e73b9d86-4eda-2565-0817-deeb53a43b4b}" showlabel="true" locklevel="1">
                      <labels>
                        <label description="Action" languagecode="1033" />
                      </labels>
                      <control id="rbs_action" classid="{3EF39988-22BB-4f0b-BBBE-64B5A3748AEE}" datafieldname="rbs_action" disabled="true" uniqueid="{95920a95-ca5b-6c68-437a-e5e187d6306b}" />
                    </cell>
                  </row>
                  <row>
                    <cell id="{5122113c-395c-bd5d-252b-d439695dcc01}" showlabel="true" locklevel="1">
                      <labels>
                        <label description="Document" languagecode="1033" />
                      </labels>
                      <control id="rbs_document" classid="{270BD3DB-D9AF-4782-9025-509E298DEC0A}" datafieldname="rbs_document" disabled="true" uniqueid="{203ceea7-56ea-727c-06a4-dc9a0611d4a5}">
                        <parameters>
                          <AutoResolve>true</AutoResolve>
                          <DisableMru>false</DisableMru>
                          <DisableQuickFind>false</DisableQuickFind>
                          <DisableViewPicker>false</DisableViewPicker>
                          <DefaultViewId>{36057843-E0BC-4216-8682-A02E7DA377F6}</DefaultViewId>
                          <AllowFilterOff>false</AllowFilterOff>
                        </parameters>
                      </control>
                    </cell>
                  </row>
                  <row>
                    <cell id="{2d62d789-9dbb-63a0-4470-5d6cce46c61c}" showlabel="true" locklevel="1">
                      <labels>
                        <label description="Start" languagecode="1033" />
                      </labels>
                      <control id="rbs_start" classid="{5B773807-9FB2-42db-97C3-7A91EFF8ADFF}" datafieldname="rbs_start" disabled="true" uniqueid="{b574484a-c403-7252-c644-ad770bb65a68}" />
                    </cell>
                  </row>
                  <row>
                    <cell id="{634b0eda-a63b-95c6-d2d1-6d2a6b5719c8}" showlabel="true" locklevel="1">
                      <labels>
                        <label description="End" languagecode="1033" />
                      </labels>
                      <control id="rbs_end" classid="{5B773807-9FB2-42db-97C3-7A91EFF8ADFF}" datafieldname="rbs_end" disabled="true" uniqueid="{7da43557-1c69-3253-15a5-0a3074bcb9b8}" />
                    </cell>
                  </row>
                  <row>
                    <cell id="{dd750c24-bd6d-00e1-4459-2a5eee02b9b8}" showlabel="true" locklevel="1">
                      <labels>
                        <label description="Status" languagecode="1033" />
                      </labels>
                      <control id="statecode" classid="{3EF39988-22BB-4f0b-BBBE-64B5A3748AEE}" datafieldname="statecode" disabled="true" uniqueid="{d2a70796-127e-4e98-1d7c-c3e3075be34e}" />
                    </cell>
                  </row>
                  <row>
                    <cell id="{8c9b6d1e-e011-34ee-6504-6800b1786247}" showlabel="true" locklevel="1">
                      <labels>
                        <label description="Status Reason" languagecode="1033" />
                      </labels>
                      <control id="statuscode" classid="{5D68B988-0661-4db2-BC3E-17598AD3BE6C}" datafieldname="statuscode" disabled="true" uniqueid="{d942443a-958c-a12c-2dce-c6479d2dd6d5}" />
                    </cell>
                  </row>
                  <row>
                    <cell id="{b8009c2c-c2ca-41ad-208b-513d61e3e887}" showlabel="true" locklevel="1">
                      <labels>
                        <label description="User" languagecode="1033" />
                      </labels>
                      <control id="rbs_user" classid="{270BD3DB-D9AF-4782-9025-509E298DEC0A}" datafieldname="rbs_user" disabled="true" uniqueid="{0273d0aa-7349-ec33-327c-2add8aae01b3}">
                        <parameters>
                          <AutoResolve>true</AutoResolve>
                          <DisableMru>false</DisableMru>
                          <DisableQuickFind>false</DisableQuickFind>
                          <DisableViewPicker>false</DisableViewPicker>
                          <DefaultViewId>{E88CA999-0B16-4AE9-B6A9-9EDC840D42D8}</DefaultViewId>
                          <AllowFilterOff>false</AllowFilterOff>
                        </parameters>
                      </control>
                    </cell>
                  </row>
                  <row>
                    <cell id="{a660134e-72b7-9d61-269d-37296083b31a}" showlabel="true" locklevel="1">
                      <labels>
                        <label description="Created On" languagecode="1033" />
                      </labels>
                      <control id="createdon" classid="{5B773807-9FB2-42db-97C3-7A91EFF8ADFF}" datafieldname="createdon" disabled="true" uniqueid="{7d5a9b09-d5b4-c21e-04b8-0305d586dbd2}" />
                    </cell>
                  </row>
                  <row>
                    <cell id="{0a3d689e-17c8-d13d-8643-23c3339821d1}" showlabel="true" locklevel="1">
                      <labels>
                        <label description="Created By" languagecode="1033" />
                      </labels>
                      <control id="createdby" classid="{270BD3DB-D9AF-4782-9025-509E298DEC0A}" datafieldname="createdby" disabled="true" uniqueid="{e3a6270e-bb06-ec31-8045-8817163a7603}">
                        <parameters>
                          <AutoResolve>true</AutoResolve>
                          <DisableMru>false</DisableMru>
                          <DisableQuickFind>false</DisableQuickFind>
                          <DisableViewPicker>false</DisableViewPicker>
                          <DefaultViewId>{E88CA999-0B16-4AE9-B6A9-9EDC840D42D8}</DefaultViewId>
                          <AllowFilterOff>false</AllowFilterOff>
                        </parameters>
                      </control>
                    </cell>
                  </row>
                  <row>
                    <cell id="{ec1e18c2-7691-3a15-e494-a604e611592d}" showlabel="true" locklevel="1">
                      <labels>
                        <label description="Modified On" languagecode="1033" />
                      </labels>
                      <control id="modifiedon" classid="{5B773807-9FB2-42db-97C3-7A91EFF8ADFF}" datafieldname="modifiedon" disabled="true" uniqueid="{6ce0d4d4-ea5e-7c24-c6ea-d2c1c1771ac0}" />
                    </cell>
                  </row>
                  <row>
                    <cell id="{bc213bd9-7b04-8a24-bba0-75ea06ae9a86}" showlabel="true" locklevel="1">
                      <labels>
                        <label description="Modified By" languagecode="1033" />
                      </labels>
                      <control id="modifiedby" classid="{270BD3DB-D9AF-4782-9025-509E298DEC0A}" datafieldname="modifiedby" disabled="true" uniqueid="{c73ed5b3-bb91-0792-ce39-e18e00e892b5}">
                        <parameters>
                          <AutoResolve>true</AutoResolve>
                          <DisableMru>false</DisableMru>
                          <DisableQuickFind>false</DisableQuickFind>
                          <DisableViewPicker>false</DisableViewPicker>
                          <DefaultViewId>{E88CA999-0B16-4AE9-B6A9-9EDC840D42D8}</DefaultViewId>
                          <AllowFilterOff>false</AllowFilterOff>
                        </parameters>
                      </control>
                    </cell>
                  </row>
                </rows>
              </section>
            </sections>
          </column>
        </columns>
      </tab>
    </tabs>
  </form>
  <IsCustomizable>1</IsCustomizable>
  <CanBeDeleted>1</CanBeDeleted>
  <LocalizedNames>
    <LocalizedName description="Information" languagecode="1033" />
  </LocalizedNames>
</systemform>