﻿<?xml version="1.0" encoding="utf-8"?>
<savedquery>
  <IsCustomizable>1</IsCustomizable>
  <CanBeDeleted>0</CanBeDeleted>
  <isquickfindquery>0</isquickfindquery>
  <isprivate>0</isprivate>
  <isdefault>0</isdefault>
  <returnedtypecode>10010</returnedtypecode>
  <savedqueryid>{6148636a-3dac-4baa-8de8-2a22d2f45b57}</savedqueryid>
  <layoutxml>
    <grid name="resultset" object="10010" jump="rbsm_name" select="1" icon="1" preview="1">
      <row name="result" id="rbsm_opportunitypackageid">
        <cell name="rbsm_name" width="300" />
        <cell name="createdon" width="125" />
      </row>
    </grid>
  </layoutxml>
  <querytype>0</querytype>
  <fetchxml>
    <fetch version="1.0" mapping="logical">
      <entity name="rbsm_opportunitypackage">
        <attribute name="rbsm_opportunitypackageid" />
        <attribute name="rbsm_name" />
        <attribute name="createdon" />
        <order attribute="rbsm_name" descending="false" />
        <filter type="and">
          <condition attribute="statecode" operator="eq" value="1" />
        </filter>
      </entity>
    </fetch>
  </fetchxml>
  <IntroducedVersion>1.0.0.0</IntroducedVersion>
  <LocalizedNames>
    <LocalizedName description="Inactive Opportunity Packages" languagecode="1033" />
  </LocalizedNames>
</savedquery>