﻿<?xml version="1.0" encoding="utf-8"?>
<savedquery>
  <IsCustomizable>1</IsCustomizable>
  <CanBeDeleted>0</CanBeDeleted>
  <isquickfindquery>1</isquickfindquery>
  <isprivate>0</isprivate>
  <isdefault>1</isdefault>
  <returnedtypecode>10010</returnedtypecode>
  <savedqueryid>{7f6ab7e8-8b9c-4aad-ab20-d4e938bf3ca6}</savedqueryid>
  <layoutxml>
    <grid name="resultset" object="10010" jump="rbsm_name" select="1" icon="1" preview="1">
      <row name="result" id="rbsm_opportunitypackageid">
        <cell name="rbsm_name" width="200" />
        <cell name="ownerid" width="100" />
        <cell name="rbsm_description" width="100" disableSorting="1" />
        <cell name="rbsm_keymilestonedate" width="125" />
        <cell name="rbsm_levelofengagementeffort" width="125" />
        <cell name="rbsm_desprogrammeleadid" width="150" />
        <cell name="rbsm_businesssponsor" width="150" />
      </row>
    </grid>
  </layoutxml>
  <querytype>4</querytype>
  <fetchxml>
    <fetch version="1.0" mapping="logical">
      <entity name="rbsm_opportunitypackage">
        <attribute name="rbsm_name" />
        <order attribute="rbsm_name" descending="false" />
        <filter type="and">
          <condition attribute="statecode" operator="eq" value="0" />
        </filter>
        <filter type="or" isquickfindfields="1">
          <condition attribute="rbsm_name" operator="like" value="{0}" />
          <condition attribute="rbsm_levelofengagementeffort" operator="like" value="{0}" />
          <condition attribute="rbsm_keymilestonedate" operator="on" value="{3}" />
          <condition attribute="rbsm_description" operator="like" value="{0}" />
          <condition attribute="rbsm_desprogrammeleadid" operator="like" value="{0}" />
          <condition attribute="rbsm_businesssponsor" operator="like" value="{0}" />
        </filter>
        <attribute name="ownerid" />
        <attribute name="rbsm_levelofengagementeffort" />
        <attribute name="rbsm_keymilestonedate" />
        <attribute name="rbsm_description" />
        <attribute name="rbsm_desprogrammeleadid" />
        <attribute name="rbsm_businesssponsor" />
        <attribute name="rbsm_opportunitypackageid" />
      </entity>
    </fetch>
  </fetchxml>
  <IntroducedVersion>1.0.0.0</IntroducedVersion>
  <LocalizedNames>
    <LocalizedName description="Quick Find Active Opportunity Packages" languagecode="1033" />
  </LocalizedNames>
</savedquery>