﻿<?xml version="1.0" encoding="utf-8"?>
<savedquery>
  <IsCustomizable>1</IsCustomizable>
  <CanBeDeleted>0</CanBeDeleted>
  <isquickfindquery>0</isquickfindquery>
  <isprivate>0</isprivate>
  <isdefault>1</isdefault>
  <returnedtypecode>10010</returnedtypecode>
  <savedqueryid>{cfb9c58b-6e4f-4f64-9fb5-1a5ec59e5679}</savedqueryid>
  <layoutxml>
    <grid name="resultset" object="10010" jump="rbsm_name" select="1" icon="1" preview="1">
      <row name="result" id="rbsm_opportunitypackageid">
        <cell name="rbsm_name" width="150" />
        <cell name="rbsm_description" width="200" disableSorting="1" />
        <cell name="rbsm_keymilestonedate" width="150" />
        <cell name="ownerid" width="150" />
        <cell name="rbsm_desprogrammeleadid" width="150" />
        <cell name="rbsm_businesssponsor" width="150" />
      </row>
    </grid>
  </layoutxml>
  <querytype>0</querytype>
  <fetchxml>
    <fetch version="1.0" mapping="logical">
      <entity name="rbsm_opportunitypackage">
        <attribute name="rbsm_name" />
        <order attribute="rbsm_name" descending="false" />
        <filter type="and">
          <condition attribute="statecode" operator="eq" value="0" />
        </filter>
        <attribute name="ownerid" />
        <attribute name="rbsm_keymilestonedate" />
        <attribute name="rbsm_description" />
        <attribute name="rbsm_desprogrammeleadid" />
        <attribute name="rbsm_businesssponsor" />
        <attribute name="rbsm_opportunitypackageid" />
      </entity>
    </fetch>
  </fetchxml>
  <IntroducedVersion>1.0.0.0</IntroducedVersion>
  <LocalizedNames>
    <LocalizedName description="Active Opportunity Packages" languagecode="1033" />
  </LocalizedNames>
</savedquery>