﻿<?xml version="1.0" encoding="utf-8"?>
<savedquery>
  <IsCustomizable>1</IsCustomizable>
  <CanBeDeleted>0</CanBeDeleted>
  <isquickfindquery>0</isquickfindquery>
  <isprivate>0</isprivate>
  <isdefault>1</isdefault>
  <returnedtypecode>10010</returnedtypecode>
  <savedqueryid>{f19a774e-b1cf-4dae-921c-06476a3d4215}</savedqueryid>
  <layoutxml>
    <grid name="" object="10010" jump="rbsm_name" select="1" icon="1" preview="0">
      <row name="rbsm_opportunitypackage" id="rbsm_opportunitypackageid">
        <cell name="rbsm_name" width="200" />
        <cell name="rbsm_description" width="200" disableSorting="1" />
        <cell name="ownerid" width="100" />
        <cell name="createdon" width="125" />
      </row>
    </grid>
  </layoutxml>
  <querytype>64</querytype>
  <fetchxml>
    <fetch version="1.0" mapping="logical">
      <entity name="rbsm_opportunitypackage">
        <attribute name="rbsm_opportunitypackageid" />
        <attribute name="rbsm_name" />
        <attribute name="createdon" />
        <filter type="and">
          <condition attribute="statecode" operator="eq" value="0" />
        </filter>
        <order attribute="rbsm_name" descending="false" />
        <attribute name="ownerid" />
        <attribute name="rbsm_description" />
      </entity>
    </fetch>
  </fetchxml>
  <IntroducedVersion>1.0.0.0</IntroducedVersion>
  <LocalizedNames>
    <LocalizedName description="Opportunity Package Lookup View" languagecode="1033" />
  </LocalizedNames>
</savedquery>