<?xml version="1.0" encoding="utf-8"?>
<forms xmlns:xsi="http://www.w3.org/2001/XMLSchema-instance">
  <systemform>
    <formid>{e50cc00a-722f-ee11-bdf4-0022482b23b1}</formid>
    <IntroducedVersion>1.0.0.0</IntroducedVersion>
    <FormPresentation>1</FormPresentation>
    <FormActivationState>1</FormActivationState>
    <form>
      <tabs>
        <tab
          id="F931FFE2-B873-473F-8F95-9502F0AA3F5E"
          name="tab_1"
          showlabel="false"
          labelid="{2a288016-c8d4-4873-bc67-e6c354c9f415}">
          <labels>
            <label
              description="New Tab"
              languagecode="1033" />
          </labels>
          <columns>
            <column
              width="34%">
              <sections>
                <section
                  id="0C655D4E-C6E3-424E-9AF5-71E72D30D12E"
                  name="tab_1_column_1_section_1"
                  columns="1"
                  showlabel="false"
                  showbar="false"
                  IsUserDefined="0"
                  labelwidth="130"
                  labelid="{354ba16a-9ca7-47e3-8709-7272227d56d7}">
                  <labels>
                    <label
                      description="New Section"
                      languagecode="1033" />
                  </labels>
                  <rows>
                    <row>
                      <cell
                        id="{2d0b1c88-ee00-4bdb-a9f1-59c6f93f6be8}"
                        locklevel="0"
                        colspan="1"
                        rowspan="1"
                        labelid="{c3111201-3726-428e-b8e2-e6460c48c388}">
                        <labels>
                          <label
                            description="SO Number"
                            languagecode="1033" />
                        </labels>
                        <control
                          id="rhm_sonumber"
                          classid="{4273EDBD-AC1D-40D3-9FB2-095C621B552D}"
                          datafieldname="rhm_sonumber"
                          disabled="false" />
                      </cell>
                    </row>
                    <row>
                      <cell
                        id="{1cbe9c23-56c1-4bfa-9e88-73ec52da68da}"
                        locklevel="0"
                        colspan="1"
                        rowspan="1"
                        labelid="{5007f97c-d9d6-491a-be1c-f0d5fa87738b}">
                        <labels>
                          <label
                            description="PO Number"
                            languagecode="1033" />
                        </labels>
                        <control
                          id="rhm_ponumber"
                          classid="{4273EDBD-AC1D-40D3-9FB2-095C621B552D}"
                          datafieldname="rhm_ponumber"
                          disabled="false" />
                      </cell>
                    </row>
                  </rows>
                </section>
              </sections>
            </column>
            <column
              width="33%">
              <sections>
                <section
                  id="02DECBA0-3AE2-484D-A19F-C5353AF4F4F2"
                  name="tab_1_column_2_section_1"
                  columns="1"
                  showlabel="true"
                  showbar="false"
                  IsUserDefined="0"
                  labelwidth="130"
                  labelid="{8581428a-13c6-4885-b5a5-cded7d38dcb7}">
                  <labels>
                    <label
                      description="New Section"
                      languagecode="1033" />
                  </labels>
                  <rows>
                    <row>
                      <cell
                        id="266FE48D-4D04-4E9A-8C5A-7DEF9A2F059B"
                        labelid="{b3dc0e26-40aa-4245-b3f2-6baeeb412b76}">
                        <labels>
                          <label
                            description=""
                            languagecode="1033" />
                        </labels>
                      </cell>
                    </row>
                  </rows>
                </section>
              </sections>
            </column>
            <column
              width="33%">
              <sections>
                <section
                  id="46FD66EA-B686-41D9-AAE0-C565BD78EC1F"
                  name="tab_1_column_3_section_1"
                  columns="1"
                  showlabel="true"
                  showbar="false"
                  IsUserDefined="0"
                  labelwidth="130"
                  labelid="{12aae266-5eb1-427a-8dd6-30d68d78e064}">
                  <labels>
                    <label
                      description="New Section"
                      languagecode="1033" />
                  </labels>
                  <rows>
                    <row>
                      <cell
                        id="07C04A4E-A482-45CC-BAB7-7FCA3CD02938"
                        labelid="{2cc3a14d-e7f0-4ecf-894c-74f1f80c692c}">
                        <labels>
                          <label
                            description=""
                            languagecode="1033" />
                        </labels>
                      </cell>
                    </row>
                  </rows>
                </section>
              </sections>
            </column>
          </columns>
        </tab>
      </tabs>
      <DisplayConditions
        Order="1"
        FallbackForm="true">
        <Role
          Id="{627090ff-40a3-4053-8790-584edc5be201}" />
        <Role
          Id="{119f245c-3cc8-4b62-b31c-d1a046ced15d}" />
      </DisplayConditions>
      <formLibraries>
        <Library
          name="rhm_/Scripts/Common/XrmUtilities.js"
          libraryUniqueId="{02ab46e0-b9ce-4548-8877-a04bcce877bd}" />
        <Library
          name="rhm_/Scripts/SalesOrder_Form.js"
          libraryUniqueId="{c4b0c1ae-4836-4a55-92a5-6d10a5e24877}" />
      </formLibraries>
      <events>
        <event
          name="onchange"
          application="false"
          active="false"
          attribute="rhm_sonumber">
          <Handlers>
            <Handler
              functionName="Rheem.Jscripts.SalesOrder_Form.OnChangeOfOrderNumber"
              libraryName="rhm_/Scripts/SalesOrder_Form.js"
              handlerUniqueId="{ef1f2624-3e09-4af4-9047-c7b210ce33b4}"
              enabled="true"
              parameters="&quot;rhm_sonumber&quot;"
              passExecutionContext="true" />
          </Handlers>
        </event>
        <event
          name="onchange"
          application="false"
          active="false"
          attribute="rhm_ponumber">
          <Handlers>
            <Handler
              functionName="Rheem.Jscripts.SalesOrder_Form.OnChangeOfOrderNumber"
              libraryName="rhm_/Scripts/Common/XrmUtilities.js"
              handlerUniqueId="{f89c86a5-a676-4b19-8d77-105f66fb1e53}"
              enabled="true"
              parameters="&quot;rhm_ponumber&quot;"
              passExecutionContext="true" />
          </Handlers>
        </event>
        <event
          name="onload"
          application="false"
          active="false">
          <Handlers>
            <Handler
              functionName="Rheem.Jscripts.SalesOrder_Form.OnLoadOfQuickCreate"
              libraryName="rhm_/Scripts/SalesOrder_Form.js"
              handlerUniqueId="{97562d18-5ec8-49dd-8da9-e1154f85d413}"
              enabled="true"
              parameters=""
              passExecutionContext="true" />
          </Handlers>
        </event>
      </events>
    </form>
    <IsCustomizable>1</IsCustomizable>
    <CanBeDeleted>1</CanBeDeleted>
    <LocalizedNames>
      <LocalizedName
        description="Rheem Order Quick Create Form"
        languagecode="1033" />
    </LocalizedNames>
  </systemform>
</forms>