<?xml version="1.0" encoding="utf-8"?>
<forms xmlns:xsi="http://www.w3.org/2001/XMLSchema-instance">
  <systemform>
    <formid>{a7957564-bb66-4d64-97b9-1b643b8ed149}</formid>
    <IntroducedVersion>1.0</IntroducedVersion>
    <FormPresentation>1</FormPresentation>
    <FormActivationState>1</FormActivationState>
    <form>
      <tabs>
        <tab
          verticallayout="true"
          id="{dba7acb0-d6d8-4687-b16a-da3a16c0511b}"
          IsUserDefined="1">
          <labels>
            <label
              description=""
              languagecode="1033" />
          </labels>
          <columns>
            <column
              width="100%">
              <sections>
                <section
                  showlabel="false"
                  showbar="false"
                  IsUserDefined="0"
                  id="{9138af82-edda-4fa9-bdee-a064a181ecba}">
                  <labels>
                    <label
                      description="GENERAL"
                      languagecode="1033" />
                    <label
                      description="UMUM"
                      languagecode="1086" />
                  </labels>
                  <rows>
                    <row>
                      <cell
                        id="{2f327c39-cbd9-4b3c-af21-a4585ecc05cf}">
                        <labels>
                          <label
                            description=""
                            languagecode="1033" />
                        </labels>
                        <control
                          id="rhm_name"
                          classid="{4273EDBD-AC1D-40d3-9FB2-095C621B552D}"
                          datafieldname="rhm_name" />
                      </cell>
                    </row>
                    <row>
                      <cell
                        id="{35d3f883-e563-4527-adc3-eb4094002388}">
                        <labels>
                          <label
                            description=""
                            languagecode="1033" />
                        </labels>
                        <control
                          id="ownerid"
                          classid="{270BD3DB-D9AF-4782-9025-509E298DEC0A}"
                          datafieldname="ownerid" />
                      </cell>
                    </row>
                  </rows>
                </section>
              </sections>
            </column>
          </columns>
        </tab>
      </tabs>
    </form>
    <IsCustomizable>1</IsCustomizable>
    <CanBeDeleted>1</CanBeDeleted>
    <LocalizedNames>
      <LocalizedName
        description="Information"
        languagecode="1033" />
    </LocalizedNames>
  </systemform>
</forms>