﻿<?xml version="1.0" encoding="utf-8"?>
<WebResource>
  <WebResourceId>{9ade65fd-32a0-e611-80dd-c4346bad20a4}</WebResourceId>
  <Name>nwm_/Script/account.js</Name>
  <DisplayName>nwm_/Script/account.js</DisplayName>
  <Description>Account Entity Related Scripts.</Description>
  <WebResourceType>3</WebResourceType>
  <IntroducedVersion>0.0.0.1</IntroducedVersion>
  <IsEnabledForMobileClient>0</IsEnabledForMobileClient>
  <IsAvailableForMobileOffline>0</IsAvailableForMobileOffline>
  <IsCustomizable>1</IsCustomizable>
  <CanBeDeleted>1</CanBeDeleted>
  <IsHidden>0</IsHidden>
  <FileName>/WebResources/nwm_Scriptaccountjs9ADE65FD-32A0-E611-80DD-C4346BAD20A4</FileName>
</WebResource>