﻿<?xml version="1.0" encoding="utf-8"?>
<WebResource>
  <WebResourceId>{56022da1-33e2-e611-80d5-3863bb358e18}</WebResourceId>
  <Name>nwm_/Script/activity.js</Name>
  <DisplayName>nwm_/Script/activity.js</DisplayName>
  <WebResourceType>3</WebResourceType>
  <IntroducedVersion>0.0.0.1</IntroducedVersion>
  <IsEnabledForMobileClient>0</IsEnabledForMobileClient>
  <IsAvailableForMobileOffline>0</IsAvailableForMobileOffline>
  <DependencyXml>&lt;Dependencies&gt;&lt;Dependency componentType="WebResource"/&gt;&lt;/Dependencies&gt;</DependencyXml>
  <IsCustomizable>1</IsCustomizable>
  <CanBeDeleted>1</CanBeDeleted>
  <IsHidden>0</IsHidden>
  <FileName>/WebResources/nwm_Scriptactivityjs56022DA1-33E2-E611-80D5-3863BB358E18</FileName>
</WebResource>