﻿<?xml version="1.0" encoding="utf-8"?>
<WebResource>
  <WebResourceId>{d719817a-74c7-e611-80e3-c4346baccc44}</WebResourceId>
  <Name>nwm_/Script/callreport.js</Name>
  <DisplayName>nwm_/Script/callreport.js</DisplayName>
  <Description>Call Report Entity related Scripts.</Description>
  <WebResourceType>3</WebResourceType>
  <IntroducedVersion>0.0.0.1</IntroducedVersion>
  <IsEnabledForMobileClient>0</IsEnabledForMobileClient>
  <IsAvailableForMobileOffline>0</IsAvailableForMobileOffline>
  <IsCustomizable>1</IsCustomizable>
  <CanBeDeleted>1</CanBeDeleted>
  <IsHidden>0</IsHidden>
  <FileName>/WebResources/nwm_ScriptcallreportjsD719817A-74C7-E611-80E3-C4346BACCC44</FileName>
</WebResource>