﻿<?xml version="1.0" encoding="utf-8"?>
<WebResource>
  <WebResourceId>{597bf66e-d8de-e611-80d4-3863bb35ff48}</WebResourceId>
  <Name>nwm_/Script/clientaccessrequest.js</Name>
  <DisplayName>nwm_/Script/clientaccessrequest.js</DisplayName>
  <Description>Client Access Request Script</Description>
  <WebResourceType>3</WebResourceType>
  <IntroducedVersion>0.0.0.1</IntroducedVersion>
  <IsEnabledForMobileClient>0</IsEnabledForMobileClient>
  <IsAvailableForMobileOffline>0</IsAvailableForMobileOffline>
  <DependencyXml>&lt;Dependencies&gt;&lt;Dependency componentType="WebResource"/&gt;&lt;/Dependencies&gt;</DependencyXml>
  <IsCustomizable>1</IsCustomizable>
  <CanBeDeleted>1</CanBeDeleted>
  <IsHidden>0</IsHidden>
  <FileName>/WebResources/nwm_Scriptclientaccessrequestjs597BF66E-D8DE-E611-80D4-3863BB35FF48</FileName>
</WebResource>