﻿<?xml version="1.0" encoding="utf-8"?>
<WebResource>
  <WebResourceId>{1fdda9ea-43b6-e611-80e6-c4346bac7e3c}</WebResourceId>
  <Name>nwm_/Script/contact.js</Name>
  <DisplayName>nwm_/Script/contact.js</DisplayName>
  <Description>Contact Entity related Scripts.</Description>
  <WebResourceType>3</WebResourceType>
  <IntroducedVersion>0.0.0.1</IntroducedVersion>
  <IsEnabledForMobileClient>0</IsEnabledForMobileClient>
  <IsAvailableForMobileOffline>0</IsAvailableForMobileOffline>
  <IsCustomizable>1</IsCustomizable>
  <CanBeDeleted>1</CanBeDeleted>
  <IsHidden>0</IsHidden>
  <FileName>/WebResources/nwm_Scriptcontactjs1FDDA9EA-43B6-E611-80E6-C4346BAC7E3C</FileName>
</WebResource>