﻿<?xml version="1.0" encoding="utf-8"?>
<WebResource>
  <WebResourceId>{fd90f466-79c7-e611-80e3-c4346baccc44}</WebResourceId>
  <Name>nwm_/Script/Json2.js</Name>
  <DisplayName>nwm_/Script/Json2.js</DisplayName>
  <Description>Support Script Library.</Description>
  <WebResourceType>3</WebResourceType>
  <IntroducedVersion>0.0.0.1</IntroducedVersion>
  <IsEnabledForMobileClient>0</IsEnabledForMobileClient>
  <IsAvailableForMobileOffline>0</IsAvailableForMobileOffline>
  <IsCustomizable>1</IsCustomizable>
  <CanBeDeleted>1</CanBeDeleted>
  <IsHidden>0</IsHidden>
  <FileName>/WebResources/nwm_ScriptJson2jsFD90F466-79C7-E611-80E3-C4346BACCC44</FileName>
</WebResource>