﻿<?xml version="1.0" encoding="utf-8"?>
<WebResource>
  <WebResourceId>{50a9c979-8ed8-e611-80d2-3863bb35ff48}</WebResourceId>
  <Name>nwm_/Script/opportunity.js</Name>
  <DisplayName>nwm_/Script/opportunity.js</DisplayName>
  <Description>Opportunity</Description>
  <WebResourceType>3</WebResourceType>
  <IntroducedVersion>0.0.0.1</IntroducedVersion>
  <IsEnabledForMobileClient>0</IsEnabledForMobileClient>
  <IsAvailableForMobileOffline>0</IsAvailableForMobileOffline>
  <DependencyXml>&lt;Dependencies&gt;&lt;Dependency componentType="WebResource"/&gt;&lt;/Dependencies&gt;</DependencyXml>
  <IsCustomizable>1</IsCustomizable>
  <CanBeDeleted>1</CanBeDeleted>
  <IsHidden>0</IsHidden>
  <FileName>/WebResources/nwm_Scriptopportunityjs50A9C979-8ED8-E611-80D2-3863BB35FF48</FileName>
</WebResource>