﻿<?xml version="1.0" encoding="utf-8"?>
<WebResource>
  <WebResourceId>{38c2a205-78c7-e611-80e3-c4346baccc44}</WebResourceId>
  <Name>nwm_/Script/process.js</Name>
  <DisplayName>nwm_/Script/process.js</DisplayName>
  <Description>Support Script Library.</Description>
  <WebResourceType>3</WebResourceType>
  <IntroducedVersion>0.0.0.1</IntroducedVersion>
  <IsEnabledForMobileClient>0</IsEnabledForMobileClient>
  <IsAvailableForMobileOffline>0</IsAvailableForMobileOffline>
  <IsCustomizable>1</IsCustomizable>
  <CanBeDeleted>1</CanBeDeleted>
  <IsHidden>0</IsHidden>
  <FileName>/WebResources/nwm_Scriptprocessjs38C2A205-78C7-E611-80E3-C4346BACCC44</FileName>
</WebResource>