﻿<?xml version="1.0" encoding="utf-8"?>
<WebResource>
  <WebResourceId>{4e255ef3-c2ee-e611-80dc-3863bb34cdb0}</WebResourceId>
  <Name>nwm_/Script/SDK.REST.js</Name>
  <DisplayName>nwm_/Script/SDK.REST.js</DisplayName>
  <Description>nwm_/Script/SDK.REST.js</Description>
  <WebResourceType>3</WebResourceType>
  <IntroducedVersion>0.0.0.1</IntroducedVersion>
  <IsEnabledForMobileClient>0</IsEnabledForMobileClient>
  <IsAvailableForMobileOffline>0</IsAvailableForMobileOffline>
  <DependencyXml>&lt;Dependencies&gt;&lt;Dependency componentType="WebResource"/&gt;&lt;/Dependencies&gt;</DependencyXml>
  <IsCustomizable>1</IsCustomizable>
  <CanBeDeleted>1</CanBeDeleted>
  <IsHidden>0</IsHidden>
  <FileName>/WebResources/nwm_ScriptSDKRESTjs4E255EF3-C2EE-E611-80DC-3863BB34CDB0</FileName>
</WebResource>