﻿<?xml version="1.0" encoding="utf-8"?>
<WebResource>
  <WebResourceId>{6dd6cab3-45f8-e611-80dd-3863bb34cdb0}</WebResourceId>
  <Name>nwm_/Script/Telemetry.js</Name>
  <DisplayName>nwm_/Script/Telemetry.js</DisplayName>
  <WebResourceType>3</WebResourceType>
  <IntroducedVersion>0.0.0.1</IntroducedVersion>
  <IsEnabledForMobileClient>0</IsEnabledForMobileClient>
  <IsAvailableForMobileOffline>0</IsAvailableForMobileOffline>
  <DependencyXml>&lt;Dependencies&gt;&lt;Dependency componentType="WebResource"/&gt;&lt;/Dependencies&gt;</DependencyXml>
  <IsCustomizable>1</IsCustomizable>
  <CanBeDeleted>1</CanBeDeleted>
  <IsHidden>0</IsHidden>
  <FileName>/WebResources/nwm_ScriptTelemetryjs6DD6CAB3-45F8-E611-80DD-3863BB34CDB0</FileName>
</WebResource>