﻿<?xml version="1.0" encoding="utf-8"?>
<systemform unmodified="1">
  <formid>{cccff382-2b92-467e-bf1b-3db179512af8}</formid>
  <IntroducedVersion>8.0.0.0</IntroducedVersion>
  <FormPresentation>1</FormPresentation>
  <FormActivationState>1</FormActivationState>
  <form>
    <tabs>
      <tab IsUserDefined="0" id="{461c16a2-270f-4796-beb0-b2010e91af81}">
        <labels>
          <label description="Account Card" languagecode="1033" />
        </labels>
        <columns>
          <column width="25%">
            <sections>
              <section name="ColorStrip" showlabel="false" showbar="false" IsUserDefined="0" columns="1" id="{9c901e32-89a9-4e92-a27e-2c570cb2c2bd}">
                <labels>
                  <label description="ColorStrip" languagecode="1033" />
                </labels>
                <rows></rows>
              </section>
            </sections>
          </column>
          <column width="75%">
            <sections>
              <section name="CardHeader" showlabel="false" showbar="false" IsUserDefined="0" columns="111" id="{4b1d5836-9b34-4e67-9fb3-9dd8b64c528d}">
                <labels>
                  <label description="Header" languagecode="1033" />
                </labels>
                <rows>
                  <row>
                    <cell id="{7eb82c02-3a08-b568-ae0e-5a18beaacb6d}" showlabel="true" locklevel="0">
                      <labels>
                        <label description="Primary Contact" languagecode="1033" />
                      </labels>
                      <control id="primarycontactid" classid="{270BD3DB-D9AF-4782-9025-509E298DEC0A}" datafieldname="primarycontactid" disabled="false" />
                    </cell>
                    <cell id="{ca6dec6b-1e59-561c-de50-17ddc52d86a7}" showlabel="true" locklevel="0">
                      <labels>
                        <label description="Owner" languagecode="1033" />
                      </labels>
                      <control id="ownerid" classid="{270BD3DB-D9AF-4782-9025-509E298DEC0A}" datafieldname="ownerid" disabled="false" />
                    </cell>
                    <cell id="{8c71e452-9f88-4429-a64d-4a8c832c4ddb}" showlabel="false">
                      <labels>
                        <label description="" languagecode="1033" />
                      </labels>
                    </cell>
                  </row>
                </rows>
              </section>
              <section name="CardDetails" showlabel="false" showbar="false" IsUserDefined="0" layout="varwidth" columns="1" labelwidth="115" id="{a1a466b4-32c7-421e-aabf-d180c9d08be1}">
                <labels>
                  <label description="Details" languagecode="1033" />
                </labels>
                <rows>
                  <row>
                    <cell id="{1bac4da3-8a12-3d6c-30b6-1b5437ddde73}" showlabel="true" locklevel="0">
                      <labels>
                        <label description="Account Name" languagecode="1033" />
                      </labels>
                      <control id="name" classid="{4273EDBD-AC1D-40d3-9FB2-095C621B552D}" datafieldname="name" disabled="false" />
                    </cell>
                  </row>
                  <row>
                    <cell id="{159be95e-19e4-aad6-7b11-71d37ee1ec12}" showlabel="true" locklevel="0">
                      <labels>
                        <label description="Address 1: City" languagecode="1033" />
                      </labels>
                      <control id="address1_city" classid="{4273EDBD-AC1D-40d3-9FB2-095C621B552D}" datafieldname="address1_city" disabled="false" />
                    </cell>
                  </row>
                </rows>
              </section>
              <section name="CardFooter" showlabel="false" showbar="false" IsUserDefined="0" columns="1111" id="{40f8cd91-612d-41e8-b2f6-d89a6ad40747}">
                <labels>
                  <label description="Footer" languagecode="1033" />
                </labels>
                <rows>
                  <row>
                    <cell id="{b3a95849-7227-1613-6b6a-439a17575779}" showlabel="true" locklevel="0">
                      <labels>
                        <label description="Main Phone" languagecode="1033" />
                      </labels>
                      <control id="telephone1" classid="{4273EDBD-AC1D-40d3-9FB2-095C621B552D}" datafieldname="telephone1" disabled="false" />
                    </cell>
                    <cell id="{a45da234-5c15-1b3b-c4b7-de419c05ce59}" showlabel="true" locklevel="0">
                      <labels>
                        <label description="Email" languagecode="1033" />
                      </labels>
                      <control id="emailaddress1" classid="{ADA2203E-B4CD-49be-9DDF-234642B43B52}" datafieldname="emailaddress1" disabled="false" />
                    </cell>
                    <cell id="{13b43144-88d2-4af8-a8ae-fbddc71b70bb}" showlabel="false">
                      <labels>
                        <label description="" languagecode="1033" />
                      </labels>
                    </cell>
                    <cell id="{693f1343-d841-42d2-84b1-d5714f56914c}" showlabel="false">
                      <labels>
                        <label description="" languagecode="1033" />
                      </labels>
                    </cell>
                  </row>
                </rows>
              </section>
            </sections>
          </column>
        </columns>
      </tab>
    </tabs>
  </form>
  <LocalizedNames>
    <LocalizedName description="Account Card form" languagecode="1033" />
  </LocalizedNames>
  <Descriptions>
    <Description description="Default Account card form." languagecode="1033" />
  </Descriptions>
</systemform>