﻿<?xml version="1.0" encoding="utf-8"?>
<savedquery unmodified="1">
  <isquickfindquery>0</isquickfindquery>
  <isprivate>0</isprivate>
  <isdefault>1</isdefault>
  <returnedtypecode>9</returnedtypecode>
  <savedqueryid>{00000000-0000-0000-00aa-000010001205}</savedqueryid>
  <queryapi></queryapi>
  <layoutxml>
    <grid name="teams" object="9" jump="name" select="1" icon="1" preview="1">
      <row name="team" id="teamid">
        <cell name="name" width="300" />
      </row>
    </grid>
  </layoutxml>
  <querytype>2</querytype>
  <fetchxml>
    <fetch distinct="false" mapping="logical">
      <entity name="team">
        <attribute name="name" />
        <attribute name="teamid" />
        <filter type="and">
          <condition attribute="teamtype" operator="eq" value="0" />
        </filter>
        <order attribute="name" descending="false" />
      </entity>
    </fetch>
  </fetchxml>
  <IntroducedVersion>5.0.0.0</IntroducedVersion>
  <LocalizedNames>
    <LocalizedName description="Team Associated View" languagecode="1033" />
    <LocalizedName description="Zespół - widok skojarzony" languagecode="1045" />
  </LocalizedNames>
</savedquery>