﻿<?xml version="1.0" encoding="utf-8"?>
<savedquery unmodified="1">
  <isquickfindquery>0</isquickfindquery>
  <isprivate>0</isprivate>
  <isdefault>0</isdefault>
  <returnedtypecode>9</returnedtypecode>
  <savedqueryid>{00000000-0000-0000-00aa-000010001025}</savedqueryid>
  <queryapi>BizMerchant.RetrieveSubsidiaryTeams</queryapi>
  <layoutxml>
    <grid name="teams" object="9" jump="name" select="1" icon="1" preview="1">
      <row name="team" id="teamid">
        <cell name="name" width="300" />
        <cell name="businessunitid" width="100" />
      </row>
    </grid>
  </layoutxml>
  <columnsetxml>
    <columnset version="3.0">
      <column>name</column>
      <column>businessunitid</column>
      <column>teamid</column>
      <column>teamtype</column>
      <ascend>name</ascend>
    </columnset>
  </columnsetxml>
  <querytype>0</querytype>
  <IntroducedVersion>5.0.0.0</IntroducedVersion>
  <LocalizedNames>
    <LocalizedName description="Subsidiary Teams" languagecode="1033" />
    <LocalizedName description="Zespoły w przedstawicielstwie" languagecode="1045" />
  </LocalizedNames>
</savedquery>