﻿<?xml version="1.0" encoding="utf-8"?>
<savedquery unmodified="1">
  <isquickfindquery>0</isquickfindquery>
  <isprivate>0</isprivate>
  <isdefault>1</isdefault>
  <returnedtypecode>9</returnedtypecode>
  <savedqueryid>{00000000-0000-0000-00aa-000010001024}</savedqueryid>
  <queryapi></queryapi>
  <layoutxml>
    <grid name="teams" object="9" jump="name" select="1" icon="1" preview="1">
      <row name="team" id="teamid">
        <cell name="name" width="300" />
        <cell name="businessunitid" width="100" />
      </row>
    </grid>
  </layoutxml>
  <querytype>0</querytype>
  <fetchxml>
    <fetch version="1.0" output-format="xml-platform" mapping="logical">
      <entity name="team">
        <attribute name="name" />
        <attribute name="businessunitid" />
        <attribute name="teamid" />
        <attribute name="teamtype" />
        <filter type="and">
          <filter type="and">
            <condition attribute="businessunitid" operator="eq-businessid" />
            <filter type="and">
              <condition attribute="teamtype" operator="eq" value="0" />
            </filter>
          </filter>
        </filter>
        <order attribute="name" descending="false" />
      </entity>
    </fetch>
  </fetchxml>
  <IntroducedVersion>5.0.0.0</IntroducedVersion>
  <LocalizedNames>
    <LocalizedName description="Local Business Teams" languagecode="1033" />
    <LocalizedName description="Zespoły z lokalnej jednostki biznesowej" languagecode="1045" />
  </LocalizedNames>
</savedquery>