﻿<?xml version="1.0" encoding="utf-8"?>
<savedquery unmodified="1">
  <isquickfindquery>0</isquickfindquery>
  <isprivate>0</isprivate>
  <isdefault>0</isdefault>
  <returnedtypecode>9</returnedtypecode>
  <savedqueryid>{1811613a-143d-40fd-8d7b-7356ec7c9df5}</savedqueryid>
  <queryapi></queryapi>
  <layoutxml>
    <grid name="teams" object="9" jump="name" select="1" icon="1" preview="1">
      <row name="team" id="teamid">
        <cell name="name" width="300" />
        <cell name="businessunitid" width="100" />
      </row>
    </grid>
  </layoutxml>
  <querytype>0</querytype>
  <fetchxml>
    <fetch version="1.0" output-format="xml-platform" mapping="logical">
      <entity name="team">
        <attribute name="name" />
        <attribute name="businessunitid" />
        <attribute name="teamid" />
        <attribute name="teamtype" />
        <filter type="and">
          <condition attribute="teamtype" operator="eq" value="1" />
          <condition attribute="systemmanaged" operator="eq" value="0" />
        </filter>
        <order attribute="name" descending="false" />
      </entity>
    </fetch>
  </fetchxml>
  <IntroducedVersion>6.0.0.0</IntroducedVersion>
  <LocalizedNames>
    <LocalizedName description="All User Access Teams" languagecode="1033" />
    <LocalizedName description="Wszystkie zespoły z dostępem do użytkowników" languagecode="1045" />
  </LocalizedNames>
</savedquery>