﻿<?xml version="1.0" encoding="utf-8"?>
<savedquery unmodified="1">
  <isquickfindquery>0</isquickfindquery>
  <isprivate>0</isprivate>
  <isdefault>1</isdefault>
  <returnedtypecode>9</returnedtypecode>
  <savedqueryid>{57e39843-404c-48e5-b1d9-1889098fb65c}</savedqueryid>
  <queryapi></queryapi>
  <layoutxml>
    <grid name="resultset" object="9" jump="name" select="1" preview="0" icon="1">
      <row name="result" id="teamid">
        <cell name="name" width="300" />
      </row>
    </grid>
  </layoutxml>
  <querytype>64</querytype>
  <fetchxml>
    <fetch version="1.0" mapping="logical">
      <entity name="team">
        <attribute name="name" />
        <attribute name="teamid" />
        <filter type="and">
          <condition attribute="teamtype" operator="eq" value="0" />
        </filter>
      </entity>
    </fetch>
  </fetchxml>
  <IntroducedVersion>5.0.0.0</IntroducedVersion>
  <LocalizedNames>
    <LocalizedName description="Teams Lookup View" languagecode="1033" />
    <LocalizedName description="Zespoły - widok wyszukiwania" languagecode="1045" />
  </LocalizedNames>
</savedquery>