<?xml version="1.0" encoding="utf-8"?>
<forms xmlns:xsi="http://www.w3.org/2001/XMLSchema-instance">
  <systemform>
    <formid>{69cff312-cfb6-4289-9631-249ab85d2c62}</formid>
    <IntroducedVersion>7.0.0.0</IntroducedVersion>
    <FormPresentation>0</FormPresentation>
    <FormActivationState>1</FormActivationState>
    <form>
      <tabs>
        <tab
          name="hierarchy"
          verticallayout="true"
          id="{ee701130-9f7e-4c91-b842-ac167874416d}"
          IsUserDefined="0"
          ordinalvalue="0">
          <columns>
            <column
              width="100%"
              id="0">
              <sections>
                <section
                  name="account tile"
                  id="{7d0de66d-72fd-4e03-8a38-941bc343a644}"
                  ordinalvalue="0">
                  <rows>
                    <row>
                      <cell
                        id="{14783db0-8a16-4ee9-9d02-c58887109913}"
                        ordinalvalue="10003"
                        solutionaction="Modified" />
                    </row>
                    <row>
                      <cell
                        id="{7dbb897d-ae3b-4f49-b03c-b51042b70931}"
                        colspan="1"
                        rowspan="1"
                        ordinalvalue="10002"
                        solutionaction="Modified" />
                    </row>
                    <row>
                      <cell
                        id="{54e09ca5-6c59-560b-b2ba-a0d82e6ae516}"
                        showlabel="true"
                        locklevel="0"
                        ordinalvalue="10004"
                        solutionaction="Modified">
                        <labels>
                          <label
                            description="Open Revenue"
                            languagecode="1033"
                            solutionaction="Added" />
                          <label
                            description="Hasil Terbuka"
                            languagecode="1086"
                            solutionaction="Added" />
                        </labels>
                      </cell>
                    </row>
                    <row>
                      <cell
                        id="{9c7004ec-51b9-32d8-4608-82eb65755796}"
                        showlabel="true"
                        locklevel="0"
                        ordinalvalue="10003"
                        solutionaction="Removed" />
                    </row>
                    <row>
                      <cell
                        id="{1e78ae83-a445-4ea7-abd8-96418329a2bf}"
                        locklevel="0"
                        colspan="1"
                        rowspan="1"
                        ordinalvalue="10000"
                        solutionaction="Added">
                        <labels>
                          <label
                            description="Type"
                            languagecode="1033" />
                        </labels>
                        <control
                          id="rhm_type"
                          classid="{270BD3DB-D9AF-4782-9025-509E298DEC0A}"
                          datafieldname="rhm_type"
                          disabled="false" />
                      </cell>
                    </row>
                    <row>
                      <cell
                        id="{9729e30d-8faa-40fe-8733-8e021e559186}"
                        locklevel="0"
                        colspan="1"
                        rowspan="1"
                        ordinalvalue="10001"
                        solutionaction="Added">
                        <labels>
                          <label
                            description="Owning Business Unit"
                            languagecode="1033" />
                          <label
                            description="Unit Perniagaan Pemilikan"
                            languagecode="1086" />
                        </labels>
                        <control
                          id="owningbusinessunit"
                          classid="{270BD3DB-D9AF-4782-9025-509E298DEC0A}"
                          datafieldname="owningbusinessunit"
                          disabled="false" />
                      </cell>
                    </row>
                  </rows>
                </section>
              </sections>
            </column>
          </columns>
        </tab>
      </tabs>
      <DisplayConditions
        Order="0"
        FallbackForm="true"
        solutionaction="Added">
        <Everyone />
      </DisplayConditions>
    </form>
    <LocalizedNames>
      <LocalizedName
        description="Account Hierarchy Tile Form"
        languagecode="1033" />
      <LocalizedName
        description=""
        languagecode="1086" />
    </LocalizedNames>
    <Descriptions>
      <Description
        description="This is the account hierarchy definition."
        languagecode="1033" />
      <Description
        description="Ini ialah definisi hierarki akaun."
        languagecode="1086" />
    </Descriptions>
  </systemform>
</forms>