﻿<?xml version="1.0" encoding="utf-8"?>
<systemform>
  <formid>{6a740c25-c4e9-472b-837d-ffb81da059fa}</formid>
  <IntroducedVersion>1.0.0.0</IntroducedVersion>
  <FormPresentation>1</FormPresentation>
  <FormActivationState>1</FormActivationState>
  <form>
    <tabs>
      <tab verticallayout="true" id="{35db84f0-9efd-4155-be15-88e5166bbb0b}" IsUserDefined="1">
        <labels>
          <label description="General" languagecode="1033" />
        </labels>
        <columns>
          <column width="100%">
            <sections>
              <section showlabel="false" showbar="false" IsUserDefined="0" id="{a0a65b7c-b4fc-4987-9908-95cfe137f241}">
                <labels>
                  <label description="General" languagecode="1033" />
                </labels>
                <rows>
                  <row>
                    <cell id="{b888b110-1527-448c-b09b-fdfa85da4853}" showlabel="true" locklevel="0">
                      <labels>
                        <label description="Message" languagecode="1033" />
                      </labels>
                      <control id="rbs_name" classid="{4273EDBD-AC1D-40d3-9FB2-095C621B552D}" datafieldname="rbs_name" uniqueid="{4c7cc729-ddc2-c0b2-8daa-312406cb5c49}" disabled="false" />
                    </cell>
                  </row>
                  <row>
                    <cell id="{9ccc3dd7-06a6-9967-7101-eaac298dc252}" showlabel="true" locklevel="0">
                      <labels>
                        <label description="Notification Description" languagecode="1033" />
                      </labels>
                      <control id="rbs_notificationdescription" classid="{E0DECE4B-6FC8-4a8f-A065-082708572369}" datafieldname="rbs_notificationdescription" disabled="false" uniqueid="{ed5249d1-ad79-5b23-6281-72c64a22c506}" />
                    </cell>
                  </row>
                  <row>
                    <cell id="{1543abf8-b53d-42e1-bac0-e4d71f58493e}">
                      <labels>
                        <label description="Owner" languagecode="1033" />
                      </labels>
                      <control id="ownerid" classid="{270BD3DB-D9AF-4782-9025-509E298DEC0A}" datafieldname="ownerid" />
                    </cell>
                  </row>
                </rows>
              </section>
            </sections>
          </column>
        </columns>
      </tab>
    </tabs>
    <Navigation>
      <NavBar></NavBar>
      <NavBarAreas>
        <NavBarArea Id="Info">
          <Titles>
            <Title LCID="1033" Text="Common" />
          </Titles>
        </NavBarArea>
        <NavBarArea Id="Sales">
          <Titles>
            <Title LCID="1033" Text="Sales" />
          </Titles>
        </NavBarArea>
        <NavBarArea Id="Service">
          <Titles>
            <Title LCID="1033" Text="Service" />
          </Titles>
        </NavBarArea>
        <NavBarArea Id="Marketing">
          <Titles>
            <Title LCID="1033" Text="Marketing" />
          </Titles>
        </NavBarArea>
        <NavBarArea Id="ProcessCenter">
          <Titles>
            <Title LCID="1033" Text="Process Sessions" />
          </Titles>
        </NavBarArea>
      </NavBarAreas>
    </Navigation>
    <controlDescriptions />
  </form>
  <IsCustomizable>1</IsCustomizable>
  <CanBeDeleted>1</CanBeDeleted>
  <LocalizedNames>
    <LocalizedName description="Information" languagecode="1033" />
  </LocalizedNames>
  <Descriptions>
    <Description description="A form for this entity." languagecode="1033" />
  </Descriptions>
</systemform>