﻿<?xml version="1.0" encoding="utf-8"?>
<systemform>
  <formid>{cd95c1ab-2e7e-4115-b2b5-becb1cf46392}</formid>
  <IntroducedVersion>1.0.0.0</IntroducedVersion>
  <FormPresentation>1</FormPresentation>
  <FormActivationState>1</FormActivationState>
  <form>
    <tabs>
      <tab id="{1ed6798e-c220-4210-9b21-77a014b91554}" name="tab_1" showlabel="false" locklevel="0" expanded="true">
        <labels>
          <label description="General" languagecode="1033" />
        </labels>
        <columns>
          <column width="33%">
            <sections>
              <section id="{416e3955-a33b-4dcd-b945-1f0b2557d853}" name="tab_1_column_1_section_1" columns="1" showlabel="false" showbar="false" IsUserDefined="0">
                <labels>
                  <label description="section" languagecode="1033" />
                </labels>
                <rows>
                  <row>
                    <cell id="{0d240919-1e2a-a37c-3a2d-add1a6c115d8}" showlabel="true" locklevel="0">
                      <labels>
                        <label description="Position" languagecode="1033" />
                      </labels>
                      <control id="rbs_position" classid="{270BD3DB-D9AF-4782-9025-509E298DEC0A}" datafieldname="rbs_position" disabled="false" />
                    </cell>
                  </row>
                </rows>
              </section>
            </sections>
          </column>
          <column width="33%">
            <sections>
              <section id="{ab9b67dc-c783-4dc9-9074-87dc52542501}" name="tab_1_column_2_section_1" columns="1" showlabel="false" showbar="false" IsUserDefined="0">
                <labels>
                  <label description="section" languagecode="1033" />
                </labels>
                <rows>
                  <row>
                    <cell id="{a32c4cb9-26ed-4300-98c9-7bce13856730}" showlabel="true" locklevel="0">
                      <labels>
                        <label description="Distribution Threshold Count" languagecode="1033" />
                      </labels>
                      <control id="rbs_distributionthresholdcount" classid="{C6D124CA-7EDA-4a60-AEA9-7FB8D318B68F}" datafieldname="rbs_distributionthresholdcount" disabled="false" />
                    </cell>
                  </row>
                </rows>
              </section>
            </sections>
          </column>
          <column width="33%">
            <sections>
              <section id="{ec751668-8196-48c7-968f-8b9faf3190a4}" name="tab_1_column_3_section_1" columns="1" showlabel="false" showbar="false" IsUserDefined="0">
                <labels>
                  <label description="section" languagecode="1033" />
                </labels>
                <rows>
                  <row>
                    <cell id="{6fc7eece-a084-4b87-aa7d-43e7d647a789}">
                      <labels>
                        <label description="" languagecode="1033" />
                      </labels>
                    </cell>
                  </row>
                </rows>
              </section>
            </sections>
          </column>
        </columns>
      </tab>
    </tabs>
    <DisplayConditions Order="1">
      <Role Id="{627090ff-40a3-4053-8790-584edc5be201}" />
      <Role Id="{119f245c-3cc8-4b62-b31c-d1a046ced15d}" />
    </DisplayConditions>
  </form>
  <IsCustomizable>1</IsCustomizable>
  <CanBeDeleted>1</CanBeDeleted>
  <LocalizedNames>
    <LocalizedName description="New Form" languagecode="1033" />
  </LocalizedNames>
</systemform>