﻿<?xml version="1.0" encoding="utf-8"?>
<systemform>
  <formid>{7ce7ca60-5902-4ec2-82bb-e401f7bb46c9}</formid>
  <IntroducedVersion>1.0.0.0</IntroducedVersion>
  <FormPresentation>1</FormPresentation>
  <FormActivationState>1</FormActivationState>
  <form shownavigationbar="true" showImage="false" maxWidth="1900">
    <tabs>
      <tab verticallayout="true" id="{627fac4a-7233-4858-8cba-e047b70618eb}" IsUserDefined="1">
        <labels>
          <label description="General" languagecode="1033" />
        </labels>
        <columns>
          <column width="100%">
            <sections>
              <section showlabel="false" showbar="false" IsUserDefined="0" id="{ec9db483-904d-4ab4-80e2-1b99bbe240c0}" name="{ec9db483-904d-4ab4-80e2-1b99bbe240c0}" columns="11" locklevel="0" labelwidth="170" celllabelalignment="Left" celllabelposition="Left">
                <labels>
                  <label description="General" languagecode="1033" />
                </labels>
                <rows>
                  <row>
                    <cell id="{c97b7644-e2ed-4f81-b90d-ac1117aab81c}" showlabel="true" locklevel="0" colspan="2">
                      <labels>
                        <label description="Name" languagecode="1033" />
                      </labels>
                      <control id="rbs_name" classid="{4273EDBD-AC1D-40d3-9FB2-095C621B552D}" datafieldname="rbs_name" uniqueid="{5e640abb-1266-4e37-90a6-39048016b092}" disabled="false" />
                    </cell>
                  </row>
                  <row>
                    <cell id="{ca595e40-1643-1055-4772-73b6b67a95ed}" showlabel="true" locklevel="0" rowspan="3" colspan="2">
                      <labels>
                        <label description="Description" languagecode="1033" />
                      </labels>
                      <control id="rbs_description" classid="{E0DECE4B-6FC8-4a8f-A065-082708572369}" datafieldname="rbs_description" disabled="false" uniqueid="{2b285280-76a7-2dd5-a25b-cd2e31ca9a68}" />
                    </cell>
                  </row>
                  <row />
                  <row />
                  <row>
                    <cell id="{54257285-5b2e-17a0-5a80-e5b5910a5072}" showlabel="true" locklevel="0">
                      <labels>
                        <label description="Target Entity (Schema Name)" languagecode="1033" />
                      </labels>
                      <control id="rbs_targetentityschemaname" classid="{4273EDBD-AC1D-40d3-9FB2-095C621B552D}" datafieldname="rbs_targetentityschemaname" disabled="false" />
                    </cell>
                    <cell id="{e7e41298-7c57-9818-c814-7d9924ca7700}" showlabel="true" locklevel="0" rowspan="4">
                      <labels>
                        <label description="Retrieval Criteria (in Xml)" languagecode="1033" />
                      </labels>
                      <control id="rbs_retrievalcriteriainxml" classid="{E0DECE4B-6FC8-4a8f-A065-082708572369}" datafieldname="rbs_retrievalcriteriainxml" disabled="false" uniqueid="{4b47634e-7e61-b27d-04bd-e459d68e4be9}" />
                    </cell>
                  </row>
                  <row>
                    <cell id="{2ee90dc5-d2e2-8b5e-12d1-5c56531b5e89}" showlabel="true" locklevel="0">
                      <labels>
                        <label description="Group Records By (Schema Name)" languagecode="1033" />
                      </labels>
                      <control id="rbs_grouprecordsbyschemaname" classid="{4273EDBD-AC1D-40d3-9FB2-095C621B552D}" datafieldname="rbs_grouprecordsbyschemaname" disabled="false" />
                    </cell>
                  </row>
                  <row>
                    <cell id="{025656c0-1950-7207-b23c-86370c97948e}" showlabel="false" userspacer="true">
                      <labels>
                        <label description="" languagecode="1033" />
                      </labels>
                    </cell>
                  </row>
                  <row>
                    <cell id="{b5ae2108-8ae3-3dca-ba06-5a2ba7564b40}" showlabel="false" userspacer="true">
                      <labels>
                        <label description="" languagecode="1033" />
                      </labels>
                    </cell>
                  </row>
                  <row>
                    <cell id="{90373c27-bcb7-a091-5db6-33da2d684dda}" showlabel="true" locklevel="0">
                      <labels>
                        <label description="Distribution Target Type" languagecode="1033" />
                      </labels>
                      <control id="rbs_distributiontargettype" classid="{3EF39988-22BB-4f0b-BBBE-64B5A3748AEE}" datafieldname="rbs_distributiontargettype" disabled="false" uniqueid="{6a761021-3285-b231-9ad9-83d20b218994}" />
                    </cell>
                    <cell id="{548e89ba-c1bd-0971-a55e-e21e774b7473}" showlabel="true" locklevel="0">
                      <labels>
                        <label description="Exclusion Team" languagecode="1033" />
                      </labels>
                      <control id="rbs_exclusionteam" classid="{270BD3DB-D9AF-4782-9025-509E298DEC0A}" datafieldname="rbs_exclusionteam" disabled="false" />
                    </cell>
                  </row>
                  <row>
                    <cell id="{d7c47b82-3023-1550-79ec-583cbac88c7b}" showlabel="true" locklevel="0" colspan="2">
                      <labels>
                        <label description="Is Audit Required" languagecode="1033" />
                      </labels>
                      <control id="rbs_isauditrequired" classid="{67FAC785-CD58-4f9f-ABB3-4B7DDC6ED5ED}" datafieldname="rbs_isauditrequired" disabled="false" uniqueid="{88ea7d57-4a89-844c-c982-9c757d3dd40e}" />
                    </cell>
                  </row>
                </rows>
              </section>
            </sections>
          </column>
        </columns>
      </tab>
      <tab name="tab_2" id="{ce9b4a06-e7cd-b329-00d7-7591a6071079}" IsUserDefined="0" locklevel="0" showlabel="false" expanded="true">
        <labels>
          <label description="Tab" languagecode="1033" />
        </labels>
        <columns>
          <column width="50%">
            <sections>
              <section name="tab_2_section_1" showlabel="false" showbar="false" locklevel="0" id="{c8eb6d7a-1091-5325-0424-135002a0ace4}" IsUserDefined="0" layout="varwidth" columns="1" labelwidth="115">
                <labels>
                  <label description="Section" languagecode="1033" />
                </labels>
                <rows>
                  <row>
                    <cell id="{8924a7ac-e96a-1c28-0e95-2ee7cd5bc715}" showlabel="true" colspan="1" auto="false" rowspan="7">
                      <labels>
                        <label description="Teams" languagecode="1033" />
                      </labels>
                      <control id="TeamRuleRelationships" classid="{E7A81278-8635-4d9e-8D4D-59480B391C5B}" indicationOfSubgrid="true" uniqueid="{7cdaa838-c5c8-736c-ba15-82e475112ac8}">
                        <parameters>
                          <ViewId>{53CC8AEF-6CE7-4A27-ABFE-A07716026B16}</ViewId>
                          <IsUserView>false</IsUserView>
                          <RelationshipName>rbs_rbs_distributionrule_rbs_teamrulerelationship_DistributionRule</RelationshipName>
                          <TargetEntityType>rbs_teamrulerelationship</TargetEntityType>
                          <AutoExpand>Fixed</AutoExpand>
                          <EnableQuickFind>false</EnableQuickFind>
                          <EnableViewPicker>false</EnableViewPicker>
                          <ViewIds>{53CC8AEF-6CE7-4A27-ABFE-A07716026B16}</ViewIds>
                          <EnableJumpBar>false</EnableJumpBar>
                          <ChartGridMode>All</ChartGridMode>
                          <VisualizationId />
                          <IsUserChart>false</IsUserChart>
                          <EnableChartPicker>true</EnableChartPicker>
                          <RecordsPerPage>4</RecordsPerPage>
                        </parameters>
                      </control>
                    </cell>
                  </row>
                  <row />
                  <row />
                  <row />
                  <row />
                  <row />
                  <row />
                  <row>
                    <cell id="{58454a69-3c9c-b002-4bb6-867597413b05}" showlabel="true" colspan="1" auto="false" rowspan="7">
                      <labels>
                        <label description="Users" languagecode="1033" />
                      </labels>
                      <control id="UserRuleRelationships" classid="{E7A81278-8635-4d9e-8D4D-59480B391C5B}" indicationOfSubgrid="true" uniqueid="{28bd403c-63e5-2758-a15d-8c4ea1e61c48}">
                        <parameters>
                          <ViewId>{FBFC3779-C95B-4F00-A98F-7D2DAD3F6E39}</ViewId>
                          <IsUserView>false</IsUserView>
                          <RelationshipName>rbs_rbs_distributionrule_rbs_userrulerelationship_DistributionRule</RelationshipName>
                          <TargetEntityType>rbs_userrulerelationship</TargetEntityType>
                          <AutoExpand>Fixed</AutoExpand>
                          <EnableQuickFind>false</EnableQuickFind>
                          <EnableViewPicker>false</EnableViewPicker>
                          <ViewIds>{FBFC3779-C95B-4F00-A98F-7D2DAD3F6E39}</ViewIds>
                          <EnableJumpBar>false</EnableJumpBar>
                          <ChartGridMode>All</ChartGridMode>
                          <VisualizationId />
                          <IsUserChart>false</IsUserChart>
                          <EnableChartPicker>true</EnableChartPicker>
                          <RecordsPerPage>4</RecordsPerPage>
                        </parameters>
                      </control>
                    </cell>
                  </row>
                  <row />
                  <row />
                  <row />
                  <row />
                  <row />
                  <row />
                </rows>
              </section>
            </sections>
          </column>
          <column width="50%">
            <sections>
              <section name="tab_2_section_2" showlabel="false" showbar="false" locklevel="0" id="{e11141ca-b150-0ed5-00bd-965e0d56bed5}" IsUserDefined="0" layout="varwidth" columns="1" labelwidth="115">
                <labels>
                  <label description="Section" languagecode="1033" />
                </labels>
                <rows>
                  <row>
                    <cell id="{72da169d-bde6-9ec0-c1ec-dcd605eb0a11}" showlabel="true" colspan="1" auto="false" rowspan="7">
                      <labels>
                        <label description="Security Roles" languagecode="1033" />
                      </labels>
                      <control id="SecurityRoleRuleRelationships" classid="{E7A81278-8635-4d9e-8D4D-59480B391C5B}" indicationOfSubgrid="true" uniqueid="{cc1cd4b1-7441-787e-b96a-849c54572075}">
                        <parameters>
                          <ViewId>{3120F8C4-849C-4BBA-A3F2-DFA9E85A512C}</ViewId>
                          <IsUserView>false</IsUserView>
                          <RelationshipName>rbs_rbs_distributionrule_rbs_securityrolerulerelationship_DistributionRule</RelationshipName>
                          <TargetEntityType>rbs_securityrolerulerelationship</TargetEntityType>
                          <AutoExpand>Fixed</AutoExpand>
                          <EnableQuickFind>false</EnableQuickFind>
                          <EnableViewPicker>false</EnableViewPicker>
                          <ViewIds>{3120F8C4-849C-4BBA-A3F2-DFA9E85A512C}</ViewIds>
                          <EnableJumpBar>false</EnableJumpBar>
                          <ChartGridMode>All</ChartGridMode>
                          <VisualizationId />
                          <IsUserChart>false</IsUserChart>
                          <EnableChartPicker>true</EnableChartPicker>
                          <RecordsPerPage>4</RecordsPerPage>
                        </parameters>
                      </control>
                    </cell>
                  </row>
                  <row />
                  <row />
                  <row />
                  <row />
                  <row />
                  <row />
                  <row>
                    <cell id="{a3b11198-3209-c78c-da7d-38bbad861b23}" showlabel="true" colspan="1" auto="false" rowspan="7">
                      <labels>
                        <label description="Positions" languagecode="1033" />
                      </labels>
                      <control id="PositionRuleRelationships" classid="{E7A81278-8635-4d9e-8D4D-59480B391C5B}" indicationOfSubgrid="true" uniqueid="{63dcca03-10b0-62d9-7768-0ec3291bcbbd}">
                        <parameters>
                          <ViewId>{45ED9680-C8A8-44DF-A484-A4FFD8E16B06}</ViewId>
                          <IsUserView>false</IsUserView>
                          <RelationshipName>rbs_rbs_distributionrule_rbs_positionrulerelationship_DistributionRule</RelationshipName>
                          <TargetEntityType>rbs_positionrulerelationship</TargetEntityType>
                          <AutoExpand>Fixed</AutoExpand>
                          <EnableQuickFind>false</EnableQuickFind>
                          <EnableViewPicker>false</EnableViewPicker>
                          <ViewIds>{45ED9680-C8A8-44DF-A484-A4FFD8E16B06}</ViewIds>
                          <EnableJumpBar>false</EnableJumpBar>
                          <ChartGridMode>All</ChartGridMode>
                          <VisualizationId />
                          <IsUserChart>false</IsUserChart>
                          <EnableChartPicker>true</EnableChartPicker>
                          <RecordsPerPage>4</RecordsPerPage>
                        </parameters>
                      </control>
                    </cell>
                  </row>
                  <row />
                  <row />
                  <row />
                  <row />
                  <row />
                  <row />
                </rows>
              </section>
            </sections>
          </column>
        </columns>
      </tab>
    </tabs>
    <header id="{6f66e087-a8af-4002-9776-211436e7fde4}" columns="111">
      <rows>
        <row>
          <cell id="{b0ed7eae-6666-478e-ba58-d4b9c7478af5}" showlabel="false">
            <labels>
              <label description="" languagecode="1033" />
            </labels>
          </cell>
          <cell id="{08b64748-5a9c-5c31-096c-bbdd8286de16}" showlabel="true" locklevel="0">
            <labels>
              <label description="Status Reason" languagecode="1033" />
            </labels>
            <control id="header_statuscode" classid="{5D68B988-0661-4db2-BC3E-17598AD3BE6C}" datafieldname="statuscode" disabled="false" />
          </cell>
          <cell id="{7657e674-6195-90e2-578d-d94d2420a965}" showlabel="true" locklevel="0">
            <labels>
              <label description="Modified On" languagecode="1033" />
            </labels>
            <control id="header_modifiedon" classid="{5B773807-9FB2-42db-97C3-7A91EFF8ADFF}" datafieldname="modifiedon" disabled="true" uniqueid="{4d2db997-a9a8-c833-b46a-c2029415be75}" />
          </cell>
        </row>
      </rows>
    </header>
    <Navigation>
      <NavBar></NavBar>
      <NavBarAreas>
        <NavBarArea Id="Info">
          <Titles>
            <Title LCID="1033" Text="Common" />
          </Titles>
        </NavBarArea>
        <NavBarArea Id="Sales">
          <Titles>
            <Title LCID="1033" Text="Sales" />
          </Titles>
        </NavBarArea>
        <NavBarArea Id="Service">
          <Titles>
            <Title LCID="1033" Text="Service" />
          </Titles>
        </NavBarArea>
        <NavBarArea Id="Marketing">
          <Titles>
            <Title LCID="1033" Text="Marketing" />
          </Titles>
        </NavBarArea>
        <NavBarArea Id="ProcessCenter">
          <Titles>
            <Title LCID="1033" Text="Process Sessions" />
          </Titles>
        </NavBarArea>
      </NavBarAreas>
    </Navigation>
    <controlDescriptions />
    <formLibraries>
      <Library name="rbs_DistributionRule" libraryUniqueId="{a977ec09-c3d4-4084-1a69-24d333a525ce}" />
    </formLibraries>
    <events>
      <event name="onload" application="false" active="false">
        <Handlers>
          <Handler functionName="BindSubGridRefreshEvents" libraryName="rbs_DistributionRule" handlerUniqueId="{9a1e3e54-9e83-6ba8-860d-1e38b1c006e1}" enabled="true" parameters="" passExecutionContext="false" />
          <Handler functionName="ShowHideSubGrids" libraryName="rbs_DistributionRule" handlerUniqueId="{0673ccd8-9a46-33dd-b7bb-9886148b5d46}" enabled="true" parameters="" passExecutionContext="false" />
          <Handler handlerUniqueId="{663473d9-5dd2-5045-8304-e3d418a738d7}" functionName="ValidateMandatoryCounts" libraryName="rbs_DistributionRule" enabled="false" passExecutionContext="false" parameters="" />
        </Handlers>
      </event>
      <event name="onchange" application="false" active="false" attribute="rbs_distributiontargettype">
        <Handlers>
          <Handler functionName="ShowHideSubGrids" libraryName="rbs_DistributionRule" handlerUniqueId="{a42480ec-e534-d6c6-1628-902561007861}" enabled="true" parameters="" passExecutionContext="false" />
        </Handlers>
      </event>
    </events>
  </form>
  <IsCustomizable>1</IsCustomizable>
  <CanBeDeleted>1</CanBeDeleted>
  <LocalizedNames>
    <LocalizedName description="Information" languagecode="1033" />
  </LocalizedNames>
  <Descriptions>
    <Description description="A form for this entity." languagecode="1033" />
  </Descriptions>
</systemform>