﻿<?xml version="1.0" encoding="utf-8"?>
<systemform>
  <formid>{d4f5b678-6ec5-4aaf-999f-9a297e90d2c0}</formid>
  <IntroducedVersion>1.0.0.0</IntroducedVersion>
  <FormPresentation>1</FormPresentation>
  <FormActivationState>1</FormActivationState>
  <form>
    <tabs>
      <tab verticallayout="true" id="{c58aaa57-8480-4e1b-b052-f8ea11c5fade}" IsUserDefined="1">
        <labels>
          <label description="General" languagecode="1033" />
        </labels>
        <columns>
          <column width="100%">
            <sections>
              <section showlabel="false" showbar="false" IsUserDefined="0" id="{1712f482-9210-4ccf-8ac9-2a0b46e84252}">
                <labels>
                  <label description="General" languagecode="1033" />
                </labels>
                <rows>
                  <row>
                    <cell id="{3226e828-dd6b-4a49-9d4a-7015b28c3007}" showlabel="true" locklevel="0" visible="false">
                      <labels>
                        <label description="Name" languagecode="1033" />
                      </labels>
                      <control id="rbs_name" classid="{4273EDBD-AC1D-40d3-9FB2-095C621B552D}" datafieldname="rbs_name" uniqueid="{7dac3d7b-4368-c669-8023-eb59677aa536}" disabled="true" />
                    </cell>
                  </row>
                  <row>
                    <cell id="{f41550ac-f72a-4611-8c7b-face7aa86e2b}" showlabel="true" locklevel="1" visible="false">
                      <labels>
                        <label description="Owner" languagecode="1033" />
                      </labels>
                      <control id="ownerid" classid="{270BD3DB-D9AF-4782-9025-509E298DEC0A}" datafieldname="ownerid" uniqueid="{a542d3b5-ed9c-017c-97a7-348cc504e81c}" disabled="true">
                        <parameters>
                          <AutoResolve>true</AutoResolve>
                          <DisableMru>false</DisableMru>
                        </parameters>
                      </control>
                    </cell>
                  </row>
                  <row>
                    <cell id="{4ce8cb66-667c-4e98-0eda-b7ce769d8700}" showlabel="true" locklevel="0">
                      <labels>
                        <label description="User" languagecode="1033" />
                      </labels>
                      <control id="rbs_user" classid="{270BD3DB-D9AF-4782-9025-509E298DEC0A}" datafieldname="rbs_user" disabled="false" />
                    </cell>
                  </row>
                  <row>
                    <cell id="{59a90212-38ea-2d98-73bc-15ca7889a224}" showlabel="true" locklevel="0">
                      <labels>
                        <label description="Distribution Rule" languagecode="1033" />
                      </labels>
                      <control id="rbs_distributionrule" classid="{270BD3DB-D9AF-4782-9025-509E298DEC0A}" datafieldname="rbs_distributionrule" disabled="true" uniqueid="{68e86be0-57a8-6668-866b-451d33e2d063}">
                        <parameters>
                          <AutoResolve>true</AutoResolve>
                          <DisableMru>false</DisableMru>
                          <DisableQuickFind>false</DisableQuickFind>
                          <DisableViewPicker>false</DisableViewPicker>
                          <DefaultViewId>{3BD6BE9E-6498-4AAF-A099-5B5A992ED3CB}</DefaultViewId>
                          <AllowFilterOff>false</AllowFilterOff>
                        </parameters>
                      </control>
                    </cell>
                  </row>
                  <row>
                    <cell id="{d192a9a4-dc88-8502-110b-684716c2db16}" showlabel="true" locklevel="0">
                      <labels>
                        <label description="Distribution Threshold Count" languagecode="1033" />
                      </labels>
                      <control id="rbs_distributionthresholdcount" classid="{C6D124CA-7EDA-4a60-AEA9-7FB8D318B68F}" datafieldname="rbs_distributionthresholdcount" disabled="false" />
                    </cell>
                  </row>
                </rows>
              </section>
            </sections>
          </column>
        </columns>
      </tab>
    </tabs>
    <header id="{133b9016-673f-41f2-9ffd-a6001c4481b3}" columns="111">
      <rows>
        <row>
          <cell id="{a719f8ac-876b-46ad-98ba-3e76898e8180}">
            <labels>
              <label description="" languagecode="1033" />
            </labels>
          </cell>
          <cell id="{223dd280-a488-e7de-db80-579a8e99b0be}" showlabel="true" locklevel="0">
            <labels>
              <label description="Status" languagecode="1033" />
            </labels>
            <control id="header_statecode" classid="{3EF39988-22BB-4f0b-BBBE-64B5A3748AEE}" datafieldname="statecode" disabled="false" />
          </cell>
          <cell id="{03c365b7-083b-3560-97a1-c70d66c12b5b}" showlabel="true" locklevel="0">
            <labels>
              <label description="Owner" languagecode="1033" />
            </labels>
            <control id="header_ownerid" classid="{270BD3DB-D9AF-4782-9025-509E298DEC0A}" datafieldname="ownerid" disabled="false" />
          </cell>
        </row>
      </rows>
    </header>
    <Navigation>
      <NavBar></NavBar>
      <NavBarAreas>
        <NavBarArea Id="Info">
          <Titles>
            <Title LCID="1033" Text="Common" />
          </Titles>
        </NavBarArea>
        <NavBarArea Id="Sales">
          <Titles>
            <Title LCID="1033" Text="Sales" />
          </Titles>
        </NavBarArea>
        <NavBarArea Id="Service">
          <Titles>
            <Title LCID="1033" Text="Service" />
          </Titles>
        </NavBarArea>
        <NavBarArea Id="Marketing">
          <Titles>
            <Title LCID="1033" Text="Marketing" />
          </Titles>
        </NavBarArea>
        <NavBarArea Id="ProcessCenter">
          <Titles>
            <Title LCID="1033" Text="Process Sessions" />
          </Titles>
        </NavBarArea>
      </NavBarAreas>
    </Navigation>
    <controlDescriptions />
  </form>
  <IsCustomizable>1</IsCustomizable>
  <CanBeDeleted>1</CanBeDeleted>
  <LocalizedNames>
    <LocalizedName description="Information" languagecode="1033" />
  </LocalizedNames>
  <Descriptions>
    <Description description="A form for this entity." languagecode="1033" />
  </Descriptions>
</systemform>