﻿<?xml version="1.0" encoding="utf-8"?>
<systemform>
  <formid>{1fed44d1-ae68-4a41-bd2b-f13acac4acfa}</formid>
  <IntroducedVersion>5.0.0.0</IntroducedVersion>
  <FormPresentation>1</FormPresentation>
  <FormActivationState>1</FormActivationState>
  <form showImage="true">
    <ancestor id="{1fed44d1-ae68-4a41-bd2b-f13acac4acfa}" />
    <hiddencontrols>
      <data id="fullname" datafieldname="fullname" classid="{5546E6CD-394C-4bee-94A8-4425E17EF6C6}" />
      <data id="address1_addressid" datafieldname="address1_addressid" classid="{5546E6CD-394C-4bee-94A8-4425E17EF6C6}" />
      <data id="address2_addressid" datafieldname="address2_addressid" classid="{5546E6CD-394C-4bee-94A8-4425E17EF6C6}" />
    </hiddencontrols>
    <tabs>
      <tab name="SUMMARY_TAB" id="{15bb2d4b-71da-74ea-3c5b-e497d78a55a2}" IsUserDefined="0" showlabel="true" expanded="true" locklevel="0">
        <labels>
          <label description="Summary" languagecode="1033" />
        </labels>
        <columns>
          <column width="50%">
            <sections>
              <section name="CONTACT_INFORMATION" showlabel="true" showbar="false" id="{9d943649-0387-1882-caa1-36de40d5a86c}" IsUserDefined="0" layout="varwidth" columns="1" labelwidth="250" celllabelposition="Left" locklevel="0" celllabelalignment="Left">
                <labels>
                  <label description="CONTACT INFORMATION" languagecode="1033" />
                </labels>
                <rows>
                  <row>
                    <cell id="{e8c29190-47a0-88b0-9194-5c06284e959c}" showlabel="true" locklevel="0">
                      <labels>
                        <label description="Business Area" languagecode="1033" />
                      </labels>
                      <control id="parentcustomerid" classid="{270BD3DB-D9AF-4782-9025-509E298DEC0A}" datafieldname="parentcustomerid" disabled="false">
                        <parameters>
                          <AutoResolve>true</AutoResolve>
                          <DisableMru>false</DisableMru>
                        </parameters>
                      </control>
                    </cell>
                  </row>
                  <row>
                    <cell id="{542e581d-cca1-5e40-e6d9-d67a9d1468b4}" showlabel="true" locklevel="0">
                      <labels>
                        <label description="Full Name" languagecode="1033" />
                      </labels>
                      <control id="fullname" classid="{4273EDBD-AC1D-40d3-9FB2-095C621B552D}" datafieldname="fullname" disabled="false" />
                    </cell>
                  </row>
                  <row>
                    <cell id="{07326cde-7529-ddc0-e421-c0bcddd07b8a}" showlabel="true">
                      <labels>
                        <label description="Job Title" languagecode="1033" />
                      </labels>
                      <control id="jobtitle" classid="{4273EDBD-AC1D-40d3-9FB2-095C621B552D}" datafieldname="jobtitle" disabled="false" />
                    </cell>
                  </row>
                  <row>
                    <cell id="{7d538a97-98eb-b438-72de-57a808b9a308}" showlabel="true" locklevel="0">
                      <labels>
                        <label description="Primary Email" languagecode="1033" />
                      </labels>
                      <control id="emailaddress1" classid="{ADA2203E-B4CD-49be-9DDF-234642B43B52}" datafieldname="emailaddress1" disabled="false" />
                    </cell>
                  </row>
                  <row>
                    <cell id="{200706b9-2c46-c1d0-c2c9-d0ea2bbb1a86}" showlabel="true" locklevel="0">
                      <labels>
                        <label description="Secondary Email" languagecode="1033" />
                      </labels>
                      <control id="emailaddress2" classid="{ADA2203E-B4CD-49be-9DDF-234642B43B52}" datafieldname="emailaddress2" disabled="false" />
                    </cell>
                  </row>
                  <row>
                    <cell id="{406bb5eb-e003-7616-176c-9c642d46ca29}" showlabel="true" locklevel="0">
                      <labels>
                        <label description="Do not allow Emails" languagecode="1033" />
                      </labels>
                      <control id="donotemail" classid="{67FAC785-CD58-4f9f-ABB3-4B7DDC6ED5ED}" datafieldname="donotemail" disabled="false" />
                    </cell>
                  </row>
                  <row>
                    <cell id="{215da2d0-2b64-3481-8d2d-16107d4d7e5b}" showlabel="true">
                      <labels>
                        <label description="Business Phone" languagecode="1033" />
                      </labels>
                      <control id="telephone1" classid="{4273EDBD-AC1D-40d3-9FB2-095C621B552D}" datafieldname="telephone1" disabled="false" />
                    </cell>
                  </row>
                  <row>
                    <cell id="{290b48ba-c0cc-7746-6dda-93e240e4cc78}" showlabel="true">
                      <labels>
                        <label description="Mobile Phone" languagecode="1033" />
                      </labels>
                      <control id="mobilephone" classid="{4273EDBD-AC1D-40d3-9FB2-095C621B552D}" datafieldname="mobilephone" disabled="false" />
                    </cell>
                  </row>
                  <row>
                    <cell id="{133d09d6-c374-954a-315b-435e1eeb722c}" showlabel="true" locklevel="0">
                      <labels>
                        <label description="Address" languagecode="1033" />
                      </labels>
                      <control id="address1_composite" classid="{E0DECE4B-6FC8-4a8f-A065-082708572369}" datafieldname="address1_composite" disabled="false" />
                    </cell>
                  </row>
                  <row>
                    <cell id="{b67bbd84-4843-685d-a808-b5bd5a7e8915}" showlabel="false" userspacer="true">
                      <labels>
                        <label description="" languagecode="1033" />
                      </labels>
                    </cell>
                  </row>
                </rows>
              </section>
            </sections>
          </column>
          <column width="50%">
            <sections>
              <section name="SUMMARY_TAB_section_2" showlabel="true" showbar="false" locklevel="0" id="{ec559bc8-2ed2-35d6-ee3b-88243c84716e}" IsUserDefined="0" layout="varwidth" columns="1" labelwidth="115" celllabelalignment="Left" celllabelposition="Left">
                <labels>
                  <label description="Activities" languagecode="1033" />
                </labels>
                <rows>
                  <row>
                    <cell id="{0c90d88e-6bc4-792e-4475-6796e8c40a67}" showlabel="false" rowspan="10" auto="false" colspan="1" locklevel="0">
                      <labels>
                        <label description="Activities" languagecode="1033" />
                      </labels>
                      <control id="notescontrol" classid="{06375649-c143-495e-a496-c962e5b4488e}" disabled="false">
                        <parameters>
                          <DefaultTabId>ActivitiesTab</DefaultTabId>
                        </parameters>
                      </control>
                    </cell>
                  </row>
                  <row />
                  <row />
                  <row />
                  <row />
                  <row />
                  <row />
                  <row />
                  <row />
                  <row />
                </rows>
              </section>
            </sections>
          </column>
        </columns>
      </tab>
      <tab name="tab_connections" id="{81ab5275-7ad2-53bb-219e-7c12ba1e3ddb}" IsUserDefined="0" locklevel="0" showlabel="true" expanded="true">
        <labels>
          <label description="Connections" languagecode="1033" />
        </labels>
        <columns>
          <column width="100%">
            <sections>
              <section name="tab_2_section_1" showlabel="true" showbar="false" locklevel="0" id="{e70ab238-d80d-c074-1790-ad3e44c8999b}" IsUserDefined="0" layout="varwidth" columns="1" labelwidth="115" celllabelalignment="Left" celllabelposition="Left">
                <labels>
                  <label description="RELATED OPPORTUNITIES" languagecode="1033" />
                </labels>
                <rows>
                  <row>
                    <cell id="{d8317820-c27c-ddb2-9223-da30eb2b0b4d}" showlabel="false" colspan="1" auto="false" rowspan="6">
                      <labels>
                        <label description="Opportunity Connections" languagecode="1033" />
                      </labels>
                      <control id="connected_opportunities" classid="{E7A81278-8635-4d9e-8D4D-59480B391C5B}">
                        <parameters>
                          <ViewId>{566629FD-F24F-E611-8F24-005056AE789B}</ViewId>
                          <IsUserView>false</IsUserView>
                          <RelationshipName>contact_connections1</RelationshipName>
                          <TargetEntityType>connection</TargetEntityType>
                          <AutoExpand>Fixed</AutoExpand>
                          <EnableQuickFind>false</EnableQuickFind>
                          <EnableViewPicker>false</EnableViewPicker>
                          <ViewIds>{7C0E0725-CCD9-4525-9313-665FD075652F},{566629FD-F24F-E611-8F24-005056AE789B}</ViewIds>
                          <EnableJumpBar>false</EnableJumpBar>
                          <ChartGridMode>Grid</ChartGridMode>
                          <VisualizationId />
                          <IsUserChart>false</IsUserChart>
                          <EnableChartPicker>false</EnableChartPicker>
                          <RecordsPerPage>4</RecordsPerPage>
                        </parameters>
                      </control>
                    </cell>
                  </row>
                  <row />
                  <row />
                  <row />
                  <row />
                  <row />
                </rows>
              </section>
            </sections>
          </column>
        </columns>
      </tab>
    </tabs>
    <header id="{3ff9aa06-4e43-41ce-afa9-22a038af5c19}" celllabelposition="Top" columns="1" labelwidth="115">
      <rows>
        <row>
          <cell id="{24be01cc-16a6-8eea-8916-42d20a1097ae}" showlabel="true" locklevel="1">
            <labels>
              <label description="Owner" languagecode="1033" />
            </labels>
            <control id="header_ownerid" classid="{270BD3DB-D9AF-4782-9025-509E298DEC0A}" datafieldname="ownerid" />
          </cell>
        </row>
      </rows>
    </header>
    <clientresources>
      <internalresources>
        <clientincludes>
          <internaljscriptfile src="$webresource:Contact_main_system_library.js" />
        </clientincludes>
      </internalresources>
    </clientresources>
    <Navigation>
      <NavBar>
        <NavBarByRelationshipItem RelationshipName="invoice_customer_contacts" Id="navInvoices" Sequence="10" Area="Info" Show="false">
          <Privileges>
            <Privilege Entity="" Privilege="ReadActivity" />
          </Privileges>
          <Titles>
            <Title LCID="1033" Text="Invoice" />
          </Titles>
        </NavBarByRelationshipItem>
        <NavBarByRelationshipItem RelationshipName="order_customer_contacts" Id="navOrders" Sequence="10" Area="Info" Show="false">
          <Privileges>
            <Privilege Entity="" Privilege="ReadActivity" />
          </Privileges>
          <Titles>
            <Title LCID="1033" Text="SalesOrder" />
          </Titles>
        </NavBarByRelationshipItem>
        <NavBarByRelationshipItem RelationshipName="listcontact_association" Id="navListsInSFA" Sequence="10" Area="Info" Show="false">
          <Privileges>
            <Privilege Entity="" Privilege="ReadActivity" />
          </Privileges>
          <Titles>
            <Title LCID="1033" Text="List" />
          </Titles>
        </NavBarByRelationshipItem>
        <NavBarByRelationshipItem RelationshipName="quote_customer_contacts" Id="navQuotes" Sequence="11" Area="Info" Show="false">
          <Privileges>
            <Privilege Entity="" Privilege="ReadActivity" />
          </Privileges>
          <Titles>
            <Title LCID="1033" Text="Quote" />
          </Titles>
        </NavBarByRelationshipItem>
        <NavBarByRelationshipItem RelationshipName="contact_customer_contacts" Id="navSubConts" Sequence="11" Area="Info" Show="false">
          <Privileges>
            <Privilege Entity="" Privilege="ReadActivity" />
          </Privileges>
          <Titles>
            <Title LCID="1033" Text="Contacts" />
          </Titles>
        </NavBarByRelationshipItem>
        <NavBarByRelationshipItem RelationshipName="contract_customer_contacts" Id="navContracts" Sequence="12" Area="Info" Show="false">
          <Privileges>
            <Privilege Entity="" Privilege="ReadActivity" />
          </Privileges>
          <Titles>
            <Title LCID="1033" Text="Contract" />
          </Titles>
        </NavBarByRelationshipItem>
        <NavBarByRelationshipItem RelationshipName="contact_customer_relationship_customer" Id="navRelationships" Sequence="13" Area="Info" Show="false">
          <Privileges>
            <Privilege Entity="" Privilege="ReadActivity" />
          </Privileges>
          <Titles>
            <Title LCID="1033" Text="CustomerRelationship" />
          </Titles>
        </NavBarByRelationshipItem>
        <NavBarByRelationshipItem RelationshipName="Contact_CustomerAddress" Id="navAddresses" Sequence="14" Area="Info" Show="false">
          <Privileges>
            <Privilege Entity="" Privilege="ReadActivity" />
          </Privileges>
          <Titles>
            <Title LCID="1033" Text="Addresses" />
          </Titles>
        </NavBarByRelationshipItem>
        <NavBarByRelationshipItem RelationshipName="incident_customer_contacts" Sequence="15" Area="Service" Id="navService" Show="false">
          <Titles>
            <Title LCID="1033" Text="Cases" />
          </Titles>
        </NavBarByRelationshipItem>
        <NavBarByRelationshipItem RelationshipName="contact_entitlement_Customer" Sequence="21" Area="Info" Id="navEntitlement" Show="false">
          <Titles>
            <Title LCID="1033" Text="Entitlements" />
          </Titles>
        </NavBarByRelationshipItem>
        <NavBarByRelationshipItem RelationshipName="hardcoded_{B7196B13-6B9D-42CD-BD58-B19A3953126F}navCampaignsInSFA" Sequence="22" Area="Marketing" Id="navCampaignsInSFA" Show="false">
          <Titles>
            <Title LCID="1033" Text="Campaigns" />
          </Titles>
        </NavBarByRelationshipItem>
        <NavBarByRelationshipItem RelationshipName="Socialprofile_customer_contacts" Sequence="40" Area="Info" Id="navSocialprofile" Show="false">
          <Titles>
            <Title LCID="1033" Text="Social Profiles" />
          </Titles>
        </NavBarByRelationshipItem>
        <NavBarByRelationshipItem RelationshipName="hardcoded_{B7196B13-6B9D-42CD-BD58-B19A3953126F}navAsyncOperations" Sequence="9500" Area="ProcessCenter" Id="navAsyncOperations" Show="false">
          <Titles>
            <Title LCID="1033" Text="Workflows" />
          </Titles>
        </NavBarByRelationshipItem>
        <NavBarByRelationshipItem RelationshipName="hardcoded_{B7196B13-6B9D-42CD-BD58-B19A3953126F}navProcessSessions" Sequence="9700" Area="ProcessCenter" Id="navProcessSessions" Show="false">
          <Titles>
            <Title LCID="1033" Text="Dialog Sessions" />
          </Titles>
        </NavBarByRelationshipItem>
        <NavBarByRelationshipItem RelationshipName="rbsm_contact_ceoactivitycontact" Sequence="10001" Area="Info" Id="nav_rbsm_contact_ceoactivitycontact">
          <Titles>
            <Title LCID="1033" Text="CEO Activity Stakeholders" />
          </Titles>
        </NavBarByRelationshipItem>
        <NavBarByRelationshipItem RelationshipName="rbsm_contact_opportunity_BudgetHolder" Sequence="10002" Area="Info" Id="nav_rbsm_contact_opportunity_BudgetHolder" Show="false">
          <Titles>
            <Title LCID="1033" Text="Opportunities" />
          </Titles>
        </NavBarByRelationshipItem>
        <NavBarByRelationshipItem RelationshipName="opportunity_customer_contacts" Id="navOpps" Show="false" Sequence="10003" Area="Info">
          <Titles>
            <Title LCID="1033" Text="Opportunities" />
          </Titles>
        </NavBarByRelationshipItem>
        <NavBarByRelationshipItem RelationshipName="rbsm_contact_opportunity_BusinessSponsor" Sequence="10004" Area="Info" Id="nav_rbsm_contact_opportunity_BusinessSponsor" Show="false">
          <Titles>
            <Title LCID="1033" Text="Opportunities" />
          </Titles>
        </NavBarByRelationshipItem>
      </NavBar>
      <NavBarAreas>
        <NavBarArea Id="Info">
          <Titles>
            <Title LCID="1033" Text="Common" />
          </Titles>
        </NavBarArea>
        <NavBarArea Id="Sales">
          <Titles>
            <Title LCID="1033" Text="Sales" />
          </Titles>
        </NavBarArea>
        <NavBarArea Id="Service">
          <Titles>
            <Title LCID="1033" Text="Service" />
          </Titles>
        </NavBarArea>
        <NavBarArea Id="Marketing">
          <Titles>
            <Title LCID="1033" Text="Marketing" />
          </Titles>
        </NavBarArea>
        <NavBarArea Id="ProcessCenter">
          <Titles>
            <Title LCID="1033" Text="Process Sessions" />
          </Titles>
        </NavBarArea>
      </NavBarAreas>
    </Navigation>
    <events>
      <event name="onload" application="true" active="true">
        <InternalHandlers>
          <Handler functionName="Mscrm.ContactMainSystemLibraryWebResource.form_onload" libraryName="Contact_main_system_library.js" handlerUniqueId="4ea24ebd-795d-434e-af94-6812c3867b54" enabled="true" />
        </InternalHandlers>
      </event>
    </events>
    <DisplayConditions FallbackForm="true" Order="2">
      <Everyone />
    </DisplayConditions>
  </form>
  <LocalizedNames>
    <LocalizedName description="Contact" languagecode="1033" />
  </LocalizedNames>
  <Descriptions>
    <Description description="Updated default Contact form." languagecode="1033" />
  </Descriptions>
</systemform>