﻿<?xml version="1.0" encoding="utf-8"?>
<systemform unmodified="1">
  <formid>{c3441013-3de5-414b-b41f-2f47261d5865}</formid>
  <IntroducedVersion>8.2.0.0</IntroducedVersion>
  <FormPresentation>0</FormPresentation>
  <FormActivationState>1</FormActivationState>
  <form>
    <tabs>
      <tab id="{8abf7811-7a76-46a0-97b0-cf074f0aa1fe}" name="newFeedback" showlabel="false">
        <labels>
          <label description="Feedback" languagecode="1033" />
        </labels>
        <columns>
          <column width="33%">
            <sections>
              <section id="{86447f1b-bcea-4b73-9fa1-d031a2d2fc1d}" name="quickFeedbackRegarding" columns="1" showlabel="false" showbar="false" IsUserDefined="0">
                <labels>
                  <label description="" languagecode="1033" />
                </labels>
                <rows>
                  <row>
                    <cell auto="false" id="{a6a757dc-fe3e-40af-8775-eff87b75f2ab}" showlabel="true" locklevel="0" rowspan="1">
                      <labels>
                        <label description="Regarding" languagecode="1033" />
                      </labels>
                      <control id="regardingobjectid" datafieldname="regardingobjectid" classid="{F3015350-44A2-4aa0-97B5-00166532B5E9}" />
                    </cell>
                  </row>
                  <row>
                    <cell auto="false" showlabel="true" locklevel="0" rowspan="1" id="{b5a338b7-76f6-4503-ab8b-1b0dd60057da}">
                      <labels>
                        <label description="Source" languagecode="1033" />
                      </labels>
                      <control id="source" datafieldname="source" classid="{3EF39988-22BB-4f0b-BBBE-64B5A3748AEE}"></control>
                    </cell>
                  </row>
                </rows>
              </section>
            </sections>
          </column>
          <column width="33%">
            <sections>
              <section id="{03bd6288-432c-4a41-9297-5bfc778eec2b}" name="quickFeedbackRating" columns="1" showlabel="false" showbar="false" IsUserDefined="0">
                <labels>
                  <label description="" languagecode="1033" />
                </labels>
                <rows>
                  <row>
                    <cell auto="false" id="{f7fdd0c1-97a9-4379-aebc-d44c08457817}" showlabel="true" locklevel="0" rowspan="1">
                      <labels>
                        <label description="Rating" languagecode="1033" />
                      </labels>
                      <control id="rating" datafieldname="rating" classid="{C6D124CA-7EDA-4a60-AEA9-7FB8D318B68F}" />
                    </cell>
                  </row>
                  <row>
                    <cell auto="false" id="{4dde4394-7c39-4600-9d86-e1378d5b98d3}" showlabel="true" locklevel="0" rowspan="1">
                      <labels>
                        <label description="Minimum Rating" languagecode="1033" />
                      </labels>
                      <control id="minrating" datafieldname="minrating" classid="{C6D124CA-7EDA-4a60-AEA9-7FB8D318B68F}" />
                    </cell>
                  </row>
                  <row>
                    <cell auto="false" id="{181aaa22-67d0-4658-b826-75f39ff9bcef}" showlabel="true" locklevel="0" rowspan="1">
                      <labels>
                        <label description="Maximum Rating" languagecode="1033" />
                      </labels>
                      <control id="maxrating" datafieldname="maxrating" classid="{C6D124CA-7EDA-4a60-AEA9-7FB8D318B68F}" />
                    </cell>
                  </row>
                </rows>
              </section>
            </sections>
          </column>
          <column width="33%">
            <sections>
              <section id="{ec643137-5dad-4cee-820c-8d6480f9ac05}" name="quickFeedback" columns="1" showlabel="false" showbar="false" IsUserDefined="0">
                <labels>
                  <label description="" languagecode="1033" />
                </labels>
                <rows>
                  <row>
                    <cell auto="false" id="{545c3131-73bd-4e39-b1dc-e93019e9739f}" showlabel="true" locklevel="0" rowspan="1">
                      <labels>
                        <label description="Title" languagecode="1033" />
                      </labels>
                      <control id="title" datafieldname="title" classid="{E0DECE4B-6FC8-4a8f-A065-082708572369}" />
                    </cell>
                  </row>
                  <row>
                    <cell auto="false" id="{2b33ab48-3c65-4fbe-8eec-db6cd1990bc4}" showlabel="true" rowspan="3" locklevel="0">
                      <labels>
                        <label description="Comments" languagecode="1033" />
                      </labels>
                      <control id="comments" datafieldname="comments" classid="{E0DECE4B-6FC8-4a8f-A065-082708572369}" />
                    </cell>
                  </row>
                </rows>
              </section>
            </sections>
          </column>
        </columns>
      </tab>
    </tabs>
    <DisplayConditions Order="1">
      <Everyone />
    </DisplayConditions>
  </form>
  <LocalizedNames>
    <LocalizedName description="Feedback Quick Create" languagecode="1033" />
  </LocalizedNames>
  <Descriptions>
    <Description description="Default quick create form for Feedback" languagecode="1033" />
  </Descriptions>
</systemform>