{
  "environmentvariablevalues": {
    "environmentvariablevalue": {
      "@environmentvariablevalueid": "903d3721-f72a-ee11-bdf5-0022482b28ad",
      "iscustomizable": "1",
      "value": "{   \"BusinesUnit\": \"\",   \"CaseFilters\": [     {       \"CaseType\": \"\",       \"CaseSubType\": \"\",       \"CaseDetails\": \"\",       \"days\": 10,       \"ConditionDate\": \"\"     },     {       \"CaseType\": \"\",       \"CaseSubType\": \"\",       \"CaseDetails\": \"\",       \"days\": 10,       \"ConditionDate\": \"\"     }   ] }"
    }
  }
}