<?xml version="1.0" encoding="utf-8"?>
<forms xmlns:xsi="http://www.w3.org/2001/XMLSchema-instance">
  <systemform>
    <formid>{bc41a38c-6915-4221-869e-9d2c072bb6ac}</formid>
    <IntroducedVersion>1.0</IntroducedVersion>
    <FormPresentation>1</FormPresentation>
    <FormActivationState>1</FormActivationState>
    <form
      headerdensity="HighWithControls"
      shownavigationbar="true"
      showImage="false"
      maxWidth="1920">
      <tabs>
        <tab
          verticallayout="true"
          id="{7a83426f-391a-4972-8c39-888d585e17a3}"
          IsUserDefined="1">
          <labels>
            <label
              description="General"
              languagecode="1033" />
            <label
              description="Umum"
              languagecode="1086" />
          </labels>
          <columns>
            <column
              width="100%">
              <sections>
                <section
                  showlabel="false"
                  showbar="false"
                  IsUserDefined="0"
                  id="{756c4197-3c5a-4336-b656-674cf36d42fb}">
                  <labels>
                    <label
                      description="General"
                      languagecode="1033" />
                    <label
                      description="Umum"
                      languagecode="1086" />
                  </labels>
                  <rows>
                    <row>
                      <cell
                        id="{7243469d-0950-4ed5-963a-ce52e5ffed68}">
                        <labels>
                          <label
                            description="Subject"
                            languagecode="1033" />
                        </labels>
                        <control
                          id="rhm_name"
                          classid="{4273EDBD-AC1D-40d3-9FB2-095C621B552D}"
                          datafieldname="rhm_name" />
                      </cell>
                    </row>
                    <row>
                      <cell
                        id="{7e221d79-dc27-4fb2-8298-c438d6a1900f}">
                        <labels>
                          <label
                            description="Owner"
                            languagecode="1033" />
                        </labels>
                        <control
                          id="ownerid"
                          classid="{270BD3DB-D9AF-4782-9025-509E298DEC0A}"
                          datafieldname="ownerid" />
                      </cell>
                    </row>
                    <row>
                      <cell
                        id="{d9bddc97-9ff2-40cc-b06d-8f89fa523be0}"
                        locklevel="0"
                        colspan="1"
                        rowspan="1">
                        <labels>
                          <label
                            description="Account"
                            languagecode="1033" />
                        </labels>
                        <control
                          id="rhm_account"
                          classid="{270BD3DB-D9AF-4782-9025-509E298DEC0A}"
                          datafieldname="rhm_account"
                          disabled="false"
                          uniqueid="{a26d4639-b802-47dc-57b3-4754c0c43946}" />
                      </cell>
                    </row>
                    <row>
                      <cell
                        id="{5dccbead-96d7-41f9-9739-0e900ef028a0}"
                        locklevel="0"
                        colspan="1"
                        rowspan="1">
                        <labels>
                          <label
                            description="Contact"
                            languagecode="1033" />
                        </labels>
                        <control
                          id="rhm_contact"
                          classid="{270BD3DB-D9AF-4782-9025-509E298DEC0A}"
                          datafieldname="rhm_contact"
                          disabled="false"
                          uniqueid="{9613d40c-ca1d-9873-0409-a060e1c56d49}" />
                      </cell>
                    </row>
                    <row>
                      <cell
                        id="{fc6b308f-3d8f-46da-9214-9e993dda7f2c}"
                        locklevel="0"
                        colspan="1"
                        rowspan="1">
                        <labels>
                          <label
                            description="Case"
                            languagecode="1033" />
                        </labels>
                        <control
                          id="rhm_case"
                          classid="{270BD3DB-D9AF-4782-9025-509E298DEC0A}"
                          datafieldname="rhm_case"
                          disabled="false" />
                      </cell>
                    </row>
                    <row>
                      <cell
                        id="{1b346467-6a0b-4850-9857-9d093aea9991}"
                        locklevel="0"
                        colspan="1"
                        rowspan="1">
                        <labels>
                          <label
                            description="Lead"
                            languagecode="1033" />
                        </labels>
                        <control
                          id="rhm_lead"
                          classid="{270BD3DB-D9AF-4782-9025-509E298DEC0A}"
                          datafieldname="rhm_lead"
                          disabled="false" />
                      </cell>
                    </row>
                    <row>
                      <cell
                        id="{3a4e1c0b-e538-403b-89c4-b72e2a8bec07}"
                        locklevel="0"
                        colspan="1"
                        rowspan="1">
                        <labels>
                          <label
                            description="Contract"
                            languagecode="1033" />
                        </labels>
                        <control
                          id="rhm_contract"
                          classid="{270BD3DB-D9AF-4782-9025-509E298DEC0A}"
                          datafieldname="rhm_contract"
                          disabled="false" />
                      </cell>
                    </row>
                    <row>
                      <cell
                        id="{2bd53879-8a69-4ec4-8834-1e84cf0e57c0}"
                        locklevel="0"
                        colspan="1"
                        rowspan="1">
                        <labels>
                          <label
                            description="Task"
                            languagecode="1033" />
                        </labels>
                        <control
                          id="rhm_task"
                          classid="{270BD3DB-D9AF-4782-9025-509E298DEC0A}"
                          datafieldname="rhm_task"
                          disabled="false" />
                      </cell>
                    </row>
                    <row>
                      <cell
                        id="{cf0fad32-0039-4fa1-a43a-4281d3daea83}"
                        locklevel="0"
                        colspan="1"
                        rowspan="1">
                        <labels>
                          <label
                            description="Phone Call"
                            languagecode="1033" />
                        </labels>
                        <control
                          id="rhm_phonecall"
                          classid="{270BD3DB-D9AF-4782-9025-509E298DEC0A}"
                          datafieldname="rhm_phonecall"
                          disabled="false" />
                      </cell>
                    </row>
                    <row>
                      <cell
                        id="{d10c4d16-3c27-4561-8485-5b41e4a6b426}"
                        locklevel="0"
                        colspan="1"
                        rowspan="1">
                        <labels>
                          <label
                            description="Opportunity"
                            languagecode="1033" />
                        </labels>
                        <control
                          id="rhm_opportunity"
                          classid="{270BD3DB-D9AF-4782-9025-509E298DEC0A}"
                          datafieldname="rhm_opportunity"
                          disabled="false" />
                      </cell>
                    </row>
                    <row>
                      <cell
                        id="{8b4bc4ff-0ce6-4a71-be26-a00515289c4f}"
                        locklevel="0"
                        colspan="1"
                        rowspan="1">
                        <labels>
                          <label
                            description="Knowledge Base"
                            languagecode="1033" />
                        </labels>
                        <control
                          id="rhm_knowledgebase"
                          classid="{270BD3DB-D9AF-4782-9025-509E298DEC0A}"
                          datafieldname="rhm_knowledgebase"
                          disabled="false" />
                      </cell>
                    </row>
                    <row>
                      <cell
                        id="{402bb8d2-b3db-4fc9-8574-33722218991b}"
                        locklevel="0"
                        colspan="1"
                        rowspan="1"
                        visible="false">
                        <labels>
                          <label
                            description="Quote"
                            languagecode="1033" />
                        </labels>
                        <control
                          id="rhm_quote"
                          classid="{270BD3DB-D9AF-4782-9025-509E298DEC0A}"
                          datafieldname="rhm_quote"
                          disabled="false" />
                      </cell>
                    </row>
                    <row>
                      <cell
                        id="{11cd4eab-b9df-4ddb-84dc-ec2e7387ab69}"
                        locklevel="0"
                        colspan="1"
                        rowspan="1"
                        visible="false">
                        <labels>
                          <label
                            description="Quote Line Item"
                            languagecode="1033" />
                        </labels>
                        <control
                          id="rhm_quotelineitem"
                          classid="{270BD3DB-D9AF-4782-9025-509E298DEC0A}"
                          datafieldname="rhm_quotelineitem"
                          disabled="false" />
                      </cell>
                    </row>
                    <row>
                      <cell
                        id="{6222f463-a6d3-4b55-afac-658f928d7f54}"
                        locklevel="0"
                        colspan="1"
                        rowspan="1">
                        <labels>
                          <label
                            description="Appointment"
                            languagecode="1033" />
                        </labels>
                        <control
                          id="rhm_appointment"
                          classid="{270BD3DB-D9AF-4782-9025-509E298DEC0A}"
                          datafieldname="rhm_appointment"
                          disabled="false" />
                      </cell>
                    </row>
                    <row>
                      <cell
                        id="{d3b43bb4-cd12-40b2-be64-a39a8a9c41d2}"
                        locklevel="0"
                        colspan="1"
                        rowspan="1">
                        <labels>
                          <label
                            description="User"
                            languagecode="1033" />
                        </labels>
                        <control
                          id="rhm_user"
                          classid="{270BD3DB-D9AF-4782-9025-509E298DEC0A}"
                          datafieldname="rhm_user"
                          disabled="false" />
                      </cell>
                    </row>
                    <row>
                      <cell
                        id="{25125e3f-cef8-4127-a7fa-52bc35f54947}"
                        locklevel="0"
                        colspan="1"
                        rowspan="1">
                        <labels>
                          <label
                            description="Work Order"
                            languagecode="1033" />
                        </labels>
                        <control
                          id="rhm_workorder"
                          classid="{270BD3DB-D9AF-4782-9025-509E298DEC0A}"
                          datafieldname="rhm_workorder"
                          disabled="false" />
                      </cell>
                    </row>
                    <row>
                      <cell
                        id="{6a077ba7-3b8d-43ab-8a25-3e5534a499e3}"
                        locklevel="0"
                        colspan="1"
                        rowspan="1">
                        <labels>
                          <label
                            description="Created By"
                            languagecode="1033" />
                        </labels>
                        <control
                          id="createdby"
                          classid="{270BD3DB-D9AF-4782-9025-509E298DEC0A}"
                          datafieldname="createdby"
                          disabled="false" />
                      </cell>
                    </row>
                    <row>
                      <cell
                        id="{00b7044a-3396-45b7-b954-fc86af195a76}"
                        locklevel="0"
                        colspan="1"
                        rowspan="1">
                        <labels>
                          <label
                            description="Image 1"
                            languagecode="1033" />
                        </labels>
                        <control
                          id="rhm_image1"
                          classid="{7E548B0D-209C-477B-9DCD-F0F44472381D}"
                          datafieldname="rhm_image1"
                          disabled="false" />
                      </cell>
                    </row>
                    <row>
                      <cell
                        id="{6770792f-b916-4d8b-9589-e8ac692cfd62}"
                        locklevel="0"
                        colspan="1"
                        rowspan="1">
                        <labels>
                          <label
                            description="Image 2"
                            languagecode="1033" />
                        </labels>
                        <control
                          id="rhm_image2"
                          classid="{7E548B0D-209C-477B-9DCD-F0F44472381D}"
                          datafieldname="rhm_image2"
                          disabled="false" />
                      </cell>
                    </row>
                  </rows>
                </section>
              </sections>
            </column>
          </columns>
        </tab>
      </tabs>
      <header
        id="{2103aa26-ba43-4128-8c53-d956e5912670}"
        celllabelposition="Top"
        columns="111"
        labelwidth="115"
        celllabelalignment="Left">
        <rows>
          <row>
            <cell
              id="{50424bfa-d189-43b3-864f-e2f5328bb20f}"
              showlabel="false">
              <labels>
                <label
                  description=""
                  languagecode="1033" />
              </labels>
            </cell>
            <cell
              id="{ca7127b0-1fae-4515-a5f5-acb20277ef4c}"
              showlabel="false">
              <labels>
                <label
                  description=""
                  languagecode="1033" />
              </labels>
            </cell>
            <cell
              id="{49b40157-5d29-4980-8e35-b874a3940987}"
              showlabel="false">
              <labels>
                <label
                  description=""
                  languagecode="1033" />
              </labels>
            </cell>
          </row>
        </rows>
      </header>
      <footer
        id="{40eff29e-c7fb-4dd5-a40d-db0478269a4c}"
        celllabelposition="Top"
        columns="111"
        labelwidth="115"
        celllabelalignment="Left">
        <rows>
          <row>
            <cell
              id="{a57a259c-ab95-4b41-b7e1-bc886e5b2e75}"
              showlabel="false">
              <labels>
                <label
                  description=""
                  languagecode="1033" />
              </labels>
            </cell>
            <cell
              id="{152447b5-abff-4de3-b4dc-3c76490a586f}"
              showlabel="false">
              <labels>
                <label
                  description=""
                  languagecode="1033" />
              </labels>
            </cell>
            <cell
              id="{44f4923d-f1c2-4b7e-b525-cb25c13ea5a2}"
              showlabel="false">
              <labels>
                <label
                  description=""
                  languagecode="1033" />
              </labels>
            </cell>
          </row>
        </rows>
      </footer>
      <Navigation>
        <NavBar></NavBar>
        <NavBarAreas>
          <NavBarArea
            Id="Info">
            <Titles>
              <Title
                LCID="1033"
                Text="Common" />
            </Titles>
          </NavBarArea>
          <NavBarArea
            Id="Sales">
            <Titles>
              <Title
                LCID="1033"
                Text="Sales" />
            </Titles>
          </NavBarArea>
          <NavBarArea
            Id="Service">
            <Titles>
              <Title
                LCID="1033"
                Text="Service" />
            </Titles>
          </NavBarArea>
          <NavBarArea
            Id="Marketing">
            <Titles>
              <Title
                LCID="1033"
                Text="Marketing" />
            </Titles>
          </NavBarArea>
          <NavBarArea
            Id="ProcessCenter">
            <Titles>
              <Title
                LCID="1033"
                Text="Process Sessions" />
            </Titles>
          </NavBarArea>
        </NavBarAreas>
      </Navigation>
      <formLibraries>
        <Library
          name="rhm_/Scripts/Common/XrmUtilities.js"
          libraryUniqueId="{8e8743ec-daed-8618-b58b-0a2109d21780}" />
        <Library
          name="rhm_/Scripts/Attachment_Form.js"
          libraryUniqueId="{4990de49-6843-a732-8821-31417c9351c7}" />
      </formLibraries>
      <events>
        <event
          name="onload"
          application="false"
          active="false">
          <Handlers>
            <Handler
              functionName="Rheem.Jscripts.Attachment_Form.OnLoad"
              libraryName="rhm_/Scripts/Attachment_Form.js"
              handlerUniqueId="{08986bab-47ac-5279-0351-a3593adc4590}"
              enabled="true"
              parameters=""
              passExecutionContext="true" />
          </Handlers>
        </event>
      </events>
      <DisplayConditions
        Order="0"
        FallbackForm="true">
        <Everyone />
      </DisplayConditions>
    </form>
    <IsCustomizable>1</IsCustomizable>
    <CanBeDeleted>1</CanBeDeleted>
    <LocalizedNames>
      <LocalizedName
        description="Information"
        languagecode="1033" />
    </LocalizedNames>
    <Descriptions>
      <Description
        description="A form for this entity."
        languagecode="1033" />
    </Descriptions>
  </systemform>
</forms>