<?xml version="1.0" encoding="utf-8"?>
<Mapping>
  <FileToFile map="WebResources\rhm_\Scripts\Account_Form.js" to="..\..\Rheem.WebResources\WebResources\Scripts\Account\Account_Form.js" />
  <FileToFile map="WebResources\rhm_\Scripts\Case_Form.js" to="..\..\Rheem.WebResources\WebResources\Scripts\Case\Case_Form.js" />
  <FileToFile map="WebResources\rhm_\Scripts\Case_Ribbon.js" to="..\..\Rheem.WebResources\WebResources\Scripts\Case\Case_Ribbon.js" />
  <FileToFile map="WebResources\rhm_\Scripts\Common\XrmUtilities.js" to="..\..\Rheem.WebResources\WebResources\Scripts\Common\XrmUtilities.js" />
  <FileToFile map="WebResources\rhm_\Scripts\Contact_Form.js" to="..\..\Rheem.WebResources\WebResources\Scripts\Contact\Contact_Form.js" />
  <FileToFile map="WebResources\rhm_\Scripts\PartOrder_Form.js" to="..\..\Rheem.WebResources\WebResources\Scripts\PartOrder\PartOrder_Form.js" />
  <FileToFile map="WebResources\rhm_\Scripts\ProductSerialNumber_Form.js" to="..\..\Rheem.WebResources\WebResources\Scripts\ProductSerialNumber\ProductSerialNumber_Form.js" />
  <FileToFile map="WebResources\rhm_\Scripts\ProductSerialNumber_Ribbon.js" to="..\..\Rheem.WebResources\WebResources\Scripts\ProductSerialNumber\ProductSerialNumber_Ribbon.js" />
  <FileToFile map="WebResources\rhm_\Scripts\SalesOrder_Form.js" to="..\..\Rheem.WebResources\WebResources\Scripts\SalesOrder\SalesOrder_Form.js" />
  <FileToFile map="WebResources\rhm_\Scripts\Attachment_Form.js" to="..\..\Rheem.WebResources\WebResources\Scripts\Attachment\Attachment_Form.js" />
  <FileToFile map="WebResources\rhm_\Styles\Common\CommonCRM" to="..\..\Rheem.WebResources\WebResources\Styles\Common\CommonCRM.css" />
  <FileToFile map="WebResources\rhm_\CustomPages\PartOrder\Index.css" to="..\..\Rheem.WebResources\WebResources\CustomPages\PartOrder\output\Index.css" />
  <FileToFile map="WebResources\rhm_\CustomPages\PartOrder\Index.html" to="..\..\Rheem.WebResources\WebResources\CustomPages\PartOrder\output\Index.html" />
  <FileToFile map="WebResources\rhm_\CustomPages\PartOrder\Index.js" to="..\..\Rheem.WebResources\WebResources\CustomPages\PartOrder\output\Index.js" />
  <FileToFile map="WebResources\rhm_\Html\Blank.html" to="..\..\Rheem.WebResources\WebResources\Html\Blank.html" />
  <FileToFile map="WebResources\rhm_\Html\GetClaims.html" to="..\..\Rheem.WebResources\WebResources\Html\GetClaims.html" />
  <FileToFile map="WebResources\rhm_\Html\GoogleMaps.html" to="..\..\Rheem.WebResources\WebResources\Html\GoogleMaps.html" />
</Mapping>