﻿<?xml version="1.0" encoding="utf-8"?>
<Entity>
  <Name LocalizedName="User" OriginalName="User">SystemUser</Name>
  <ObjectTypeCode>8</ObjectTypeCode>
  <EntityInfo>
    <entity Name="SystemUser">
      <LocalizedNames>
        <LocalizedName description="User" languagecode="1033" />
      </LocalizedNames>
      <LocalizedCollectionNames>
        <LocalizedCollectionName description="Users" languagecode="1033" />
      </LocalizedCollectionNames>
      <Descriptions>
        <Description description="Person with access to the Microsoft CRM system and who owns objects in the Microsoft CRM database." languagecode="1033" />
      </Descriptions>
      <attributes />
      <EntitySetName>systemusers</EntitySetName>
      <IsDuplicateCheckSupported>0</IsDuplicateCheckSupported>
      <IsBusinessProcessEnabled>1</IsBusinessProcessEnabled>
      <IsRequiredOffline>1</IsRequiredOffline>
      <IsInteractionCentricEnabled>0</IsInteractionCentricEnabled>
      <IsCollaboration>0</IsCollaboration>
      <AutoRouteToOwnerQueue>0</AutoRouteToOwnerQueue>
      <IsConnectionsEnabled>1</IsConnectionsEnabled>
      <EntityColor></EntityColor>
      <IsDocumentManagementEnabled>0</IsDocumentManagementEnabled>
      <IsOneNoteIntegrationEnabled>0</IsOneNoteIntegrationEnabled>
      <IsKnowledgeManagementEnabled>0</IsKnowledgeManagementEnabled>
      <IsSLAEnabled>0</IsSLAEnabled>
      <IsDocumentRecommendationsEnabled>0</IsDocumentRecommendationsEnabled>
      <IsBPFEntity>0</IsBPFEntity>
      <OwnershipTypeMask>BusinessOwned</OwnershipTypeMask>
      <EntityMask>ResourcePointer</EntityMask>
      <IsAuditEnabled>1</IsAuditEnabled>
      <IsActivity>0</IsActivity>
      <ActivityTypeMask></ActivityTypeMask>
      <IsActivityParty>1</IsActivityParty>
      <IsReplicated>1</IsReplicated>
      <IsReplicationUserFiltered>0</IsReplicationUserFiltered>
      <IsMailMergeEnabled>0</IsMailMergeEnabled>
      <IsVisibleInMobile>1</IsVisibleInMobile>
      <IsVisibleInMobileClient>1</IsVisibleInMobileClient>
      <IsReadOnlyInMobileClient>1</IsReadOnlyInMobileClient>
      <IsOfflineInMobileClient>1</IsOfflineInMobileClient>
      <DaysSinceRecordLastModified>9999</DaysSinceRecordLastModified>
      <MobileOfflineFilters>
    &lt;fetch version="1.0" output-format="xml-platform" mapping="logical" distinct="false"&gt;
      &lt;entity name="systemuser"&gt;
        &lt;filter type="and"&gt;
          &lt;condition attribute="modifiedon" operator="on-or-after" value="1900-01-01"/&gt;
        &lt;/filter&gt;
      &lt;/entity&gt;
    &lt;/fetch&gt;
  </MobileOfflineFilters>
      <IsMapiGridEnabled>1</IsMapiGridEnabled>
      <IsReadingPaneEnabled>1</IsReadingPaneEnabled>
      <IsQuickCreateEnabled>0</IsQuickCreateEnabled>
      <SyncToExternalSearchIndex>0</SyncToExternalSearchIndex>
      <IntroducedVersion>5.0.0.0</IntroducedVersion>
      <EnforceStateTransitions>0</EnforceStateTransitions>
      <EntityHelpUrlEnabled>0</EntityHelpUrlEnabled>
      <EntityHelpUrl></EntityHelpUrl>
      <ChangeTrackingEnabled>1</ChangeTrackingEnabled>
      <IsEnabledForExternalChannels>0</IsEnabledForExternalChannels>
    </entity>
  </EntityInfo>
  <FormXml />
  <SavedQueries />
  <RibbonDiffXml />
  <HierarchyRules>
    <HierarchyRule unmodified="1">
      <HierarchyRuleID>{809e575f-4801-42e6-8329-aa83bc5cc835}</HierarchyRuleID>
      <PrimaryEntityFormID>{c68d6c09-d7a7-4959-8d0f-44b8cff9b452}</PrimaryEntityFormID>
      <PrimaryEntityLogicalName>systemuser</PrimaryEntityLogicalName>
      <ShowDisabled>1</ShowDisabled>
      <IntroducedVersion>7.0.0.0</IntroducedVersion>
      <LocalizedNames>
        <LocalizedName description="User Hierarchy" languagecode="1033" />
        <LocalizedName description="Hierarchia użytkowników" languagecode="1045" />
      </LocalizedNames>
      <Descriptions>
        <Description description="This is the user hierarchy definition." languagecode="1033" />
        <Description description="To jest definicja hierarchii użytkowników." languagecode="1045" />
      </Descriptions>
    </HierarchyRule>
  </HierarchyRules>
</Entity>