﻿<?xml version="1.0" encoding="utf-8"?>
<systemform>
  <formid>{91ea8b5e-29c9-4f05-89d0-658d57ecc34b}</formid>
  <IntroducedVersion>1.0.0.0</IntroducedVersion>
  <FormPresentation>1</FormPresentation>
  <FormActivationState>1</FormActivationState>
  <form>
    <tabs>
      <tab verticallayout="true" id="{885c37c9-84c8-4d86-a041-3e43be8a8a3d}" IsUserDefined="1">
        <labels>
          <label description="General" languagecode="1033" />
        </labels>
        <columns>
          <column width="100%">
            <sections>
              <section showlabel="false" showbar="false" IsUserDefined="0" id="{b337b021-402b-46b6-bb4c-6603bdc6b0ef}">
                <labels>
                  <label description="General" languagecode="1033" />
                </labels>
                <rows>
                  <row>
                    <cell id="{b5a026c3-46aa-463e-aebb-883be1c9b640}" showlabel="true" locklevel="0" visible="false">
                      <labels>
                        <label description="Name" languagecode="1033" />
                      </labels>
                      <control id="rbs_name" classid="{4273EDBD-AC1D-40d3-9FB2-095C621B552D}" datafieldname="rbs_name" uniqueid="{741acd05-bc63-4980-2bdc-ee081eadcee3}" disabled="true" />
                    </cell>
                  </row>
                  <row>
                    <cell id="{79d3cbc9-ad5b-b689-edee-8a8ec13524e8}" showlabel="true" locklevel="0">
                      <labels>
                        <label description="Team" languagecode="1033" />
                      </labels>
                      <control id="rbs_team" classid="{270BD3DB-D9AF-4782-9025-509E298DEC0A}" datafieldname="rbs_team" disabled="true" uniqueid="{dbcad375-b780-9356-3222-3a9c52808114}">
                        <parameters>
                          <AutoResolve>true</AutoResolve>
                          <DisableMru>false</DisableMru>
                          <DisableQuickFind>false</DisableQuickFind>
                          <DisableViewPicker>false</DisableViewPicker>
                          <DefaultViewId>{57E39843-404C-48E5-B1D9-1889098FB65C}</DefaultViewId>
                          <AllowFilterOff>false</AllowFilterOff>
                        </parameters>
                      </control>
                    </cell>
                  </row>
                  <row>
                    <cell id="{454d8d61-42eb-54ac-d19a-0895bc921a02}" showlabel="true" locklevel="0">
                      <labels>
                        <label description="Records Assigned" languagecode="1033" />
                      </labels>
                      <control id="rbs_recordsassigned" classid="{C6D124CA-7EDA-4a60-AEA9-7FB8D318B68F}" datafieldname="rbs_recordsassigned" disabled="true" uniqueid="{2c835ddc-91b3-c689-90d1-84be9ecc6274}" />
                    </cell>
                  </row>
                  <row>
                    <cell id="{2b2218e4-0ded-b026-04cb-5c06a8bcd466}" showlabel="true" locklevel="0">
                      <labels>
                        <label description="Distribution Audit Log" languagecode="1033" />
                      </labels>
                      <control id="rbs_distributionauditlog" classid="{270BD3DB-D9AF-4782-9025-509E298DEC0A}" datafieldname="rbs_distributionauditlog" disabled="true" uniqueid="{d11c182b-c621-9384-c89d-539e18012a90}">
                        <parameters>
                          <AutoResolve>true</AutoResolve>
                          <DisableMru>false</DisableMru>
                          <DisableQuickFind>false</DisableQuickFind>
                          <DisableViewPicker>false</DisableViewPicker>
                          <DefaultViewId>{A9D39DBA-9859-4D48-B4CA-471CCADCB499}</DefaultViewId>
                          <AllowFilterOff>false</AllowFilterOff>
                        </parameters>
                      </control>
                    </cell>
                  </row>
                </rows>
              </section>
            </sections>
          </column>
        </columns>
      </tab>
      <tab name="tab_2" id="{0425249e-6d7e-81e3-e26e-07d840e8c592}" IsUserDefined="0" locklevel="0" showlabel="false" expanded="true">
        <labels>
          <label description="Records" languagecode="1033" />
        </labels>
        <columns>
          <column width="100%">
            <sections>
              <section name="tab_2_section_1" showlabel="true" showbar="true" locklevel="0" id="{35a5b738-c0d3-c9d7-194d-5280569e3603}" IsUserDefined="0" layout="varwidth" columns="1" labelwidth="115" celllabelalignment="Left" celllabelposition="Left">
                <labels>
                  <label description="Records" languagecode="1033" />
                </labels>
                <rows>
                  <row>
                    <cell id="{de990212-1c77-00a3-1156-63235ea36763}" showlabel="false" colspan="1" auto="false" rowspan="12">
                      <labels>
                        <label description="Records" languagecode="1033" />
                      </labels>
                      <control id="Records" classid="{E7A81278-8635-4d9e-8D4D-59480B391C5B}" indicationOfSubgrid="true" uniqueid="{9ed65b52-9796-9442-013c-8cb417869e9a}">
                        <parameters>
                          <ViewId>{5F3110DA-18BC-E811-814E-5065F38B1651}</ViewId>
                          <IsUserView>false</IsUserView>
                          <RelationshipName>rbs_rbs_distributiontargetteam_rbs_distributiontargetrecord_DistributionTargetTeam</RelationshipName>
                          <TargetEntityType>rbs_distributiontargetrecord</TargetEntityType>
                          <AutoExpand>Fixed</AutoExpand>
                          <EnableQuickFind>false</EnableQuickFind>
                          <EnableViewPicker>false</EnableViewPicker>
                          <ViewIds>{99077F96-9A3C-4780-8E3B-37A91ECEE514},{5F3110DA-18BC-E811-814E-5065F38B1651}</ViewIds>
                          <EnableJumpBar>false</EnableJumpBar>
                          <ChartGridMode>All</ChartGridMode>
                          <VisualizationId />
                          <IsUserChart>false</IsUserChart>
                          <EnableChartPicker>true</EnableChartPicker>
                          <RecordsPerPage>10</RecordsPerPage>
                        </parameters>
                      </control>
                    </cell>
                  </row>
                  <row />
                  <row />
                  <row />
                  <row />
                  <row />
                  <row />
                  <row />
                  <row />
                  <row />
                  <row />
                  <row />
                </rows>
              </section>
            </sections>
          </column>
        </columns>
      </tab>
    </tabs>
    <header id="{108e5ed2-fded-4fb6-a0fb-5581c1e84247}" columns="111">
      <rows>
        <row>
          <cell id="{b31b395a-98e4-4cd7-a36a-b7d3717149c4}" showlabel="false">
            <labels>
              <label description="" languagecode="1033" />
            </labels>
          </cell>
          <cell id="{9e2dbb9d-b60c-42ca-bed7-a62fe3c925b0}" showlabel="false">
            <labels>
              <label description="" languagecode="1033" />
            </labels>
          </cell>
          <cell id="{87292cdc-87d9-c591-e655-ba6d49b01baa}" showlabel="true" locklevel="0">
            <labels>
              <label description="Created On" languagecode="1033" />
            </labels>
            <control id="header_createdon" classid="{5B773807-9FB2-42db-97C3-7A91EFF8ADFF}" datafieldname="createdon" disabled="true" uniqueid="{44023746-8111-09b0-71ec-73d978ce041b}" />
          </cell>
        </row>
      </rows>
    </header>
    <Navigation>
      <NavBar></NavBar>
      <NavBarAreas>
        <NavBarArea Id="Info">
          <Titles>
            <Title LCID="1033" Text="Common" />
          </Titles>
        </NavBarArea>
        <NavBarArea Id="Sales">
          <Titles>
            <Title LCID="1033" Text="Sales" />
          </Titles>
        </NavBarArea>
        <NavBarArea Id="Service">
          <Titles>
            <Title LCID="1033" Text="Service" />
          </Titles>
        </NavBarArea>
        <NavBarArea Id="Marketing">
          <Titles>
            <Title LCID="1033" Text="Marketing" />
          </Titles>
        </NavBarArea>
        <NavBarArea Id="ProcessCenter">
          <Titles>
            <Title LCID="1033" Text="Process Sessions" />
          </Titles>
        </NavBarArea>
      </NavBarAreas>
    </Navigation>
    <controlDescriptions />
  </form>
  <IsCustomizable>1</IsCustomizable>
  <CanBeDeleted>1</CanBeDeleted>
  <LocalizedNames>
    <LocalizedName description="Information" languagecode="1033" />
  </LocalizedNames>
  <Descriptions>
    <Description description="A form for this entity." languagecode="1033" />
  </Descriptions>
</systemform>