<?xml version="1.0" encoding="utf-8"?>
<forms xmlns:xsi="http://www.w3.org/2001/XMLSchema-instance">
  <systemform>
    <formid>{43300723-f867-420b-ab28-976a4d12e6c4}</formid>
    <IntroducedVersion>8.0.0.0</IntroducedVersion>
    <FormPresentation>0</FormPresentation>
    <FormActivationState>1</FormActivationState>
    <form>
      <tabs
        showlabels="false">
        <tab
          name="general"
          verticallayout="true"
          id="{498cae20-f330-4e9a-8c42-b761aee66c8f}"
          IsUserDefined="0"
          ordinalvalue="0">
          <columns>
            <column
              width="100%"
              id="0">
              <sections>
                <section
                  name="Entitlements"
                  labelwidth="90"
                  id="{a90946db-ec6a-4b36-a498-51b66887cc96}"
                  IsUserDefined="0"
                  showlabel="false"
                  showbar="false"
                  visible="false"
                  ordinalvalue="1"
                  solutionaction="Modified" />
              </sections>
            </column>
          </columns>
        </tab>
      </tabs>
      <DisplayConditions
        Order="0"
        FallbackForm="true"
        solutionaction="Added">
        <Everyone />
      </DisplayConditions>
    </form>
    <LocalizedNames>
      <LocalizedName
        description="Recent Cases and Entitlements"
        languagecode="1033" />
      <LocalizedName
        description=""
        languagecode="1086" />
    </LocalizedNames>
    <Descriptions>
      <Description
        description="A form that displays the recent cases and entitlements."
        languagecode="1033" />
      <Description
        description="Borang yang memaparkan kes dan kelayakan terbaru."
        languagecode="1086" />
    </Descriptions>
  </systemform>
</forms>