<?xml version="1.0" encoding="utf-8"?>
<forms xmlns:xsi="http://www.w3.org/2001/XMLSchema-instance">
  <systemform>
    <formid>{b028db32-3619-48a5-ac51-cf3f947b0ef3}</formid>
    <IntroducedVersion>5.0.0.0</IntroducedVersion>
    <FormPresentation>0</FormPresentation>
    <FormActivationState>1</FormActivationState>
    <form
      hasmargin="false"
      shownavigationbar="false">
      <tabs
        showlabels="false">
        <tab
          name="general"
          verticallayout="true"
          id="{dc4254d3-733f-4c33-ae1a-0993c9b547e3}"
          IsUserDefined="0"
          ordinalvalue="0">
          <columns>
            <column
              width="100%"
              id="0">
              <sections>
                <section
                  name="information"
                  labelwidth="90"
                  id="{bab598b4-2ec6-4224-ac89-007cd686eda4}"
                  IsUserDefined="0"
                  showlabel="true"
                  showbar="false"
                  ordinalvalue="0">
                  <rows>
                    <row>
                      <cell
                        id="{112ae802-2d92-4cac-82bb-0505194e1238}"
                        showlabel="false"
                        locklevel="0"
                        ordinalvalue="10000">
                        <control
                          id="name"
                          classid="{4273EDBD-AC1D-40d3-9FB2-095C621B552D}"
                          datafieldname="name"
                          disabled="false"
                          uniqueid="{96e89741-de45-ca72-87d3-32d16c7ad241}"
                          solutionaction="Modified" />
                      </cell>
                    </row>
                    <row>
                      <cell
                        id="{ff44fde3-113e-4d69-beb5-b910d2b867b9}"
                        showlabel="true"
                        locklevel="0"
                        ordinalvalue="10003"
                        solutionaction="Modified" />
                    </row>
                    <row>
                      <cell
                        id="{976b1917-c6b0-0176-bc6b-33846851d01d}"
                        showlabel="true"
                        locklevel="0"
                        ordinalvalue="10002"
                        solutionaction="Added">
                        <labels>
                          <label
                            description=""
                            languagecode="1033" />
                        </labels>
                        <control
                          id="accountnumber"
                          classid="{4273EDBD-AC1D-40d3-9FB2-095C621B552D}"
                          datafieldname="accountnumber"
                          disabled="false" />
                      </cell>
                    </row>
                    <row>
                      <cell
                        id="{369740da-14e4-2203-8394-27d5e6a89856}"
                        showlabel="true"
                        locklevel="0"
                        ordinalvalue="10004"
                        solutionaction="Added">
                        <labels>
                          <label
                            description=""
                            languagecode="1033" />
                        </labels>
                        <control
                          id="rhm_accounttype"
                          classid="{270BD3DB-D9AF-4782-9025-509E298DEC0A}"
                          datafieldname="rhm_accounttype"
                          disabled="false" />
                      </cell>
                    </row>
                  </rows>
                </section>
                <section
                  name="Cases"
                  labelwidth="90"
                  id="{1d81fbd9-b5a7-455a-a7d5-848cc9d06cdb}"
                  IsUserDefined="0"
                  showlabel="true"
                  showbar="false"
                  height="auto"
                  visible="false"
                  ordinalvalue="1"
                  solutionaction="Modified">
                  <rows />
                </section>
                <section
                  name="Entitlements"
                  labelwidth="90"
                  id="{9dc56114-15f0-4815-b17d-c406de1723a5}"
                  IsUserDefined="0"
                  showlabel="true"
                  showbar="false"
                  height="auto"
                  visible="false"
                  ordinalvalue="2"
                  solutionaction="Modified">
                  <rows />
                </section>
              </sections>
            </column>
          </columns>
        </tab>
      </tabs>
      <DisplayConditions
        Order="0"
        FallbackForm="true"
        solutionaction="Added">
        <Everyone />
      </DisplayConditions>
    </form>
    <LocalizedNames>
      <LocalizedName
        description="account card"
        languagecode="1033" />
      <LocalizedName
        description=""
        languagecode="1086" />
    </LocalizedNames>
    <Descriptions>
      <Description
        description="A form that displays the account card."
        languagecode="1033" />
      <Description
        description="Borang yang memaparkan kad akaun."
        languagecode="1086" />
    </Descriptions>
  </systemform>
</forms>