<?xml version="1.0" encoding="utf-8"?>
<environmentvariabledefinition
  schemaname="rhm_OracleOAuthUsername">
  <defaultvalue>c87bb5de30fa499286344d3b8d019ef3</defaultvalue>
  <displayname
    default="Rheem Oracle Services - OAuth Username">
    <label
      description="Rheem Oracle Services - OAuth Username"
      languagecode="1033" />
  </displayname>
  <introducedversion>1.0.0.0</introducedversion>
  <iscustomizable>1</iscustomizable>
  <isrequired>0</isrequired>
  <secretstore>0</secretstore>
  <type>100000000</type>
</environmentvariabledefinition>