<?xml version="1.0" encoding="utf-8"?>
<RibbonDiffXml xmlns:xsi="http://www.w3.org/2001/XMLSchema-instance">
  <CustomActions>
    <CustomAction
      Id="rhm.email.SendAndClose.Button.CustomAction"
      Location="Mscrm.Form.email.MainTab.Save.Controls._children"
      Sequence="2">
      <CommandUIDefinition>
        <Button
          Command="rhm.email.Command0.Command"
          Id="rhm.email.SendAndClose.Button"
          LabelText="$LocLabels:rhm.email.SendAndClose.Button.LabelText"
          Sequence="2"
          TemplateAlias="o1"
          ToolTipTitle="$LocLabels:rhm.email.SendAndClose.Button.ToolTipTitle"
          ToolTipDescription="$LocLabels:rhm.email.SendAndClose.Button.ToolTipDescription" />
      </CommandUIDefinition>
    </CustomAction>
  </CustomActions>
  <Templates>
    <RibbonTemplates
      Id="Mscrm.Templates"></RibbonTemplates>
  </Templates>
  <CommandDefinitions>
    <CommandDefinition
      Id="rhm.email.Command0.Command">
      <EnableRules />
      <DisplayRules />
      <Actions>
        <JavaScriptFunction
          FunctionName="window.Rheem.email.sendEmailAndCloseCase"
          Library="$webresource:rhm_emailform">
          <CrmParameter
            Value="PrimaryControl" />
        </JavaScriptFunction>
      </Actions>
    </CommandDefinition>
  </CommandDefinitions>
  <RuleDefinitions>
    <TabDisplayRules />
    <DisplayRules />
    <EnableRules />
  </RuleDefinitions>
  <LocLabels>
    <LocLabel
      Id="rhm.email.SendAndClose.Button.LabelText">
      <Titles>
        <Title
          description="Send and Close"
          languagecode="1033" />
      </Titles>
    </LocLabel>
    <LocLabel
      Id="rhm.email.SendAndClose.Button.ToolTipDescription">
      <Titles>
        <Title
          description="Send the Email and close the related case"
          languagecode="1033" />
      </Titles>
    </LocLabel>
    <LocLabel
      Id="rhm.email.SendAndClose.Button.ToolTipTitle">
      <Titles>
        <Title
          description="Testing"
          languagecode="1033" />
      </Titles>
    </LocLabel>
  </LocLabels>
</RibbonDiffXml>