<?xml version="1.0" encoding="utf-8"?>
<forms xmlns:xsi="http://www.w3.org/2001/XMLSchema-instance">
  <systemform>
    <formid>{0d1e47ff-12b2-4f53-9090-bee951b98cb4}</formid>
    <IntroducedVersion>6.0.0.0</IntroducedVersion>
    <FormPresentation>1</FormPresentation>
    <FormActivationState>1</FormActivationState>
    <form
      shownavigationbar="true"
      showImage="false"
      maxWidth="1920"
      headerdensity="HighWithControls">
      <tabs>
        <tab
          name="Email"
          id="{844b5e32-5b0b-a608-9d14-0191e0ee3898}"
          IsUserDefined="0"
          locklevel="0"
          showlabel="false"
          expanded="true"
          ordinalvalue="0">
          <columns>
            <column
              width="67%"
              id="0">
              <sections>
                <section
                  name="recipient information"
                  showlabel="false"
                  showbar="false"
                  locklevel="0"
                  id="{06EADC35-1283-43E0-9EC1-FCEF0A9B9735}"
                  IsUserDefined="0"
                  layout="varwidth"
                  columns="11"
                  labelid="{887cea60-f6e3-4d11-a1de-0c8a41f64500}"
                  ordinalvalue="0">
                  <rows>
                    <row>
                      <cell
                        auto="false"
                        showlabel="true"
                        locklevel="0"
                        rowspan="1"
                        colspan="2"
                        id="{9257B3A4-703D-4810-B5E1-850CC98EDB99}"
                        labelid="{92036837-5d79-4221-9e14-418402a7c174}"
                        ordinalvalue="10000">
                        <labels>
                          <label
                            description="From"
                            languagecode="1033"
                            solutionaction="Modified" />
                          <label
                            description="Daripada"
                            languagecode="1086"
                            solutionaction="Added" />
                        </labels>
                      </cell>
                    </row>
                    <row>
                      <cell
                        auto="false"
                        showlabel="true"
                        locklevel="0"
                        rowspan="1"
                        colspan="2"
                        id="{789EB1FB-707A-4EE4-8703-00D497EAB254}"
                        labelid="{25d2432b-9948-4872-9ed3-abf8805ed597}"
                        ordinalvalue="10001">
                        <labels>
                          <label
                            description="To"
                            languagecode="1033"
                            solutionaction="Modified" />
                          <label
                            description="Kepada"
                            languagecode="1086"
                            solutionaction="Added" />
                        </labels>
                      </cell>
                    </row>
                    <row>
                      <cell
                        auto="false"
                        showlabel="true"
                        locklevel="0"
                        rowspan="1"
                        colspan="2"
                        id="{F8685CC5-23A6-40A1-976A-8231FEDED19C}"
                        labelid="{407162fe-f268-45f0-bec3-d75e3dd73d2f}"
                        ordinalvalue="10002">
                        <labels>
                          <label
                            description="Cc"
                            languagecode="1033"
                            solutionaction="Modified" />
                          <label
                            description="Salinan karbon (Cc)"
                            languagecode="1086"
                            solutionaction="Added" />
                        </labels>
                      </cell>
                    </row>
                    <row>
                      <cell
                        auto="false"
                        showlabel="true"
                        locklevel="0"
                        rowspan="1"
                        colspan="2"
                        id="{BD2B7462-E3A4-4343-B594-B64885E4025B}"
                        labelid="{3c88731d-6445-4ecc-bea4-93643103d1c6}"
                        ordinalvalue="10003">
                        <labels>
                          <label
                            description="Bcc"
                            languagecode="1033"
                            solutionaction="Modified" />
                          <label
                            description="Salinan selindung (Bcc)"
                            languagecode="1086"
                            solutionaction="Added" />
                        </labels>
                      </cell>
                    </row>
                    <row>
                      <cell
                        auto="false"
                        showlabel="true"
                        locklevel="0"
                        rowspan="1"
                        colspan="2"
                        id="{0F309E61-AC65-4D7B-9A30-0D12B7FA9B9D}"
                        labelid="{ff641871-ca1c-4c26-9089-176ba474446a}"
                        ordinalvalue="10004">
                        <labels>
                          <label
                            description="Subject"
                            languagecode="1033"
                            solutionaction="Modified" />
                          <label
                            description="Subjek"
                            languagecode="1086"
                            solutionaction="Added" />
                        </labels>
                      </cell>
                    </row>
                  </rows>
                </section>
                <section
                  name="email description"
                  showlabel="false"
                  showbar="false"
                  locklevel="0"
                  id="{C69A0C81-F542-49E6-824D-A61BEE36CD7B}"
                  IsUserDefined="0"
                  layout="varwidth"
                  columns="11"
                  height="auto"
                  labelid="{db8f611e-3a05-4490-9143-eafaf2d2f042}"
                  labelwidth="115"
                  celllabelalignment="Left"
                  celllabelposition="Left"
                  ordinalvalue="1">
                  <rows>
                    <row>
                      <cell
                        colspan="2"
                        showlabel="false"
                        rowspan="12"
                        id="{BE55AEDB-BA0B-4A7A-99A1-8C9089724AE2}"
                        labelid="{96cc8ad7-0639-4115-81ba-456b7af0c8fc}"
                        locklevel="1"
                        ordinalvalue="10000"
                        solutionaction="Modified" />
                    </row>
                  </rows>
                </section>
                <section
                  name="Regarding information"
                  showlabel="false"
                  showbar="false"
                  locklevel="0"
                  id="{CD014F1A-F427-462C-A5F9-A2E4FED857DA}"
                  IsUserDefined="0"
                  layout="varwidth"
                  columns="11"
                  labelid="{458c5f00-3adc-4db9-a581-16c1d26138d4}"
                  ordinalvalue="2">
                  <rows>
                    <row>
                      <cell
                        auto="false"
                        showlabel="true"
                        locklevel="0"
                        rowspan="1"
                        colspan="2"
                        id="{5652933F-B91C-469C-A59D-AF96052D8959}"
                        labelid="{312f8371-405f-4df6-b8c5-7db2349914c2}"
                        ordinalvalue="10000">
                        <labels>
                          <label
                            description="Regarding"
                            languagecode="1033"
                            solutionaction="Modified" />
                          <label
                            description="Berkenaan"
                            languagecode="1086"
                            solutionaction="Added" />
                        </labels>
                      </cell>
                    </row>
                    <row>
                      <cell
                        auto="false"
                        showlabel="true"
                        locklevel="0"
                        rowspan="1"
                        colspan="1"
                        id="{a34ac147-c258-4d89-90d1-4623e1a97fb2}"
                        labelid="{42773a96-ad74-4649-978a-6e9d5b854055}"
                        ordinalvalue="10001">
                        <labels>
                          <label
                            description="Duration"
                            languagecode="1033"
                            solutionaction="Modified" />
                          <label
                            description="Tempoh"
                            languagecode="1086"
                            solutionaction="Added" />
                        </labels>
                      </cell>
                    </row>
                  </rows>
                </section>
              </sections>
            </column>
            <column
              width="33%"
              id="1">
              <sections>
                <section
                  name="tab_4_section_2"
                  showlabel="false"
                  showbar="false"
                  locklevel="0"
                  id="{64d62970-6981-1123-d95e-a7c785918c56}"
                  IsUserDefined="0"
                  layout="varwidth"
                  columns="11"
                  labelwidth="115"
                  ordinalvalue="3">
                  <rows />
                </section>
              </sections>
            </column>
          </columns>
        </tab>
      </tabs>
      <header
        id="{9B740295-1A0A-4F85-B379-F2839E79EDB8}"
        columns="1111"
        celllabelposition="Top"
        labelwidth="115">
        <rows>
          <row>
            <cell
              showlabel="true"
              locklevel="0"
              rowspan="1"
              colspan="1"
              id="{D7ED5F96-9521-4216-A7CE-D379AE17D4EB}"
              ordinalvalue="10000">
              <labels>
                <label
                  description="Priority"
                  languagecode="1033"
                  solutionaction="Modified" />
                <label
                  description="Keutamaan"
                  languagecode="1086"
                  solutionaction="Added" />
              </labels>
            </cell>
            <cell
              showlabel="true"
              id="{B2BF0ABF-A0A0-4F8A-BD37-1EB0DD04F6BA}"
              ordinalvalue="30002">
              <labels>
                <label
                  description="Status Reason"
                  languagecode="1033"
                  solutionaction="Modified" />
                <label
                  description="Sebab Status"
                  languagecode="1086"
                  solutionaction="Added" />
              </labels>
            </cell>
            <cell
              showlabel="true"
              locklevel="0"
              rowspan="1"
              colspan="1"
              id="{ABED2190-C9EF-461C-892A-A3751F827825}"
              ordinalvalue="40003">
              <labels>
                <label
                  description="Owner"
                  languagecode="1033"
                  solutionaction="Modified" />
                <label
                  description="Pemilik"
                  languagecode="1086"
                  solutionaction="Added" />
              </labels>
            </cell>
          </row>
        </rows>
      </header>
      <footer
        id="{063E5C3B-ED4E-4DCA-A8B5-520FF0B77781}"
        columns="1"
        celllabelposition="Left"
        celllabelalignment="Left"
        labelwidth="115">
        <rows>
          <row>
            <cell
              id="{FB4B455C-DADF-43B6-8B6C-C9C35ABAFEC6}"
              labelid="{F453C907-3B72-41A3-B4DE-B4A6D42F7E37}"
              ordinalvalue="10000">
              <labels>
                <label
                  description="Followed"
                  languagecode="1033"
                  solutionaction="Modified" />
                <label
                  description="Diikuti"
                  languagecode="1086"
                  solutionaction="Added" />
              </labels>
            </cell>
          </row>
          <row>
            <cell
              id="{3F50BEC9-28E0-491D-BDA9-FF9B4D8A2BAD}"
              labelid="{D13207FD-C9D1-4977-92ED-96990C5467F4}"
              ordinalvalue="10001">
              <labels>
                <label
                  description="Reminder Set"
                  languagecode="1033"
                  solutionaction="Modified" />
                <label
                  description="Peringatan Ditetapkan"
                  languagecode="1086"
                  solutionaction="Added" />
              </labels>
            </cell>
          </row>
        </rows>
      </footer>
      <events>
        <event
          name="onload"
          application="true"
          active="true">
          <Handlers>
            <Handler
              functionName="window.Rheem.email.onLoad"
              libraryName="rhm_emailform"
              handlerUniqueId="{6a300fe9-bcb1-4850-b7a1-72667a70fca3}"
              enabled="true"
              parameters=""
              passExecutionContext="true"
              ordinalvalue="3"
              solutionaction="Added" />
          </Handlers>
        </event>
        <event
          name="onchange"
          application="false"
          active="false"
          attribute="description"
          solutionaction="Added">
          <Handlers>
            <Handler
              functionName="InstantiateEmailTemplate"
              libraryName="rhm_template"
              handlerUniqueId="{871d6508-09a6-4329-9df2-99e55720cc14}"
              enabled="true"
              parameters=""
              passExecutionContext="false"
              ordinalvalue="0" />
          </Handlers>
        </event>
      </events>
      <formLibraries>
        <Library
          name="rhm_template"
          libraryUniqueId="{0b218f82-974e-42e9-b467-4f722e722fd6}"
          solutionaction="Added" />
        <Library
          name="rhm_emailform"
          libraryUniqueId="{6404131a-726c-4bbf-8ef4-da2673ffcd68}"
          solutionaction="Added" />
      </formLibraries>
      <Navigation>
        <NavBar>
          <NavBarByRelationshipItem
            Area="Info"
            Show="true"
            RelationshipName="hardcoded_{B7196B13-6B9D-42CD-BD58-B19A3953126F}navConnections"
            Id="navConnections"
            Sequence="9001"
            solutionaction="Added">
            <Titles>
              <Title
                Text="Connections"
                LCID="1033" />
            </Titles>
          </NavBarByRelationshipItem>
          <NavBarByRelationshipItem
            Area="Info"
            Show="true"
            RelationshipName="hardcoded_{B7196B13-6B9D-42CD-BD58-B19A3953126F}navAudit"
            Id="navAudit"
            Sequence="9000"
            solutionaction="Added">
            <Titles>
              <Title
                Text="Audit History"
                LCID="1033" />
            </Titles>
          </NavBarByRelationshipItem>
        </NavBar>
      </Navigation>
    </form>
    <LocalizedNames>
      <LocalizedName
        description="Email"
        languagecode="1033" />
      <LocalizedName
        description="E-mel"
        languagecode="1086" />
    </LocalizedNames>
    <Descriptions>
      <Description
        description="Updated default Email form."
        languagecode="1033" />
      <Description
        description="Borang E-mel lalai Dikemas Kini."
        languagecode="1086" />
    </Descriptions>
  </systemform>
</forms>