﻿<?xml version="1.0" encoding="utf-8"?>
<systemform>
  <formid>{69cff312-cfb6-4289-9631-249ab85d2c62}</formid>
  <IntroducedVersion>7.0.0.0</IntroducedVersion>
  <FormPresentation>0</FormPresentation>
  <FormActivationState>1</FormActivationState>
  <form maxWidth="400">
    <tabs>
      <tab name="hierarchy" verticallayout="true" id="{ee701130-9f7e-4c91-b842-ac167874416d}" IsUserDefined="0" locklevel="0" expanded="true" showlabel="false">
        <labels>
          <label description="Hierarchy" languagecode="1033" />
        </labels>
        <columns>
          <column width="100%">
            <sections>
              <section name="account tile" showlabel="false" showbar="false" id="{7d0de66d-72fd-4e03-8a38-941bc343a644}" IsUserDefined="0" columns="1" locklevel="0" labelwidth="115" celllabelalignment="Left" celllabelposition="Left">
                <labels>
                  <label description="Information" languagecode="1033" />
                </labels>
                <rows>
                  <row>
                    <cell id="{ba72893d-59c0-b726-364c-e96764b20437}" showlabel="true" locklevel="0">
                      <labels>
                        <label description="Client Name" languagecode="1033" />
                      </labels>
                      <control id="name" classid="{4273EDBD-AC1D-40d3-9FB2-095C621B552D}" datafieldname="name" disabled="false" uniqueid="{82512843-9210-043b-64bb-41e83878d6ac}" />
                    </cell>
                  </row>
                  <row>
                    <cell id="{49553d4d-7340-61d2-890a-ce24b37b8a7c}" showlabel="true" locklevel="0">
                      <labels>
                        <label description="CISCode" languagecode="1033" />
                      </labels>
                      <control id="nwm_ciscode" classid="{4273EDBD-AC1D-40d3-9FB2-095C621B552D}" datafieldname="nwm_ciscode" disabled="false" />
                    </cell>
                  </row>
                  <row>
                    <cell id="{3c0ddc56-c6e6-de64-3947-6b73c3dcba2a}" showlabel="true" locklevel="0">
                      <labels>
                        <label description="Level" languagecode="1033" />
                      </labels>
                      <control id="nwm_level" classid="{3EF39988-22BB-4f0b-BBBE-64B5A3748AEE}" datafieldname="nwm_level" disabled="false" />
                    </cell>
                  </row>
                  <row>
                    <cell id="{718dda85-0999-1399-cc3d-5cc2deec721c}" showlabel="true" locklevel="0">
                      <labels>
                        <label description="City" languagecode="1033" />
                      </labels>
                      <control id="address1_city" classid="{4273EDBD-AC1D-40d3-9FB2-095C621B552D}" datafieldname="address1_city" disabled="false" uniqueid="{3d9abc40-6481-d34d-6770-8ee878e60cbd}" />
                    </cell>
                  </row>
                  <row>
                    <cell id="{7dbb897d-ae3b-4f49-b03c-b51042b70931}" showlabel="false" locklevel="1" visible="false">
                      <labels>
                        <label description="Owner" languagecode="1033" />
                      </labels>
                      <control id="ownerid" classid="{270bd3db-d9af-4782-9025-509e298dec0a}" datafieldname="ownerid" disabled="false" uniqueid="{e6eac9ab-43ee-14d3-e8a0-17735149128d}">
                        <parameters>
                          <AutoResolve>true</AutoResolve>
                          <DisableMru>false</DisableMru>
                        </parameters>
                      </control>
                    </cell>
                  </row>
                </rows>
              </section>
            </sections>
          </column>
        </columns>
      </tab>
    </tabs>
  </form>
  <LocalizedNames>
    <LocalizedName description="Account Hierarchy Tile Form" languagecode="1033" />
  </LocalizedNames>
  <Descriptions>
    <Description description="This is the account hierarchy definition" languagecode="1033" />
  </Descriptions>
</systemform>