﻿{
  "$schema": "https://schema.management.azure.com/schemas/2015-01-01/deploymentTemplate.json#",
  "contentVersion": "1.0.0.0",
  "parameters": {
    "baseUrlToTemplates": {
      "type": "string"
    },
    "blobStorageSASToken": {
      "type": "string"
    },
    "environment": {
      "type": "string"
    },
    
    "baseUrlToFilesSearchPerson": {
      "type": "string"
    },
    "baseUrlToFilesCreatePerson": {
      "type": "string"
    }
  },
  "variables": {
  },
  "resources": [
    {
      "apiVersion": "2016-09-01",
      "name": "createpersonla",
      "type": "Microsoft.Resources/deployments",
      "dependsOn": [],
      "properties": {
        "mode": "Incremental",
        "templateLink": {
          "uri": "[concat(parameters('baseUrlToTemplates'), parameters('baseUrlToFilesCreatePerson'),'/', 'createpersonla', '.json', parameters('blobStorageSASToken'))]",
          "contentVersion": "1.0.0.0"
        },
        "parametersLink": {
          "uri": "[concat(parameters('baseUrlToTemplates'),  parameters('baseUrlToFilesCreatePerson'),'/', parameters('environment'),'/','createpersonla', '.parameters.json', parameters('blobStorageSASToken'))]",
          "contentVersion": "1.0.0.0"
        }
      }
    },
    {
      "apiVersion": "2016-09-01",
      "name": "searchpersonla",
      "type": "Microsoft.Resources/deployments",
      "dependsOn": [ "createpersonla" ],
      "properties": {
        "mode": "Incremental",
        "templateLink": {
          "uri": "[concat(parameters('baseUrlToTemplates'), parameters('baseUrlToFilessearchperson'),'/', 'searchpersonla', '.json', parameters('blobStorageSASToken'))]",
          "contentVersion": "1.0.0.0"
        },
        "parametersLink": {
          "uri": "[concat(parameters('baseUrlToTemplates'),  parameters('baseUrlToFilessearchperson'),'/',parameters('environment'),'/', 'searchpersonla', '.parameters.json', parameters('blobStorageSASToken'))]",
          "contentVersion": "1.0.0.0"
        }
      }
    }
  ],
  "outputs": {
  }
}
