{
  "properties": {
    "connectionReferences": {
      "shared_sharepointonline": {
        "runtimeSource": "invoker",
        "connection": {
          "connectionReferenceLogicalName": "ey_sharedsharepointonline_76f6d"
        },
        "api": {
          "name": "shared_sharepointonline"
        }
      }
    },
    "definition": {
      "$schema": "https://schema.management.azure.com/providers/Microsoft.Logic/schemas/2016-06-01/workflowdefinition.json#",
      "contentVersion": "1.0.0.0",
      "parameters": {
        "$connections": {
          "defaultValue": {},
          "type": "Object"
        },
        "$authentication": {
          "defaultValue": {},
          "type": "SecureObject"
        }
      },
      "triggers": {
        "manual": {
          "metadata": {
            "operationMetadataId": "5afd4b35-a27b-4784-b82c-5df2630a7695"
          },
          "type": "Request",
          "kind": "PowerAppV2",
          "inputs": {
            "schema": {
              "type": "object",
              "properties": {
                "number": {
                  "title": "ID",
                  "type": "number",
                  "x-ms-dynamically-added": true,
                  "description": "Please enter a number",
                  "x-ms-content-hint": "NUMBER"
                },
                "number_1": {
                  "title": "Pagesize",
                  "type": "number",
                  "x-ms-dynamically-added": true,
                  "description": "Please enter a number",
                  "x-ms-content-hint": "NUMBER"
                }
              },
              "required": [
                "number",
                "number_1"
              ]
            }
          }
        }
      },
      "actions": {
        "StartRecordID": {
          "runAfter": {},
          "metadata": {
            "operationMetadataId": "375d7cfa-f532-4520-a887-863a9fbf2bd0"
          },
          "type": "Compose",
          "inputs": "@triggerBody()['number']"
        },
        "PageSize": {
          "runAfter": {
            "StartRecordID": [
              "Succeeded"
            ]
          },
          "metadata": {
            "operationMetadataId": "56bbc3c7-d12c-4bd6-a9bf-5a2db6c44104"
          },
          "type": "Compose",
          "inputs": "@triggerBody()['number_1']"
        },
        "Get_items": {
          "runAfter": {
            "Compose": [
              "Succeeded"
            ]
          },
          "metadata": {
            "operationMetadataId": "a4d02821-ba1d-4007-8246-b8b81d7e7221"
          },
          "type": "OpenApiConnection",
          "inputs": {
            "host": {
              "connectionName": "shared_sharepointonline",
              "operationId": "GetItems",
              "apiId": "/providers/Microsoft.PowerApps/apis/shared_sharepointonline"
            },
            "parameters": {
              "dataset": "https://crm005834.sharepoint.com/sites/Preqinpoc",
              "table": "959ef1bc-1bde-40ac-8a8d-5ba82685b303",
              "$filter": "ID gt @{triggerBody()['number']}",
              "$top": "@triggerBody()['number_1']"
            },
            "authentication": "@parameters('$authentication')"
          }
        },
        "Compose_3": {
          "runAfter": {
            "Get_items": [
              "Succeeded"
            ]
          },
          "metadata": {
            "operationMetadataId": "a19b4893-158b-4b5a-b39f-1412e4074d94"
          },
          "type": "Compose",
          "inputs": "@outputs('Get_items')?['body/value']"
        },
        "Select": {
          "runAfter": {
            "Compose_3": [
              "Succeeded"
            ]
          },
          "metadata": {
            "operationMetadataId": "98464197-49dd-4dac-862e-7097702ac92f"
          },
          "type": "Select",
          "inputs": {
            "from": "@outputs('Get_items')?['body/value']",
            "select": {
              "FirmName": "@item()?['FirmName']",
              "FirmID": "@item()?['FirmID']",
              "AMU": "@item()?['AMU']",
              "City": "@item()?['City']",
              "Country": "@item()?['Country']",
              "InvestorType": "@item()?['InvestorType']",
              "Website": "@item()?['Website']",
              "ID": "@item()?['ID']"
            }
          }
        },
        "Respond_to_a_PowerApp_or_flow": {
          "runAfter": {
            "Select": [
              "Succeeded"
            ]
          },
          "metadata": {
            "operationMetadataId": "2e667963-26fa-4b97-9b47-d4c41dbdcd8c"
          },
          "type": "Response",
          "kind": "PowerApp",
          "inputs": {
            "statusCode": 200,
            "body": {
              "response": "@{body('select')}",
              "totalitems": "@{body('Send_an_HTTP_request_to_SharePoint')?['d']?['ItemCount']}"
            },
            "schema": {
              "type": "object",
              "properties": {
                "response": {
                  "title": "Response",
                  "x-ms-dynamically-added": true,
                  "type": "string"
                },
                "totalitems": {
                  "title": "totalitems",
                  "x-ms-dynamically-added": true,
                  "type": "string"
                }
              }
            }
          }
        },
        "Send_an_HTTP_request_to_SharePoint": {
          "runAfter": {
            "PageSize": [
              "Succeeded"
            ]
          },
          "metadata": {
            "operationMetadataId": "1c08efe5-a68b-49f7-a053-eea1dd2e9c46"
          },
          "type": "OpenApiConnection",
          "inputs": {
            "host": {
              "connectionName": "shared_sharepointonline",
              "operationId": "HttpRequest",
              "apiId": "/providers/Microsoft.PowerApps/apis/shared_sharepointonline"
            },
            "parameters": {
              "dataset": "https://crm005834.sharepoint.com/sites/Preqinpoc",
              "parameters/method": "GET",
              "parameters/uri": "_api/web/lists/getbytitle('Preqindata')"
            },
            "authentication": "@parameters('$authentication')"
          }
        },
        "Compose": {
          "runAfter": {
            "Send_an_HTTP_request_to_SharePoint": [
              "Succeeded"
            ]
          },
          "metadata": {
            "operationMetadataId": "47480e5b-44f2-4b74-bdd5-497d46928bd5"
          },
          "type": "Compose",
          "inputs": "@body('Send_an_HTTP_request_to_SharePoint')?['d']?['ItemCount']"
        }
      }
    },
    "templateName": ""
  },
  "schemaVersion": "1.0.0.0"
}