<?xml version="1.0" encoding="utf-8"?>
<ImportExportXml xmlns:xsi="http://www.w3.org/2001/XMLSchema-instance">
  <Entities />
  <Roles />
  <Workflows />
  <FieldSecurityProfiles />
  <Templates />
  <AttributeImageConfigs>
    <AttributeImageConfig>
      <attributelogicalname>rhm_avatar</attributelogicalname>
      <parententitylogicalname>contact</parententitylogicalname>
      <canstorefullimage>1</canstorefullimage>
    </AttributeImageConfig>
    <AttributeImageConfig>
      <attributelogicalname>rhm_image1</attributelogicalname>
      <parententitylogicalname>rhm_attachment</parententitylogicalname>
      <canstorefullimage>1</canstorefullimage>
    </AttributeImageConfig>
    <AttributeImageConfig>
      <attributelogicalname>rhm_image2</attributelogicalname>
      <parententitylogicalname>rhm_attachment</parententitylogicalname>
      <canstorefullimage>1</canstorefullimage>
    </AttributeImageConfig>
    <AttributeImageConfig>
      <attributelogicalname>rhm_image17</attributelogicalname>
      <parententitylogicalname>rhm_attachment</parententitylogicalname>
      <canstorefullimage>1</canstorefullimage>
    </AttributeImageConfig>
    <AttributeImageConfig>
      <attributelogicalname>rhm_image20</attributelogicalname>
      <parententitylogicalname>rhm_attachment</parententitylogicalname>
      <canstorefullimage>1</canstorefullimage>
    </AttributeImageConfig>
    <AttributeImageConfig>
      <attributelogicalname>rhm_image4</attributelogicalname>
      <parententitylogicalname>rhm_attachment</parententitylogicalname>
      <canstorefullimage>1</canstorefullimage>
    </AttributeImageConfig>
    <AttributeImageConfig>
      <attributelogicalname>rhm_image8</attributelogicalname>
      <parententitylogicalname>rhm_attachment</parententitylogicalname>
      <canstorefullimage>1</canstorefullimage>
    </AttributeImageConfig>
    <AttributeImageConfig>
      <attributelogicalname>rhm_image10</attributelogicalname>
      <parententitylogicalname>rhm_attachment</parententitylogicalname>
      <canstorefullimage>1</canstorefullimage>
    </AttributeImageConfig>
    <AttributeImageConfig>
      <attributelogicalname>rhm_image13</attributelogicalname>
      <parententitylogicalname>rhm_attachment</parententitylogicalname>
      <canstorefullimage>1</canstorefullimage>
    </AttributeImageConfig>
    <AttributeImageConfig>
      <attributelogicalname>rhm_image19</attributelogicalname>
      <parententitylogicalname>rhm_attachment</parententitylogicalname>
      <canstorefullimage>1</canstorefullimage>
    </AttributeImageConfig>
    <AttributeImageConfig>
      <attributelogicalname>rhm_image5</attributelogicalname>
      <parententitylogicalname>rhm_attachment</parententitylogicalname>
      <canstorefullimage>1</canstorefullimage>
    </AttributeImageConfig>
    <AttributeImageConfig>
      <attributelogicalname>rhm_image6</attributelogicalname>
      <parententitylogicalname>rhm_attachment</parententitylogicalname>
      <canstorefullimage>1</canstorefullimage>
    </AttributeImageConfig>
    <AttributeImageConfig>
      <attributelogicalname>rhm_image7</attributelogicalname>
      <parententitylogicalname>rhm_attachment</parententitylogicalname>
      <canstorefullimage>1</canstorefullimage>
    </AttributeImageConfig>
    <AttributeImageConfig>
      <attributelogicalname>rhm_image12</attributelogicalname>
      <parententitylogicalname>rhm_attachment</parententitylogicalname>
      <canstorefullimage>1</canstorefullimage>
    </AttributeImageConfig>
    <AttributeImageConfig>
      <attributelogicalname>rhm_image16</attributelogicalname>
      <parententitylogicalname>rhm_attachment</parententitylogicalname>
      <canstorefullimage>1</canstorefullimage>
    </AttributeImageConfig>
    <AttributeImageConfig>
      <attributelogicalname>rhm_image11</attributelogicalname>
      <parententitylogicalname>rhm_attachment</parententitylogicalname>
      <canstorefullimage>1</canstorefullimage>
    </AttributeImageConfig>
    <AttributeImageConfig>
      <attributelogicalname>rhm_image18</attributelogicalname>
      <parententitylogicalname>rhm_attachment</parententitylogicalname>
      <canstorefullimage>1</canstorefullimage>
    </AttributeImageConfig>
    <AttributeImageConfig>
      <attributelogicalname>rhm_image3</attributelogicalname>
      <parententitylogicalname>rhm_attachment</parententitylogicalname>
      <canstorefullimage>1</canstorefullimage>
    </AttributeImageConfig>
    <AttributeImageConfig>
      <attributelogicalname>rhm_image9</attributelogicalname>
      <parententitylogicalname>rhm_attachment</parententitylogicalname>
      <canstorefullimage>1</canstorefullimage>
    </AttributeImageConfig>
    <AttributeImageConfig>
      <attributelogicalname>rhm_image14</attributelogicalname>
      <parententitylogicalname>rhm_attachment</parententitylogicalname>
      <canstorefullimage>1</canstorefullimage>
    </AttributeImageConfig>
    <AttributeImageConfig>
      <attributelogicalname>rhm_image15</attributelogicalname>
      <parententitylogicalname>rhm_attachment</parententitylogicalname>
      <canstorefullimage>1</canstorefullimage>
    </AttributeImageConfig>
    <AttributeImageConfig>
      <attributelogicalname>rhm_image1</attributelogicalname>
      <parententitylogicalname>task</parententitylogicalname>
      <canstorefullimage>1</canstorefullimage>
    </AttributeImageConfig>
  </AttributeImageConfigs>
  <EntityImageConfigs>
    <EntityImageConfig>
      <parententitylogicalname>rhm_attachment</parententitylogicalname>
      <primaryimageattribute>rhm_image1</primaryimageattribute>
    </EntityImageConfig>
    <EntityImageConfig>
      <parententitylogicalname>task</parententitylogicalname>
      <primaryimageattribute>rhm_image1</primaryimageattribute>
    </EntityImageConfig>
  </EntityImageConfigs>
  <EntityMaps />
  <EntityRelationships />
  <OrganizationSettings />
  <optionsets />
  <CustomControls />
  <EntityDataProviders />
  <Languages>
    <Language>1033</Language>
    <Language>1086</Language>
  </Languages>
</ImportExportXml>