﻿<?xml version="1.0" encoding="utf-8"?>
<systemform>
  <formid>{4d0be409-5633-4d94-9e60-cdd0f38826b8}</formid>
  <IntroducedVersion>1.0.0.0</IntroducedVersion>
  <FormPresentation>1</FormPresentation>
  <FormActivationState>1</FormActivationState>
  <form>
    <tabs>
      <tab name="general" verticallayout="true" id="{6724372f-785c-46bd-ba7c-3427951eb9d3}" IsUserDefined="0">
        <labels>
          <label description="" languagecode="1033" />
        </labels>
        <columns>
          <column width="25%">
            <sections>
              <section name="ColorStrip" showlabel="false" showbar="false" columns="1" IsUserDefined="0" id="{f5698517-cc9d-4e5b-a9a4-5d30094d2c10}">
                <labels>
                  <label description="ColorStrip" languagecode="1033" />
                </labels>
              </section>
            </sections>
          </column>
          <column width="75%">
            <sections>
              <section name="CardHeader" showlabel="false" showbar="false" columns="111" id="{37f805ac-3803-4dbd-8a22-a0e6d44def1d}" IsUserDefined="0">
                <labels>
                  <label description="Header" languagecode="1033" />
                </labels>
                <rows>
                  <row>
                    <cell id="{7f1a6949-f2aa-4d97-99ca-10d0b9ad5eb7}" showlabel="true" locklevel="0">
                      <labels>
                        <label description="Status Reason" languagecode="1033" />
                      </labels>
                      <control id="statuscode" classid="{5D68B988-0661-4db2-BC3E-17598AD3BE6C}" datafieldname="statuscode" disabled="false" />
                    </cell>
                    <cell id="{1a4cd16b-c066-4eb1-88ed-b3a13e34079c}" showlabel="true" locklevel="0">
                      <labels>
                        <label description="" languagecode="1033" />
                      </labels>
                    </cell>
                    <cell id="{73e799f7-bbcb-4963-94ea-06041f47dfbd}" showlabel="true" locklevel="0">
                      <labels>
                        <label description="" languagecode="1033" />
                      </labels>
                    </cell>
                  </row>
                </rows>
              </section>
              <section name="CardDetails" showlabel="false" showbar="false" columns="1" id="{33483982-8cbf-4f01-b410-d8f612ab2a38}" IsUserDefined="0">
                <labels>
                  <label description="Details" languagecode="1033" />
                </labels>
                <rows>
                  <row>
                    <cell id="{278175d4-8dcb-4e08-9319-fe8ff1d7c55a}" showlabel="true" locklevel="0">
                      <labels>
                        <label description="Name" languagecode="1033" />
                      </labels>
                      <control id="rbs_name" classid="{4273EDBD-AC1D-40d3-9FB2-095C621B552D}" datafieldname="rbs_name" disabled="false" />
                    </cell>
                  </row>
                </rows>
              </section>
              <section name="CardFooter" showlabel="false" columns="1111" showbar="false" id="{70a9814f-b01c-46e3-8784-4c47cbc30f7c}" IsUserDefined="0">
                <labels>
                  <label description="Footer" languagecode="1033" />
                </labels>
                <rows>
                  <row>
                    <cell id="{f4671b1d-6a52-451f-b8f3-dd21ccefc972}" showlabel="true" locklevel="0">
                      <labels>
                        <label description="" languagecode="1033" />
                      </labels>
                      <control id="ownerid" classid="{270BD3DB-D9AF-4782-9025-509E298DEC0A}" datafieldname="ownerid" disabled="false" />
                    </cell>
                    <cell id="{76bdd67f-a2a6-4673-a7f3-267da0b0ac1a}" showlabel="true" locklevel="0">
                      <labels>
                        <label description="Created On" languagecode="1033" />
                      </labels>
                      <control id="createdon" classid="{270BD3DB-D9AF-4782-9025-509E298DEC0A}" datafieldname="createdon" disabled="false" />
                    </cell>
                    <cell id="{487b6798-49c2-4299-95a9-19d3e7f36725}" showlabel="true" locklevel="0">
                      <labels>
                        <label description="" languagecode="1033" />
                      </labels>
                    </cell>
                    <cell id="{d23fc76a-4b21-4da2-91b2-25298a2a61c2}" showlabel="true" locklevel="0">
                      <labels>
                        <label description="" languagecode="1033" />
                      </labels>
                    </cell>
                  </row>
                </rows>
              </section>
            </sections>
          </column>
        </columns>
      </tab>
    </tabs>
  </form>
  <IsCustomizable>1</IsCustomizable>
  <CanBeDeleted>1</CanBeDeleted>
  <LocalizedNames>
    <LocalizedName description="Information" languagecode="1033" />
  </LocalizedNames>
  <Descriptions>
    <Description description="A card form for this entity." languagecode="1033" />
  </Descriptions>
</systemform>