﻿<?xml version="1.0" encoding="utf-8"?>
<systemform>
  <formid>{59191114-8a33-40ea-a9cb-502f27f1df62}</formid>
  <IntroducedVersion>0.0.0.1</IntroducedVersion>
  <FormPresentation>1</FormPresentation>
  <FormActivationState>1</FormActivationState>
  <form>
    <tabs>
      <tab verticallayout="true" id="{72baa764-1efa-4b60-9f45-8d70d49c762a}" IsUserDefined="1">
        <labels>
          <label description="" languagecode="1033" />
        </labels>
        <columns>
          <column width="100%">
            <sections>
              <section showlabel="false" showbar="false" IsUserDefined="0" id="{ab7f494c-793f-453d-923f-3b4d97b610ad}">
                <labels>
                  <label description="GENERAL" languagecode="1033" />
                </labels>
                <rows>
                  <row>
                    <cell id="{5ba6a100-69f2-4251-885e-204d1e42118d}" showlabel="true" locklevel="0" visible="false">
                      <labels>
                        <label description="Name" languagecode="1033" />
                      </labels>
                      <control id="nwm_name" classid="{4273EDBD-AC1D-40d3-9FB2-095C621B552D}" datafieldname="nwm_name" uniqueid="{8638198c-db25-d91a-d212-a667498891d0}" disabled="false" />
                    </cell>
                  </row>
                  <row>
                    <cell id="{02a33e0a-1d48-9858-7d63-1a8a65ce1037}" showlabel="true" locklevel="0" availableforphone="false">
                      <labels>
                        <label description="Revenue LY" languagecode="1033" />
                      </labels>
                      <control id="nwm_revenuely" classid="{533B9E00-756B-4312-95A0-DC888637AC78}" datafieldname="nwm_revenuely" disabled="false" uniqueid="{1ebc2d81-0b2b-b1bc-c946-4440dd37152e}" />
                    </cell>
                  </row>
                  <row>
                    <cell id="{e1cae02c-e43e-64c6-1695-054c76eb904b}" showlabel="true" locklevel="0" availableforphone="false">
                      <labels>
                        <label description="Revenue YTD" languagecode="1033" />
                      </labels>
                      <control id="nwm_revenueytd" classid="{533B9E00-756B-4312-95A0-DC888637AC78}" datafieldname="nwm_revenueytd" disabled="false" uniqueid="{6a152b8a-395e-7e6b-d551-2e7a8934c68a}" />
                    </cell>
                  </row>
                  <row>
                    <cell id="{1103b10a-8ca6-5034-2994-7de51a301361}" showlabel="true" locklevel="0" availableforphone="false">
                      <labels>
                        <label description="% Change" languagecode="1033" />
                      </labels>
                      <control id="nwm_percentagechange" classid="{C3EFE0C3-0EC6-42be-8349-CBD9079DFD8E}" datafieldname="nwm_percentagechange" disabled="false" uniqueid="{a7434122-0e7b-2a60-0b55-b7c71c982778}" />
                    </cell>
                  </row>
                  <row>
                    <cell id="{4005e532-cac6-01e4-d13a-1dae97251cd6}" showlabel="true" locklevel="0" availableforphone="false">
                      <labels>
                        <label description="Budget" languagecode="1033" />
                      </labels>
                      <control id="nwm_budget" classid="{533B9E00-756B-4312-95A0-DC888637AC78}" datafieldname="nwm_budget" disabled="false" uniqueid="{4c3cbee3-47b6-c09c-3046-41a1c3078dab}" />
                    </cell>
                  </row>
                  <row>
                    <cell id="{67815340-c05e-8a52-68eb-b7ed5a006a06}" showlabel="true" locklevel="0" availableforphone="false">
                      <labels>
                        <label description="Rolling Average" languagecode="1033" />
                      </labels>
                      <control id="nwm_rollingaverage" classid="{533B9E00-756B-4312-95A0-DC888637AC78}" datafieldname="nwm_rollingaverage" disabled="false" uniqueid="{462d6549-4901-d520-9db5-d102355ecd58}" />
                    </cell>
                  </row>
                  <row>
                    <cell id="{06b4c37b-b8c9-08b9-9510-5b198d8a1c6e}" showlabel="true" locklevel="0" availableforphone="false">
                      <labels>
                        <label description="Credit Limit" languagecode="1033" />
                      </labels>
                      <control id="nwm_creditlimit" classid="{533B9E00-756B-4312-95A0-DC888637AC78}" datafieldname="nwm_creditlimit" disabled="false" uniqueid="{1611e210-7d9c-c743-0192-688043b604aa}" />
                    </cell>
                  </row>
                  <row>
                    <cell id="{eee8f3be-9f6f-4415-acdf-7281f1dafec6}" showlabel="true" locklevel="1" visible="false">
                      <labels>
                        <label description="Owner" languagecode="1033" />
                      </labels>
                      <control id="ownerid" classid="{270BD3DB-D9AF-4782-9025-509E298DEC0A}" datafieldname="ownerid" uniqueid="{51e5207b-aeb7-91e5-1a98-2577a2cd44dc}" disabled="false">
                        <parameters>
                          <AutoResolve>true</AutoResolve>
                          <DisableMru>false</DisableMru>
                        </parameters>
                      </control>
                    </cell>
                  </row>
                </rows>
              </section>
            </sections>
          </column>
        </columns>
      </tab>
    </tabs>
  </form>
  <IsCustomizable>1</IsCustomizable>
  <CanBeDeleted>1</CanBeDeleted>
  <LocalizedNames>
    <LocalizedName description="Information" languagecode="1033" />
  </LocalizedNames>
</systemform>