<ImportExportXml version="9.2.22012.136" SolutionPackageVersion="9.2" languagecode="1033" generatedBy="CrmLive" xmlns:xsi="http://www.w3.org/2001/XMLSchema-instance">
  <SolutionManifest>
    <UniqueName>VirtualEntitySolution</UniqueName>
    <LocalizedNames>
      <LocalizedName description="VirtualEntitySolution" languagecode="1033" />
    </LocalizedNames>
    <Descriptions />
    <Version>1.0.0.2</Version>
    <Managed>1</Managed>
    <Publisher>
      <UniqueName>mcspublisher</UniqueName>
      <LocalizedNames>
        <LocalizedName description="MCS publisher" languagecode="1033" />
      </LocalizedNames>
      <Descriptions />
      <EMailAddress xsi:nil="true"></EMailAddress>
      <SupportingWebsiteUrl xsi:nil="true"></SupportingWebsiteUrl>
      <CustomizationPrefix>mcs</CustomizationPrefix>
      <CustomizationOptionValuePrefix>90000</CustomizationOptionValuePrefix>
      <Addresses>
        <Address>
          <AddressNumber>1</AddressNumber>
          <AddressTypeCode>1</AddressTypeCode>
          <City xsi:nil="true"></City>
          <County xsi:nil="true"></County>
          <Country xsi:nil="true"></Country>
          <Fax xsi:nil="true"></Fax>
          <FreightTermsCode xsi:nil="true"></FreightTermsCode>
          <ImportSequenceNumber xsi:nil="true"></ImportSequenceNumber>
          <Latitude xsi:nil="true"></Latitude>
          <Line1 xsi:nil="true"></Line1>
          <Line2 xsi:nil="true"></Line2>
          <Line3 xsi:nil="true"></Line3>
          <Longitude xsi:nil="true"></Longitude>
          <Name xsi:nil="true"></Name>
          <PostalCode xsi:nil="true"></PostalCode>
          <PostOfficeBox xsi:nil="true"></PostOfficeBox>
          <PrimaryContactName xsi:nil="true"></PrimaryContactName>
          <ShippingMethodCode>1</ShippingMethodCode>
          <StateOrProvince xsi:nil="true"></StateOrProvince>
          <Telephone1 xsi:nil="true"></Telephone1>
          <Telephone2 xsi:nil="true"></Telephone2>
          <Telephone3 xsi:nil="true"></Telephone3>
          <TimeZoneRuleVersionNumber xsi:nil="true"></TimeZoneRuleVersionNumber>
          <UPSZone xsi:nil="true"></UPSZone>
          <UTCOffset xsi:nil="true"></UTCOffset>
          <UTCConversionTimeZoneCode xsi:nil="true"></UTCConversionTimeZoneCode>
        </Address>
        <Address>
          <AddressNumber>2</AddressNumber>
          <AddressTypeCode>1</AddressTypeCode>
          <City xsi:nil="true"></City>
          <County xsi:nil="true"></County>
          <Country xsi:nil="true"></Country>
          <Fax xsi:nil="true"></Fax>
          <FreightTermsCode xsi:nil="true"></FreightTermsCode>
          <ImportSequenceNumber xsi:nil="true"></ImportSequenceNumber>
          <Latitude xsi:nil="true"></Latitude>
          <Line1 xsi:nil="true"></Line1>
          <Line2 xsi:nil="true"></Line2>
          <Line3 xsi:nil="true"></Line3>
          <Longitude xsi:nil="true"></Longitude>
          <Name xsi:nil="true"></Name>
          <PostalCode xsi:nil="true"></PostalCode>
          <PostOfficeBox xsi:nil="true"></PostOfficeBox>
          <PrimaryContactName xsi:nil="true"></PrimaryContactName>
          <ShippingMethodCode>1</ShippingMethodCode>
          <StateOrProvince xsi:nil="true"></StateOrProvince>
          <Telephone1 xsi:nil="true"></Telephone1>
          <Telephone2 xsi:nil="true"></Telephone2>
          <Telephone3 xsi:nil="true"></Telephone3>
          <TimeZoneRuleVersionNumber xsi:nil="true"></TimeZoneRuleVersionNumber>
          <UPSZone xsi:nil="true"></UPSZone>
          <UTCOffset xsi:nil="true"></UTCOffset>
          <UTCConversionTimeZoneCode xsi:nil="true"></UTCConversionTimeZoneCode>
        </Address>
      </Addresses>
    </Publisher>
    <RootComponents>
      <RootComponent type="1" schemaName="contact" behavior="2" />
      <RootComponent type="1" schemaName="invoice" behavior="2" />
      <RootComponent type="1" schemaName="mcs_customer_contact" behavior="0" />
      <RootComponent type="1" schemaName="mserp_customeropeninvoicescdsentity_mcs" behavior="2" />
      <RootComponent type="29" id="{f8015de2-e30e-ec11-b6e6-002248158fbe}" behavior="0" />
      <RootComponent type="91" id="{1bd662a8-64e9-4848-abf1-b088d90407c1}" schemaName="BSL.D365.Plugins, Version=1.0.0.0, Culture=neutral, PublicKeyToken=e9fae8b3eb259687" behavior="0" />
      <RootComponent type="92" id="{3e9fb121-7010-ec11-b6e6-002248158fbe}" behavior="0" />
      <RootComponent type="92" id="{89fd0747-7010-ec11-b6e6-002248158fbe}" behavior="0" />
    </RootComponents>
    <MissingDependencies>
      <MissingDependency>
        <Required type="1" schemaName="invoice" displayName="Invoice" solution="msdynce_Sales (9.0.4.0076)">
          <package>msdynce_SalesAnchor (9.0.22013.10002)</package>
        </Required>
        <Dependent type="1" schemaName="invoice" displayName="Invoice" />
      </MissingDependency>
      <MissingDependency>
        <Required type="1" schemaName="mserp_customeropeninvoicescdsentity_mcs" displayName="CDS customer open invoices V2 (mserp)" solution="MicrosoftOperationsERPVE (1.0.0.0)">
          <package>MicrosoftOperationsVEAnchor (2.7.1.11)</package>
        </Required>
        <Dependent type="1" schemaName="mserp_customeropeninvoicescdsentity_mcs" displayName="CDS customer open invoices V2 (mserp)" />
      </MissingDependency>
      <MissingDependency>
        <Required type="1" schemaName="mserp_customeropeninvoicescdsentity_mcs" displayName="CDS customer open invoices V2 (mserp)" solution="MicrosoftOperationsERPVE (1.0.0.0)">
          <package>MicrosoftOperationsVEAnchor (2.7.1.11)</package>
        </Required>
        <Dependent type="26" schemaName="Portal View" displayName="Portal View" parentSchemaName="mserp_customeropeninvoicescdsentity_mcs" parentDisplayName="CDS customer open invoices V2 (mserp)" id="{f400cf5b-9510-ec11-b6e6-002248158fbe}" />
      </MissingDependency>
      <MissingDependency>
        <Required type="2" schemaName="mserp_accountnum" displayName="Customer account" parentSchemaName="mserp_customeropeninvoicescdsentity_mcs" parentDisplayName="CDS customer open invoices V2 (mserp)" solution="MicrosoftOperationsERPVE (1.0.0.0)">
          <package>MicrosoftOperationsVEAnchor (2.7.1.11)</package>
        </Required>
        <Dependent type="26" schemaName="Portal View" displayName="Portal View" parentSchemaName="mserp_customeropeninvoicescdsentity_mcs" parentDisplayName="CDS customer open invoices V2 (mserp)" id="{f400cf5b-9510-ec11-b6e6-002248158fbe}" />
      </MissingDependency>
      <MissingDependency>
        <Required type="2" schemaName="mserp_amountcur" displayName="Amount in transaction currency" parentSchemaName="mserp_customeropeninvoicescdsentity_mcs" parentDisplayName="CDS customer open invoices V2 (mserp)" solution="MicrosoftOperationsERPVE (1.0.0.0)">
          <package>MicrosoftOperationsVEAnchor (2.7.1.11)</package>
        </Required>
        <Dependent type="26" schemaName="Portal View" displayName="Portal View" parentSchemaName="mserp_customeropeninvoicescdsentity_mcs" parentDisplayName="CDS customer open invoices V2 (mserp)" id="{f400cf5b-9510-ec11-b6e6-002248158fbe}" />
      </MissingDependency>
      <MissingDependency>
        <Required type="2" schemaName="mserp_cashdiscdate" displayName="Cash discount date" parentSchemaName="mserp_customeropeninvoicescdsentity_mcs" parentDisplayName="CDS customer open invoices V2 (mserp)" solution="MicrosoftOperationsERPVE (1.0.0.0)">
          <package>MicrosoftOperationsVEAnchor (2.7.1.11)</package>
        </Required>
        <Dependent type="26" schemaName="Portal View" displayName="Portal View" parentSchemaName="mserp_customeropeninvoicescdsentity_mcs" parentDisplayName="CDS customer open invoices V2 (mserp)" id="{f400cf5b-9510-ec11-b6e6-002248158fbe}" />
      </MissingDependency>
      <MissingDependency>
        <Required type="2" schemaName="mserp_custname" displayName="Name" parentSchemaName="mserp_customeropeninvoicescdsentity_mcs" parentDisplayName="CDS customer open invoices V2 (mserp)" solution="MicrosoftOperationsERPVE (1.0.0.0)">
          <package>MicrosoftOperationsVEAnchor (2.7.1.11)</package>
        </Required>
        <Dependent type="26" schemaName="Portal View" displayName="Portal View" parentSchemaName="mserp_customeropeninvoicescdsentity_mcs" parentDisplayName="CDS customer open invoices V2 (mserp)" id="{f400cf5b-9510-ec11-b6e6-002248158fbe}" />
      </MissingDependency>
      <MissingDependency>
        <Required type="2" schemaName="mserp_customeropeninvoicescdsentity_mcsid" displayName="CDS customer open invoices V2 (mserp)" parentSchemaName="mserp_customeropeninvoicescdsentity_mcs" parentDisplayName="CDS customer open invoices V2 (mserp)" solution="MicrosoftOperationsERPVE (1.0.0.0)">
          <package>MicrosoftOperationsVEAnchor (2.7.1.11)</package>
        </Required>
        <Dependent type="26" schemaName="Portal View" displayName="Portal View" parentSchemaName="mserp_customeropeninvoicescdsentity_mcs" parentDisplayName="CDS customer open invoices V2 (mserp)" id="{f400cf5b-9510-ec11-b6e6-002248158fbe}" />
      </MissingDependency>
      <MissingDependency>
        <Required type="2" schemaName="mserp_duedate" displayName="Due date" parentSchemaName="mserp_customeropeninvoicescdsentity_mcs" parentDisplayName="CDS customer open invoices V2 (mserp)" solution="MicrosoftOperationsERPVE (1.0.0.0)">
          <package>MicrosoftOperationsVEAnchor (2.7.1.11)</package>
        </Required>
        <Dependent type="26" schemaName="Portal View" displayName="Portal View" parentSchemaName="mserp_customeropeninvoicescdsentity_mcs" parentDisplayName="CDS customer open invoices V2 (mserp)" id="{f400cf5b-9510-ec11-b6e6-002248158fbe}" />
      </MissingDependency>
      <MissingDependency>
        <Required type="2" schemaName="mserp_fk_synthinvoice_id" displayName="synthinvoice" parentSchemaName="mserp_customeropeninvoicescdsentity_mcs" parentDisplayName="CDS customer open invoices V2 (mserp)" solution="MicrosoftOperationsERPVE (1.0.0.0)">
          <package>MicrosoftOperationsVEAnchor (2.7.1.11)</package>
        </Required>
        <Dependent type="26" schemaName="Portal View" displayName="Portal View" parentSchemaName="mserp_customeropeninvoicescdsentity_mcs" parentDisplayName="CDS customer open invoices V2 (mserp)" id="{f400cf5b-9510-ec11-b6e6-002248158fbe}" />
      </MissingDependency>
      <MissingDependency>
        <Required type="2" schemaName="mserp_invoicedate" displayName="Date" parentSchemaName="mserp_customeropeninvoicescdsentity_mcs" parentDisplayName="CDS customer open invoices V2 (mserp)" solution="MicrosoftOperationsERPVE (1.0.0.0)">
          <package>MicrosoftOperationsVEAnchor (2.7.1.11)</package>
        </Required>
        <Dependent type="26" schemaName="Portal View" displayName="Portal View" parentSchemaName="mserp_customeropeninvoicescdsentity_mcs" parentDisplayName="CDS customer open invoices V2 (mserp)" id="{f400cf5b-9510-ec11-b6e6-002248158fbe}" />
      </MissingDependency>
      <MissingDependency>
        <Required type="2" schemaName="mserp_parentcuststatement" displayName="Parent customer statement" parentSchemaName="mserp_customeropeninvoicescdsentity_mcs" parentDisplayName="CDS customer open invoices V2 (mserp)" solution="MicrosoftOperationsERPVE (1.0.0.0)">
          <package>MicrosoftOperationsVEAnchor (2.7.1.11)</package>
        </Required>
        <Dependent type="26" schemaName="Portal View" displayName="Portal View" parentSchemaName="mserp_customeropeninvoicescdsentity_mcs" parentDisplayName="CDS customer open invoices V2 (mserp)" id="{f400cf5b-9510-ec11-b6e6-002248158fbe}" />
      </MissingDependency>
      <MissingDependency>
        <Required type="2" schemaName="mserp_type" displayName="Type" parentSchemaName="mserp_customeropeninvoicescdsentity_mcs" parentDisplayName="CDS customer open invoices V2 (mserp)" solution="MicrosoftOperationsERPVE (1.0.0.0)">
          <package>MicrosoftOperationsVEAnchor (2.7.1.11)</package>
        </Required>
        <Dependent type="26" schemaName="Portal View" displayName="Portal View" parentSchemaName="mserp_customeropeninvoicescdsentity_mcs" parentDisplayName="CDS customer open invoices V2 (mserp)" id="{f400cf5b-9510-ec11-b6e6-002248158fbe}" />
      </MissingDependency>
    </MissingDependencies>
  </SolutionManifest>
</ImportExportXml>