<?xml version="1.0" encoding="utf-8"?>
<savedqueries xmlns:xsi="http://www.w3.org/2001/XMLSchema-instance">
  <savedquery>
    <IsCustomizable>1</IsCustomizable>
    <CanBeDeleted>0</CanBeDeleted>
    <isquickfindquery>0</isquickfindquery>
    <isprivate>0</isprivate>
    <isdefault>1</isdefault>
    <savedqueryid>{6395f6a3-522a-434c-97c0-e3835b077d9b}</savedqueryid>
    <layoutxml>
      <grid
        name="rhm_casesubtypes"
        jump="rhm_casesubtype"
        select="1"
        icon="1"
        preview="1">
        <row
          name="rhm_casesubtype"
          id="rhm_casesubtypeid">
          <cell
            name="rhm_casesubtype"
            width="300" />
          <cell
            name="createdon"
            width="125" />
        </row>
      </grid>
    </layoutxml>
    <querytype>2</querytype>
    <fetchxml>
      <fetch
        version="1.0"
        mapping="logical">
        <entity
          name="rhm_casesubtype">
          <attribute
            name="rhm_casesubtypeid" />
          <attribute
            name="rhm_casesubtype" />
          <attribute
            name="createdon" />
          <order
            attribute="rhm_casesubtype"
            descending="false" />
          <filter
            type="and">
            <condition
              attribute="statecode"
              operator="eq"
              value="0" />
          </filter>
        </entity>
      </fetch>
    </fetchxml>
    <IntroducedVersion>1.0</IntroducedVersion>
    <LocalizedNames>
      <LocalizedName
        description="Case Sub Type Associated View"
        languagecode="1033" />
    </LocalizedNames>
  </savedquery>
</savedqueries>