<?xml version="1.0" encoding="utf-8"?>
<savedqueries xmlns:xsi="http://www.w3.org/2001/XMLSchema-instance">
  <savedquery>
    <IsCustomizable>1</IsCustomizable>
    <CanBeDeleted>1</CanBeDeleted>
    <isquickfindquery>0</isquickfindquery>
    <isprivate>0</isprivate>
    <isdefault>0</isdefault>
    <savedqueryid>{5f623383-9a45-ee11-be6d-0022482b247c}</savedqueryid>
    <layoutxml>
      <grid
        name="resultset"
        jump="fullname"
        select="1"
        icon="1"
        preview="1">
        <row
          name="result"
          id="contactid">
          <cell
            name="fullname"
            width="200" />
        </row>
      </grid>
    </layoutxml>
    <querytype>0</querytype>
    <fetchxml>
      <fetch
        version="1.0"
        output-format="xml-platform"
        mapping="logical"
        distinct="true">
        <entity
          name="contact">
          <attribute
            name="fullname" />
          <attribute
            name="contactid" />
          <filter
            type="and">
            <condition
              attribute="statecode"
              operator="eq"
              value="0" />
            <condition
              attribute="statuscode"
              operator="eq"
              value="1" />
            <condition
              attribute="rhm_contacttype"
              operator="eq"
              value="{7b742bd5-5f92-ed11-aad1-0022482b2327}"
              uiname="Contractor "
              uitype="rhm_type" />
          </filter>
        </entity>
      </fetch>
    </fetchxml>
    <IntroducedVersion>1.0.0.0</IntroducedVersion>
    <LocalizedNames>
      <LocalizedName
        description="All Contractors"
        languagecode="1033" />
    </LocalizedNames>
  </savedquery>
</savedqueries>