{
  "environmentvariablevalues": {
    "environmentvariablevalue": {
      "@environmentvariablevalueid": "d6ccedff-ab48-ee11-be6d-0022482b2755",
      "iscustomizable": "1",
      "value": "{\n  \"UserName\": \"puneet.jain3@gds.ey.com\",\n  \"Password\": \"EYRheem@123\",\n  \"ClientId\": \"9e322ca0-f9a8-4edb-b9fd-e9fd07b938a5.apps.rheemapi.com\",\n  \"ClientSecret\": \"MzhhNDg2ZDAtNjc2Ny00NzM1LThlMDYtODk0YjBmY2Y4NDA2\",\n  \"AuthUrl\" : \"https://auth.myrheem.com/v1/oauth2/authorize\",\n  \"AuthTokenUrl\": \"https://auth.myrheem.com/v1/oauth2/token\",\n  \"BearerToken\": \"\"\n}"
    }
  }
}