﻿<?xml version="1.0" encoding="utf-8"?>
<systemform>
  <formid>{190432b1-bc8e-4376-ad7d-fd7b7aadc6d8}</formid>
  <IntroducedVersion>1.0.0.0</IntroducedVersion>
  <FormPresentation>0</FormPresentation>
  <FormActivationState>1</FormActivationState>
  <form>
    <tabs>
      <tab name="general" verticallayout="true" id="{23a5fefa-7ea9-4b5c-8fe6-fe4d9d8b725a}" IsUserDefined="0">
        <labels>
          <label description="" languagecode="1033" />
        </labels>
        <columns>
          <column width="100%">
            <sections>
              <section name="account information" showlabel="false" showbar="false" id="{4ddea2cb-764b-4ee6-9897-fb8c90ccef5c}" IsUserDefined="0">
                <labels>
                  <label description="" languagecode="1033" />
                </labels>
                <rows>
                  <row>
                    <cell id="{e76bcc98-285b-4d0f-a23c-4c9bf0c507fb}">
                      <labels>
                        <label description="Business Benefit" languagecode="1033" />
                      </labels>
                      <control id="rbsm_businessbenefit" classid="{4273EDBD-AC1D-40d3-9FB2-095C621B552D}" datafieldname="rbsm_businessbenefit" disabled="false" />
                    </cell>
                    <cell id="{4639fbf6-8420-4445-917c-4a87d70d9838}">
                      <labels>
                        <label description="Status" languagecode="1033" />
                      </labels>
                      <control id="statecode" classid="{3EF39988-22BB-4f0b-BBBE-64B5A3748AEE}" datafieldname="statecode" disabled="false" />
                    </cell>
                    <cell id="{7027b989-45bd-4b37-b0ee-af70c232e2ec}">
                      <labels>
                        <label description="Owner" languagecode="1033" />
                      </labels>
                      <control id="ownerid" classid="{270BD3DB-D9AF-4782-9025-509E298DEC0A}" datafieldname="ownerid" disabled="false" />
                    </cell>
                  </row>
                </rows>
              </section>
            </sections>
          </column>
        </columns>
      </tab>
    </tabs>
  </form>
  <IsCustomizable>1</IsCustomizable>
  <CanBeDeleted>1</CanBeDeleted>
  <LocalizedNames>
    <LocalizedName description="Information" languagecode="1033" />
  </LocalizedNames>
  <Descriptions>
    <Description description="This is the form that is displayed for the CRM Mobile application." languagecode="1033" />
  </Descriptions>
</systemform>