﻿<?xml version="1.0" encoding="utf-8"?>
<savedquery>
  <IsCustomizable>1</IsCustomizable>
  <CanBeDeleted>1</CanBeDeleted>
  <isquickfindquery>0</isquickfindquery>
  <isprivate>0</isprivate>
  <isdefault>0</isdefault>
  <returnedtypecode>10015</returnedtypecode>
  <savedqueryid>{2afe5a5f-b9e7-e511-969e-005056ae7883}</savedqueryid>
  <layoutxml>
    <grid name="resultset" object="10015" jump="rbsm_name" select="1" preview="1" icon="1">
      <row name="result" id="rbsm_programmeid">
        <cell name="rbsm_name" width="150" />
        <cell name="rbsm_businessarea" width="100" />
        <cell name="rbsm_category" width="100" />
        <cell name="rbsm_channelsenabler" width="100" />
        <cell name="rbsm_commonreference" width="100" />
        <cell name="rbsm_disc" width="100" />
        <cell name="rbsm_iamenabler" width="100" />
        <cell name="rbsm_investmentprogrammetier" width="100" />
        <cell name="rbsm_planviewprogrammename" width="100" />
        <cell name="rbsm_planviewstrategyid" width="100" />
        <cell name="rbsm_totalbenefits" width="100" />
        <cell name="rbsm_totalcosts" width="100" />
      </row>
    </grid>
  </layoutxml>
  <querytype>0</querytype>
  <fetchxml>
    <fetch version="1.0" output-format="xml-platform" mapping="logical" distinct="false">
      <entity name="rbsm_programme">
        <attribute name="rbsm_name" />
        <attribute name="rbsm_totalcosts" />
        <attribute name="rbsm_totalbenefits" />
        <attribute name="rbsm_planviewstrategyid" />
        <attribute name="rbsm_planviewprogrammename" />
        <attribute name="rbsm_investmentprogrammetier" />
        <attribute name="rbsm_iamenabler" />
        <attribute name="rbsm_disc" />
        <attribute name="rbsm_commonreference" />
        <attribute name="rbsm_channelsenabler" />
        <attribute name="rbsm_category" />
        <attribute name="rbsm_businessarea" />
        <order attribute="rbsm_name" descending="false" />
        <filter type="and">
          <condition attribute="rbsm_iamenabler" operator="eq" value="1" />
        </filter>
        <attribute name="rbsm_programmeid" />
      </entity>
    </fetch>
  </fetchxml>
  <IntroducedVersion>1.0.0.0</IntroducedVersion>
  <LocalizedNames>
    <LocalizedName description="IAM Enabler Wallet" languagecode="1033" />
  </LocalizedNames>
</savedquery>