﻿<?xml version="1.0" encoding="utf-8"?>
<savedquery>
  <IsCustomizable>1</IsCustomizable>
  <CanBeDeleted>0</CanBeDeleted>
  <isquickfindquery>0</isquickfindquery>
  <isprivate>0</isprivate>
  <isdefault>1</isdefault>
  <returnedtypecode>10015</returnedtypecode>
  <savedqueryid>{7ba93b6d-d52b-40ee-a6f2-0a8d7b2c911f}</savedqueryid>
  <layoutxml>
    <grid name="resultset" object="10015" jump="rbsm_name" select="1" icon="1" preview="1">
      <row name="result" id="rbsm_programmeid">
        <cell name="rbsm_name" width="300" />
        <cell name="rbsm_businessarea" width="125" />
        <cell name="rbsm_commonreference" width="100" />
        <cell name="rbsm_category" width="100" />
        <cell name="rbsm_subcategory" width="100" />
        <cell name="rbsm_disc" width="100" />
        <cell name="rbsm_totalbenefits" width="100" />
        <cell name="rbsm_totalcosts" width="100" />
        <cell name="rbsm_investmentprogrammetier" width="100" />
        <cell name="rbsm_channelsenabler" width="100" />
        <cell name="rbsm_iamenabler" width="100" />
        <cell name="rbsm_description" width="300" disableSorting="1" />
      </row>
    </grid>
  </layoutxml>
  <querytype>0</querytype>
  <fetchxml>
    <fetch version="1.0" mapping="logical">
      <entity name="rbsm_programme">
        <attribute name="rbsm_name" />
        <order attribute="rbsm_name" descending="false" />
        <filter type="and">
          <condition attribute="statecode" operator="eq" value="0" />
        </filter>
        <attribute name="rbsm_description" />
        <attribute name="rbsm_commonreference" />
        <attribute name="rbsm_businessarea" />
        <attribute name="rbsm_totalcosts" />
        <attribute name="rbsm_totalbenefits" />
        <attribute name="rbsm_subcategory" />
        <attribute name="rbsm_disc" />
        <attribute name="rbsm_category" />
        <attribute name="rbsm_iamenabler" />
        <attribute name="rbsm_channelsenabler" />
        <attribute name="rbsm_investmentprogrammetier" />
        <attribute name="rbsm_programmeid" />
      </entity>
    </fetch>
  </fetchxml>
  <IntroducedVersion>1.0.0.0</IntroducedVersion>
  <LocalizedNames>
    <LocalizedName description="Active Programme" languagecode="1033" />
  </LocalizedNames>
</savedquery>