﻿<?xml version="1.0" encoding="utf-8"?>
<savedquery>
  <IsCustomizable>1</IsCustomizable>
  <CanBeDeleted>0</CanBeDeleted>
  <isquickfindquery>0</isquickfindquery>
  <isprivate>0</isprivate>
  <isdefault>1</isdefault>
  <returnedtypecode>10015</returnedtypecode>
  <savedqueryid>{b55bfb8e-5bec-4d9b-bab3-1b2426a7e7e1}</savedqueryid>
  <layoutxml>
    <grid name="resultset" object="10015" jump="rbsm_name" select="1" icon="1" preview="1">
      <row name="result" id="rbsm_programmeid">
        <cell name="rbsm_name" width="300" />
        <cell name="createdon" width="125" />
      </row>
    </grid>
  </layoutxml>
  <querytype>1</querytype>
  <fetchxml>
    <fetch version="1.0" mapping="logical">
      <entity name="rbsm_programme">
        <attribute name="rbsm_programmeid" />
        <attribute name="rbsm_name" />
        <attribute name="createdon" />
        <order attribute="rbsm_name" descending="false" />
      </entity>
    </fetch>
  </fetchxml>
  <IntroducedVersion>1.0.0.0</IntroducedVersion>
  <LocalizedNames>
    <LocalizedName description="Programme Advanced Find View" languagecode="1033" />
  </LocalizedNames>
</savedquery>