﻿<?xml version="1.0" encoding="utf-8"?>
<savedquery>
  <IsCustomizable>1</IsCustomizable>
  <CanBeDeleted>0</CanBeDeleted>
  <isquickfindquery>0</isquickfindquery>
  <isprivate>0</isprivate>
  <isdefault>1</isdefault>
  <returnedtypecode>10015</returnedtypecode>
  <savedqueryid>{ca8a87bd-0f2f-4a3a-9adf-27061ac59d78}</savedqueryid>
  <layoutxml>
    <grid name="" object="10015" jump="rbsm_name" select="1" icon="1" preview="1">
      <row name="rbsm_programme" id="rbsm_programmeid">
        <cell name="rbsm_name" width="300" />
        <cell name="createdon" width="125" />
      </row>
    </grid>
  </layoutxml>
  <querytype>2</querytype>
  <fetchxml>
    <fetch version="1.0" mapping="logical">
      <entity name="rbsm_programme">
        <attribute name="rbsm_programmeid" />
        <attribute name="rbsm_name" />
        <attribute name="createdon" />
        <order attribute="rbsm_name" descending="false" />
        <filter type="and">
          <condition attribute="statecode" operator="eq" value="0" />
        </filter>
      </entity>
    </fetch>
  </fetchxml>
  <IntroducedVersion>1.0.0.0</IntroducedVersion>
  <LocalizedNames>
    <LocalizedName description="Programme Associated View" languagecode="1033" />
  </LocalizedNames>
</savedquery>