﻿<?xml version="1.0" encoding="utf-8"?>
<savedquery>
  <IsCustomizable>1</IsCustomizable>
  <CanBeDeleted>1</CanBeDeleted>
  <isquickfindquery>0</isquickfindquery>
  <isprivate>0</isprivate>
  <isdefault>1</isdefault>
  <returnedtypecode>10026</returnedtypecode>
  <savedqueryid>{4e241134-1819-e611-969e-005056ae7883}</savedqueryid>
  <querytype>8192</querytype>
  <fetchxml>
    <fetch version="1.0" mapping="logical" output-format="xml-platform">
      <entity name="gap_powerbioptionsetref">
        <attribute name="gap_powerbioptionsetrefid" />
        <filter type="and">
          <condition attribute="statecode" operator="eq" value="0" />
        </filter>
      </entity>
    </fetch>
  </fetchxml>
  <IntroducedVersion>1.0</IntroducedVersion>
  <LocalizedNames>
    <LocalizedName description="Power BI Option-Set Xrefs" languagecode="1033" />
  </LocalizedNames>
</savedquery>