﻿<?xml version="1.0" encoding="utf-8"?>
<savedquery>
  <IsCustomizable>1</IsCustomizable>
  <CanBeDeleted>0</CanBeDeleted>
  <isquickfindquery>0</isquickfindquery>
  <isprivate>0</isprivate>
  <isdefault>1</isdefault>
  <returnedtypecode>10026</returnedtypecode>
  <savedqueryid>{5412fcfb-1bd1-425e-b08b-f44ad9956f82}</savedqueryid>
  <layoutxml>
    <grid name="" object="10026" jump="gap_optionsetschemaname" select="1" icon="1" preview="0">
      <row name="gap_powerbioptionsetref" id="gap_powerbioptionsetrefid">
        <cell name="gap_optionsetschemaname" width="300" />
        <cell name="createdon" width="125" />
      </row>
    </grid>
  </layoutxml>
  <querytype>64</querytype>
  <fetchxml>
    <fetch version="1.0" mapping="logical">
      <entity name="gap_powerbioptionsetref">
        <attribute name="gap_powerbioptionsetrefid" />
        <attribute name="gap_optionsetschemaname" />
        <attribute name="createdon" />
        <filter type="and">
          <condition attribute="statecode" operator="eq" value="0" />
        </filter>
      </entity>
    </fetch>
  </fetchxml>
  <IntroducedVersion>1.0</IntroducedVersion>
  <LocalizedNames>
    <LocalizedName description="Power BI Option-Set Xref Lookup View" languagecode="1033" />
  </LocalizedNames>
</savedquery>