﻿<?xml version="1.0" encoding="utf-8"?>
<savedquery>
  <IsCustomizable>1</IsCustomizable>
  <CanBeDeleted>0</CanBeDeleted>
  <isquickfindquery>0</isquickfindquery>
  <isprivate>0</isprivate>
  <isdefault>1</isdefault>
  <returnedtypecode>10026</returnedtypecode>
  <savedqueryid>{c3d3f152-ff98-4256-9ae7-fd6ee7666ded}</savedqueryid>
  <layoutxml>
    <grid name="resultset" object="10026" jump="gap_optionsetschemaname" select="1" icon="1" preview="1">
      <row name="result" id="gap_powerbioptionsetrefid">
        <cell name="gap_optionsetschemaname" width="300" />
        <cell name="createdon" width="125" />
      </row>
    </grid>
  </layoutxml>
  <querytype>0</querytype>
  <fetchxml>
    <fetch version="1.0" mapping="logical">
      <entity name="gap_powerbioptionsetref">
        <attribute name="gap_powerbioptionsetrefid" />
        <attribute name="gap_optionsetschemaname" />
        <attribute name="createdon" />
        <order attribute="gap_optionsetschemaname" descending="false" />
        <filter type="and">
          <condition attribute="statecode" operator="eq" value="0" />
        </filter>
      </entity>
    </fetch>
  </fetchxml>
  <IntroducedVersion>1.0</IntroducedVersion>
  <LocalizedNames>
    <LocalizedName description="Active Power BI Option-Set Xrefs" languagecode="1033" />
  </LocalizedNames>
</savedquery>