﻿<?xml version="1.0" encoding="utf-8"?>
<savedquery unmodified="1">
  <isquickfindquery>0</isquickfindquery>
  <isprivate>0</isprivate>
  <isdefault>0</isdefault>
  <returnedtypecode>50</returnedtypecode>
  <savedqueryid>{1f20c7c5-7378-478a-8bdb-f9c16d575c5a}</savedqueryid>
  <queryapi></queryapi>
  <layoutxml>
    <grid name="positions" object="50" jump="name" select="1" icon="1" preview="1">
      <row name="position" id="positionid">
        <cell name="name" width="300" />
        <cell name="parentpositionid" width="300" />
      </row>
    </grid>
  </layoutxml>
  <querytype>0</querytype>
  <fetchxml>
    <fetch version="1.0" output-format="xml-platform" mapping="logical">
      <entity name="position">
        <attribute name="name" />
        <attribute name="parentpositionid" />
      </entity>
    </fetch>
  </fetchxml>
  <IntroducedVersion>7.0.0.0</IntroducedVersion>
  <LocalizedNames>
    <LocalizedName description="All Positions" languagecode="1033" />
    <LocalizedName description="Wszystkie pozycje" languagecode="1045" />
  </LocalizedNames>
</savedquery>