﻿<?xml version="1.0" encoding="utf-8"?>
<savedquery unmodified="1">
  <isquickfindquery>0</isquickfindquery>
  <isprivate>0</isprivate>
  <isdefault>1</isdefault>
  <returnedtypecode>50</returnedtypecode>
  <savedqueryid>{773bc41f-7432-418b-8649-0a485f94b612}</savedqueryid>
  <queryapi></queryapi>
  <layoutxml>
    <grid name="positions" object="50" jump="name" select="1" icon="1" preview="0">
      <row name="position" id="positionid">
        <cell name="name" width="300" />
        <cell name="description" width="300" />
      </row>
    </grid>
  </layoutxml>
  <querytype>2</querytype>
  <fetchxml>
    <fetch distinct="false" mapping="logical">
      <entity name="position">
        <attribute name="name" />
        <attribute name="description" />
        <order attribute="name" descending="false" />
      </entity>
    </fetch>
  </fetchxml>
  <IntroducedVersion>7.0.0.0</IntroducedVersion>
  <LocalizedNames>
    <LocalizedName description="Position Associated View" languagecode="1033" />
    <LocalizedName description="Widok skojarzony pozycji" languagecode="1045" />
  </LocalizedNames>
</savedquery>