﻿<?xml version="1.0" encoding="utf-8"?>
<savedquery unmodified="1">
  <isquickfindquery>0</isquickfindquery>
  <isprivate>0</isprivate>
  <isdefault>0</isdefault>
  <returnedtypecode>50</returnedtypecode>
  <savedqueryid>{9ff04ab6-1a46-4d4b-8ab8-a50e21a4ef09}</savedqueryid>
  <queryapi></queryapi>
  <layoutxml>
    <grid name="positions" object="50" jump="name" select="1" icon="1" preview="1">
      <row name="position" id="positionid">
        <cell name="name" width="300" />
        <cell name="parentpositionid" width="300" />
      </row>
    </grid>
  </layoutxml>
  <querytype>0</querytype>
  <fetchxml>
    <fetch version="1.0" output-format="xml-platform" mapping="logical">
      <entity name="position">
        <attribute name="name" />
        <attribute name="parentpositionid" />
        <filter type="or">
          <condition attribute="statecode" operator="eq" value="1" />
        </filter>
      </entity>
    </fetch>
  </fetchxml>
  <IntroducedVersion>7.0.0.0</IntroducedVersion>
  <LocalizedNames>
    <LocalizedName description="Inactive Positions" languagecode="1033" />
    <LocalizedName description="Nieaktywne pozycje" languagecode="1045" />
  </LocalizedNames>
</savedquery>