﻿<?xml version="1.0" encoding="utf-8"?>
<savedquery unmodified="1">
  <isquickfindquery>1</isquickfindquery>
  <isprivate>0</isprivate>
  <isdefault>1</isdefault>
  <returnedtypecode>50</returnedtypecode>
  <savedqueryid>{b27700e2-799c-48a2-88fd-1895e7313a06}</savedqueryid>
  <queryapi></queryapi>
  <layoutxml>
    <grid name="resultset" object="50" jump="name" select="1" icon="1" preview="1">
      <row name="result" id="positionid">
        <cell name="name" width="300" />
        <cell name="parentpositionid" width="100" />
      </row>
    </grid>
  </layoutxml>
  <querytype>4</querytype>
  <fetchxml>
    <fetch version="1.0" output-format="xml-platform" mapping="logical">
      <entity name="position">
        <attribute name="name" />
        <attribute name="parentpositionid" />
        <order attribute="name" descending="false" />
        <filter type="or" isquickfindfields="1">
          <condition attribute="name" operator="like" value="{0}" />
        </filter>
      </entity>
    </fetch>
  </fetchxml>
  <IntroducedVersion>7.0.0.0</IntroducedVersion>
  <LocalizedNames>
    <LocalizedName description="Quick Find All Positions" languagecode="1033" />
    <LocalizedName description="Szybkie wyszukiwanie wszystkich pozycji" languagecode="1045" />
  </LocalizedNames>
</savedquery>