﻿<?xml version="1.0" encoding="utf-8"?>
<savedquery unmodified="1">
  <isquickfindquery>0</isquickfindquery>
  <isprivate>0</isprivate>
  <isdefault>0</isdefault>
  <returnedtypecode>50</returnedtypecode>
  <savedqueryid>{b7da133f-10dd-400f-ace6-e2cad3063f0f}</savedqueryid>
  <queryapi></queryapi>
  <layoutxml>
    <grid name="positions" object="50" jump="name" select="1" icon="1" preview="1">
      <row name="position" id="positionid">
        <cell name="name" width="300" />
        <cell name="parentpositionid" width="100" />
      </row>
    </grid>
  </layoutxml>
  <querytype>0</querytype>
  <fetchxml>
    <fetch version="1.0" output-format="xml-platform" mapping="logical" distinct="true">
      <entity name="position">
        <attribute name="name" />
        <attribute name="parentpositionid" />
        <order attribute="name" descending="false" />
        <link-entity name="connection" from="record2id" to="positionid" alias="MyConnections">
          <filter type="and">
            <condition attribute="record1id" operator="eq-userid" />
            <condition attribute="statecode" operator="eq" value="0" />
          </filter>
        </link-entity>
      </entity>
    </fetch>
  </fetchxml>
  <IntroducedVersion>7.0.0.0</IntroducedVersion>
  <LocalizedNames>
    <LocalizedName description="My Connections" languagecode="1033" />
    <LocalizedName description="Moje połączenia" languagecode="1045" />
  </LocalizedNames>
  <Descriptions>
    <Description description="Shows all instances of the position that the current position is connected to via an active connection." languagecode="1033" />
    <Description description="Prezentuje wszystkie wystąpienia pozycji, z którymi bieżąca pozycja jest połączona za pośrednictwem aktywnego połączenia." languagecode="1045" />
  </Descriptions>
</savedquery>