﻿<?xml version="1.0" encoding="utf-8"?>
<savedquery unmodified="1">
  <isquickfindquery>0</isquickfindquery>
  <isprivate>0</isprivate>
  <isdefault>1</isdefault>
  <returnedtypecode>50</returnedtypecode>
  <savedqueryid>{d4f29246-d0c7-4f8e-a97a-437e2e9dc6c1}</savedqueryid>
  <queryapi></queryapi>
  <layoutxml>
    <grid name="resultset" object="50" jump="name" select="1" icon="1" preview="0">
      <row name="result" id="positionid">
        <cell name="name" width="300" />
        <cell name="parentpositionid" width="200" />
      </row>
    </grid>
  </layoutxml>
  <querytype>1</querytype>
  <fetchxml>
    <fetch version="1.0" output-format="xml-platform" mapping="logical">
      <entity name="position">
        <attribute name="name" />
        <attribute name="parentpositionid" />
        <order attribute="name" descending="false" />
      </entity>
    </fetch>
  </fetchxml>
  <IntroducedVersion>7.0.0.0</IntroducedVersion>
  <LocalizedNames>
    <LocalizedName description="Positions Advanced Find View" languagecode="1033" />
    <LocalizedName description="Widok zaawansowanego wyszukiwania pozycji" languagecode="1045" />
  </LocalizedNames>
  <Descriptions>
    <Description description="Advanced Find view for Positions" languagecode="1033" />
    <Description description="Widok zaawansowanego wyszukiwania pozycji" languagecode="1045" />
  </Descriptions>
</savedquery>