﻿<?xml version="1.0" encoding="utf-8"?>
<savedquery unmodified="1">
  <isquickfindquery>0</isquickfindquery>
  <isprivate>0</isprivate>
  <isdefault>1</isdefault>
  <returnedtypecode>50</returnedtypecode>
  <savedqueryid>{f554b7b0-1eb1-4e32-a0a3-ac9b15d3b5ed}</savedqueryid>
  <queryapi></queryapi>
  <layoutxml>
    <grid name="resultset" object="50" jump="name" select="1" preview="0" icon="1">
      <row name="result" id="positionid">
        <cell name="name" width="300" />
      </row>
    </grid>
  </layoutxml>
  <querytype>64</querytype>
  <fetchxml>
    <fetch version="1.0" mapping="logical">
      <entity name="position">
        <attribute name="name" />
        <attribute name="parentpositionid" />
        <filter type="and">
          <condition attribute="statecode" operator="eq" value="0" />
        </filter>
      </entity>
    </fetch>
  </fetchxml>
  <IntroducedVersion>7.0.0.0</IntroducedVersion>
  <LocalizedNames>
    <LocalizedName description="Positions Lookup View" languagecode="1033" />
    <LocalizedName description="Widok wyszukiwania pozycji" languagecode="1045" />
  </LocalizedNames>
  <Descriptions>
    <Description description="Default Lookup view for Positions." languagecode="1033" />
    <Description description="Domyślny widok wyszukiwania dla pozycji." languagecode="1045" />
  </Descriptions>
</savedquery>