﻿<?xml version="1.0" encoding="utf-8"?>
<systemform unmodified="1">
  <formid>{8ed8553f-b520-4fe3-b2e7-59eef8301486}</formid>
  <IntroducedVersion>8.0.0.0</IntroducedVersion>
  <FormPresentation>0</FormPresentation>
  <FormActivationState>1</FormActivationState>
  <form>
    <tabs>
      <tab id="{0f838c32-f33d-4795-a3a9-7e254a0b113d}" name="tab_1" showlabel="false">
        <labels>
          <label description="" languagecode="1033" />
        </labels>
        <columns>
          <column width="100%">
            <sections>
              <section id="{e6a3913b-faef-4851-985d-95ccee4c3ca0}" name="tab_1_column_1_section_1" columns="1" showlabel="true" showbar="false" IsUserDefined="0">
                <labels>
                  <label description="CASE DETAILS" languagecode="1033" />
                </labels>
                <rows>
                  <row>
                    <cell id="{e9068e42-45da-8b06-abec-cb81e243b111}" showlabel="true" locklevel="0">
                      <labels>
                        <label description="Case Title" languagecode="1033" />
                      </labels>
                      <control id="title" classid="{4273EDBD-AC1D-40d3-9FB2-095C621B552D}" datafieldname="title" disabled="false" />
                    </cell>
                  </row>
                  <row>
                    <cell id="{39271ebd-9a25-3397-244a-6e8d6254a935}" showlabel="true" locklevel="0">
                      <labels>
                        <label description="Case Number" languagecode="1033" />
                      </labels>
                      <control id="ticketnumber" classid="{4273EDBD-AC1D-40d3-9FB2-095C621B552D}" datafieldname="ticketnumber" disabled="false" />
                    </cell>
                  </row>
                  <row>
                    <cell id="{d7a4ccca-2d73-9d28-c8a7-2015ac79b431}" showlabel="true" locklevel="0">
                      <labels>
                        <label description="Customer" languagecode="1033" />
                      </labels>
                      <control id="customerid" classid="{270BD3DB-D9AF-4782-9025-509E298DEC0A}" datafieldname="customerid" disabled="false" />
                    </cell>
                  </row>
                  <row>
                    <cell id="{d806bd7e-c3a2-96b1-337c-00a7ddc19c99}" showlabel="true" locklevel="0">
                      <labels>
                        <label description="Priority" languagecode="1033" />
                      </labels>
                      <control id="prioritycode" classid="{3EF39988-22BB-4f0b-BBBE-64B5A3748AEE}" datafieldname="prioritycode" disabled="false" />
                    </cell>
                  </row>
                  <row>
                    <cell id="{b4685566-7c07-d9c7-7012-ab7b2cd45547}" showlabel="true" locklevel="0">
                      <labels>
                        <label description="Status Reason" languagecode="1033" />
                      </labels>
                      <control id="statuscode" classid="{5D68B988-0661-4db2-BC3E-17598AD3BE6C}" datafieldname="statuscode" disabled="false" />
                    </cell>
                  </row>
                  <row>
                    <cell id="{93245917-998a-b270-61ed-c18ed879c235}" showlabel="true" locklevel="0">
                      <labels>
                        <label description="Origin" languagecode="1033" />
                      </labels>
                      <control id="caseorigincode" classid="{3EF39988-22BB-4f0b-BBBE-64B5A3748AEE}" datafieldname="caseorigincode" disabled="false" />
                    </cell>
                  </row>
                  <row>
                    <cell id="{d6020952-d8c4-5367-0eb5-85ea01cb14a7}" showlabel="true" locklevel="0">
                      <labels>
                        <label description="Subject" languagecode="1033" />
                      </labels>
                      <control id="subjectid" classid="{270BD3DB-D9AF-4782-9025-509E298DEC0A}" datafieldname="subjectid" disabled="false" />
                    </cell>
                  </row>
                </rows>
              </section>
              <section name="tab_1_section_2" showlabel="true" showbar="false" locklevel="0" id="{7151297d-9a30-85a9-0d06-30c10b8e8b8d}" IsUserDefined="0" layout="varwidth" columns="1" labelwidth="115">
                <labels>
                  <label description="DESCRIPTION" languagecode="1033" />
                </labels>
                <rows>
                  <row>
                    <cell id="{55761671-e9db-cc59-34c2-17c4c735a522}" showlabel="false" locklevel="0" rowspan="4">
                      <labels>
                        <label description="Description" languagecode="1033" />
                      </labels>
                      <control id="description" classid="{E0DECE4B-6FC8-4a8f-A065-082708572369}" datafieldname="description" disabled="false" />
                    </cell>
                  </row>
                  <row />
                  <row />
                  <row />
                </rows>
              </section>
              <section name="tab_1_section_3" showlabel="true" showbar="false" locklevel="0" id="{88bbc656-3d87-18da-0ab5-caa2cb603e27}" IsUserDefined="0" layout="varwidth" columns="1" labelwidth="115">
                <labels>
                  <label description="OTHER DETAILS" languagecode="1033" />
                </labels>
                <rows>
                  <row>
                    <cell id="{6145cb9a-726e-0a62-aa78-8dcaa6d064ab}" showlabel="true" locklevel="0">
                      <labels>
                        <label description="Created On" languagecode="1033" />
                      </labels>
                      <control id="createdon" classid="{5B773807-9FB2-42db-97C3-7A91EFF8ADFF}" datafieldname="createdon" disabled="false" />
                    </cell>
                  </row>
                  <row>
                    <cell id="{92b47164-4655-22e5-cb13-e36d38bd4d10}" showlabel="true" locklevel="0">
                      <labels>
                        <label description="Owner" languagecode="1033" />
                      </labels>
                      <control id="ownerid" classid="{270BD3DB-D9AF-4782-9025-509E298DEC0A}" datafieldname="ownerid" disabled="false" />
                    </cell>
                  </row>
                </rows>
              </section>
            </sections>
          </column>
        </columns>
      </tab>
    </tabs>
    <DisplayConditions Order="1">
      <Everyone />
    </DisplayConditions>
  </form>
  <LocalizedNames>
    <LocalizedName description="Case Reference Panel" languagecode="1033" />
  </LocalizedNames>
  <Descriptions>
    <Description description="A form that displays Reference Panel of Case." languagecode="1033" />
  </Descriptions>
</systemform>