﻿<?xml version="1.0" encoding="utf-8"?>
<systemform>
  <formid>{d457f549-b2f5-48d1-94b1-1e7acf314b19}</formid>
  <IntroducedVersion>1.0</IntroducedVersion>
  <FormPresentation>1</FormPresentation>
  <FormActivationState>1</FormActivationState>
  <form>
    <tabs>
      <tab verticallayout="true" id="{511f0479-d55c-4833-8002-e61cd9ecfb6e}" IsUserDefined="1">
        <labels>
          <label description="General" languagecode="1033" />
        </labels>
        <columns>
          <column width="100%">
            <sections>
              <section showlabel="false" showbar="false" IsUserDefined="0" id="{27c64d7e-aa0d-4e7a-af25-37c1f683ce85}">
                <labels>
                  <label description="General" languagecode="1033" />
                </labels>
                <rows>
                  <row>
                    <cell id="{38806c18-ab1e-4453-857a-9333b22e9fe1}">
                      <labels>
                        <label description="Key" languagecode="1033" />
                      </labels>
                      <control id="rbsm_key" classid="{4273EDBD-AC1D-40d3-9FB2-095C621B552D}" datafieldname="rbsm_key" />
                    </cell>
                  </row>
                  <row>
                    <cell id="{936d7194-8820-a60b-8570-b8363d8da4eb}" showlabel="true" locklevel="0">
                      <labels>
                        <label description="Value" languagecode="1033" />
                      </labels>
                      <control id="rbsm_value" classid="{4273EDBD-AC1D-40d3-9FB2-095C621B552D}" datafieldname="rbsm_value" disabled="false" />
                    </cell>
                  </row>
                </rows>
              </section>
            </sections>
          </column>
        </columns>
      </tab>
    </tabs>
    <header id="{2e55bdad-9804-4d7e-89a4-103f433fa9fe}" columns="111">
      <rows>
        <row>
          <cell id="{a8b6d178-82ad-595d-0134-06ba9787b198}" showlabel="true" locklevel="0">
            <labels>
              <label description="Modified On" languagecode="1033" />
            </labels>
            <control id="header_modifiedon" classid="{5B773807-9FB2-42db-97C3-7A91EFF8ADFF}" datafieldname="modifiedon" disabled="false" />
          </cell>
          <cell id="{91b5427d-8432-9331-b5b9-6792cab4c08a}" showlabel="true" locklevel="0">
            <labels>
              <label description="Modified By" languagecode="1033" />
            </labels>
            <control id="header_modifiedby" classid="{270BD3DB-D9AF-4782-9025-509E298DEC0A}" datafieldname="modifiedby" disabled="false" />
          </cell>
          <cell id="{c319c3b8-d5b9-b4c3-caee-b6b9a08c166b}" showlabel="true" locklevel="0">
            <labels>
              <label description="Status" languagecode="1033" />
            </labels>
            <control id="header_statecode" classid="{3EF39988-22BB-4f0b-BBBE-64B5A3748AEE}" datafieldname="statecode" disabled="false" />
          </cell>
        </row>
      </rows>
    </header>
    <Navigation>
      <NavBar></NavBar>
      <NavBarAreas>
        <NavBarArea Id="Info">
          <Titles>
            <Title LCID="1033" Text="Common" />
          </Titles>
        </NavBarArea>
        <NavBarArea Id="Sales">
          <Titles>
            <Title LCID="1033" Text="Sales" />
          </Titles>
        </NavBarArea>
        <NavBarArea Id="Service">
          <Titles>
            <Title LCID="1033" Text="Service" />
          </Titles>
        </NavBarArea>
        <NavBarArea Id="Marketing">
          <Titles>
            <Title LCID="1033" Text="Marketing" />
          </Titles>
        </NavBarArea>
        <NavBarArea Id="ProcessCenter">
          <Titles>
            <Title LCID="1033" Text="Process Sessions" />
          </Titles>
        </NavBarArea>
      </NavBarAreas>
    </Navigation>
  </form>
  <IsCustomizable>1</IsCustomizable>
  <CanBeDeleted>1</CanBeDeleted>
  <LocalizedNames>
    <LocalizedName description="Information" languagecode="1033" />
  </LocalizedNames>
  <Descriptions>
    <Description description="A form for this entity." languagecode="1033" />
  </Descriptions>
</systemform>