﻿<?xml version="1.0" encoding="utf-8"?>
<systemform>
  <formid>{d5f692f2-990c-4706-8e08-4da3b11e8e9e}</formid>
  <IntroducedVersion>0.0.0.0</IntroducedVersion>
  <FormPresentation>1</FormPresentation>
  <FormActivationState>1</FormActivationState>
  <form>
    <tabs>
      <tab verticallayout="true" id="{53537548-460b-4a17-b756-bf67a6943126}" IsUserDefined="1">
        <labels>
          <label description="General" languagecode="1033" />
        </labels>
        <columns>
          <column width="100%">
            <sections>
              <section showlabel="false" showbar="false" IsUserDefined="0" id="{1fc3d1f3-2284-4447-97af-bcf19e325bd4}">
                <labels>
                  <label description="General" languagecode="1033" />
                </labels>
                <rows>
                  <row>
                    <cell id="{6d7e3d61-d845-4e17-a4a0-1f0a7dad418c}" showlabel="true" locklevel="1">
                      <labels>
                        <label description="Name" languagecode="1033" />
                      </labels>
                      <control id="rbs_name" classid="{4273EDBD-AC1D-40d3-9FB2-095C621B552D}" datafieldname="rbs_name" uniqueid="{330a9b92-3954-024d-be8e-9b21e7230c09}" disabled="true" />
                    </cell>
                  </row>
                  <row>
                    <cell id="{6ac0456d-81c2-3b0b-8569-ac10ab32bdc8}" showlabel="true" locklevel="1">
                      <labels>
                        <label description="Description" languagecode="1033" />
                      </labels>
                      <control id="rbs_description" classid="{E0DECE4B-6FC8-4a8f-A065-082708572369}" datafieldname="rbs_description" disabled="true" uniqueid="{d4301c85-c0e2-dda9-5cba-15d7b0c5832a}" />
                    </cell>
                  </row>
                  <row>
                    <cell id="{ee020ace-44ec-c62e-195d-c0c9da353daa}" showlabel="true" locklevel="1">
                      <labels>
                        <label description="Document" languagecode="1033" />
                      </labels>
                      <control id="rbs_document" classid="{270BD3DB-D9AF-4782-9025-509E298DEC0A}" datafieldname="rbs_document" disabled="true" uniqueid="{7e434416-6bed-6536-c463-c99378119b85}">
                        <parameters>
                          <AutoResolve>true</AutoResolve>
                          <DisableMru>false</DisableMru>
                          <DisableQuickFind>false</DisableQuickFind>
                          <DisableViewPicker>false</DisableViewPicker>
                          <DefaultViewId>{36057843-E0BC-4216-8682-A02E7DA377F6}</DefaultViewId>
                          <AllowFilterOff>false</AllowFilterOff>
                        </parameters>
                      </control>
                    </cell>
                  </row>
                  <row>
                    <cell id="{79582564-7b89-8d9e-ca0d-061c68a5d4be}" showlabel="true" locklevel="1">
                      <labels>
                        <label description="User" languagecode="1033" />
                      </labels>
                      <control id="rbs_user" classid="{270BD3DB-D9AF-4782-9025-509E298DEC0A}" datafieldname="rbs_user" disabled="true" uniqueid="{eeba9378-e3bc-66b7-1107-da63476b346d}">
                        <parameters>
                          <AutoResolve>true</AutoResolve>
                          <DisableMru>false</DisableMru>
                          <DisableQuickFind>false</DisableQuickFind>
                          <DisableViewPicker>false</DisableViewPicker>
                          <DefaultViewId>{E88CA999-0B16-4AE9-B6A9-9EDC840D42D8}</DefaultViewId>
                          <AllowFilterOff>false</AllowFilterOff>
                        </parameters>
                      </control>
                    </cell>
                  </row>
                  <row>
                    <cell id="{097be981-c091-5a89-bdc5-2431bdc4e340}" showlabel="true" locklevel="1">
                      <labels>
                        <label description="Action" languagecode="1033" />
                      </labels>
                      <control id="rbs_action" classid="{3EF39988-22BB-4f0b-BBBE-64B5A3748AEE}" datafieldname="rbs_action" disabled="true" uniqueid="{14bb8a78-ab03-1b34-4eb1-2c195935a858}" />
                    </cell>
                  </row>
                  <row>
                    <cell id="{5ec94120-5938-ed31-d95e-0d3c756b57d7}" showlabel="true" locklevel="1">
                      <labels>
                        <label description="Start" languagecode="1033" />
                      </labels>
                      <control id="rbs_start" classid="{5B773807-9FB2-42db-97C3-7A91EFF8ADFF}" datafieldname="rbs_start" disabled="true" uniqueid="{29b04ace-4425-7c6d-1ac5-5c9a32083419}" />
                    </cell>
                  </row>
                  <row>
                    <cell id="{e540dbd2-c30d-b85e-70c4-95e74ccd3ed7}" showlabel="true" locklevel="1">
                      <labels>
                        <label description="End" languagecode="1033" />
                      </labels>
                      <control id="rbs_end" classid="{5B773807-9FB2-42db-97C3-7A91EFF8ADFF}" datafieldname="rbs_end" disabled="true" uniqueid="{1e413b35-8a98-26aa-da0e-522225179700}" />
                    </cell>
                  </row>
                  <row>
                    <cell id="{6b3be62b-5ace-28d8-e851-89098a03947a}" showlabel="true" locklevel="1">
                      <labels>
                        <label description="Status" languagecode="1033" />
                      </labels>
                      <control id="statecode" classid="{3EF39988-22BB-4f0b-BBBE-64B5A3748AEE}" datafieldname="statecode" disabled="true" uniqueid="{b2bc6494-dde1-173d-613a-753ce1889c01}" />
                    </cell>
                  </row>
                  <row>
                    <cell id="{75a22d31-3128-9305-9ebb-12299c9d8120}" showlabel="true" locklevel="1">
                      <labels>
                        <label description="Status Reason" languagecode="1033" />
                      </labels>
                      <control id="statuscode" classid="{5D68B988-0661-4db2-BC3E-17598AD3BE6C}" datafieldname="statuscode" disabled="true" uniqueid="{2b614514-4152-a1c8-d48d-abeeb0ca052e}" />
                    </cell>
                  </row>
                  <row>
                    <cell id="{180d8bb0-df40-475d-a220-dc5886a72d57}" showlabel="true" locklevel="1">
                      <labels>
                        <label description="Owner" languagecode="1033" />
                      </labels>
                      <control id="ownerid" classid="{270BD3DB-D9AF-4782-9025-509E298DEC0A}" datafieldname="ownerid" uniqueid="{a2c156b9-5531-806c-13c5-d2e7961584d4}" disabled="true">
                        <parameters>
                          <AutoResolve>true</AutoResolve>
                          <DisableMru>false</DisableMru>
                        </parameters>
                      </control>
                    </cell>
                  </row>
                </rows>
              </section>
            </sections>
          </column>
        </columns>
      </tab>
    </tabs>
    <Navigation>
      <NavBar></NavBar>
      <NavBarAreas>
        <NavBarArea Id="Info">
          <Titles>
            <Title LCID="1033" Text="Common" />
          </Titles>
        </NavBarArea>
        <NavBarArea Id="Sales">
          <Titles>
            <Title LCID="1033" Text="Sales" />
          </Titles>
        </NavBarArea>
        <NavBarArea Id="Service">
          <Titles>
            <Title LCID="1033" Text="Service" />
          </Titles>
        </NavBarArea>
        <NavBarArea Id="Marketing">
          <Titles>
            <Title LCID="1033" Text="Marketing" />
          </Titles>
        </NavBarArea>
        <NavBarArea Id="ProcessCenter">
          <Titles>
            <Title LCID="1033" Text="Process Sessions" />
          </Titles>
        </NavBarArea>
      </NavBarAreas>
    </Navigation>
    <controlDescriptions />
  </form>
  <IsCustomizable>1</IsCustomizable>
  <CanBeDeleted>1</CanBeDeleted>
  <LocalizedNames>
    <LocalizedName description="Information" languagecode="1033" />
  </LocalizedNames>
  <Descriptions>
    <Description description="A form for this entity." languagecode="1033" />
  </Descriptions>
</systemform>