﻿<?xml version="1.0" encoding="utf-8"?>
<optionset Name="rbs_rbscompany" localizedName="RBS Company" description="RBS Company.">
  <OptionSetType>picklist</OptionSetType>
  <IsGlobal>1</IsGlobal>
  <IntroducedVersion>1.0.0.0</IntroducedVersion>
  <IsCustomizable>1</IsCustomizable>
  <ExternalTypeName></ExternalTypeName>
  <displaynames>
    <displayname description="RBS Company" languagecode="1033" />
  </displaynames>
  <Descriptions>
    <Description description="RBS Company." languagecode="1033" />
  </Descriptions>
  <options>
    <option value="859770001" ExternalValue="" Color="#0000ff">
      <labels>
        <label description="NWHL" languagecode="1033" />
      </labels>
      <Descriptions>
        <Description description="" languagecode="1033" />
      </Descriptions>
    </option>
    <option value="859770002" ExternalValue="" Color="#0000ff">
      <labels>
        <label description="NWB" languagecode="1033" />
      </labels>
      <Descriptions>
        <Description description="" languagecode="1033" />
      </Descriptions>
    </option>
    <option value="859770003" ExternalValue="" Color="#0000ff">
      <labels>
        <label description="UBN" languagecode="1033" />
      </labels>
      <Descriptions>
        <Description description="" languagecode="1033" />
      </Descriptions>
    </option>
    <option value="859770004" ExternalValue="" Color="#0000ff">
      <labels>
        <label description="UBR" languagecode="1033" />
      </labels>
      <Descriptions>
        <Description description="" languagecode="1033" />
      </Descriptions>
    </option>
    <option value="859770000" ExternalValue="" Color="#0000ff">
      <labels>
        <label description="RBS" languagecode="1033" />
      </labels>
      <Descriptions>
        <Description description="" languagecode="1033" />
      </Descriptions>
    </option>
    <option value="859770005" ExternalValue="" Color="#0000ff">
      <labels>
        <label description="RBSI" languagecode="1033" />
      </labels>
      <Descriptions>
        <Description description="" languagecode="1033" />
      </Descriptions>
    </option>
    <option value="859770006" ExternalValue="" Color="#0000ff">
      <labels>
        <label description="IoM" languagecode="1033" />
      </labels>
      <Descriptions>
        <Description description="" languagecode="1033" />
      </Descriptions>
    </option>
    <option value="859770007" ExternalValue="" Color="#0000ff">
      <labels>
        <label description="IoMB" languagecode="1033" />
      </labels>
      <Descriptions>
        <Description description="" languagecode="1033" />
      </Descriptions>
    </option>
    <option value="859770008" ExternalValue="" Color="#0000ff">
      <labels>
        <label description="NWM" languagecode="1033" />
      </labels>
      <Descriptions>
        <Description description="" languagecode="1033" />
      </Descriptions>
    </option>
    <option value="859770009" ExternalValue="" Color="#0000ff">
      <labels>
        <label description="NWMP" languagecode="1033" />
      </labels>
      <Descriptions>
        <Description description="" languagecode="1033" />
      </Descriptions>
    </option>
  </options>
</optionset>