﻿<?xml version="1.0" encoding="utf-8"?>
<optionset Name="rbs_rbsclassification" localizedName="RBS Classification" description="RBS Classification.">
  <OptionSetType>picklist</OptionSetType>
  <IsGlobal>1</IsGlobal>
  <IntroducedVersion>0.0.0.0</IntroducedVersion>
  <IsCustomizable>1</IsCustomizable>
  <ExternalTypeName></ExternalTypeName>
  <displaynames>
    <displayname description="RBS Classification" languagecode="1033" />
  </displaynames>
  <Descriptions>
    <Description description="RBS Classification." languagecode="1033" />
  </Descriptions>
  <options>
    <option value="859770000" ExternalValue="" Color="#0000ff">
      <labels>
        <label description="Public" languagecode="1033" />
      </labels>
      <Descriptions>
        <Description description="" languagecode="1033" />
      </Descriptions>
    </option>
    <option value="859770001" ExternalValue="" Color="#0000ff">
      <labels>
        <label description="Internal" languagecode="1033" />
      </labels>
      <Descriptions>
        <Description description="" languagecode="1033" />
      </Descriptions>
    </option>
    <option value="859770002" ExternalValue="" Color="#0000ff">
      <labels>
        <label description="Confidential" languagecode="1033" />
      </labels>
      <Descriptions>
        <Description description="" languagecode="1033" />
      </Descriptions>
    </option>
  </options>
</optionset>