﻿<?xml version="1.0" encoding="utf-8"?>
<optionset Name="rbs_rbsjurisdiction" localizedName="RBS Jurisdiction" description="RBS Jurisdiction.">
  <OptionSetType>picklist</OptionSetType>
  <IsGlobal>1</IsGlobal>
  <IntroducedVersion>0.0.0.0</IntroducedVersion>
  <IsCustomizable>1</IsCustomizable>
  <ExternalTypeName></ExternalTypeName>
  <displaynames>
    <displayname description="RBS Jurisdiction" languagecode="1033" />
  </displaynames>
  <Descriptions>
    <Description description="RBS Jurisdiction." languagecode="1033" />
  </Descriptions>
  <options>
    <option value="100000000" ExternalValue="" Color="">
      <labels>
        <label description="AFG" languagecode="1033" />
      </labels>
      <Descriptions>
        <Description description="" languagecode="1033" />
      </Descriptions>
    </option>
    <option value="100000001" ExternalValue="" Color="">
      <labels>
        <label description="ALA" languagecode="1033" />
      </labels>
      <Descriptions>
        <Description description="" languagecode="1033" />
      </Descriptions>
    </option>
    <option value="100000002" ExternalValue="" Color="">
      <labels>
        <label description="ALB" languagecode="1033" />
      </labels>
      <Descriptions>
        <Description description="" languagecode="1033" />
      </Descriptions>
    </option>
    <option value="100000003" ExternalValue="" Color="">
      <labels>
        <label description="DZA" languagecode="1033" />
      </labels>
      <Descriptions>
        <Description description="" languagecode="1033" />
      </Descriptions>
    </option>
    <option value="100000004" ExternalValue="" Color="">
      <labels>
        <label description="ASM" languagecode="1033" />
      </labels>
      <Descriptions>
        <Description description="" languagecode="1033" />
      </Descriptions>
    </option>
    <option value="100000005" ExternalValue="" Color="">
      <labels>
        <label description="AND" languagecode="1033" />
      </labels>
      <Descriptions>
        <Description description="" languagecode="1033" />
      </Descriptions>
    </option>
    <option value="100000006" ExternalValue="" Color="">
      <labels>
        <label description="AGO" languagecode="1033" />
      </labels>
      <Descriptions>
        <Description description="" languagecode="1033" />
      </Descriptions>
    </option>
    <option value="100000007" ExternalValue="" Color="">
      <labels>
        <label description="AIA" languagecode="1033" />
      </labels>
      <Descriptions>
        <Description description="" languagecode="1033" />
      </Descriptions>
    </option>
    <option value="100000008" ExternalValue="" Color="">
      <labels>
        <label description="ATA" languagecode="1033" />
      </labels>
      <Descriptions>
        <Description description="" languagecode="1033" />
      </Descriptions>
    </option>
    <option value="100000009" ExternalValue="" Color="">
      <labels>
        <label description="ATG" languagecode="1033" />
      </labels>
      <Descriptions>
        <Description description="" languagecode="1033" />
      </Descriptions>
    </option>
    <option value="100000010" ExternalValue="" Color="">
      <labels>
        <label description="ARG" languagecode="1033" />
      </labels>
      <Descriptions>
        <Description description="" languagecode="1033" />
      </Descriptions>
    </option>
    <option value="100000011" ExternalValue="" Color="">
      <labels>
        <label description="ARM" languagecode="1033" />
      </labels>
      <Descriptions>
        <Description description="" languagecode="1033" />
      </Descriptions>
    </option>
    <option value="100000012" ExternalValue="" Color="">
      <labels>
        <label description="ABW" languagecode="1033" />
      </labels>
      <Descriptions>
        <Description description="" languagecode="1033" />
      </Descriptions>
    </option>
    <option value="100000013" ExternalValue="" Color="">
      <labels>
        <label description="AUS" languagecode="1033" />
      </labels>
      <Descriptions>
        <Description description="" languagecode="1033" />
      </Descriptions>
    </option>
    <option value="100000014" ExternalValue="" Color="">
      <labels>
        <label description="AUT" languagecode="1033" />
      </labels>
      <Descriptions>
        <Description description="" languagecode="1033" />
      </Descriptions>
    </option>
    <option value="100000015" ExternalValue="" Color="">
      <labels>
        <label description="AZE" languagecode="1033" />
      </labels>
      <Descriptions>
        <Description description="" languagecode="1033" />
      </Descriptions>
    </option>
    <option value="100000016" ExternalValue="" Color="">
      <labels>
        <label description="BHS" languagecode="1033" />
      </labels>
      <Descriptions>
        <Description description="" languagecode="1033" />
      </Descriptions>
    </option>
    <option value="100000017" ExternalValue="" Color="">
      <labels>
        <label description="BHR" languagecode="1033" />
      </labels>
      <Descriptions>
        <Description description="" languagecode="1033" />
      </Descriptions>
    </option>
    <option value="100000018" ExternalValue="" Color="">
      <labels>
        <label description="BGD" languagecode="1033" />
      </labels>
      <Descriptions>
        <Description description="" languagecode="1033" />
      </Descriptions>
    </option>
    <option value="100000019" ExternalValue="" Color="">
      <labels>
        <label description="BRB" languagecode="1033" />
      </labels>
      <Descriptions>
        <Description description="" languagecode="1033" />
      </Descriptions>
    </option>
    <option value="100000020" ExternalValue="" Color="">
      <labels>
        <label description="BLR" languagecode="1033" />
      </labels>
      <Descriptions>
        <Description description="" languagecode="1033" />
      </Descriptions>
    </option>
    <option value="100000021" ExternalValue="" Color="">
      <labels>
        <label description="BEL" languagecode="1033" />
      </labels>
      <Descriptions>
        <Description description="" languagecode="1033" />
      </Descriptions>
    </option>
    <option value="100000022" ExternalValue="" Color="">
      <labels>
        <label description="BLZ" languagecode="1033" />
      </labels>
      <Descriptions>
        <Description description="" languagecode="1033" />
      </Descriptions>
    </option>
    <option value="100000023" ExternalValue="" Color="">
      <labels>
        <label description="BEN" languagecode="1033" />
      </labels>
      <Descriptions>
        <Description description="" languagecode="1033" />
      </Descriptions>
    </option>
    <option value="100000024" ExternalValue="" Color="">
      <labels>
        <label description="BMU" languagecode="1033" />
      </labels>
      <Descriptions>
        <Description description="" languagecode="1033" />
      </Descriptions>
    </option>
    <option value="100000025" ExternalValue="" Color="">
      <labels>
        <label description="BTN" languagecode="1033" />
      </labels>
      <Descriptions>
        <Description description="" languagecode="1033" />
      </Descriptions>
    </option>
    <option value="100000026" ExternalValue="" Color="">
      <labels>
        <label description="BOL" languagecode="1033" />
      </labels>
      <Descriptions>
        <Description description="" languagecode="1033" />
      </Descriptions>
    </option>
    <option value="100000027" ExternalValue="" Color="">
      <labels>
        <label description="BES" languagecode="1033" />
      </labels>
      <Descriptions>
        <Description description="" languagecode="1033" />
      </Descriptions>
    </option>
    <option value="100000028" ExternalValue="" Color="">
      <labels>
        <label description="BIH" languagecode="1033" />
      </labels>
      <Descriptions>
        <Description description="" languagecode="1033" />
      </Descriptions>
    </option>
    <option value="100000029" ExternalValue="" Color="">
      <labels>
        <label description="BWA" languagecode="1033" />
      </labels>
      <Descriptions>
        <Description description="" languagecode="1033" />
      </Descriptions>
    </option>
    <option value="100000030" ExternalValue="" Color="">
      <labels>
        <label description="BVT" languagecode="1033" />
      </labels>
      <Descriptions>
        <Description description="" languagecode="1033" />
      </Descriptions>
    </option>
    <option value="100000031" ExternalValue="" Color="">
      <labels>
        <label description="BRA" languagecode="1033" />
      </labels>
      <Descriptions>
        <Description description="" languagecode="1033" />
      </Descriptions>
    </option>
    <option value="100000032" ExternalValue="" Color="">
      <labels>
        <label description="IOT" languagecode="1033" />
      </labels>
      <Descriptions>
        <Description description="" languagecode="1033" />
      </Descriptions>
    </option>
    <option value="100000033" ExternalValue="" Color="">
      <labels>
        <label description="BRN" languagecode="1033" />
      </labels>
      <Descriptions>
        <Description description="" languagecode="1033" />
      </Descriptions>
    </option>
    <option value="100000034" ExternalValue="" Color="">
      <labels>
        <label description="BGR" languagecode="1033" />
      </labels>
      <Descriptions>
        <Description description="" languagecode="1033" />
      </Descriptions>
    </option>
    <option value="100000035" ExternalValue="" Color="">
      <labels>
        <label description="BFA" languagecode="1033" />
      </labels>
      <Descriptions>
        <Description description="" languagecode="1033" />
      </Descriptions>
    </option>
    <option value="100000036" ExternalValue="" Color="">
      <labels>
        <label description="BDI" languagecode="1033" />
      </labels>
      <Descriptions>
        <Description description="" languagecode="1033" />
      </Descriptions>
    </option>
    <option value="100000037" ExternalValue="" Color="">
      <labels>
        <label description="CPV" languagecode="1033" />
      </labels>
      <Descriptions>
        <Description description="" languagecode="1033" />
      </Descriptions>
    </option>
    <option value="100000038" ExternalValue="" Color="">
      <labels>
        <label description="KHM" languagecode="1033" />
      </labels>
      <Descriptions>
        <Description description="" languagecode="1033" />
      </Descriptions>
    </option>
    <option value="100000039" ExternalValue="" Color="">
      <labels>
        <label description="CMR" languagecode="1033" />
      </labels>
      <Descriptions>
        <Description description="" languagecode="1033" />
      </Descriptions>
    </option>
    <option value="100000040" ExternalValue="" Color="">
      <labels>
        <label description="CAN" languagecode="1033" />
      </labels>
      <Descriptions>
        <Description description="" languagecode="1033" />
      </Descriptions>
    </option>
    <option value="100000041" ExternalValue="" Color="">
      <labels>
        <label description="CYM" languagecode="1033" />
      </labels>
      <Descriptions>
        <Description description="" languagecode="1033" />
      </Descriptions>
    </option>
    <option value="100000042" ExternalValue="" Color="">
      <labels>
        <label description="CAF" languagecode="1033" />
      </labels>
      <Descriptions>
        <Description description="" languagecode="1033" />
      </Descriptions>
    </option>
    <option value="100000043" ExternalValue="" Color="">
      <labels>
        <label description="TCD" languagecode="1033" />
      </labels>
      <Descriptions>
        <Description description="" languagecode="1033" />
      </Descriptions>
    </option>
    <option value="100000044" ExternalValue="" Color="">
      <labels>
        <label description="CHL" languagecode="1033" />
      </labels>
      <Descriptions>
        <Description description="" languagecode="1033" />
      </Descriptions>
    </option>
    <option value="100000045" ExternalValue="" Color="">
      <labels>
        <label description="CHN" languagecode="1033" />
      </labels>
      <Descriptions>
        <Description description="" languagecode="1033" />
      </Descriptions>
    </option>
    <option value="100000046" ExternalValue="" Color="">
      <labels>
        <label description="CXR" languagecode="1033" />
      </labels>
      <Descriptions>
        <Description description="" languagecode="1033" />
      </Descriptions>
    </option>
    <option value="100000047" ExternalValue="" Color="">
      <labels>
        <label description="CCK" languagecode="1033" />
      </labels>
      <Descriptions>
        <Description description="" languagecode="1033" />
      </Descriptions>
    </option>
    <option value="100000048" ExternalValue="" Color="">
      <labels>
        <label description="COL" languagecode="1033" />
      </labels>
      <Descriptions>
        <Description description="" languagecode="1033" />
      </Descriptions>
    </option>
    <option value="100000049" ExternalValue="" Color="">
      <labels>
        <label description="COM" languagecode="1033" />
      </labels>
      <Descriptions>
        <Description description="" languagecode="1033" />
      </Descriptions>
    </option>
    <option value="100000050" ExternalValue="" Color="">
      <labels>
        <label description="COD" languagecode="1033" />
      </labels>
      <Descriptions>
        <Description description="" languagecode="1033" />
      </Descriptions>
    </option>
    <option value="100000051" ExternalValue="" Color="">
      <labels>
        <label description="COG" languagecode="1033" />
      </labels>
      <Descriptions>
        <Description description="" languagecode="1033" />
      </Descriptions>
    </option>
    <option value="100000052" ExternalValue="" Color="">
      <labels>
        <label description="COK" languagecode="1033" />
      </labels>
      <Descriptions>
        <Description description="" languagecode="1033" />
      </Descriptions>
    </option>
    <option value="100000053" ExternalValue="" Color="">
      <labels>
        <label description="CRI" languagecode="1033" />
      </labels>
      <Descriptions>
        <Description description="" languagecode="1033" />
      </Descriptions>
    </option>
    <option value="100000054" ExternalValue="" Color="">
      <labels>
        <label description="CIV" languagecode="1033" />
      </labels>
      <Descriptions>
        <Description description="" languagecode="1033" />
      </Descriptions>
    </option>
    <option value="100000055" ExternalValue="" Color="">
      <labels>
        <label description="HRV" languagecode="1033" />
      </labels>
      <Descriptions>
        <Description description="" languagecode="1033" />
      </Descriptions>
    </option>
    <option value="100000056" ExternalValue="" Color="">
      <labels>
        <label description="CUB" languagecode="1033" />
      </labels>
      <Descriptions>
        <Description description="" languagecode="1033" />
      </Descriptions>
    </option>
    <option value="100000057" ExternalValue="" Color="">
      <labels>
        <label description="CUW" languagecode="1033" />
      </labels>
      <Descriptions>
        <Description description="" languagecode="1033" />
      </Descriptions>
    </option>
    <option value="100000058" ExternalValue="" Color="">
      <labels>
        <label description="CYP" languagecode="1033" />
      </labels>
      <Descriptions>
        <Description description="" languagecode="1033" />
      </Descriptions>
    </option>
    <option value="100000059" ExternalValue="" Color="">
      <labels>
        <label description="CZE" languagecode="1033" />
      </labels>
      <Descriptions>
        <Description description="" languagecode="1033" />
      </Descriptions>
    </option>
    <option value="100000060" ExternalValue="" Color="">
      <labels>
        <label description="DNK" languagecode="1033" />
      </labels>
      <Descriptions>
        <Description description="" languagecode="1033" />
      </Descriptions>
    </option>
    <option value="100000061" ExternalValue="" Color="">
      <labels>
        <label description="DJI" languagecode="1033" />
      </labels>
      <Descriptions>
        <Description description="" languagecode="1033" />
      </Descriptions>
    </option>
    <option value="100000062" ExternalValue="" Color="">
      <labels>
        <label description="DMA" languagecode="1033" />
      </labels>
      <Descriptions>
        <Description description="" languagecode="1033" />
      </Descriptions>
    </option>
    <option value="100000063" ExternalValue="" Color="">
      <labels>
        <label description="DOM" languagecode="1033" />
      </labels>
      <Descriptions>
        <Description description="" languagecode="1033" />
      </Descriptions>
    </option>
    <option value="100000064" ExternalValue="" Color="">
      <labels>
        <label description="ECU" languagecode="1033" />
      </labels>
      <Descriptions>
        <Description description="" languagecode="1033" />
      </Descriptions>
    </option>
    <option value="100000065" ExternalValue="" Color="">
      <labels>
        <label description="EGY" languagecode="1033" />
      </labels>
      <Descriptions>
        <Description description="" languagecode="1033" />
      </Descriptions>
    </option>
    <option value="100000066" ExternalValue="" Color="">
      <labels>
        <label description="SLV" languagecode="1033" />
      </labels>
      <Descriptions>
        <Description description="" languagecode="1033" />
      </Descriptions>
    </option>
    <option value="100000067" ExternalValue="" Color="">
      <labels>
        <label description="GNQ" languagecode="1033" />
      </labels>
      <Descriptions>
        <Description description="" languagecode="1033" />
      </Descriptions>
    </option>
    <option value="100000068" ExternalValue="" Color="">
      <labels>
        <label description="ERI" languagecode="1033" />
      </labels>
      <Descriptions>
        <Description description="" languagecode="1033" />
      </Descriptions>
    </option>
    <option value="100000069" ExternalValue="" Color="">
      <labels>
        <label description="EST" languagecode="1033" />
      </labels>
      <Descriptions>
        <Description description="" languagecode="1033" />
      </Descriptions>
    </option>
    <option value="100000070" ExternalValue="" Color="">
      <labels>
        <label description="SWZ" languagecode="1033" />
      </labels>
      <Descriptions>
        <Description description="" languagecode="1033" />
      </Descriptions>
    </option>
    <option value="100000071" ExternalValue="" Color="">
      <labels>
        <label description="ETH" languagecode="1033" />
      </labels>
      <Descriptions>
        <Description description="" languagecode="1033" />
      </Descriptions>
    </option>
    <option value="100000072" ExternalValue="" Color="">
      <labels>
        <label description="FLK" languagecode="1033" />
      </labels>
      <Descriptions>
        <Description description="" languagecode="1033" />
      </Descriptions>
    </option>
    <option value="100000073" ExternalValue="" Color="">
      <labels>
        <label description="FRO" languagecode="1033" />
      </labels>
      <Descriptions>
        <Description description="" languagecode="1033" />
      </Descriptions>
    </option>
    <option value="100000074" ExternalValue="" Color="">
      <labels>
        <label description="FJI" languagecode="1033" />
      </labels>
      <Descriptions>
        <Description description="" languagecode="1033" />
      </Descriptions>
    </option>
    <option value="100000075" ExternalValue="" Color="">
      <labels>
        <label description="FIN" languagecode="1033" />
      </labels>
      <Descriptions>
        <Description description="" languagecode="1033" />
      </Descriptions>
    </option>
    <option value="100000076" ExternalValue="" Color="">
      <labels>
        <label description="FRA" languagecode="1033" />
      </labels>
      <Descriptions>
        <Description description="" languagecode="1033" />
      </Descriptions>
    </option>
    <option value="100000077" ExternalValue="" Color="">
      <labels>
        <label description="GUF" languagecode="1033" />
      </labels>
      <Descriptions>
        <Description description="" languagecode="1033" />
      </Descriptions>
    </option>
    <option value="100000078" ExternalValue="" Color="">
      <labels>
        <label description="PYF" languagecode="1033" />
      </labels>
      <Descriptions>
        <Description description="" languagecode="1033" />
      </Descriptions>
    </option>
    <option value="100000079" ExternalValue="" Color="">
      <labels>
        <label description="ATF" languagecode="1033" />
      </labels>
      <Descriptions>
        <Description description="" languagecode="1033" />
      </Descriptions>
    </option>
    <option value="100000080" ExternalValue="" Color="">
      <labels>
        <label description="GAB" languagecode="1033" />
      </labels>
      <Descriptions>
        <Description description="" languagecode="1033" />
      </Descriptions>
    </option>
    <option value="100000081" ExternalValue="" Color="">
      <labels>
        <label description="GMB" languagecode="1033" />
      </labels>
      <Descriptions>
        <Description description="" languagecode="1033" />
      </Descriptions>
    </option>
    <option value="100000082" ExternalValue="" Color="">
      <labels>
        <label description="GEO" languagecode="1033" />
      </labels>
      <Descriptions>
        <Description description="" languagecode="1033" />
      </Descriptions>
    </option>
    <option value="100000083" ExternalValue="" Color="">
      <labels>
        <label description="DEU" languagecode="1033" />
      </labels>
      <Descriptions>
        <Description description="" languagecode="1033" />
      </Descriptions>
    </option>
    <option value="100000084" ExternalValue="" Color="">
      <labels>
        <label description="GHA" languagecode="1033" />
      </labels>
      <Descriptions>
        <Description description="" languagecode="1033" />
      </Descriptions>
    </option>
    <option value="100000085" ExternalValue="" Color="">
      <labels>
        <label description="GIB" languagecode="1033" />
      </labels>
      <Descriptions>
        <Description description="" languagecode="1033" />
      </Descriptions>
    </option>
    <option value="100000086" ExternalValue="" Color="">
      <labels>
        <label description="GRC" languagecode="1033" />
      </labels>
      <Descriptions>
        <Description description="" languagecode="1033" />
      </Descriptions>
    </option>
    <option value="100000087" ExternalValue="" Color="">
      <labels>
        <label description="GRL" languagecode="1033" />
      </labels>
      <Descriptions>
        <Description description="" languagecode="1033" />
      </Descriptions>
    </option>
    <option value="100000088" ExternalValue="" Color="">
      <labels>
        <label description="GRD" languagecode="1033" />
      </labels>
      <Descriptions>
        <Description description="" languagecode="1033" />
      </Descriptions>
    </option>
    <option value="100000089" ExternalValue="" Color="">
      <labels>
        <label description="GLP" languagecode="1033" />
      </labels>
      <Descriptions>
        <Description description="" languagecode="1033" />
      </Descriptions>
    </option>
    <option value="100000090" ExternalValue="" Color="">
      <labels>
        <label description="GUM" languagecode="1033" />
      </labels>
      <Descriptions>
        <Description description="" languagecode="1033" />
      </Descriptions>
    </option>
    <option value="100000091" ExternalValue="" Color="">
      <labels>
        <label description="GTM" languagecode="1033" />
      </labels>
      <Descriptions>
        <Description description="" languagecode="1033" />
      </Descriptions>
    </option>
    <option value="100000092" ExternalValue="" Color="">
      <labels>
        <label description="GGY" languagecode="1033" />
      </labels>
      <Descriptions>
        <Description description="" languagecode="1033" />
      </Descriptions>
    </option>
    <option value="100000093" ExternalValue="" Color="">
      <labels>
        <label description="GIN" languagecode="1033" />
      </labels>
      <Descriptions>
        <Description description="" languagecode="1033" />
      </Descriptions>
    </option>
    <option value="100000094" ExternalValue="" Color="">
      <labels>
        <label description="GNB" languagecode="1033" />
      </labels>
      <Descriptions>
        <Description description="" languagecode="1033" />
      </Descriptions>
    </option>
    <option value="100000095" ExternalValue="" Color="">
      <labels>
        <label description="GUY" languagecode="1033" />
      </labels>
      <Descriptions>
        <Description description="" languagecode="1033" />
      </Descriptions>
    </option>
    <option value="100000096" ExternalValue="" Color="">
      <labels>
        <label description="HTI" languagecode="1033" />
      </labels>
      <Descriptions>
        <Description description="" languagecode="1033" />
      </Descriptions>
    </option>
    <option value="100000097" ExternalValue="" Color="">
      <labels>
        <label description="HMD" languagecode="1033" />
      </labels>
      <Descriptions>
        <Description description="" languagecode="1033" />
      </Descriptions>
    </option>
    <option value="100000098" ExternalValue="" Color="">
      <labels>
        <label description="VAT" languagecode="1033" />
      </labels>
      <Descriptions>
        <Description description="" languagecode="1033" />
      </Descriptions>
    </option>
    <option value="100000099" ExternalValue="" Color="">
      <labels>
        <label description="HND" languagecode="1033" />
      </labels>
      <Descriptions>
        <Description description="" languagecode="1033" />
      </Descriptions>
    </option>
    <option value="100000100" ExternalValue="" Color="">
      <labels>
        <label description="HKG" languagecode="1033" />
      </labels>
      <Descriptions>
        <Description description="" languagecode="1033" />
      </Descriptions>
    </option>
    <option value="100000101" ExternalValue="" Color="">
      <labels>
        <label description="HUN" languagecode="1033" />
      </labels>
      <Descriptions>
        <Description description="" languagecode="1033" />
      </Descriptions>
    </option>
    <option value="100000102" ExternalValue="" Color="">
      <labels>
        <label description="ISL" languagecode="1033" />
      </labels>
      <Descriptions>
        <Description description="" languagecode="1033" />
      </Descriptions>
    </option>
    <option value="100000103" ExternalValue="" Color="">
      <labels>
        <label description="IND" languagecode="1033" />
      </labels>
      <Descriptions>
        <Description description="" languagecode="1033" />
      </Descriptions>
    </option>
    <option value="100000104" ExternalValue="" Color="">
      <labels>
        <label description="IDN" languagecode="1033" />
      </labels>
      <Descriptions>
        <Description description="" languagecode="1033" />
      </Descriptions>
    </option>
    <option value="100000105" ExternalValue="" Color="">
      <labels>
        <label description="IRN" languagecode="1033" />
      </labels>
      <Descriptions>
        <Description description="" languagecode="1033" />
      </Descriptions>
    </option>
    <option value="100000106" ExternalValue="" Color="">
      <labels>
        <label description="IRQ" languagecode="1033" />
      </labels>
      <Descriptions>
        <Description description="" languagecode="1033" />
      </Descriptions>
    </option>
    <option value="100000107" ExternalValue="" Color="">
      <labels>
        <label description="IRL" languagecode="1033" />
      </labels>
      <Descriptions>
        <Description description="" languagecode="1033" />
      </Descriptions>
    </option>
    <option value="100000108" ExternalValue="" Color="">
      <labels>
        <label description="IMN" languagecode="1033" />
      </labels>
      <Descriptions>
        <Description description="" languagecode="1033" />
      </Descriptions>
    </option>
    <option value="100000109" ExternalValue="" Color="">
      <labels>
        <label description="ISR" languagecode="1033" />
      </labels>
      <Descriptions>
        <Description description="" languagecode="1033" />
      </Descriptions>
    </option>
    <option value="100000110" ExternalValue="" Color="">
      <labels>
        <label description="ITA" languagecode="1033" />
      </labels>
      <Descriptions>
        <Description description="" languagecode="1033" />
      </Descriptions>
    </option>
    <option value="100000111" ExternalValue="" Color="">
      <labels>
        <label description="JAM" languagecode="1033" />
      </labels>
      <Descriptions>
        <Description description="" languagecode="1033" />
      </Descriptions>
    </option>
    <option value="100000112" ExternalValue="" Color="">
      <labels>
        <label description="JPN" languagecode="1033" />
      </labels>
      <Descriptions>
        <Description description="" languagecode="1033" />
      </Descriptions>
    </option>
    <option value="100000113" ExternalValue="" Color="">
      <labels>
        <label description="JEY" languagecode="1033" />
      </labels>
      <Descriptions>
        <Description description="" languagecode="1033" />
      </Descriptions>
    </option>
    <option value="100000114" ExternalValue="" Color="">
      <labels>
        <label description="JOR" languagecode="1033" />
      </labels>
      <Descriptions>
        <Description description="" languagecode="1033" />
      </Descriptions>
    </option>
    <option value="100000115" ExternalValue="" Color="">
      <labels>
        <label description="KAZ" languagecode="1033" />
      </labels>
      <Descriptions>
        <Description description="" languagecode="1033" />
      </Descriptions>
    </option>
    <option value="100000116" ExternalValue="" Color="">
      <labels>
        <label description="KEN" languagecode="1033" />
      </labels>
      <Descriptions>
        <Description description="" languagecode="1033" />
      </Descriptions>
    </option>
    <option value="100000117" ExternalValue="" Color="">
      <labels>
        <label description="KIR" languagecode="1033" />
      </labels>
      <Descriptions>
        <Description description="" languagecode="1033" />
      </Descriptions>
    </option>
    <option value="100000118" ExternalValue="" Color="">
      <labels>
        <label description="PRK" languagecode="1033" />
      </labels>
      <Descriptions>
        <Description description="" languagecode="1033" />
      </Descriptions>
    </option>
    <option value="100000119" ExternalValue="" Color="">
      <labels>
        <label description="KOR" languagecode="1033" />
      </labels>
      <Descriptions>
        <Description description="" languagecode="1033" />
      </Descriptions>
    </option>
    <option value="100000120" ExternalValue="" Color="">
      <labels>
        <label description="KWT" languagecode="1033" />
      </labels>
      <Descriptions>
        <Description description="" languagecode="1033" />
      </Descriptions>
    </option>
    <option value="100000121" ExternalValue="" Color="">
      <labels>
        <label description="KGZ" languagecode="1033" />
      </labels>
      <Descriptions>
        <Description description="" languagecode="1033" />
      </Descriptions>
    </option>
    <option value="100000122" ExternalValue="" Color="">
      <labels>
        <label description="LAO" languagecode="1033" />
      </labels>
      <Descriptions>
        <Description description="" languagecode="1033" />
      </Descriptions>
    </option>
    <option value="100000123" ExternalValue="" Color="">
      <labels>
        <label description="LVA" languagecode="1033" />
      </labels>
      <Descriptions>
        <Description description="" languagecode="1033" />
      </Descriptions>
    </option>
    <option value="100000124" ExternalValue="" Color="">
      <labels>
        <label description="LBN" languagecode="1033" />
      </labels>
      <Descriptions>
        <Description description="" languagecode="1033" />
      </Descriptions>
    </option>
    <option value="100000125" ExternalValue="" Color="">
      <labels>
        <label description="LSO" languagecode="1033" />
      </labels>
      <Descriptions>
        <Description description="" languagecode="1033" />
      </Descriptions>
    </option>
    <option value="100000126" ExternalValue="" Color="">
      <labels>
        <label description="LBR" languagecode="1033" />
      </labels>
      <Descriptions>
        <Description description="" languagecode="1033" />
      </Descriptions>
    </option>
    <option value="100000127" ExternalValue="" Color="">
      <labels>
        <label description="LBY" languagecode="1033" />
      </labels>
      <Descriptions>
        <Description description="" languagecode="1033" />
      </Descriptions>
    </option>
    <option value="100000128" ExternalValue="" Color="">
      <labels>
        <label description="LIE" languagecode="1033" />
      </labels>
      <Descriptions>
        <Description description="" languagecode="1033" />
      </Descriptions>
    </option>
    <option value="100000129" ExternalValue="" Color="">
      <labels>
        <label description="LTU" languagecode="1033" />
      </labels>
      <Descriptions>
        <Description description="" languagecode="1033" />
      </Descriptions>
    </option>
    <option value="100000130" ExternalValue="" Color="">
      <labels>
        <label description="LUX" languagecode="1033" />
      </labels>
      <Descriptions>
        <Description description="" languagecode="1033" />
      </Descriptions>
    </option>
    <option value="100000131" ExternalValue="" Color="">
      <labels>
        <label description="MAC" languagecode="1033" />
      </labels>
      <Descriptions>
        <Description description="" languagecode="1033" />
      </Descriptions>
    </option>
    <option value="100000132" ExternalValue="" Color="">
      <labels>
        <label description="MKD" languagecode="1033" />
      </labels>
      <Descriptions>
        <Description description="" languagecode="1033" />
      </Descriptions>
    </option>
    <option value="100000133" ExternalValue="" Color="">
      <labels>
        <label description="MDG" languagecode="1033" />
      </labels>
      <Descriptions>
        <Description description="" languagecode="1033" />
      </Descriptions>
    </option>
    <option value="100000134" ExternalValue="" Color="">
      <labels>
        <label description="MWI" languagecode="1033" />
      </labels>
      <Descriptions>
        <Description description="" languagecode="1033" />
      </Descriptions>
    </option>
    <option value="100000135" ExternalValue="" Color="">
      <labels>
        <label description="MYS" languagecode="1033" />
      </labels>
      <Descriptions>
        <Description description="" languagecode="1033" />
      </Descriptions>
    </option>
    <option value="100000136" ExternalValue="" Color="">
      <labels>
        <label description="MDV" languagecode="1033" />
      </labels>
      <Descriptions>
        <Description description="" languagecode="1033" />
      </Descriptions>
    </option>
    <option value="100000137" ExternalValue="" Color="">
      <labels>
        <label description="MLI" languagecode="1033" />
      </labels>
      <Descriptions>
        <Description description="" languagecode="1033" />
      </Descriptions>
    </option>
    <option value="100000138" ExternalValue="" Color="">
      <labels>
        <label description="MLT" languagecode="1033" />
      </labels>
      <Descriptions>
        <Description description="" languagecode="1033" />
      </Descriptions>
    </option>
    <option value="100000139" ExternalValue="" Color="">
      <labels>
        <label description="MHL" languagecode="1033" />
      </labels>
      <Descriptions>
        <Description description="" languagecode="1033" />
      </Descriptions>
    </option>
    <option value="100000140" ExternalValue="" Color="">
      <labels>
        <label description="MTQ" languagecode="1033" />
      </labels>
      <Descriptions>
        <Description description="" languagecode="1033" />
      </Descriptions>
    </option>
    <option value="100000141" ExternalValue="" Color="">
      <labels>
        <label description="MRT" languagecode="1033" />
      </labels>
      <Descriptions>
        <Description description="" languagecode="1033" />
      </Descriptions>
    </option>
    <option value="100000142" ExternalValue="" Color="">
      <labels>
        <label description="MUS" languagecode="1033" />
      </labels>
      <Descriptions>
        <Description description="" languagecode="1033" />
      </Descriptions>
    </option>
    <option value="100000143" ExternalValue="" Color="">
      <labels>
        <label description="MYT" languagecode="1033" />
      </labels>
      <Descriptions>
        <Description description="" languagecode="1033" />
      </Descriptions>
    </option>
    <option value="100000144" ExternalValue="" Color="">
      <labels>
        <label description="MEX" languagecode="1033" />
      </labels>
      <Descriptions>
        <Description description="" languagecode="1033" />
      </Descriptions>
    </option>
    <option value="100000145" ExternalValue="" Color="">
      <labels>
        <label description="FSM" languagecode="1033" />
      </labels>
      <Descriptions>
        <Description description="" languagecode="1033" />
      </Descriptions>
    </option>
    <option value="100000146" ExternalValue="" Color="">
      <labels>
        <label description="MDA" languagecode="1033" />
      </labels>
      <Descriptions>
        <Description description="" languagecode="1033" />
      </Descriptions>
    </option>
    <option value="100000147" ExternalValue="" Color="">
      <labels>
        <label description="MCO" languagecode="1033" />
      </labels>
      <Descriptions>
        <Description description="" languagecode="1033" />
      </Descriptions>
    </option>
    <option value="100000148" ExternalValue="" Color="">
      <labels>
        <label description="MNG" languagecode="1033" />
      </labels>
      <Descriptions>
        <Description description="" languagecode="1033" />
      </Descriptions>
    </option>
    <option value="100000149" ExternalValue="" Color="">
      <labels>
        <label description="MNE" languagecode="1033" />
      </labels>
      <Descriptions>
        <Description description="" languagecode="1033" />
      </Descriptions>
    </option>
    <option value="100000150" ExternalValue="" Color="">
      <labels>
        <label description="MSR" languagecode="1033" />
      </labels>
      <Descriptions>
        <Description description="" languagecode="1033" />
      </Descriptions>
    </option>
    <option value="100000151" ExternalValue="" Color="">
      <labels>
        <label description="MAR" languagecode="1033" />
      </labels>
      <Descriptions>
        <Description description="" languagecode="1033" />
      </Descriptions>
    </option>
    <option value="100000152" ExternalValue="" Color="">
      <labels>
        <label description="MOZ" languagecode="1033" />
      </labels>
      <Descriptions>
        <Description description="" languagecode="1033" />
      </Descriptions>
    </option>
    <option value="100000153" ExternalValue="" Color="">
      <labels>
        <label description="MMR" languagecode="1033" />
      </labels>
      <Descriptions>
        <Description description="" languagecode="1033" />
      </Descriptions>
    </option>
    <option value="100000154" ExternalValue="" Color="">
      <labels>
        <label description="NAM" languagecode="1033" />
      </labels>
      <Descriptions>
        <Description description="" languagecode="1033" />
      </Descriptions>
    </option>
    <option value="100000155" ExternalValue="" Color="">
      <labels>
        <label description="NRU" languagecode="1033" />
      </labels>
      <Descriptions>
        <Description description="" languagecode="1033" />
      </Descriptions>
    </option>
    <option value="100000156" ExternalValue="" Color="">
      <labels>
        <label description="NPL" languagecode="1033" />
      </labels>
      <Descriptions>
        <Description description="" languagecode="1033" />
      </Descriptions>
    </option>
    <option value="100000157" ExternalValue="" Color="">
      <labels>
        <label description="NLD" languagecode="1033" />
      </labels>
      <Descriptions>
        <Description description="" languagecode="1033" />
      </Descriptions>
    </option>
    <option value="100000158" ExternalValue="" Color="">
      <labels>
        <label description="NCL" languagecode="1033" />
      </labels>
      <Descriptions>
        <Description description="" languagecode="1033" />
      </Descriptions>
    </option>
    <option value="100000159" ExternalValue="" Color="">
      <labels>
        <label description="NZL" languagecode="1033" />
      </labels>
      <Descriptions>
        <Description description="" languagecode="1033" />
      </Descriptions>
    </option>
    <option value="100000160" ExternalValue="" Color="">
      <labels>
        <label description="NIC" languagecode="1033" />
      </labels>
      <Descriptions>
        <Description description="" languagecode="1033" />
      </Descriptions>
    </option>
    <option value="100000161" ExternalValue="" Color="">
      <labels>
        <label description="NER" languagecode="1033" />
      </labels>
      <Descriptions>
        <Description description="" languagecode="1033" />
      </Descriptions>
    </option>
    <option value="100000162" ExternalValue="" Color="">
      <labels>
        <label description="NGA" languagecode="1033" />
      </labels>
      <Descriptions>
        <Description description="" languagecode="1033" />
      </Descriptions>
    </option>
    <option value="100000163" ExternalValue="" Color="">
      <labels>
        <label description="NIU" languagecode="1033" />
      </labels>
      <Descriptions>
        <Description description="" languagecode="1033" />
      </Descriptions>
    </option>
    <option value="100000164" ExternalValue="" Color="">
      <labels>
        <label description="NFK" languagecode="1033" />
      </labels>
      <Descriptions>
        <Description description="" languagecode="1033" />
      </Descriptions>
    </option>
    <option value="100000165" ExternalValue="" Color="">
      <labels>
        <label description="MNP" languagecode="1033" />
      </labels>
      <Descriptions>
        <Description description="" languagecode="1033" />
      </Descriptions>
    </option>
    <option value="100000166" ExternalValue="" Color="">
      <labels>
        <label description="NOR" languagecode="1033" />
      </labels>
      <Descriptions>
        <Description description="" languagecode="1033" />
      </Descriptions>
    </option>
    <option value="100000167" ExternalValue="" Color="">
      <labels>
        <label description="OMN" languagecode="1033" />
      </labels>
      <Descriptions>
        <Description description="" languagecode="1033" />
      </Descriptions>
    </option>
    <option value="100000168" ExternalValue="" Color="">
      <labels>
        <label description="PAK" languagecode="1033" />
      </labels>
      <Descriptions>
        <Description description="" languagecode="1033" />
      </Descriptions>
    </option>
    <option value="100000169" ExternalValue="" Color="">
      <labels>
        <label description="PLW" languagecode="1033" />
      </labels>
      <Descriptions>
        <Description description="" languagecode="1033" />
      </Descriptions>
    </option>
    <option value="100000170" ExternalValue="" Color="">
      <labels>
        <label description="PSE" languagecode="1033" />
      </labels>
      <Descriptions>
        <Description description="" languagecode="1033" />
      </Descriptions>
    </option>
    <option value="100000171" ExternalValue="" Color="">
      <labels>
        <label description="PAN" languagecode="1033" />
      </labels>
      <Descriptions>
        <Description description="" languagecode="1033" />
      </Descriptions>
    </option>
    <option value="100000172" ExternalValue="" Color="">
      <labels>
        <label description="PNG" languagecode="1033" />
      </labels>
      <Descriptions>
        <Description description="" languagecode="1033" />
      </Descriptions>
    </option>
    <option value="100000173" ExternalValue="" Color="">
      <labels>
        <label description="PRY" languagecode="1033" />
      </labels>
      <Descriptions>
        <Description description="" languagecode="1033" />
      </Descriptions>
    </option>
    <option value="100000174" ExternalValue="" Color="">
      <labels>
        <label description="PER" languagecode="1033" />
      </labels>
      <Descriptions>
        <Description description="" languagecode="1033" />
      </Descriptions>
    </option>
    <option value="100000175" ExternalValue="" Color="">
      <labels>
        <label description="PHL" languagecode="1033" />
      </labels>
      <Descriptions>
        <Description description="" languagecode="1033" />
      </Descriptions>
    </option>
    <option value="100000176" ExternalValue="" Color="">
      <labels>
        <label description="PCN" languagecode="1033" />
      </labels>
      <Descriptions>
        <Description description="" languagecode="1033" />
      </Descriptions>
    </option>
    <option value="100000177" ExternalValue="" Color="">
      <labels>
        <label description="POL" languagecode="1033" />
      </labels>
      <Descriptions>
        <Description description="" languagecode="1033" />
      </Descriptions>
    </option>
    <option value="100000178" ExternalValue="" Color="">
      <labels>
        <label description="PRT" languagecode="1033" />
      </labels>
      <Descriptions>
        <Description description="" languagecode="1033" />
      </Descriptions>
    </option>
    <option value="100000179" ExternalValue="" Color="">
      <labels>
        <label description="PRI" languagecode="1033" />
      </labels>
      <Descriptions>
        <Description description="" languagecode="1033" />
      </Descriptions>
    </option>
    <option value="100000180" ExternalValue="" Color="">
      <labels>
        <label description="QAT" languagecode="1033" />
      </labels>
      <Descriptions>
        <Description description="" languagecode="1033" />
      </Descriptions>
    </option>
    <option value="100000181" ExternalValue="" Color="">
      <labels>
        <label description="REU" languagecode="1033" />
      </labels>
      <Descriptions>
        <Description description="" languagecode="1033" />
      </Descriptions>
    </option>
    <option value="100000182" ExternalValue="" Color="">
      <labels>
        <label description="ROU" languagecode="1033" />
      </labels>
      <Descriptions>
        <Description description="" languagecode="1033" />
      </Descriptions>
    </option>
    <option value="100000183" ExternalValue="" Color="">
      <labels>
        <label description="RUS" languagecode="1033" />
      </labels>
      <Descriptions>
        <Description description="" languagecode="1033" />
      </Descriptions>
    </option>
    <option value="100000184" ExternalValue="" Color="">
      <labels>
        <label description="RWA" languagecode="1033" />
      </labels>
      <Descriptions>
        <Description description="" languagecode="1033" />
      </Descriptions>
    </option>
    <option value="100000185" ExternalValue="" Color="">
      <labels>
        <label description="BLM" languagecode="1033" />
      </labels>
      <Descriptions>
        <Description description="" languagecode="1033" />
      </Descriptions>
    </option>
    <option value="100000186" ExternalValue="" Color="">
      <labels>
        <label description="SHN" languagecode="1033" />
      </labels>
      <Descriptions>
        <Description description="" languagecode="1033" />
      </Descriptions>
    </option>
    <option value="100000187" ExternalValue="" Color="">
      <labels>
        <label description="KNA" languagecode="1033" />
      </labels>
      <Descriptions>
        <Description description="" languagecode="1033" />
      </Descriptions>
    </option>
    <option value="100000188" ExternalValue="" Color="">
      <labels>
        <label description="LCA" languagecode="1033" />
      </labels>
      <Descriptions>
        <Description description="" languagecode="1033" />
      </Descriptions>
    </option>
    <option value="100000189" ExternalValue="" Color="">
      <labels>
        <label description="MAF" languagecode="1033" />
      </labels>
      <Descriptions>
        <Description description="" languagecode="1033" />
      </Descriptions>
    </option>
    <option value="100000190" ExternalValue="" Color="">
      <labels>
        <label description="SPM" languagecode="1033" />
      </labels>
      <Descriptions>
        <Description description="" languagecode="1033" />
      </Descriptions>
    </option>
    <option value="100000191" ExternalValue="" Color="">
      <labels>
        <label description="VCT" languagecode="1033" />
      </labels>
      <Descriptions>
        <Description description="" languagecode="1033" />
      </Descriptions>
    </option>
    <option value="100000192" ExternalValue="" Color="">
      <labels>
        <label description="WSM" languagecode="1033" />
      </labels>
      <Descriptions>
        <Description description="" languagecode="1033" />
      </Descriptions>
    </option>
    <option value="100000193" ExternalValue="" Color="">
      <labels>
        <label description="SMR" languagecode="1033" />
      </labels>
      <Descriptions>
        <Description description="" languagecode="1033" />
      </Descriptions>
    </option>
    <option value="100000194" ExternalValue="" Color="">
      <labels>
        <label description="STP" languagecode="1033" />
      </labels>
      <Descriptions>
        <Description description="" languagecode="1033" />
      </Descriptions>
    </option>
    <option value="100000195" ExternalValue="" Color="">
      <labels>
        <label description="SAU" languagecode="1033" />
      </labels>
      <Descriptions>
        <Description description="" languagecode="1033" />
      </Descriptions>
    </option>
    <option value="100000196" ExternalValue="" Color="">
      <labels>
        <label description="SEN" languagecode="1033" />
      </labels>
      <Descriptions>
        <Description description="" languagecode="1033" />
      </Descriptions>
    </option>
    <option value="100000197" ExternalValue="" Color="">
      <labels>
        <label description="SRB" languagecode="1033" />
      </labels>
      <Descriptions>
        <Description description="" languagecode="1033" />
      </Descriptions>
    </option>
    <option value="100000198" ExternalValue="" Color="">
      <labels>
        <label description="SYC" languagecode="1033" />
      </labels>
      <Descriptions>
        <Description description="" languagecode="1033" />
      </Descriptions>
    </option>
    <option value="100000199" ExternalValue="" Color="">
      <labels>
        <label description="SLE" languagecode="1033" />
      </labels>
      <Descriptions>
        <Description description="" languagecode="1033" />
      </Descriptions>
    </option>
    <option value="100000200" ExternalValue="" Color="">
      <labels>
        <label description="SGP" languagecode="1033" />
      </labels>
      <Descriptions>
        <Description description="" languagecode="1033" />
      </Descriptions>
    </option>
    <option value="100000201" ExternalValue="" Color="">
      <labels>
        <label description="SXM" languagecode="1033" />
      </labels>
      <Descriptions>
        <Description description="" languagecode="1033" />
      </Descriptions>
    </option>
    <option value="100000202" ExternalValue="" Color="">
      <labels>
        <label description="SVK" languagecode="1033" />
      </labels>
      <Descriptions>
        <Description description="" languagecode="1033" />
      </Descriptions>
    </option>
    <option value="100000203" ExternalValue="" Color="">
      <labels>
        <label description="SVN" languagecode="1033" />
      </labels>
      <Descriptions>
        <Description description="" languagecode="1033" />
      </Descriptions>
    </option>
    <option value="100000204" ExternalValue="" Color="">
      <labels>
        <label description="SLB" languagecode="1033" />
      </labels>
      <Descriptions>
        <Description description="" languagecode="1033" />
      </Descriptions>
    </option>
    <option value="100000205" ExternalValue="" Color="">
      <labels>
        <label description="SOM" languagecode="1033" />
      </labels>
      <Descriptions>
        <Description description="" languagecode="1033" />
      </Descriptions>
    </option>
    <option value="100000206" ExternalValue="" Color="">
      <labels>
        <label description="ZAF" languagecode="1033" />
      </labels>
      <Descriptions>
        <Description description="" languagecode="1033" />
      </Descriptions>
    </option>
    <option value="100000207" ExternalValue="" Color="">
      <labels>
        <label description="SGS" languagecode="1033" />
      </labels>
      <Descriptions>
        <Description description="" languagecode="1033" />
      </Descriptions>
    </option>
    <option value="100000208" ExternalValue="" Color="">
      <labels>
        <label description="SSD" languagecode="1033" />
      </labels>
      <Descriptions>
        <Description description="" languagecode="1033" />
      </Descriptions>
    </option>
    <option value="100000209" ExternalValue="" Color="">
      <labels>
        <label description="ESP" languagecode="1033" />
      </labels>
      <Descriptions>
        <Description description="" languagecode="1033" />
      </Descriptions>
    </option>
    <option value="100000210" ExternalValue="" Color="">
      <labels>
        <label description="LKA" languagecode="1033" />
      </labels>
      <Descriptions>
        <Description description="" languagecode="1033" />
      </Descriptions>
    </option>
    <option value="100000211" ExternalValue="" Color="">
      <labels>
        <label description="SDN" languagecode="1033" />
      </labels>
      <Descriptions>
        <Description description="" languagecode="1033" />
      </Descriptions>
    </option>
    <option value="100000212" ExternalValue="" Color="">
      <labels>
        <label description="SUR" languagecode="1033" />
      </labels>
      <Descriptions>
        <Description description="" languagecode="1033" />
      </Descriptions>
    </option>
    <option value="100000213" ExternalValue="" Color="">
      <labels>
        <label description="SJM" languagecode="1033" />
      </labels>
      <Descriptions>
        <Description description="" languagecode="1033" />
      </Descriptions>
    </option>
    <option value="100000214" ExternalValue="" Color="">
      <labels>
        <label description="SWE" languagecode="1033" />
      </labels>
      <Descriptions>
        <Description description="" languagecode="1033" />
      </Descriptions>
    </option>
    <option value="100000215" ExternalValue="" Color="">
      <labels>
        <label description="CHE" languagecode="1033" />
      </labels>
      <Descriptions>
        <Description description="" languagecode="1033" />
      </Descriptions>
    </option>
    <option value="100000216" ExternalValue="" Color="">
      <labels>
        <label description="SYR" languagecode="1033" />
      </labels>
      <Descriptions>
        <Description description="" languagecode="1033" />
      </Descriptions>
    </option>
    <option value="100000217" ExternalValue="" Color="">
      <labels>
        <label description="TWN" languagecode="1033" />
      </labels>
      <Descriptions>
        <Description description="" languagecode="1033" />
      </Descriptions>
    </option>
    <option value="100000218" ExternalValue="" Color="">
      <labels>
        <label description="TJK" languagecode="1033" />
      </labels>
      <Descriptions>
        <Description description="" languagecode="1033" />
      </Descriptions>
    </option>
    <option value="100000219" ExternalValue="" Color="">
      <labels>
        <label description="TZA" languagecode="1033" />
      </labels>
      <Descriptions>
        <Description description="" languagecode="1033" />
      </Descriptions>
    </option>
    <option value="100000220" ExternalValue="" Color="">
      <labels>
        <label description="THA" languagecode="1033" />
      </labels>
      <Descriptions>
        <Description description="" languagecode="1033" />
      </Descriptions>
    </option>
    <option value="100000221" ExternalValue="" Color="">
      <labels>
        <label description="TLS" languagecode="1033" />
      </labels>
      <Descriptions>
        <Description description="" languagecode="1033" />
      </Descriptions>
    </option>
    <option value="100000222" ExternalValue="" Color="">
      <labels>
        <label description="TGO" languagecode="1033" />
      </labels>
      <Descriptions>
        <Description description="" languagecode="1033" />
      </Descriptions>
    </option>
    <option value="100000223" ExternalValue="" Color="">
      <labels>
        <label description="TKL" languagecode="1033" />
      </labels>
      <Descriptions>
        <Description description="" languagecode="1033" />
      </Descriptions>
    </option>
    <option value="100000224" ExternalValue="" Color="">
      <labels>
        <label description="TON" languagecode="1033" />
      </labels>
      <Descriptions>
        <Description description="" languagecode="1033" />
      </Descriptions>
    </option>
    <option value="100000225" ExternalValue="" Color="">
      <labels>
        <label description="TTO" languagecode="1033" />
      </labels>
      <Descriptions>
        <Description description="" languagecode="1033" />
      </Descriptions>
    </option>
    <option value="100000226" ExternalValue="" Color="">
      <labels>
        <label description="TUN" languagecode="1033" />
      </labels>
      <Descriptions>
        <Description description="" languagecode="1033" />
      </Descriptions>
    </option>
    <option value="100000227" ExternalValue="" Color="">
      <labels>
        <label description="TUR" languagecode="1033" />
      </labels>
      <Descriptions>
        <Description description="" languagecode="1033" />
      </Descriptions>
    </option>
    <option value="100000228" ExternalValue="" Color="">
      <labels>
        <label description="TKM" languagecode="1033" />
      </labels>
      <Descriptions>
        <Description description="" languagecode="1033" />
      </Descriptions>
    </option>
    <option value="100000229" ExternalValue="" Color="">
      <labels>
        <label description="TCA" languagecode="1033" />
      </labels>
      <Descriptions>
        <Description description="" languagecode="1033" />
      </Descriptions>
    </option>
    <option value="100000230" ExternalValue="" Color="">
      <labels>
        <label description="TUV" languagecode="1033" />
      </labels>
      <Descriptions>
        <Description description="" languagecode="1033" />
      </Descriptions>
    </option>
    <option value="100000231" ExternalValue="" Color="">
      <labels>
        <label description="UGA" languagecode="1033" />
      </labels>
      <Descriptions>
        <Description description="" languagecode="1033" />
      </Descriptions>
    </option>
    <option value="100000232" ExternalValue="" Color="">
      <labels>
        <label description="UKR" languagecode="1033" />
      </labels>
      <Descriptions>
        <Description description="" languagecode="1033" />
      </Descriptions>
    </option>
    <option value="100000233" ExternalValue="" Color="">
      <labels>
        <label description="ARE" languagecode="1033" />
      </labels>
      <Descriptions>
        <Description description="" languagecode="1033" />
      </Descriptions>
    </option>
    <option value="100000234" ExternalValue="" Color="">
      <labels>
        <label description="GBR" languagecode="1033" />
      </labels>
      <Descriptions>
        <Description description="" languagecode="1033" />
      </Descriptions>
    </option>
    <option value="100000235" ExternalValue="" Color="">
      <labels>
        <label description="UMI" languagecode="1033" />
      </labels>
      <Descriptions>
        <Description description="" languagecode="1033" />
      </Descriptions>
    </option>
    <option value="100000236" ExternalValue="" Color="">
      <labels>
        <label description="USA" languagecode="1033" />
      </labels>
      <Descriptions>
        <Description description="" languagecode="1033" />
      </Descriptions>
    </option>
    <option value="100000237" ExternalValue="" Color="">
      <labels>
        <label description="URY" languagecode="1033" />
      </labels>
      <Descriptions>
        <Description description="" languagecode="1033" />
      </Descriptions>
    </option>
    <option value="100000238" ExternalValue="" Color="">
      <labels>
        <label description="UZB" languagecode="1033" />
      </labels>
      <Descriptions>
        <Description description="" languagecode="1033" />
      </Descriptions>
    </option>
    <option value="100000239" ExternalValue="" Color="">
      <labels>
        <label description="VUT" languagecode="1033" />
      </labels>
      <Descriptions>
        <Description description="" languagecode="1033" />
      </Descriptions>
    </option>
    <option value="100000240" ExternalValue="" Color="">
      <labels>
        <label description="VEN" languagecode="1033" />
      </labels>
      <Descriptions>
        <Description description="" languagecode="1033" />
      </Descriptions>
    </option>
    <option value="100000241" ExternalValue="" Color="">
      <labels>
        <label description="VNM" languagecode="1033" />
      </labels>
      <Descriptions>
        <Description description="" languagecode="1033" />
      </Descriptions>
    </option>
    <option value="100000242" ExternalValue="" Color="">
      <labels>
        <label description="VGB" languagecode="1033" />
      </labels>
      <Descriptions>
        <Description description="" languagecode="1033" />
      </Descriptions>
    </option>
    <option value="100000243" ExternalValue="" Color="">
      <labels>
        <label description="VIR" languagecode="1033" />
      </labels>
      <Descriptions>
        <Description description="" languagecode="1033" />
      </Descriptions>
    </option>
    <option value="100000244" ExternalValue="" Color="">
      <labels>
        <label description="WLF" languagecode="1033" />
      </labels>
      <Descriptions>
        <Description description="" languagecode="1033" />
      </Descriptions>
    </option>
    <option value="100000245" ExternalValue="" Color="">
      <labels>
        <label description="ESH" languagecode="1033" />
      </labels>
      <Descriptions>
        <Description description="" languagecode="1033" />
      </Descriptions>
    </option>
    <option value="100000246" ExternalValue="" Color="">
      <labels>
        <label description="YEM" languagecode="1033" />
      </labels>
      <Descriptions>
        <Description description="" languagecode="1033" />
      </Descriptions>
    </option>
    <option value="100000247" ExternalValue="" Color="">
      <labels>
        <label description="ZMB" languagecode="1033" />
      </labels>
      <Descriptions>
        <Description description="" languagecode="1033" />
      </Descriptions>
    </option>
    <option value="100000248" ExternalValue="" Color="">
      <labels>
        <label description="ZWE" languagecode="1033" />
      </labels>
      <Descriptions>
        <Description description="" languagecode="1033" />
      </Descriptions>
    </option>
  </options>
</optionset>