<?xml version="1.0" encoding="utf-8"?>
<SdkMessageProcessingStep
  Name="Rheem.Plugins.FetchSalesOrderAction: rhm_FetchSalesOrders of any Entity"
  SdkMessageProcessingStepId="{03e43c4f-ec14-ee11-8f6e-0022482b2755}" xmlns:xsi="http://www.w3.org/2001/XMLSchema-instance">
  <SdkMessageId>57770551-cf14-ee11-8f6e-0022482b247c</SdkMessageId>
  <PluginTypeName>Rheem.Plugins.FetchSalesOrderAction, Rheem.Plugins, Version=1.0.0.0, Culture=neutral, PublicKeyToken=ee92225ac3c71f44</PluginTypeName>
  <PluginTypeId>bb322e29-1373-475b-b61b-d1082d029f3c</PluginTypeId>
  <AsyncAutoDelete>0</AsyncAutoDelete>
  <Description>Rheem.Plugins.FetchSalesOrderAction: rhm_FetchSalesOrders of any Entity</Description>
  <FilteringAttributes></FilteringAttributes>
  <InvocationSource>0</InvocationSource>
  <Mode>0</Mode>
  <Rank>1</Rank>
  <EventHandlerTypeCode>4602</EventHandlerTypeCode>
  <Stage>40</Stage>
  <IsCustomizable>1</IsCustomizable>
  <IsHidden>0</IsHidden>
  <SupportedDeployment>0</SupportedDeployment>
  <IntroducedVersion>1.0</IntroducedVersion>
  <SdkMessageProcessingStepImages />
</SdkMessageProcessingStep>