<?xml version="1.0" encoding="utf-8"?>
<SdkMessageProcessingStep
  Name="Rheem.Plugins.CommonAction: rhm_CommonAction of any Entity"
  SdkMessageProcessingStepId="{4dc23995-f01e-ee11-9cbe-0022482b23b1}" xmlns:xsi="http://www.w3.org/2001/XMLSchema-instance">
  <SdkMessageId>ee4de6c5-811e-ee11-9cbe-0022482b23b1</SdkMessageId>
  <PluginTypeName>Rheem.Plugins.CommonAction, Rheem.Plugins, Version=1.0.0.0, Culture=neutral, PublicKeyToken=ee92225ac3c71f44</PluginTypeName>
  <PluginTypeId>b348f650-7743-4d21-8516-67773691b73d</PluginTypeId>
  <AsyncAutoDelete>0</AsyncAutoDelete>
  <Description>Rheem.Plugins.CommonAction: rhm_CommonAction of any Entity</Description>
  <FilteringAttributes></FilteringAttributes>
  <InvocationSource>0</InvocationSource>
  <Mode>0</Mode>
  <Rank>1</Rank>
  <EventHandlerTypeCode>4602</EventHandlerTypeCode>
  <Stage>40</Stage>
  <IsCustomizable>1</IsCustomizable>
  <IsHidden>0</IsHidden>
  <SupportedDeployment>0</SupportedDeployment>
  <IntroducedVersion>1.0</IntroducedVersion>
  <SdkMessageProcessingStepImages />
</SdkMessageProcessingStep>