<?xml version="1.0" encoding="utf-8"?>
<SdkMessageProcessingStep
  Name="Rheem.Plugins.GoogleAddressValidationAction: rhm_GoogleAPIAction of any Entity"
  SdkMessageProcessingStepId="{77398b62-ead9-ed11-a7c7-0022482b23b1}" xmlns:xsi="http://www.w3.org/2001/XMLSchema-instance">
  <SdkMessageId>f017c6f9-0f9b-ed11-aad1-6045bda859f6</SdkMessageId>
  <PluginTypeName>Rheem.Plugins.GoogleAddressValidationAction, Rheem.Plugins, Version=1.0.0.0, Culture=neutral, PublicKeyToken=ee92225ac3c71f44</PluginTypeName>
  <PluginTypeId>30f39860-ad96-494f-82dd-37b5fad169d3</PluginTypeId>
  <AsyncAutoDelete>0</AsyncAutoDelete>
  <Description>Rheem.Plugins.GoogleAddressValidationAction: rhm_GoogleAPIAction of any Entity</Description>
  <FilteringAttributes></FilteringAttributes>
  <InvocationSource>0</InvocationSource>
  <Mode>0</Mode>
  <Rank>1</Rank>
  <EventHandlerTypeCode>4602</EventHandlerTypeCode>
  <Stage>40</Stage>
  <IsCustomizable>1</IsCustomizable>
  <IsHidden>0</IsHidden>
  <SupportedDeployment>0</SupportedDeployment>
  <IntroducedVersion>1.0</IntroducedVersion>
  <SdkMessageProcessingStepImages />
</SdkMessageProcessingStep>