<?xml version="1.0" encoding="utf-8"?>
<SdkMessageProcessingStep
  Name="Rheem.Plugins.AddressPreValidationPlugin: Update of account"
  SdkMessageProcessingStepId="{815d556e-90e2-ed11-a7c7-0022482b247c}" xmlns:xsi="http://www.w3.org/2001/XMLSchema-instance">
  <SdkMessageId>20bebb1b-ea3e-db11-86a7-000a3a5473e8</SdkMessageId>
  <PluginTypeName>Rheem.Plugins.AddressPreValidationPlugin, Rheem.Plugins, Version=1.0.0.0, Culture=neutral, PublicKeyToken=ee92225ac3c71f44</PluginTypeName>
  <PluginTypeId>9d002ec6-918f-47ed-8250-a5071eeeb14d</PluginTypeId>
  <PrimaryEntity>account</PrimaryEntity>
  <AsyncAutoDelete>0</AsyncAutoDelete>
  <Description>Rheem.Plugins.AddressPreValidationPlugin: Update of account</Description>
  <FilteringAttributes>address1_line1</FilteringAttributes>
  <InvocationSource>0</InvocationSource>
  <Mode>0</Mode>
  <Rank>1</Rank>
  <EventHandlerTypeCode>4602</EventHandlerTypeCode>
  <Stage>10</Stage>
  <IsCustomizable>1</IsCustomizable>
  <IsHidden>0</IsHidden>
  <SupportedDeployment>0</SupportedDeployment>
  <IntroducedVersion>1.0</IntroducedVersion>
  <SdkMessageProcessingStepImages>
    <SdkMessageProcessingStepImage
      Name="PreImage">
      <SdkMessageProcessingStepImageId>{e8ebce11-91e2-ed11-a7c7-0022482b23b1}</SdkMessageProcessingStepImageId>
      <Attributes>rhm_addressvalidated</Attributes>
      <EntityAlias>PreImage</EntityAlias>
      <ImageType>0</ImageType>
      <MessagePropertyName>Target</MessagePropertyName>
      <IsCustomizable>1</IsCustomizable>
    </SdkMessageProcessingStepImage>
  </SdkMessageProcessingStepImages>
</SdkMessageProcessingStep>