<?xml version="1.0" encoding="utf-8"?>
<SdkMessageProcessingStep
  Name="Rheem.Plugins.PartOrder: rhm_PartOrderUpdateCRMAPI of any Entity"
  SdkMessageProcessingStepId="{a32ebf90-a4f4-ed11-8848-0022482b23b1}" xmlns:xsi="http://www.w3.org/2001/XMLSchema-instance">
  <SdkMessageId>b2ed30e6-dcf3-ed11-8848-000d3a174e23</SdkMessageId>
  <PluginTypeName>Rheem.Plugins.PartOrder, Rheem.Plugins, Version=1.0.0.0, Culture=neutral, PublicKeyToken=ee92225ac3c71f44</PluginTypeName>
  <PluginTypeId>52c6e978-a036-40cd-bad5-1e0019856c02</PluginTypeId>
  <AsyncAutoDelete>0</AsyncAutoDelete>
  <Description>Rheem.Plugins.PartOrder: rhm_PartOrderUpdateCRMAPI of any Entity</Description>
  <FilteringAttributes></FilteringAttributes>
  <InvocationSource>0</InvocationSource>
  <Mode>0</Mode>
  <Rank>1</Rank>
  <EventHandlerTypeCode>4602</EventHandlerTypeCode>
  <Stage>40</Stage>
  <IsCustomizable>1</IsCustomizable>
  <IsHidden>0</IsHidden>
  <SupportedDeployment>0</SupportedDeployment>
  <IntroducedVersion>1.0</IntroducedVersion>
  <SdkMessageProcessingStepImages />
</SdkMessageProcessingStep>