﻿<?xml version="1.0" encoding="utf-8"?>
<systemform>
  <formid>{4763f3d9-46d9-4cd2-958a-b1b9da7742b1}</formid>
  <IntroducedVersion>0.0.0.1</IntroducedVersion>
  <FormPresentation>1</FormPresentation>
  <FormActivationState>1</FormActivationState>
  <form>
    <tabs>
      <tab verticallayout="true" id="{88a5ce34-51c3-42d8-84c9-9fdb42fa9b4b}" IsUserDefined="1">
        <labels>
          <label description="General" languagecode="1033" />
        </labels>
        <columns>
          <column width="100%">
            <sections>
              <section showlabel="false" showbar="false" IsUserDefined="0" id="{ca25aae5-8520-4174-b28f-6495c06965b4}">
                <labels>
                  <label description="General" languagecode="1033" />
                </labels>
                <rows>
                  <row>
                    <cell id="{2d2b6e0b-1020-62b5-7771-1e8c4cc2db5e}" showlabel="true" locklevel="0">
                      <labels>
                        <label description="User" languagecode="1033" />
                      </labels>
                      <control id="nwm_user" classid="{270BD3DB-D9AF-4782-9025-509E298DEC0A}" datafieldname="nwm_user" disabled="false" uniqueid="{6cb501b5-b463-b7e9-1db4-71ac386cd978}">
                        <parameters>
                          <AutoResolve>true</AutoResolve>
                          <DisableMru>false</DisableMru>
                          <DisableQuickFind>false</DisableQuickFind>
                          <DisableViewPicker>true</DisableViewPicker>
                          <DefaultViewId>{7D0557FF-2A02-E711-80DA-1458D0431600}</DefaultViewId>
                          <AvailableViewIds>{7D0557FF-2A02-E711-80DA-1458D0431600},{E88CA999-0B16-4AE9-B6A9-9EDC840D42D8}</AvailableViewIds>
                          <AllowFilterOff>false</AllowFilterOff>
                        </parameters>
                      </control>
                    </cell>
                  </row>
                  <row>
                    <cell id="{c6919444-a15e-8978-42a0-ad79b621d211}" showlabel="true" locklevel="0">
                      <labels>
                        <label description="Access Type" languagecode="1033" />
                      </labels>
                      <control id="nwm_accesstype" classid="{3EF39988-22BB-4f0b-BBBE-64B5A3748AEE}" datafieldname="nwm_accesstype" disabled="false" />
                    </cell>
                  </row>
                  <row>
                    <cell id="{950984d5-ac0e-ad09-a829-3104616177e1}" showlabel="true" locklevel="0">
                      <labels>
                        <label description="Call Report" languagecode="1033" />
                      </labels>
                      <control id="nwm_callreport" classid="{270BD3DB-D9AF-4782-9025-509E298DEC0A}" datafieldname="nwm_callreport" disabled="false" />
                    </cell>
                  </row>
                  <row>
                    <cell id="{33dd85ee-b83a-ce13-d4d6-9239989533d7}" showlabel="true" locklevel="0">
                      <labels>
                        <label description="Created On" languagecode="1033" />
                      </labels>
                      <control id="createdon" classid="{5B773807-9FB2-42db-97C3-7A91EFF8ADFF}" datafieldname="createdon" disabled="false" />
                    </cell>
                  </row>
                  <row>
                    <cell id="{7acf66f4-5923-462d-90e5-5cb246b92bd0}">
                      <labels>
                        <label description="Owner" languagecode="1033" />
                      </labels>
                      <control id="ownerid" classid="{270BD3DB-D9AF-4782-9025-509E298DEC0A}" datafieldname="ownerid" />
                    </cell>
                  </row>
                  <row>
                    <cell id="{f46dd528-3beb-48c4-92c5-d82e75022f45}" showlabel="true" locklevel="0" visible="false" availableforphone="false">
                      <labels>
                        <label description="Name" languagecode="1033" />
                      </labels>
                      <control id="nwm_name" classid="{4273EDBD-AC1D-40d3-9FB2-095C621B552D}" datafieldname="nwm_name" uniqueid="{a24e2445-6e02-8256-da52-52aa3858ede6}" disabled="false" />
                    </cell>
                  </row>
                </rows>
              </section>
            </sections>
          </column>
        </columns>
      </tab>
    </tabs>
    <Navigation>
      <NavBar></NavBar>
      <NavBarAreas>
        <NavBarArea Id="Info">
          <Titles>
            <Title LCID="1033" Text="Common" />
          </Titles>
        </NavBarArea>
        <NavBarArea Id="Sales">
          <Titles>
            <Title LCID="1033" Text="Sales" />
          </Titles>
        </NavBarArea>
        <NavBarArea Id="Service">
          <Titles>
            <Title LCID="1033" Text="Service" />
          </Titles>
        </NavBarArea>
        <NavBarArea Id="Marketing">
          <Titles>
            <Title LCID="1033" Text="Marketing" />
          </Titles>
        </NavBarArea>
        <NavBarArea Id="ProcessCenter">
          <Titles>
            <Title LCID="1033" Text="Process Sessions" />
          </Titles>
        </NavBarArea>
      </NavBarAreas>
    </Navigation>
    <controlDescriptions />
  </form>
  <IsCustomizable>1</IsCustomizable>
  <CanBeDeleted>1</CanBeDeleted>
  <LocalizedNames>
    <LocalizedName description="Information" languagecode="1033" />
  </LocalizedNames>
  <Descriptions>
    <Description description="A form for this entity." languagecode="1033" />
  </Descriptions>
</systemform>