{"properties":{"connectionReferences":{"shared_commondataserviceforapps_1":{"runtimeSource":"embedded","connection":{"connectionReferenceLogicalName":"mcs_sharedcommondataserviceforapps_7db1e"},"api":{"name":"shared_commondataserviceforapps"}},"shared_azureblob_1":{"runtimeSource":"embedded","connection":{"connectionReferenceLogicalName":"mcs_azureblobstorage"},"api":{"name":"shared_azureblob"}}},"definition":{"$schema":"https://schema.management.azure.com/providers/Microsoft.Logic/schemas/2016-06-01/workflowdefinition.json#","contentVersion":"1.0.0.0","parameters":{"$connections":{"defaultValue":{},"type":"Object"},"$authentication":{"defaultValue":{},"type":"SecureObject"},"BlobStorageAccount":{"defaultValue":"https://d365ssendstorbslauat2aes.blob.core.windows.net","type":"String","metadata":{"schemaName":"mcs_blobstorageaccount"}},"DestinationBlobFolder":{"defaultValue":"d365-powerportal-blobcont","type":"String","metadata":{"schemaName":"mcs_destinationblobfolder"}}},"triggers":{"When_a_blob_is_added_or_modified_(properties_only)":{"recurrence":{"interval":1,"frequency":"Minute"},"splitOn":"@triggerOutputs()?['body']","metadata":{"JTJmZDM2NS1mb3RvcG9ydGFscGRm":"/d365-fotoportalpdf","JTJmZDM2NS1zbWFydHNlbmQtYmxvYmNvbnQtcG9ydGFsMg==":"/d365-smartsend-blobcont-portal2","JTJmZDM2NS1zbWFydHNlbmQtYmxvYmNvbnQtcG9ydGFs":"/d365-smartsend-blobcont-portal","operationMetadataId":"3bc7fadb-72b8-4e40-b9e1-106278516a87"},"type":"OpenApiConnection","inputs":{"host":{"connectionName":"shared_azureblob_1","operationId":"OnUpdatedFiles","apiId":"/providers/Microsoft.PowerApps/apis/shared_azureblob"},"parameters":{"folderId":"JTJmZDM2NS1mb3RvcG9ydGFscGRm","maxFileCount":10},"authentication":"@parameters('$authentication')"},"conditions":[]}},"actions":{"Initialize_variable_CENoteGUID":{"runAfter":{},"metadata":{"operationMetadataId":"ac83b942-c858-4592-90bf-e4811b373f01"},"type":"InitializeVariable","inputs":{"variables":[{"name":"CENoteGUID","type":"string"}]}},"Initialize_variable_AzureBlobAttachmentBody":{"runAfter":{"Initialize_variable_CENoteGUID":["Succeeded"]},"metadata":{"operationMetadataId":"a130177e-9bf4-42b2-b727-10ba526c88ce"},"type":"InitializeVariable","inputs":{"variables":[{"name":"AzureBlobAttachmentBody","type":"string"}]}},"Initialize_variable_FileName":{"runAfter":{"Initialize_variable_AzureBlobAttachmentBody":["Succeeded"]},"metadata":{"operationMetadataId":"9a8e76e9-5221-4d09-80c9-d3cb15818f6b"},"type":"InitializeVariable","inputs":{"variables":[{"name":"FileName","type":"string","value":"@triggerOutputs()?['body/Name']"}]}},"Initialize_variable_FileSize":{"runAfter":{"Initialize_variable_FileName":["Succeeded"]},"metadata":{"operationMetadataId":"c6e49899-6eac-40dc-b45b-0c7fee20e2f7"},"type":"InitializeVariable","inputs":{"variables":[{"name":"FileSize","type":"string"}]}},"Initialize_variable_FileType":{"runAfter":{"Initialize_variable_FileSize":["Succeeded"]},"metadata":{"operationMetadataId":"706fac94-1f50-4a45-99bf-8c1ff4c4285e"},"type":"InitializeVariable","inputs":{"variables":[{"name":"FileType","type":"string"}]}},"Initialize_variable_FileURL":{"runAfter":{"Initialize_variable_FileType":["Succeeded"]},"metadata":{"operationMetadataId":"8e2457c6-cd3f-4bb1-a464-f527a89d1bfb"},"type":"InitializeVariable","inputs":{"variables":[{"name":"FileURL","type":"string"}]}},"Initialize_variable_SourceFileURL":{"runAfter":{"Initialize_variable_FileURL":["Succeeded"]},"metadata":{"operationMetadataId":"ad97e496-47d4-4fd0-b43d-85baf5bebbfd"},"type":"InitializeVariable","inputs":{"variables":[{"name":"SourceFileURL","type":"string"}]}},"Initialize_variable_DestinationBlobFolder":{"runAfter":{"Initialize_variable_SourceFileURL":["Succeeded"]},"metadata":{"operationMetadataId":"e2315fc8-fc59-450c-bf7a-e96c58047326"},"type":"InitializeVariable","inputs":{"variables":[{"name":"DestinationBlobFolder","type":"string"}]}},"Initialize_variable_HasError":{"runAfter":{"Initialize_variable_DestinationBlobFolder":["Succeeded"]},"metadata":{"operationMetadataId":"ef491e97-8712-4ef1-abe1-08127732035c"},"type":"InitializeVariable","inputs":{"variables":[{"name":"HasError","type":"boolean","value":"@false"}]}},"Initialize_variable_StackTrace":{"runAfter":{"Initialize_variable_HasError":["Succeeded"]},"metadata":{"operationMetadataId":"4bc2d6b3-1b81-4ff6-a0f4-d0b17dcdcf32"},"type":"InitializeVariable","inputs":{"variables":[{"name":"StackTrace","type":"string"}]}},"Initialize_variable_URL":{"runAfter":{"Initialize_variable_StackTrace":["Succeeded"]},"metadata":{"operationMetadataId":"16414f09-3ea8-4637-a2d6-f6b066f8f892"},"type":"InitializeVariable","inputs":{"variables":[{"name":"URL","type":"string"}]}},"ScopeTry":{"actions":{"Check_for_supported_documents":{"actions":{"Compose_RecordName":{"runAfter":{},"metadata":{"operationMetadataId":"eaca0984-db7f-4f39-a73d-beabeddf5f91"},"type":"Compose","inputs":"@split(split(triggerOutputs()?['body/Name'],'_')[2],'.')[0]"},"Set_variable_FileName":{"runAfter":{"Compose_RecordName":["Succeeded"]},"metadata":{"operationMetadataId":"e47ee5f9-7401-4d94-ab5d-482f8823a55f"},"type":"SetVariable","inputs":{"name":"FileName","value":"@triggerOutputs()?['body/Name']"}},"Set_variable_FileType":{"runAfter":{"Set_variable_FileName":["Succeeded"]},"metadata":{"operationMetadataId":"c150ace1-1f56-4bab-a0e0-c86357a5593f"},"type":"SetVariable","inputs":{"name":"FileType","value":"@triggerOutputs()?['body/MediaType']"}},"Set_variable_FileSize":{"runAfter":{"Set_variable_FileType":["Succeeded"]},"metadata":{"operationMetadataId":"d770d019-8ca5-4fdd-bcc6-beb185bed4e8"},"type":"SetVariable","inputs":{"name":"FileSize","value":"@{triggerOutputs()?['body/Size']}"}},"Set_variable_SorceFileURL":{"runAfter":{"Set_variable_FileSize":["Succeeded"]},"metadata":{"operationMetadataId":"6bcd18a8-a37d-4fb7-9a95-65b6e01d3cb9"},"type":"SetVariable","inputs":{"name":"SourceFileURL","value":"@triggerOutputs()?['body/Path']"}},"Condition_check_for_Despatch":{"actions":{"Get_Shipments":{"runAfter":{},"metadata":{"operationMetadataId":"987bda77-5069-4681-8a6b-185e76a326e4"},"type":"OpenApiConnection","inputs":{"host":{"connectionName":"shared_commondataserviceforapps_1","operationId":"ListRecords","apiId":"/providers/Microsoft.PowerApps/apis/shared_commondataserviceforapps"},"parameters":{"entityName":"mcs_shipments","$filter":"mcs_shipmentno eq '@{outputs('Compose_RecordName')}'"},"authentication":"@parameters('$authentication')"}},"Condition_Despatch":{"actions":{"Apply_to_each_Shipment":{"foreach":"@outputs('Get_Shipments')?['body/value']","actions":{"Delete_blob_Shipment":{"runAfter":{"Attach_file_to_Note_against_Shipment":["Succeeded"]},"metadata":{"operationMetadataId":"c1b547b1-ae1b-4074-abeb-922db209e422"},"type":"OpenApiConnection","inputs":{"host":{"connectionName":"shared_azureblob_1","operationId":"DeleteFile","apiId":"/providers/Microsoft.PowerApps/apis/shared_azureblob"},"parameters":{"id":"@triggerOutputs()?['body/Id']"},"authentication":"@parameters('$authentication')"}},"Copy_blob_for_Shipment":{"runAfter":{},"metadata":{"operationMetadataId":"a9ec2c01-4f60-418b-beac-04484677c541"},"type":"OpenApiConnection","inputs":{"host":{"connectionName":"shared_azureblob_1","operationId":"CopyFile","apiId":"/providers/Microsoft.PowerApps/apis/shared_azureblob"},"parameters":{"source":"@triggerOutputs()?['body/Path']","destination":"@variables('DestinationBlobFolder')","overwrite":true},"authentication":"@parameters('$authentication')"}},"Attach_file_to_Note_against_Shipment":{"runAfter":{"Compose_2":["Succeeded"]},"metadata":{"operationMetadataId":"acf89cae-e48b-4bab-93f1-468a43199049"},"type":"OpenApiConnection","inputs":{"host":{"connectionName":"shared_commondataserviceforapps_1","operationId":"CreateRecord","apiId":"/providers/Microsoft.PowerApps/apis/shared_commondataserviceforapps"},"parameters":{"entityName":"annotations","item/subject":"Note created on @{convertTimeZone(utcNow(),'UTC','AUS Eastern Standard Time','dd/MM/yyyy HH:mm:ss')}","item/notetext":"*WEB*","item/isdocument":true,"item/documentbody":"@outputs('Compose_2')","item/filename":"@concat(variables('FileName'),'.azure.pdf')","item/annotationid":"@variables('CENoteGUID')","item/objectid_mcs_shipment@odata.bind":"/mcs_shipments/@{items('Apply_to_each_Shipment')?['mcs_shipmentid']}"},"authentication":"@parameters('$authentication')"}},"GetblobcontentforShipment":{"runAfter":{"Copy_blob_for_Shipment":["Succeeded"]},"metadata":{"operationMetadataId":"f28eb113-e181-4be7-8837-72cb666e60a4"},"type":"OpenApiConnection","inputs":{"host":{"connectionName":"shared_azureblob_1","operationId":"GetFileContent_V2","apiId":"/providers/Microsoft.PowerApps/apis/shared_azureblob"},"parameters":{"dataset":"AccountNameFromSettings","id":"@concat(variables('DestinationBlobFolder'),variables('FileName'))","inferContentType":true},"authentication":"@parameters('$authentication')"}},"Compose_2":{"runAfter":{"GetblobcontentforShipment":["Succeeded"]},"metadata":{"operationMetadataId":"9bbb2e6c-4314-41c9-8d90-89ad4c5eb6c1"},"type":"Compose","inputs":"@base64(body('GetblobcontentforShipment'))"}},"runAfter":{},"metadata":{"operationMetadataId":"9a80b3b9-047f-493a-9432-26a7edaac1df"},"type":"Foreach","runtimeConfiguration":{"concurrency":{"repetitions":1}}}},"runAfter":{"Get_Shipments":["Succeeded"]},"expression":{"not":{"equals":["@empty(body('Get_Shipments')?['value'])","@true"]}},"metadata":{"operationMetadataId":"f8760016-c907-4fa0-8ab9-efcd45925b75"},"type":"If"}},"runAfter":{"SetAzureBlobAttachmentBody":["Succeeded"]},"else":{"actions":{"Condition_check_for_Invoice":{"actions":{"Get_Invoices":{"runAfter":{},"metadata":{"operationMetadataId":"23123507-f3f9-40e9-a517-be0a787b24a7"},"type":"OpenApiConnection","inputs":{"host":{"connectionName":"shared_commondataserviceforapps_1","operationId":"ListRecords","apiId":"/providers/Microsoft.PowerApps/apis/shared_commondataserviceforapps"},"parameters":{"entityName":"invoices","$filter":"msdyn_invoicenumber eq '@{outputs('Compose_RecordName')}'"},"authentication":"@parameters('$authentication')"}},"Condition_Invoice_found":{"actions":{"Apply_to_each_Invoice":{"foreach":"@outputs('Get_Invoices')?['body/value']","actions":{"Copy_blob_for_Invoice":{"runAfter":{},"metadata":{"operationMetadataId":"5a87d300-acea-439f-9452-941602877823"},"type":"OpenApiConnection","inputs":{"host":{"connectionName":"shared_azureblob_1","operationId":"CopyFile","apiId":"/providers/Microsoft.PowerApps/apis/shared_azureblob"},"parameters":{"source":"@triggerOutputs()?['body/Path']","destination":"@variables('DestinationBlobFolder')","overwrite":true},"authentication":"@parameters('$authentication')"}},"Create_a_new_Note_against_Invoice":{"runAfter":{"Compose":["Succeeded"]},"metadata":{"operationMetadataId":"30e4e8b0-bae6-4849-94d7-dd8c9511d7a1"},"type":"OpenApiConnection","inputs":{"host":{"connectionName":"shared_commondataserviceforapps_1","operationId":"CreateRecord","apiId":"/providers/Microsoft.PowerApps/apis/shared_commondataserviceforapps"},"parameters":{"entityName":"annotations","item/subject":"Note created on @{convertTimeZone(utcNow(),'UTC','AUS Eastern Standard Time','dd/MM/yyyy HH:mm:ss')}","item/notetext":"*WEB*","item/isdocument":true,"item/documentbody":"@outputs('Compose')","item/filename":"@concat(variables('FileName'),'.azure.pdf')","item/mimetype":"application/pdf","item/annotationid":"@variables('CENoteGUID')","item/objectid_invoice@odata.bind":"/invoices/@{items('Apply_to_each_Invoice')?['invoiceid']}"},"authentication":"@parameters('$authentication')"}},"Delete_blob_Invoice":{"runAfter":{"Create_a_new_Note_against_Invoice":["Succeeded"]},"metadata":{"operationMetadataId":"c3015610-7222-440a-8e5f-cce3f4005873"},"type":"OpenApiConnection","inputs":{"host":{"connectionName":"shared_azureblob_1","operationId":"DeleteFile","apiId":"/providers/Microsoft.PowerApps/apis/shared_azureblob"},"parameters":{"id":"@triggerOutputs()?['body/Id']"},"authentication":"@parameters('$authentication')"}},"Compose":{"runAfter":{"GetblobcontentforInvoice":["Succeeded"]},"metadata":{"operationMetadataId":"2742658d-af53-45ff-bba8-b7c4aebb461b"},"type":"Compose","inputs":"@base64(body('GetblobcontentforInvoice'))"},"GetblobcontentforInvoice":{"runAfter":{"Copy_blob_for_Invoice":["Succeeded"]},"metadata":{"operationMetadataId":"70ada65c-79d1-4ad9-b807-c7d1be061595"},"type":"OpenApiConnection","inputs":{"host":{"connectionName":"shared_azureblob_1","operationId":"GetFileContent_V2","apiId":"/providers/Microsoft.PowerApps/apis/shared_azureblob"},"parameters":{"dataset":"AccountNameFromSettings","id":"@concat(variables('DestinationBlobFolder'),variables('FileName'))","inferContentType":true},"authentication":"@parameters('$authentication')"}}},"runAfter":{},"metadata":{"operationMetadataId":"c6f70348-d3d1-4ca0-b8a8-165620d655c6"},"type":"Foreach"}},"runAfter":{"Get_Invoices":["Succeeded"]},"expression":{"not":{"equals":["@empty(outputs('Get_Invoices')?['body/value'])","@true"]}},"metadata":{"operationMetadataId":"d935bab2-f3fb-40a3-9093-2d1526f1fa5c"},"type":"If"}},"runAfter":{},"else":{"actions":{"Condition_check_for_Quotation":{"actions":{"Condition_Quote_found":{"actions":{"Apply_to_each_Quotation_found":{"foreach":"@outputs('Get_Quotations')?['body/value']","actions":{"Copy_blob_for_Quotation":{"runAfter":{},"metadata":{"operationMetadataId":"e04b7f71-af88-47a1-848f-04d7f7ae5c68"},"type":"OpenApiConnection","inputs":{"host":{"connectionName":"shared_azureblob_1","operationId":"CopyFile","apiId":"/providers/Microsoft.PowerApps/apis/shared_azureblob"},"parameters":{"source":"@triggerOutputs()?['body/Path']","destination":"@variables('DestinationBlobFolder')","overwrite":true},"authentication":"@parameters('$authentication')"}},"Create_a_new_Note_against_Quote":{"runAfter":{"Compose_3":["Succeeded"]},"metadata":{"operationMetadataId":"5ec7989a-f573-45e5-9cd9-f7c13b417652"},"type":"OpenApiConnection","inputs":{"host":{"connectionName":"shared_commondataserviceforapps_1","operationId":"CreateRecord","apiId":"/providers/Microsoft.PowerApps/apis/shared_commondataserviceforapps"},"parameters":{"entityName":"annotations","item/subject":"Note created on @{convertTimeZone(utcNow(),'UTC','AUS Eastern Standard Time','dd/MM/yyyy HH:mm:ss')}","item/notetext":"*WEB*","item/isdocument":true,"item/documentbody":"@outputs('Compose_3')","item/filename":"@concat(variables('FileName'),'.azure.pdf')","item/annotationid":"@variables('CENoteGUID')","item/objectid_mcs_quoteline@odata.bind":"/mcs_quotelines/@{items('Apply_to_each_Quotation_found')?['mcs_quotelineid']}"},"authentication":"@parameters('$authentication')"}},"Delete_blob_Quotation":{"runAfter":{"Create_a_new_Note_against_Quote":["Succeeded"]},"metadata":{"operationMetadataId":"b3ca38d7-bbf6-46fc-989a-b12e2c0b5ad4"},"type":"OpenApiConnection","inputs":{"host":{"connectionName":"shared_azureblob_1","operationId":"DeleteFile","apiId":"/providers/Microsoft.PowerApps/apis/shared_azureblob"},"parameters":{"id":"@triggerOutputs()?['body/Id']"},"authentication":"@parameters('$authentication')"}},"GetblobcontentforQuote":{"runAfter":{"Copy_blob_for_Quotation":["Succeeded"]},"metadata":{"operationMetadataId":"d349a41a-6962-436d-9dd0-fb4086c5f0af"},"type":"OpenApiConnection","inputs":{"host":{"connectionName":"shared_azureblob_1","operationId":"GetFileContent_V2","apiId":"/providers/Microsoft.PowerApps/apis/shared_azureblob"},"parameters":{"dataset":"AccountNameFromSettings","id":"@concat(variables('DestinationBlobFolder'),variables('FileName'))","inferContentType":true},"authentication":"@parameters('$authentication')"}},"Compose_3":{"runAfter":{"GetblobcontentforQuote":["Succeeded"]},"metadata":{"operationMetadataId":"d29c23c0-802c-4f7e-9c6c-266d893bf63d"},"type":"Compose","inputs":"@base64(body('GetblobcontentforQuote'))"}},"runAfter":{},"metadata":{"operationMetadataId":"a14c2245-bf65-4e84-ac1a-41d882748922"},"type":"Foreach"}},"runAfter":{"Get_Quotations":["Succeeded"]},"expression":{"not":{"equals":["@empty(outputs('Get_Quotations')?['body/value'])","@true"]}},"metadata":{"operationMetadataId":"0c4f798e-d82c-4c82-ba69-4acde155c7e9"},"type":"If"},"Compose_Quotation_RecordName":{"runAfter":{},"metadata":{"operationMetadataId":"4e20494d-e821-4bf0-97d2-03c04e1344ee"},"type":"Compose","inputs":"@split(split(triggerOutputs()?['body/Name'],'_')[2],'-')[0]"},"Get_Quotations":{"runAfter":{"Compose_Quotation_RecordName":["Succeeded"]},"metadata":{"operationMetadataId":"8624930f-2db7-4c95-a3a2-2f1173ef5c48"},"type":"OpenApiConnection","inputs":{"host":{"connectionName":"shared_commondataserviceforapps_1","operationId":"ListRecords","apiId":"/providers/Microsoft.PowerApps/apis/shared_commondataserviceforapps"},"parameters":{"entityName":"mcs_quotelines","$filter":"mcs_quotenumber eq '@{outputs('Compose_Quotation_RecordName')}'"},"authentication":"@parameters('$authentication')"}}},"runAfter":{},"else":{"actions":{"Condition_check_for_Statement":{"actions":{"Get_Statements":{"runAfter":{"Compose_Statement_RecordName":["Succeeded"]},"metadata":{"operationMetadataId":"b2b5c810-3b15-406d-973a-0455455e9f53"},"type":"OpenApiConnection","inputs":{"host":{"connectionName":"shared_commondataserviceforapps_1","operationId":"ListRecords","apiId":"/providers/Microsoft.PowerApps/apis/shared_commondataserviceforapps"},"parameters":{"entityName":"mcs_customerstatementparents","$filter":"mcs_code eq '@{outputs('Compose_Statement_RecordName')}'"},"authentication":"@parameters('$authentication')"}},"Condition_Statement_found":{"actions":{"Apply_to_each_Statement_found":{"foreach":"@outputs('Get_Statements')?['body/value']","actions":{"Copy_blob_for_Statement":{"runAfter":{},"metadata":{"operationMetadataId":"7c514e5b-1601-4756-b6a3-4f4a408a0ff4"},"type":"OpenApiConnection","inputs":{"host":{"connectionName":"shared_azureblob_1","operationId":"CopyFile","apiId":"/providers/Microsoft.PowerApps/apis/shared_azureblob"},"parameters":{"source":"@triggerOutputs()?['body/Path']","destination":"@variables('DestinationBlobFolder')","overwrite":true},"authentication":"@parameters('$authentication')"}},"Create_a_new_Note_for_Customer_Statement_Parent":{"runAfter":{"Compose_4":["Succeeded"]},"metadata":{"operationMetadataId":"794c7b79-0182-445c-ad9b-dc1c2985ba47"},"type":"OpenApiConnection","inputs":{"host":{"connectionName":"shared_commondataserviceforapps_1","operationId":"CreateRecord","apiId":"/providers/Microsoft.PowerApps/apis/shared_commondataserviceforapps"},"parameters":{"entityName":"annotations","item/subject":"Note created on @{convertTimeZone(utcNow(),'UTC','AUS Eastern Standard Time','dd/MM/yyyy HH:mm:ss')}","item/notetext":"*WEB*","item/isdocument":true,"item/documentbody":"@outputs('Compose_4')","item/filename":"@concat(variables('FileName'),'.azure.pdf')","item/annotationid":"@variables('CENoteGUID')","item/objectid_mcs_customerstatementparent@odata.bind":"/mcs_customerstatementparents/@{items('Apply_to_each_Statement_found')?['mcs_customerstatementparentid']}"},"authentication":"@parameters('$authentication')"}},"Delete_blob_Customer_Statement_Parent":{"runAfter":{"Create_a_new_Note_for_Customer_Statement_Parent":["Succeeded"]},"metadata":{"operationMetadataId":"e852cc64-c5fb-4fc7-a1ff-9ca8f3e6b8c1"},"type":"OpenApiConnection","inputs":{"host":{"connectionName":"shared_azureblob_1","operationId":"DeleteFile","apiId":"/providers/Microsoft.PowerApps/apis/shared_azureblob"},"parameters":{"id":"@triggerOutputs()?['body/Id']"},"authentication":"@parameters('$authentication')"}},"GetblobcontentforStatement":{"runAfter":{"Copy_blob_for_Statement":["Succeeded"]},"metadata":{"operationMetadataId":"6c07e0d8-15e0-4353-a112-07d81eb4616a"},"type":"OpenApiConnection","inputs":{"host":{"connectionName":"shared_azureblob_1","operationId":"GetFileContent_V2","apiId":"/providers/Microsoft.PowerApps/apis/shared_azureblob"},"parameters":{"dataset":"AccountNameFromSettings","id":"@concat(variables('DestinationBlobFolder'),variables('FileName'))","inferContentType":true},"authentication":"@parameters('$authentication')"}},"Compose_4":{"runAfter":{"GetblobcontentforStatement":["Succeeded"]},"metadata":{"operationMetadataId":"9e55587c-84ba-40db-a028-4743430c9ff0"},"type":"Compose","inputs":"@base64(body('GetblobcontentforStatement'))"}},"runAfter":{},"metadata":{"operationMetadataId":"d8a49105-8af4-4396-aa7d-d658322ca2f4"},"type":"Foreach"}},"runAfter":{"Get_Statements":["Succeeded"]},"expression":{"not":{"equals":["@empty(outputs('Get_Statements')?['body/value'])","@true"]}},"metadata":{"operationMetadataId":"4f0d9cc3-d8cc-47dd-9af6-31dbc2154e50"},"type":"If"},"Compose_Statement_RecordName":{"runAfter":{},"metadata":{"operationMetadataId":"ae77d927-5dc0-413b-bcb9-2fac31564aad"},"type":"Compose","inputs":"@split(triggerOutputs()?['body/Name'], '_')[0]"}},"runAfter":{},"expression":{"contains":["@triggerOutputs()?['body/Name']","_Statement_"]},"metadata":{"operationMetadataId":"e94bf10d-084d-4e8c-b1b3-e1044fb44055"},"type":"If"}}},"expression":{"contains":["@triggerOutputs()?['body/Name']","_Quotation_"]},"metadata":{"operationMetadataId":"90d181a6-14a4-46b0-a438-8b9a8820442a"},"type":"If"}}},"expression":{"contains":["@triggerOutputs()?['body/Name']","_Invoice_"]},"metadata":{"operationMetadataId":"51c1c484-8b67-412c-af91-892e73170245"},"type":"If"}}},"expression":{"contains":["@triggerOutputs()?['body/Name']","_DespatchNote_"]},"metadata":{"operationMetadataId":"c4e7e8a8-3062-4590-adc9-8036c4f7cad5"},"type":"If"},"Set_variable_CENoteGUID":{"runAfter":{"Set_variable_SorceFileURL":["Succeeded"]},"metadata":{"operationMetadataId":"2dc01702-e7f8-40d6-922f-34a72c7b5a77"},"type":"SetVariable","inputs":{"name":"CENoteGUID","value":"@{guid()}"}},"SetCopiedfilePath":{"runAfter":{"Set_variable_DestinationBlobFolder":["Succeeded"]},"metadata":{"operationMetadataId":"208d9c9b-786c-47f2-adda-d8fc79426a1f"},"type":"SetVariable","inputs":{"name":"FileURL","value":"@{concat(parameters('BlobStorageAccount'),'/',variables('DestinationBlobFolder'),variables('FileName'))}"}},"SetAzureBlobAttachmentBody":{"runAfter":{"SetCopiedfilePath":["Succeeded"]},"metadata":{"operationMetadataId":"14edc503-76cc-45ab-8adb-3dc08ae2f657"},"type":"SetVariable","inputs":{"name":"AzureBlobAttachmentBody","value":"{\"Name\":\"@{variables('FileName')}\",\"Type\":\"@{variables('FileType')}\",\"Size\":@{variables('FileSize')},\"Url\":\"@{variables('FileURL')}\"}"}},"Set_variable_DestinationBlobFolder":{"runAfter":{"Set_variable_CENoteGUID":["Succeeded"]},"metadata":{"operationMetadataId":"89e3d174-9132-4038-a0fa-f55ec1bb7349"},"type":"SetVariable","inputs":{"name":"DestinationBlobFolder","value":"@{concat('/',parameters('DestinationBlobFolder'),'/',replace(variables('CENoteGUID'),'-',''),'/')}"}}},"runAfter":{},"expression":{"or":[{"contains":["@triggerOutputs()?['body/Name']","_DespatchNote_"]},{"contains":["@triggerOutputs()?['body/Name']","_Invoice_"]},{"contains":["@triggerOutputs()?['body/Name']","_Quotation_"]},{"contains":["@triggerOutputs()?['body/Name']","_Statement_"]}]},"metadata":{"operationMetadataId":"261d220b-d7c8-462a-baa6-0a06247d4789"},"type":"If"}},"runAfter":{"Initialize_variable_URL":["Succeeded"]},"metadata":{"operationMetadataId":"3ff23382-8122-4d93-aad4-8dc6eb053861"},"type":"Scope"},"ScopeCatch":{"actions":{"GetCurrentWorkflow":{"runAfter":{},"metadata":{"operationMetadataId":"bf0dcbdc-7fde-4dcb-9252-14c16463396d"},"type":"Compose","inputs":"@workflow()"},"Set_variable_HasError":{"runAfter":{"GetCurrentWorkflow":["Succeeded"]},"metadata":{"operationMetadataId":"05c96997-95bf-4dac-8ff7-e2af28c958b7"},"type":"SetVariable","inputs":{"name":"HasError","value":"@true"}},"GetResultOfTryScope":{"runAfter":{"Set_variable_URL":["Succeeded"]},"metadata":{"operationMetadataId":"ed35f1a2-09cb-4d02-a3a8-bee5b7949e86"},"type":"Compose","inputs":"@result('ScopeTry')"},"Set_variable_StackTrace":{"runAfter":{"GetResultOfTryScope":["Succeeded"]},"metadata":{"operationMetadataId":"d043c91c-d02a-4134-b6ac-c3c9aa28df76"},"type":"SetVariable","inputs":{"name":"StackTrace","value":"@{outputs('GetResultOfTryScope')}"}},"Set_variable_URL":{"runAfter":{"Set_variable_HasError":["Succeeded"]},"metadata":{"operationMetadataId":"80db65ae-284e-4d32-b10a-cdcbd7133e0f"},"type":"SetVariable","inputs":{"name":"URL","value":"@{concat('https://australia.flow.microsoft.com/manage/environments/', outputs('GetCurrentWorkflow')['tags']['environmentName'], '/flows/', outputs('GetCurrentWorkflow')['name'], '/runs/', outputs('GetCurrentWorkflow')['run']['name'])}"}}},"runAfter":{"ScopeTry":["TimedOut","Failed"]},"metadata":{"operationMetadataId":"427d9482-1f25-4319-a012-abad46e6908f"},"type":"Scope"},"ScopeFinally":{"actions":{"Condition":{"actions":{"Create_Power_Automate_Log":{"runAfter":{},"metadata":{"operationMetadataId":"bad932d5-31c6-4c7d-aa03-d271c3720e81"},"type":"OpenApiConnection","inputs":{"host":{"connectionName":"shared_commondataserviceforapps_1","operationId":"CreateRecord","apiId":"/providers/Microsoft.PowerApps/apis/shared_commondataserviceforapps"},"parameters":{"entityName":"mcs_powerautomatelogs","item/mcs_name":"SmartSend","item/mcs_entityname":"smartsend","item/mcs_errorstacktrace":"@if(greater(length(variables('StackTrace')), 100000), substring(variables('StackTrace'), 0, 100000), variables('StackTrace'))","item/mcs_reccordname":"@triggerOutputs()?['body/Name']","item/mcs_url":"@variables('URL')"},"authentication":"@parameters('$authentication')"}}},"runAfter":{},"expression":{"equals":["@variables('HasError')","@true"]},"metadata":{"operationMetadataId":"663127b9-efcc-4cf2-a322-a964ee20c9fb"},"type":"If"}},"runAfter":{"ScopeCatch":["Succeeded"]},"metadata":{"operationMetadataId":"c6a9ddb7-9e62-4322-b381-86effa036da5"},"type":"Scope"}},"outputs":{}}},"schemaVersion":"1.0.0.0"}