﻿<?xml version="1.0" encoding="utf-8"?>
<savedquery>
  <IsCustomizable>1</IsCustomizable>
  <CanBeDeleted>0</CanBeDeleted>
  <isquickfindquery>0</isquickfindquery>
  <isprivate>0</isprivate>
  <isdefault>1</isdefault>
  <returnedtypecode>10028</returnedtypecode>
  <savedqueryid>{e24a7e7f-96b7-406f-b663-2f29bf62f784}</savedqueryid>
  <layoutxml>
    <grid name="" object="10028" jump="rbsm_name" select="1" icon="1" preview="0">
      <row name="rbsm_raidlog" id="rbsm_raidlogid">
        <cell name="rbsm_name" width="300" />
        <cell name="createdon" width="125" />
      </row>
    </grid>
  </layoutxml>
  <querytype>64</querytype>
  <fetchxml>
    <fetch version="1.0" mapping="logical">
      <entity name="rbsm_raidlog">
        <attribute name="rbsm_raidlogid" />
        <attribute name="rbsm_name" />
        <attribute name="createdon" />
        <filter type="and">
          <condition attribute="statecode" operator="eq" value="0" />
        </filter>
      </entity>
    </fetch>
  </fetchxml>
  <IntroducedVersion>1.0.0.0</IntroducedVersion>
  <LocalizedNames>
    <LocalizedName description="RAID Log Lookup View" languagecode="1033" />
  </LocalizedNames>
</savedquery>