﻿<?xml version="1.0" encoding="utf-8"?>
<savedquery>
  <IsCustomizable>1</IsCustomizable>
  <CanBeDeleted>0</CanBeDeleted>
  <isquickfindquery>0</isquickfindquery>
  <isprivate>0</isprivate>
  <isdefault>1</isdefault>
  <returnedtypecode>10028</returnedtypecode>
  <savedqueryid>{ebf57834-dfa6-476e-9f63-a71645db8ff0}</savedqueryid>
  <layoutxml>
    <grid name="" object="10028" jump="rbsm_name" select="1" icon="1" preview="1">
      <row name="rbsm_raidlog" id="rbsm_raidlogid">
        <cell name="rbsm_name" width="200" />
        <cell name="rbsm_type" width="100" />
        <cell name="statecode" width="100" />
        <cell name="ownerid" width="100" />
        <cell name="createdon" width="125" />
      </row>
    </grid>
  </layoutxml>
  <querytype>2</querytype>
  <fetchxml>
    <fetch version="1.0" mapping="logical">
      <entity name="rbsm_raidlog">
        <attribute name="rbsm_name" />
        <attribute name="createdon" />
        <order attribute="rbsm_name" descending="false" />
        <filter type="and">
          <condition attribute="statecode" operator="eq" value="0" />
        </filter>
        <attribute name="rbsm_type" />
        <attribute name="statecode" />
        <attribute name="ownerid" />
        <attribute name="rbsm_raidlogid" />
      </entity>
    </fetch>
  </fetchxml>
  <IntroducedVersion>1.0.0.0</IntroducedVersion>
  <LocalizedNames>
    <LocalizedName description="RAID Log Associated View" languagecode="1033" />
  </LocalizedNames>
</savedquery>