{"properties":{"connectionReferences":{"shared_commondataserviceforapps":{"runtimeSource":"embedded","connection":{"connectionReferenceLogicalName":"mcs_sharedcommondataserviceforapps_7db1e"},"api":{"name":"shared_commondataserviceforapps"}}},"definition":{"$schema":"https://schema.management.azure.com/providers/Microsoft.Logic/schemas/2016-06-01/workflowdefinition.json#","contentVersion":"1.0.0.0","parameters":{"$connections":{"defaultValue":{},"type":"Object"},"$authentication":{"defaultValue":{},"type":"SecureObject"}},"triggers":{"manual":{"metadata":{"operationMetadataId":"422f2c20-c651-4ec8-89e3-fee1c00916e5"},"type":"Request","kind":"Button","inputs":{"schema":{"type":"object","properties":{},"required":[]}}}},"actions":{"GetAccountList":{"runAfter":{},"metadata":{"operationMetadataId":"b55bd502-71c0-4c2e-b4d3-da7c47161d67"},"type":"OpenApiConnection","inputs":{"host":{"connectionName":"shared_commondataserviceforapps","operationId":"ListRecords","apiId":"/providers/Microsoft.PowerApps/apis/shared_commondataserviceforapps"},"parameters":{"entityName":"accounts","fetchXml":"<fetch version=\"1.0\" output-format=\"xml-platform\" mapping=\"logical\" distinct=\"false\">\n  <entity name=\"account\">\n    <attribute name=\"name\" />\n    <attribute name=\"primarycontactid\" />     \n    <attribute name=\"accountid\" />\n    <attribute name=\"mcs_customerstatementparentcode\" />\n    <attribute name=\"mcs_customerstatementparent\" />\n    <order attribute=\"msdyn_company\" descending=\"false\" />\n    <order attribute=\"name\" descending=\"false\" />\n    <filter type=\"and\">\n      <condition attribute=\"statecode\" operator=\"eq\" value=\"0\" />\n    </filter>\n  </entity>\n</fetch>"},"authentication":{"type":"Raw","value":"@json(decodeBase64(triggerOutputs().headers['X-MS-APIM-Tokens']))['$ConnectionKey']"}}},"ForeachAccountRecord":{"foreach":"@outputs('GetAccountList')?['body/value']","actions":{"GetParentCustomerNamebyCode":{"runAfter":{},"metadata":{"operationMetadataId":"3c71d79b-f2ec-463f-8537-bba894439745"},"type":"OpenApiConnection","inputs":{"host":{"connectionName":"shared_commondataserviceforapps","operationId":"ListRecords","apiId":"/providers/Microsoft.PowerApps/apis/shared_commondataserviceforapps"},"parameters":{"entityName":"accounts","fetchXml":"<fetch version=\"1.0\" output-format=\"xml-platform\" mapping=\"logical\" distinct=\"false\">\n  <entity name=\"account\">\n    <attribute name=\"name\" />    \n    <attribute name=\"accountnumber\" />    \n    <attribute name=\"mcs_customerstatementparentcode\" />   \n    <order attribute=\"msdyn_company\" descending=\"false\" />\n    <order attribute=\"name\" descending=\"false\" />\n    <filter type=\"and\">\n      <condition attribute=\"mcs_customerstatementparentcode\" operator=\"eq\" value=\"@{items('ForeachAccountRecord')?['mcs_customerstatementparentcode']}\" />\n    </filter>\n  </entity>\n</fetch>"},"authentication":{"type":"Raw","value":"@json(decodeBase64(triggerOutputs().headers['X-MS-APIM-Tokens']))['$ConnectionKey']"}}},"GetCustomerStatementParentByCode":{"runAfter":{"GetParentCustomerNamebyCode":["Succeeded"]},"metadata":{"operationMetadataId":"2801ef3a-a87c-41c9-83e1-8f1a60054ec9"},"type":"OpenApiConnection","inputs":{"host":{"connectionName":"shared_commondataserviceforapps","operationId":"ListRecords","apiId":"/providers/Microsoft.PowerApps/apis/shared_commondataserviceforapps"},"parameters":{"entityName":"mcs_customerstatementparents","fetchXml":"<fetch version=\"1.0\" output-format=\"xml-platform\" mapping=\"logical\" distinct=\"false\">\n  <entity name=\"mcs_customerstatementparent\">\n    <attribute name=\"mcs_customerstatementparentid\" />\n    <attribute name=\"mcs_code\" />   \n    <attribute name=\"mcs_parentaccount\" />\n    <order attribute=\"mcs_code\" descending=\"false\" />\n    <filter type=\"and\">\n      <condition attribute=\"mcs_code\" operator=\"eq\" value=\"@{items('ForeachAccountRecord')?['mcs_customerstatementparentcode']}\" />\n<condition attribute=\"mcs_parentaccount\" operator=\"null\" />\n    </filter>\n  </entity>\n</fetch>"},"authentication":{"type":"Raw","value":"@json(decodeBase64(triggerOutputs().headers['X-MS-APIM-Tokens']))['$ConnectionKey']"}}},"ForeachCustomerStatementParent":{"foreach":"@outputs('GetCustomerStatementParentByCode')?['body/value']","actions":{"EachCustomerName":{"foreach":"@outputs('GetParentCustomerNamebyCode')?['body/value']","actions":{"Update_a_row":{"runAfter":{},"metadata":{"operationMetadataId":"bc5e3ffa-1703-4636-b6d7-1c545a611e09"},"type":"OpenApiConnection","inputs":{"host":{"connectionName":"shared_commondataserviceforapps","operationId":"UpdateRecord","apiId":"/providers/Microsoft.PowerApps/apis/shared_commondataserviceforapps"},"parameters":{"entityName":"mcs_customerstatementparents","recordId":"@items('ForeachCustomerStatementParent')?['mcs_customerstatementparentid']","item/mcs_parentaccount":"@items('EachCustomerName')?['name']"},"authentication":{"type":"Raw","value":"@json(decodeBase64(triggerOutputs().headers['X-MS-APIM-Tokens']))['$ConnectionKey']"}}}},"runAfter":{},"metadata":{"operationMetadataId":"92d96ee2-975f-480a-b32b-671c45d98e32"},"type":"Foreach"}},"runAfter":{"GetCustomerStatementParentByCode":["Succeeded"]},"metadata":{"operationMetadataId":"baed2639-a3aa-4c6f-bb9f-c27e6bd1bc20"},"type":"Foreach"}},"runAfter":{"GetAccountList":["Succeeded"]},"metadata":{"operationMetadataId":"6a40d3d8-f185-47e5-a5b5-8e53f6d09f2b"},"type":"Foreach"}},"outputs":{}}},"schemaVersion":"1.0.0.0"}