{"properties":{"connectionReferences":{"shared_commondataserviceforapps_1":{"runtimeSource":"embedded","connection":{"connectionReferenceLogicalName":"mcs_bsldataverse1"},"api":{"name":"shared_commondataserviceforapps"}}},"definition":{"$schema":"https://schema.management.azure.com/providers/Microsoft.Logic/schemas/2016-06-01/workflowdefinition.json#","contentVersion":"1.0.0.0","parameters":{"$connections":{"defaultValue":{},"type":"Object"},"$authentication":{"defaultValue":{},"type":"SecureObject"}},"triggers":{"When_a_BSL_Document_is_created":{"metadata":{"operationMetadataId":"73a64a3f-854d-40df-b405-00191149ca39"},"type":"OpenApiConnectionWebhook","inputs":{"host":{"connectionName":"shared_commondataserviceforapps_1","operationId":"SubscribeWebhookTrigger","apiId":"/providers/Microsoft.PowerApps/apis/shared_commondataserviceforapps"},"parameters":{"subscriptionRequest/message":1,"subscriptionRequest/entityname":"mcs_bsldocument","subscriptionRequest/scope":4,"subscriptionRequest/filterexpression":"mcs_permissions ne null","subscriptionRequest/name":"b4b5a213-ae8a-eb11-b1ac-0022481559c1"},"authentication":"@parameters('$authentication')"},"description":"Check for mcs_permissions field whether it has some value. The mcs_permissions will have comma separated values for Customers. The code logic should split the mcs_permissions field and establish a relationship between a BSL Document and a Customer"}},"actions":{"Initialize_variable_HasError":{"runAfter":{},"metadata":{"operationMetadataId":"ed0dfda8-2b47-432b-93d3-17c93052be5f"},"type":"InitializeVariable","inputs":{"variables":[{"name":"HasError","type":"boolean","value":"@false"}]}},"Initialize_variable_StackTrace":{"runAfter":{"Initialize_variable_HasError":["Succeeded"]},"metadata":{"operationMetadataId":"22c42162-7170-42cd-ba71-bd0dcb6114cb"},"type":"InitializeVariable","inputs":{"variables":[{"name":"StackTrace","type":"string"}]}},"Initialize_variable_URL":{"runAfter":{"Initialize_variable_StackTrace":["Succeeded"]},"metadata":{"operationMetadataId":"8cd00d6d-c811-4841-afb8-3c5ba7e9f80e"},"type":"InitializeVariable","inputs":{"variables":[{"name":"URL","type":"string"}]}},"ScopeTry":{"actions":{"Check_if_mcs_permissions_has_value":{"actions":{"Split_field_mcs_permissions_by_comma":{"runAfter":{},"metadata":{"operationMetadataId":"748db077-4bab-495c-81da-6fb27c171a0f"},"type":"Compose","inputs":"@split(triggerOutputs()?['body/mcs_permissions'],',')"},"Apply_to_each_item_of_array":{"foreach":"@outputs('Split_field_mcs_permissions_by_comma')","actions":{"Get_Customer_by_KnownAs":{"runAfter":{},"metadata":{"operationMetadataId":"faea6517-77f5-4332-8ea2-04681ad40c1c"},"type":"OpenApiConnection","inputs":{"host":{"connectionName":"shared_commondataserviceforapps_1","operationId":"ListRecords","apiId":"/providers/Microsoft.PowerApps/apis/shared_commondataserviceforapps"},"parameters":{"entityName":"accounts","fetchXml":"<fetch version=\"1.0\" output-format=\"xml-platform\" mapping=\"logical\" distinct=\"false\">\n  <entity name=\"account\">\n\t<attribute name=\"name\" />\n\t<attribute name=\"accountid\" />\n\t<order attribute=\"name\" descending=\"false\" />\n\t<filter type=\"and\">\n      <filter type=\"or\">\n        <condition attribute=\"mcs_knownas\" operator=\"eq\" value=\"@{items('Apply_to_each_item_of_array')}\" />\n        <condition attribute=\"accountnumber\" operator=\"eq\" value=\"@{items('Apply_to_each_item_of_array')}\" />\n      </filter>\n\t</filter>\n  </entity>\n</fetch>","$top":1},"authentication":"@parameters('$authentication')"}},"Apply_to_each_Customer_record":{"foreach":"@outputs('Get_Customer_by_KnownAs')?['body/value']","actions":{"Establish_Relationship_between_Customer_and_BSL_Document":{"runAfter":{},"metadata":{"operationMetadataId":"f590938f-9962-4588-a14c-16fbb45b9d81"},"type":"OpenApiConnection","inputs":{"host":{"connectionName":"shared_commondataserviceforapps_1","operationId":"AssociateEntities","apiId":"/providers/Microsoft.PowerApps/apis/shared_commondataserviceforapps"},"parameters":{"entityName":"mcs_bsldocuments","recordId":"@triggerOutputs()?['body/mcs_bsldocumentid']","associationEntityRelationship":"mcs_mcs_bsldocument_account","item/@odata.id":"@items('Apply_to_each_Customer_record')?['@odata.id']"},"authentication":"@parameters('$authentication')"}}},"runAfter":{"Get_Customer_by_KnownAs":["Succeeded"]},"metadata":{"operationMetadataId":"48624fff-8a1d-4f62-b3e1-515817de0ad7"},"type":"Foreach"}},"runAfter":{"Split_field_mcs_permissions_by_comma":["Succeeded"]},"metadata":{"operationMetadataId":"c4946c12-5d3e-45cc-9c10-f42e76fce385"},"type":"Foreach"}},"runAfter":{},"expression":{"equals":["@empty(triggerOutputs()?['body/mcs_permissions'])","@false"]},"metadata":{"operationMetadataId":"ec06347a-a104-40c3-801e-3d28b7349b92"},"type":"If"}},"runAfter":{"Initialize_variable_URL":["Succeeded"]},"metadata":{"operationMetadataId":"c66cf0eb-d95d-4893-8a34-2d1637d92cdf"},"type":"Scope"},"ScopeCatch":{"actions":{"GetCurrentWorkflow":{"runAfter":{},"metadata":{"operationMetadataId":"808db30d-7d34-4620-943c-708233210b6f"},"type":"Compose","inputs":"@workflow()"},"Set_variable_HasError":{"runAfter":{"GetCurrentWorkflow":["Succeeded"]},"metadata":{"operationMetadataId":"27ec3fa5-f2af-4659-8f6e-8f3b0a0da6af"},"type":"SetVariable","inputs":{"name":"HasError","value":"@true"}},"GetResultOfTryScope":{"runAfter":{"Set_variable_URL":["Succeeded"]},"metadata":{"operationMetadataId":"be774bd4-ce8d-4ca0-a5d1-29ae86b38743"},"type":"Compose","inputs":"@result('ScopeTry')"},"Set_variable_StackTrace":{"runAfter":{"GetResultOfTryScope":["Succeeded"]},"metadata":{"operationMetadataId":"29093d84-be6b-4efe-a065-1c679cd74534"},"type":"SetVariable","inputs":{"name":"StackTrace","value":"@{outputs('GetResultOfTryScope')}"}},"Set_variable_URL":{"runAfter":{"Set_variable_HasError":["Succeeded"]},"metadata":{"operationMetadataId":"d46ac3c1-a9b1-4cb6-ab87-8dfb553236de"},"type":"SetVariable","inputs":{"name":"URL","value":"@{concat('https://australia.flow.microsoft.com/manage/environments/', outputs('GetCurrentWorkflow')['tags']['environmentName'], '/flows/', outputs('GetCurrentWorkflow')['name'], '/runs/', outputs('GetCurrentWorkflow')['run']['name'])}"}}},"runAfter":{"ScopeTry":["Failed","TimedOut"]},"metadata":{"operationMetadataId":"ff62f806-0564-49b7-8d51-8e1511de6c6b"},"type":"Scope"},"ScopeFinally":{"actions":{"Condition":{"actions":{"Create_Power_Automate_Log":{"runAfter":{},"metadata":{"operationMetadataId":"280b911f-2b44-439f-9800-c663cb3a50cc"},"type":"OpenApiConnection","inputs":{"host":{"connectionName":"shared_commondataserviceforapps_1","operationId":"CreateRecord","apiId":"/providers/Microsoft.PowerApps/apis/shared_commondataserviceforapps"},"parameters":{"entityName":"mcs_powerautomatelogs","item/mcs_name":"BSL Document","item/mcs_entityname":"mcs_bsldocument","item/mcs_errorstacktrace":"@if(greater(length(variables('StackTrace')), 100000), substring(variables('StackTrace'), 0, 100000), variables('StackTrace'))","item/mcs_recordid":"@triggerOutputs()?['body/mcs_bsldocumentid']","item/mcs_reccordname":"@triggerOutputs()?['body/mcs_documentnumber']","item/mcs_url":"@variables('URL')"},"authentication":"@parameters('$authentication')"}}},"runAfter":{},"expression":{"equals":["@variables('HasError')","@true"]},"metadata":{"operationMetadataId":"3f7f8f47-0f9c-4624-94b0-0cb2c8617258"},"type":"If"}},"runAfter":{"ScopeCatch":["Succeeded"]},"metadata":{"operationMetadataId":"e1d896bc-00df-41cb-aa74-d4340c51ac62"},"type":"Scope"}},"outputs":{}}},"schemaVersion":"1.0.0.0"}