{"properties":{"connectionReferences":{"shared_commondataserviceforapps_1":{"runtimeSource":"embedded","connection":{"connectionReferenceLogicalName":"mcs_bsldataverse1"},"api":{"name":"shared_commondataserviceforapps"}},"shared_sharepointonline_1":{"runtimeSource":"embedded","connection":{"connectionReferenceLogicalName":"mcs_sharepointonline"},"api":{"name":"shared_sharepointonline"}}},"definition":{"$schema":"https://schema.management.azure.com/providers/Microsoft.Logic/schemas/2016-06-01/workflowdefinition.json#","contentVersion":"1.0.0.0","parameters":{"$connections":{"defaultValue":{},"type":"Object"},"$authentication":{"defaultValue":{},"type":"SecureObject"},"SharePointSite":{"defaultValue":"https://bluescopeltd.sharepoint.com/sites/bsl-d365-portal-dev1","type":"String","metadata":{"schemaName":"mcs_sharepointsite"}}},"triggers":{"When_a_file_is_created_or_modified_in_a_folder":{"recurrence":{"interval":3,"frequency":"Minute"},"metadata":{"%252fSecure%2bDocuments":"/Secure Documents","operationMetadataId":"f64e3043-ca2c-47b5-b43d-6287437be5fd"},"type":"OpenApiConnection","inputs":{"host":{"connectionName":"shared_sharepointonline_1","operationId":"OnUpdatedFile","apiId":"/providers/Microsoft.PowerApps/apis/shared_sharepointonline"},"parameters":{"dataset":"@parameters('SharePointSite')","folderId":"%252fSecure%2bDocuments","inferContentType":true},"authentication":"@parameters('$authentication')"}}},"actions":{"Initialize_variable_FileName":{"runAfter":{"Initialize_variable_FullFileName":["Succeeded"]},"metadata":{"operationMetadataId":"5ff00ba7-bdb1-484a-99f0-725cda1a55f5"},"type":"InitializeVariable","inputs":{"variables":[{"name":"FileName","type":"string","value":"@{split(variables('FullFileName'),'BSLCPL_')[1]}"}]}},"Initialize_variable_FullFileName":{"runAfter":{"Initialize_variable_BSLDocumentLocationID":["Succeeded"]},"metadata":{"operationMetadataId":"0626aa16-202c-461c-8825-3b8c93f5b900"},"type":"InitializeVariable","inputs":{"variables":[{"name":"FullFileName","type":"string","value":"@base64ToString(triggerOutputs()?['headers/x-ms-file-name-encoded'])"}]}},"Initialize_variable_FileLength":{"runAfter":{"Initialize_variable_FileName":["Succeeded"]},"metadata":{"operationMetadataId":"0062d1bd-f1f0-4d39-b455-de550d5c9f42"},"type":"InitializeVariable","inputs":{"variables":[{"name":"FileLength","type":"integer","value":"@length(variables('FileName'))"}]}},"ScopeTry":{"actions":{"Condition":{"actions":{"Get_mcs_bsldocument_SP_Document_Location":{"runAfter":{},"metadata":{"operationMetadataId":"1018bee5-ae1d-46e8-ae8b-a0b5eeb5e115"},"type":"OpenApiConnection","inputs":{"host":{"connectionName":"shared_commondataserviceforapps_1","operationId":"ListRecords","apiId":"/providers/Microsoft.PowerApps/apis/shared_commondataserviceforapps"},"parameters":{"entityName":"sharepointdocumentlocations","$filter":"relativeurl eq 'mcs_bsldocument'","$top":1},"authentication":"@parameters('$authentication')"}},"Check_if_BSLDocument_entity_has_a_valid_SP_Folder":{"actions":{"Set_variable_FullfileName_removing_fileextension":{"runAfter":{},"metadata":{"operationMetadataId":"507f9f88-c4e6-45fe-986a-c79b077ecf9f"},"type":"SetVariable","inputs":{"name":"FullFileName","value":"@{substring(variables('FileName'),0,sub(variables('FileLength'),11))}"},"description":"The standard naming convention for Pricelists is different to what we were initially expecting and now the suffix will have a space in the date between the month and year as, _APR 21, MAY 21, _JUN 21."},"Get_File_Name":{"runAfter":{"Set_variable_FullfileName_removing_fileextension":["Succeeded"]},"metadata":{"operationMetadataId":"f42aaf3d-7ac0-40fe-beff-00c176515e77"},"type":"Compose","inputs":"@replace(variables('FullFileName'),'''','''''')"},"Get_BSL_Documents":{"runAfter":{"Apply_to_each":["Succeeded"]},"metadata":{"operationMetadataId":"bd77e1c3-380f-4233-9915-8226b535f87f"},"type":"OpenApiConnection","inputs":{"host":{"connectionName":"shared_commondataserviceforapps_1","operationId":"ListRecords","apiId":"/providers/Microsoft.PowerApps/apis/shared_commondataserviceforapps"},"parameters":{"entityName":"mcs_bsldocuments","$filter":"statecode eq 0 and mcs_name eq '@{outputs('Get_File_Name')}'","$top":1},"authentication":"@parameters('$authentication')"}},"Condition_Check_if_any_BSL_Document_is_returned_for_the_File_Name":{"actions":{"Get_Document_Location_for_BSL_Documents":{"runAfter":{},"metadata":{"operationMetadataId":"8e053be0-871a-46c0-9f94-edba1e7f9f2e"},"type":"OpenApiConnection","inputs":{"host":{"connectionName":"shared_commondataserviceforapps_1","operationId":"ListRecords","apiId":"/providers/Microsoft.PowerApps/apis/shared_commondataserviceforapps"},"parameters":{"entityName":"sharepointdocumentlocations","$filter":"_regardingobjectid_value eq @{body('Get_BSL_Documents')?['value'][0]?['mcs_bsldocumentid']}","$top":1},"authentication":"@parameters('$authentication')"}},"Condition_Check_for_Valid_Document_Location_against_BSL_document":{"actions":{"Apply_to_each_BSL_Document_returned":{"foreach":"@outputs('Get_BSL_Documents')?['body/value']","actions":{"Create_file_3":{"runAfter":{"Create_new_Document_Location_mapped_folder_in_SP":["Succeeded"]},"metadata":{"operationMetadataId":"d9200111-5358-4d33-8331-11eeadec60f1"},"type":"OpenApiConnection","inputs":{"host":{"connectionName":"shared_sharepointonline_1","operationId":"CreateFile","apiId":"/providers/Microsoft.PowerApps/apis/shared_sharepointonline"},"parameters":{"dataset":"@parameters('SharePointSite')","folderPath":"@concat(body('Create_new_Document_Location_mapped_folder_in_SP')?['{Path}'], body('Create_new_Document_Location_mapped_folder_in_SP')?['{Name}'])","name":"@triggerOutputs()?['headers/x-ms-file-name-encoded']","body":"@triggerOutputs()?['body']"},"authentication":"@parameters('$authentication')"},"runtimeConfiguration":{"contentTransfer":{"transferMode":"Chunked"}}},"Create_New_Document_Location":{"runAfter":{"Apply_to_each_Invalid_Character":["Succeeded"]},"metadata":{"operationMetadataId":"67085e3c-e688-4506-b004-4b71d3649553"},"type":"OpenApiConnection","inputs":{"host":{"connectionName":"shared_commondataserviceforapps_1","operationId":"CreateRecord","apiId":"/providers/Microsoft.PowerApps/apis/shared_commondataserviceforapps"},"parameters":{"entityName":"sharepointdocumentlocations","item/name":"@variables('SanitizedDocumentLocationName')","item/servicetype":0,"item/locationtype":0,"item/parentsiteorlocation_sharepointdocumentlocation@odata.bind":"sharepointdocumentlocations(@{variables('BSLDocumentLocationID')})","item/regardingobjectid_mcs_bsldocument@odata.bind":"mcs_bsldocuments(@{items('Apply_to_each_BSL_Document_returned')?['mcs_bsldocumentid']})","item/relativeurl":"@{variables('SanitizedDocumentLocationName')}_@{variables('BSLDocumentID')}"},"authentication":"@parameters('$authentication')"}},"Create_new_Document_Location_mapped_folder_in_SP":{"runAfter":{"Create_New_Document_Location":["Succeeded"]},"metadata":{"operationMetadataId":"1b0cdae6-aea4-4f1b-b0ae-2c2e96fd581a"},"type":"OpenApiConnection","inputs":{"host":{"connectionName":"shared_sharepointonline_1","operationId":"CreateNewFolder","apiId":"/providers/Microsoft.PowerApps/apis/shared_sharepointonline"},"parameters":{"dataset":"@parameters('SharePointSite')","table":"b980cb6a-216f-48d7-a522-6a21687a6ed3","parameters/path":"@{variables('SanitizedDocumentLocationName')}_@{variables('BSLDocumentID')}"},"authentication":"@parameters('$authentication')"}},"Apply_to_each_Invalid_Character":{"foreach":"@variables('InvalidCharacters')","actions":{"Replace_Invalid_Character":{"runAfter":{},"metadata":{"operationMetadataId":"a175817c-dfce-45da-8646-48292bb96564"},"type":"Compose","inputs":"@replace(variables('SanitizedDocumentLocationName'),items('Apply_to_each_Invalid_Character'),'-')"},"Set_variable_SanitizedDocumentLocationName_with_replaced_character":{"runAfter":{"Replace_Invalid_Character":["Succeeded"]},"metadata":{"operationMetadataId":"c0ff8667-5768-4adb-bbc9-f5431672a022"},"type":"SetVariable","inputs":{"name":"SanitizedDocumentLocationName","value":"@{outputs('Replace_Invalid_Character')}"}}},"runAfter":{"Set_variable_SanitizedDocumentLocationName":["Succeeded"]},"metadata":{"operationMetadataId":"2552153a-0381-4997-a4e0-acdbdf643ca7"},"type":"Foreach"},"Set_variable_SanitizedDocumentLocationName":{"runAfter":{},"metadata":{"operationMetadataId":"bfb088a6-1bb7-464e-ae82-c92487f9536d"},"type":"SetVariable","inputs":{"name":"SanitizedDocumentLocationName","value":"@items('Apply_to_each_BSL_Document_returned')?['mcs_name']"}}},"runAfter":{},"metadata":{"operationMetadataId":"d7124fab-6306-4cf4-ad58-d0b95f7da2f0"},"type":"Foreach"}},"runAfter":{"Set_variable_BSLDocumentID":["Succeeded"]},"else":{"actions":{"Apply_to_each_3":{"foreach":"@outputs('Get_Document_Location_for_BSL_Documents')?['body/value']","actions":{"Create_file_2":{"runAfter":{},"metadata":{"operationMetadataId":"e00c8687-fb01-462c-bd23-03ffb29a56ae"},"type":"OpenApiConnection","inputs":{"host":{"connectionName":"shared_sharepointonline_1","operationId":"CreateFile","apiId":"/providers/Microsoft.PowerApps/apis/shared_sharepointonline"},"parameters":{"dataset":"@parameters('SharePointSite')","folderPath":"/mcs_bsldocument/@{items('Apply_to_each_3')?['relativeurl']}","name":"@triggerOutputs()?['headers/x-ms-file-name-encoded']","body":"@triggerOutputs()?['body']"},"authentication":"@parameters('$authentication')"},"runtimeConfiguration":{"contentTransfer":{"transferMode":"Chunked"}}}},"runAfter":{},"metadata":{"operationMetadataId":"b37d5759-7f1f-4b34-878b-1f82bf5d6464"},"type":"Foreach","description":"onl","runtimeConfiguration":{"concurrency":{"repetitions":1}}}}},"expression":{"equals":["@empty(outputs('Get_Document_Location_for_BSL_Documents')?['body/value'])",true]},"metadata":{"operationMetadataId":"7df2763f-5da3-4206-b9ca-02c69113dac5"},"type":"If"},"Move_file":{"runAfter":{"Condition_Check_for_Valid_Document_Location_against_BSL_document":["Succeeded"]},"metadata":{"operationMetadataId":"bf764818-a87e-461c-b80a-d57679e87476"},"type":"OpenApiConnection","inputs":{"host":{"connectionName":"shared_sharepointonline_1","operationId":"MoveFileAsync","apiId":"/providers/Microsoft.PowerApps/apis/shared_sharepointonline"},"parameters":{"dataset":"@parameters('SharePointSite')","parameters/sourceFileId":"@triggerOutputs()?['headers/x-ms-file-id']","parameters/destinationDataset":"@parameters('SharePointSite')","parameters/destinationFolderPath":"/Archived Secured Documents","parameters/nameConflictBehavior":1},"authentication":"@parameters('$authentication')"}},"Set_variable_BSLDocumentID":{"runAfter":{"Get_Document_Location_for_BSL_Documents":["Succeeded"]},"metadata":{"operationMetadataId":"ab67e5d7-91e8-44c7-b473-a1b75648c368"},"type":"SetVariable","inputs":{"name":"BSLDocumentID","value":"@{toUpper(replace(body('Get_BSL_Documents')?['value'][0]?['mcs_bsldocumentid'],'-',''))}"}}},"runAfter":{"Get_BSL_Documents":["Succeeded"]},"expression":{"equals":["@empty(outputs('Get_BSL_Documents')?['body/value'])",false]},"metadata":{"operationMetadataId":"03cae99c-2008-462e-bde7-16221417ef0d"},"type":"If"},"Apply_to_each":{"foreach":"@outputs('Get_mcs_bsldocument_SP_Document_Location')?['body/value']","actions":{"Set_variable_BSLDocumentLocationID":{"runAfter":{},"metadata":{"operationMetadataId":"00f12c70-c394-45fc-8e73-6922773d0f6f"},"type":"SetVariable","inputs":{"name":"BSLDocumentLocationID","value":"@items('Apply_to_each')?['sharepointdocumentlocationid']"}}},"runAfter":{"Get_File_Name":["Succeeded"]},"metadata":{"operationMetadataId":"ed18286c-d180-43cb-a96c-abd2c924fcdc"},"type":"Foreach"}},"runAfter":{"Get_mcs_bsldocument_SP_Document_Location":["Succeeded"]},"else":{"actions":{"Terminate":{"runAfter":{},"metadata":{"operationMetadataId":"8010e998-24c2-4925-a423-4a0c92590a0d"},"type":"Terminate","inputs":{"runStatus":"Failed","runError":{"message":"SharePoint is not configured BSL Document"}}}}},"expression":{"greater":["@length(outputs('Get_mcs_bsldocument_SP_Document_Location')?['body/value'])",0]},"metadata":{"operationMetadataId":"389631ee-2bd7-4640-b8be-31f245746a68"},"type":"If"}},"runAfter":{},"expression":{"startsWith":["@variables('FullFileName')","BSLCPL_"]},"metadata":{"operationMetadataId":"792ce1be-8e1a-4469-bce2-6a5e17303fe8"},"type":"If"}},"runAfter":{"Initialize_variable_URL":["Succeeded"]},"metadata":{"operationMetadataId":"2ffefd9b-01bd-4608-b4c2-6e89a61a5ff5"},"type":"Scope"},"ScopeCatch":{"actions":{"GetCurrentWorkflow":{"runAfter":{},"metadata":{"operationMetadataId":"c7fd1df3-85ab-41b8-bcd3-c3a05cc5ab84"},"type":"Compose","inputs":"@workflow()"},"Set_variable_HasError":{"runAfter":{"GetCurrentWorkflow":["Succeeded"]},"metadata":{"operationMetadataId":"2381bc2f-5cb5-46f1-bd58-ce46cd45f632"},"type":"SetVariable","inputs":{"name":"HasError","value":"@true"}},"GetResultOfTryScope":{"runAfter":{"Set_variable_URL":["Succeeded"]},"metadata":{"operationMetadataId":"dcfd9e9c-fe19-47f5-9993-f160b7a4dc52"},"type":"Compose","inputs":"@result('ScopeTry')"},"Set_variable_StackTrace":{"runAfter":{"GetResultOfTryScope":["Succeeded"]},"metadata":{"operationMetadataId":"a9007b05-58f6-454d-a718-0b07bf8940a7"},"type":"SetVariable","inputs":{"name":"StackTrace","value":"@{outputs('GetResultOfTryScope')}"}},"Set_variable_URL":{"runAfter":{"Set_variable_HasError":["Succeeded"]},"metadata":{"operationMetadataId":"d5409e16-b9b4-4ea6-8db5-817a15e236ed"},"type":"SetVariable","inputs":{"name":"URL","value":"@{concat('https://australia.flow.microsoft.com/manage/environments/', outputs('GetCurrentWorkflow')['tags']['environmentName'], '/flows/', outputs('GetCurrentWorkflow')['name'], '/runs/', outputs('GetCurrentWorkflow')['run']['name'])}"}}},"runAfter":{"ScopeTry":["Failed","TimedOut"]},"metadata":{"operationMetadataId":"597fbab8-1d2a-411e-a4d7-956a1264b283"},"type":"Scope"},"Initialize_variable_HasError":{"runAfter":{"Initialize_variable_SanitizedDocumentLocationName":["Succeeded"]},"metadata":{"operationMetadataId":"c67c7590-729a-440a-b007-f6245d011538"},"type":"InitializeVariable","inputs":{"variables":[{"name":"HasError","type":"boolean","value":"@false"}]}},"Initialize_variable_StackTrace":{"runAfter":{"Initialize_variable_HasError":["Succeeded"]},"metadata":{"operationMetadataId":"6d9ad3d8-f722-414e-b24e-b0429fc1c7e3"},"type":"InitializeVariable","inputs":{"variables":[{"name":"StackTrace","type":"string"}]}},"Initialize_variable_URL":{"runAfter":{"Initialize_variable_StackTrace":["Succeeded"]},"metadata":{"operationMetadataId":"9bb326c5-9bb5-419a-85f8-7477e8e0b8c5"},"type":"InitializeVariable","inputs":{"variables":[{"name":"URL","type":"string"}]}},"ScopeFinally":{"actions":{"Condition_2":{"actions":{"Create_Power_Automate_Log":{"runAfter":{},"metadata":{"operationMetadataId":"25e66f91-d535-449a-a0f3-a3d25d532db9"},"type":"OpenApiConnection","inputs":{"host":{"connectionName":"shared_commondataserviceforapps_1","operationId":"CreateRecord","apiId":"/providers/Microsoft.PowerApps/apis/shared_commondataserviceforapps"},"parameters":{"entityName":"mcs_powerautomatelogs","item/mcs_name":"SecureDocument","item/mcs_entityname":"mcs_bsldocument","item/mcs_errorstacktrace":"@if(greater(length(variables('StackTrace')), 100000), substring(variables('StackTrace'), 0, 100000), variables('StackTrace'))","item/mcs_url":"@variables('URL')"},"authentication":"@parameters('$authentication')"}}},"runAfter":{},"expression":{"equals":["@variables('HasError')","@true"]},"metadata":{"operationMetadataId":"00e0ffba-00a4-4157-9478-6f311de1987b"},"type":"If"}},"runAfter":{"ScopeCatch":["Succeeded"]},"metadata":{"operationMetadataId":"5e1c5b3c-397e-4a18-a36b-1e5801f740e0"},"type":"Scope"},"Initialize_variable_BSLDocumentID":{"runAfter":{},"metadata":{"operationMetadataId":"f00b4565-2044-47a5-8bfc-2b74d4b18672"},"type":"InitializeVariable","inputs":{"variables":[{"name":"BSLDocumentID","type":"string"}]}},"Initialize_variable_BSLDocumentLocationID":{"runAfter":{"Initialize_variable_BSLDocumentID":["Succeeded"]},"metadata":{"operationMetadataId":"35682b77-3bbe-425d-b0e9-8c88904b6a22"},"type":"InitializeVariable","inputs":{"variables":[{"name":"BSLDocumentLocationID","type":"string"}]}},"Initialize_variable_InvalidCharacters":{"runAfter":{"Initialize_variable_FileLength":["Succeeded"]},"metadata":{"operationMetadataId":"d2b24f1a-06a0-4eb8-b2b0-095e9eb4bae8"},"type":"InitializeVariable","inputs":{"variables":[{"name":"InvalidCharacters","type":"array","value":"@createArray('~','#','%','&','*',':','<','>','?','{','|','}','.','\\','/')"}]},"description":"an array of invalid characters that cannot be used as document location '~','#','%','&','*',':','<','>','?','{','|','}','.','\\','/'"},"Initialize_variable_SanitizedDocumentLocationName":{"runAfter":{"Initialize_variable_InvalidCharacters":["Succeeded"]},"metadata":{"operationMetadataId":"97ecf1da-11da-4f6f-bc52-2c8d94cfa423"},"type":"InitializeVariable","inputs":{"variables":[{"name":"SanitizedDocumentLocationName","type":"string"}]}}},"outputs":{}}},"schemaVersion":"1.0.0.0"}