{"properties":{"connectionReferences":{"shared_commondataserviceforapps_1":{"runtimeSource":"embedded","connection":{"connectionReferenceLogicalName":"mcs_bsldataverse1"},"api":{"name":"shared_commondataserviceforapps"}}},"definition":{"$schema":"https://schema.management.azure.com/providers/Microsoft.Logic/schemas/2016-06-01/workflowdefinition.json#","contentVersion":"1.0.0.0","parameters":{"$connections":{"defaultValue":{},"type":"Object"},"$authentication":{"defaultValue":{},"type":"SecureObject"}},"triggers":{"manual":{"metadata":{"operationMetadataId":"6a655562-7578-4d52-aef9-ba1f6af76323"},"type":"Request","kind":"PowerApp","inputs":{"schema":{"type":"object","properties":{},"required":[]}}}},"actions":{"Initialize_variable_BlobStorageAccount":{"runAfter":{},"metadata":{"operationMetadataId":"13c75fdb-b93c-421d-a1a4-77f4e331aaa3"},"type":"InitializeVariable","inputs":{"variables":[{"name":"BlobStorageAccount","type":"string"}]}},"Get_Environment_Variable_BlobStorageAccount":{"runAfter":{"Initialize_variable_DestinationBlobFolder":["Succeeded"]},"metadata":{"operationMetadataId":"273cbd09-2535-4b93-a178-0b548ddf79a1"},"type":"OpenApiConnection","inputs":{"host":{"connectionName":"shared_commondataserviceforapps_1","operationId":"ListRecords","apiId":"/providers/Microsoft.PowerApps/apis/shared_commondataserviceforapps"},"parameters":{"entityName":"environmentvariabledefinitions","$filter":"schemaname eq 'mcs_blobstorageaccount'","$top":1},"authentication":"@parameters('$authentication')"}},"Apply_to_each_BlobStorageAccount":{"foreach":"@outputs('Get_Environment_Variable_BlobStorageAccount')?['body/value']","actions":{"Set_variable_BlobStorageAccount":{"runAfter":{},"metadata":{"operationMetadataId":"08bea07c-a6df-4799-b416-4a25cb8c558e"},"type":"SetVariable","inputs":{"name":"BlobStorageAccount","value":"@items('Apply_to_each_BlobStorageAccount')?['defaultvalue']"}},"Get_Environment_Variables_Value_BlobStorageAccount":{"runAfter":{"Set_variable_BlobStorageAccount":["Succeeded"]},"metadata":{"operationMetadataId":"b5d9d27b-a687-4e13-b190-491d8ace069d"},"type":"OpenApiConnection","inputs":{"host":{"connectionName":"shared_commondataserviceforapps_1","operationId":"ListRecords","apiId":"/providers/Microsoft.PowerApps/apis/shared_commondataserviceforapps"},"parameters":{"entityName":"environmentvariablevalues","$filter":"_environmentvariabledefinitionid_value eq @{items('Apply_to_each_BlobStorageAccount')?['environmentvariabledefinitionid']}","$top":1},"authentication":"@parameters('$authentication')"}},"Apply_to_each_BlobStorageAccount_Value":{"foreach":"@outputs('Get_Environment_Variables_Value_BlobStorageAccount')?['body/value']","actions":{"Set_variable_BlobStorageAccount_Value":{"runAfter":{},"metadata":{"operationMetadataId":"fdeade7b-cd8f-4da4-81f6-673d06cc91f6"},"type":"SetVariable","inputs":{"name":"BlobStorageAccount","value":"@items('Apply_to_each_BlobStorageAccount_Value')?['value']"}}},"runAfter":{"Get_Environment_Variables_Value_BlobStorageAccount":["Succeeded"]},"metadata":{"operationMetadataId":"6e9c16ec-9f7f-4e06-8382-33652c2a2dcf"},"type":"Foreach","runtimeConfiguration":{"concurrency":{"repetitions":1}}}},"runAfter":{"Get_Environment_Variable_BlobStorageAccount":["Succeeded"]},"metadata":{"operationMetadataId":"748a371c-b17a-45a9-8f64-cd6d3e38c058"},"type":"Foreach","runtimeConfiguration":{"concurrency":{"repetitions":1}}},"Initialize_variable_DestinationBlobFolder":{"runAfter":{"Initialize_variable_BlobStorageAccount":["Succeeded"]},"metadata":{"operationMetadataId":"93c129c6-1370-486a-9dc5-71117149c6c9"},"type":"InitializeVariable","inputs":{"variables":[{"name":"DestinationBlobFolder","type":"string"}]}},"Get_Environment_Variables_DestinationBlobFolder":{"runAfter":{"Apply_to_each_BlobStorageAccount":["Succeeded"]},"metadata":{"operationMetadataId":"313d378c-da9b-491e-ac14-b5a31702614b"},"type":"OpenApiConnection","inputs":{"host":{"connectionName":"shared_commondataserviceforapps_1","operationId":"ListRecords","apiId":"/providers/Microsoft.PowerApps/apis/shared_commondataserviceforapps"},"parameters":{"entityName":"environmentvariabledefinitions","$filter":"schemaname eq 'mcs_destinationblobfolder'","$top":1},"authentication":"@parameters('$authentication')"}},"Apply_to_each_DestinationBlobFolder":{"foreach":"@outputs('Get_Environment_Variables_DestinationBlobFolder')?['body/value']","actions":{"Set_variable_DestinationBlobFolder":{"runAfter":{},"metadata":{"operationMetadataId":"5a280d0f-7d27-4410-a1a9-aeb42f2bcaa3"},"type":"SetVariable","inputs":{"name":"DestinationBlobFolder","value":"@items('Apply_to_each_DestinationBlobFolder')?['defaultvalue']"}},"Get_EnvironmentVariables_Value_DestinationBlobFolder":{"runAfter":{"Set_variable_DestinationBlobFolder":["Succeeded"]},"metadata":{"operationMetadataId":"979e0762-ca4a-4aa1-93f2-10f7a431c754"},"type":"OpenApiConnection","inputs":{"host":{"connectionName":"shared_commondataserviceforapps_1","operationId":"ListRecords","apiId":"/providers/Microsoft.PowerApps/apis/shared_commondataserviceforapps"},"parameters":{"entityName":"environmentvariablevalues","$filter":"_environmentvariabledefinitionid_value eq @{items('Apply_to_each_DestinationBlobFolder')?['environmentvariabledefinitionid']}","$top":1},"authentication":"@parameters('$authentication')"}},"Apply_to_each_DestinationBlobFolder_Value":{"foreach":"@outputs('Get_EnvironmentVariables_Value_DestinationBlobFolder')?['body/value']","actions":{"Set_variable_DestinationBlobFolder_Value":{"runAfter":{},"metadata":{"operationMetadataId":"97cd6d4c-cae6-4af4-9ec3-ef7c6599724c"},"type":"SetVariable","inputs":{"name":"DestinationBlobFolder","value":"@items('Apply_to_each_DestinationBlobFolder_Value')?['value']"}}},"runAfter":{"Get_EnvironmentVariables_Value_DestinationBlobFolder":["Succeeded"]},"metadata":{"operationMetadataId":"4296dacc-8eca-4a02-9843-0504f32a233d"},"type":"Foreach","runtimeConfiguration":{"concurrency":{"repetitions":1}}}},"runAfter":{"Get_Environment_Variables_DestinationBlobFolder":["Succeeded"]},"metadata":{"operationMetadataId":"018d0d9c-1161-4a1a-9a99-91bf2b2564df"},"type":"Foreach","runtimeConfiguration":{"concurrency":{"repetitions":1}}},"Respond_to_a_PowerApp_or_flow":{"runAfter":{"Apply_to_each_DestinationBlobFolder":["Succeeded"]},"metadata":{"operationMetadataId":"b5210a20-f05b-4b58-bf5b-e86219256d06"},"type":"Response","kind":"PowerApp","inputs":{"statusCode":200,"body":{"blobstorageaccount":"@variables('BlobStorageAccount')","destinationblobfolder":"@variables('DestinationBlobFolder')"},"schema":{"type":"object","properties":{"blobstorageaccount":{"title":"BlobStorageAccount","x-ms-dynamically-added":true,"type":"string"},"destinationblobfolder":{"title":"DestinationBlobFolder","x-ms-dynamically-added":true,"type":"string"}}}}}},"outputs":{}}},"schemaVersion":"1.0.0.0"}