{"properties":{"connectionReferences":{"shared_commondataserviceforapps":{"runtimeSource":"embedded","connection":{},"api":{"name":"shared_commondataserviceforapps"}}},"definition":{"$schema":"https://schema.management.azure.com/providers/Microsoft.Logic/schemas/2016-06-01/workflowdefinition.json#","contentVersion":"1.0.0.0","parameters":{"$connections":{"defaultValue":{},"type":"Object"},"$authentication":{"defaultValue":{},"type":"SecureObject"}},"triggers":{"When_a_Contact_is_created":{"type":"OpenApiConnectionWebhook","inputs":{"host":{"connectionName":"shared_commondataserviceforapps","operationId":"SubscribeWebhookTrigger","apiId":"/providers/Microsoft.PowerApps/apis/shared_commondataserviceforapps"},"parameters":{"subscriptionRequest/message":1,"subscriptionRequest/entityname":"contact","subscriptionRequest/scope":4,"subscriptionRequest/filterexpression":"mcs_associatedwebroles ne null"},"authentication":"@parameters('$authentication')"},"description":"Check for mcs_associatedwebroles whether it has some value. This will have comma separated values for Customers. The code logic should split the mcs_associatedwebroles field and establish a relationship between a Contact and a Customer"}},"actions":{"Initialize_variable_HasError":{"runAfter":{},"type":"InitializeVariable","inputs":{"variables":[{"name":"HasError","type":"boolean","value":"@false"}]}},"Initialize_variable_StackTrace":{"runAfter":{"Initialize_variable_HasError":["Succeeded"]},"type":"InitializeVariable","inputs":{"variables":[{"name":"StackTrace","type":"string"}]}},"Initialize_variable_URL":{"runAfter":{"Initialize_variable_StackTrace":["Succeeded"]},"type":"InitializeVariable","inputs":{"variables":[{"name":"URL","type":"string"}]}},"ScopeTry":{"actions":{"Check_if_mcs_associatedwebroles_has_value":{"actions":{"Split_field_mcs_associatedwebroles_by_comma":{"runAfter":{},"type":"Compose","inputs":"@split(triggerOutputs()?['body/mcs_associatedwebroles'],',')"},"Apply_to_each_item_of_array":{"foreach":"@outputs('Split_field_mcs_associatedwebroles_by_comma')","actions":{"Get_WebRoles_by_Name":{"runAfter":{},"type":"OpenApiConnection","inputs":{"host":{"connectionName":"shared_commondataserviceforapps","operationId":"ListRecords","apiId":"/providers/Microsoft.PowerApps/apis/shared_commondataserviceforapps"},"parameters":{"entityName":"adx_webroles","fetchXml":"<fetch version=\"1.0\" output-format=\"xml-platform\" mapping=\"logical\" distinct=\"false\">\n  <entity name=\"adx_webrole\">\n\t<attribute name=\"adx_webroleid\" />\n\t<attribute name=\"adx_name\" />\n\t<attribute name=\"createdon\" />\n\t<order attribute=\"adx_name\" descending=\"false\" />\n\t<filter type=\"and\">\n\t  <condition attribute=\"adx_name\" operator=\"eq\" value=\"@{items('Apply_to_each_item_of_array')}\" />\n\t</filter>\n  </entity>\n</fetch>","$top":1},"authentication":"@parameters('$authentication')"}},"Apply_to_each_Web_Role_record":{"foreach":"@outputs('Get_WebRoles_by_Name')?['body/value']","actions":{"Establish_Relationship_between_Web_role_and_Contact":{"runAfter":{},"type":"OpenApiConnection","inputs":{"host":{"connectionName":"shared_commondataserviceforapps","operationId":"AssociateEntities","apiId":"/providers/Microsoft.PowerApps/apis/shared_commondataserviceforapps"},"parameters":{"entityName":"contacts","recordId":"@triggerOutputs()?['body/contactid']","associationEntityRelationship":"adx_webrole_contact","item/@odata.id":"@items('Apply_to_each_Web_Role_record')?['@odata.id']"},"authentication":"@parameters('$authentication')"}}},"runAfter":{"Get_WebRoles_by_Name":["Succeeded"]},"type":"Foreach"}},"runAfter":{"Split_field_mcs_associatedwebroles_by_comma":["Succeeded"]},"type":"Foreach"}},"runAfter":{},"expression":{"equals":["@empty(triggerOutputs()?['body/mcs_associatedwebroles'])","@false"]},"type":"If"}},"runAfter":{"Initialize_variable_URL":["Succeeded"]},"type":"Scope"},"ScopeCatch":{"actions":{"GetCurrentWorkflow":{"runAfter":{},"type":"Compose","inputs":"@workflow()"},"Set_variable_HasError":{"runAfter":{"GetCurrentWorkflow":["Succeeded"]},"type":"SetVariable","inputs":{"name":"HasError","value":"@true"}},"GetResultOfTryScope":{"runAfter":{"Set_variable_URL":["Succeeded"]},"type":"Compose","inputs":"@result('ScopeTry')"},"Set_variable_StackTrace":{"runAfter":{"GetResultOfTryScope":["Succeeded"]},"type":"SetVariable","inputs":{"name":"StackTrace","value":"@{outputs('GetResultOfTryScope')}"}},"Set_variable_URL":{"runAfter":{"Set_variable_HasError":["Succeeded"]},"type":"SetVariable","inputs":{"name":"URL","value":"@{concat('https://australia.flow.microsoft.com/manage/environments/', outputs('GetCurrentWorkflow')['tags']['environmentName'], '/flows/', outputs('GetCurrentWorkflow')['name'], '/runs/', outputs('GetCurrentWorkflow')['run']['name'])}"}}},"runAfter":{"ScopeTry":["Failed","TimedOut"]},"type":"Scope"},"ScopeFinally":{"actions":{"Condition":{"actions":{"Create_Power_Automate_Log":{"runAfter":{},"type":"OpenApiConnection","inputs":{"host":{"connectionName":"shared_commondataserviceforapps","operationId":"CreateRecord","apiId":"/providers/Microsoft.PowerApps/apis/shared_commondataserviceforapps"},"parameters":{"entityName":"mcs_powerautomatelogs","item/mcs_name":"Contact - Web Roles","item/mcs_entityname":"contact","item/mcs_errorstacktrace":"@if(greater(length(variables('StackTrace')), 100000), substring(variables('StackTrace'), 0, 100000), variables('StackTrace'))","item/mcs_recordid":"@triggerOutputs()?['body/contactid']","item/mcs_reccordname":"@triggerOutputs()?['body/fullname']","item/mcs_url":"@variables('URL')"},"authentication":"@parameters('$authentication')"}}},"runAfter":{},"expression":{"equals":["@variables('HasError')","@true"]},"type":"If"}},"runAfter":{"ScopeCatch":["Succeeded"]},"type":"Scope"}},"outputs":{}}},"schemaVersion":"1.0.0.0"}