{"properties":{"connectionReferences":{"shared_azuread_1":{"runtimeSource":"embedded","connection":{"connectionReferenceLogicalName":"mcs_azuread"},"api":{"name":"shared_azuread"}},"shared_commondataserviceforapps_1":{"runtimeSource":"embedded","connection":{"connectionReferenceLogicalName":"mcs_bsldataverse1"},"api":{"name":"shared_commondataserviceforapps"}},"shared_keyvault_1":{"runtimeSource":"embedded","connection":{"connectionReferenceLogicalName":"mcs_azurekeyvault"},"api":{"name":"shared_keyvault"}}},"definition":{"$schema":"https://schema.management.azure.com/providers/Microsoft.Logic/schemas/2016-06-01/workflowdefinition.json#","contentVersion":"1.0.0.0","parameters":{"$connections":{"defaultValue":{},"type":"Object"},"$authentication":{"defaultValue":{},"type":"SecureObject"}},"triggers":{"When_a_contact_is_created,_updated_":{"metadata":{"operationMetadataId":"5885bbee-ce94-4602-b222-46110a630c6b"},"type":"OpenApiConnectionWebhook","inputs":{"host":{"connectionName":"shared_commondataserviceforapps_1","operationId":"SubscribeWebhookTrigger","apiId":"/providers/Microsoft.PowerApps/apis/shared_commondataserviceforapps"},"parameters":{"subscriptionRequest/message":4,"subscriptionRequest/entityname":"contact","subscriptionRequest/scope":4,"subscriptionRequest/filteringattributes":"mcs_isapprovedasportaluser","subscriptionRequest/filterexpression":"mcs_isapprovedasportaluser eq true","subscriptionRequest/name":"2aaa77ae-089f-ea11-a812-000d3ad199e2"},"authentication":"@parameters('$authentication')"}}},"actions":{"Initialize_variable_PrincipalID":{"runAfter":{},"metadata":{"operationMetadataId":"3473d068-1ac5-4b6f-b4b5-9b720fc7810f"},"type":"InitializeVariable","inputs":{"variables":[{"name":"PrincipalID","type":"string"}]}},"ScopeTry":{"actions":{"Parse_JSON":{"runAfter":{"Call_Azure_Graph_API":["Succeeded"]},"metadata":{"operationMetadataId":"a51266b6-cac6-4da5-939c-9506aba55082"},"type":"ParseJson","inputs":{"content":"@body('Call_Azure_Graph_API')","schema":{"properties":{"@@odata.context":{"type":"string"},"value":{"items":{"properties":{"businessPhones":{"type":"array"},"displayName":{"type":"string"},"givenName":{},"id":{"type":"string"},"jobTitle":{},"mail":{"type":"string"},"mobilePhone":{},"officeLocation":{},"preferredLanguage":{},"surname":{},"userPrincipalName":{"type":"string"}},"required":["businessPhones","displayName","givenName","jobTitle","mail","mobilePhone","officeLocation","preferredLanguage","surname","userPrincipalName","id"],"type":"object"},"type":"array"}},"type":"object"}}},"Apply_to_each":{"foreach":"@body('Parse_JSON')?['value']","actions":{"Set_variable_PrincipalID":{"runAfter":{},"metadata":{"operationMetadataId":"b4514f17-b7ed-4d82-a7bc-63331b3ab629"},"type":"SetVariable","inputs":{"name":"PrincipalID","value":"@items('Apply_to_each')?['id']"}},"Check_if_PrincipalID_is_empty":{"actions":{"Get_user_by_PrincipalID":{"runAfter":{},"metadata":{"operationMetadataId":"060eaf08-99c1-43f5-8062-65d6ab249e7e"},"type":"OpenApiConnection","inputs":{"host":{"connectionName":"shared_azuread_1","operationId":"GetUser","apiId":"/providers/Microsoft.PowerApps/apis/shared_azuread"},"parameters":{"id":"@variables('PrincipalID')"},"authentication":"@parameters('$authentication')"}},"Condition_check_if_any_result_is_returned":{"actions":{"Update_contact_with_Portal_authentication_values":{"runAfter":{},"metadata":{"operationMetadataId":"7ce12dee-62c3-4cf3-8943-b946d8613bca"},"type":"OpenApiConnection","inputs":{"host":{"connectionName":"shared_commondataserviceforapps_1","operationId":"UpdateRecord","apiId":"/providers/Microsoft.PowerApps/apis/shared_commondataserviceforapps"},"parameters":{"entityName":"contacts","recordId":"@triggerOutputs()?['body/contactid']","item/adx_identity_emailaddress1confirmed":true,"item/adx_identity_lockoutenabled":true,"item/adx_identity_logonenabled":true,"item/adx_identity_username":"@outputs('Get_user_by_PrincipalID')?['body/id']","item/mcs_validationerror":"@null"},"authentication":"@parameters('$authentication')"}},"Create_External_Identity_record":{"runAfter":{"Update_contact_with_Portal_authentication_values":["Succeeded"]},"metadata":{"operationMetadataId":"be856a0c-2314-4412-b37b-1b2bd8ffcabc"},"type":"OpenApiConnection","inputs":{"host":{"connectionName":"shared_commondataserviceforapps_1","operationId":"CreateRecord","apiId":"/providers/Microsoft.PowerApps/apis/shared_commondataserviceforapps"},"parameters":{"entityName":"adx_externalidentities","item/adx_contactid@odata.bind":"/contacts(@{outputs('Update_contact_with_Portal_authentication_values')?['body/contactid']})","item/adx_identityprovidername":"https://sts.windows.net/@{outputs('Get_secret_-_Tenant_ID')?['body/value']}/","item/adx_username":"@outputs('Get_user_by_PrincipalID')?['body/id']"},"authentication":"@parameters('$authentication')"}}},"runAfter":{"Get_user_by_PrincipalID":["Succeeded"]},"else":{"actions":{"Update_a_record":{"runAfter":{},"metadata":{"operationMetadataId":"44b3b70d-aa0f-449e-aee1-d8b07a0544ce"},"type":"OpenApiConnection","inputs":{"host":{"connectionName":"shared_commondataserviceforapps_1","operationId":"UpdateRecord","apiId":"/providers/Microsoft.PowerApps/apis/shared_commondataserviceforapps"},"parameters":{"entityName":"contacts","recordId":"@triggerOutputs()?['body/contactid']","item/mcs_validationerror":"Unable to find corresponding Azure AD record"},"authentication":"@parameters('$authentication')"}}}},"expression":{"not":{"equals":["@empty(outputs('Get_user_by_PrincipalID')?['body'])",""]}},"metadata":{"operationMetadataId":"e342fd16-525d-44fb-9131-a907f9b24d07"},"type":"If"}},"runAfter":{"Set_variable_PrincipalID":["Succeeded"]},"expression":{"equals":["@empty(variables('PrincipalID'))","@false"]},"metadata":{"operationMetadataId":"a41f06e5-4a25-4c06-a09c-94cd8abe565f"},"type":"If"}},"runAfter":{"Parse_JSON":["Succeeded"]},"metadata":{"operationMetadataId":"8cd53737-d4db-46b7-a129-931402e44f1d"},"type":"Foreach"},"Get_secret_-_Graph_Client_ID":{"runAfter":{},"metadata":{"operationMetadataId":"ed211073-1dea-4580-8f5b-d62af845b00e"},"type":"OpenApiConnection","inputs":{"host":{"connectionName":"shared_keyvault_1","operationId":"GetSecret","apiId":"/providers/Microsoft.PowerApps/apis/shared_keyvault"},"parameters":{"secretName":"d365-ce-graphautomationapi-clientid"},"authentication":"@parameters('$authentication')"},"runtimeConfiguration":{"secureData":{"properties":["inputs","outputs"]}}},"Get_secret_-_Graph_Client_Secret":{"runAfter":{"Get_secret_-_Graph_Client_ID":["Succeeded"]},"metadata":{"operationMetadataId":"6b1a5d1b-ebee-4134-a165-3f6e65fc66ff"},"type":"OpenApiConnection","inputs":{"host":{"connectionName":"shared_keyvault_1","operationId":"GetSecret","apiId":"/providers/Microsoft.PowerApps/apis/shared_keyvault"},"parameters":{"secretName":"d365-ce-graphautomationapi-secret"},"authentication":"@parameters('$authentication')"},"runtimeConfiguration":{"secureData":{"properties":["inputs","outputs"]}}},"Get_secret_-_Tenant_ID":{"runAfter":{"Get_secret_-_Graph_Client_Secret":["Succeeded"]},"metadata":{"operationMetadataId":"03ebe9d0-3d41-4e06-98e0-089ccbeb7eb7"},"type":"OpenApiConnection","inputs":{"host":{"connectionName":"shared_keyvault_1","operationId":"GetSecret","apiId":"/providers/Microsoft.PowerApps/apis/shared_keyvault"},"parameters":{"secretName":"d365-ce-azuread-tenantid"},"authentication":"@parameters('$authentication')"},"runtimeConfiguration":{"secureData":{"properties":["inputs","outputs"]}}},"Call_Azure_Graph_API":{"runAfter":{"Get_secret_-_Tenant_ID":["Succeeded"]},"metadata":{"operationMetadataId":"d513758b-e3ec-4dc3-8a9a-12ceeceb34ea"},"type":"Http","inputs":{"method":"GET","uri":"https://graph.microsoft.com/v1.0/users/?$filter=mail eq '@{triggerOutputs()?['body/emailaddress1']}'","authentication":{"type":"ActiveDirectoryOAuth","tenant":"@outputs('Get_secret_-_Tenant_ID')?['body/value']","audience":"https://graph.microsoft.com","clientId":"@outputs('Get_secret_-_Graph_Client_ID')?['body/value']","secret":"@outputs('Get_secret_-_Graph_Client_Secret')?['body/value']"}}}},"runAfter":{"Initialize_variable_URL":["Succeeded"]},"metadata":{"operationMetadataId":"73089811-0b88-46e5-8426-0aa0b0a20278"},"type":"Scope"},"ScopeCatch":{"actions":{"GetCurrentWorkflow":{"runAfter":{},"metadata":{"operationMetadataId":"bedfebde-3cb5-4b9e-b617-78cf753f6a5f"},"type":"Compose","inputs":"@workflow()"},"Set_variable_HasError":{"runAfter":{"GetCurrentWorkflow":["Succeeded"]},"metadata":{"operationMetadataId":"f3ea28c2-b93b-4b1e-a5be-028a01d666bd"},"type":"SetVariable","inputs":{"name":"HasError","value":"@true"}},"GetResultOfTryScope":{"runAfter":{"Set_variable_URL":["Succeeded"]},"metadata":{"operationMetadataId":"017dc3a7-7408-4518-b95e-db99a85db649"},"type":"Compose","inputs":"@result('ScopeTry')\r\n"},"Set_variable_StackTrace":{"runAfter":{"GetResultOfTryScope":["Succeeded"]},"metadata":{"operationMetadataId":"82e9479f-45a9-403f-9a19-bf4fed392471"},"type":"SetVariable","inputs":{"name":"StackTrace","value":"@{outputs('GetResultOfTryScope')}"}},"Set_variable_URL":{"runAfter":{"Set_variable_HasError":["Succeeded"]},"metadata":{"operationMetadataId":"e5419017-291a-43c1-bc05-1b3648e274d2"},"type":"SetVariable","inputs":{"name":"URL","value":"@{concat('https://australia.flow.microsoft.com/manage/environments/', outputs('GetCurrentWorkflow')['tags']['environmentName'], '/flows/', outputs('GetCurrentWorkflow')['name'], '/runs/', outputs('GetCurrentWorkflow')['run']['name'])}"}}},"runAfter":{"ScopeTry":["Failed","TimedOut"]},"metadata":{"operationMetadataId":"ca600bd9-c19e-4030-97a2-e662cabc77ca"},"type":"Scope"},"ScopeFinally":{"actions":{"Condition":{"actions":{"Create_Power_Automate_Log":{"runAfter":{},"metadata":{"operationMetadataId":"3ba3c6e6-5457-476a-808a-bfe5c6b2b3ad"},"type":"OpenApiConnection","inputs":{"host":{"connectionName":"shared_commondataserviceforapps_1","operationId":"CreateRecord","apiId":"/providers/Microsoft.PowerApps/apis/shared_commondataserviceforapps"},"parameters":{"entityName":"mcs_powerautomatelogs","item/mcs_name":"Contact","item/mcs_entityname":"contact","item/mcs_errorstacktrace":"@if(greater(length(variables('StackTrace')),100000),substring(variables('StackTrace'),0,100000),variables('StackTrace'))","item/mcs_recordid":"@triggerOutputs()?['body/contactid']","item/mcs_reccordname":"@triggerOutputs()?['body/fullname']","item/mcs_url":"@variables('URL')"},"authentication":"@parameters('$authentication')"}}},"runAfter":{},"expression":{"equals":["@variables('HasError')","@true"]},"metadata":{"operationMetadataId":"0c8c00a0-665f-4cb7-b86c-fd0324292bb6"},"type":"If"}},"runAfter":{"ScopeCatch":["Succeeded"]},"metadata":{"operationMetadataId":"17f3a8d3-609d-4c33-aaa0-68c96ee138e8"},"type":"Scope"},"Initialize_variable_HasError":{"runAfter":{"Initialize_variable_PrincipalID":["Succeeded"]},"metadata":{"operationMetadataId":"cd638d49-bf8a-4369-80c9-310c32c0008c"},"type":"InitializeVariable","inputs":{"variables":[{"name":"HasError","type":"boolean","value":"@false"}]}},"Initialize_variable_StackTrace":{"runAfter":{"Initialize_variable_HasError":["Succeeded"]},"metadata":{"operationMetadataId":"31d46750-7d41-481c-9ddf-671e2d8f91f5"},"type":"InitializeVariable","inputs":{"variables":[{"name":"StackTrace","type":"string"}]}},"Initialize_variable_URL":{"runAfter":{"Initialize_variable_StackTrace":["Succeeded"]},"metadata":{"operationMetadataId":"e12950f3-da44-4850-8a01-9884cf63c397"},"type":"InitializeVariable","inputs":{"variables":[{"name":"URL","type":"string"}]}}},"outputs":{}}},"schemaVersion":"1.0.0.0"}