{"properties":{"connectionReferences":{"shared_commondataserviceforapps_1":{"runtimeSource":"embedded","connection":{"connectionReferenceLogicalName":"mcs_bsldataverse1"},"api":{"name":"shared_commondataserviceforapps"}}},"definition":{"$schema":"https://schema.management.azure.com/providers/Microsoft.Logic/schemas/2016-06-01/workflowdefinition.json#","contentVersion":"1.0.0.0","parameters":{"$connections":{"defaultValue":{},"type":"Object"},"$authentication":{"defaultValue":{},"type":"SecureObject"}},"triggers":{"When_a_Currency_record_is_created":{"metadata":{"operationMetadataId":"da40d421-52d1-4319-9f91-10fa8463b54c"},"type":"OpenApiConnectionWebhook","inputs":{"host":{"connectionName":"shared_commondataserviceforapps_1","operationId":"SubscribeWebhookTrigger","apiId":"/providers/Microsoft.PowerApps/apis/shared_commondataserviceforapps"},"parameters":{"subscriptionRequest/message":1,"subscriptionRequest/entityname":"transactioncurrency","subscriptionRequest/scope":4,"subscriptionRequest/name":"d38d2cbb-bdcc-ea11-a812-000d3ad1cf6f"},"authentication":"@parameters('$authentication')"}}},"actions":{"Initialize_variable_HasError":{"runAfter":{},"metadata":{"operationMetadataId":"685d306c-e596-45f3-a264-7555df7958c8"},"type":"InitializeVariable","inputs":{"variables":[{"name":"HasError","type":"boolean","value":"@false"}]}},"Initialize_variable_StackTrace":{"runAfter":{"Initialize_variable_HasError":["Succeeded"]},"metadata":{"operationMetadataId":"31049d5f-ce07-46e5-b271-3c3c5fe1442a"},"type":"InitializeVariable","inputs":{"variables":[{"name":"StackTrace","type":"string"}]}},"Initialize_variable_URL":{"runAfter":{"Initialize_variable_StackTrace":["Succeeded"]},"metadata":{"operationMetadataId":"3c85e1a4-523c-49a6-b0db-817c967182cc"},"type":"InitializeVariable","inputs":{"variables":[{"name":"URL","type":"string"}]}},"ScopeTry":{"actions":{"Get_existing_Price_List":{"runAfter":{},"metadata":{"operationMetadataId":"fbe59751-2bf2-42d8-bf2e-530d463a3b3c"},"type":"OpenApiConnection","inputs":{"host":{"connectionName":"shared_commondataserviceforapps_1","operationId":"ListRecords","apiId":"/providers/Microsoft.PowerApps/apis/shared_commondataserviceforapps"},"parameters":{"entityName":"pricelevels","fetchXml":"<fetch version=\"1.0\" output-format=\"xml-platform\" mapping=\"logical\" distinct=\"false\">\n  <entity name=\"pricelevel\">\n    <attribute name=\"transactioncurrencyid\" />\n    <attribute name=\"statecode\" />\n    <attribute name=\"pricelevelid\" />\n    <order attribute=\"name\" descending=\"false\" />\n    <filter type=\"and\">\n      <condition attribute=\"transactioncurrencyid\" operator=\"eq\" value=\"@{triggerOutputs()?['body/transactioncurrencyid']}\"/>\n      <condition attribute=\"statecode\" operator=\"eq\" value=\"0\" />\n    </filter>\n  </entity>\n</fetch>","$top":1},"authentication":"@parameters('$authentication')"}},"Check_if_existing_Price_List":{"actions":{},"runAfter":{"Get_existing_Price_List":["Succeeded"]},"else":{"actions":{"Create_a_new_Price_List_record":{"runAfter":{},"metadata":{"operationMetadataId":"4794a68b-8a5e-45d0-bd0f-39d54391b36f"},"type":"OpenApiConnection","inputs":{"host":{"connectionName":"shared_commondataserviceforapps_1","operationId":"CreateRecord","apiId":"/providers/Microsoft.PowerApps/apis/shared_commondataserviceforapps"},"parameters":{"entityName":"pricelevels","item/transactioncurrencyid@odata.bind":"/transactioncurrencies(@{triggerOutputs()?['body/transactioncurrencyid']})","item/name":"@triggerOutputs()?['body/isocurrencycode']","item/description":"@triggerOutputs()?['body/currencyname']"},"authentication":"@parameters('$authentication')"}}}},"expression":{"greater":["@length(outputs('Get_existing_Price_List')?['body/value'])",0]},"metadata":{"operationMetadataId":"5844a03c-3cff-4d90-8722-b83c86f49df8"},"type":"If"}},"runAfter":{"Initialize_variable_URL":["Succeeded"]},"metadata":{"operationMetadataId":"9bc303a1-5e91-4134-bf81-443d7f402a4f"},"type":"Scope"},"ScopeCatch":{"actions":{"GetCurrentWorkflow":{"runAfter":{},"metadata":{"operationMetadataId":"af1eab5f-4b2a-48a9-aada-91ce662a41e7"},"type":"Compose","inputs":"@workflow()"},"Set_variable_HasError":{"runAfter":{"GetCurrentWorkflow":["Succeeded"]},"metadata":{"operationMetadataId":"8148efb5-edde-4d94-85d6-f540a8ab5bf3"},"type":"SetVariable","inputs":{"name":"HasError","value":"@true"}},"GetResultOfTryScope":{"runAfter":{"Set_variable_URL":["Succeeded"]},"metadata":{"operationMetadataId":"6b4fe174-a049-40f9-b12e-73a29683c308"},"type":"Compose","inputs":"@result('ScopeTry')"},"Set_variable_StackTrace":{"runAfter":{"GetResultOfTryScope":["Succeeded"]},"metadata":{"operationMetadataId":"51a66d80-fdd4-40d8-a5e4-c5bc07b8c2ad"},"type":"SetVariable","inputs":{"name":"StackTrace","value":"@{outputs('GetResultOfTryScope')}"}},"Set_variable_URL":{"runAfter":{"Set_variable_HasError":["Succeeded"]},"metadata":{"operationMetadataId":"3aea5cc6-4403-4e96-b2b8-95fff4b764a9"},"type":"SetVariable","inputs":{"name":"URL","value":"@{concat('https://australia.flow.microsoft.com/manage/environments/', outputs('GetCurrentWorkflow')['tags']['environmentName'], '/flows/', outputs('GetCurrentWorkflow')['name'], '/runs/', outputs('GetCurrentWorkflow')['run']['name'])}"}}},"runAfter":{"ScopeTry":["Failed","TimedOut"]},"metadata":{"operationMetadataId":"acdf39a0-bdd9-4a67-904a-f5cd3d1749a6"},"type":"Scope"},"ScopeFinally":{"actions":{"Condition":{"actions":{"Create_Power_Automate_Log":{"runAfter":{},"metadata":{"operationMetadataId":"5462083c-e858-406b-82f4-87a871521e6c"},"type":"OpenApiConnection","inputs":{"host":{"connectionName":"shared_commondataserviceforapps_1","operationId":"CreateRecord","apiId":"/providers/Microsoft.PowerApps/apis/shared_commondataserviceforapps"},"parameters":{"entityName":"mcs_powerautomatelogs","item/mcs_name":"Currency","item/mcs_entityname":"transactioncurrency","item/mcs_errorstacktrace":"@if(greater(length(variables('StackTrace')), 100000), substring(variables('StackTrace'), 0, 100000), variables('StackTrace'))","item/mcs_recordid":"@triggerOutputs()?['body/transactioncurrencyid']","item/mcs_reccordname":"@triggerOutputs()?['body/currencyname']","item/mcs_url":"@variables('URL')"},"authentication":"@parameters('$authentication')"}}},"runAfter":{},"expression":{"equals":["@variables('HasError')","@true"]},"metadata":{"operationMetadataId":"b58eadcd-920e-4644-9a91-d50945621862"},"type":"If"}},"runAfter":{"ScopeCatch":["Succeeded"]},"metadata":{"operationMetadataId":"00f2947f-680e-47e1-9bc8-b0cbfce28b73"},"type":"Scope"}},"outputs":{}}},"schemaVersion":"1.0.0.0"}