{"properties":{"connectionReferences":{"shared_commondataserviceforapps":{"runtimeSource":"embedded","connection":{"connectionReferenceLogicalName":"mcs_bsldataverse1"},"api":{"name":"shared_commondataserviceforapps"}}},"definition":{"$schema":"https://schema.management.azure.com/providers/Microsoft.Logic/schemas/2016-06-01/workflowdefinition.json#","contentVersion":"1.0.0.0","parameters":{"$connections":{"defaultValue":{},"type":"Object"},"$authentication":{"defaultValue":{},"type":"SecureObject"}},"triggers":{"When_a_Customer_Datasheet_is_created":{"metadata":{"operationMetadataId":"fef86314-ff00-4636-9d78-c860c595dd10"},"type":"OpenApiConnectionWebhook","inputs":{"host":{"connectionName":"shared_commondataserviceforapps","operationId":"SubscribeWebhookTrigger","apiId":"/providers/Microsoft.PowerApps/apis/shared_commondataserviceforapps"},"parameters":{"subscriptionRequest/message":1,"subscriptionRequest/entityname":"mcs_technicaldatasheet","subscriptionRequest/scope":4,"subscriptionRequest/filterexpression":"mcs_permissions ne null","subscriptionRequest/name":"1f87aa0f-a292-eb11-b1ac-00224815256b"},"authentication":"@parameters('$authentication')"},"description":"Check for mcs_permissions field whether it has some value. The mcs_permissions will have comma separated values for Customers. The code logic should split the mcs_permissions field and establish a relationship between a Datasheet and a Customer"}},"actions":{"Initialize_variable_HasError":{"runAfter":{},"metadata":{"operationMetadataId":"2b48c828-d67b-4b97-9084-f3d11fd55e08"},"type":"InitializeVariable","inputs":{"variables":[{"name":"HasError","type":"boolean","value":"@false"}]}},"Initialize_variable_StackTrace":{"runAfter":{"Initialize_variable_HasError":["Succeeded"]},"metadata":{"operationMetadataId":"1045406c-0ffc-461d-b98e-128275fdf954"},"type":"InitializeVariable","inputs":{"variables":[{"name":"StackTrace","type":"string"}]}},"Initialize_variable_URL":{"runAfter":{"Initialize_variable_StackTrace":["Succeeded"]},"metadata":{"operationMetadataId":"017a965b-3f27-43bc-8c46-b6c1ce98186e"},"type":"InitializeVariable","inputs":{"variables":[{"name":"URL","type":"string"}]}},"ScopeTry":{"actions":{"Check_if_mcs_permissions_has_value":{"actions":{"Split_field_mcs_permissions_by_comma":{"runAfter":{},"metadata":{"operationMetadataId":"f49a8fda-2757-459e-ada6-e51388712ac7"},"type":"Compose","inputs":"@split(triggerOutputs()?['body/mcs_permissions'],',')"},"Apply_to_each_item_of_array":{"foreach":"@outputs('Split_field_mcs_permissions_by_comma')","actions":{"Get_Customer_by_KnownAs":{"runAfter":{},"metadata":{"operationMetadataId":"1a7cebf1-c398-4e73-aa6a-158ef90f962e"},"type":"OpenApiConnection","inputs":{"host":{"connectionName":"shared_commondataserviceforapps","operationId":"ListRecords","apiId":"/providers/Microsoft.PowerApps/apis/shared_commondataserviceforapps"},"parameters":{"entityName":"accounts","fetchXml":"<fetch version=\"1.0\" output-format=\"xml-platform\" mapping=\"logical\" distinct=\"false\">\n  <entity name=\"account\">\n\t<attribute name=\"name\" />\n\t<attribute name=\"accountid\" />\n\t<order attribute=\"name\" descending=\"false\" />\n\t<filter type=\"and\">\n      <filter type=\"or\">\n        <condition attribute=\"mcs_knownas\" operator=\"eq\" value=\"@{items('Apply_to_each_item_of_array')}\" />\n        <condition attribute=\"accountnumber\" operator=\"eq\" value=\"@{items('Apply_to_each_item_of_array')}\" />\n      </filter>\n\t</filter>\n  </entity>\n</fetch>","$top":1},"authentication":"@parameters('$authentication')"}},"Apply_to_each_Customer_record":{"foreach":"@outputs('Get_Customer_by_KnownAs')?['body/value']","actions":{"Establish_Relationship_between_Customer_and_BSL_Document":{"runAfter":{},"metadata":{"operationMetadataId":"312f01fc-8f00-4f35-8fc1-d5a19aa60a79"},"type":"OpenApiConnection","inputs":{"host":{"connectionName":"shared_commondataserviceforapps","operationId":"AssociateEntities","apiId":"/providers/Microsoft.PowerApps/apis/shared_commondataserviceforapps"},"parameters":{"entityName":"mcs_technicaldatasheets","recordId":"@triggerOutputs()?['body/mcs_technicaldatasheetid']","associationEntityRelationship":"mcs_technicaldatasheet_account","item/@odata.id":"@items('Apply_to_each_Customer_record')?['@odata.id']"},"authentication":"@parameters('$authentication')"}}},"runAfter":{"Get_Customer_by_KnownAs":["Succeeded"]},"metadata":{"operationMetadataId":"66d9f3b7-8c16-484f-a16a-c018dfdab114"},"type":"Foreach"}},"runAfter":{"Split_field_mcs_permissions_by_comma":["Succeeded"]},"metadata":{"operationMetadataId":"31137d4e-df27-49eb-8573-8e113f82622d"},"type":"Foreach"}},"runAfter":{},"expression":{"equals":["@empty(triggerOutputs()?['body/mcs_permissions'])","@false"]},"metadata":{"operationMetadataId":"1b9ca2dd-4d9d-4380-a833-3c6c7372a7bc"},"type":"If"}},"runAfter":{"Initialize_variable_URL":["Succeeded"]},"metadata":{"operationMetadataId":"e84d84de-3f30-488c-946a-f555b0b7ade0"},"type":"Scope"},"ScopeCatch":{"actions":{"GetCurrentWorkflow":{"runAfter":{},"metadata":{"operationMetadataId":"37e16067-3443-4a28-a281-df2eb23b6b17"},"type":"Compose","inputs":"@workflow()"},"Set_variable_HasError":{"runAfter":{"GetCurrentWorkflow":["Succeeded"]},"metadata":{"operationMetadataId":"196231b5-f333-4919-9904-0a4457efe85a"},"type":"SetVariable","inputs":{"name":"HasError","value":"@true"}},"GetResultOfTryScope":{"runAfter":{"Set_variable_URL":["Succeeded"]},"metadata":{"operationMetadataId":"0de01250-f8fe-49ab-aa15-b2711754362d"},"type":"Compose","inputs":"@result('ScopeTry')"},"Set_variable_StackTrace":{"runAfter":{"GetResultOfTryScope":["Succeeded"]},"metadata":{"operationMetadataId":"b3d00632-2a32-46ff-90f0-7d30e50a4fe6"},"type":"SetVariable","inputs":{"name":"StackTrace","value":"@{outputs('GetResultOfTryScope')}"}},"Set_variable_URL":{"runAfter":{"Set_variable_HasError":["Succeeded"]},"metadata":{"operationMetadataId":"558518c2-50d9-4523-acd5-eefbdff468db"},"type":"SetVariable","inputs":{"name":"URL","value":"@{concat('https://australia.flow.microsoft.com/manage/environments/', outputs('GetCurrentWorkflow')['tags']['environmentName'], '/flows/', outputs('GetCurrentWorkflow')['name'], '/runs/', outputs('GetCurrentWorkflow')['run']['name'])}"}}},"runAfter":{"ScopeTry":["Failed","TimedOut"]},"metadata":{"operationMetadataId":"884ae9ea-362c-417a-8e11-a218ad90b210"},"type":"Scope"},"ScopeFinally":{"actions":{"Condition":{"actions":{"Create_Power_Automate_Log":{"runAfter":{},"metadata":{"operationMetadataId":"0ba5e8b6-5bba-4292-a2ec-4a654ae94dcd"},"type":"OpenApiConnection","inputs":{"host":{"connectionName":"shared_commondataserviceforapps","operationId":"CreateRecord","apiId":"/providers/Microsoft.PowerApps/apis/shared_commondataserviceforapps"},"parameters":{"entityName":"mcs_powerautomatelogs","item/mcs_name":"Customer Datasheet","item/mcs_entityname":"mcs_technicaldatasheet","item/mcs_errorstacktrace":"@if(greater(length(variables('StackTrace')), 100000), substring(variables('StackTrace'), 0, 100000), variables('StackTrace'))","item/mcs_recordid":"@triggerOutputs()?['body/mcs_technicaldatasheetid']","item/mcs_reccordname":"@triggerOutputs()?['body/mcs_name']","item/mcs_url":"@variables('URL')"},"authentication":"@parameters('$authentication')"}}},"runAfter":{},"expression":{"equals":["@variables('HasError')","@true"]},"metadata":{"operationMetadataId":"647a1ad2-057c-4240-aef8-66bc6b2bbc12"},"type":"If"}},"runAfter":{"ScopeCatch":["Succeeded"]},"metadata":{"operationMetadataId":"72c36c89-75f5-401d-8734-72d1f9e511a2"},"type":"Scope"}},"outputs":{}}},"schemaVersion":"1.0.0.0"}