{"properties":{"connectionReferences":{"shared_commondataserviceforapps":{"runtimeSource":"embedded","connection":{"connectionReferenceLogicalName":"mcs_bsldataverse2"},"api":{"name":"shared_commondataserviceforapps"}}},"definition":{"$schema":"https://schema.management.azure.com/providers/Microsoft.Logic/schemas/2016-06-01/workflowdefinition.json#","contentVersion":"1.0.0.0","parameters":{"$connections":{"defaultValue":{},"type":"Object"},"$authentication":{"defaultValue":{},"type":"SecureObject"}},"triggers":{"When_a_Delivery_Address_is_Created_or_Updated":{"metadata":{"operationMetadataId":"31b518ab-5ae3-45b4-ba09-c52ce5b5699b"},"type":"OpenApiConnectionWebhook","inputs":{"host":{"connectionName":"shared_commondataserviceforapps","operationId":"SubscribeWebhookTrigger","apiId":"/providers/Microsoft.PowerApps/apis/shared_commondataserviceforapps"},"parameters":{"subscriptionRequest/message":4,"subscriptionRequest/entityname":"mcs_deliveryaddress","subscriptionRequest/scope":4,"subscriptionRequest/filteringattributes":"mcs_validfrom,mcs_validto","subscriptionRequest/name":"dd331391-16d0-eb11-bacc-002248154c1a"},"authentication":"@parameters('$authentication')"},"description":"Check Valid Form - if in future then deactivate the record. Check Valid To - if in past then deactivate the record"}},"actions":{"Initialize_variable_HasError":{"runAfter":{},"metadata":{"operationMetadataId":"db8ab7d9-1979-4f2c-84d3-cb5f8cf7b434"},"type":"InitializeVariable","inputs":{"variables":[{"name":"HasError","type":"boolean","value":"@false"}]}},"Initialize_variable_StackTrace":{"runAfter":{"Initialize_variable_HasError":["Succeeded"]},"metadata":{"operationMetadataId":"5bb7c754-5e7f-440e-831e-6c290701bb92"},"type":"InitializeVariable","inputs":{"variables":[{"name":"StackTrace","type":"string"}]}},"Initialize_variable_URL":{"runAfter":{"Initialize_variable_StackTrace":["Succeeded"]},"metadata":{"operationMetadataId":"e8f833a6-774c-403e-99f1-564c72eaa910"},"type":"InitializeVariable","inputs":{"variables":[{"name":"URL","type":"string"}]}},"ScopeCatch":{"actions":{"GetCurrentWorkflow":{"runAfter":{},"metadata":{"operationMetadataId":"e25e520a-14f6-425d-b884-059b4d49f8b5"},"type":"Compose","inputs":"@workflow()"},"Set_variable_HasError":{"runAfter":{"GetCurrentWorkflow":["Succeeded"]},"metadata":{"operationMetadataId":"1242660d-c455-4ed0-9954-54813e75094c"},"type":"SetVariable","inputs":{"name":"HasError","value":"@true"}},"GetResultOfTryScope":{"runAfter":{"Set_variable_URL":["Succeeded"]},"metadata":{"operationMetadataId":"b90a410f-c189-4e72-b6ee-d16a5049fc5a"},"type":"Compose","inputs":"@result('ScopeTry')"},"Set_variable_StackTrace":{"runAfter":{"GetResultOfTryScope":["Succeeded"]},"metadata":{"operationMetadataId":"5a3b13f1-5fd0-44e8-8be7-8710fb414a9a"},"type":"SetVariable","inputs":{"name":"StackTrace","value":"@{outputs('GetResultOfTryScope')}"}},"Set_variable_URL":{"runAfter":{"Set_variable_HasError":["Succeeded"]},"metadata":{"operationMetadataId":"b07a636e-444f-4bc9-a764-fd6545d011c7"},"type":"SetVariable","inputs":{"name":"URL","value":"@{concat('https://australia.flow.microsoft.com/manage/environments/', outputs('GetCurrentWorkflow')['tags']['environmentName'], '/flows/', outputs('GetCurrentWorkflow')['name'], '/runs/', outputs('GetCurrentWorkflow')['run']['name'])}"}}},"runAfter":{"ScopeTry":["Failed","TimedOut"]},"metadata":{"operationMetadataId":"539599d4-0ab7-456c-b44a-7ef3704a6b72"},"type":"Scope"},"ScopeTry":{"actions":{"Check_Valid_From_and_Valid_True_Match_Condition":{"actions":{"Update_Visible_on_Portal_to_False":{"runAfter":{},"metadata":{"operationMetadataId":"79a09576-b656-4385-a346-c4ab6b1cbc6b"},"type":"OpenApiConnection","inputs":{"host":{"connectionName":"shared_commondataserviceforapps","operationId":"UpdateRecord","apiId":"/providers/Microsoft.PowerApps/apis/shared_commondataserviceforapps"},"parameters":{"entityName":"mcs_deliveryaddresses","recordId":"@triggerOutputs()?['body/mcs_deliveryaddressid']","item/mcs_visibleonportal":false},"authentication":"@parameters('$authentication')"}}},"runAfter":{},"else":{"actions":{"Check_if_Visible_on_Portal_is_false":{"actions":{"Update_Visible_on_Portal_to_True":{"runAfter":{},"metadata":{"operationMetadataId":"77e29f53-1549-4c1f-b658-d7e619bfdb8a"},"type":"OpenApiConnection","inputs":{"host":{"connectionName":"shared_commondataserviceforapps","operationId":"UpdateRecord","apiId":"/providers/Microsoft.PowerApps/apis/shared_commondataserviceforapps"},"parameters":{"entityName":"mcs_deliveryaddresses","recordId":"@triggerOutputs()?['body/mcs_deliveryaddressid']","item/mcs_visibleonportal":true},"authentication":"@parameters('$authentication')"}}},"runAfter":{},"expression":{"equals":["@triggerOutputs()?['body/mcs_visibleonportal']","@false"]},"metadata":{"operationMetadataId":"8f2af34f-06c5-476b-a7ef-1e571e6eaf68"},"type":"If"}}},"expression":{"or":[{"greater":["@triggerOutputs()?['body/mcs_validfrom']","@utcNow()"]},{"less":["@triggerOutputs()?['body/mcs_validto']","@utcNow()"]}]},"metadata":{"operationMetadataId":"c6ee545b-23bd-41bb-a912-1a0ac35e0b8d"},"type":"If"}},"runAfter":{"Initialize_variable_URL":["Succeeded"]},"metadata":{"operationMetadataId":"6169f163-5ef3-48da-a140-54739b5d2d22"},"type":"Scope"},"ScopeFinally":{"actions":{"Condition":{"actions":{"Create_Power_Automate_Log":{"runAfter":{},"metadata":{"operationMetadataId":"ea8299f1-4eb6-4318-8ed9-edb6e095dc5d"},"type":"OpenApiConnection","inputs":{"host":{"connectionName":"shared_commondataserviceforapps","operationId":"CreateRecord","apiId":"/providers/Microsoft.PowerApps/apis/shared_commondataserviceforapps"},"parameters":{"entityName":"mcs_powerautomatelogs","item/mcs_name":"Delivery Address","item/mcs_entityname":"mcs_deliveryaddress","item/mcs_errorstacktrace":"@if(greater(length(variables('StackTrace')), 100000), substring(variables('StackTrace'), 0, 100000), variables('StackTrace'))","item/mcs_recordid":"@outputs('Update_Visible_on_Portal_to_False')?['body/mcs_deliveryaddressid']","item/mcs_reccordname":"@triggerOutputs()?['body/mcs_name']","item/mcs_url":"@variables('URL')"},"authentication":"@parameters('$authentication')"}}},"runAfter":{},"expression":{"equals":["@variables('HasError')","@true"]},"metadata":{"operationMetadataId":"9b81dfa6-7849-4aee-8b7c-03e8b6bca1d3"},"type":"If"}},"runAfter":{"ScopeCatch":["Succeeded"]},"metadata":{"operationMetadataId":"78aff9ef-715b-4138-ae4e-a7c909eb07b2"},"type":"Scope"}},"outputs":{}}},"schemaVersion":"1.0.0.0"}