{"properties":{"connectionReferences":{"shared_commondataserviceforapps_1":{"runtimeSource":"embedded","connection":{"connectionReferenceLogicalName":"mcs_bsldataverse1"},"api":{"name":"shared_commondataserviceforapps"}}},"definition":{"$schema":"https://schema.management.azure.com/providers/Microsoft.Logic/schemas/2016-06-01/workflowdefinition.json#","contentVersion":"1.0.0.0","parameters":{"$connections":{"defaultValue":{},"type":"Object"},"$authentication":{"defaultValue":{},"type":"SecureObject"}},"triggers":{"When_a_Sales_Order_Line_comment_is_created":{"metadata":{"operationMetadataId":"3988a979-30ab-4a7d-a54b-60e0d2726d6b"},"type":"OpenApiConnectionWebhook","inputs":{"host":{"connectionName":"shared_commondataserviceforapps_1","operationId":"SubscribeWebhookTrigger","apiId":"/providers/Microsoft.PowerApps/apis/shared_commondataserviceforapps"},"parameters":{"subscriptionRequest/message":4,"subscriptionRequest/entityname":"mcs_salesorderlinecomment","subscriptionRequest/scope":4,"subscriptionRequest/filteringattributes":"mcs_salesorderlineitemid","subscriptionRequest/filterexpression":"_mcs_salesorderlineitemid_value ne null","subscriptionRequest/name":"dd6545e3-e164-eb11-a812-00224814859f"},"authentication":"@parameters('$authentication')"}}},"actions":{"Initialize_variable_HasError":{"runAfter":{},"metadata":{"operationMetadataId":"148dd9f6-25ed-446a-8b02-031d2c2296af"},"type":"InitializeVariable","inputs":{"variables":[{"name":"HasError","type":"boolean","value":"@false"}]}},"Initialize_variable_StackTrace":{"runAfter":{"Initialize_variable_HasError":["Succeeded"]},"metadata":{"operationMetadataId":"97010e44-84a8-435b-a1c9-7d8bed9ed057"},"type":"InitializeVariable","inputs":{"variables":[{"name":"StackTrace","type":"string"}]}},"Initialize_variable_URL":{"runAfter":{"Initialize_variable_StackTrace":["Succeeded"]},"metadata":{"operationMetadataId":"2f9c1219-a48e-4112-98c8-52e631dcd6d8"},"type":"InitializeVariable","inputs":{"variables":[{"name":"URL","type":"string"}]}},"ScopeCatch":{"actions":{"GetCurrentWorkflow":{"runAfter":{},"metadata":{"operationMetadataId":"66ab67b4-a6fd-4d93-b3ee-c720fc424b24"},"type":"Compose","inputs":"@workflow()"},"Set_variable_HasError":{"runAfter":{"GetCurrentWorkflow":["Succeeded"]},"metadata":{"operationMetadataId":"4601aefa-9ba4-4a7f-80ae-3077a07eebd3"},"type":"SetVariable","inputs":{"name":"HasError","value":"@true"}},"GetResultOfTryScope":{"runAfter":{"Set_variable_URL":["Succeeded"]},"metadata":{"operationMetadataId":"5dcb73cc-04c1-4199-adf9-967ffb9194db"},"type":"Compose","inputs":"@result('ScopeTry')"},"Set_variable_StackTrace":{"runAfter":{"GetResultOfTryScope":["Succeeded"]},"metadata":{"operationMetadataId":"5be51bfd-5bd8-4b67-9c60-786e60956647"},"type":"SetVariable","inputs":{"name":"StackTrace","value":"@{outputs('GetResultOfTryScope')}"}},"Set_variable_URL":{"runAfter":{"Set_variable_HasError":["Succeeded"]},"metadata":{"operationMetadataId":"4407063e-81de-4beb-865a-8b98be05ec9a"},"type":"SetVariable","inputs":{"name":"URL","value":"@{concat('https://australia.flow.microsoft.com/manage/environments/', outputs('GetCurrentWorkflow')['tags']['environmentName'], '/flows/', outputs('GetCurrentWorkflow')['name'], '/runs/', outputs('GetCurrentWorkflow')['run']['name'])}"}}},"runAfter":{"ScopeTry":["Failed","TimedOut"]},"metadata":{"operationMetadataId":"1397ba1b-462f-4cb2-a4c2-c74d8c8f2929"},"type":"Scope"},"ScopeTry":{"actions":{"Update_Sales_Order_Line_with_Notes_Present_to_Yes":{"runAfter":{},"metadata":{"operationMetadataId":"da3e0b5d-fa29-486c-9b3f-43de3f36806a"},"type":"OpenApiConnection","inputs":{"host":{"connectionName":"shared_commondataserviceforapps_1","operationId":"UpdateRecord","apiId":"/providers/Microsoft.PowerApps/apis/shared_commondataserviceforapps"},"parameters":{"entityName":"salesorderdetails","recordId":"@triggerOutputs()?['body/_mcs_salesorderlineitemid_value']","item/mcs_notespresent":true,"item/mcs_readyforsync":false},"authentication":"@parameters('$authentication')"}}},"runAfter":{"Initialize_variable_URL":["Succeeded"]},"metadata":{"operationMetadataId":"e6a1bbd8-e4e3-42e8-acf9-0f556a6efb63"},"type":"Scope"},"ScopeFinally":{"actions":{"Condition":{"actions":{"Create_Power_Automate_Log":{"runAfter":{},"metadata":{"operationMetadataId":"25a0e695-0a49-499b-9afd-dc2d1944a280"},"type":"OpenApiConnection","inputs":{"host":{"connectionName":"shared_commondataserviceforapps_1","operationId":"CreateRecord","apiId":"/providers/Microsoft.PowerApps/apis/shared_commondataserviceforapps"},"parameters":{"entityName":"mcs_powerautomatelogs","item/mcs_name":"Sales Order Line Comments","item/mcs_entityname":"mcs_salesorderlinecomment","item/mcs_errorstacktrace":"@if(greater(length(variables('StackTrace')), 100000), substring(variables('StackTrace'), 0, 100000), variables('StackTrace'))","item/mcs_recordid":"@triggerOutputs()?['body/mcs_salesorderlinecommentid']","item/mcs_reccordname":"@triggerOutputs()?['body/mcs_name']","item/mcs_url":"@variables('URL')"},"authentication":"@parameters('$authentication')"}}},"runAfter":{},"expression":{"equals":["@variables('HasError')","@true"]},"metadata":{"operationMetadataId":"e00424db-ad1e-4a88-ad96-2c04456f25f8"},"type":"If"}},"runAfter":{"ScopeCatch":["Succeeded"]},"metadata":{"operationMetadataId":"227337ba-eae2-42a1-aadd-09bfe95a4ecd"},"type":"Scope"}},"outputs":{}}},"schemaVersion":"1.0.0.0"}