{"properties":{"connectionReferences":{"shared_commondataserviceforapps_1":{"runtimeSource":"embedded","connection":{"connectionReferenceLogicalName":"mcs_sharedcommondataserviceforapps_7db1e"},"api":{"name":"shared_commondataserviceforapps"}}},"definition":{"$schema":"https://schema.management.azure.com/providers/Microsoft.Logic/schemas/2016-06-01/workflowdefinition.json#","contentVersion":"1.0.0.0","parameters":{"$connections":{"defaultValue":{},"type":"Object"},"$authentication":{"defaultValue":{},"type":"SecureObject"}},"triggers":{"When_an_order_is_submitted_from_portal":{"metadata":{"operationMetadataId":"68c33573-9f78-4117-84a0-5254b66f694a"},"type":"OpenApiConnectionWebhook","inputs":{"host":{"connectionName":"shared_commondataserviceforapps_1","operationId":"SubscribeWebhookTrigger","apiId":"/providers/Microsoft.PowerApps/apis/shared_commondataserviceforapps"},"parameters":{"subscriptionRequest/message":3,"subscriptionRequest/entityname":"salesorder","subscriptionRequest/scope":4,"subscriptionRequest/filteringattributes":"mcs_agreetoterms","subscriptionRequest/filterexpression":"mcs_orderorigin eq 900000000 and mcs_agreetoterms eq true"},"authentication":"@parameters('$authentication')"},"description":"Fire when a line item is created and has mcs_dwsyncstatus as 'Not Synchronised'"}},"actions":{"ScopeTry":{"actions":{"Get_Order_Details_where_readyforsync_is_false":{"runAfter":{},"metadata":{"operationMetadataId":"5451aa7d-c45e-46c5-af4a-67684f0d38b0"},"type":"OpenApiConnection","inputs":{"host":{"connectionName":"shared_commondataserviceforapps_1","operationId":"ListRecords","apiId":"/providers/Microsoft.PowerApps/apis/shared_commondataserviceforapps"},"parameters":{"entityName":"salesorderdetails","fetchXml":"<fetch version=\"1.0\" output-format=\"xml-platform\" mapping=\"logical\" distinct=\"false\">\n  <entity name=\"salesorderdetail\">>\n    <attribute name=\"salesorderid\" />\n    <attribute name=\"salesorderdetailid\" />\n    <order attribute=\"salesorderid\" descending=\"false\" />\n    <filter type=\"and\">\n      <condition attribute=\"mcs_readyforsync\" operator=\"eq\" value=\"0\" />\n      <condition attribute=\"salesorderid\" operator=\"eq\" value=\"@{triggerOutputs()?['body/salesorderid']}\" />\n    </filter>\n  </entity>\n</fetch>"},"authentication":"@parameters('$authentication')"}},"Check_if_any_records_where_readyforsync_is_false":{"actions":{"Apply_to_each_order_line_item_where_readyforsync_is_false":{"foreach":"@outputs('Get_Order_Details_where_readyforsync_is_false')?['body/value']","actions":{"ScopeTryDWSOLineSync":{"actions":{"Update_order_details_readyforsync_to_true":{"runAfter":{},"metadata":{"operationMetadataId":"94f729fe-e12e-4965-8392-b063123d1bc9"},"type":"OpenApiConnection","inputs":{"host":{"connectionName":"shared_commondataserviceforapps_1","operationId":"UpdateRecord","apiId":"/providers/Microsoft.PowerApps/apis/shared_commondataserviceforapps"},"parameters":{"entityName":"salesorderdetails","recordId":"@items('Apply_to_each_order_line_item_where_readyforsync_is_false')?['salesorderdetailid']","item/mcs_dwerrordetails":"@null","item/mcs_passsystemcheck":true,"item/mcs_readyforsync":true},"authentication":"@parameters('$authentication')"}}},"runAfter":{},"metadata":{"operationMetadataId":"6c46c3ac-9dc7-4c25-92ba-dafac79cfb93"},"type":"Scope"},"ScopeCatchDWSOLineSync":{"actions":{"Set_variable_EncounteredSyncErrors":{"runAfter":{},"metadata":{"operationMetadataId":"9c0e6463-0adf-435d-a3f3-ec15b7101ff0"},"type":"SetVariable","inputs":{"name":"EncounteredSyncErrors","value":"@true"}},"Update_Sales_Order_Line_item_with_error":{"runAfter":{"Set_variable_StackTrace_from_DW_error":["Succeeded"]},"metadata":{"operationMetadataId":"7591df89-7a0b-417e-97fd-1dcfa7e15340"},"type":"OpenApiConnection","inputs":{"host":{"connectionName":"shared_commondataserviceforapps_1","operationId":"UpdateRecord","apiId":"/providers/Microsoft.PowerApps/apis/shared_commondataserviceforapps"},"parameters":{"entityName":"salesorderdetails","recordId":"@outputs('Update_order_details_readyforsync_to_true')?['body/salesorderdetailid']","item/mcs_dwerrordetails":"@variables('StackTrace')","item/mcs_passsystemcheck":false},"authentication":"@parameters('$authentication')"}},"Set_variable_StackTrace_from_DW_error":{"runAfter":{"Set_variable_EncounteredSyncErrors":["Succeeded"]},"metadata":{"operationMetadataId":"ccf8f2f1-17ff-4004-b4e4-e209deff72e9"},"type":"SetVariable","inputs":{"name":"StackTrace","value":"@{if(greater(length(result('ScopeTryDWSOLineSync')), 100000), substring(result('ScopeTryDWSOLineSync'), 0, 100000), result('ScopeTryDWSOLineSync'))}"}}},"runAfter":{"ScopeTryDWSOLineSync":["Failed","TimedOut"]},"metadata":{"operationMetadataId":"5064f63e-b98e-423c-b158-5d4a1ab2b79b"},"type":"Scope"}},"runAfter":{},"metadata":{"operationMetadataId":"f2be8434-05da-4b85-a900-751cad1ae0d6"},"type":"Foreach"}},"runAfter":{"Get_Order_Details_where_readyforsync_is_false":["Succeeded"]},"expression":{"greater":["@length(outputs('Get_Order_Details_where_readyforsync_is_false')?['body/value'])",0]},"metadata":{"operationMetadataId":"4c33f581-2525-4566-833c-92d58efa093d"},"type":"If"},"Update_Do_not_Process_on_Order":{"runAfter":{"Check_if_order_line_items_are_present":["Succeeded"]},"metadata":{"operationMetadataId":"d9246aea-21ca-4707-ab97-72728c53161d"},"type":"OpenApiConnection","inputs":{"host":{"connectionName":"shared_commondataserviceforapps_1","operationId":"UpdateRecord","apiId":"/providers/Microsoft.PowerApps/apis/shared_commondataserviceforapps"},"parameters":{"entityName":"salesorders","recordId":"@triggerOutputs()?['body/salesorderid']","item/mcs_donotprocess":false},"authentication":"@parameters('$authentication')"}},"Check_for_DW_errors":{"actions":{"Create_Power_Automate_Log_2":{"runAfter":{},"metadata":{"operationMetadataId":"986ae22a-e4c1-409f-b4bb-3b1a88ba0744"},"type":"OpenApiConnection","inputs":{"host":{"connectionName":"shared_commondataserviceforapps_1","operationId":"CreateRecord","apiId":"/providers/Microsoft.PowerApps/apis/shared_commondataserviceforapps"},"parameters":{"entityName":"mcs_powerautomatelogs","item/mcs_name":"Order","item/mcs_entityname":"salesorder","item/mcs_errorstacktrace":"@if(greater(length(variables('StackTrace')), 100000), substring(variables('StackTrace'), 0, 100000), variables('StackTrace'))","item/mcs_recordid":"@triggerOutputs()?['body/salesorderid']","item/mcs_reccordname":"@triggerOutputs()?['body/ordernumber']","item/mcs_url":"@variables('URL')"},"authentication":"@parameters('$authentication')"}},"Terminate":{"runAfter":{"Update_Order_and_set_AgreetoTerms_as_false_2":["Succeeded"]},"metadata":{"operationMetadataId":"808f2731-b6dd-4678-b682-0a4accdee88a"},"type":"Terminate","inputs":{"runStatus":"Cancelled"}},"Update_Order_and_set_AgreetoTerms_as_false_2":{"runAfter":{"Create_Power_Automate_Log_2":["Succeeded"]},"metadata":{"operationMetadataId":"e63f1a1c-4613-4b08-b105-cdb8b6ec96ea"},"type":"OpenApiConnection","inputs":{"host":{"connectionName":"shared_commondataserviceforapps_1","operationId":"UpdateRecord","apiId":"/providers/Microsoft.PowerApps/apis/shared_commondataserviceforapps"},"parameters":{"entityName":"salesorders","recordId":"@triggerOutputs()?['body/salesorderid']","item/mcs_agreetoterms":true},"authentication":"@parameters('$authentication')"},"description":"Setting the Agree to Terms as false will put this order back in draft status"}},"runAfter":{"Check_if_any_records_where_readyforsync_is_false":["Succeeded"]},"expression":{"equals":["@variables('EncounteredSyncErrors')","@true"]},"metadata":{"operationMetadataId":"85f00f8c-b3ac-4079-b31a-d98dd43834c6"},"type":"If"},"Get_all_order_line_items":{"runAfter":{"Check_for_DW_errors":["Succeeded"]},"metadata":{"operationMetadataId":"f611b5e8-9018-4498-8cb7-70ddc02d32cd"},"type":"OpenApiConnection","inputs":{"host":{"connectionName":"shared_commondataserviceforapps_1","operationId":"ListRecords","apiId":"/providers/Microsoft.PowerApps/apis/shared_commondataserviceforapps"},"parameters":{"entityName":"salesorderdetails","fetchXml":"<fetch version=\"1.0\" output-format=\"xml-platform\" mapping=\"logical\" distinct=\"false\">\n  <entity name=\"salesorderdetail\">>\n    <attribute name=\"salesorderid\" />\n    <attribute name=\"salesorderdetailid\" />\n    <order attribute=\"salesorderid\" descending=\"false\" />\n    <filter type=\"and\">\n      <condition attribute=\"salesorderid\" operator=\"eq\" value=\"@{triggerOutputs()?['body/salesorderid']}\" />\n    </filter>\n  </entity>\n</fetch>"},"authentication":"@parameters('$authentication')"}},"Check_if_order_line_items_are_present":{"actions":{"Apply_to_each_order_line_item":{"foreach":"@outputs('Get_all_order_line_items')?['body/value']","actions":{"Update_the_Visible_on_Portal":{"runAfter":{},"metadata":{"operationMetadataId":"e2d8ce80-cb56-44ad-b331-298062d91439"},"type":"OpenApiConnection","inputs":{"host":{"connectionName":"shared_commondataserviceforapps_1","operationId":"UpdateRecord","apiId":"/providers/Microsoft.PowerApps/apis/shared_commondataserviceforapps"},"parameters":{"entityName":"salesorderdetails","recordId":"@items('Apply_to_each_order_line_item')?['salesorderdetailid']","item/mcs_visibleonportal":true},"authentication":"@parameters('$authentication')"}}},"runAfter":{},"metadata":{"operationMetadataId":"939f43f9-5af7-4535-9283-b16db76d45e1"},"type":"Foreach"}},"runAfter":{"Get_all_order_line_items":["Succeeded"]},"expression":{"greater":["@length(outputs('Get_all_order_line_items')?['body/value'])",0]},"metadata":{"operationMetadataId":"7d4c0d45-9cb3-4578-abb3-03d28b8c43e0"},"type":"If"}},"runAfter":{"Initialize_variable_URL":["Succeeded"]},"metadata":{"operationMetadataId":"7f564e66-d91b-4e9b-8784-2c6cd6787730"},"type":"Scope"},"Initialize_variable_StackTrace":{"runAfter":{"Initialize_variable_EncounteredSyncErrors":["Succeeded"]},"metadata":{"operationMetadataId":"6b26936b-354c-486b-9cdd-57c8408a7578"},"type":"InitializeVariable","inputs":{"variables":[{"name":"StackTrace","type":"string"}]}},"Initialize_variable_URL":{"runAfter":{"GetCurrentWorkflow":["Succeeded"]},"metadata":{"operationMetadataId":"a98aa62a-4a36-4a12-bd69-cfcceb0fc2d3"},"type":"InitializeVariable","inputs":{"variables":[{"name":"URL","type":"string","value":"@{concat('https://australia.flow.microsoft.com/manage/environments/', outputs('GetCurrentWorkflow')['tags']['environmentName'], '/flows/', outputs('GetCurrentWorkflow')['name'], '/runs/', outputs('GetCurrentWorkflow')['run']['name'])}"}]}},"ScopeCatch":{"actions":{"GetResultOfTryScope":{"runAfter":{},"metadata":{"operationMetadataId":"3037646e-9a2c-4acf-b5b7-74854b3a080c"},"type":"Compose","inputs":"@result('ScopeTry')"},"Set_variable_StackTrace":{"runAfter":{"GetResultOfTryScope":["Succeeded"]},"metadata":{"operationMetadataId":"5c952137-8a29-4ecf-a1a8-207580c5e1f6"},"type":"SetVariable","inputs":{"name":"StackTrace","value":"@{outputs('GetResultOfTryScope')}"}}},"runAfter":{"ScopeTry":["TimedOut","Failed"]},"metadata":{"operationMetadataId":"c264c45c-b1ed-4838-8f7e-d1b22d60cf50"},"type":"Scope"},"ScopeFinally":{"actions":{"Create_Power_Automate_Log":{"runAfter":{},"metadata":{"operationMetadataId":"d895bb4c-4f3e-4c29-97c0-9b9dfd7b6378"},"type":"OpenApiConnection","inputs":{"host":{"connectionName":"shared_commondataserviceforapps_1","operationId":"CreateRecord","apiId":"/providers/Microsoft.PowerApps/apis/shared_commondataserviceforapps"},"parameters":{"entityName":"mcs_powerautomatelogs","item/mcs_name":"Order","item/mcs_entityname":"salesorder","item/mcs_errorstacktrace":"@if(greater(length(variables('StackTrace')), 100000), substring(variables('StackTrace'), 0, 100000), variables('StackTrace'))","item/mcs_recordid":"@triggerOutputs()?['body/salesorderid']","item/mcs_reccordname":"@triggerOutputs()?['body/ordernumber']","item/mcs_url":"@variables('URL')"},"authentication":"@parameters('$authentication')"}},"Update_Order_and_set_AgreetoTerms_as_false":{"runAfter":{"Create_Power_Automate_Log":["Succeeded"]},"metadata":{"operationMetadataId":"93c99033-ab21-414a-a5cc-3611f29720d9"},"type":"OpenApiConnection","inputs":{"host":{"connectionName":"shared_commondataserviceforapps_1","operationId":"UpdateRecord","apiId":"/providers/Microsoft.PowerApps/apis/shared_commondataserviceforapps"},"parameters":{"entityName":"salesorders","recordId":"@triggerOutputs()?['body/salesorderid']","item/mcs_donotprocess":false},"authentication":"@parameters('$authentication')"},"description":"Setting the Agree to Terms as false will put this order back in draft status"},"Get_all_order_line_items1":{"runAfter":{"Update_Order_and_set_AgreetoTerms_as_false":["Succeeded"]},"metadata":{"operationMetadataId":"ed6e8d11-0c37-4c3f-b444-47742c73afc5"},"type":"OpenApiConnection","inputs":{"host":{"connectionName":"shared_commondataserviceforapps_1","operationId":"ListRecords","apiId":"/providers/Microsoft.PowerApps/apis/shared_commondataserviceforapps"},"parameters":{"entityName":"salesorderdetails","fetchXml":"<fetch version=\"1.0\" output-format=\"xml-platform\" mapping=\"logical\" distinct=\"false\">\n  <entity name=\"salesorderdetail\">>\n    <attribute name=\"salesorderid\" />\n    <attribute name=\"salesorderdetailid\" />\n    <order attribute=\"salesorderid\" descending=\"false\" />\n    <filter type=\"and\">\n      <condition attribute=\"salesorderid\" operator=\"eq\" value=\"@{triggerOutputs()?['body/salesorderid']}\" />\n    </filter>\n  </entity>\n</fetch>"},"authentication":"@parameters('$authentication')"}},"Check_if_order_line_items_are_present1":{"actions":{"Apply_to_each_order_line_item1":{"foreach":"@outputs('Get_all_order_line_items1')?['body/value']","actions":{"Update_the_Visible_on_Portal1":{"runAfter":{},"metadata":{"operationMetadataId":"7604a7e5-f717-4e70-867b-50027c0e35d2"},"type":"OpenApiConnection","inputs":{"host":{"connectionName":"shared_commondataserviceforapps_1","operationId":"UpdateRecord","apiId":"/providers/Microsoft.PowerApps/apis/shared_commondataserviceforapps"},"parameters":{"entityName":"salesorderdetails","recordId":"@items('Apply_to_each_order_line_item1')?['salesorderdetailid']","item/mcs_visibleonportal":true},"authentication":"@parameters('$authentication')"}}},"runAfter":{},"metadata":{"operationMetadataId":"51e45477-84d4-4026-97a9-80f66304a234"},"type":"Foreach"}},"runAfter":{"Get_all_order_line_items1":["Succeeded"]},"expression":{"greater":["@length(outputs('Get_all_order_line_items1')?['body/value'])",0]},"metadata":{"operationMetadataId":"6888cc94-5b99-4c09-a5db-83047d332f69"},"type":"If"}},"runAfter":{"ScopeCatch":["Succeeded"]},"metadata":{"operationMetadataId":"8dc77a1f-edcf-48bd-baba-13454cb7bc71"},"type":"Scope"},"Initialize_variable_EncounteredSyncErrors":{"runAfter":{},"metadata":{"operationMetadataId":"b124db04-1d0c-4174-8aad-23ae37a4672c"},"type":"InitializeVariable","inputs":{"variables":[{"name":"EncounteredSyncErrors","type":"boolean","value":"@false"}]}},"GetCurrentWorkflow":{"runAfter":{"Initialize_variable_StackTrace":["Succeeded"]},"metadata":{"operationMetadataId":"5cd3b5b6-93aa-4a5c-a05c-715ac5afb583"},"type":"Compose","inputs":"@workflow()"}},"outputs":{}}},"schemaVersion":"1.0.0.0"}