{"properties":{"connectionReferences":{"shared_commondataserviceforapps_2":{"runtimeSource":"embedded","connection":{"connectionReferenceLogicalName":"mcs_bsldataverse2"},"api":{"name":"shared_commondataserviceforapps"}},"shared_sendmail":{"runtimeSource":"embedded","connection":{"connectionReferenceLogicalName":"mcs_sharedsendmail_31e6f"},"api":{"name":"shared_sendmail"}}},"definition":{"$schema":"https://schema.management.azure.com/providers/Microsoft.Logic/schemas/2016-06-01/workflowdefinition.json#","contentVersion":"1.0.0.0","parameters":{"$connections":{"defaultValue":{},"type":"Object"},"$authentication":{"defaultValue":{},"type":"SecureObject"}},"triggers":{"When_a_line_item_is_added_or_modified":{"metadata":{"operationMetadataId":"568de9d1-46f8-4552-a5f9-0f15b6e1a031"},"type":"OpenApiConnectionWebhook","inputs":{"host":{"connectionName":"shared_commondataserviceforapps_2","operationId":"SubscribeWebhookTrigger","apiId":"/providers/Microsoft.PowerApps/apis/shared_commondataserviceforapps"},"parameters":{"subscriptionRequest/message":4,"subscriptionRequest/entityname":"salesorderdetail","subscriptionRequest/scope":4,"subscriptionRequest/filteringattributes":"quantity,mcs_customerrequesteddeliverydate,mcs_purchaseorderlinenumber,mcs_cpnheaderid,mcs_deliveryaddressid"},"authentication":"@parameters('$authentication')"},"description":"Fire when a line item is created and has mcs_dwsyncstatus as 'Not Synchronised'"}},"actions":{"ScopeTry":{"actions":{"Get_Account_by_ID":{"runAfter":{},"metadata":{"operationMetadataId":"b681dbe9-c629-41b3-ba9d-235a198c4b92"},"type":"OpenApiConnection","inputs":{"host":{"connectionName":"shared_commondataserviceforapps_2","operationId":"GetItem","apiId":"/providers/Microsoft.PowerApps/apis/shared_commondataserviceforapps"},"parameters":{"entityName":"accounts","recordId":"@triggerOutputs()?['body/_mcs_accountid_value']","$select":"_msdyn_company_value"},"authentication":"@parameters('$authentication')"}},"Update_Order_Line_Item_to_set_the_sync_status_to_Synchronised":{"runAfter":{"Get_Delivery_Address_ID":["Succeeded"]},"metadata":{"operationMetadataId":"56e48dfa-41eb-46f1-978e-ad5e5bff54ba"},"type":"OpenApiConnection","inputs":{"host":{"connectionName":"shared_commondataserviceforapps_2","operationId":"UpdateRecord","apiId":"/providers/Microsoft.PowerApps/apis/shared_commondataserviceforapps"},"parameters":{"entityName":"salesorderdetails","recordId":"@triggerOutputs()?['body/salesorderdetailid']","item/shipto_city":"@outputs('Get_Delivery_Address_ID')?['body/mcs_city']","item/shipto_country":"@outputs('Get_Delivery_Address_ID')?['body/mcs_country']","item/shipto_name":"@outputs('Get_Delivery_Address_ID')?['body/mcs_name']","item/shipto_stateorprovince":"@outputs('Get_Delivery_Address_ID')?['body/mcs_state']","item/shipto_line1":"@outputs('Get_Delivery_Address_ID')?['body/mcs_street']","item/mcs_bslordertype":900000000,"item/msdyn_Company@odata.bind":"/cdm_companies(@{outputs('Get_Account_by_ID')?['body/_msdyn_company_value']})","item/msdyn_deliveryaddressdescription":"@outputs('Get_Delivery_Address_ID')?['body/mcs_name']","item/msdyn_deliveryaddresslocationid":"@outputs('Get_Delivery_Address_ID')?['body/mcs_locationid']","item/mcs_dwerrordetails":"@null","item/mcs_passsystemcheck":true,"item/mcs_readyforsync":true},"authentication":"@parameters('$authentication')"}},"Get_Delivery_Address_ID":{"runAfter":{"Get_Account_by_ID":["Succeeded"]},"metadata":{"operationMetadataId":"dd2d2e30-918c-47df-ab18-755bad02494a"},"type":"OpenApiConnection","inputs":{"host":{"connectionName":"shared_commondataserviceforapps_2","operationId":"GetItem","apiId":"/providers/Microsoft.PowerApps/apis/shared_commondataserviceforapps"},"parameters":{"entityName":"mcs_deliveryaddresses","recordId":"@triggerOutputs()?['body/_mcs_deliveryaddressid_value']","$select":"mcs_name,mcs_street,mcs_storecodes,mcs_state,mcs_shiptocodes,mcs_postcode,mcs_locationid,mcs_deliveryid,mcs_country,mcs_city"},"authentication":"@parameters('$authentication')"}}},"runAfter":{"Initialize_variable_URL":["Succeeded"]},"metadata":{"operationMetadataId":"1c5a1689-8f65-4ac7-a15e-3cf5e998fab7"},"type":"Scope"},"Initialize_variable_StackTrace":{"runAfter":{},"metadata":{"operationMetadataId":"d9a2259c-20f4-4479-b847-d59105c59682"},"type":"InitializeVariable","inputs":{"variables":[{"name":"StackTrace","type":"string"}]}},"Initialize_variable_URL":{"runAfter":{"Initialize_variable_StackTrace":["Succeeded"]},"metadata":{"operationMetadataId":"324d77ad-4708-49d3-9932-4c9c5d2f4731"},"type":"InitializeVariable","inputs":{"variables":[{"name":"URL","type":"string"}]}},"ScopeCatch":{"actions":{"GetCurrentWorkflow":{"runAfter":{},"metadata":{"operationMetadataId":"4a05ab5a-603b-4715-b677-29df57e5d200"},"type":"Compose","inputs":"@workflow()"},"GetResultOfTryScope":{"runAfter":{"Set_variable_URL":["Succeeded"]},"metadata":{"operationMetadataId":"6af5cfe1-b8c8-4a23-9674-51dc02827399"},"type":"Compose","inputs":"@result('ScopeTry')"},"Set_variable_StackTrace":{"runAfter":{"GetResultOfTryScope":["Succeeded"]},"metadata":{"operationMetadataId":"8bf61b46-ab09-47a7-8080-b975a0a34de7"},"type":"SetVariable","inputs":{"name":"StackTrace","value":"@{outputs('GetResultOfTryScope')}"}},"Set_variable_URL":{"runAfter":{"GetCurrentWorkflow":["Succeeded"]},"metadata":{"operationMetadataId":"b3110f41-e1cd-46f5-9368-c2ecff6e69a9"},"type":"SetVariable","inputs":{"name":"URL","value":"@{concat('https://australia.flow.microsoft.com/manage/environments/', outputs('GetCurrentWorkflow')['tags']['environmentName'], '/flows/', outputs('GetCurrentWorkflow')['name'], '/runs/', outputs('GetCurrentWorkflow')['run']['name'])}"}}},"runAfter":{"ScopeTry":["TimedOut","Failed"]},"metadata":{"operationMetadataId":"2995e7a4-a179-48ce-a616-1e80f63f4490"},"type":"Scope"},"ScopeFinally":{"actions":{"Create_Power_Automate_Log":{"runAfter":{},"metadata":{"operationMetadataId":"ead58c24-f01c-43cf-9f32-41d636e7f29e"},"type":"OpenApiConnection","inputs":{"host":{"connectionName":"shared_commondataserviceforapps_2","operationId":"CreateRecord","apiId":"/providers/Microsoft.PowerApps/apis/shared_commondataserviceforapps"},"parameters":{"entityName":"mcs_powerautomatelogs","item/mcs_name":"Order Line Item","item/mcs_entityname":"salesorderdetail","item/mcs_errorstacktrace":"@if(greater(length(variables('StackTrace')), 100000), substring(variables('StackTrace'), 0, 100000), variables('StackTrace'))","item/mcs_recordid":"@outputs('Update_Order_Line_Item_to_set_the_sync_status_to_Synchronised')?['body/salesorderdetailid']","item/mcs_reccordname":"@outputs('Update_Order_Line_Item_to_set_the_sync_status_to_Synchronised')?['body/salesorderdetailname']","item/mcs_url":"@variables('URL')"},"authentication":"@parameters('$authentication')"}},"Update-DWErrors-SOLine":{"runAfter":{"Create_Power_Automate_Log":["Succeeded"]},"metadata":{"operationMetadataId":"866da943-e7bc-4a62-a91f-c33124d13c7e"},"type":"OpenApiConnection","inputs":{"host":{"connectionName":"shared_commondataserviceforapps_2","operationId":"UpdateRecord","apiId":"/providers/Microsoft.PowerApps/apis/shared_commondataserviceforapps"},"parameters":{"entityName":"salesorderdetails","recordId":"@triggerOutputs()?['body/salesorderdetailid']","item/mcs_dwerrordetails":"@if(greater(length(variables('StackTrace')), 2000), substring(variables('StackTrace'), 0, 2000), variables('StackTrace'))","item/mcs_passsystemcheck":false},"authentication":"@parameters('$authentication')"}},"Update_Sales_Order_Header_with_Error_Message":{"runAfter":{"Update-DWErrors-SOLine":["Succeeded"]},"metadata":{"operationMetadataId":"03cb89be-a6a5-4525-8c32-94965075fd4a"},"type":"OpenApiConnection","inputs":{"host":{"connectionName":"shared_commondataserviceforapps_2","operationId":"UpdateRecord","apiId":"/providers/Microsoft.PowerApps/apis/shared_commondataserviceforapps"},"parameters":{"entityName":"salesorders","recordId":"@triggerOutputs()?['body/_salesorderid_value']","item/mcs_dwerrordetails":"Please resolve all errors before submitting the Order"},"authentication":"@parameters('$authentication')"}},"Send_an_email_notification_(V3)":{"runAfter":{"Update_Sales_Order_Header_with_Error_Message":["Succeeded"]},"metadata":{"operationMetadataId":"f37b438f-592a-464e-932c-154cf928a4df"},"type":"OpenApiConnection","inputs":{"host":{"connectionName":"shared_sendmail","operationId":"SendEmailV3","apiId":"/providers/Microsoft.PowerApps/apis/shared_sendmail"},"parameters":{"request/to":"ashok.singh@bluescope.com;V-ASHOKSINGH@microsoft.com;rajms@microsoft.com;Ishita.Singhal@microsoft.com;SteelConnect@bluescopesteel.com;","request/subject":"Portal order failed to load","request/text":"<p>Hi<br>\n<br>\nAn Order line failed to load into D365 from the Portal due to a system error. See details below.<br>\n<br>\nPlease forward to the relevant Customer Service group so as to follow up with the Customer.<br>\n<br>\nCustomer: &nbsp;@{outputs('Update-DWErrors-SOLine')?['body/_mcs_accountid_value@OData.Community.Display.V1.FormattedValue']}<br>\nCustomer Code: &nbsp;&nbsp;@{outputs('Update-DWErrors-SOLine')?['body/mcs_customercode']}<br>\nDelivery Address: @{outputs('Update-DWErrors-SOLine')?['body/_mcs_deliveryaddressid_value@OData.Community.Display.V1.FormattedValue']}<br>\nPO number: @{outputs('Update-DWErrors-SOLine')?['body/_salesorderid_value@OData.Community.Display.V1.FormattedValue']}<br>\nPO line: @{outputs('Update-DWErrors-SOLine')?['body/sequencenumber']}<br>\nCPN: @{outputs('Update-DWErrors-SOLine')?['body/_mcs_cpnheaderid_value@OData.Community.Display.V1.FormattedValue']}<br>\nQuantity: &nbsp;@{outputs('Update-DWErrors-SOLine')?['body/quantity']} &nbsp;<br>\nCustomer Requested Delivery Date: @{outputs('Update_Sales_Order_Header_with_Error_Message')?['body/requestdeliveryby']}<br>\n</p>"},"authentication":"@parameters('$authentication')"}}},"runAfter":{"ScopeCatch":["Succeeded"]},"metadata":{"operationMetadataId":"f90a37d3-8ad4-441d-ba32-06fda990f1be"},"type":"Scope"}},"outputs":{}}},"schemaVersion":"1.0.0.0"}