{"properties":{"connectionReferences":{"shared_commondataserviceforapps_1":{"runtimeSource":"embedded","connection":{"connectionReferenceLogicalName":"mcs_bsldataverse2"},"api":{"name":"shared_commondataserviceforapps"}}},"definition":{"$schema":"https://schema.management.azure.com/providers/Microsoft.Logic/schemas/2016-06-01/workflowdefinition.json#","contentVersion":"1.0.0.0","parameters":{"$connections":{"defaultValue":{},"type":"Object"},"$authentication":{"defaultValue":{},"type":"SecureObject"}},"triggers":{"When_a_new_Sales_Order_Item_is_created_or_updated":{"metadata":{"operationMetadataId":"bf4ca7b2-2860-43e8-8c6f-0b659803f86e"},"type":"OpenApiConnectionWebhook","inputs":{"host":{"connectionName":"shared_commondataserviceforapps_1","operationId":"SubscribeWebhookTrigger","apiId":"/providers/Microsoft.PowerApps/apis/shared_commondataserviceforapps"},"parameters":{"subscriptionRequest/message":4,"subscriptionRequest/entityname":"salesorderdetail","subscriptionRequest/scope":4,"subscriptionRequest/filteringattributes":"mcs_comments","subscriptionRequest/filterexpression":"mcs_comments ne null","subscriptionRequest/name":"d1ffbd07-95e4-eb11-bacb-0022481857b7"},"authentication":"@parameters('$authentication')"},"description":"Check if mcs_comments is having some value"}},"actions":{"Check_if_mcs_comments_is_not_null":{"actions":{"Create_new_Sales_Order_Line_comment_record":{"runAfter":{"Get_a_row_by_ID_Sales_Order":["Succeeded"]},"metadata":{"operationMetadataId":"edeae1ff-6a17-405a-ad8a-a09406584612"},"type":"OpenApiConnection","inputs":{"host":{"connectionName":"shared_commondataserviceforapps_1","operationId":"CreateRecord","apiId":"/providers/Microsoft.PowerApps/apis/shared_commondataserviceforapps"},"parameters":{"entityName":"mcs_salesorderlinecomments","item/mcs_name":"@outputs('Get_a_row_by_ID_Sales_Order')?['body/msdyn_salesordernumber']","item/mcs_comments":"@triggerOutputs()?['body/mcs_comments']","item/mcs_Company@odata.bind":"mcs_companies(@{triggerOutputs()?['body/_msdyn_company_value']})","item/mcs_notecode":"External OS","item/mcs_SalesOrderLineItemId@odata.bind":"salesorderdetails(@{triggerOutputs()?['body/salesorderdetailid']})","item/mcs_salestype":"@triggerOutputs()?['body/mcs_salestype']","item/mcs_sequencenumber":"@triggerOutputs()?['body/sequencenumber']"},"authentication":"@parameters('$authentication')"}},"Get_a_row_by_ID_Sales_Order":{"runAfter":{},"metadata":{"operationMetadataId":"5f5dfe07-6d62-4a33-8216-08a8936943e2"},"type":"OpenApiConnection","inputs":{"host":{"connectionName":"shared_commondataserviceforapps_1","operationId":"GetItem","apiId":"/providers/Microsoft.PowerApps/apis/shared_commondataserviceforapps"},"parameters":{"entityName":"salesorders","recordId":"@triggerOutputs()?['body/_salesorderid_value']","$select":"msdyn_salesordernumber"},"authentication":"@parameters('$authentication')"}}},"runAfter":{},"expression":{"not":{"equals":["@triggerOutputs()?['body/mcs_comments']","@null"]}},"metadata":{"operationMetadataId":"ceba2946-d6af-46dd-a92b-79a3b0c082c2"},"type":"If"}},"outputs":{}}},"schemaVersion":"1.0.0.0"}