{"properties":{"connectionReferences":{"shared_commondataserviceforapps_2":{"runtimeSource":"embedded","connection":{"connectionReferenceLogicalName":"mcs_bsldataverse1"},"api":{"name":"shared_commondataserviceforapps"}}},"definition":{"$schema":"https://schema.management.azure.com/providers/Microsoft.Logic/schemas/2016-06-01/workflowdefinition.json#","contentVersion":"1.0.0.0","parameters":{"$connections":{"defaultValue":{},"type":"Object"},"$authentication":{"defaultValue":{},"type":"SecureObject"}},"triggers":{"Recurrence":{"recurrence":{"frequency":"Day","interval":1,"timeZone":"AUS Eastern Standard Time","schedule":{"hours":["1"]}},"metadata":{"operationMetadataId":"bcdb23d9-6ae8-4792-8d68-36c0d3d6b566"},"type":"Recurrence"}},"actions":{"Initialize_variable_HasError":{"runAfter":{"Initialize_variable_VisibleInPortal":["Succeeded"]},"metadata":{"operationMetadataId":"86ed2fa8-4ee3-476e-8351-129c0ac07cbf"},"type":"InitializeVariable","inputs":{"variables":[{"name":"HasError","type":"boolean","value":"@false"}]}},"Initialize_variable_StackTrace":{"runAfter":{"Initialize_variable_HasError":["Succeeded"]},"metadata":{"operationMetadataId":"fc38ffed-fb78-4940-b995-8fd920468951"},"type":"InitializeVariable","inputs":{"variables":[{"name":"StackTrace","type":"string"}]}},"Initialize_variable_URL":{"runAfter":{"Initialize_variable_StackTrace":["Succeeded"]},"metadata":{"operationMetadataId":"354d73cb-6d59-4b85-aada-16cec345dd27"},"type":"InitializeVariable","inputs":{"variables":[{"name":"URL","type":"string"}]}},"ScopeTry":{"actions":{"ListofDeliveryAddressRecordsFilter1":{"runAfter":{},"metadata":{"operationMetadataId":"7d8255f4-fcbc-4cf2-bf37-575df05019b6"},"type":"OpenApiConnection","inputs":{"host":{"connectionName":"shared_commondataserviceforapps_2","operationId":"ListRecords","apiId":"/providers/Microsoft.PowerApps/apis/shared_commondataserviceforapps"},"parameters":{"entityName":"mcs_deliveryaddresses","fetchXml":"<fetch version=\"1.0\" output-format=\"xml-platform\" mapping=\"logical\" distinct=\"false\">\n  <entity name=\"mcs_deliveryaddress\" >\n    <attribute name=\"mcs_name\" />\n    <attribute name=\"mcs_visibleonportal\" />\n    <attribute name=\"mcs_deliveryaddressid\" />\n    <filter>\n      <condition attribute=\"mcs_validfrom\" operator=\"gt\" value=\"@{utcNow()}\" />\n<condition attribute=\"mcs_visibleonportal\" operator=\"ne\" value=\"0\" />\n    </filter>\n  </entity>\n</fetch>"},"authentication":"@parameters('$authentication')"}},"Apply_to_each":{"foreach":"@outputs('ListofDeliveryAddressRecordsFilter1')?['body/value']","actions":{"Update_a_row":{"runAfter":{},"metadata":{"operationMetadataId":"98219365-2943-467f-89ef-ab55cb542250"},"type":"OpenApiConnection","inputs":{"host":{"connectionName":"shared_commondataserviceforapps_2","operationId":"UpdateRecord","apiId":"/providers/Microsoft.PowerApps/apis/shared_commondataserviceforapps"},"parameters":{"entityName":"mcs_deliveryaddresses","recordId":"@items('Apply_to_each')?['mcs_deliveryaddressid']","item/mcs_visibleonportal":false},"authentication":"@parameters('$authentication')"}}},"runAfter":{"ListofDeliveryAddressRecordsFilter1":["Succeeded"]},"metadata":{"operationMetadataId":"00f31795-8e70-45a7-a82f-9b174745896f"},"type":"Foreach","runtimeConfiguration":{"concurrency":{"repetitions":20}}},"ListofDeliveryAddressRecordsFilter2":{"runAfter":{"Apply_to_each":["Succeeded"]},"metadata":{"operationMetadataId":"caf0f605-5846-41d3-bf58-716ef05896c7"},"type":"OpenApiConnection","inputs":{"host":{"connectionName":"shared_commondataserviceforapps_2","operationId":"ListRecords","apiId":"/providers/Microsoft.PowerApps/apis/shared_commondataserviceforapps"},"parameters":{"entityName":"mcs_deliveryaddresses","fetchXml":"<fetch version=\"1.0\" output-format=\"xml-platform\" mapping=\"logical\" distinct=\"false\">\n  <entity name=\"mcs_deliveryaddress\" >\n    <attribute name=\"mcs_name\" />\n    <attribute name=\"mcs_visibleonportal\" />\n    <attribute name=\"mcs_deliveryaddressid\" />\n    <filter>\n      <condition attribute=\"mcs_visibleonportal\" operator=\"ne\" value=\"1\" />\n      <condition attribute=\"mcs_validfrom\" operator=\"lt\" value=\"@{utcNow()}\" />\n      <condition attribute=\"mcs_validto\" operator=\"gt\" value=\"@{utcNow()}\" />\n    </filter>\n  </entity>\n</fetch>"},"authentication":"@parameters('$authentication')"}},"Apply_to_each_2":{"foreach":"@outputs('ListofDeliveryAddressRecordsFilter2')?['body/value']","actions":{"Update_a_row_2":{"runAfter":{},"metadata":{"operationMetadataId":"d7438e2f-9186-43dc-b98c-a465abccf840"},"type":"OpenApiConnection","inputs":{"host":{"connectionName":"shared_commondataserviceforapps_2","operationId":"UpdateRecord","apiId":"/providers/Microsoft.PowerApps/apis/shared_commondataserviceforapps"},"parameters":{"entityName":"mcs_deliveryaddresses","recordId":"@items('Apply_to_each_2')?['mcs_deliveryaddressid']","item/mcs_visibleonportal":true},"authentication":"@parameters('$authentication')"}}},"runAfter":{"ListofDeliveryAddressRecordsFilter2":["Succeeded"]},"metadata":{"operationMetadataId":"1c97fabc-2212-479f-9e18-0b999c6875b9"},"type":"Foreach","runtimeConfiguration":{"concurrency":{"repetitions":20}}}},"runAfter":{"Initialize_variable_URL":["Succeeded"]},"metadata":{"operationMetadataId":"7e7778cc-ab1c-4957-a0c7-080a511b04f5"},"type":"Scope"},"ScopeCatch":{"actions":{"GetCurrentWorkflow":{"runAfter":{},"metadata":{"operationMetadataId":"0ee8cde8-c2a7-48a4-a6aa-ac995ca3f45f"},"type":"Compose","inputs":"@workflow()"},"Set_variable_HasError":{"runAfter":{"GetCurrentWorkflow":["Succeeded"]},"metadata":{"operationMetadataId":"a7c5c599-b44e-40da-84ed-73d049adf51b"},"type":"SetVariable","inputs":{"name":"HasError","value":"@true"}},"GetResultOfTryScope":{"runAfter":{"Set_variable_URL":["Succeeded"]},"metadata":{"operationMetadataId":"950d2894-03ab-4404-ab43-493b504a5d7e"},"type":"Compose","inputs":"@result('ScopeTry')"},"Set_variable_StackTrace":{"runAfter":{"GetResultOfTryScope":["Succeeded"]},"metadata":{"operationMetadataId":"65722b0d-581a-4006-b6bd-a0b2aa383129"},"type":"SetVariable","inputs":{"name":"StackTrace","value":"@{outputs('GetResultOfTryScope')}"}},"Set_variable_URL":{"runAfter":{"Set_variable_HasError":["Succeeded"]},"metadata":{"operationMetadataId":"3cfaf4f8-9d6b-4be8-898b-987166919b9b"},"type":"SetVariable","inputs":{"name":"URL","value":"@{concat('https://australia.flow.microsoft.com/manage/environments/', outputs('GetCurrentWorkflow')['tags']['environmentName'], '/flows/', outputs('GetCurrentWorkflow')['name'], '/runs/', outputs('GetCurrentWorkflow')['run']['name'])}"}}},"runAfter":{"ScopeTry":["TimedOut","Failed"]},"metadata":{"operationMetadataId":"878bc0ae-a648-4cda-9668-32c978eccaf6"},"type":"Scope"},"ScopeFinally":{"actions":{"Condition":{"actions":{"Create_Power_Automate_Log":{"runAfter":{},"metadata":{"operationMetadataId":"f2e0de5f-52eb-4002-ab3c-c052bfc49690"},"type":"OpenApiConnection","inputs":{"host":{"connectionName":"shared_commondataserviceforapps_2","operationId":"CreateRecord","apiId":"/providers/Microsoft.PowerApps/apis/shared_commondataserviceforapps"},"parameters":{"entityName":"mcs_powerautomatelogs","item/mcs_name":"Delivery Address","item/mcs_entityname":"mcs_deliveryaddress","item/mcs_errorstacktrace":"@if(greater(length(variables('StackTrace')), 100000), substring(variables('StackTrace'), 0, 100000), variables('StackTrace'))","item/mcs_url":"@variables('URL')"},"authentication":"@parameters('$authentication')"}}},"runAfter":{},"expression":{"equals":["@variables('HasError')","@true"]},"metadata":{"operationMetadataId":"ba67c264-3cee-4923-8119-8913e78412c5"},"type":"If"}},"runAfter":{"ScopeCatch":["Succeeded"]},"metadata":{"operationMetadataId":"37153e6c-ca7a-4ec2-b846-481d8d609b0c"},"type":"Scope"},"Initialize_variable_VisibleInPortal":{"runAfter":{},"metadata":{"operationMetadataId":"7faac4fd-2d33-4db7-a1a8-286ad429a3c9"},"type":"InitializeVariable","inputs":{"variables":[{"name":"VisibleInPortal","type":"boolean","value":"@true"}]}}},"outputs":{}}},"schemaVersion":"1.0.0.0"}