{"properties":{"connectionReferences":{"shared_commondataserviceforapps_2":{"runtimeSource":"embedded","connection":{"connectionReferenceLogicalName":"mcs_bsldataverse1"},"api":{"name":"shared_commondataserviceforapps"}}},"definition":{"$schema":"https://schema.management.azure.com/providers/Microsoft.Logic/schemas/2016-06-01/workflowdefinition.json#","contentVersion":"1.0.0.0","parameters":{"$connections":{"defaultValue":{},"type":"Object"},"$authentication":{"defaultValue":{},"type":"SecureObject"}},"triggers":{"Recurrence":{"recurrence":{"frequency":"Day","interval":1,"timeZone":"AUS Eastern Standard Time","schedule":{"hours":["1"]}},"metadata":{"operationMetadataId":"95ce3de5-2dd8-425c-89ec-804cc06bfc8f"},"type":"Recurrence"}},"actions":{"Initialize_variable_HasError":{"runAfter":{"Initialize_variable_VisibleInPortal":["Succeeded"]},"metadata":{"operationMetadataId":"f979ab93-cfc6-4101-8272-18a205fb3e50"},"type":"InitializeVariable","inputs":{"variables":[{"name":"HasError","type":"boolean","value":"@false"}]}},"Initialize_variable_StackTrace":{"runAfter":{"Initialize_variable_HasError":["Succeeded"]},"metadata":{"operationMetadataId":"b7731d4a-990b-4175-9b1c-184b3f9aafae"},"type":"InitializeVariable","inputs":{"variables":[{"name":"StackTrace","type":"string"}]}},"Initialize_variable_URL":{"runAfter":{"Initialize_variable_StackTrace":["Succeeded"]},"metadata":{"operationMetadataId":"e19894c4-0b48-40ca-94fa-34613d61d224"},"type":"InitializeVariable","inputs":{"variables":[{"name":"URL","type":"string"}]}},"ScopeTry":{"actions":{"Apply_to_each":{"foreach":"@outputs('ListofDeliveryAddressRecordsFilter1')?['body/value']","actions":{"Update_a_row":{"runAfter":{},"metadata":{"operationMetadataId":"c25b0233-a00a-4beb-a7ad-69989f62d151"},"type":"OpenApiConnection","inputs":{"host":{"connectionName":"shared_commondataserviceforapps_2","operationId":"UpdateRecord","apiId":"/providers/Microsoft.PowerApps/apis/shared_commondataserviceforapps"},"parameters":{"entityName":"mcs_deliveryaddresses","recordId":"@items('Apply_to_each')?['mcs_deliveryaddressid']","item/mcs_visibleonportal":false},"authentication":"@parameters('$authentication')"}}},"runAfter":{"ListofDeliveryAddressRecordsFilter1":["Succeeded"]},"metadata":{"operationMetadataId":"94e408af-d01f-4860-a7a5-3554228231a9"},"type":"Foreach","runtimeConfiguration":{"concurrency":{"repetitions":20}}},"ListofDeliveryAddressRecordsFilter1":{"runAfter":{},"metadata":{"operationMetadataId":"9951d816-f5ec-4163-88cf-ea2254a2bbca"},"type":"OpenApiConnection","inputs":{"host":{"connectionName":"shared_commondataserviceforapps_2","operationId":"ListRecords","apiId":"/providers/Microsoft.PowerApps/apis/shared_commondataserviceforapps"},"parameters":{"entityName":"mcs_deliveryaddresses","fetchXml":"<fetch version=\"1.0\" output-format=\"xml-platform\" mapping=\"logical\" distinct=\"false\">\n  <entity name=\"mcs_deliveryaddress\" >\n    <attribute name=\"mcs_name\" />\n    <attribute name=\"mcs_visibleonportal\" />\n    <attribute name=\"mcs_deliveryaddressid\" />\n    <filter>\n      <condition attribute=\"mcs_validto\" operator=\"lt\" value=\"@{utcNow()}\" />\n<condition attribute=\"mcs_visibleonportal\" operator=\"ne\" value=\"0\" />\n    </filter>\n  </entity>\n</fetch>"},"authentication":"@parameters('$authentication')"}},"ListofDeliveryAddressRecordsFilter2":{"runAfter":{"Apply_to_each":["Succeeded"]},"metadata":{"operationMetadataId":"9f47917b-62df-4eeb-9bd2-be65d3b70035"},"type":"OpenApiConnection","inputs":{"host":{"connectionName":"shared_commondataserviceforapps_2","operationId":"ListRecords","apiId":"/providers/Microsoft.PowerApps/apis/shared_commondataserviceforapps"},"parameters":{"entityName":"mcs_deliveryaddresses","fetchXml":"<fetch version=\"1.0\" output-format=\"xml-platform\" mapping=\"logical\" distinct=\"false\">\n  <entity name=\"mcs_deliveryaddress\" >\n    <attribute name=\"mcs_name\" />\n    <attribute name=\"mcs_visibleonportal\" />\n    <attribute name=\"mcs_deliveryaddressid\" />\n    <filter>\n      <condition attribute=\"mcs_visibleonportal\" operator=\"ne\" value=\"1\" />\n      <condition attribute=\"mcs_validfrom\" operator=\"lt\" value=\"@{utcNow()}\" />\n      <condition attribute=\"mcs_validto\" operator=\"gt\" value=\"@{utcNow()}\" />\n    </filter>\n  </entity>\n</fetch>"},"authentication":"@parameters('$authentication')"}},"Apply_to_each_2":{"foreach":"@outputs('ListofDeliveryAddressRecordsFilter2')?['body/value']","actions":{"Update_a_row_2":{"runAfter":{},"metadata":{"operationMetadataId":"b4cc0743-a9e5-4476-a7c2-d7d69c706944"},"type":"OpenApiConnection","inputs":{"host":{"connectionName":"shared_commondataserviceforapps_2","operationId":"UpdateRecord","apiId":"/providers/Microsoft.PowerApps/apis/shared_commondataserviceforapps"},"parameters":{"entityName":"mcs_deliveryaddresses","recordId":"@items('Apply_to_each_2')?['mcs_deliveryaddressid']","item/mcs_visibleonportal":true},"authentication":"@parameters('$authentication')"}}},"runAfter":{"ListofDeliveryAddressRecordsFilter2":["Succeeded"]},"metadata":{"operationMetadataId":"ea3edcb8-e652-4f83-ac46-7858540c57eb"},"type":"Foreach"}},"runAfter":{"Initialize_variable_URL":["Succeeded"]},"metadata":{"operationMetadataId":"ac354a20-252b-4e75-a226-4a250a23dec0"},"type":"Scope"},"ScopeCatch":{"actions":{"GetCurrentWorkflow":{"runAfter":{},"metadata":{"operationMetadataId":"4e5446f6-52fc-4b78-b335-48e29512e1ae"},"type":"Compose","inputs":"@workflow()"},"Set_variable_HasError":{"runAfter":{"GetCurrentWorkflow":["Succeeded"]},"metadata":{"operationMetadataId":"2ae317ab-8cd1-4752-97f1-f942938fba37"},"type":"SetVariable","inputs":{"name":"HasError","value":"@true"}},"GetResultOfTryScope":{"runAfter":{"Set_variable_URL":["Succeeded"]},"metadata":{"operationMetadataId":"75381238-0b54-4442-a5b4-8caf9faffc15"},"type":"Compose","inputs":"@result('ScopeTry')"},"Set_variable_StackTrace":{"runAfter":{"GetResultOfTryScope":["Succeeded"]},"metadata":{"operationMetadataId":"ba98a047-cffe-4ea9-90f4-201e5f35581c"},"type":"SetVariable","inputs":{"name":"StackTrace","value":"@{outputs('GetResultOfTryScope')}"}},"Set_variable_URL":{"runAfter":{"Set_variable_HasError":["Succeeded"]},"metadata":{"operationMetadataId":"52898423-ab5f-4d5f-8a46-5ecbf17f5f5a"},"type":"SetVariable","inputs":{"name":"URL","value":"@{concat('https://australia.flow.microsoft.com/manage/environments/', outputs('GetCurrentWorkflow')['tags']['environmentName'], '/flows/', outputs('GetCurrentWorkflow')['name'], '/runs/', outputs('GetCurrentWorkflow')['run']['name'])}"}}},"runAfter":{"ScopeTry":["TimedOut","Failed"]},"metadata":{"operationMetadataId":"6663809b-f06e-413f-8c00-29253ba87894"},"type":"Scope"},"ScopeFinally":{"actions":{"Condition":{"actions":{"Create_Power_Automate_Log":{"runAfter":{},"metadata":{"operationMetadataId":"0f15f5b5-729b-4e3c-8c93-8f70123a21ca"},"type":"OpenApiConnection","inputs":{"host":{"connectionName":"shared_commondataserviceforapps_2","operationId":"CreateRecord","apiId":"/providers/Microsoft.PowerApps/apis/shared_commondataserviceforapps"},"parameters":{"entityName":"mcs_powerautomatelogs","item/mcs_name":"Delivery Address","item/mcs_entityname":"mcs_deliveryaddress","item/mcs_errorstacktrace":"@if(greater(length(variables('StackTrace')), 100000), substring(variables('StackTrace'), 0, 100000), variables('StackTrace'))","item/mcs_url":"@variables('URL')"},"authentication":"@parameters('$authentication')"}}},"runAfter":{},"expression":{"equals":["@variables('HasError')","@true"]},"metadata":{"operationMetadataId":"8f5b1af3-f33d-4da4-ac6b-7f5fc2f55f2d"},"type":"If"}},"runAfter":{"ScopeCatch":["Succeeded"]},"metadata":{"operationMetadataId":"0ae820c7-76c5-47eb-886e-f2e2ce836638"},"type":"Scope"},"Initialize_variable_VisibleInPortal":{"runAfter":{},"metadata":{"operationMetadataId":"0d7d0df5-0851-4eed-b702-26ba7ea6a548"},"type":"InitializeVariable","inputs":{"variables":[{"name":"VisibleInPortal","type":"boolean","value":"@true"}]}}},"outputs":{}}},"schemaVersion":"1.0.0.0"}