{"properties":{"connectionReferences":{"shared_commondataserviceforapps_1":{"runtimeSource":"embedded","connection":{"connectionReferenceLogicalName":"mcs_bsldataverse1"},"api":{"name":"shared_commondataserviceforapps"}}},"definition":{"$schema":"https://schema.management.azure.com/providers/Microsoft.Logic/schemas/2016-06-01/workflowdefinition.json#","contentVersion":"1.0.0.0","parameters":{"$connections":{"defaultValue":{},"type":"Object"},"$authentication":{"defaultValue":{},"type":"SecureObject"}},"triggers":{"Recurrence":{"recurrence":{"frequency":"Day","interval":1,"timeZone":"AUS Eastern Standard Time","schedule":{"hours":["1"]}},"metadata":{"operationMetadataId":"539e5ba0-e381-49f6-8cb2-ee40352087fa"},"type":"Recurrence"}},"actions":{"Initialize_variable_HasError":{"runAfter":{},"metadata":{"operationMetadataId":"5bbf93c3-972a-4e7c-bce4-0431bb8651ed"},"type":"InitializeVariable","inputs":{"variables":[{"name":"HasError","type":"boolean","value":"@false"}]}},"Initialize_variable_StackTrace":{"runAfter":{"Initialize_variable_HasError":["Succeeded"]},"metadata":{"operationMetadataId":"e45e839d-7a55-4f42-a73c-15883eb9c10b"},"type":"InitializeVariable","inputs":{"variables":[{"name":"StackTrace","type":"string"}]}},"Initialize_variable_URL":{"runAfter":{"Initialize_variable_StackTrace":["Succeeded"]},"metadata":{"operationMetadataId":"b4f4ac13-e898-425d-98b2-c5752e7eea72"},"type":"InitializeVariable","inputs":{"variables":[{"name":"URL","type":"string"}]}},"ScopeTry":{"actions":{"Fetch_All_Active_BSL_Documents_Records":{"runAfter":{},"metadata":{"operationMetadataId":"ee0a78cf-427d-40de-b336-f1878dbc5bdd"},"type":"OpenApiConnection","inputs":{"host":{"connectionName":"shared_commondataserviceforapps_1","operationId":"ListRecords","apiId":"/providers/Microsoft.PowerApps/apis/shared_commondataserviceforapps"},"parameters":{"entityName":"mcs_bsldocuments","$filter":"statecode eq 0 and mcs_enddate ne null"},"authentication":"@parameters('$authentication')"}},"Apply_to_each":{"foreach":"@outputs('Fetch_All_Active_BSL_Documents_Records')?['body/value']","actions":{"Condition_to_check_if_End_Date_is_in_past":{"actions":{"Update_a_record":{"runAfter":{},"metadata":{"operationMetadataId":"daa94637-664e-4fb8-a44e-fb6eefdd57f4"},"type":"OpenApiConnection","inputs":{"host":{"connectionName":"shared_commondataserviceforapps_1","operationId":"UpdateRecord","apiId":"/providers/Microsoft.PowerApps/apis/shared_commondataserviceforapps"},"parameters":{"entityName":"mcs_bsldocuments","recordId":"@items('Apply_to_each')?['mcs_bsldocumentid']","item/statecode":1,"item/statuscode":2},"authentication":"@parameters('$authentication')"}}},"runAfter":{},"expression":{"less":["@items('Apply_to_each')?['mcs_enddate']","@convertTimeZone(utcNow(),'UTC','AUS Eastern Standard Time','yyyy-MM-dd')"]},"metadata":{"operationMetadataId":"a6564e70-579e-4fbe-b929-4450a517367d"},"type":"If"}},"runAfter":{"Fetch_All_Active_BSL_Documents_Records":["Succeeded"]},"metadata":{"operationMetadataId":"ab027a4d-67bd-4f1f-bc2e-e179b723b97d"},"type":"Foreach"}},"runAfter":{"Initialize_variable_URL":["Succeeded"]},"metadata":{"operationMetadataId":"3bb2b076-e6da-4e78-8459-fc1a867521bc"},"type":"Scope"},"ScopeCatch":{"actions":{"GetCurrentWorkflow":{"runAfter":{},"metadata":{"operationMetadataId":"1559f65c-ad39-45ae-917b-381d519539b1"},"type":"Compose","inputs":"@workflow()"},"Set_variable_HasError":{"runAfter":{"GetCurrentWorkflow":["Succeeded"]},"metadata":{"operationMetadataId":"4b8051db-dad4-4873-a04d-df7d1ba9adfd"},"type":"SetVariable","inputs":{"name":"HasError","value":"@true"}},"GetResultOfTryScope":{"runAfter":{"Set_variable_URL":["Succeeded"]},"metadata":{"operationMetadataId":"080580e0-afdb-492a-b15b-54544e6ebe75"},"type":"Compose","inputs":"@result('ScopeTry')"},"Set_variable_StackTrace":{"runAfter":{"GetResultOfTryScope":["Succeeded"]},"metadata":{"operationMetadataId":"6efe14f7-d026-4bf0-9dae-37de8f329969"},"type":"SetVariable","inputs":{"name":"StackTrace","value":"@{outputs('GetResultOfTryScope')}"}},"Set_variable_URL":{"runAfter":{"Set_variable_HasError":["Succeeded"]},"metadata":{"operationMetadataId":"72f0781f-eeef-4fc7-ae1a-d51cbb05dda8"},"type":"SetVariable","inputs":{"name":"URL","value":"@{concat('https://australia.flow.microsoft.com/manage/environments/', outputs('GetCurrentWorkflow')['tags']['environmentName'], '/flows/', outputs('GetCurrentWorkflow')['name'], '/runs/', outputs('GetCurrentWorkflow')['run']['name'])}"}}},"runAfter":{"ScopeTry":["TimedOut","Failed"]},"metadata":{"operationMetadataId":"d5900f37-7a8c-458a-809e-e839c76beaf2"},"type":"Scope"},"ScopeFinally":{"actions":{"Condition":{"actions":{"Create_Power_Automate_Log":{"runAfter":{},"metadata":{"operationMetadataId":"0830f9d2-1e67-4214-a119-e3575d8967f0"},"type":"OpenApiConnection","inputs":{"host":{"connectionName":"shared_commondataserviceforapps_1","operationId":"CreateRecord","apiId":"/providers/Microsoft.PowerApps/apis/shared_commondataserviceforapps"},"parameters":{"entityName":"mcs_powerautomatelogs","item/mcs_name":"BSL Document","item/mcs_entityname":"mcs_bsldocument","item/mcs_errorstacktrace":"@if(greater(length(variables('StackTrace')), 100000), substring(variables('StackTrace'), 0, 100000), variables('StackTrace'))","item/mcs_url":"@variables('URL')"},"authentication":"@parameters('$authentication')"}}},"runAfter":{},"expression":{"equals":["@variables('HasError')","@true"]},"metadata":{"operationMetadataId":"91d5d974-0341-486f-87cd-c3b28b0f6113"},"type":"If"}},"runAfter":{"ScopeCatch":["Succeeded"]},"metadata":{"operationMetadataId":"a7d39d63-c0be-46f8-848f-70169f44d89a"},"type":"Scope"}},"outputs":{}}},"schemaVersion":"1.0.0.0"}