{"properties":{"connectionReferences":{"shared_commondataserviceforapps_1":{"runtimeSource":"embedded","connection":{"connectionReferenceLogicalName":"mcs_bsldataverse1"},"api":{"name":"shared_commondataserviceforapps"}}},"definition":{"$schema":"https://schema.management.azure.com/providers/Microsoft.Logic/schemas/2016-06-01/workflowdefinition.json#","contentVersion":"1.0.0.0","parameters":{"$connections":{"defaultValue":{},"type":"Object"},"$authentication":{"defaultValue":{},"type":"SecureObject"}},"triggers":{"Recurrence":{"recurrence":{"frequency":"Day","interval":1,"timeZone":"AUS Eastern Standard Time","schedule":{"hours":["0"],"minutes":[15]}},"metadata":{"operationMetadataId":"c023ce76-b80f-470b-adcd-5f25eecdc93c"},"type":"Recurrence"}},"actions":{"Initialize_variable_GrossAmount":{"runAfter":{},"metadata":{"operationMetadataId":"45d3c5bc-ca5f-46ea-9405-85c5edc14ace"},"type":"InitializeVariable","inputs":{"variables":[{"name":"GrossAmount","type":"float","value":0}]}},"Initialize_variable_DiscountAmount":{"runAfter":{"Initialize_variable_GrossAmount":["Succeeded"]},"metadata":{"operationMetadataId":"24a01e9a-06cf-4e1b-830c-6279e2c9848e"},"type":"InitializeVariable","inputs":{"variables":[{"name":"DiscountAmount","type":"float","value":0}]}},"Initialize_variable_NetDueAmount":{"runAfter":{"Initialize_variable_DiscountAmount":["Succeeded"]},"metadata":{"operationMetadataId":"bda46112-fbe2-4f73-a8e4-ea85e31ed135"},"type":"InitializeVariable","inputs":{"variables":[{"name":"NetDueAmount","type":"float","value":0}]}},"ScopeTry":{"actions":{"Apply_to_each_2":{"foreach":"@outputs('Get_Statements_where_Discount_Date_was_yesterday')?['body/value']","actions":{"Update_Net_Due_Amount_on_statement_to_Gross_Amount":{"runAfter":{},"metadata":{"operationMetadataId":"59c4b638-d5ca-484f-9486-100a52c8fbc8"},"type":"OpenApiConnection","inputs":{"host":{"connectionName":"shared_commondataserviceforapps_1","operationId":"UpdateRecord","apiId":"/providers/Microsoft.PowerApps/apis/shared_commondataserviceforapps"},"parameters":{"entityName":"mcs_statements","recordId":"@items('Apply_to_each_2')?['mcs_statementid']","item/mcs_netdueamountcur":"@items('Apply_to_each_2')?['mcs_grossamountcur']"},"authentication":"@parameters('$authentication')"}}},"runAfter":{"Get_Statements_where_Discount_Date_was_yesterday":["Succeeded"]},"metadata":{"operationMetadataId":"8e48676f-50fc-4525-a712-00c0719009ed"},"type":"Foreach","runtimeConfiguration":{"concurrency":{"repetitions":1}}},"Get_Statements_where_Discount_Date_was_yesterday":{"runAfter":{"Apply_to_each":["Succeeded"]},"metadata":{"operationMetadataId":"b2994407-0784-453f-a765-6ff3cd9e907c"},"type":"OpenApiConnection","inputs":{"host":{"connectionName":"shared_commondataserviceforapps_1","operationId":"ListRecords","apiId":"/providers/Microsoft.PowerApps/apis/shared_commondataserviceforapps"},"parameters":{"entityName":"mcs_statements","$filter":"mcs_discdate ne null and mcs_discdate eq @{convertTimeZone(addDays(utcNow(),-1),'UTC','AUS Eastern Standard Time','yyyy-MM-dd')}"},"authentication":"@parameters('$authentication')"}},"Apply_to_each":{"foreach":"@outputs('Get_Statements')?['body/value']","actions":{"Set_variable_DiscountAmount":{"runAfter":{},"metadata":{"operationMetadataId":"6f0ddf29-5174-451e-8969-a78ac126f1a1"},"type":"SetVariable","inputs":{"name":"DiscountAmount","value":"@if(equals(items('Apply_to_each')?['mcs_discountamountcur'],null),0,items('Apply_to_each')?['mcs_discountamountcur'])"}},"Set_variable_GrossAmount":{"runAfter":{"Set_variable_DiscountAmount":["Succeeded"]},"metadata":{"operationMetadataId":"55c5e0e7-3508-4b8a-9493-11a0c8e44cf2"},"type":"SetVariable","inputs":{"name":"GrossAmount","value":"@if(equals(items('Apply_to_each')?['mcs_grossamountcur'],null),0,items('Apply_to_each')?['mcs_grossamountcur'])"}},"Compose":{"runAfter":{"Set_variable_GrossAmount":["Succeeded"]},"metadata":{"operationMetadataId":"0e5bb6e1-6ca9-4ce1-9945-146f8dbe6925"},"type":"Compose","inputs":"@sub(variables('GrossAmount'),variables('DiscountAmount'))"},"Update_Net_Due_Amount_on_Statement_to_Gross_Amount_-_Discount_Amount":{"runAfter":{"Compose":["Succeeded"]},"metadata":{"operationMetadataId":"7de385b0-5c80-4a14-ad24-618811f43931"},"type":"OpenApiConnection","inputs":{"host":{"connectionName":"shared_commondataserviceforapps_1","operationId":"UpdateRecord","apiId":"/providers/Microsoft.PowerApps/apis/shared_commondataserviceforapps"},"parameters":{"entityName":"mcs_statements","recordId":"@items('Apply_to_each')?['mcs_statementid']","item/mcs_netdueamountcur":"@outputs('Compose')"},"authentication":"@parameters('$authentication')"}}},"runAfter":{"Get_Statements":["Succeeded"]},"metadata":{"operationMetadataId":"3a06e87a-d92e-4e0f-a8e3-d6103e18656c"},"type":"Foreach","runtimeConfiguration":{"concurrency":{"repetitions":1}}},"Get_Statements":{"runAfter":{},"metadata":{"operationMetadataId":"52f6d601-e03a-4ca4-882b-7cd4d0e4340f"},"type":"OpenApiConnection","inputs":{"host":{"connectionName":"shared_commondataserviceforapps_1","operationId":"ListRecords","apiId":"/providers/Microsoft.PowerApps/apis/shared_commondataserviceforapps"},"parameters":{"entityName":"mcs_statements","$filter":"mcs_discdate ne null and mcs_discdate ge @{convertTimeZone(utcNow(),'UTC','AUS Eastern Standard Time','yyyy-MM-dd')}"},"authentication":"@parameters('$authentication')"}}},"runAfter":{"Initialize_variable_URL":["Succeeded"]},"metadata":{"operationMetadataId":"76b2f34b-e95a-4099-89e1-b9cdf74ad15a"},"type":"Scope"},"ScopeCatch":{"actions":{"GetCurrentWorkflow":{"runAfter":{},"metadata":{"operationMetadataId":"ed0759a0-7e52-4c06-8b8e-112300a3792e"},"type":"Compose","inputs":"@workflow()"},"Set_variable_HasError":{"runAfter":{"GetCurrentWorkflow":["Succeeded"]},"metadata":{"operationMetadataId":"301be1c2-4669-4627-b6b6-390c869be65f"},"type":"SetVariable","inputs":{"name":"HasError","value":"@true"}},"GetResultOfTryScope":{"runAfter":{"Set_variable_URL":["Succeeded"]},"metadata":{"operationMetadataId":"0a756a50-a7e3-4906-8de8-a12a8bf640b7"},"type":"Compose","inputs":"@result('ScopeTry')"},"Set_variable_StackTrace":{"runAfter":{"GetResultOfTryScope":["Succeeded"]},"metadata":{"operationMetadataId":"a9a097c1-b604-4f1b-903a-d3a0578099d7"},"type":"SetVariable","inputs":{"name":"StackTrace","value":"@{outputs('GetResultOfTryScope')}"}},"Set_variable_URL":{"runAfter":{"Set_variable_HasError":["Succeeded"]},"metadata":{"operationMetadataId":"66652288-8027-4426-8796-2140bba5170a"},"type":"SetVariable","inputs":{"name":"URL","value":"@{concat('https://australia.flow.microsoft.com/manage/environments/', outputs('GetCurrentWorkflow')['tags']['environmentName'], '/flows/', outputs('GetCurrentWorkflow')['name'], '/runs/', outputs('GetCurrentWorkflow')['run']['name'])}"}}},"runAfter":{"ScopeTry":["Failed","TimedOut"]},"metadata":{"operationMetadataId":"86dbaf73-5f3c-4aae-826e-8c3a61b17332"},"type":"Scope"},"ScopeFinally":{"actions":{"Condition":{"actions":{"Create_Power_Automate_Log":{"runAfter":{},"metadata":{"operationMetadataId":"aa0bd1cf-26ba-447e-a675-d3a89da5dd3e"},"type":"OpenApiConnection","inputs":{"host":{"connectionName":"shared_commondataserviceforapps_1","operationId":"CreateRecord","apiId":"/providers/Microsoft.PowerApps/apis/shared_commondataserviceforapps"},"parameters":{"entityName":"mcs_powerautomatelogs","item/mcs_name":"Statement","item/mcs_entityname":"mcs_statement","item/mcs_errorstacktrace":"@if(greater(length(variables('StackTrace')), 100000), substring(variables('StackTrace'), 0, 100000), variables('StackTrace'))","item/mcs_url":"@variables('URL')"},"authentication":"@parameters('$authentication')"}}},"runAfter":{},"expression":{"equals":["@variables('HasError')","@true"]},"metadata":{"operationMetadataId":"533ef431-4944-4a9d-a502-df510582b012"},"type":"If"}},"runAfter":{"ScopeCatch":["Succeeded"]},"metadata":{"operationMetadataId":"626753e7-b226-4803-940b-6e38d07a2f79"},"type":"Scope"},"Initialize_variable_HasError":{"runAfter":{"Initialize_variable_NetDueAmount":["Succeeded"]},"metadata":{"operationMetadataId":"69540392-f4d8-4d45-9885-69d2fbfd17a6"},"type":"InitializeVariable","inputs":{"variables":[{"name":"HasError","type":"boolean","value":"@false"}]}},"Initialize_variable_StackTrace":{"runAfter":{"Initialize_variable_HasError":["Succeeded"]},"metadata":{"operationMetadataId":"31189d94-72fc-4015-a0b4-2611cb24504d"},"type":"InitializeVariable","inputs":{"variables":[{"name":"StackTrace","type":"string"}]}},"Initialize_variable_URL":{"runAfter":{"Initialize_variable_StackTrace":["Succeeded"]},"metadata":{"operationMetadataId":"495e4cee-216c-4288-a7bd-7d9802e9587f"},"type":"InitializeVariable","inputs":{"variables":[{"name":"URL","type":"string"}]}}},"outputs":{}}},"schemaVersion":"1.0.0.0"}