{"properties":{"connectionReferences":{"shared_commondataservice_1":{"runtimeSource":"invoker","connection":{"connectionReferenceLogicalName":"mcs_bsldataverselegacy"},"api":{"name":"shared_commondataservice"}},"shared_commondataserviceforapps_1":{"runtimeSource":"embedded","connection":{"connectionReferenceLogicalName":"mcs_bsldataverse1"},"api":{"name":"shared_commondataserviceforapps"}}},"definition":{"$schema":"https://schema.management.azure.com/providers/Microsoft.Logic/schemas/2016-06-01/workflowdefinition.json#","contentVersion":"1.0.0.0","parameters":{"$connections":{"defaultValue":{},"type":"Object"},"$authentication":{"defaultValue":{},"type":"SecureObject"}},"triggers":{"manual":{"splitOn":"@triggerBody()['rows']","type":"Request","kind":"ApiConnection","inputs":{"schema":{"type":"object","properties":{"rows":{"type":"array","items":{"type":"object","properties":{"entity":{"type":"object","properties":{"fullname":{"title":"Full Name","type":"string"},"contactid":{"title":"Contact","type":"string","format":"guid"}},"required":["fullname","contactid"]}},"required":["entity"]}}},"required":["rows"]},"host":{"connection":{"name":"@parameters('$connections')['shared_commondataservice_1']['connectionId']"}},"operationId":"GetOnNewItems_V2","parameters":{"dataset":"default.cds","table":"contacts"}}}},"actions":{"Initialize_variable_HasError":{"runAfter":{},"type":"InitializeVariable","inputs":{"variables":[{"name":"HasError","type":"boolean","value":"@false"}]}},"Initialize_variable_StackTrace":{"runAfter":{"Initialize_variable_HasError":["Succeeded"]},"type":"InitializeVariable","inputs":{"variables":[{"name":"StackTrace","type":"string"}]}},"Initialize_variable_URL":{"runAfter":{"Initialize_variable_StackTrace":["Succeeded"]},"type":"InitializeVariable","inputs":{"variables":[{"name":"URL","type":"string"}]}},"ScopeCatch":{"actions":{"GetCurrentWorkflow":{"runAfter":{},"type":"Compose","inputs":"@workflow()"},"Set_variable_HasError":{"runAfter":{"GetCurrentWorkflow":["Succeeded"]},"type":"SetVariable","inputs":{"name":"HasError","value":"@true"}},"GetResultOfTryScope":{"runAfter":{"Set_variable_URL":["Succeeded"]},"type":"Compose","inputs":"@result('ScopeTry')"},"Set_variable_StackTrace":{"runAfter":{"GetResultOfTryScope":["Succeeded"]},"type":"SetVariable","inputs":{"name":"StackTrace","value":"@{outputs('GetResultOfTryScope')}"}},"Set_variable_URL":{"runAfter":{"Set_variable_HasError":["Succeeded"]},"type":"SetVariable","inputs":{"name":"URL","value":"@{concat('https://australia.flow.microsoft.com/manage/environments/', outputs('GetCurrentWorkflow')['tags']['environmentName'], '/flows/', outputs('GetCurrentWorkflow')['name'], '/runs/', outputs('GetCurrentWorkflow')['run']['name'])}"}}},"runAfter":{"ScopeTry":["Failed","TimedOut"]},"type":"Scope"},"ScopeFinally":{"actions":{"Check_if_Error":{"actions":{"Create_Power_Automate_Log":{"runAfter":{},"type":"OpenApiConnection","inputs":{"host":{"connectionName":"shared_commondataserviceforapps_1","operationId":"CreateRecord","apiId":"/providers/Microsoft.PowerApps/apis/shared_commondataserviceforapps"},"parameters":{"entityName":"mcs_powerautomatelogs","item/mcs_name":"Contact","item/mcs_entityname":"contact","item/mcs_errorstacktrace":"@if(greater(length(variables('StackTrace')), 100000), substring(variables('StackTrace'), 0, 100000), variables('StackTrace'))","item/mcs_recordid":"@triggerOutputs()?['body/contactid']","item/mcs_reccordname":"@triggerOutputs()?['body/fullname']","item/mcs_url":"@variables('URL')"},"authentication":{"type":"Raw","value":"@json(decodeBase64(triggerOutputs().headers['X-MS-APIM-Tokens']))['$ConnectionKey']"}}}},"runAfter":{},"expression":{"equals":["@variables('HasError')","@true"]},"type":"If"}},"runAfter":{"ScopeCatch":["Succeeded"]},"type":"Scope"},"Initialize_variable_WebsiteURL":{"runAfter":{"Initialize_variable_URL":["Succeeded"]},"type":"InitializeVariable","inputs":{"variables":[{"name":"WebsiteURL","type":"string"}]}},"ScopeTry":{"actions":{"Get_PortalURL_content_snippets":{"runAfter":{},"type":"OpenApiConnection","inputs":{"host":{"connectionName":"shared_commondataserviceforapps_1","operationId":"ListRecords","apiId":"/providers/Microsoft.PowerApps/apis/shared_commondataserviceforapps"},"parameters":{"entityName":"adx_contentsnippets","fetchXml":"<fetch version=\"1.0\" output-format=\"xml-platform\" mapping=\"logical\" distinct=\"false\">\n  <entity name=\"adx_contentsnippet\">\n    <attribute name=\"adx_contentsnippetid\" />\n    <attribute name=\"adx_value\" />\n    <filter type=\"and\">\n      <condition attribute=\"adx_name\" operator=\"eq\" value=\"PortalURL\" />\n    </filter>\n  </entity>\n</fetch>","$top":1},"authentication":{"type":"Raw","value":"@json(decodeBase64(triggerOutputs().headers['X-MS-APIM-Tokens']))['$ConnectionKey']"}}},"Check_if_valid_PortalURL_is_found":{"actions":{"Apply_to_each_PortalURL_snippet":{"foreach":"@outputs('Get_PortalURL_content_snippets')?['body/value']","actions":{"Set_variable_WiebsiteURL":{"runAfter":{},"type":"SetVariable","inputs":{"name":"WebsiteURL","value":"@items('Apply_to_each_PortalURL_snippet')?['adx_value']"}}},"runAfter":{},"type":"Foreach"},"Get_Queue_to_send_Email":{"runAfter":{"Apply_to_each_PortalURL_snippet":["Succeeded"]},"type":"OpenApiConnection","inputs":{"host":{"connectionName":"shared_commondataserviceforapps_1","operationId":"ListRecords","apiId":"/providers/Microsoft.PowerApps/apis/shared_commondataserviceforapps"},"parameters":{"entityName":"queues","fetchXml":"<fetch version=\"1.0\" output-format=\"xml-platform\" mapping=\"logical\" distinct=\"false\">\n  <entity name=\"queue\">\n    <attribute name=\"name\" />\n    <attribute name=\"emailaddress\" />\n    <attribute name=\"queueid\" />\n    <order attribute=\"name\" descending=\"false\" />\n    <filter type=\"and\">\n      <condition attribute=\"name\" operator=\"eq\" value=\"Do_Not_Reply_Portal\" />\n    </filter>\n  </entity>\n</fetch>","$top":1},"authentication":{"type":"Raw","value":"@json(decodeBase64(triggerOutputs().headers['X-MS-APIM-Tokens']))['$ConnectionKey']"}}},"Check_if_valid_Queue_to_send_email_is_found":{"actions":{"Apply_to_each_Queue_returned":{"foreach":"@outputs('Get_Queue_to_send_Email')?['body/value']","actions":{"Set_variable_QueueID":{"runAfter":{},"type":"SetVariable","inputs":{"name":"QueueID","value":"@items('Apply_to_each_Queue_returned')?['queueid']"}}},"runAfter":{},"type":"Foreach"}},"runAfter":{"Get_Queue_to_send_Email":["Succeeded"]},"else":{"actions":{"Terminate":{"runAfter":{},"type":"Terminate","inputs":{"runStatus":"Failed","runError":{"message":"Unable to find a valid Queue to send email"}}}}},"expression":{"greater":["@length(outputs('Get_Queue_to_send_Email')?['body/value'])",0]},"type":"If"},"Create_Email":{"runAfter":{"Check_if_WelcomeEmail_system_configuration_is_retrieved":["Succeeded"]},"type":"OpenApiConnection","inputs":{"host":{"connectionName":"shared_commondataserviceforapps_1","operationId":"CreateRecord","apiId":"/providers/Microsoft.PowerApps/apis/shared_commondataserviceforapps"},"parameters":{"entityName":"emails","item/activitypointer_activity_parties":[{"participationtypemask":1,"partyid@odata.bind":"queues(@{variables('QueueID')})"},{"participationtypemask":2,"partyid@odata.bind":"contacts(@{triggerBody()?['entity']?['contactid']})"}],"item/description":"@variables('EmailText')","item/directioncode":true,"item/regardingobjectid_contact_email@odata.bind":"contacts(@{triggerBody()?['entity']?['contactid']})","item/subject":"Welcome to BlueScope Connect Portal"},"authentication":{"type":"Raw","value":"@json(decodeBase64(triggerOutputs().headers['X-MS-APIM-Tokens']))['$ConnectionKey']"}}},"Send_Email":{"runAfter":{"Create_Email":["Succeeded"]},"type":"OpenApiConnection","inputs":{"host":{"connectionName":"shared_commondataserviceforapps_1","operationId":"PerformBoundAction","apiId":"/providers/Microsoft.PowerApps/apis/shared_commondataserviceforapps"},"parameters":{"entityName":"emails","actionName":"Microsoft.Dynamics.CRM.SendEmail","recordId":"@outputs('Create_Email')?['body/activityid']","item/IssueSend":true},"authentication":"@parameters('$authentication')"}},"Get_System_Configuration_for_WelcomeEmail":{"runAfter":{"Check_if_valid_Queue_to_send_email_is_found":["Succeeded"]},"type":"OpenApiConnection","inputs":{"host":{"connectionName":"shared_commondataserviceforapps_1","operationId":"ListRecords","apiId":"/providers/Microsoft.PowerApps/apis/shared_commondataserviceforapps"},"parameters":{"entityName":"mcs_systemconfigurations","fetchXml":"<fetch version=\"1.0\" output-format=\"xml-platform\" mapping=\"logical\" distinct=\"false\">\n  <entity name=\"mcs_systemconfiguration\">\n    <attribute name=\"mcs_systemconfigurationid\" />\n    <attribute name=\"mcs_name\" />\n    <attribute name=\"mcs_multilinevalue\" />\n    <order attribute=\"mcs_name\" descending=\"false\" />\n    <filter type=\"and\">\n      <condition attribute=\"mcs_name\" operator=\"eq\" value=\"WelcomeEmail\" />\n    </filter>\n  </entity>\n</fetch>","$top":1},"authentication":{"type":"Raw","value":"@json(decodeBase64(triggerOutputs().headers['X-MS-APIM-Tokens']))['$ConnectionKey']"}}},"Check_if_WelcomeEmail_system_configuration_is_retrieved":{"actions":{"Apply_to_each_WelcomeEmail_System_Configuration":{"foreach":"@outputs('Get_System_Configuration_for_WelcomeEmail')?['body/value']","actions":{"Set_variable_EmailText_from_SystemConfiguration":{"runAfter":{},"type":"SetVariable","inputs":{"name":"EmailText","value":"@items('Apply_to_each_WelcomeEmail_System_Configuration')?['mcs_multilinevalue']"}},"Replace_WelcomeEmail_content_with_Variables":{"runAfter":{"Set_variable_EmailText_from_SystemConfiguration":["Succeeded"]},"type":"Compose","inputs":"@replace(replace(variables('EmailText'),'{{PortalUser}}',variables('FullName')),'{{WebsiteURL}}',variables('WebsiteURL'))"},"Replace_Email_body_with_variables":{"runAfter":{"Replace_WelcomeEmail_content_with_Variables":["Succeeded"]},"type":"SetVariable","inputs":{"name":"EmailText","value":"@{outputs('Replace_WelcomeEmail_content_with_Variables')}"}}},"runAfter":{},"type":"Foreach"}},"runAfter":{"Get_System_Configuration_for_WelcomeEmail":["Succeeded"]},"else":{"actions":{"Set_default_EmailText":{"runAfter":{},"type":"SetVariable","inputs":{"name":"EmailText","value":"<p>Hi @{triggerBody()?['entity']?['fullname']},<br>\n<br>\nPlease click on below link to access Portal. \n<br><br>\n<a href=\"@{variables('WebsiteURL')}\">BlueScope Connect</a>\n<br>\n\n<br>\nThanks <br>\nBlueScope Team</p>"}}}},"expression":{"greater":["@length(outputs('Get_System_Configuration_for_WelcomeEmail')?['body/value'])",0]},"type":"If"}},"runAfter":{"Get_PortalURL_content_snippets":["Succeeded"]},"else":{"actions":{"Terminate_if_no_valid_Portal_URL":{"runAfter":{},"type":"Terminate","inputs":{"runStatus":"Failed","runError":{"message":"Unable to find a valid Portal URL"}}}}},"expression":{"greater":["@length(outputs('Get_PortalURL_content_snippets')?['body/value'])",0]},"type":"If"}},"runAfter":{"Initialize_variable_FullName":["Succeeded"]},"type":"Scope"},"Initialize_variable_QueueID":{"runAfter":{"Initialize_variable_WebsiteURL":["Succeeded"]},"type":"InitializeVariable","inputs":{"variables":[{"name":"QueueID","type":"string"}]}},"Initialize_variable_EmailText":{"runAfter":{"Initialize_variable_QueueID":["Succeeded"]},"type":"InitializeVariable","inputs":{"variables":[{"name":"EmailText","type":"string"}]}},"Initialize_variable_FullName":{"runAfter":{"Initialize_variable_EmailText":["Succeeded"]},"type":"InitializeVariable","inputs":{"variables":[{"name":"FullName","type":"string","value":"@triggerBody()?['entity']?['fullname']"}]}}},"outputs":{}}},"schemaVersion":"1.0.0.0"}