{"properties":{"connectionReferences":{"shared_commondataserviceforapps_1":{"runtimeSource":"embedded","connection":{"connectionReferenceLogicalName":"mcs_bsldataverse1"},"api":{"name":"shared_commondataserviceforapps"}}},"definition":{"$schema":"https://schema.management.azure.com/providers/Microsoft.Logic/schemas/2016-06-01/workflowdefinition.json#","contentVersion":"1.0.0.0","parameters":{"$connections":{"defaultValue":{},"type":"Object"},"$authentication":{"defaultValue":{},"type":"SecureObject"}},"triggers":{"When_a_record_is_created,_updated_or_deleted":{"metadata":{"operationMetadataId":"d2e86989-f48b-4ae4-a6f6-0aa5e690b72b"},"type":"OpenApiConnectionWebhook","inputs":{"host":{"connectionName":"shared_commondataserviceforapps_1","operationId":"SubscribeWebhookTrigger","apiId":"/providers/Microsoft.PowerApps/apis/shared_commondataserviceforapps"},"parameters":{"subscriptionRequest/message":4,"subscriptionRequest/entityname":"mcs_statement","subscriptionRequest/scope":4,"subscriptionRequest/filteringattributes":"mcs_discountamountcur,mcs_grossamountcur,mcs_discdate","subscriptionRequest/name":"bb65132c-29bb-ea11-a812-000d3ad1cf6f"},"authentication":"@parameters('$authentication')"}}},"actions":{"Initialize_variable_HasError":{"runAfter":{},"metadata":{"operationMetadataId":"4f0b264b-df49-49a2-b45c-5dc38b323adc"},"type":"InitializeVariable","inputs":{"variables":[{"name":"HasError","type":"boolean","value":"@false"}]}},"Initialize_variable_StackTrace":{"runAfter":{"Initialize_variable_HasError":["Succeeded"]},"metadata":{"operationMetadataId":"415d4908-a400-4eb8-9cc8-40585d41d8a5"},"type":"InitializeVariable","inputs":{"variables":[{"name":"StackTrace","type":"string"}]}},"Initialize_variable_URL":{"runAfter":{"Initialize_variable_StackTrace":["Succeeded"]},"metadata":{"operationMetadataId":"c5a95588-1bcb-4b91-8855-6d6ebeafd593"},"type":"InitializeVariable","inputs":{"variables":[{"name":"URL","type":"string"}]}},"ScopeTry":{"actions":{"Condition":{"actions":{"Gross_Amount_minus_Discount_Amount":{"runAfter":{},"metadata":{"operationMetadataId":"192494ca-5a57-43c0-bf0f-08e33ffe624b"},"type":"Compose","inputs":"@sub(triggerOutputs()?['body/mcs_grossamountcur'],triggerOutputs()?['body/mcs_discountamountcur'])"},"Set_Net_Due_Amount_equals_to_Gross_Amount_minus_Discount_Amount":{"runAfter":{"Gross_Amount_minus_Discount_Amount":["Succeeded"]},"metadata":{"operationMetadataId":"b918537d-accb-4a3f-a995-88c5f0b69997"},"type":"OpenApiConnection","inputs":{"host":{"connectionName":"shared_commondataserviceforapps_1","operationId":"UpdateRecord","apiId":"/providers/Microsoft.PowerApps/apis/shared_commondataserviceforapps"},"parameters":{"entityName":"mcs_statements","recordId":"@triggerOutputs()?['body/mcs_statementid']","item/mcs_netdueamountcur":"@outputs('Gross_Amount_minus_Discount_Amount')"},"authentication":"@parameters('$authentication')"}}},"runAfter":{},"else":{"actions":{"Set_Net_Due_Amount_equals_to_Gross_Amonut":{"runAfter":{},"metadata":{"operationMetadataId":"73b1d4d7-5a1b-403a-af81-9cc6e6cec3b2"},"type":"OpenApiConnection","inputs":{"host":{"connectionName":"shared_commondataserviceforapps_1","operationId":"UpdateRecord","apiId":"/providers/Microsoft.PowerApps/apis/shared_commondataserviceforapps"},"parameters":{"entityName":"mcs_statements","recordId":"@triggerOutputs()?['body/mcs_statementid']","item/mcs_netdueamountcur":"@triggerOutputs()?['body/mcs_grossamountcur']"},"authentication":"@parameters('$authentication')"}}}},"expression":{"and":[{"not":{"equals":["@triggerOutputs()?['body/mcs_discdate']","@null"]}},{"greaterOrEquals":["@triggerOutputs()?['body/mcs_discdate']","@convertTimeZone(utcNow(),'UTC','AUS Eastern Standard Time','yyyy-MM-dd')"]}]},"metadata":{"operationMetadataId":"1f761e20-dc91-49e7-b07d-6752062758b7"},"type":"If"}},"runAfter":{"Initialize_variable_URL":["Succeeded"]},"metadata":{"operationMetadataId":"882bc753-350b-42aa-bf1b-b61821e007ed"},"type":"Scope"},"ScopeCatch":{"actions":{"GetCurrentWorkflow":{"runAfter":{},"metadata":{"operationMetadataId":"035d171e-7a6a-411b-aead-8c6fa409affd"},"type":"Compose","inputs":"@workflow()"},"Set_variable_HasError":{"runAfter":{"GetCurrentWorkflow":["Succeeded"]},"metadata":{"operationMetadataId":"4a3dc353-bb93-46be-bddf-dbea115a391e"},"type":"SetVariable","inputs":{"name":"HasError","value":"@true"}},"GetResultOfTryScope":{"runAfter":{"Set_variable_URL":["Succeeded"]},"metadata":{"operationMetadataId":"8808d41e-f0e1-4554-a061-5e5b6bbba462"},"type":"Compose","inputs":"@result('ScopeTry')"},"Set_variable_StackTrace":{"runAfter":{"GetResultOfTryScope":["Succeeded"]},"metadata":{"operationMetadataId":"aa06f3ee-e183-46c1-800d-0fe53dfe0681"},"type":"SetVariable","inputs":{"name":"StackTrace","value":"@{outputs('GetResultOfTryScope')}"}},"Set_variable_URL":{"runAfter":{"Set_variable_HasError":["Succeeded"]},"metadata":{"operationMetadataId":"d1edbf47-7566-4792-aafa-34642ba1d002"},"type":"SetVariable","inputs":{"name":"URL","value":"@{concat('https://australia.flow.microsoft.com/manage/environments/', outputs('GetCurrentWorkflow')['tags']['environmentName'], '/flows/', outputs('GetCurrentWorkflow')['name'], '/runs/', outputs('GetCurrentWorkflow')['run']['name'])}"}}},"runAfter":{"ScopeTry":["Failed","TimedOut"]},"metadata":{"operationMetadataId":"2a28778c-eafa-41fd-9105-790dd99240e4"},"type":"Scope"},"ScopeFinally":{"actions":{"Condition_2":{"actions":{"Create_Power_Automate_Log":{"runAfter":{},"metadata":{"operationMetadataId":"493d1165-9861-42ce-999d-9cfb473817cb"},"type":"OpenApiConnection","inputs":{"host":{"connectionName":"shared_commondataserviceforapps_1","operationId":"CreateRecord","apiId":"/providers/Microsoft.PowerApps/apis/shared_commondataserviceforapps"},"parameters":{"entityName":"mcs_powerautomatelogs","item/mcs_name":"Statement","item/mcs_entityname":"mcs_statement","item/mcs_errorstacktrace":"@if(greater(length(variables('StackTrace')), 100000), substring(variables('StackTrace'), 0, 100000), variables('StackTrace'))","item/mcs_recordid":"@triggerOutputs()?['body/mcs_statementid']","item/mcs_reccordname":"@triggerOutputs()?['body/mcs_name']","item/mcs_url":"@variables('URL')"},"authentication":"@parameters('$authentication')"}}},"runAfter":{},"expression":{"equals":["@variables('HasError')","@true"]},"metadata":{"operationMetadataId":"1075dd7a-93bb-4e5a-b38a-b0dcf2b141c8"},"type":"If"}},"runAfter":{"ScopeCatch":["Succeeded"]},"metadata":{"operationMetadataId":"21305c0e-b2bb-40bb-9fc5-90fc9d85f289"},"type":"Scope"}},"outputs":{}}},"schemaVersion":"1.0.0.0"}