{"properties":{"connectionReferences":{"shared_commondataservice_1":{"runtimeSource":"embedded","connection":{"connectionReferenceLogicalName":"mcs_bsldataverselegacy"},"api":{"name":"shared_commondataservice"}},"shared_keyvault":{"runtimeSource":"embedded","connection":{"connectionReferenceLogicalName":"mcs_azurekeyvault"},"api":{"name":"shared_keyvault"}},"shared_azuread_1":{"runtimeSource":"embedded","connection":{"connectionReferenceLogicalName":"mcs_azuread"},"api":{"name":"shared_azuread"}},"shared_commondataserviceforapps_1":{"impersonation":{},"runtimeSource":"embedded","connection":{"connectionReferenceLogicalName":"mcs_bsldataverse1"},"api":{"name":"shared_commondataserviceforapps"}}},"definition":{"$schema":"https://schema.management.azure.com/providers/Microsoft.Logic/schemas/2016-06-01/workflowdefinition.json#","contentVersion":"1.0.0.0","parameters":{"$connections":{"defaultValue":{},"type":"Object"},"$authentication":{"defaultValue":{},"type":"SecureObject"}},"triggers":{"manual":{"splitOn":"@triggerBody()['rows']","type":"Request","kind":"ApiConnection","inputs":{"schema":{"type":"object","properties":{"rows":{"type":"array","items":{"type":"object","properties":{"entity":{"type":"object","properties":{"contactid":{"title":"Contact","type":"string","format":"guid"},"fullname":{"title":"Full Name","type":"string"},"emailaddress1":{"title":"Email","type":"string"}},"required":["contactid","fullname","emailaddress1"]}},"required":["entity"]}}},"required":["rows"]},"host":{"connection":{"name":"@parameters('$connections')['shared_commondataservice_1']['connectionId']"}},"operationId":"GetOnNewItems_V2","parameters":{"dataset":"default.cds","table":"contacts"}}}},"actions":{"Initialize_variable_PrincipalID":{"runAfter":{},"type":"InitializeVariable","inputs":{"variables":[{"name":"PrincipalID","type":"string","value":"\"0\""}]}},"Initialize_variable_HasError":{"runAfter":{"Initialize_variable_PrincipalID":["Succeeded"]},"type":"InitializeVariable","inputs":{"variables":[{"name":"HasError","type":"boolean","value":"@false"}]}},"Initialize_variable_StackTrace":{"runAfter":{"Initialize_variable_HasError":["Succeeded"]},"type":"InitializeVariable","inputs":{"variables":[{"name":"StackTrace","type":"string"}]}},"Initialize_variable_URL":{"runAfter":{"Initialize_variable_StackTrace":["Succeeded"]},"type":"InitializeVariable","inputs":{"variables":[{"name":"URL","type":"string"}]}},"ScopeTry":{"actions":{"Get_secret_-_Graph_Client_ID":{"runAfter":{},"type":"OpenApiConnection","inputs":{"host":{"apiId":"/providers/Microsoft.PowerApps/apis/shared_keyvault","connectionName":"shared_keyvault","operationId":"GetSecret"},"parameters":{"secretName":"d365-ce-graphautomationapi-clientid"},"authentication":"@parameters('$authentication')"},"runtimeConfiguration":{"secureData":{"properties":["inputs","outputs"]}}},"Get_secret_-_Graph_Client_Secret":{"runAfter":{"Get_secret_-_Graph_Client_ID":["Succeeded"]},"type":"OpenApiConnection","inputs":{"host":{"apiId":"/providers/Microsoft.PowerApps/apis/shared_keyvault","connectionName":"shared_keyvault","operationId":"GetSecret"},"parameters":{"secretName":"d365-ce-graphautomationapi-secret"},"authentication":"@parameters('$authentication')"},"runtimeConfiguration":{"secureData":{"properties":["inputs","outputs"]}}},"Get_secret_-_Tenant_ID":{"runAfter":{"Get_secret_-_Graph_Client_Secret":["Succeeded"]},"type":"OpenApiConnection","inputs":{"host":{"apiId":"/providers/Microsoft.PowerApps/apis/shared_keyvault","connectionName":"shared_keyvault","operationId":"GetSecret"},"parameters":{"secretName":"d365-ce-azuread-tenantid"},"authentication":"@parameters('$authentication')"},"runtimeConfiguration":{"secureData":{"properties":["inputs","outputs"]}}},"Call_Azure_Graph_API":{"runAfter":{"Get_secret_-_Tenant_ID":["Succeeded"]},"type":"Http","inputs":{"method":"GET","uri":"https://graph.microsoft.com/v1.0/users/?$filter=mail eq '@{triggerBody()?['entity']?['emailaddress1']}'","authentication":{"type":"ActiveDirectoryOAuth","tenant":"@outputs('Get_secret_-_Tenant_ID')?['body/value']","audience":"https://graph.microsoft.com","clientId":"@outputs('Get_secret_-_Graph_Client_ID')?['body/value']","secret":"@outputs('Get_secret_-_Graph_Client_Secret')?['body/value']"}}},"Parse_JSON":{"runAfter":{"Call_Azure_Graph_API":["Succeeded"]},"type":"ParseJson","inputs":{"content":"@body('Call_Azure_Graph_API')","schema":{"properties":{"@@odata.context":{"type":"string"},"value":{"items":{"properties":{"businessPhones":{"type":"array"},"displayName":{"type":"string"},"givenName":{},"id":{"type":"string"},"jobTitle":{},"mail":{"type":"string"},"mobilePhone":{},"officeLocation":{},"preferredLanguage":{},"surname":{},"userPrincipalName":{"type":"string"}},"required":["businessPhones","displayName","givenName","jobTitle","mail","mobilePhone","officeLocation","preferredLanguage","surname","userPrincipalName","id"],"type":"object"},"type":"array"}},"type":"object"}}},"Apply_to_each":{"foreach":"@body('Parse_JSON')?['value']","actions":{"Set_variable_PrincipalID":{"runAfter":{},"type":"SetVariable","inputs":{"name":"PrincipalID","value":"@items('Apply_to_each')?['id']"}},"Check_if_PrincipalID_is_empty":{"actions":{"Get_user_by_PrincipalID":{"runAfter":{},"type":"OpenApiConnection","inputs":{"host":{"apiId":"/providers/Microsoft.PowerApps/apis/shared_azuread","connectionName":"shared_azuread_1","operationId":"GetUser"},"parameters":{"id":"@variables('PrincipalID')"},"authentication":"@parameters('$authentication')"}},"Condition":{"actions":{"Update_contact_with_Portal_authentication_values":{"runAfter":{},"type":"OpenApiConnection","inputs":{"host":{"apiId":"/providers/Microsoft.PowerApps/apis/shared_commondataserviceforapps","connectionName":"shared_commondataserviceforapps_1","operationId":"UpdateRecord"},"parameters":{"entityName":"contacts","recordId":"@triggerBody()?['entity']?['contactid']","item/adx_identity_emailaddress1confirmed":true,"item/adx_identity_lockoutenabled":true,"item/adx_identity_logonenabled":true,"item/adx_identity_username":"@outputs('Get_user_by_PrincipalID')?['body/id']","item/mcs_validationerror":"@null"},"authentication":"@parameters('$authentication')"}},"Check_for_Existing_External_Identity":{"actions":{},"runAfter":{"Get_Existing_External_Identities":["Succeeded"]},"else":{"actions":{"Create_External_Identity_record":{"runAfter":{},"type":"OpenApiConnection","inputs":{"host":{"apiId":"/providers/Microsoft.PowerApps/apis/shared_commondataserviceforapps","connectionName":"shared_commondataserviceforapps_1","operationId":"CreateRecord"},"parameters":{"entityName":"adx_externalidentities","item/adx_contactid@odata.bind":"/contacts(@{triggerBody()?['entity']?['contactid']})","item/adx_identityprovidername":"https://sts.windows.net/@{outputs('Get_secret_-_Tenant_ID')?['body/value']}/","item/adx_username":"@outputs('Get_user_by_PrincipalID')?['body/id']"},"authentication":"@parameters('$authentication')"}}}},"expression":{"greater":["@length(outputs('Get_Existing_External_Identities')?['body/value'])",0]},"type":"If"},"Get_Existing_External_Identities":{"runAfter":{"Update_contact_with_Portal_authentication_values":["Succeeded"]},"type":"OpenApiConnection","inputs":{"host":{"apiId":"/providers/Microsoft.PowerApps/apis/shared_commondataserviceforapps","connectionName":"shared_commondataserviceforapps_1","operationId":"ListRecords"},"parameters":{"entityName":"adx_externalidentities","fetchXml":"<fetch version=\"1.0\" output-format=\"xml-platform\" mapping=\"logical\" distinct=\"false\">\n  <entity name=\"adx_externalidentity\">\n    <attribute name=\"adx_username\" />\n    <attribute name=\"adx_identityprovidername\" />\n    <attribute name=\"adx_contactid\" />\n    <attribute name=\"adx_externalidentityid\" />\n    <order attribute=\"adx_identityprovidername\" descending=\"false\" />\n    <filter type=\"and\">\n      <condition attribute=\"adx_contactid\" operator=\"eq\" value=\"@{triggerBody()?['entity']?['contactid']}\"/>\n      <condition attribute=\"adx_username\" operator=\"eq\" value=\"@{outputs('Get_user_by_PrincipalID')?['body/id']}\" />\n    </filter>\n  </entity>\n</fetch>","$top":1},"authentication":"@parameters('$authentication')"}}},"runAfter":{"Get_user_by_PrincipalID":["Succeeded"]},"expression":{"equals":["@empty(outputs('Get_user_by_PrincipalID')?['body'])","@false"]},"type":"If"}},"runAfter":{"Set_variable_PrincipalID":["Succeeded"]},"expression":{"equals":["@empty(variables('PrincipalID'))","@false"]},"type":"If"}},"runAfter":{"Parse_JSON":["Succeeded"]},"type":"Foreach"}},"runAfter":{"Initialize_variable_URL":["Succeeded"]},"type":"Scope"},"ScopeCatch":{"actions":{"GetCurrentWorkflow":{"runAfter":{},"type":"Compose","inputs":"@workflow()"},"Set_variable_HasError":{"runAfter":{"GetCurrentWorkflow":["Succeeded"]},"type":"SetVariable","inputs":{"name":"HasError","value":"@true"}},"GetResultOfTryScope":{"runAfter":{"Set_variable_URL":["Succeeded"]},"type":"Compose","inputs":"@result('ScopeTry')"},"Set_variable_StackTrace":{"runAfter":{"GetResultOfTryScope":["Succeeded"]},"type":"SetVariable","inputs":{"name":"StackTrace","value":"@{outputs('GetResultOfTryScope')}"}},"Set_variable_URL":{"runAfter":{"Set_variable_HasError":["Succeeded"]},"type":"SetVariable","inputs":{"name":"URL","value":"@{concat('https://australia.flow.microsoft.com/manage/environments/', outputs('GetCurrentWorkflow')['tags']['environmentName'], '/flows/', outputs('GetCurrentWorkflow')['name'], '/runs/', outputs('GetCurrentWorkflow')['run']['name'])}"}}},"runAfter":{"ScopeTry":["TimedOut","Failed"]},"type":"Scope"},"ScopeFinally":{"actions":{"Condition_2":{"actions":{"Create_Power_Automate_Log":{"runAfter":{},"type":"OpenApiConnection","inputs":{"host":{"apiId":"/providers/Microsoft.PowerApps/apis/shared_commondataserviceforapps","connectionName":"shared_commondataserviceforapps_1","operationId":"CreateRecord"},"parameters":{"entityName":"mcs_powerautomatelogs","item/mcs_name":"Contact","item/mcs_entityname":"contact","item/mcs_errorstacktrace":"@if(greater(length(variables('StackTrace')),100000),substring(variables('StackTrace'),0,100000),variables('StackTrace'))","item/mcs_recordid":"@triggerBody()?['entity']?['contactid']","item/mcs_reccordname":"@triggerBody()?['entity']?['fullname']","item/mcs_url":"@variables('URL')"},"authentication":"@parameters('$authentication')"}}},"runAfter":{},"expression":{"equals":["@variables('HasError')","@true"]},"type":"If"}},"runAfter":{"ScopeCatch":["Succeeded"]},"type":"Scope"}},"outputs":{}}},"schemaVersion":"1.0.0.0"}