﻿<?xml version="1.0" encoding="utf-8"?>
<savedquery>
  <IsCustomizable>1</IsCustomizable>
  <CanBeDeleted>0</CanBeDeleted>
  <isquickfindquery>0</isquickfindquery>
  <isprivate>0</isprivate>
  <isdefault>0</isdefault>
  <savedqueryid>{8ac9412d-bfc2-411f-9d82-0f1bee3a23b5}</savedqueryid>
  <layoutxml>
    <grid name="resultset" jump="rbs_name" select="1" icon="1" preview="1">
      <row name="result" id="rbs_notificationid">
        <cell name="a_792fecb7513de81181225065f38a8ad1.rbs_name" width="200" disableSorting="1" imageproviderfunctionname="" imageproviderwebresource="$webresource:" />
        <cell name="rbs_notificationpriority" width="100" />
        <cell name="rbs_notificationtype" width="100" />
        <cell name="rbs_regarding" width="100" />
        <cell name="rbs_notificationexpired" width="100" />
        <cell name="ownerid" width="100" />
        <cell name="rbs_navigationurl" width="100" />
        <cell name="rbs_reissuefrequency" width="100" />
        <cell name="createdon" width="125" />
      </row>
    </grid>
  </layoutxml>
  <querytype>0</querytype>
  <fetchxml>
    <fetch version="1.0" mapping="logical">
      <entity name="rbs_notification">
        <attribute name="createdon" />
        <order attribute="createdon" descending="true" />
        <filter type="and">
          <condition attribute="statecode" operator="eq" value="1" />
        </filter>
        <attribute name="rbs_reissuefrequency" />
        <attribute name="rbs_regarding" />
        <attribute name="rbs_notificationtype" />
        <attribute name="rbs_notificationpriority" />
        <attribute name="rbs_notificationexpired" />
        <attribute name="rbs_navigationurl" />
        <attribute name="ownerid" />
        <link-entity alias="a_792fecb7513de81181225065f38a8ad1" name="rbs_notificationmessages" from="rbs_notificationmessagesid" to="rbs_notificationmessageid" link-type="outer" visible="false">
          <attribute name="rbs_name" />
        </link-entity>
        <attribute name="rbs_notificationid" />
      </entity>
    </fetch>
  </fetchxml>
  <IntroducedVersion>1.0.0.0</IntroducedVersion>
  <LocalizedNames>
    <LocalizedName description="Inactive Notifications" languagecode="1033" />
  </LocalizedNames>
</savedquery>