﻿<?xml version="1.0" encoding="utf-8"?>
<RibbonDiffXml>
  <CustomActions>
    <HideCustomAction HideActionId="nwm.Mscrm.Form.nwm_clientaccessrequest.Activate.Hide" Location="Mscrm.Form.nwm_clientaccessrequest.Activate" />
    <HideCustomAction HideActionId="nwm.Mscrm.Form.nwm_clientaccessrequest.Deactivate.Hide" Location="Mscrm.Form.nwm_clientaccessrequest.Deactivate" />
    <HideCustomAction HideActionId="nwm.Mscrm.HomepageGrid.nwm_clientaccessrequest.Activate.Hide" Location="Mscrm.HomepageGrid.nwm_clientaccessrequest.Activate" />
    <HideCustomAction HideActionId="nwm.Mscrm.HomepageGrid.nwm_clientaccessrequest.Deactivate.Hide" Location="Mscrm.HomepageGrid.nwm_clientaccessrequest.Deactivate" />
    <CustomAction Id="nwm.nwm_clientaccessrequest.Approve.Button.CustomAction" Location="Mscrm.Form.nwm_clientaccessrequest.MainTab.Save.Controls._children" Sequence="25">
      <CommandUIDefinition>
        <Button Alt="$LocLabels:nwm.nwm_clientaccessrequest.Approve.Button.Alt" Command="nwm.nwm_clientaccessrequest.Approve.Command" Id="nwm.nwm_clientaccessrequest.Approve.Button" Image32by32="$webresource:nwm_/Images/32px_ClientAccessRequest.png" Image16by16="$webresource:nwm_/Images/16px_ClientAccessRequest.png" LabelText="$LocLabels:nwm.nwm_clientaccessrequest.Approve.Button.LabelText" Sequence="25" TemplateAlias="o1" ToolTipTitle="$LocLabels:nwm.nwm_clientaccessrequest.Approve.Button.ToolTipTitle" ToolTipDescription="$LocLabels:nwm.nwm_clientaccessrequest.Approve.Button.ToolTipDescription" />
      </CommandUIDefinition>
    </CustomAction>
    <CustomAction Id="nwm.nwm_clientaccessrequest.Cancel.Button.CustomAction" Location="Mscrm.Form.nwm_clientaccessrequest.MainTab.Save.Controls._children" Sequence="24">
      <CommandUIDefinition>
        <Button Alt="$LocLabels:nwm.nwm_clientaccessrequest.Cancel.Button.Alt" Command="nwm.nwm_clientaccessrequest.Cancel.Command" Id="nwm.nwm_clientaccessrequest.Cancel.Button" Image32by32="$webresource:nwm_/Images/32px_ClientAccessRequest.png" Image16by16="$webresource:nwm_/Images/16px_ClientAccessRequest.png" LabelText="$LocLabels:nwm.nwm_clientaccessrequest.Cancel.Button.LabelText" Sequence="24" TemplateAlias="o1" ToolTipTitle="$LocLabels:nwm.nwm_clientaccessrequest.Cancel.Button.ToolTipTitle" ToolTipDescription="$LocLabels:nwm.nwm_clientaccessrequest.Cancel.Button.ToolTipDescription" />
      </CommandUIDefinition>
    </CustomAction>
    <CustomAction Id="nwm.nwm_clientaccessrequest.MultiApproveCAR.Button.CustomAction" Location="Mscrm.HomepageGrid.nwm_clientaccessrequest.MainTab.Management.Controls._children" Sequence="8">
      <CommandUIDefinition>
        <Button Alt="$LocLabels:nwm.nwm_clientaccessrequest.MultiApproveCAR.Button.Alt" Command="nwm.nwm_clientaccessrequest.MultiApproveCAR.Command" Id="nwm.nwm_clientaccessrequest.MultiApproveCAR.Button" Image32by32="$webresource:nwm_/Images/32px_ClientAccessRequest.png" Image16by16="$webresource:nwm_/Images/16px_ClientAccessRequest.png" LabelText="$LocLabels:nwm.nwm_clientaccessrequest.MultiApproveCAR.Button.LabelText" Sequence="8" TemplateAlias="o1" ToolTipTitle="$LocLabels:nwm.nwm_clientaccessrequest.MultiApproveCAR.Button.ToolTipTitle" ToolTipDescription="$LocLabels:nwm.nwm_clientaccessrequest.MultiApproveCAR.Button.ToolTipDescription" />
      </CommandUIDefinition>
    </CustomAction>
    <CustomAction Id="nwm.nwm_clientaccessrequest.MultiCancelCAR.Button.CustomAction" Location="Mscrm.HomepageGrid.nwm_clientaccessrequest.MainTab.Management.Controls._children" Sequence="6">
      <CommandUIDefinition>
        <Button Alt="$LocLabels:nwm.nwm_clientaccessrequest.MultiCancelCAR.Button.Alt" Command="nwm.nwm_clientaccessrequest.MultiCancelCAR.Command" Id="nwm.nwm_clientaccessrequest.MultiCancelCAR.Button" Image32by32="$webresource:nwm_/Images/32px_ClientAccessRequest.png" Image16by16="$webresource:nwm_/Images/16px_ClientAccessRequest.png" LabelText="$LocLabels:nwm.nwm_clientaccessrequest.MultiCancelCAR.Button.LabelText" Sequence="6" TemplateAlias="o1" ToolTipTitle="$LocLabels:nwm.nwm_clientaccessrequest.MultiCancelCAR.Button.ToolTipTitle" ToolTipDescription="$LocLabels:nwm.nwm_clientaccessrequest.MultiCancelCAR.Button.ToolTipDescription" />
      </CommandUIDefinition>
    </CustomAction>
    <CustomAction Id="nwm.nwm_clientaccessrequest.MultiRejectCAR.Button.CustomAction" Location="Mscrm.HomepageGrid.nwm_clientaccessrequest.MainTab.Management.Controls._children" Sequence="9">
      <CommandUIDefinition>
        <Button Alt="$LocLabels:nwm.nwm_clientaccessrequest.MultiRejectCAR.Button.Alt" Command="nwm.nwm_clientaccessrequest.MultiRejectCAR.Command" Id="nwm.nwm_clientaccessrequest.MultiRejectCAR.Button" Image32by32="$webresource:nwm_/Images/32px_ClientAccessRequest.png" Image16by16="$webresource:nwm_/Images/16px_ClientAccessRequest.png" LabelText="$LocLabels:nwm.nwm_clientaccessrequest.MultiRejectCAR.Button.LabelText" Sequence="9" TemplateAlias="o1" ToolTipTitle="$LocLabels:nwm.nwm_clientaccessrequest.MultiRejectCAR.Button.ToolTipTitle" ToolTipDescription="$LocLabels:nwm.nwm_clientaccessrequest.MultiRejectCAR.Button.ToolTipDescription" />
      </CommandUIDefinition>
    </CustomAction>
    <CustomAction Id="nwm.nwm_clientaccessrequest.MultiSubmitCAR.Button.CustomAction" Location="Mscrm.HomepageGrid.nwm_clientaccessrequest.MainTab.Management.Controls._children" Sequence="5">
      <CommandUIDefinition>
        <Button Alt="$LocLabels:nwm.nwm_clientaccessrequest.MultiSubmitCAR.Button.Alt" Command="nwm.nwm_clientaccessrequest.MultiSubmitCAR.Command" Id="nwm.nwm_clientaccessrequest.MultiSubmitCAR.Button" Image32by32="$webresource:nwm_/Images/32px_ClientAccessRequest.png" Image16by16="$webresource:nwm_/Images/16px_ClientAccessRequest.png" LabelText="$LocLabels:nwm.nwm_clientaccessrequest.MultiSubmitCAR.Button.LabelText" Sequence="5" TemplateAlias="o1" ToolTipTitle="$LocLabels:nwm.nwm_clientaccessrequest.MultiSubmitCAR.Button.ToolTipTitle" ToolTipDescription="$LocLabels:nwm.nwm_clientaccessrequest.MultiSubmitCAR.Button.ToolTipDescription" />
      </CommandUIDefinition>
    </CustomAction>
    <CustomAction Id="nwm.nwm_clientaccessrequest.Reject.Button.CustomAction" Location="Mscrm.Form.nwm_clientaccessrequest.MainTab.Save.Controls._children" Sequence="28">
      <CommandUIDefinition>
        <Button Alt="$LocLabels:nwm.nwm_clientaccessrequest.Reject.Button.Alt" Command="nwm.nwm_clientaccessrequest.Reject.Command" Id="nwm.nwm_clientaccessrequest.Reject.Button" Image32by32="$webresource:nwm_/Images/32px_ClientAccessRequest.png" Image16by16="$webresource:nwm_/Images/16px_ClientAccessRequest.png" LabelText="$LocLabels:nwm.nwm_clientaccessrequest.Reject.Button.LabelText" Sequence="28" TemplateAlias="o1" ToolTipTitle="$LocLabels:nwm.nwm_clientaccessrequest.Reject.Button.ToolTipTitle" ToolTipDescription="$LocLabels:nwm.nwm_clientaccessrequest.Reject.Button.ToolTipDescription" />
      </CommandUIDefinition>
    </CustomAction>
    <CustomAction Id="nwm.nwm_clientaccessrequest.Submit.Button.CustomAction" Location="Mscrm.Form.nwm_clientaccessrequest.MainTab.Save.Controls._children" Sequence="23">
      <CommandUIDefinition>
        <Button Alt="$LocLabels:nwm.nwm_clientaccessrequest.Submit.Button.Alt" Command="nwm.nwm_clientaccessrequest.Submit.Command" Id="nwm.nwm_clientaccessrequest.Submit.Button" Image32by32="$webresource:nwm_/Images/32px_ClientAccessRequest.png" Image16by16="$webresource:nwm_/Images/16px_ClientAccessRequest.png" LabelText="$LocLabels:nwm.nwm_clientaccessrequest.Submit.Button.LabelText" Sequence="23" TemplateAlias="o1" ToolTipTitle="$LocLabels:nwm.nwm_clientaccessrequest.Submit.Button.ToolTipTitle" ToolTipDescription="$LocLabels:nwm.nwm_clientaccessrequest.Submit.Button.ToolTipDescription" />
      </CommandUIDefinition>
    </CustomAction>
  </CustomActions>
  <Templates>
    <RibbonTemplates Id="Mscrm.Templates"></RibbonTemplates>
  </Templates>
  <CommandDefinitions>
    <CommandDefinition Id="nwm.nwm_clientaccessrequest.Approve.Command">
      <EnableRules>
        <EnableRule Id="nwm.nwm_clientaccessrequest.ApproveReject.EnableRuleStatusCode" />
      </EnableRules>
      <DisplayRules />
      <Actions>
        <JavaScriptFunction FunctionName="ActionClientAccessRequest" Library="$webresource:nwm_/Script/clientaccessrequest.js">
          <StringParameter Value="approve" />
        </JavaScriptFunction>
      </Actions>
    </CommandDefinition>
    <CommandDefinition Id="nwm.nwm_clientaccessrequest.Cancel.Command">
      <EnableRules>
        <EnableRule Id="nwm.nwm_clientaccessrequest.Cancel.EnableRule" />
      </EnableRules>
      <DisplayRules />
      <Actions>
        <JavaScriptFunction FunctionName="ActionClientAccessRequest" Library="$webresource:nwm_/Script/clientaccessrequest.js">
          <StringParameter Value="cancel" />
        </JavaScriptFunction>
      </Actions>
    </CommandDefinition>
    <CommandDefinition Id="nwm.nwm_clientaccessrequest.MultiApproveCAR.Command">
      <EnableRules>
        <EnableRule Id="nwm.nwm_clientaccessrequest.MultiApproveCAR.EnableRule" />
      </EnableRules>
      <DisplayRules />
      <Actions>
        <JavaScriptFunction FunctionName="isNaN" Library="$webresource:nwm_/app/assets/lib/jquery_1.9.1.js" />
        <JavaScriptFunction FunctionName="isNaN" Library="$webresource:nwm_/Script/process.js" />
        <JavaScriptFunction FunctionName="MultiApproveClientAccessRequest" Library="$webresource:nwm_/Script/clientaccessrequest.js">
          <CrmParameter Value="SelectedControlSelectedItemIds" />
        </JavaScriptFunction>
      </Actions>
    </CommandDefinition>
    <CommandDefinition Id="nwm.nwm_clientaccessrequest.MultiCancelCAR.Command">
      <EnableRules>
        <EnableRule Id="nwm.nwm_clientaccessrequest.MultiCancelCAR.EnableRule" />
      </EnableRules>
      <DisplayRules />
      <Actions>
        <JavaScriptFunction FunctionName="isNaN" Library="$webresource:nwm_/app/assets/lib/jquery_1.9.1.js" />
        <JavaScriptFunction FunctionName="isNaN" Library="$webresource:nwm_/Script/process.js" />
        <JavaScriptFunction FunctionName="MultiCancelClientAccessRequest" Library="$webresource:nwm_/Script/clientaccessrequest.js">
          <CrmParameter Value="SelectedControlSelectedItemIds" />
        </JavaScriptFunction>
      </Actions>
    </CommandDefinition>
    <CommandDefinition Id="nwm.nwm_clientaccessrequest.MultiRejectCAR.Command">
      <EnableRules>
        <EnableRule Id="nwm.nwm_clientaccessrequest.MultiRejectCAR.EnableRule" />
      </EnableRules>
      <DisplayRules />
      <Actions>
        <JavaScriptFunction FunctionName="isNaN" Library="$webresource:nwm_/app/assets/lib/jquery_1.9.1.js" />
        <JavaScriptFunction FunctionName="isNaN" Library="$webresource:nwm_/Script/process.js" />
        <JavaScriptFunction FunctionName="MultiRejectClientAccessRequest" Library="$webresource:nwm_/Script/clientaccessrequest.js">
          <CrmParameter Value="SelectedControlSelectedItemIds" />
        </JavaScriptFunction>
      </Actions>
    </CommandDefinition>
    <CommandDefinition Id="nwm.nwm_clientaccessrequest.MultiSubmitCAR.Command">
      <EnableRules>
        <EnableRule Id="nwm.nwm_clientaccessrequest.MultiSubmitCAR.EnableRule" />
      </EnableRules>
      <DisplayRules />
      <Actions>
        <JavaScriptFunction FunctionName="isNaN" Library="$webresource:nwm_/app/assets/lib/jquery_1.9.1.js" />
        <JavaScriptFunction FunctionName="isNaN" Library="$webresource:nwm_/Script/process.js" />
        <JavaScriptFunction FunctionName="MultiSubmitClientAccessRequest" Library="$webresource:nwm_/Script/clientaccessrequest.js">
          <CrmParameter Value="SelectedControlSelectedItemIds" />
        </JavaScriptFunction>
      </Actions>
    </CommandDefinition>
    <CommandDefinition Id="nwm.nwm_clientaccessrequest.Reject.Command">
      <EnableRules>
        <EnableRule Id="nwm.nwm_clientaccessrequest.ApproveReject.EnableRuleStatusCode" />
      </EnableRules>
      <DisplayRules />
      <Actions>
        <JavaScriptFunction FunctionName="ActionClientAccessRequest" Library="$webresource:nwm_/Script/clientaccessrequest.js">
          <StringParameter Value="reject" />
        </JavaScriptFunction>
      </Actions>
    </CommandDefinition>
    <CommandDefinition Id="nwm.nwm_clientaccessrequest.Submit.Command">
      <EnableRules>
        <EnableRule Id="nwm.nwm_clientaccessrequest.Submit.EnableRuleRecordSaved" />
        <EnableRule Id="nwm.nwm_clientaccessrequest.Submit.EnableRuleStatusCode" />
      </EnableRules>
      <DisplayRules />
      <Actions>
        <JavaScriptFunction FunctionName="ActionClientAccessRequest" Library="$webresource:nwm_/Script/clientaccessrequest.js">
          <StringParameter Value="submit" />
        </JavaScriptFunction>
      </Actions>
    </CommandDefinition>
  </CommandDefinitions>
  <RuleDefinitions>
    <TabDisplayRules />
    <DisplayRules />
    <EnableRules>
      <EnableRule Id="nwm.nwm_clientaccessrequest.ApproveReject.EnableRuleStatusCode">
        <ValueRule Field="statuscode" Value="Submitted" Default="false" />
      </EnableRule>
      <EnableRule Id="nwm.nwm_clientaccessrequest.Cancel.EnableRule">
        <OrRule>
          <Or>
            <ValueRule Field="statuscode" Value="Draft" Default="false" />
          </Or>
          <Or>
            <ValueRule Field="statuscode" Value="Submitted" Default="false" />
          </Or>
        </OrRule>
      </EnableRule>
      <EnableRule Id="nwm.nwm_clientaccessrequest.MultiApproveCAR.EnableRule">
        <SelectionCountRule AppliesTo="SelectedEntity" Minimum="1" Maximum="100" />
      </EnableRule>
      <EnableRule Id="nwm.nwm_clientaccessrequest.MultiCancelCAR.EnableRule">
        <SelectionCountRule AppliesTo="SelectedEntity" Minimum="1" Maximum="100" />
      </EnableRule>
      <EnableRule Id="nwm.nwm_clientaccessrequest.MultiRejectCAR.EnableRule">
        <SelectionCountRule AppliesTo="SelectedEntity" Minimum="1" Maximum="100" />
      </EnableRule>
      <EnableRule Id="nwm.nwm_clientaccessrequest.MultiSubmitCAR.EnableRule">
        <SelectionCountRule AppliesTo="SelectedEntity" Minimum="1" Maximum="100" />
      </EnableRule>
      <EnableRule Id="nwm.nwm_clientaccessrequest.Submit.EnableRuleRecordSaved">
        <ValueRule Field="nwm_clientaccessrequestid" Value="null" Default="false" InvertResult="true" />
      </EnableRule>
      <EnableRule Id="nwm.nwm_clientaccessrequest.Submit.EnableRuleStatusCode">
        <ValueRule Field="statuscode" Value="Draft" Default="false" />
      </EnableRule>
    </EnableRules>
  </RuleDefinitions>
  <LocLabels>
    <LocLabel Id="nwm.nwm_clientaccessrequest.Approve.Button.Alt">
      <Titles>
        <Title description="Approve Client Access Request" languagecode="1033" />
      </Titles>
    </LocLabel>
    <LocLabel Id="nwm.nwm_clientaccessrequest.Approve.Button.LabelText">
      <Titles>
        <Title description="Approve" languagecode="1033" />
      </Titles>
    </LocLabel>
    <LocLabel Id="nwm.nwm_clientaccessrequest.Approve.Button.ToolTipDescription">
      <Titles>
        <Title description="Approve Client Access Request" languagecode="1033" />
      </Titles>
    </LocLabel>
    <LocLabel Id="nwm.nwm_clientaccessrequest.Approve.Button.ToolTipTitle">
      <Titles>
        <Title description="Approve Client Access Request" languagecode="1033" />
      </Titles>
    </LocLabel>
    <LocLabel Id="nwm.nwm_clientaccessrequest.Cancel.Button.Alt">
      <Titles>
        <Title description="Cancel the Client Access request" languagecode="1033" />
      </Titles>
    </LocLabel>
    <LocLabel Id="nwm.nwm_clientaccessrequest.Cancel.Button.LabelText">
      <Titles>
        <Title description="Cancel" languagecode="1033" />
      </Titles>
    </LocLabel>
    <LocLabel Id="nwm.nwm_clientaccessrequest.Cancel.Button.ToolTipDescription">
      <Titles>
        <Title description="Cancel the Client Access request" languagecode="1033" />
      </Titles>
    </LocLabel>
    <LocLabel Id="nwm.nwm_clientaccessrequest.Cancel.Button.ToolTipTitle">
      <Titles>
        <Title description="Cancel the Client Access request" languagecode="1033" />
      </Titles>
    </LocLabel>
    <LocLabel Id="nwm.nwm_clientaccessrequest.MultiApproveCAR.Button.Alt">
      <Titles>
        <Title description="Approve the Client Access Requests" languagecode="1033" />
      </Titles>
    </LocLabel>
    <LocLabel Id="nwm.nwm_clientaccessrequest.MultiApproveCAR.Button.LabelText">
      <Titles>
        <Title description="Approve" languagecode="1033" />
      </Titles>
    </LocLabel>
    <LocLabel Id="nwm.nwm_clientaccessrequest.MultiApproveCAR.Button.ToolTipDescription">
      <Titles>
        <Title description="Approve the Client Access Requests" languagecode="1033" />
      </Titles>
    </LocLabel>
    <LocLabel Id="nwm.nwm_clientaccessrequest.MultiApproveCAR.Button.ToolTipTitle">
      <Titles>
        <Title description="Approve the Client Access Requests" languagecode="1033" />
      </Titles>
    </LocLabel>
    <LocLabel Id="nwm.nwm_clientaccessrequest.MultiCancelCAR.Button.Alt">
      <Titles>
        <Title description="Cancel Selected Client Access Requests" languagecode="1033" />
      </Titles>
    </LocLabel>
    <LocLabel Id="nwm.nwm_clientaccessrequest.MultiCancelCAR.Button.LabelText">
      <Titles>
        <Title description="Cancel" languagecode="1033" />
      </Titles>
    </LocLabel>
    <LocLabel Id="nwm.nwm_clientaccessrequest.MultiCancelCAR.Button.ToolTipDescription">
      <Titles>
        <Title description="Cancel Selected Client Access Requests" languagecode="1033" />
      </Titles>
    </LocLabel>
    <LocLabel Id="nwm.nwm_clientaccessrequest.MultiCancelCAR.Button.ToolTipTitle">
      <Titles>
        <Title description="Cancel Selected Client Access Requests" languagecode="1033" />
      </Titles>
    </LocLabel>
    <LocLabel Id="nwm.nwm_clientaccessrequest.MultiRejectCAR.Button.Alt">
      <Titles>
        <Title description="Reject the Client Access Requests" languagecode="1033" />
      </Titles>
    </LocLabel>
    <LocLabel Id="nwm.nwm_clientaccessrequest.MultiRejectCAR.Button.LabelText">
      <Titles>
        <Title description="Reject" languagecode="1033" />
      </Titles>
    </LocLabel>
    <LocLabel Id="nwm.nwm_clientaccessrequest.MultiRejectCAR.Button.ToolTipDescription">
      <Titles>
        <Title description="Reject the Client Access Requests" languagecode="1033" />
      </Titles>
    </LocLabel>
    <LocLabel Id="nwm.nwm_clientaccessrequest.MultiRejectCAR.Button.ToolTipTitle">
      <Titles>
        <Title description="Reject the Client Access Requests" languagecode="1033" />
      </Titles>
    </LocLabel>
    <LocLabel Id="nwm.nwm_clientaccessrequest.MultiSubmitCAR.Button.Alt">
      <Titles>
        <Title description="Submit the Selected Client Access Requests" languagecode="1033" />
      </Titles>
    </LocLabel>
    <LocLabel Id="nwm.nwm_clientaccessrequest.MultiSubmitCAR.Button.LabelText">
      <Titles>
        <Title description="Submit" languagecode="1033" />
      </Titles>
    </LocLabel>
    <LocLabel Id="nwm.nwm_clientaccessrequest.MultiSubmitCAR.Button.ToolTipDescription">
      <Titles>
        <Title description="Submit the Selected Client Access Requests" languagecode="1033" />
      </Titles>
    </LocLabel>
    <LocLabel Id="nwm.nwm_clientaccessrequest.MultiSubmitCAR.Button.ToolTipTitle">
      <Titles>
        <Title description="Submit the Selected Client Access Requests" languagecode="1033" />
      </Titles>
    </LocLabel>
    <LocLabel Id="nwm.nwm_clientaccessrequest.Reject.Button.Alt">
      <Titles>
        <Title description="Reject Client Access Request" languagecode="1033" />
      </Titles>
    </LocLabel>
    <LocLabel Id="nwm.nwm_clientaccessrequest.Reject.Button.LabelText">
      <Titles>
        <Title description="Reject" languagecode="1033" />
      </Titles>
    </LocLabel>
    <LocLabel Id="nwm.nwm_clientaccessrequest.Reject.Button.ToolTipDescription">
      <Titles>
        <Title description="Reject Client Access Request" languagecode="1033" />
      </Titles>
    </LocLabel>
    <LocLabel Id="nwm.nwm_clientaccessrequest.Reject.Button.ToolTipTitle">
      <Titles>
        <Title description="Reject Client Access Request" languagecode="1033" />
      </Titles>
    </LocLabel>
    <LocLabel Id="nwm.nwm_clientaccessrequest.Submit.Button.Alt">
      <Titles>
        <Title description="Submit Client Access Request" languagecode="1033" />
      </Titles>
    </LocLabel>
    <LocLabel Id="nwm.nwm_clientaccessrequest.Submit.Button.LabelText">
      <Titles>
        <Title description="Submit" languagecode="1033" />
      </Titles>
    </LocLabel>
    <LocLabel Id="nwm.nwm_clientaccessrequest.Submit.Button.ToolTipDescription">
      <Titles>
        <Title description="Submit Client Access Request" languagecode="1033" />
      </Titles>
    </LocLabel>
    <LocLabel Id="nwm.nwm_clientaccessrequest.Submit.Button.ToolTipTitle">
      <Titles>
        <Title description="Submit Client Access Request" languagecode="1033" />
      </Titles>
    </LocLabel>
  </LocLabels>
</RibbonDiffXml>