﻿<?xml version="1.0" encoding="utf-8"?>
<WebResource>
  <WebResourceId>{40ed491d-2f3d-e611-a23b-005056ae789b}</WebResourceId>
  <Name>rbsm_/app/components/widgets/connections_fetch.xml</Name>
  <DisplayName>rbsm_/app/components/widgets/connections_fetch.xml</DisplayName>
  <WebResourceType>4</WebResourceType>
  <IntroducedVersion>1.0</IntroducedVersion>
  <IsCustomizable>1</IsCustomizable>
  <CanBeDeleted>1</CanBeDeleted>
  <IsHidden>0</IsHidden>
  <FileName>/WebResources/rbsm_appcomponentswidgetsconnections_fetchxml40ED491D-2F3D-E611-A23B-005056AE789B</FileName>
</WebResource>