﻿<?xml version="1.0" encoding="utf-8"?>
<WebResource>
  <WebResourceId>{e800aacc-5c3c-e611-a23b-005056ae789b}</WebResourceId>
  <Name>rbsm_/app/components/widgets/connections.html</Name>
  <DisplayName>rbsm_/app/components/widgets/connections.html</DisplayName>
  <WebResourceType>1</WebResourceType>
  <IntroducedVersion>1.0</IntroducedVersion>
  <IsCustomizable>1</IsCustomizable>
  <CanBeDeleted>1</CanBeDeleted>
  <IsHidden>0</IsHidden>
  <FileName>/WebResources/rbsm_appcomponentswidgetsconnectionshtmlE800AACC-5C3C-E611-A23B-005056AE789B</FileName>
</WebResource>