﻿<?xml version="1.0" encoding="utf-8"?>
<WebResource>
  <WebResourceId>{ce4c016f-fb4f-e611-8f24-005056ae789b}</WebResourceId>
  <Name>rbsm_/app/components/widgets/connections_controller.js</Name>
  <DisplayName>rbsm_/app/components/widgets/connections_controller.js</DisplayName>
  <WebResourceType>3</WebResourceType>
  <IntroducedVersion>1.0</IntroducedVersion>
  <IsCustomizable>1</IsCustomizable>
  <CanBeDeleted>1</CanBeDeleted>
  <IsHidden>0</IsHidden>
  <FileName>/WebResources/rbsm_appcomponentswidgetsconnections_controllerjsCE4C016F-FB4F-E611-8F24-005056AE789B</FileName>
</WebResource>