﻿<?xml version="1.0" encoding="utf-8"?>
<WebResource>
  <WebResourceId>{d2d20495-1e24-e611-b141-005056ae789b}</WebResourceId>
  <Name>rbsm_/app/components/widgets/controller.js</Name>
  <DisplayName>rbsm_/app/components/widgets/controller.js</DisplayName>
  <WebResourceType>3</WebResourceType>
  <IntroducedVersion>1.0</IntroducedVersion>
  <IsCustomizable>1</IsCustomizable>
  <CanBeDeleted>1</CanBeDeleted>
  <IsHidden>0</IsHidden>
  <FileName>/WebResources/rbsm_appcomponentswidgetscontrollerjsD2D20495-1E24-E611-B141-005056AE789B</FileName>
</WebResource>