﻿<?xml version="1.0" encoding="utf-8"?>
<WebResource>
  <WebResourceId>{d5d20495-1e24-e611-b141-005056ae789b}</WebResourceId>
  <Name>rbsm_/app/components/widgets/index.html</Name>
  <DisplayName>rbsm_/app/components/widgets/index.html</DisplayName>
  <WebResourceType>1</WebResourceType>
  <IntroducedVersion>1.0</IntroducedVersion>
  <IsCustomizable>1</IsCustomizable>
  <CanBeDeleted>1</CanBeDeleted>
  <IsHidden>0</IsHidden>
  <FileName>/WebResources/rbsm_appcomponentswidgetsindexhtmlD5D20495-1E24-E611-B141-005056AE789B</FileName>
</WebResource>