﻿<?xml version="1.0" encoding="utf-8"?>
<WebResource>
  <WebResourceId>{04ed89f9-2450-e611-8f24-005056ae789b}</WebResourceId>
  <Name>rbsm_/app/components/widgets/vistestiframe.html</Name>
  <DisplayName>rbsm_/app/components/widgets/vistestiframe.html</DisplayName>
  <WebResourceType>1</WebResourceType>
  <IntroducedVersion>1.0</IntroducedVersion>
  <IsCustomizable>1</IsCustomizable>
  <CanBeDeleted>1</CanBeDeleted>
  <IsHidden>0</IsHidden>
  <FileName>/WebResources/rbsm_appcomponentswidgetsvistestiframehtml04ED89F9-2450-E611-8F24-005056AE789B</FileName>
</WebResource>