<?xml version="1.0" encoding="utf-8"?>
<RibbonDiffXml xmlns:xsi="http://www.w3.org/2001/XMLSchema-instance">
  <CustomActions>
    <HideCustomAction
      HideActionId="rhm.Mscrm.Form.salesorder.CancelOrder.Hide"
      Location="Mscrm.Form.salesorder.CancelOrder" />
    <HideCustomAction
      HideActionId="rhm.Mscrm.Form.salesorder.FulfillOrder.Hide"
      Location="Mscrm.Form.salesorder.FulfillOrder" />
    <HideCustomAction
      HideActionId="rhm.Mscrm.Form.salesorder.NewRecord.Hide"
      Location="Mscrm.Form.salesorder.NewRecord" />
    <HideCustomAction
      HideActionId="rhm.Mscrm.HomepageGrid.salesorder.NewRecord.Hide"
      Location="Mscrm.HomepageGrid.salesorder.NewRecord" />
  </CustomActions>
  <Templates>
    <RibbonTemplates
      Id="Mscrm.Templates"></RibbonTemplates>
  </Templates>
  <CommandDefinitions />
  <RuleDefinitions>
    <TabDisplayRules />
    <DisplayRules />
    <EnableRules />
  </RuleDefinitions>
  <LocLabels />
</RibbonDiffXml>