﻿<?xml version="1.0" encoding="utf-8"?>
<systemform>
  <formid>{965b7e21-d548-4bc0-8b78-1ca8412a5e17}</formid>
  <IntroducedVersion>0.0.0.1</IntroducedVersion>
  <FormPresentation>1</FormPresentation>
  <FormActivationState>1</FormActivationState>
  <form showImage="true" shownavigationbar="true" maxWidth="1900">
    <ancestor id="{8448b78f-8f42-454e-8e2a-f8196b0419af}" />
    <hiddencontrols>
      <data id="address1_addressid" datafieldname="address1_addressid" classid="{5546E6CD-394C-4bee-94A8-4425E17EF6C6}" />
      <data id="address2_addressid" datafieldname="address2_addressid" classid="{5546E6CD-394C-4bee-94A8-4425E17EF6C6}" />
    </hiddencontrols>
    <tabs>
      <tab name="SUMMARY_TAB" id="{3b0b63a9-d379-689a-0ec3-e71eb4c6a841}" IsUserDefined="0" showlabel="true" expanded="true" locklevel="0" labelid="{c12c90a1-86a7-497c-9231-3e7bf220dc54}">
        <labels>
          <label description="Summary" languagecode="1033" />
        </labels>
        <columns>
          <column width="28%">
            <sections>
              <section name="ACCOUNT_INFORMATION" showlabel="true" showbar="false" id="{0eb92e6c-bcb8-0d52-a188-d81543ddb7cd}" IsUserDefined="0" layout="varwidth" columns="1" labelwidth="115" celllabelposition="Left" labelid="{8f7c1236-fc4e-437b-ab1d-09e47a4ea4a2}" locklevel="0" celllabelalignment="Left">
                <labels>
                  <label description="ACCOUNT INFORMATION" languagecode="1033" />
                </labels>
                <rows>
                  <row>
                    <cell id="{b0e82a7e-5683-d90c-308a-0d779377ea8a}" showlabel="true" labelid="{04b6490c-72fd-4e4e-a4ed-c95985edeb26}">
                      <labels>
                        <label description="Client Name" languagecode="1033" />
                      </labels>
                      <control id="name" classid="{4273EDBD-AC1D-40d3-9FB2-095C621B552D}" datafieldname="name" disabled="false" uniqueid="{d7e25357-7b76-c13a-5565-8550a4750de9}" />
                    </cell>
                  </row>
                  <row>
                    <cell id="{308b091a-6b96-2cbe-ac93-7ddb067a69d3}" showlabel="true" locklevel="0">
                      <labels>
                        <label description="CISCode" languagecode="1033" />
                      </labels>
                      <control id="nwm_ciscode" classid="{4273EDBD-AC1D-40d3-9FB2-095C621B552D}" datafieldname="nwm_ciscode" disabled="false" />
                    </cell>
                  </row>
                  <row>
                    <cell id="{b6c1a84b-7403-9a82-d936-8140cb7c815c}" showlabel="true" locklevel="0">
                      <labels>
                        <label description="Level" languagecode="1033" />
                      </labels>
                      <control id="nwm_level" classid="{3EF39988-22BB-4f0b-BBBE-64B5A3748AEE}" datafieldname="nwm_level" disabled="false" />
                    </cell>
                  </row>
                  <row>
                    <cell id="{3dd9971b-3e8c-16da-aaee-9b13ed639b17}" showlabel="true" locklevel="0">
                      <labels>
                        <label description="PTT Url" languagecode="1033" />
                      </labels>
                      <control id="nwm_agilemarketurl" classid="{71716B6C-711E-476c-8AB8-5D11542BFB47}" datafieldname="nwm_agilemarketurl" disabled="false" uniqueid="{e76e3e2d-c63c-4c10-68be-0e0d0c10ce63}" />
                    </cell>
                  </row>
                  <row>
                    <cell id="{3441a91e-47c5-672c-7a20-902d6baa9036}" showlabel="true" labelid="{968c35be-e5d3-4342-9953-76f120f964c4}">
                      <labels>
                        <label description="Phone" languagecode="1033" />
                      </labels>
                      <control id="telephone1" classid="{4273EDBD-AC1D-40d3-9FB2-095C621B552D}" datafieldname="telephone1" disabled="false" />
                    </cell>
                  </row>
                  <row>
                    <cell id="{87DE203E-B03C-44CC-8B06-438202B82553}" labelid="{ed6fb9ba-ae0a-4926-b87b-4d8d28b44212}">
                      <labels>
                        <label description="Parent Client" languagecode="1033" />
                      </labels>
                      <events>
                        <event name="setadditionalparams" application="true" active="true">
                          <InternalHandlers>
                            <Handler functionName="Mscrm.parentaccountid_setadditionalparams" libraryName="Account_main_system_library.js" handlerUniqueId="c5cc10db-58ac-4611-a529-c1ff599707b1" enabled="true" passExecutionContext="true" />
                          </InternalHandlers>
                        </event>
                      </events>
                      <control id="parentaccountid" classid="{270BD3DB-D9AF-4782-9025-509E298DEC0A}" datafieldname="parentaccountid" />
                    </cell>
                  </row>
                  <row>
                    <cell id="{466b3134-8653-e9dd-dd8e-b6a2bacc789d}" showlabel="true" locklevel="0">
                      <labels>
                        <label description="Ultimate L1 Parent" languagecode="1033" />
                      </labels>
                      <control id="nwm_ultimatel1parent" classid="{270BD3DB-D9AF-4782-9025-509E298DEC0A}" datafieldname="nwm_ultimatel1parent" disabled="false" />
                    </cell>
                  </row>
                  <row>
                    <cell id="{9d50965e-ab39-6518-7284-a49ed834993d}" showlabel="true" locklevel="0" labelid="{3142cf49-662f-4538-8c8d-f7e7d937b54a}">
                      <labels>
                        <label description="Classification" languagecode="1033" />
                      </labels>
                      <control id="nwm_classification" classid="{4273EDBD-AC1D-40d3-9FB2-095C621B552D}" datafieldname="nwm_classification" disabled="false" />
                    </cell>
                  </row>
                  <row>
                    <cell id="{daa8c917-2083-b918-48d3-d0e775d2d1a0}" showlabel="true" locklevel="0" labelid="{39cc97c6-4a02-4861-b3be-f997c79b9509}">
                      <labels>
                        <label description="Domicile" languagecode="1033" />
                      </labels>
                      <control id="nwm_domicile" classid="{4273EDBD-AC1D-40d3-9FB2-095C621B552D}" datafieldname="nwm_domicile" disabled="false" />
                    </cell>
                  </row>
                  <row>
                    <cell id="{9119cbc8-dd6b-e2aa-1586-2b9668eea09a}" showlabel="true" locklevel="0" labelid="{be886e44-b15a-4622-86fd-8b33c8ccfe9f}">
                      <labels>
                        <label description="Geography" languagecode="1033" />
                      </labels>
                      <control id="nwm_geography" classid="{4273EDBD-AC1D-40d3-9FB2-095C621B552D}" datafieldname="nwm_geography" disabled="false" />
                    </cell>
                  </row>
                  <row>
                    <cell id="{4215b745-4e73-6e1a-cb97-2a6e8c1b19b7}" showlabel="true" locklevel="0" labelid="{bba97543-1c53-46d9-923f-1db8253db6e7}">
                      <labels>
                        <label description="Sector" languagecode="1033" />
                      </labels>
                      <control id="nwm_sector" classid="{4273EDBD-AC1D-40d3-9FB2-095C621B552D}" datafieldname="nwm_sector" disabled="false" />
                    </cell>
                  </row>
                  <row>
                    <cell id="{4b1bd5da-883e-ee4d-cb16-51a45c55e1e5}" showlabel="true" locklevel="0" labelid="{f6312f9e-ace3-41f0-a205-e799b7135fd6}">
                      <labels>
                        <label description="Sub Sector" languagecode="1033" />
                      </labels>
                      <control id="nwm_subsector" classid="{4273EDBD-AC1D-40d3-9FB2-095C621B552D}" datafieldname="nwm_subsector" disabled="false" />
                    </cell>
                  </row>
                  <row>
                    <cell id="{38a7c741-5d12-baa2-a46b-088761272872}" showlabel="true" locklevel="0" labelid="{8eae8402-c227-4f96-a7aa-6997d1a7e0ca}">
                      <labels>
                        <label description="SDM Id" languagecode="1033" />
                      </labels>
                      <control id="nwm_sdmid" classid="{C6D124CA-7EDA-4a60-AEA9-7FB8D318B68F}" datafieldname="nwm_sdmid" disabled="false" />
                    </cell>
                  </row>
                  <row>
                    <cell id="{edae98d9-2cba-3b92-99b9-b28345970c5d}" showlabel="true" locklevel="0">
                      <labels>
                        <label description="CIB Coverage Model" languagecode="1033" />
                      </labels>
                      <control id="nwm_cibcoveragemodelid" classid="{270BD3DB-D9AF-4782-9025-509E298DEC0A}" datafieldname="nwm_cibcoveragemodelid" disabled="false" />
                    </cell>
                  </row>
                  <row>
                    <cell id="{62645307-81ce-a36b-4777-97672338a217}" showlabel="true" locklevel="0">
                      <labels>
                        <label description="Client Tier" languagecode="1033" />
                      </labels>
                      <control id="nwm_clienttier" classid="{3EF39988-22BB-4f0b-BBBE-64B5A3748AEE}" datafieldname="nwm_clienttier" disabled="false" />
                    </cell>
                  </row>
                </rows>
              </section>
              <section name="clientdetail_section" showlabel="true" showbar="false" locklevel="0" id="{a72e600c-4bb5-508d-d786-c165e72d1235}" IsUserDefined="0" layout="varwidth" columns="1" labelwidth="115" celllabelalignment="Left" celllabelposition="Left" availableforphone="false">
                <labels>
                  <label description="Client Detail" languagecode="1033" />
                </labels>
                <rows>
                  <row>
                    <cell id="{79a856d2-b4bd-d6c9-d7ec-969408c4002e}" showlabel="false" colspan="1" auto="false" rowspan="6">
                      <labels>
                        <label description="Client Details" languagecode="1033" />
                      </labels>
                      <control id="WebResource_ClientDetail" classid="{9FDF5F91-88B1-47f4-AD53-C11EFC01A01D}">
                        <parameters>
                          <Url>nwm_/html/ClientDetail.html</Url>
                          <PassParameters>false</PassParameters>
                          <ShowOnMobileClient>false</ShowOnMobileClient>
                          <Security>false</Security>
                          <Scrolling>auto</Scrolling>
                          <Border>false</Border>
                          <WebResourceId>{6D56A3D7-2603-E711-80DF-3863BB34CDB0}</WebResourceId>
                        </parameters>
                      </control>
                      <events>
                        <event name="onload" application="0">
                          <dependencies />
                        </event>
                      </events>
                    </cell>
                  </row>
                  <row />
                  <row />
                  <row />
                  <row />
                  <row />
                </rows>
              </section>
              <section name="MapSection" showlabel="false" showbar="false" id="{e1c565b8-7db7-4a44-b4e7-281614ff849b}" IsUserDefined="0" layout="varwidth" columns="1" labelwidth="115" celllabelposition="Left" labelid="{990d964a-4aa0-4d38-9948-f68e5b86b5b5}">
                <labels>
                  <label description="" languagecode="1033" />
                </labels>
                <rows>
                  <row>
                    <cell id="{7c550a71-c8f5-469b-a221-cc4563525b70}" showlabel="false" rowspan="8" colspan="1" auto="false" labelid="{bd491eb8-d60e-4eac-8d86-8ae48528ec5e}">
                      <labels>
                        <label description="Map View" languagecode="1033" />
                      </labels>
                      <control id="mapcontrol" classid="{62B0DF79-0464-470F-8AF7-4483CFEA0C7D}">
                        <parameters>
                          <AddressField>address1_composite</AddressField>
                        </parameters>
                      </control>
                    </cell>
                  </row>
                  <row />
                  <row />
                  <row />
                  <row />
                  <row />
                  <row />
                  <row />
                </rows>
              </section>
            </sections>
          </column>
          <column width="44%">
            <sections>
              <section name="SOCIAL_PANE_TAB" showlabel="false" showbar="false" id="{7a073b7c-5422-2418-3d26-b2a7eb290832}" IsUserDefined="0" layout="varwidth" columns="1" labelwidth="115" celllabelposition="Top" locklevel="0" celllabelalignment="Left" labelid="{7d776ce8-39b8-4803-8fbb-b2c9c7058038}">
                <labels>
                  <label description="SOCIAL PANE" languagecode="1033" />
                </labels>
                <rows>
                  <row height="stdwithlabel">
                    <cell id="{7e87ab43-7321-21c7-5704-24c5c38000c6}" showlabel="false" rowspan="15" auto="false" colspan="1" labelid="{2b8155cc-679f-4972-a60b-caa925f35267}" locklevel="0">
                      <labels>
                        <label description="Notes Properties" languagecode="1033" />
                      </labels>
                      <control id="notescontrol" classid="{06375649-c143-495e-a496-c962e5b4488e}" disabled="false" uniqueid="{a1e63098-327c-3be9-a223-1c5947b3a61e}">
                        <parameters>
                          <DefaultTabId>ActivitiesTab</DefaultTabId>
                          <OrderByActivityWall>descending</OrderByActivityWall>
                          <SortActivityWall>modifiedon</SortActivityWall>
                          <ShowArticleTab>false</ShowArticleTab>
                          <SelectDefaultLanguage>00000000-0000-0000-0000-000000000000</SelectDefaultLanguage>
                        </parameters>
                      </control>
                    </cell>
                  </row>
                  <row />
                  <row />
                  <row />
                  <row />
                  <row />
                  <row />
                  <row />
                  <row />
                  <row />
                  <row />
                  <row />
                  <row />
                  <row />
                  <row />
                </rows>
              </section>
            </sections>
          </column>
          <column width="28%">
            <sections>
              <section name="SUMMARY_TAB_section_6" showlabel="false" showbar="false" locklevel="0" id="{d4c3ee9c-ba71-5cdb-31be-2aa505750472}" IsUserDefined="0" layout="varwidth" columns="1" labelwidth="115" celllabelalignment="Left" celllabelposition="Top" labelid="{658efb1a-1cb7-4fbd-9ebb-2345f06e0374}">
                <labels>
                  <label description="Section" languagecode="1033" />
                </labels>
                <rows>
                  <row>
                    <cell id="{2a7bdb0d-0c39-0cd5-d42c-4d649161a22c}" showlabel="true" colspan="1" auto="false" rowspan="6">
                      <labels>
                        <label description="CLIENT ACCESS TEAM" languagecode="1033" />
                      </labels>
                      <control id="ClientAccessTeam" classid="{E7A81278-8635-4d9e-8D4D-59480B391C5B}" indicationOfSubgrid="true" uniqueid="{84974a7a-4d86-adea-77d7-2db7a47022c9}">
                        <parameters>
                          <ViewId>{381CCD8D-67C8-451E-BCDA-66860DBC74D0}</ViewId>
                          <IsUserView>false</IsUserView>
                          <RelationshipName>nwm_account_clientaccessteam_Client</RelationshipName>
                          <TargetEntityType>nwm_clientaccessteam</TargetEntityType>
                          <AutoExpand>Fixed</AutoExpand>
                          <EnableQuickFind>false</EnableQuickFind>
                          <EnableViewPicker>false</EnableViewPicker>
                          <ViewIds>{381CCD8D-67C8-451E-BCDA-66860DBC74D0}</ViewIds>
                          <EnableJumpBar>false</EnableJumpBar>
                          <ChartGridMode>All</ChartGridMode>
                          <VisualizationId />
                          <IsUserChart>false</IsUserChart>
                          <EnableChartPicker>true</EnableChartPicker>
                          <RecordsPerPage>4</RecordsPerPage>
                        </parameters>
                      </control>
                    </cell>
                  </row>
                  <row />
                  <row />
                  <row />
                  <row />
                  <row />
                  <row>
                    <cell id="{58b242a8-4a5a-c35c-0097-0ae583a13d87}" showlabel="true" colspan="1" auto="false" rowspan="6">
                      <labels>
                        <label description="RBS CLIENT COVERAGE" languagecode="1033" />
                      </labels>
                      <control id="RBSClientCoverage" classid="{E7A81278-8635-4d9e-8D4D-59480B391C5B}" indicationOfSubgrid="true" uniqueid="{007b157e-4e91-7453-ea3c-d519cdb351a3}">
                        <parameters>
                          <ViewId>{89FC3E99-537F-43FF-ABDA-CE8703F0B6DD}</ViewId>
                          <IsUserView>false</IsUserView>
                          <RelationshipName>nwm_account_nwm_employee_coveragerole_Account</RelationshipName>
                          <TargetEntityType>nwm_employee_coveragerole</TargetEntityType>
                          <AutoExpand>Fixed</AutoExpand>
                          <EnableQuickFind>false</EnableQuickFind>
                          <EnableViewPicker>false</EnableViewPicker>
                          <ViewIds>{89FC3E99-537F-43FF-ABDA-CE8703F0B6DD}</ViewIds>
                          <EnableJumpBar>false</EnableJumpBar>
                          <ChartGridMode>All</ChartGridMode>
                          <VisualizationId />
                          <IsUserChart>false</IsUserChart>
                          <EnableChartPicker>true</EnableChartPicker>
                          <RecordsPerPage>4</RecordsPerPage>
                        </parameters>
                      </control>
                    </cell>
                  </row>
                  <row />
                  <row />
                  <row />
                  <row />
                  <row />
                  <row>
                    <cell id="{8e24c7e3-6a40-5abb-eadb-254eba5478e2}" showlabel="true" colspan="1" auto="false" rowspan="7" labelid="{ab9d9ab1-4cf3-4205-a555-8d5ab58a3eeb}">
                      <labels>
                        <label description="CONTACTS" languagecode="1033" />
                      </labels>
                      <control id="Contacts" classid="{E7A81278-8635-4d9e-8D4D-59480B391C5B}" uniqueid="{e5ac9390-4a0a-5819-b352-3e7cbe2c6855}">
                        <parameters>
                          <ViewId>{73BC2D9B-4E0E-424C-8839-ED59D6817E3A}</ViewId>
                          <IsUserView>false</IsUserView>
                          <RelationshipName>contact_customer_accounts</RelationshipName>
                          <TargetEntityType>contact</TargetEntityType>
                          <AutoExpand>Auto</AutoExpand>
                          <EnableQuickFind>false</EnableQuickFind>
                          <EnableViewPicker>false</EnableViewPicker>
                          <ViewIds />
                          <EnableJumpBar>false</EnableJumpBar>
                          <ChartGridMode>Grid</ChartGridMode>
                          <VisualizationId />
                          <IsUserChart>false</IsUserChart>
                          <EnableChartPicker>false</EnableChartPicker>
                          <RecordsPerPage>6</RecordsPerPage>
                        </parameters>
                      </control>
                    </cell>
                  </row>
                  <row />
                  <row />
                  <row />
                  <row />
                  <row />
                  <row />
                  <row>
                    <cell id="{245158ED-C47A-4BB5-AAC7-E8C96A655801}" showlabel="true" rowspan="8" colspan="1" auto="false" labelid="{a79ef7a0-7d9b-4a3b-9df7-9aa8180d0541}">
                      <labels>
                        <label description="RECENT OPPORTUNITIES" languagecode="1033" />
                      </labels>
                      <control id="accountopportunitiesgrid" classid="{E7A81278-8635-4d9e-8D4D-59480B391C5B}">
                        <parameters>
                          <ViewId>{9C3F7EE8-ECA7-E211-9FB6-00155DD0EA05}</ViewId>
                          <RelationshipName>opportunity_customer_accounts</RelationshipName>
                          <TargetEntityType>opportunity</TargetEntityType>
                          <AutoExpand>Fixed</AutoExpand>
                          <EnableQuickFind>false</EnableQuickFind>
                          <EnableViewPicker>false</EnableViewPicker>
                          <EnableJumpBar>false</EnableJumpBar>
                          <EnableChartPicker>false</EnableChartPicker>
                          <RecordsPerPage>5</RecordsPerPage>
                          <IsUserView>false</IsUserView>
                          <ViewIds>{00000000-0000-0000-00AA-000010003000},{9C3F7EE8-ECA7-E211-9FB6-00155DD0EA05}</ViewIds>
                          <ChartGridMode>Grid</ChartGridMode>
                          <VisualizationId>{8BC5FB18-48F2-4782-9E16-3D452FA4DDCE}</VisualizationId>
                          <IsUserChart>false</IsUserChart>
                        </parameters>
                      </control>
                    </cell>
                  </row>
                  <row />
                  <row />
                  <row />
                  <row />
                  <row />
                  <row />
                  <row />
                </rows>
              </section>
            </sections>
          </column>
        </columns>
      </tab>
      <tab name="address_tab" id="{d825380d-cad5-088c-6dda-12a9bc5d676b}" IsUserDefined="0" locklevel="0" showlabel="true" expanded="true" availableforphone="false">
        <labels>
          <label description="Addresses" languagecode="1033" />
        </labels>
        <columns>
          <column width="100%">
            <sections>
              <section name="registeredaddress_section" showlabel="true" showbar="false" locklevel="0" id="{a6c8ed15-e173-4343-7b49-2435810c3d25}" IsUserDefined="0" layout="varwidth" columns="1" labelwidth="115" celllabelalignment="Left" celllabelposition="Left">
                <labels>
                  <label description="Registered Address" languagecode="1033" />
                </labels>
                <rows>
                  <row>
                    <cell id="{5c08ade9-59bb-8abd-a266-213b83b231e9}" showlabel="false" locklevel="0">
                      <labels>
                        <label description="Registered Address" languagecode="1033" />
                      </labels>
                      <control id="address1_composite" classid="{E0DECE4B-6FC8-4a8f-A065-082708572369}" datafieldname="address1_composite" disabled="false" uniqueid="{ac0cb345-79d6-b695-0222-c37bcc900a80}" />
                    </cell>
                  </row>
                </rows>
              </section>
              <section name="tradingaddress_section" showlabel="true" showbar="false" locklevel="0" id="{3bda2346-4212-7ed5-e783-33178b938e49}" IsUserDefined="0" layout="varwidth" columns="1" labelwidth="115" celllabelalignment="Left" celllabelposition="Left">
                <labels>
                  <label description="Trading Address" languagecode="1033" />
                </labels>
                <rows>
                  <row>
                    <cell id="{2a726bec-c5ae-7985-90b5-1359b05577dd}" showlabel="false" locklevel="0">
                      <labels>
                        <label description="Trading Address" languagecode="1033" />
                      </labels>
                      <control id="address2_composite" classid="{E0DECE4B-6FC8-4a8f-A065-082708572369}" datafieldname="address2_composite" disabled="false" uniqueid="{7b9cc660-5864-3993-5a25-438b0d575bd0}" />
                    </cell>
                  </row>
                </rows>
              </section>
            </sections>
          </column>
        </columns>
      </tab>
      <tab name="DETAILS_TAB" id="{11a42c72-9ded-ea04-253d-2143e731b795}" IsUserDefined="0" showlabel="true" expanded="true" labelid="{3d28da47-f1c7-4696-84a1-6965007b61e8}" locklevel="0">
        <labels>
          <label description="Other Information" languagecode="1033" />
        </labels>
        <columns>
          <column width="34%">
            <sections>
              <section name="COMPANY_PROFILE" showlabel="true" showbar="false" id="{ca8587c5-18c0-cac1-7c34-6c639eade090}" IsUserDefined="0" layout="varwidth" columns="1" labelwidth="115" celllabelposition="Left" labelid="{d59e26ae-2b13-407a-97ac-ba3efb0d4da0}">
                <labels>
                  <label description="COMPANY PROFILE" languagecode="1033" />
                </labels>
                <rows>
                  <row>
                    <cell id="{59782911-4d1a-38dc-ce49-7dae620dbc51}" showlabel="true" labelid="{27a97250-edce-4249-866f-c071c180fe3c}">
                      <labels>
                        <label description="Industry" languagecode="1033" />
                      </labels>
                      <control id="industrycode" classid="{3EF39988-22BB-4f0b-BBBE-64B5A3748AEE}" datafieldname="industrycode" disabled="false" uniqueid="{42996796-1806-5141-10c5-c0e679957e29}" />
                    </cell>
                  </row>
                  <row>
                    <cell id="{930beba3-d531-0808-c403-de95e2ac3e62}" showlabel="true" labelid="{e681a0af-b8a8-4f17-aa8a-8bce1569e0ec}">
                      <labels>
                        <label description="SIC Code" languagecode="1033" />
                      </labels>
                      <control id="sic" classid="{4273EDBD-AC1D-40d3-9FB2-095C621B552D}" datafieldname="sic" disabled="false" />
                    </cell>
                  </row>
                  <row>
                    <cell id="{1c33ad89-92a1-8433-2378-306259eb57c0}" showlabel="true" labelid="{fa954cd9-e073-45a0-a79a-9bf55a35b725}">
                      <labels>
                        <label description="Ownership" languagecode="1033" />
                      </labels>
                      <control id="ownershipcode" classid="{3EF39988-22BB-4f0b-BBBE-64B5A3748AEE}" datafieldname="ownershipcode" disabled="false" />
                    </cell>
                  </row>
                  <row>
                    <cell id="{a56cc0cd-350e-2901-599b-761d7736e569}" showlabel="false" userspacer="true" labelid="{ef601b18-e42f-46b0-a454-83b6b96c79f5}">
                      <labels>
                        <label description="" languagecode="1033" />
                      </labels>
                    </cell>
                  </row>
                </rows>
              </section>
              <section name="DETAILS_TAB_section_6" showlabel="true" showbar="false" locklevel="0" id="{e201b9ce-c3d5-c922-dba5-528c25066940}" IsUserDefined="0" layout="varwidth" columns="1" labelwidth="115" celllabelalignment="Left" celllabelposition="Top" height="auto" labelid="{febb2259-e864-4481-a87f-b5caab0e63db}">
                <labels>
                  <label description="Description" languagecode="1033" />
                </labels>
                <rows>
                  <row>
                    <cell id="{a4a726a2-8e3e-79d0-02c3-0a04a6b71089}" showlabel="false" locklevel="0" rowspan="3" auto="true" labelid="{f7ae106c-267f-4bb6-a69c-6e3a112ad5a6}">
                      <labels>
                        <label description="Description" languagecode="1033" />
                      </labels>
                      <control id="description" classid="{E0DECE4B-6FC8-4a8f-A065-082708572369}" datafieldname="description" disabled="false" uniqueid="{b17bd889-6c33-2ac1-dc3c-a54a2a169429}" />
                    </cell>
                  </row>
                  <row />
                  <row height="auto" />
                </rows>
              </section>
            </sections>
          </column>
          <column width="33%">
            <sections>
              <section name="MARKETING" showlabel="true" locklevel="0" showbar="false" id="{767ab9cb-cb99-45f4-bd68-32742a864c7c}" IsUserDefined="0" layout="varheight" columns="1" labelwidth="115" celllabelposition="Left" labelid="{2777fba2-5531-4111-935b-cd6e8905bc86}">
                <labels>
                  <label description="MARKETING" languagecode="1033" />
                </labels>
                <rows>
                  <row>
                    <cell id="{b9c3d8fd-12a2-4474-b937-43da8Be00e6f}" labelid="{900ef52e-06be-4023-aafb-4d0e15d21190}">
                      <labels>
                        <label description="Originating Lead" languagecode="1033" />
                      </labels>
                      <control id="originatingleadid" classid="{270BD3DB-D9AF-4782-9025-509E298DEC0A}" datafieldname="originatingleadid" />
                    </cell>
                  </row>
                  <row>
                    <cell auto="false" showlabel="true" locklevel="0" rowspan="1" colspan="1" id="{86b0d247-2f08-455c-a135-91f73860575d}" labelid="{9068ae26-cf3b-494d-9aef-60f7e9972550}">
                      <labels>
                        <label description="Last Campaign Date" languagecode="1033" />
                      </labels>
                      <control id="lastusedincampaign" classid="{5B773807-9FB2-42db-97C3-7A91EFF8ADFF}" datafieldname="lastusedincampaign" disabled="true" />
                    </cell>
                  </row>
                  <row>
                    <cell auto="false" showlabel="true" locklevel="0" rowspan="1" colspan="1" id="{0013a9f1-6d23-4080-87a8-f040e1c673fb}" labelid="{6eba5bdc-d133-4dc5-b781-73d7c5192d3d}">
                      <labels>
                        <label description="Marketing Materials" languagecode="1033" />
                      </labels>
                      <control id="donotsendmm" classid="{67FAC785-CD58-4f9f-ABB3-4B7DDC6ED5ED}" datafieldname="donotsendmm" disabled="false" />
                    </cell>
                  </row>
                  <row>
                    <cell id="{91865d5a-0869-620b-16b1-9bc50017bc02}" showlabel="false" userspacer="true" labelid="{2a7044f2-115f-4571-813f-cc64c2de230e}">
                      <labels>
                        <label description="" languagecode="1033" />
                      </labels>
                    </cell>
                  </row>
                </rows>
              </section>
              <section name="CONTACT_PREFERENCES" showlabel="true" showbar="false" id="{2787a122-55d5-4c8d-9b21-c8d4ec8cc3fc}" IsUserDefined="0" columns="1" labelwidth="115" celllabelposition="Left" labelid="{bf54bed4-b426-48a2-bbbd-4e1e19d77ec1}">
                <labels>
                  <label description="CONTACT PREFERENCES" languagecode="1033" />
                </labels>
                <rows>
                  <row>
                    <cell id="{e651d783-6c9f-4e8d-981c-c9577e344e7b}" labelid="{491c21bf-1913-4e5e-a408-98dea941675e}">
                      <labels>
                        <label description="Contact Method" languagecode="1033" />
                      </labels>
                      <control id="preferredcontactmethodcode" classid="{3EF39988-22BB-4f0b-BBBE-64B5A3748AEE}" datafieldname="preferredcontactmethodcode" />
                    </cell>
                  </row>
                  <row>
                    <cell id="{0a536c64-788d-4f22-a388-fbddfdee8142}" labelid="{d91a0926-aac4-4fc1-9ca5-d6d517c53ee0}">
                      <labels>
                        <label description="Email" languagecode="1033" />
                      </labels>
                      <control id="donotemail" classid="{67FAC785-CD58-4f9f-ABB3-4B7DDC6ED5ED}" datafieldname="donotemail" />
                    </cell>
                  </row>
                  <row>
                    <cell id="{cfa09fa5-ccb6-4f97-bd8d-d7e037a7aab1}" labelid="{68d49cf5-f7b4-4e4f-aac4-f0cfed0c5468}">
                      <labels>
                        <label description="Bulk Email" languagecode="1033" />
                      </labels>
                      <control id="donotbulkemail" classid="{67FAC785-CD58-4f9f-ABB3-4B7DDC6ED5ED}" datafieldname="donotbulkemail" />
                    </cell>
                  </row>
                  <row>
                    <cell id="{f587cb66-b142-47c9-bc7a-009875261840}" labelid="{941e43f8-4874-46e3-b3a0-d2ba7ddb2752}">
                      <labels>
                        <label description="Phone" languagecode="1033" />
                      </labels>
                      <control id="donotphone" classid="{67FAC785-CD58-4f9f-ABB3-4B7DDC6ED5ED}" datafieldname="donotphone" />
                    </cell>
                  </row>
                  <row>
                    <cell id="{12927a20-3614-4546-89fc-9bdbd9b7432f}" labelid="{5f6b95f8-381b-47f1-ba7f-9bc0299b73d6}">
                      <labels>
                        <label description="Fax" languagecode="1033" />
                      </labels>
                      <control id="donotfax" classid="{67FAC785-CD58-4f9f-ABB3-4B7DDC6ED5ED}" datafieldname="donotfax" />
                    </cell>
                  </row>
                  <row>
                    <cell id="{ed50e866-7968-483d-8388-0e6313d3c784}" labelid="{ea9c9700-1afb-48fa-bb79-d63c7b28fcc1}">
                      <labels>
                        <label description="Mail" languagecode="1033" />
                      </labels>
                      <control id="donotpostalmail" classid="{67FAC785-CD58-4f9f-ABB3-4B7DDC6ED5ED}" datafieldname="donotpostalmail" />
                    </cell>
                  </row>
                </rows>
              </section>
            </sections>
          </column>
          <column width="33%">
            <sections>
              <section name="ChildAccounts" showlabel="true" showbar="false" locklevel="0" id="{1e0e4517-ba6b-1540-53a9-09647d67443a}" IsUserDefined="0" layout="varwidth" columns="1" labelwidth="115" celllabelalignment="Left" celllabelposition="Left" labelid="{ba96bde5-a3e5-46c0-bc3f-c5d60fab5674}">
                <labels>
                  <label description="CHILD COMPANIES" languagecode="1033" />
                </labels>
                <rows>
                  <row>
                    <cell id="{8b1d7a7a-972c-78c1-d287-82ec5b33d167}" showlabel="false" colspan="1" auto="false" rowspan="6" labelid="{fa1f607d-c42f-40a6-92cd-0ba0325f0b9f}">
                      <labels>
                        <label description="Child Accounts" languagecode="1033" />
                      </labels>
                      <control id="ChildAccounts" classid="{E7A81278-8635-4d9e-8D4D-59480B391C5B}">
                        <parameters>
                          <ViewId>{00000000-0000-0000-00AA-000010001002}</ViewId>
                          <IsUserView>false</IsUserView>
                          <RelationshipName>account_parent_account</RelationshipName>
                          <TargetEntityType>account</TargetEntityType>
                          <AutoExpand>Fixed</AutoExpand>
                          <EnableQuickFind>false</EnableQuickFind>
                          <EnableViewPicker>false</EnableViewPicker>
                          <ViewIds>{00000000-0000-0000-00AA-000010001002},{00000000-0000-0000-00AA-000010001001}</ViewIds>
                          <EnableJumpBar>false</EnableJumpBar>
                          <ChartGridMode>Grid</ChartGridMode>
                          <VisualizationId>{74A622C0-5193-DE11-97D4-00155DA3B01E}</VisualizationId>
                          <IsUserChart>false</IsUserChart>
                          <EnableChartPicker>false</EnableChartPicker>
                          <RecordsPerPage>4</RecordsPerPage>
                        </parameters>
                      </control>
                    </cell>
                  </row>
                  <row />
                  <row />
                  <row />
                  <row />
                  <row />
                </rows>
              </section>
            </sections>
          </column>
        </columns>
      </tab>
      <tab name="tab_clientaccessrequest" id="{4ca0d851-353a-18d6-b8d4-1a17ed1e5612}" IsUserDefined="0" locklevel="0" showlabel="true" expanded="true">
        <labels>
          <label description="Client Access Requests" languagecode="1033" />
        </labels>
        <columns>
          <column width="100%">
            <sections>
              <section name="section_clientaccessrequest" showlabel="false" showbar="false" locklevel="0" id="{d4713280-6ed5-93a6-4e93-5eaa76a78130}" IsUserDefined="0" layout="varwidth" columns="1" labelwidth="115" celllabelalignment="Left" celllabelposition="Left">
                <labels>
                  <label description="Client Access Requests" languagecode="1033" />
                </labels>
                <rows>
                  <row>
                    <cell id="{3bdd5724-2e9a-9cd9-c2b1-006e65018219}" showlabel="false" colspan="1" auto="false" rowspan="6">
                      <labels>
                        <label description="Client Access Requests (Client)" languagecode="1033" />
                      </labels>
                      <control id="clientaccessrequests" classid="{E7A81278-8635-4d9e-8D4D-59480B391C5B}" indicationOfSubgrid="true">
                        <parameters>
                          <ViewId>{DDADD7A5-14EB-4116-9A0C-9C43F0B817E0}</ViewId>
                          <IsUserView>false</IsUserView>
                          <RelationshipName>nwm_ClientAccessRequest_Client</RelationshipName>
                          <TargetEntityType>nwm_clientaccessrequest</TargetEntityType>
                          <AutoExpand>Fixed</AutoExpand>
                          <EnableQuickFind>false</EnableQuickFind>
                          <EnableViewPicker>false</EnableViewPicker>
                          <ViewIds />
                          <EnableJumpBar>false</EnableJumpBar>
                          <ChartGridMode>All</ChartGridMode>
                          <VisualizationId />
                          <IsUserChart>false</IsUserChart>
                          <EnableChartPicker>true</EnableChartPicker>
                          <RecordsPerPage>4</RecordsPerPage>
                        </parameters>
                      </control>
                    </cell>
                  </row>
                  <row />
                  <row />
                  <row />
                  <row />
                  <row />
                </rows>
              </section>
            </sections>
          </column>
        </columns>
      </tab>
    </tabs>
    <header id="{d5a03552-1183-4347-a237-1f894ba449eb}" columns="111" celllabelposition="Top" labelwidth="115">
      <rows>
        <row>
          <cell id="{cd74e796-3449-0c3d-3320-45be3a8da145}" showlabel="false">
            <labels>
              <label description="" languagecode="1033" />
            </labels>
          </cell>
          <cell id="{d3e19d4e-b2ae-409f-9b4e-5976527c6c83}" labelid="{c6f792d2-f3fc-49d2-becf-aa77ff9875ea}">
            <labels>
              <label description="Annual Revenue" languagecode="1033" />
            </labels>
            <control id="header_revenue" classid="{533B9E00-756B-4312-95A0-DC888637AC78}" datafieldname="revenue" />
          </cell>
          <cell id="{54b2d0a2-eb77-b3cd-b60a-03ea6944e98e}" showlabel="true" locklevel="1" labelid="{47d3b4ae-8ad1-48b8-9f00-2c267272a544}">
            <labels>
              <label description="Owner" languagecode="1033" />
            </labels>
            <control id="header_ownerid" classid="{270BD3DB-D9AF-4782-9025-509E298DEC0A}" datafieldname="ownerid" />
          </cell>
        </row>
      </rows>
    </header>
    <clientresources>
      <internalresources>
        <clientincludes>
          <internaljscriptfile src="$webresource:Account_main_system_library.js" />
        </clientincludes>
      </internalresources>
    </clientresources>
    <Navigation>
      <NavBar>
        <NavBarByRelationshipItem RelationshipName="Account_CustomerAddress" Id="navAddresses" Sequence="10" Area="Info" Show="false">
          <Privileges>
            <Privilege Entity="" Privilege="ReadActivity" />
          </Privileges>
          <Titles>
            <Title LCID="1033" Text="Addresses" />
          </Titles>
        </NavBarByRelationshipItem>
        <NavBarByRelationshipItem RelationshipName="quote_customer_accounts" Id="navQuotes" TitleResourceId="Tab_Label_MoreQuotes" Sequence="11" Area="Info" Show="false">
          <Privileges>
            <Privilege Entity="" Privilege="ReadActivity" />
          </Privileges>
          <Titles>
            <Title LCID="1033" Text="Quote" />
          </Titles>
        </NavBarByRelationshipItem>
        <NavBarByRelationshipItem RelationshipName="account_customer_relationship_customer" Id="navRelationships" TitleResourceId="Left_Nav_Area_Relationships" Sequence="12" Area="Info" Show="false">
          <Privileges>
            <Privilege Entity="" Privilege="ReadActivity" />
          </Privileges>
          <Titles>
            <Title LCID="1033" Text="CustomerRelationship" />
          </Titles>
        </NavBarByRelationshipItem>
        <NavBarByRelationshipItem RelationshipName="invoice_customer_accounts" Id="navInvoices" TitleResourceId="Tab_Label_MoreInvoices" Sequence="13" Area="Info" Show="false">
          <Privileges>
            <Privilege Entity="" Privilege="ReadActivity" />
          </Privileges>
          <Titles>
            <Title LCID="1033" Text="Invoice" />
          </Titles>
        </NavBarByRelationshipItem>
        <NavBarByRelationshipItem RelationshipName="account_parent_account" Id="navSubAccts" TitleResourceId="Label_SubAccounts" Sequence="14" Area="Info" Show="false">
          <Privileges>
            <Privilege Entity="" Privilege="ReadActivity" />
          </Privileges>
          <Titles>
            <Title LCID="1033" Text="Accounts" />
          </Titles>
        </NavBarByRelationshipItem>
        <NavBarByRelationshipItem RelationshipName="contract_customer_accounts" Id="navContracts" TitleResourceId="Tab_Label_MoreContracts" Sequence="15" Area="Info" Show="false">
          <Privileges>
            <Privilege Entity="" Privilege="ReadActivity" />
          </Privileges>
          <Titles>
            <Title LCID="1033" Text="Contract" />
          </Titles>
        </NavBarByRelationshipItem>
        <NavBarByRelationshipItem RelationshipName="order_customer_accounts" Id="navOrders" TitleResourceId="Tab_Label_MoreOrders" Sequence="16" Area="Info" Show="false">
          <Privileges>
            <Privilege Entity="" Privilege="ReadActivity" />
          </Privileges>
          <Titles>
            <Title LCID="1033" Text="SalesOrder" />
          </Titles>
        </NavBarByRelationshipItem>
        <NavBarByRelationshipItem RelationshipName="hardcoded_{B7196B13-6B9D-42CD-BD58-B19A3953126F}navCampaignsInSFA" Sequence="21" Area="Marketing" Id="navCampaignsInSFA" Show="false">
          <Titles>
            <Title LCID="1033" Text="Campaigns" />
          </Titles>
        </NavBarByRelationshipItem>
        <NavBarByRelationshipItem RelationshipName="Socialprofile_customer_accounts" Sequence="51" Area="Info" Id="navSocialprofiles">
          <Titles>
            <Title LCID="1033" Text="Social Profiles" />
          </Titles>
        </NavBarByRelationshipItem>
        <NavBarByRelationshipItem RelationshipName="hardcoded_{B7196B13-6B9D-42CD-BD58-B19A3953126F}navProcessSessions" Sequence="9700" Area="ProcessCenter" Id="navProcessSessions" Show="false">
          <Titles>
            <Title LCID="1033" Text="Dialog Sessions" />
          </Titles>
        </NavBarByRelationshipItem>
        <NavBarByRelationshipItem RelationshipName="nwm_account_callreport_ClientId" Sequence="10001" Area="Info" Id="nav_nwm_account_callreport_ClientId">
          <Titles>
            <Title LCID="1033" Text="Call Reports" />
          </Titles>
        </NavBarByRelationshipItem>
        <NavBarByRelationshipItem RelationshipName="nwm_account_nwm_employee_coveragerole_Account" Sequence="10002" Area="Info" Id="nav_nwm_account_nwm_employee_coveragerole_Account">
          <Titles>
            <Title LCID="1033" Text="Client Coverage Roles" />
          </Titles>
        </NavBarByRelationshipItem>
        <NavBarByRelationshipItem RelationshipName="nwm_account_clientaccessteam_Client" Sequence="10003" Area="Info" Id="nav_nwm_account_clientaccessteam_Client">
          <Titles>
            <Title LCID="1033" Text="Client Access Teams" />
          </Titles>
        </NavBarByRelationshipItem>
        <NavBarByRelationshipItem RelationshipName="nwm_ClientAccessRequest_Client" Sequence="10005" Area="Info" Id="nav_nwm_ClientAccessRequest_Client">
          <Titles>
            <Title LCID="1033" Text="Client Access Requests" />
          </Titles>
        </NavBarByRelationshipItem>
        <NavBarByRelationshipItem RelationshipName="nwm_account_account_UltimateL1Parent" Sequence="10006" Area="Info" Id="nav_nwm_account_account_UltimateL1Parent">
          <Titles>
            <Title LCID="1033" Text="Clients" />
          </Titles>
        </NavBarByRelationshipItem>
        <NavBarByRelationshipItem RelationshipName="nwm_client_callreport_L1" Sequence="10007" Area="Info" Id="nav_nwm_client_callreport_L1" Show="false">
          <Titles>
            <Title LCID="1033" Text="Call Reports (L1)" />
          </Titles>
        </NavBarByRelationshipItem>
      </NavBar>
      <NavBarAreas>
        <NavBarArea Id="Info">
          <Titles>
            <Title LCID="1033" Text="Common" />
          </Titles>
        </NavBarArea>
        <NavBarArea Id="Sales">
          <Titles>
            <Title LCID="1033" Text="Sales" />
          </Titles>
        </NavBarArea>
        <NavBarArea Id="Service">
          <Titles>
            <Title LCID="1033" Text="Service" />
          </Titles>
        </NavBarArea>
        <NavBarArea Id="Marketing">
          <Titles>
            <Title LCID="1033" Text="Marketing" />
          </Titles>
        </NavBarArea>
        <NavBarArea Id="ProcessCenter">
          <Titles>
            <Title LCID="1033" Text="Process Sessions" />
          </Titles>
        </NavBarArea>
      </NavBarAreas>
    </Navigation>
    <controlDescriptions />
    <formLibraries>
      <Library name="nwm_/Script/Telemetry.js" libraryUniqueId="{15de9083-15b0-7870-447e-96d134d466b4}" />
    </formLibraries>
    <events>
      <event name="onload" application="false" active="false">
        <Handlers>
          <Handler functionName="captureTelemetry" libraryName="nwm_/Script/Telemetry.js" handlerUniqueId="{bb026643-8982-8404-4a7e-8ed5187ecca6}" enabled="true" parameters="" passExecutionContext="false" />
        </Handlers>
      </event>
    </events>
    <DisplayConditions Order="3" FallbackForm="true">
      <Role Id="{F1D0A138-DC7F-E611-80DD-C4346BAC7E3C}" />
      <Role Id="{8E902825-DC7F-E611-80DD-C4346BAC7E3C}" />
      <Role Id="{627090ff-40a3-4053-8790-584edc5be201}" />
      <Role Id="{119f245c-3cc8-4b62-b31c-d1a046ced15d}" />
    </DisplayConditions>
  </form>
  <IsCustomizable>1</IsCustomizable>
  <CanBeDeleted>1</CanBeDeleted>
  <LocalizedNames>
    <LocalizedName description="RBS Client" languagecode="1033" />
  </LocalizedNames>
</systemform>