﻿<?xml version="1.0" encoding="utf-8"?>
<Workflow WorkflowId="{ded2534c-d42a-4c3c-8966-1e1d4ad9faac}" Name="Auto Set Resource Strategy Name">
  <XamlFileName>/Workflows/AutoSetResourceStrategyName-DED2534C-D42A-4C3C-8966-1E1D4AD9FAAC.xaml</XamlFileName>
  <Type>1</Type>
  <Subprocess>0</Subprocess>
  <Category>0</Category>
  <Mode>1</Mode>
  <Scope>4</Scope>
  <OnDemand>0</OnDemand>
  <TriggerOnUpdateAttributeList>rbsm_resourcechannel,rbsm_desservice,rbsm_desresourcelocation</TriggerOnUpdateAttributeList>
  <TriggerOnCreate>1</TriggerOnCreate>
  <TriggerOnDelete>0</TriggerOnDelete>
  <AsyncAutodelete>0</AsyncAutodelete>
  <SyncWorkflowLogOnFailure>1</SyncWorkflowLogOnFailure>
  <StateCode>1</StateCode>
  <StatusCode>2</StatusCode>
  <CreateStage>40</CreateStage>
  <UpdateStage>40</UpdateStage>
  <RunAs>1</RunAs>
  <IsTransacted>1</IsTransacted>
  <IntroducedVersion>1.0.0.0</IntroducedVersion>
  <IsCustomizable>1</IsCustomizable>
  <PrimaryEntity>rbsm_resourcestrategy</PrimaryEntity>
</Workflow>