﻿<?xml version="1.0" encoding="utf-8"?>
<Workflow WorkflowId="{6d6a0902-ce1f-4a60-9b6f-c90179de49ae}" Name="Auto Link Opportunity Status Details with Process Name">
  <XamlFileName>/Workflows/AutoLinkOpportunityStatusDetailswithProcessName-6D6A0902-CE1F-4A60-9B6F-C90179DE49AE.xaml</XamlFileName>
  <Type>1</Type>
  <Subprocess>0</Subprocess>
  <Category>0</Category>
  <Mode>1</Mode>
  <Scope>4</Scope>
  <OnDemand>1</OnDemand>
  <TriggerOnUpdateAttributeList>stageid</TriggerOnUpdateAttributeList>
  <TriggerOnCreate>0</TriggerOnCreate>
  <TriggerOnDelete>0</TriggerOnDelete>
  <AsyncAutodelete>0</AsyncAutodelete>
  <SyncWorkflowLogOnFailure>1</SyncWorkflowLogOnFailure>
  <StateCode>1</StateCode>
  <StatusCode>2</StatusCode>
  <CreateStage>40</CreateStage>
  <UpdateStage>40</UpdateStage>
  <RunAs>1</RunAs>
  <IsTransacted>1</IsTransacted>
  <IntroducedVersion>1.0.0.0</IntroducedVersion>
  <IsCustomizable>1</IsCustomizable>
  <PrimaryEntity>Opportunity</PrimaryEntity>
</Workflow>