﻿<?xml version="1.0" encoding="utf-8"?>
<Workflow WorkflowId="{ce370f2d-c7ad-42e1-80be-c1becd78a257}" Name="Auto Set Opportunity Resource Strategy Connection Name">
  <XamlFileName>/Workflows/AutoSetOpportunityResourceStrategyConnectionName-CE370F2D-C7AD-42E1-80BE-C1BECD78A257.xaml</XamlFileName>
  <Type>1</Type>
  <Subprocess>0</Subprocess>
  <Category>0</Category>
  <Mode>1</Mode>
  <Scope>4</Scope>
  <OnDemand>0</OnDemand>
  <TriggerOnUpdateAttributeList>rbsm_servicecatalog</TriggerOnUpdateAttributeList>
  <TriggerOnCreate>1</TriggerOnCreate>
  <TriggerOnDelete>0</TriggerOnDelete>
  <AsyncAutodelete>0</AsyncAutodelete>
  <SyncWorkflowLogOnFailure>1</SyncWorkflowLogOnFailure>
  <StateCode>1</StateCode>
  <StatusCode>2</StatusCode>
  <CreateStage>40</CreateStage>
  <UpdateStage>40</UpdateStage>
  <RunAs>1</RunAs>
  <IsTransacted>1</IsTransacted>
  <IntroducedVersion>1.0.0.0</IntroducedVersion>
  <IsCustomizable>1</IsCustomizable>
  <PrimaryEntity>rbsm_opportunityservicecatalogconnection</PrimaryEntity>
</Workflow>