﻿<?xml version="1.0" encoding="utf-8"?>
<Workflow WorkflowId="{1c0c9cb0-ec14-4297-8fe5-b987704d5b0f}" Name="Auto Set RBS Priority Name">
  <XamlFileName>/Workflows/AutoSetRBSPriorityName-1C0C9CB0-EC14-4297-8FE5-B987704D5B0F.xaml</XamlFileName>
  <Type>1</Type>
  <Subprocess>0</Subprocess>
  <Category>0</Category>
  <Mode>1</Mode>
  <Scope>4</Scope>
  <OnDemand>0</OnDemand>
  <TriggerOnUpdateAttributeList>rbsm_prioritysubcategory,rbsm_prioritycategory</TriggerOnUpdateAttributeList>
  <TriggerOnCreate>1</TriggerOnCreate>
  <TriggerOnDelete>0</TriggerOnDelete>
  <AsyncAutodelete>0</AsyncAutodelete>
  <SyncWorkflowLogOnFailure>1</SyncWorkflowLogOnFailure>
  <StateCode>1</StateCode>
  <StatusCode>2</StatusCode>
  <CreateStage>40</CreateStage>
  <UpdateStage>40</UpdateStage>
  <RunAs>1</RunAs>
  <IsTransacted>1</IsTransacted>
  <IntroducedVersion>1.0.0.0</IntroducedVersion>
  <IsCustomizable>1</IsCustomizable>
  <PrimaryEntity>rbsm_rbspriority</PrimaryEntity>
</Workflow>