﻿<?xml version="1.0" encoding="utf-8"?>
<Workflow WorkflowId="{f37c4c22-255e-4000-8385-059b094553f6}" Name="Auto Apply Heat Score of Opportunuities">
  <XamlFileName>/Workflows/AutoApplyHeatScoreofOpportunuities-F37C4C22-255E-4000-8385-059B094553F6.xaml</XamlFileName>
  <Type>1</Type>
  <Subprocess>0</Subprocess>
  <Category>0</Category>
  <Mode>0</Mode>
  <Scope>4</Scope>
  <OnDemand>1</OnDemand>
  <TriggerOnUpdateAttributeList>statuscode</TriggerOnUpdateAttributeList>
  <TriggerOnCreate>1</TriggerOnCreate>
  <TriggerOnDelete>0</TriggerOnDelete>
  <AsyncAutodelete>1</AsyncAutodelete>
  <SyncWorkflowLogOnFailure>0</SyncWorkflowLogOnFailure>
  <StateCode>1</StateCode>
  <StatusCode>2</StatusCode>
  <RunAs>1</RunAs>
  <IsTransacted>1</IsTransacted>
  <IntroducedVersion>1.0.0.0</IntroducedVersion>
  <IsCustomizable>1</IsCustomizable>
  <PrimaryEntity>Opportunity</PrimaryEntity>
</Workflow>