﻿<?xml version="1.0" encoding="utf-8"?>
<Workflow WorkflowId="{1f3d67a6-1294-4e6d-8a2e-eeb27a537116}" Name="Auto Set Business Benefit Name">
  <XamlFileName>/Workflows/AutoSetBusinessBenefitName-1F3D67A6-1294-4E6D-8A2E-EEB27A537116.xaml</XamlFileName>
  <Type>1</Type>
  <Subprocess>0</Subprocess>
  <Category>0</Category>
  <Mode>1</Mode>
  <Scope>4</Scope>
  <OnDemand>0</OnDemand>
  <TriggerOnUpdateAttributeList>rbsm_businessbenefitlist</TriggerOnUpdateAttributeList>
  <TriggerOnCreate>1</TriggerOnCreate>
  <TriggerOnDelete>0</TriggerOnDelete>
  <AsyncAutodelete>0</AsyncAutodelete>
  <SyncWorkflowLogOnFailure>1</SyncWorkflowLogOnFailure>
  <StateCode>1</StateCode>
  <StatusCode>2</StatusCode>
  <CreateStage>40</CreateStage>
  <UpdateStage>40</UpdateStage>
  <RunAs>1</RunAs>
  <IsTransacted>1</IsTransacted>
  <IntroducedVersion>1.0.0.0</IntroducedVersion>
  <IsCustomizable>1</IsCustomizable>
  <PrimaryEntity>rbsm_businessbenefit</PrimaryEntity>
</Workflow>