﻿<?xml version="1.0" encoding="utf-8"?>
<Workflow WorkflowId="{69b3a88b-beaa-42b5-9a87-2c57eb499a51}" Name="Opportunity Creation">
  <XamlFileName>/Workflows/OpportunityCreation-69B3A88B-BEAA-42B5-9A87-2C57EB499A51.xaml</XamlFileName>
  <Type>1</Type>
  <Subprocess>0</Subprocess>
  <Category>0</Category>
  <Mode>1</Mode>
  <Scope>4</Scope>
  <OnDemand>0</OnDemand>
  <TriggerOnCreate>1</TriggerOnCreate>
  <TriggerOnDelete>0</TriggerOnDelete>
  <AsyncAutodelete>1</AsyncAutodelete>
  <SyncWorkflowLogOnFailure>1</SyncWorkflowLogOnFailure>
  <StateCode>1</StateCode>
  <StatusCode>2</StatusCode>
  <CreateStage>40</CreateStage>
  <RunAs>1</RunAs>
  <IsTransacted>1</IsTransacted>
  <IntroducedVersion>1.0.0.0</IntroducedVersion>
  <IsCustomizable>1</IsCustomizable>
  <PrimaryEntity>Opportunity</PrimaryEntity>
</Workflow>