﻿<?xml version="1.0" encoding="utf-8"?>
<Workflow WorkflowId="{d71b8002-3482-4d04-a8d9-3eb28d2c3231}" Name="Opportunity Fields Before Update">
  <XamlFileName>/Workflows/OpportunityFieldsBeforeUpdate-D71B8002-3482-4D04-A8D9-3EB28D2C3231.xaml</XamlFileName>
  <Type>1</Type>
  <Subprocess>0</Subprocess>
  <Category>0</Category>
  <Mode>1</Mode>
  <Scope>4</Scope>
  <OnDemand>0</OnDemand>
  <TriggerOnUpdateAttributeList>rbsm_programme</TriggerOnUpdateAttributeList>
  <TriggerOnCreate>0</TriggerOnCreate>
  <TriggerOnDelete>0</TriggerOnDelete>
  <AsyncAutodelete>0</AsyncAutodelete>
  <SyncWorkflowLogOnFailure>1</SyncWorkflowLogOnFailure>
  <StateCode>1</StateCode>
  <StatusCode>2</StatusCode>
  <UpdateStage>20</UpdateStage>
  <RunAs>1</RunAs>
  <IsTransacted>1</IsTransacted>
  <IntroducedVersion>1.0.0.0</IntroducedVersion>
  <IsCustomizable>1</IsCustomizable>
  <PrimaryEntity>Opportunity</PrimaryEntity>
</Workflow>