﻿<?xml version="1.0" encoding="utf-8"?>
<Workflow WorkflowId="{d09d8724-6a43-4adb-a6d3-a7200eff34a4}" Name="Opportunity Fields After Update">
  <XamlFileName>/Workflows/OpportunityFieldsAfterUpdate-D09D8724-6A43-4ADB-A6D3-A7200EFF34A4.xaml</XamlFileName>
  <Type>1</Type>
  <Subprocess>0</Subprocess>
  <Category>0</Category>
  <Mode>1</Mode>
  <Scope>4</Scope>
  <OnDemand>0</OnDemand>
  <TriggerOnUpdateAttributeList>rbsm_programme</TriggerOnUpdateAttributeList>
  <TriggerOnCreate>0</TriggerOnCreate>
  <TriggerOnDelete>0</TriggerOnDelete>
  <AsyncAutodelete>0</AsyncAutodelete>
  <SyncWorkflowLogOnFailure>1</SyncWorkflowLogOnFailure>
  <StateCode>1</StateCode>
  <StatusCode>2</StatusCode>
  <CreateStage>40</CreateStage>
  <UpdateStage>40</UpdateStage>
  <RunAs>1</RunAs>
  <IsTransacted>1</IsTransacted>
  <IntroducedVersion>1.0.0.0</IntroducedVersion>
  <IsCustomizable>1</IsCustomizable>
  <PrimaryEntity>Opportunity</PrimaryEntity>
</Workflow>