﻿<?xml version="1.0" encoding="utf-8"?>
<Workflow WorkflowId="{3e8ebee6-a2bc-4451-9c5f-b146b085413a}" Name="Opportunity Sales Process" Description="This is the default process flow for working on an opportunity.">
  <XamlFileName>/Workflows/OpportunitySalesProcess-3E8EBEE6-A2BC-4451-9C5F-B146B085413A.xaml</XamlFileName>
  <Type>1</Type>
  <Subprocess>0</Subprocess>
  <Category>4</Category>
  <Mode>0</Mode>
  <Scope>4</Scope>
  <OnDemand>0</OnDemand>
  <TriggerOnCreate>1</TriggerOnCreate>
  <TriggerOnDelete>0</TriggerOnDelete>
  <AsyncAutodelete>0</AsyncAutodelete>
  <SyncWorkflowLogOnFailure>0</SyncWorkflowLogOnFailure>
  <StateCode>1</StateCode>
  <StatusCode>2</StatusCode>
  <processorder>1</processorder>
  <processroleassignment>&lt;DisplayConditions&gt;&lt;Everyone /&gt;&lt;/DisplayConditions&gt;</processroleassignment>
  <RunAs>1</RunAs>
  <IsTransacted>1</IsTransacted>
  <IntroducedVersion>6.0.0.0</IntroducedVersion>
  <PrimaryEntity>Opportunity</PrimaryEntity>
  <labels>
    <steplabels id="{6b9ce798-221a-4260-90b2-2a95ed51a5bc}">
      <label languagecode="1033" description="1. Identify" />
    </steplabels>
    <steplabels id="{db34722c-7eb7-4c5c-b141-3e6695953d53}">
      <label languagecode="1033" description="Customer" />
    </steplabels>
    <steplabels id="{d453b5ba-0b90-d205-ab1b-eb06833c230c}">
      <label languagecode="1033" description="Product" />
    </steplabels>
    <steplabels id="{1b1b0e26-6bd4-92a7-7829-293d70344d3a}">
      <label languagecode="1033" description="Champion" />
    </steplabels>
    <steplabels id="{1d4d944e-4393-66b5-1dbd-e270985d3291}">
      <label languagecode="1033" description="Opportunity Summary" />
    </steplabels>
    <steplabels id="{53770e6b-53d9-082e-47e4-931cb88200a2}">
      <label languagecode="1033" description="2. Qualify" />
    </steplabels>
    <steplabels id="{8dd60e58-1b01-570c-2da6-232d4b8d1b20}">
      <label languagecode="1033" description="Est. Funding / Revenue" />
    </steplabels>
    <steplabels id="{c6b402d0-a4ae-c564-7581-2d977ec74960}">
      <label languagecode="1033" description="Investment Programme" />
    </steplabels>
    <steplabels id="{4cc38c60-5b72-9ee7-5687-bae642a4e966}">
      <label languagecode="1033" description="Est. Close Date" />
    </steplabels>
    <steplabels id="{21e51505-e4e6-18e7-67c0-711d4bad1de5}">
      <label languagecode="1033" description="Priority" />
    </steplabels>
    <steplabels id="{61489a67-98ca-ac10-da7c-74ac9e1e9b40}">
      <label languagecode="1033" description="Est. Benefit" />
    </steplabels>
    <steplabels id="{650e06b4-789b-46c1-822b-0da76bedb1ed}">
      <label languagecode="1033" description="3. Evaluate" />
    </steplabels>
    <steplabels id="{40161b94-daae-43a6-6b2e-c681cb9933d2}">
      <label languagecode="1033" description="Project Scope" />
    </steplabels>
    <steplabels id="{36daa011-5112-6441-299c-0c176e96b4e6}">
      <label languagecode="1033" description="Workshop" />
    </steplabels>
    <steplabels id="{45419c13-3343-732d-d9e1-03c2cc43be44}">
      <label languagecode="1033" description="POC/POV" />
    </steplabels>
    <steplabels id="{b02b9355-0194-a858-5654-0a5857331c8e}">
      <label languagecode="1033" description="Identified Competitors" />
    </steplabels>
    <steplabels id="{d3ca8878-8d7b-47b9-852d-fcd838790cfd}">
      <label languagecode="1033" description="4. Propose Solution" />
    </steplabels>
    <steplabels id="{89134c51-19d8-a474-8e3d-5493b1e2619b}">
      <label languagecode="1033" description="Est. Funding / Revenue" />
    </steplabels>
    <steplabels id="{767eeb68-43bc-9584-515c-dadd74aba308}">
      <label languagecode="1033" description="Proposal Agreed" />
    </steplabels>
    <steplabels id="{bb7e830a-61bd-441b-b1fd-6bb104ffa027}">
      <label languagecode="1033" description="5.  Project Conversion" />
    </steplabels>
    <steplabels id="{e31181d6-52d3-e1ce-a92b-342d505ba24e}">
      <label languagecode="1033" description="Solution Accepted" />
    </steplabels>
    <steplabels id="{989c1982-8e07-5b96-a429-881a8623558a}">
      <label languagecode="1033" description="Act. Funding / Revenue" />
    </steplabels>
    <steplabels id="{8a5df397-3d76-4a14-9218-8ec9979a8669}">
      <label languagecode="1033" description="Act. Close Date" />
    </steplabels>
    <steplabels id="{31c0ad06-2e30-9422-5768-2e58e7ac11cd}">
      <label languagecode="1033" description="Project Code" />
    </steplabels>
  </labels>
</Workflow>