﻿<?xml version="1.0" encoding="utf-8"?>
<systemform>
  <formid>{e3c588ee-8e11-49da-a5fe-3800f3f683de}</formid>
  <IntroducedVersion>6.0.0.0</IntroducedVersion>
  <FormPresentation>0</FormPresentation>
  <FormActivationState>1</FormActivationState>
  <form>
    <tabs>
      <tab id="{52babf2f-d598-41df-9754-dfebfc94b670}" name="newOpportunity" locklevel="0" expanded="true" showlabel="false" IsUserDefined="0" labelid="{771117c5-baa1-4013-a4ea-ac5b831c2891}">
        <labels>
          <label description="New Opportunity" languagecode="1033" />
        </labels>
        <columns>
          <column width="33%">
            <sections>
              <section id="{08041ef6-f9f8-44b4-b84b-94e0250dcac8}" name="quickOpportunity_column1" columns="1" showlabel="true" showbar="false" IsUserDefined="0" labelid="{c9bc4a89-6c8e-4caa-9542-23058e106faf}">
                <labels>
                  <label description="Details" languagecode="1033" />
                </labels>
                <rows>
                  <row>
                    <cell id="{61aee087-89b8-d9b0-01ee-4bb4d2251d8b}" showlabel="true" locklevel="0" labelid="{653b1b6b-56b2-4133-b458-3104b3efb183}">
                      <labels>
                        <label description="Summary" languagecode="1033" />
                      </labels>
                      <control id="name" classid="{4273EDBD-AC1D-40d3-9FB2-095C621B552D}" datafieldname="name" disabled="false" />
                    </cell>
                  </row>
                  <row>
                    <cell id="{de295741-c77e-2c15-b7bd-51ae2b81b040}" showlabel="true" locklevel="0" visible="false">
                      <labels>
                        <label description="Customer" languagecode="1033" />
                      </labels>
                      <control id="customerid" classid="{270BD3DB-D9AF-4782-9025-509E298DEC0A}" datafieldname="customerid" disabled="false">
                        <parameters>
                          <AutoResolve>true</AutoResolve>
                          <DisableMru>false</DisableMru>
                        </parameters>
                      </control>
                    </cell>
                  </row>
                  <row>
                    <cell id="{928be629-5de6-906d-6b22-1940432162db}" showlabel="true" locklevel="0">
                      <labels>
                        <label description="Account" languagecode="1033" />
                      </labels>
                      <control id="parentaccountid" classid="{270BD3DB-D9AF-4782-9025-509E298DEC0A}" datafieldname="parentaccountid" disabled="false" />
                    </cell>
                  </row>
                  <row>
                    <cell id="{4433de77-e6b7-9909-4d8e-ed6c64103748}" showlabel="true" locklevel="0">
                      <labels>
                        <label description="DES Product" languagecode="1033" />
                      </labels>
                      <control id="rbsm_desproduct" classid="{3EF39988-22BB-4f0b-BBBE-64B5A3748AEE}" datafieldname="rbsm_desproduct" disabled="false" />
                    </cell>
                  </row>
                  <row>
                    <cell id="{c2b18b34-01d8-4179-48b6-cbac438821a4}" showlabel="true" locklevel="0">
                      <labels>
                        <label description="Customer Type" languagecode="1033" />
                      </labels>
                      <control id="rbsm_applicationusage" classid="{3EF39988-22BB-4f0b-BBBE-64B5A3748AEE}" datafieldname="rbsm_applicationusage" disabled="false" />
                    </cell>
                  </row>
                </rows>
              </section>
            </sections>
          </column>
          <column width="33%">
            <sections>
              <section id="{5d946dc3-8850-4e43-a6d4-7b5ceaa4d013}" name="quickOpportunity_column2" columns="1" showlabel="false" showbar="false" IsUserDefined="0" labelid="{a599908c-1a57-4482-b379-9bd5504733c3}">
                <labels>
                  <label description="section" languagecode="1033" />
                </labels>
                <rows>
                  <row>
                    <cell id="{9665b409-e439-cb10-e334-8899aeeb5cce}" showlabel="true" locklevel="0" labelid="{a1dc8b76-1674-4545-afb1-67b8b82bcc51}">
                      <labels>
                        <label description="Est. Funding / Revenue" languagecode="1033" />
                      </labels>
                      <control id="estimatedvalue" classid="{533B9E00-756B-4312-95A0-DC888637AC78}" datafieldname="estimatedvalue" disabled="false" />
                    </cell>
                  </row>
                  <row>
                    <cell id="{49a3e4cc-dabe-16b4-0ad6-b011d4750726}" showlabel="true" locklevel="0" labelid="{12337aca-24e7-431b-8fe5-d999509fc506}">
                      <labels>
                        <label description="Est. Close Date" languagecode="1033" />
                      </labels>
                      <control id="estimatedclosedate" classid="{5B773807-9FB2-42db-97C3-7A91EFF8ADFF}" datafieldname="estimatedclosedate" disabled="false" />
                    </cell>
                  </row>
                </rows>
              </section>
            </sections>
          </column>
          <column width="34%">
            <sections>
              <section id="{d4962dcf-e1f0-4158-8439-f49597a92b78}" name="quickOpportunity_column3" columns="1" showlabel="true" showbar="false" IsUserDefined="0" labelid="{7bb37f4e-0ac9-46ef-97b8-ad9f3fb9c360}">
                <labels>
                  <label description="Customer Need" languagecode="1033" />
                </labels>
                <rows>
                  <row>
                    <cell id="{55988d72-9e9e-0968-dc28-7ecb6b0051e3}" showlabel="false" locklevel="0" rowspan="3">
                      <labels>
                        <label description="Customer Need" languagecode="1033" />
                      </labels>
                      <control id="customerneed" classid="{E0DECE4B-6FC8-4a8f-A065-082708572369}" datafieldname="customerneed" disabled="false" />
                    </cell>
                  </row>
                  <row></row>
                  <row></row>
                </rows>
              </section>
            </sections>
          </column>
        </columns>
      </tab>
    </tabs>
    <DisplayConditions FallbackForm="true" Order="2">
      <Everyone />
    </DisplayConditions>
  </form>
  <LocalizedNames>
    <LocalizedName description="Opportunity" languagecode="1033" />
  </LocalizedNames>
  <Descriptions>
    <Description description="Default quick create form for Opportunity" languagecode="1033" />
  </Descriptions>
</systemform>