﻿<?xml version="1.0" encoding="utf-8"?>
<systemform>
  <formid>{c9e7ec2d-efca-4e4c-b3e3-f63c4bba5e4b}</formid>
  <IntroducedVersion>6.0.0.0</IntroducedVersion>
  <FormPresentation>0</FormPresentation>
  <FormActivationState>1</FormActivationState>
  <form maxWidth="1900">
    <tabs>
      <tab id="{8ca48364-f790-43e4-b753-aa35fa4f9c77}" name="tab_1" expanded="true" locklevel="0" showlabel="false" IsUserDefined="0">
        <labels>
          <label description="Tab" languagecode="1033" />
        </labels>
        <columns>
          <column width="33%">
            <sections>
              <section id="{bcee7abc-6004-49f3-bc27-9eb7d1d3561b}" name="tab_1_column_1_section_1" columns="1" showlabel="true" showbar="false" IsUserDefined="0" locklevel="0" labelwidth="115" celllabelalignment="Left" celllabelposition="Left">
                <labels>
                  <label description="Details" languagecode="1033" />
                </labels>
                <rows>
                  <row>
                    <cell id="{7697e89b-cb21-2809-82b3-dc18084c2d6a}" showlabel="true" locklevel="0">
                      <labels>
                        <label description="Customer Name" languagecode="1033" />
                      </labels>
                      <control id="name" classid="{4273EDBD-AC1D-40d3-9FB2-095C621B552D}" datafieldname="name" disabled="false" />
                    </cell>
                  </row>
                  <row>
                    <cell id="{33b07a96-290e-63d9-5e7e-5e2be1da1a46}" showlabel="true" locklevel="0">
                      <labels>
                        <label description="Franchise" languagecode="1033" />
                      </labels>
                      <control id="rbsm_franchise" classid="{3EF39988-22BB-4f0b-BBBE-64B5A3748AEE}" datafieldname="rbsm_franchise" disabled="false" />
                    </cell>
                  </row>
                </rows>
              </section>
            </sections>
          </column>
          <column width="33%">
            <sections>
              <section id="{32ff71fb-26e6-4b51-8e93-e94b5780a8ae}" name="tab_1_column_2_section_1" columns="1" showlabel="false" showbar="false" IsUserDefined="0" locklevel="0" labelwidth="115" celllabelalignment="Left" celllabelposition="Left">
                <labels>
                  <label description="Description" languagecode="1033" />
                </labels>
                <rows>
                  <row>
                    <cell id="{4b76aee6-8414-a9d0-3066-78ed2ed42eb8}" showlabel="true" locklevel="0" rowspan="2">
                      <labels>
                        <label description="Description" languagecode="1033" />
                      </labels>
                      <control id="description" classid="{E0DECE4B-6FC8-4a8f-A065-082708572369}" datafieldname="description" disabled="false" />
                    </cell>
                  </row>
                  <row></row>
                </rows>
              </section>
            </sections>
          </column>
          <column width="33%">
            <sections>
              <section id="{a549aa16-a731-41b7-9181-86710f8feef5}" name="tab_1_column_3_section_1" columns="1" showlabel="true" showbar="false" IsUserDefined="0" locklevel="0" labelwidth="115" celllabelalignment="Left" celllabelposition="Left">
                <labels>
                  <label description="Address" languagecode="1033" />
                </labels>
                <rows>
                  <row>
                    <cell id="{817ced36-5a47-e179-a922-30c153d8b056}" showlabel="false">
                      <labels>
                        <label description="" languagecode="1033" />
                      </labels>
                    </cell>
                  </row>
                </rows>
              </section>
            </sections>
          </column>
        </columns>
      </tab>
    </tabs>
    <DisplayConditions FallbackForm="true" Order="2">
      <Everyone />
    </DisplayConditions>
  </form>
  <LocalizedNames>
    <LocalizedName description="Account Quick Create" languagecode="1033" />
  </LocalizedNames>
  <Descriptions>
    <Description description="Default quick create form for Account" languagecode="1033" />
  </Descriptions>
</systemform>