﻿<?xml version="1.0" encoding="utf-8"?>
<systemform>
  <formid>{78b0c32d-1144-4bc2-ac6a-17c517d822b2}</formid>
  <IntroducedVersion>0.0.0.0</IntroducedVersion>
  <FormPresentation>1</FormPresentation>
  <FormActivationState>1</FormActivationState>
  <form shownavigationbar="true" showImage="false" maxWidth="1920">
    <tabs>
      <tab verticallayout="true" id="{cc7c69b3-1594-40a0-b6a6-2d397f96e27e}" IsUserDefined="1" name="{cc7c69b3-1594-40a0-b6a6-2d397f96e27e}" locklevel="0" expanded="true" showlabel="true">
        <labels>
          <label description="General" languagecode="1033" />
        </labels>
        <columns>
          <column width="100%">
            <sections>
              <section showlabel="false" showbar="false" IsUserDefined="0" id="{1f88cf16-0ae8-4fb9-993d-819d0c666511}" name="{1f88cf16-0ae8-4fb9-993d-819d0c666511}" columns="1" locklevel="0" labelwidth="130" celllabelalignment="Left" celllabelposition="Left" height="auto">
                <labels>
                  <label description="General" languagecode="1033" />
                </labels>
                <rows>
                  <row>
                    <cell id="{982c4e7b-6238-c154-93b1-cd456016914c}" showlabel="false" colspan="1" auto="true" rowspan="15">
                      <labels>
                        <label description="Update" languagecode="1033" />
                      </labels>
                      <control id="IFRAME_Update" classid="{FD2A7985-3187-444e-908D-6624B21F69C0}">
                        <parameters>
                          <Url>https://devecpvm003845/EcmIntegration/Ecm/Update</Url>
                          <PassParameters>true</PassParameters>
                          <Security>false</Security>
                          <Scrolling>auto</Scrolling>
                          <Border>true</Border>
                          <ShowOnMobileClient>false</ShowOnMobileClient>
                        </parameters>
                      </control>
                      <events>
                        <event name="onload" application="false">
                          <dependencies />
                        </event>
                      </events>
                    </cell>
                  </row>
                  <row />
                  <row />
                  <row />
                  <row />
                  <row />
                  <row />
                  <row />
                  <row />
                  <row />
                  <row />
                  <row />
                  <row />
                  <row />
                  <row height="auto" />
                  <row>
                    <cell id="{b6b028ad-d21d-cca9-35c8-d267eb98a56b}" showlabel="false" colspan="1" auto="false" rowspan="6">
                      <labels>
                        <label description="Download" languagecode="1033" />
                      </labels>
                      <control id="IFRAME_Download" classid="{FD2A7985-3187-444e-908D-6624B21F69C0}">
                        <parameters>
                          <Url>https://devecpvm003845/EcmIntegration/Ecm/Download</Url>
                          <PassParameters>true</PassParameters>
                          <Security>false</Security>
                          <Scrolling>auto</Scrolling>
                          <Border>true</Border>
                          <ShowOnMobileClient>false</ShowOnMobileClient>
                        </parameters>
                      </control>
                      <events>
                        <event name="onload" application="false">
                          <dependencies />
                        </event>
                      </events>
                    </cell>
                  </row>
                  <row />
                  <row />
                  <row />
                  <row />
                  <row />
                </rows>
              </section>
              <section name="{cc7c69b3-1594-40a0-b6a6-2d397f96e27e}_section_2" showlabel="false" showbar="false" locklevel="0" id="{17865a6d-5b37-0db7-0bb6-c1845168ac44}" IsUserDefined="0" layout="varwidth" columns="1" labelwidth="115">
                <labels>
                  <label description="Section" languagecode="1033" />
                </labels>
                <rows>
                  <row>
                    <cell id="{e8832709-e7d2-4105-cad8-251324db81ba}" showlabel="true" locklevel="1">
                      <labels>
                        <label description="Customer Reference" languagecode="1033" />
                      </labels>
                      <control id="rbs_customerreference" classid="{270BD3DB-D9AF-4782-9025-509E298DEC0A}" datafieldname="rbs_customerreference" disabled="true" uniqueid="{d1a97b27-0758-06c7-e39e-303477c6e698}">
                        <parameters>
                          <AutoResolve>true</AutoResolve>
                          <DisableMru>false</DisableMru>
                          <DisableQuickFind>false</DisableQuickFind>
                          <DisableViewPicker>false</DisableViewPicker>
                          <DefaultViewId>{A9AF0AB8-861D-4CFA-92A5-C6281FED7FAB}</DefaultViewId>
                          <AllowFilterOff>false</AllowFilterOff>
                        </parameters>
                      </control>
                    </cell>
                  </row>
                  <row>
                    <cell id="{388c0057-e855-38b6-2492-a7766dd3ed69}" showlabel="true" locklevel="1">
                      <labels>
                        <label description="Case" languagecode="1033" />
                      </labels>
                      <control id="rbs_case" classid="{270BD3DB-D9AF-4782-9025-509E298DEC0A}" datafieldname="rbs_case" disabled="true" uniqueid="{96dc5710-5636-b37b-b903-b53493e7a770}">
                        <parameters>
                          <AutoResolve>true</AutoResolve>
                          <DisableMru>false</DisableMru>
                          <DisableQuickFind>false</DisableQuickFind>
                          <DisableViewPicker>false</DisableViewPicker>
                          <DefaultViewId>{9AC51863-58C7-49A0-ADCC-AFD9A4C3EE59}</DefaultViewId>
                          <AllowFilterOff>false</AllowFilterOff>
                        </parameters>
                      </control>
                    </cell>
                  </row>
                  <row>
                    <cell id="{1e42a674-84b9-c403-3a2b-63e21dbb2151}" showlabel="true" locklevel="1">
                      <labels>
                        <label description="Opportunity" languagecode="1033" />
                      </labels>
                      <control id="rbs_opportunity" classid="{270BD3DB-D9AF-4782-9025-509E298DEC0A}" datafieldname="rbs_opportunity" disabled="true" uniqueid="{6004201b-40bb-a8c1-6605-504dc1025ea0}">
                        <parameters>
                          <AutoResolve>true</AutoResolve>
                          <DisableMru>false</DisableMru>
                          <DisableQuickFind>false</DisableQuickFind>
                          <DisableViewPicker>false</DisableViewPicker>
                          <DefaultViewId>{9EB361B4-67AC-4830-8ABF-2D29EFBAEE2C}</DefaultViewId>
                          <AllowFilterOff>false</AllowFilterOff>
                        </parameters>
                      </control>
                    </cell>
                  </row>
                  <row>
                    <cell id="{6922c0b7-c928-78d5-89b4-c870d34a279b}" showlabel="true" locklevel="0">
                      <labels>
                        <label description="Owner" languagecode="1033" />
                      </labels>
                      <control id="ownerid" classid="{270BD3DB-D9AF-4782-9025-509E298DEC0A}" datafieldname="ownerid" disabled="false" />
                    </cell>
                  </row>
                  <row>
                    <cell id="{9d07a6bb-7abb-3607-de94-e2107472d171}" showlabel="true" locklevel="1">
                      <labels>
                        <label description="Created On" languagecode="1033" />
                      </labels>
                      <control id="createdon" classid="{5B773807-9FB2-42db-97C3-7A91EFF8ADFF}" datafieldname="createdon" disabled="true" uniqueid="{ab12637a-8563-ae27-9133-4a333a190434}" />
                    </cell>
                  </row>
                  <row>
                    <cell id="{72dc8744-d460-6695-29d8-9392e0cd3ce6}" showlabel="true" locklevel="1">
                      <labels>
                        <label description="Created By" languagecode="1033" />
                      </labels>
                      <control id="createdby" classid="{270BD3DB-D9AF-4782-9025-509E298DEC0A}" datafieldname="createdby" disabled="true" uniqueid="{a84b273c-1994-b26a-b12c-620066d34e0e}">
                        <parameters>
                          <AutoResolve>true</AutoResolve>
                          <DisableMru>false</DisableMru>
                          <DisableQuickFind>false</DisableQuickFind>
                          <DisableViewPicker>false</DisableViewPicker>
                          <DefaultViewId>{E88CA999-0B16-4AE9-B6A9-9EDC840D42D8}</DefaultViewId>
                          <AllowFilterOff>false</AllowFilterOff>
                        </parameters>
                      </control>
                    </cell>
                  </row>
                  <row>
                    <cell id="{9d0c9329-b677-b68c-5c93-a84d822319ae}" showlabel="true" locklevel="1">
                      <labels>
                        <label description="Modified On" languagecode="1033" />
                      </labels>
                      <control id="modifiedon" classid="{5B773807-9FB2-42db-97C3-7A91EFF8ADFF}" datafieldname="modifiedon" disabled="true" uniqueid="{76e93cc9-10d0-7703-6deb-0770a86db47b}" />
                    </cell>
                  </row>
                  <row>
                    <cell id="{8b79a178-6232-ccc3-bd73-12512880638c}" showlabel="true" locklevel="1">
                      <labels>
                        <label description="Modified By" languagecode="1033" />
                      </labels>
                      <control id="modifiedby" classid="{270BD3DB-D9AF-4782-9025-509E298DEC0A}" datafieldname="modifiedby" disabled="true" uniqueid="{3d988370-16eb-2364-14d6-c8ae63c8ad68}">
                        <parameters>
                          <AutoResolve>true</AutoResolve>
                          <DisableMru>false</DisableMru>
                          <DisableQuickFind>false</DisableQuickFind>
                          <DisableViewPicker>false</DisableViewPicker>
                          <DefaultViewId>{E88CA999-0B16-4AE9-B6A9-9EDC840D42D8}</DefaultViewId>
                          <AllowFilterOff>false</AllowFilterOff>
                        </parameters>
                      </control>
                    </cell>
                  </row>
                </rows>
              </section>
            </sections>
          </column>
        </columns>
      </tab>
    </tabs>
    <header id="{a2b73022-9c95-4cdf-8515-98f20f774f77}" columns="111">
      <rows>
        <row>
          <cell id="{31ae6959-6673-d78c-6174-6e91174e73cb}" showlabel="true" locklevel="0">
            <labels>
              <label description="Document Name" languagecode="1033" />
            </labels>
            <control id="header_rbs_name" classid="{4273EDBD-AC1D-40d3-9FB2-095C621B552D}" datafieldname="rbs_name" disabled="false" />
          </cell>
          <cell id="{5c83c8d6-785e-4824-afe9-510f02669be5}" showlabel="false">
            <labels>
              <label description="" languagecode="1033" />
            </labels>
          </cell>
          <cell id="{23004c58-a362-4d81-bf4b-c1b9f325236d}" showlabel="false">
            <labels>
              <label description="" languagecode="1033" />
            </labels>
          </cell>
        </row>
      </rows>
    </header>
    <Navigation>
      <NavBar></NavBar>
      <NavBarAreas>
        <NavBarArea Id="Info">
          <Titles>
            <Title LCID="1033" Text="Common" />
          </Titles>
        </NavBarArea>
        <NavBarArea Id="Sales">
          <Titles>
            <Title LCID="1033" Text="Sales" />
          </Titles>
        </NavBarArea>
        <NavBarArea Id="Service">
          <Titles>
            <Title LCID="1033" Text="Service" />
          </Titles>
        </NavBarArea>
        <NavBarArea Id="Marketing">
          <Titles>
            <Title LCID="1033" Text="Marketing" />
          </Titles>
        </NavBarArea>
        <NavBarArea Id="ProcessCenter">
          <Titles>
            <Title LCID="1033" Text="Process Sessions" />
          </Titles>
        </NavBarArea>
      </NavBarAreas>
    </Navigation>
    <controlDescriptions />
    <formLibraries>
      <Library name="rbs_DocumentIFrame.js" libraryUniqueId="{e560c3a9-ca21-56d3-5c85-3923e20325b4}" />
    </formLibraries>
    <events>
      <event name="onload" application="false" active="false">
        <Handlers>
          <Handler functionName="Rbs.Dynamics365.DocumentIFrame.ShowHideIFrame" libraryName="rbs_DocumentIFrame.js" handlerUniqueId="{d8dce55a-16b7-6588-90ea-be9703768ab2}" enabled="true" parameters="&quot;IFRAME_Download&quot;" passExecutionContext="false" />
        </Handlers>
      </event>
    </events>
  </form>
  <IsCustomizable>1</IsCustomizable>
  <CanBeDeleted>1</CanBeDeleted>
  <LocalizedNames>
    <LocalizedName description="Information" languagecode="1033" />
  </LocalizedNames>
  <Descriptions>
    <Description description="A form for this entity." languagecode="1033" />
  </Descriptions>
</systemform>