﻿<?xml version="1.0" encoding="utf-8"?>
<savedquery>
  <IsCustomizable>1</IsCustomizable>
  <CanBeDeleted>0</CanBeDeleted>
  <isquickfindquery>0</isquickfindquery>
  <isprivate>0</isprivate>
  <isdefault>1</isdefault>
  <returnedtypecode>10048</returnedtypecode>
  <savedqueryid>{00b15d8b-1e4d-484d-87d2-329367f08095}</savedqueryid>
  <layoutxml>
    <grid name="resultset" object="10048" jump="rbsm_key" select="1" icon="1" preview="1">
      <row name="result" id="rbsm_configurationsettingid">
        <cell name="rbsm_key" width="150" />
        <cell name="rbsm_value" width="300" />
        <cell name="modifiedby" width="100" />
        <cell name="modifiedon" width="100" />
        <cell name="statecode" width="100" />
      </row>
    </grid>
  </layoutxml>
  <querytype>1</querytype>
  <fetchxml>
    <fetch version="1.0" mapping="logical">
      <entity name="rbsm_configurationsetting">
        <attribute name="rbsm_key" />
        <order attribute="rbsm_key" descending="false" />
        <attribute name="statecode" />
        <attribute name="modifiedon" />
        <attribute name="modifiedby" />
        <attribute name="rbsm_value" />
        <attribute name="rbsm_configurationsettingid" />
      </entity>
    </fetch>
  </fetchxml>
  <IntroducedVersion>1.0</IntroducedVersion>
  <LocalizedNames>
    <LocalizedName description="Configuration Setting Advanced Find View" languagecode="1033" />
  </LocalizedNames>
</savedquery>