﻿<?xml version="1.0" encoding="utf-8"?>
<savedquery>
  <IsCustomizable>1</IsCustomizable>
  <CanBeDeleted>0</CanBeDeleted>
  <isquickfindquery>0</isquickfindquery>
  <isprivate>0</isprivate>
  <isdefault>1</isdefault>
  <returnedtypecode>10048</returnedtypecode>
  <savedqueryid>{fd073ae6-9d20-4509-9546-0cfb0c23bf4f}</savedqueryid>
  <layoutxml>
    <grid name="" object="10048" jump="rbsm_key" select="1" icon="1" preview="0">
      <row name="rbsm_configurationsetting" id="rbsm_configurationsettingid">
        <cell name="rbsm_key" width="150" />
        <cell name="rbsm_value" width="300" />
        <cell name="modifiedby" width="100" />
        <cell name="modifiedon" width="100" />
        <cell name="statecode" width="100" />
      </row>
    </grid>
  </layoutxml>
  <querytype>64</querytype>
  <fetchxml>
    <fetch version="1.0" mapping="logical">
      <entity name="rbsm_configurationsetting">
        <attribute name="rbsm_configurationsettingid" />
        <attribute name="rbsm_key" />
        <filter type="and">
          <condition attribute="statecode" operator="eq" value="0" />
        </filter>
        <order attribute="rbsm_key" descending="false" />
        <attribute name="rbsm_value" />
        <attribute name="statecode" />
        <attribute name="modifiedon" />
        <attribute name="modifiedby" />
      </entity>
    </fetch>
  </fetchxml>
  <IntroducedVersion>1.0</IntroducedVersion>
  <LocalizedNames>
    <LocalizedName description="Configuration Setting Lookup View" languagecode="1033" />
  </LocalizedNames>
</savedquery>