﻿<?xml version="1.0" encoding="utf-8"?>
<WebResource>
  <WebResourceId>{c7540e30-003b-e511-80c6-00155d048d13}</WebResourceId>
  <Name>mag_/js/notify.js</Name>
  <DisplayName>/js/notify.js</DisplayName>
  <Description>Enables Links to be displayed in the Warning Notifications</Description>
  <WebResourceType>3</WebResourceType>
  <IntroducedVersion>1.0.0.0</IntroducedVersion>
  <IsEnabledForMobileClient>0</IsEnabledForMobileClient>
  <IsAvailableForMobileOffline>0</IsAvailableForMobileOffline>
  <DependencyXml>&lt;Dependencies&gt;&lt;Dependency componentType="WebResource"/&gt;&lt;/Dependencies&gt;</DependencyXml>
  <IsCustomizable>1</IsCustomizable>
  <CanBeDeleted>1</CanBeDeleted>
  <IsHidden>0</IsHidden>
  <FileName>/WebResources/mag_jsnotifyjsC7540E30-003B-E511-80C6-00155D048D13</FileName>
</WebResource>