<?xml version="1.0" encoding="utf-8"?>
<environmentvariabledefinition
  schemaname="rhm_FedExAddressValidationRequestKey">
  <defaultvalue>vcqKB5rdPvC2q4WS</defaultvalue>
  <displayname
    default="FedEx Address Validation Request Key">
    <label
      description="FedEx Address Validation Request Key"
      languagecode="1033" />
  </displayname>
  <introducedversion>1.0.0.0</introducedversion>
  <iscustomizable>1</iscustomizable>
  <isrequired>0</isrequired>
  <secretstore>0</secretstore>
  <type>100000000</type>
</environmentvariabledefinition>