﻿<?xml version="1.0" encoding="utf-8"?>
<savedquery>
  <IsCustomizable>1</IsCustomizable>
  <CanBeDeleted>0</CanBeDeleted>
  <isquickfindquery>0</isquickfindquery>
  <isprivate>0</isprivate>
  <isdefault>0</isdefault>
  <returnedtypecode>10020</returnedtypecode>
  <savedqueryid>{2cdfe34c-4353-4d07-b088-98c08d5e7429}</savedqueryid>
  <layoutxml>
    <grid name="resultset" object="10020" jump="rbsm_name" select="1" icon="1" preview="1">
      <row name="result" id="rbsm_opportunityservicecatalogconnectionid">
        <cell name="a_0e87dc088d9ae5119f13005056ae52c3.rbsm_product" width="150" disableSorting="1" />
        <cell name="rbsm_servicecatalog" width="200" />
        <cell name="rbsm_comments" width="200" disableSorting="1" />
      </row>
    </grid>
  </layoutxml>
  <querytype>0</querytype>
  <fetchxml>
    <fetch version="1.0" mapping="logical">
      <entity name="rbsm_opportunityservicecatalogconnection">
        <order attribute="rbsm_servicecatalog" descending="false" />
        <filter type="and">
          <condition attribute="statecode" operator="eq" value="0" />
        </filter>
        <attribute name="rbsm_servicecatalog" />
        <link-entity alias="a_0e87dc088d9ae5119f13005056ae52c3" name="rbsm_productservicescatalog" from="rbsm_productservicescatalogid" to="rbsm_servicecatalog" link-type="outer" visible="false">
          <attribute name="rbsm_product" />
        </link-entity>
        <attribute name="rbsm_comments" />
        <attribute name="rbsm_opportunityservicecatalogconnectionid" />
      </entity>
    </fetch>
  </fetchxml>
  <IntroducedVersion>1.0.0.0</IntroducedVersion>
  <LocalizedNames>
    <LocalizedName description="Active Opportunity Service Catalog Connections" languagecode="1033" />
  </LocalizedNames>
</savedquery>