﻿<?xml version="1.0" encoding="utf-8"?>
<savedquery>
  <IsCustomizable>1</IsCustomizable>
  <CanBeDeleted>1</CanBeDeleted>
  <isquickfindquery>0</isquickfindquery>
  <isprivate>0</isprivate>
  <isdefault>1</isdefault>
  <returnedtypecode>10020</returnedtypecode>
  <savedqueryid>{adb83056-8e9a-e511-9f13-005056ae52c3}</savedqueryid>
  <layoutxml>
    <grid name="resultset" object="10020" jump="rbsm_name" select="1" preview="1" icon="1">
      <row name="result" id="rbsm_opportunityservicecatalogconnectionid">
        <cell name="rbsm_opportunity" width="200" />
        <cell name="a_861af1f18b9ae5119f13005056ae52c3.customerid" width="125" disableSorting="1" />
        <cell name="rbsm_servicecatalog" width="200" />
        <cell name="a_0e87dc088d9ae5119f13005056ae52c3.rbsm_product" width="150" disableSorting="1" />
      </row>
    </grid>
  </layoutxml>
  <querytype>0</querytype>
  <fetchxml>
    <fetch version="1.0" output-format="xml-platform" mapping="logical">
      <entity name="rbsm_opportunityservicecatalogconnection">
        <order attribute="rbsm_servicecatalog" descending="false" />
        <attribute name="rbsm_servicecatalog" />
        <attribute name="rbsm_opportunity" />
        <link-entity alias="a_0e87dc088d9ae5119f13005056ae52c3" name="rbsm_productservicescatalog" from="rbsm_productservicescatalogid" to="rbsm_servicecatalog" link-type="outer" visible="false">
          <attribute name="rbsm_product" />
        </link-entity>
        <link-entity alias="a_861af1f18b9ae5119f13005056ae52c3" name="opportunity" from="opportunityid" to="rbsm_opportunity" link-type="outer" visible="false">
          <attribute name="customerid" />
        </link-entity>
        <attribute name="rbsm_opportunityservicecatalogconnectionid" />
      </entity>
    </fetch>
  </fetchxml>
  <IntroducedVersion>1.0.0.0</IntroducedVersion>
  <LocalizedNames>
    <LocalizedName description="Opportunity Service Catalogs" languagecode="1033" />
  </LocalizedNames>
</savedquery>