﻿<?xml version="1.0" encoding="utf-8"?>
<savedquery>
  <IsCustomizable>1</IsCustomizable>
  <CanBeDeleted>0</CanBeDeleted>
  <isquickfindquery>0</isquickfindquery>
  <isprivate>0</isprivate>
  <isdefault>1</isdefault>
  <returnedtypecode>10020</returnedtypecode>
  <savedqueryid>{c8f5fbbc-e11c-43ca-9c85-b8a19a4d96d8}</savedqueryid>
  <layoutxml>
    <grid name="" object="10020" jump="rbsm_name" select="1" icon="1" preview="0">
      <row name="rbsm_opportunityservicecatalogconnection" id="rbsm_opportunityservicecatalogconnectionid">
        <cell name="rbsm_name" width="300" />
        <cell name="createdon" width="125" />
      </row>
    </grid>
  </layoutxml>
  <querytype>64</querytype>
  <fetchxml>
    <fetch version="1.0" mapping="logical">
      <entity name="rbsm_opportunityservicecatalogconnection">
        <attribute name="rbsm_opportunityservicecatalogconnectionid" />
        <attribute name="rbsm_name" />
        <attribute name="createdon" />
        <filter type="and">
          <condition attribute="statecode" operator="eq" value="0" />
        </filter>
      </entity>
    </fetch>
  </fetchxml>
  <IntroducedVersion>1.0.0.0</IntroducedVersion>
  <LocalizedNames>
    <LocalizedName description="Opportunity Service Catalog Connection Lookup View" languagecode="1033" />
  </LocalizedNames>
</savedquery>