﻿<?xml version="1.0" encoding="utf-8"?>
<savedquery>
  <IsCustomizable>1</IsCustomizable>
  <CanBeDeleted>0</CanBeDeleted>
  <isquickfindquery>0</isquickfindquery>
  <isprivate>0</isprivate>
  <isdefault>1</isdefault>
  <returnedtypecode>10020</returnedtypecode>
  <savedqueryid>{f8b4715b-581d-43e2-ae4e-b0a6799a3bd6}</savedqueryid>
  <layoutxml>
    <grid name="" object="10020" jump="rbsm_name" select="1" icon="1" preview="1">
      <row name="rbsm_opportunityservicecatalogconnection" id="rbsm_opportunityservicecatalogconnectionid">
        <cell name="rbsm_name" width="300" />
        <cell name="createdon" width="125" />
      </row>
    </grid>
  </layoutxml>
  <querytype>2</querytype>
  <fetchxml>
    <fetch version="1.0" mapping="logical">
      <entity name="rbsm_opportunityservicecatalogconnection">
        <attribute name="rbsm_opportunityservicecatalogconnectionid" />
        <attribute name="rbsm_name" />
        <attribute name="createdon" />
        <order attribute="rbsm_name" descending="false" />
        <filter type="and">
          <condition attribute="statecode" operator="eq" value="0" />
        </filter>
      </entity>
    </fetch>
  </fetchxml>
  <IntroducedVersion>1.0.0.0</IntroducedVersion>
  <LocalizedNames>
    <LocalizedName description="Opportunity Service Catalog Connection Associated View" languagecode="1033" />
  </LocalizedNames>
</savedquery>