<?xml version="1.0" encoding="utf-8"?>
<environmentvariabledefinition
  schemaname="rhm_GetSODetailsBySONumber">
  <defaultvalue>https://project-oic-rheem-idyvcrywlv4c-px.integration.ocp.oraclecloud.com:443/ic/api/integration/v1/flows/rest/RHM_MS_DYNAM_ORDER_DETAI_API/1.0/getorderdetails?</defaultvalue>
  <displayname
    default="Rheem Oracle Services - Get SO Details By SO Number">
    <label
      description="Rheem Oracle Services - Get SO Details By SO Number"
      languagecode="1033" />
  </displayname>
  <introducedversion>1.0.0.0</introducedversion>
  <iscustomizable>1</iscustomizable>
  <isrequired>0</isrequired>
  <secretstore>0</secretstore>
  <type>100000000</type>
</environmentvariabledefinition>