﻿<?xml version="1.0" encoding="utf-8"?>
<WebResource>
  <WebResourceId>{71c72758-1052-e611-80d5-00155d048d13}</WebResourceId>
  <Name>mag_/img/alert.png</Name>
  <DisplayName>/img/alert.png</DisplayName>
  <WebResourceType>5</WebResourceType>
  <IntroducedVersion>1.1.0.0</IntroducedVersion>
  <IsEnabledForMobileClient>0</IsEnabledForMobileClient>
  <IsAvailableForMobileOffline>0</IsAvailableForMobileOffline>
  <IsCustomizable>1</IsCustomizable>
  <CanBeDeleted>1</CanBeDeleted>
  <IsHidden>0</IsHidden>
  <FileName>/WebResources/mag_imgalertpng71C72758-1052-E611-80D5-00155D048D13</FileName>
</WebResource>