﻿<?xml version="1.0" encoding="utf-8"?>
<RibbonDiffXml>
  <CustomActions>
    <CustomAction Id="nwm.appointment.ConvertToCallReport.Button.CustomAction" Location="Mscrm.Form.appointment.MainTab.Save.Controls._children" Sequence="45">
      <CommandUIDefinition>
        <Button Alt="$LocLabels:nwm.appointment.ConvertToCallReport.Button.Alt" Command="nwm.appointment.ConvertToCallReport.Command" Id="nwm.appointment.ConvertToCallReport.Button" Image32by32="$webresource:nwm_/Images/32px_CallReport.png" Image16by16="$webresource:nwm_/Images/16px_CallReport.png" LabelText="$LocLabels:nwm.appointment.ConvertToCallReport.Button.LabelText" Sequence="45" TemplateAlias="o2" ToolTipTitle="$LocLabels:nwm.appointment.ConvertToCallReport.Button.ToolTipTitle" ToolTipDescription="$LocLabels:nwm.appointment.ConvertToCallReport.Button.ToolTipDescription" />
      </CommandUIDefinition>
    </CustomAction>
  </CustomActions>
  <Templates>
    <RibbonTemplates Id="Mscrm.Templates"></RibbonTemplates>
  </Templates>
  <CommandDefinitions>
    <CommandDefinition Id="nwm.appointment.ConvertToCallReport.Command">
      <EnableRules />
      <DisplayRules />
      <Actions>
        <JavaScriptFunction FunctionName="Rbs.Crm.FOS.CallReport.convertAppointmentToCallReport" Library="$webresource:nwm_/Script/callreport.js" />
      </Actions>
    </CommandDefinition>
  </CommandDefinitions>
  <RuleDefinitions>
    <TabDisplayRules />
    <DisplayRules />
    <EnableRules />
  </RuleDefinitions>
  <LocLabels>
    <LocLabel Id="nwm.appointment.ConvertToCallReport.Button.Alt">
      <Titles>
        <Title description="Create Call Report for Meeting" languagecode="1033" />
      </Titles>
    </LocLabel>
    <LocLabel Id="nwm.appointment.ConvertToCallReport.Button.LabelText">
      <Titles>
        <Title description="Create Call Report" languagecode="1033" />
      </Titles>
    </LocLabel>
    <LocLabel Id="nwm.appointment.ConvertToCallReport.Button.ToolTipDescription">
      <Titles>
        <Title description="Create Call Report for Meeting" languagecode="1033" />
      </Titles>
    </LocLabel>
    <LocLabel Id="nwm.appointment.ConvertToCallReport.Button.ToolTipTitle">
      <Titles>
        <Title description="Create Call Report for Meeting" languagecode="1033" />
      </Titles>
    </LocLabel>
  </LocLabels>
</RibbonDiffXml>