﻿<?xml version="1.0" encoding="utf-8"?>
<savedquery>
  <IsCustomizable>1</IsCustomizable>
  <CanBeDeleted>0</CanBeDeleted>
  <isquickfindquery>0</isquickfindquery>
  <isprivate>0</isprivate>
  <isdefault>0</isdefault>
  <returnedtypecode>10024</returnedtypecode>
  <savedqueryid>{306c3c2a-077a-4d0d-aa58-940d729f7388}</savedqueryid>
  <layoutxml>
    <grid name="resultset" object="10024" jump="rbsm_id" select="1" icon="1" preview="1">
      <row name="result" id="rbsm_ceoactivitycontactid">
        <cell name="rbsm_ceoactivity" width="300" />
        <cell name="rbsm_contact" width="200" />
        <cell name="rbsm_comment" width="300" disableSorting="1" />
      </row>
    </grid>
  </layoutxml>
  <querytype>0</querytype>
  <fetchxml>
    <fetch version="1.0" mapping="logical">
      <entity name="rbsm_ceoactivitycontact">
        <filter type="and">
          <condition attribute="statecode" operator="eq" value="1" />
        </filter>
        <order attribute="rbsm_contact" descending="false" />
        <attribute name="rbsm_contact" />
        <attribute name="rbsm_comment" />
        <attribute name="rbsm_ceoactivity" />
        <attribute name="rbsm_ceoactivitycontactid" />
      </entity>
    </fetch>
  </fetchxml>
  <IntroducedVersion>1.0.0.0</IntroducedVersion>
  <LocalizedNames>
    <LocalizedName description="Inactive CEO Activity Stakeholders" languagecode="1033" />
  </LocalizedNames>
</savedquery>