﻿<?xml version="1.0" encoding="utf-8"?>
<savedquery>
  <IsCustomizable>1</IsCustomizable>
  <CanBeDeleted>1</CanBeDeleted>
  <isquickfindquery>0</isquickfindquery>
  <isprivate>0</isprivate>
  <isdefault>0</isdefault>
  <returnedtypecode>10024</returnedtypecode>
  <savedqueryid>{4e47c215-abd1-e511-bb31-005056ae52c3}</savedqueryid>
  <layoutxml>
    <grid name="resultset" object="10024" jump="rbsm_id" select="1" preview="1" icon="1">
      <row name="result" id="rbsm_ceoactivitycontactid">
        <cell name="rbsm_contact" width="200" />
        <cell name="a_dd57ae93a9d1e511bb31005056ae52c3.parentcustomerid" width="200" disableSorting="1" />
        <cell name="rbsm_comment" width="300" disableSorting="1" />
      </row>
    </grid>
  </layoutxml>
  <querytype>0</querytype>
  <fetchxml>
    <fetch version="1.0" output-format="xml-platform" mapping="logical">
      <entity name="rbsm_ceoactivitycontact">
        <order attribute="rbsm_contact" descending="false" />
        <attribute name="rbsm_contact" />
        <attribute name="rbsm_comment" />
        <link-entity alias="a_dd57ae93a9d1e511bb31005056ae52c3" name="contact" from="contactid" to="rbsm_contact" link-type="outer" visible="false">
          <attribute name="parentcustomerid" />
        </link-entity>
        <attribute name="rbsm_ceoactivitycontactid" />
      </entity>
    </fetch>
  </fetchxml>
  <IntroducedVersion>1.0.0.0</IntroducedVersion>
  <LocalizedNames>
    <LocalizedName description="CEO Activity Form View" languagecode="1033" />
  </LocalizedNames>
</savedquery>