﻿<?xml version="1.0" encoding="utf-8"?>
<savedquery>
  <IsCustomizable>1</IsCustomizable>
  <CanBeDeleted>0</CanBeDeleted>
  <isquickfindquery>0</isquickfindquery>
  <isprivate>0</isprivate>
  <isdefault>1</isdefault>
  <returnedtypecode>10024</returnedtypecode>
  <savedqueryid>{8124330b-08b7-4ad3-a9cb-921f93042554}</savedqueryid>
  <layoutxml>
    <grid name="" object="10024" jump="rbsm_id" select="1" icon="1" preview="1">
      <row name="rbsm_ceoactivitycontact" id="rbsm_ceoactivitycontactid">
        <cell name="rbsm_ceoactivity" width="300" />
        <cell name="rbsm_contact" width="200" />
        <cell name="rbsm_comment" width="200" disableSorting="1" />
      </row>
    </grid>
  </layoutxml>
  <querytype>2</querytype>
  <fetchxml>
    <fetch version="1.0" mapping="logical">
      <entity name="rbsm_ceoactivitycontact">
        <filter type="and">
          <condition attribute="statecode" operator="eq" value="0" />
        </filter>
        <order attribute="rbsm_contact" descending="false" />
        <attribute name="rbsm_contact" />
        <attribute name="rbsm_comment" />
        <attribute name="rbsm_ceoactivity" />
        <attribute name="rbsm_ceoactivitycontactid" />
      </entity>
    </fetch>
  </fetchxml>
  <IntroducedVersion>1.0.0.0</IntroducedVersion>
  <LocalizedNames>
    <LocalizedName description="CEO Activity Stakeholder Associated View" languagecode="1033" />
  </LocalizedNames>
</savedquery>