﻿<?xml version="1.0" encoding="utf-8"?>
<savedquery>
  <IsCustomizable>1</IsCustomizable>
  <CanBeDeleted>0</CanBeDeleted>
  <isquickfindquery>0</isquickfindquery>
  <isprivate>0</isprivate>
  <isdefault>1</isdefault>
  <returnedtypecode>10024</returnedtypecode>
  <savedqueryid>{93001fc4-1ae2-40e9-a2a3-d3b954f187a3}</savedqueryid>
  <layoutxml>
    <grid name="" object="10024" jump="rbsm_id" select="1" icon="1" preview="0">
      <row name="rbsm_ceoactivitycontact" id="rbsm_ceoactivitycontactid">
        <cell name="rbsm_id" width="25" />
        <cell name="rbsm_ceoactivity" width="100" />
        <cell name="rbsm_contact" width="100" />
        <cell name="rbsm_comment" width="100" disableSorting="1" />
      </row>
    </grid>
  </layoutxml>
  <querytype>64</querytype>
  <fetchxml>
    <fetch version="1.0" mapping="logical">
      <entity name="rbsm_ceoactivitycontact">
        <attribute name="rbsm_ceoactivitycontactid" />
        <attribute name="rbsm_id" />
        <filter type="and">
          <condition attribute="statecode" operator="eq" value="0" />
        </filter>
        <order attribute="rbsm_id" descending="false" />
        <attribute name="rbsm_contact" />
        <attribute name="rbsm_comment" />
        <attribute name="rbsm_ceoactivity" />
      </entity>
    </fetch>
  </fetchxml>
  <IntroducedVersion>1.0.0.0</IntroducedVersion>
  <LocalizedNames>
    <LocalizedName description="CEO Activity Stakeholder Lookup View" languagecode="1033" />
  </LocalizedNames>
</savedquery>