﻿<?xml version="1.0" encoding="utf-8"?>
<savedquery>
  <IsCustomizable>1</IsCustomizable>
  <CanBeDeleted>0</CanBeDeleted>
  <isquickfindquery>0</isquickfindquery>
  <isprivate>0</isprivate>
  <isdefault>1</isdefault>
  <returnedtypecode>10024</returnedtypecode>
  <savedqueryid>{d4ff29fe-4674-4a63-9110-6de34b5358e7}</savedqueryid>
  <layoutxml>
    <grid name="resultset" object="10024" jump="rbsm_id" select="1" icon="1" preview="1">
      <row name="result" id="rbsm_ceoactivitycontactid">
        <cell name="rbsm_ceoactivity" width="300" />
        <cell name="rbsm_contact" width="200" />
        <cell name="rbsm_comment" width="200" disableSorting="1" />
        <cell name="a_dd57ae93a9d1e511bb31005056ae52c3.emailaddress1" width="10" disableSorting="1" />
      </row>
    </grid>
  </layoutxml>
  <querytype>0</querytype>
  <fetchxml>
    <fetch version="1.0" mapping="logical">
      <entity name="rbsm_ceoactivitycontact">
        <filter type="and">
          <condition attribute="statecode" operator="eq" value="0" />
        </filter>
        <order attribute="rbsm_contact" descending="false" />
        <attribute name="rbsm_contact" />
        <attribute name="rbsm_comment" />
        <attribute name="rbsm_ceoactivity" />
        <link-entity alias="a_dd57ae93a9d1e511bb31005056ae52c3" name="contact" from="contactid" to="rbsm_contact" link-type="outer" visible="false">
          <attribute name="emailaddress1" />
        </link-entity>
        <attribute name="rbsm_ceoactivitycontactid" />
      </entity>
    </fetch>
  </fetchxml>
  <IntroducedVersion>1.0.0.0</IntroducedVersion>
  <LocalizedNames>
    <LocalizedName description="Active CEO Activity Stakeholders" languagecode="1033" />
  </LocalizedNames>
</savedquery>