﻿<?xml version="1.0" encoding="utf-8"?>
<WebResource>
  <WebResourceId>{73719560-e5b6-e611-80e1-c4346bad20a4}</WebResourceId>
  <Name>nwm_/app/app.js</Name>
  <DisplayName>nwm_/app/app.js</DisplayName>
  <WebResourceType>3</WebResourceType>
  <IntroducedVersion>0.0.0.1</IntroducedVersion>
  <IsEnabledForMobileClient>0</IsEnabledForMobileClient>
  <IsAvailableForMobileOffline>0</IsAvailableForMobileOffline>
  <IsCustomizable>1</IsCustomizable>
  <CanBeDeleted>1</CanBeDeleted>
  <IsHidden>0</IsHidden>
  <FileName>/WebResources/nwm_appappjs73719560-E5B6-E611-80E1-C4346BAD20A4</FileName>
</WebResource>