﻿<?xml version="1.0" encoding="utf-8"?>
<savedquery>
  <isquickfindquery>1</isquickfindquery>
  <isprivate>0</isprivate>
  <isdefault>1</isdefault>
  <returnedtypecode>4202</returnedtypecode>
  <savedqueryid>{5f3c0954-9208-4555-9145-9f36c02b2582}</savedqueryid>
  <queryapi></queryapi>
  <layoutxml>
    <grid name="resultset" object="4202" jump="subject" select="1" preview="1" icon="1">
      <row name="result" id="activityid">
        <cell name="subject" width="250" />
        <cell name="regardingobjectid" width="100" />
        <cell name="statuscode" width="100" />
        <cell name="to" width="150" />
        <cell name="from" width="150" />
        <cell name="modifiedon" width="100" />
      </row>
    </grid>
  </layoutxml>
  <querytype>4</querytype>
  <fetchxml>
    <fetch version="1.0" output-format="xml-platform" mapping="logical">
      <entity name="email">
        <attribute name="subject" />
        <order attribute="subject" descending="false" />
        <attribute name="regardingobjectid" />
        <attribute name="statuscode" />
        <attribute name="to" />
        <attribute name="from" />
        <attribute name="modifiedon" />
        <filter type="or" isquickfindfields="1">
          <condition attribute="torecipients" operator="like" value="{0}" />
          <condition attribute="subject" operator="like" value="{0}" />
          <condition attribute="emailsender" operator="like" value="{0}" />
          <condition attribute="regardingobjectid" operator="like" value="{0}" />
          <condition attribute="description" operator="like" value="{0}" />
        </filter>
        <attribute name="activityid" />
      </entity>
    </fetch>
  </fetchxml>
  <IntroducedVersion>5.0.0.0</IntroducedVersion>
  <LocalizedNames>
    <LocalizedName description="Quick Find All Email" languagecode="1033" />
  </LocalizedNames>
</savedquery>