<?xml version="1.0" encoding="utf-8"?>
<RibbonDiffXml xmlns:xsi="http://www.w3.org/2001/XMLSchema-instance">
  <CustomActions>
    <HideCustomAction
      HideActionId="rhm.Mscrm.Form.rhm_partorder.NewRecord.Hide"
      Location="Mscrm.Form.rhm_partorder.NewRecord" />
    <HideCustomAction
      HideActionId="rhm.Mscrm.Form.rhm_partorder.NewRecordForBPFEntity.Hide"
      Location="Mscrm.Form.rhm_partorder.NewRecordForBPFEntity" />
    <HideCustomAction
      HideActionId="rhm.Mscrm.HomepageGrid.rhm_partorder.NewRecord.Hide"
      Location="Mscrm.HomepageGrid.rhm_partorder.NewRecord" />
    <HideCustomAction
      HideActionId="rhm.Mscrm.HomepageGrid.rhm_partorder.NewRecordForBPFEntity.Hide"
      Location="Mscrm.HomepageGrid.rhm_partorder.NewRecordForBPFEntity" />
    <HideCustomAction
      HideActionId="rhm.Mscrm.SubGrid.rhm_partorder.AddNewStandard.Hide"
      Location="Mscrm.SubGrid.rhm_partorder.AddNewStandard" />
    <HideCustomAction
      HideActionId="rhm.Mscrm.SubGrid.rhm_partorder.NewRecord.Hide"
      Location="Mscrm.SubGrid.rhm_partorder.NewRecord" />
  </CustomActions>
  <Templates>
    <RibbonTemplates
      Id="Mscrm.Templates"></RibbonTemplates>
  </Templates>
  <CommandDefinitions />
  <RuleDefinitions>
    <TabDisplayRules />
    <DisplayRules />
    <EnableRules />
  </RuleDefinitions>
  <LocLabels />
</RibbonDiffXml>