﻿{
  "$schema": "https://schema.management.azure.com/schemas/2015-01-01/deploymentTemplate.json#",
  "contentVersion": "1.0.0.0",
  "parameters": {
    "serverName": {
      "type": "string",
      "metadata": {
        "description": "The name of the Azure Analysis Services server to create. Server name must begin with a letter, be lowercase alphanumeric, and between 3 and 63 characters in length. Server name must be unique per region."
      }
    },
    "location": {
      "type": "string",
      "defaultValue": "[resourceGroup().location]",
      "metadata": {
        "description": "Location of all resources."
      }
    },
    "serverLocation": {
      "type": "string",
      "defaultValue": "Australia East",
      "metadata": {
        "description": "Location of the Azure Analysis Services server. For supported regions, see https://docs.microsoft.com/en-us/azure/analysis-services/analysis-services-overview#availability-by-region"
      }
    },
    "skuName": {
      "type": "string",
      "defaultValue": "S0",
      "metadata": {
        "description": "The sku name of the Azure Analysis Services server to create. Choose from: B1, B2, D1, S0, S1, S2, S3, S4, S8, S9. Some skus are region specific. See https://docs.microsoft.com/en-us/azure/analysis-services/analysis-services-overview#availability-by-region"
      }
    },
    "capacity": {
      "type": "int",
      "defaultValue": 1,
      "metadata": {
        "description": "The total number of query replica scale-out instances. Scale-out of more than one instance is supported on selected regions only. See https://docs.microsoft.com/en-us/azure/analysis-services/analysis-services-overview#availability-by-region"
      }
    },
    "firewallSettings": {
      "type": "object",
      "defaultValue": {
        "firewallRules": [
          {
            "firewallRuleName": "AllowFromAll",
            "rangeStart": "0.0.0.0",
            "rangeEnd": "255.255.255.255"
          }
        ],
        "enablePowerBIService": true
      },
      "metadata": {
        "description": "The inbound firewall rules to define on the server. If not specified, firewall is disabled."
      }
    },
    "backupBlobContainerUri": {
      "type": "string",
      "defaultValue": "",
      "metadata": {
        "description": "The SAS URI to a private Azure Blob Storage container with read, write and list permissions. Required only if you intend to use the backup/restore functionality. See https://docs.microsoft.com/en-us/azure/analysis-services/analysis-services-backup"
      }
    }
  },
  "resources": [
    {
      "apiVersion": "2017-08-01",
      "type": "Microsoft.AnalysisServices/servers",
      "name": "[parameters('serverName')]",
      "location": "[parameters('serverLocation')]",
      "sku": {
        "name": "[parameters('skuName')]",
        "capacity": "[parameters('capacity')]"
      },
      "properties": {
               "backupBlobContainerUri": "[parameters('backupBlobContainerUri')]"
      }
    }
  ]
}