﻿{
  "$schema": "http://schema.management.azure.com/schemas/2015-01-01/deploymentTemplate.json#",
  "contentVersion": "1.0.0.0",
  "parameters": {
    
    "storageAccountName": {
      "type": "string"
    },
    "accountType": {
      "type": "string"
    },
    "kind": {
      "type": "string"
    },
    "accessTier": {
      "type": "string"
    },
    "supportsHttpsTrafficOnly": {
      "type": "bool"
    },
    "networkAclsBypass": {
      "type": "string"
    },
    "networkAclsDefaultAction": {
      "type": "string"
    },
    "isHnsEnabled": {
      "type": "bool"
    }
  },
  "variables": {},
  "resources": [
    {
      "name": "[parameters('storageAccountName')]",
      "type": "Microsoft.Storage/storageAccounts",
      "apiVersion": "2019-06-01",
      "location": "[resourceGroup().location]",
      "properties": {
        "accessTier": "[parameters('accessTier')]",
        "supportsHttpsTrafficOnly": "[parameters('supportsHttpsTrafficOnly')]",
        "networkAcls": {
          "bypass": "[parameters('networkAclsBypass')]",
          "defaultAction": "[parameters('networkAclsDefaultAction')]",
          "ipRules": []
        },
        "isHnsEnabled": "[parameters('isHnsEnabled')]"
      },
      "dependsOn": [],
      "sku": {
        "name": "[parameters('accountType')]"
      },
      "kind": "[parameters('kind')]",
      "tags": {}
    }
  ],
  "outputs": {}
}