﻿{
  "$schema": "https://schema.management.azure.com/schemas/2015-01-01/deploymentTemplate.json#",
  "contentVersion": "1.0.0.0",
  "parameters": {
    "name": {
      "type": "string",
      "defaultValue": "devdatafactory"
    }
  },
  "resources": [
    {
      "apiVersion": "2018-06-01",
      "name": "[parameters('name')]",
      "location": "[resourceGroup().location]",
      "type": "Microsoft.DataFactory/factories",
      "identity": {
        "type": "SystemAssigned"
      },
      "properties": {

      }
    }
  ]
}