﻿{
  "$schema": "http://schema.management.azure.com/schemas/2014-04-01-preview/deploymentTemplate.json#",
  "contentVersion": "1.0.0.0",
  "parameters": {
    "serverName": {
      "type": "string"
    },
    "administratorLogin": {
      "type": "string"
    },
    "administratorLoginPassword": {
      "type": "string"
    },
    "elasticPoolName": {
      "type": "string"
    },
    "skuName": {
      "type": "string"
    },
    "tier": {
      "type": "string"
    },
    "poolLimit": {
      "type": "string"
    },
    "poolSize": {
      "type": "int"
    },
    "perDatabasePerformanceMin": {
      "type": "string"
    },
    "perDatabasePerformanceMax": {
      "type": "string"
    },
    "zoneRedundant": {
      "type": "bool",
      "defaultValue": false
    },
    "licenseType": {
      "type": "string",
      "defaultValue": ""
    },
    "elasticPoolTags": {
      "type": "object",
      "defaultValue": {

      }
    }
  },
  "variables": {

  },
  "resources": [
    {
      "apiVersion": "2014-04-01-preview",

      "location": "[resourceGroup().location]",

      "name": "[parameters('serverName')]",

      "properties": {

        "administratorLogin": "[parameters('administratorLogin')]",

        "administratorLoginPassword": "[parameters('administratorLoginPassword')]",

        "version": "12.0"

      },

      "type": "Microsoft.Sql/servers"
    },
    {
      "name": "[concat(parameters('serverName'), '/', parameters('elasticPoolName'))]",
      "tags": "[parameters('elasticPoolTags')]",
      "location": "[resourceGroup().location]",
      "type": "Microsoft.Sql/servers/elasticpools",
      "apiVersion": "2017-10-01-preview",
      "dependsOn": [

        "[concat('Microsoft.Sql/servers/', parameters('serverName'))]"

      ],
      "sku": {
        "name": "[parameters('skuName')]",
        "tier": "[parameters('tier')]",
        "capacity": "[parameters('poolLimit')]"
      },
      "properties": {
        "perDatabaseSettings": {
          "minCapacity": "[parameters('perDatabasePerformanceMin')]",
          "maxCapacity": "[parameters('perDatabasePerformanceMax')]"
        },
        "maxSizeBytes": "[parameters('poolSize')]",
        "zoneRedundant": "[parameters('zoneRedundant')]",
        "licenseType": "[parameters('licenseType')]"
      }
    }
  ]
}