﻿{
  "$schema": "https://schema.management.azure.com/schemas/2015-01-01/deploymentTemplate.json#",
  "contentVersion": "1.0.0.0",
  "parameters": {
    "workspaceName": {
      "type": "string",
      "metadata": {
        "description": "The name of the Azure Databricks workspace to create."
      }
    },
    "pricingTier": {
      "defaultValue": "standard",
      "allowedValues": [
        "trial",
        "standard",
        "premium"
      ],
      "type": "string",
      "metadata": {
        "description": "The pricing tier of workspace."
      }
    },
    "customVirtualNetworkId": {
      "type": "string",
      "metadata": {
        "description": "The complete ARM resource Id of the custom virtual network."
      }
    },
    "customPublicSubnetName": {
      "type": "string",
      "defaultValue": "public-subnet",
      "metadata": {
        "description": "The name of the public subnet in the custom VNet."
      }
    },
    "customPrivateSubnetName": {
      "type": "string",
      "defaultValue": "private-subnet",
      "metadata": {
        "description": "The name of the private subnet in the custom VNet."
      }
    },
    "location": {
      "type": "string",
      "defaultValue": "[resourceGroup().location]",
      "metadata": {
        "description": "Location for all resources."
      }
    }
  },
  "variables": {
    "managedResourceGroupId": "[concat(subscription().id, '/resourceGroups/', variables('managedResourceGroupName'))]",
    "managedResourceGroupName": "[concat('databricks-rg-', parameters('workspaceName'), '-', uniqueString(parameters('workspaceName'), resourceGroup().id))]"
  },
  "resources": [
    {
      "apiVersion": "2018-04-01",
      "location": "[resourceGroup().location]",
      "name": "[parameters('workspaceName')]",
      "sku": {
        "name": "[parameters('pricingTier')]"
      },
      "comments": "The resource group specified will be locked after deployment.",
      "properties": {
        "ManagedResourceGroupId": "[variables('managedResourceGroupId')]",
        "parameters": {
          "customVirtualNetworkId": {
            "value": "[parameters('customVirtualNetworkId')]"
          },
          "customPublicSubnetName": {
            "value": "[parameters('customPublicSubnetName')]"
          },
          "customPrivateSubnetName": {
            "value": "[parameters('customPrivateSubnetName')]"
          }
        }
      },
      "type": "Microsoft.Databricks/workspaces"
    }
  ]
}