﻿{
  "$schema": "http://schema.management.azure.com/schemas/2014-04-01-preview/deploymentTemplate.json#",
  "contentVersion": "1.0.0.0",
  "parameters": {
    "name": {
      "type": "string",
      "defaultValue": "azkv"
    },
    "sku": {
      "type": "string",
      "defaultValue": "Standard",
      "allowedValues": [
        "Standard",
        "standard",
        "Premium",
        "premium"
      ],
      "metadata": {
        "description": "SKU for the vault"
      }
    },
    "accessPolicies": {
      "type": "array",
      "defaultValue": [

      ],
      "metadata": {
        "description": "The access policies defined for this vault."
      }
    },
    "tenantId": {
      "type": "string",
      "defaultValue": "[subscription().tenantId]"
    },
    "enabledForDeployment": {
      "type": "bool"
    },
    "enabledForTemplateDeployment": {
      "type": "bool"
    },
    "enabledForDiskEncryption": {
      "type": "bool"
    },
    "keyVaultCreatorId": {
      "type": "string",
      "defaultvalue": ""
    },

    "virtualNetworkName": {
      "type": "string",
      "defaultvalue": ""
    },
    "subnetName": {
      "type": "string",
      "defaultvalue": ""
    }
  },
  "variables": {

    "subnetRef": "[resourceId('Microsoft.Network/virtualNetworks/subnets', parameters('virtualNetworkName'), parameters('subnetName'))]"
  },
  "resources": [
    {
      "apiVersion": "2016-10-01",
      "name": "[parameters('name')]",
      "location": "[resourceGroup().location]",
      "type": "Microsoft.KeyVault/vaults",

      "properties": {
        "enabledForDeployment": "[parameters('enabledForDeployment')]",
        "enabledForTemplateDeployment": "[parameters('enabledForTemplateDeployment')]",
        "enabledForDiskEncryption": "[parameters('enabledForDiskEncryption')]",
        "accessPolicies": [
          {
            "objectId": "760a43b9-339b-418e-a1d2-bba4e59eafc0",
            "tenantId": "[parameters('tenantId')]",
            "permissions": {
              "keys": [
                "Get",
                "List",
                "Update",
                "Create",
                "Import",
                "Delete",
                "Recover",
                "Backup",
                "Restore"
              ],
              "secrets": [
                "Get",
                "List",
                "Set",
                "Delete",
                "Recover",
                "Backup",
                "Restore"
              ],
              "certificates": [
                "Get",
                "List",
                "Update",
                "Create",
                "Import",
                "Delete",
                "Recover",
                "Backup",
                "Restore",
                "ManageContacts",
                "ManageIssuers",
                "GetIssuers",
                "ListIssuers",
                "SetIssuers",
                "DeleteIssuers"
              ]
            }
          }
        ],
        "tenantId": "[parameters('tenantId')]",
        "sku": {
          "name": "[parameters('sku')]",
          "family": "A"
        }

        //"networkAcls": {

        //  "defaultAction": "Deny",
        //  "bypass": "AzureServices",
        //  "ipRules": [

        //  ],
        //  "virtualNetworkRules": [
        //    {
        //      "id": "[resourceId('Microsoft.Network/virtualNetworks/subnets', parameters('virtualNetworkName'), parameters('subnetName'))]",
        //      "ignoreMissingVnetServiceEndpoint": false
        //    }
        //  ]

        //}
      }
    }
  ]
}