﻿<?xml version="1.0" encoding="utf-8"?>
<systemform>
  <formid>{c71a3444-f98c-404e-a48b-80b8275c512e}</formid>
  <IntroducedVersion>1.0.0.0</IntroducedVersion>
  <FormPresentation>1</FormPresentation>
  <FormActivationState>1</FormActivationState>
  <form>
    <tabs>
      <tab verticallayout="true" id="{de9cbee5-8d56-400e-9a7c-2a2ee965a70d}" IsUserDefined="1">
        <labels>
          <label description="General" languagecode="1033" />
        </labels>
        <columns>
          <column width="100%">
            <sections>
              <section showlabel="false" showbar="false" IsUserDefined="0" id="{440ae484-4c89-4979-b58b-ce02be26bc90}">
                <labels>
                  <label description="General" languagecode="1033" />
                </labels>
                <rows>
                  <row>
                    <cell id="{116fdb9c-087f-44d4-97f6-f90e9b5138fd}" showlabel="true" locklevel="0" visible="false">
                      <labels>
                        <label description="Name" languagecode="1033" />
                      </labels>
                      <control id="rbsm_name" classid="{4273EDBD-AC1D-40d3-9FB2-095C621B552D}" datafieldname="rbsm_name" disabled="false" />
                    </cell>
                  </row>
                  <row>
                    <cell id="{b44e9730-02b1-8534-c117-3288b08e3799}" showlabel="true" locklevel="0">
                      <labels>
                        <label description="Customer" languagecode="1033" />
                      </labels>
                      <control id="rbsm_customer" classid="{270BD3DB-D9AF-4782-9025-509E298DEC0A}" datafieldname="rbsm_customer" disabled="false" />
                    </cell>
                  </row>
                  <row>
                    <cell id="{10a96ab0-08a8-427c-36e5-e2862cb1ade5}" showlabel="true" locklevel="0">
                      <labels>
                        <label description="CEO Activity" languagecode="1033" />
                      </labels>
                      <control id="rbsm_ceoactivity" classid="{270BD3DB-D9AF-4782-9025-509E298DEC0A}" datafieldname="rbsm_ceoactivity" disabled="false" />
                    </cell>
                  </row>
                </rows>
              </section>
            </sections>
          </column>
        </columns>
      </tab>
    </tabs>
    <header id="{6187757e-76e8-4a15-8918-6301277d3761}" columns="111">
      <rows>
        <row>
          <cell id="{59e708ce-bcda-4644-b01e-efa5a1d0987b}">
            <labels>
              <label description="" languagecode="1033" />
            </labels>
          </cell>
          <cell id="{4bba9332-2230-7ac2-cbaa-29e506a108ca}" showlabel="true" locklevel="0">
            <labels>
              <label description="Created On" languagecode="1033" />
            </labels>
            <control id="header_createdon" classid="{5B773807-9FB2-42db-97C3-7A91EFF8ADFF}" datafieldname="createdon" disabled="false" />
          </cell>
          <cell id="{2d44bc43-b7e3-58de-b1da-5b9d36ada8ee}" showlabel="true" locklevel="0">
            <labels>
              <label description="Owner" languagecode="1033" />
            </labels>
            <control id="header_ownerid" classid="{270BD3DB-D9AF-4782-9025-509E298DEC0A}" datafieldname="ownerid" disabled="false" />
          </cell>
        </row>
      </rows>
    </header>
    <Navigation>
      <NavBar></NavBar>
      <NavBarAreas>
        <NavBarArea Id="Info">
          <Titles>
            <Title LCID="1033" Text="Common" />
          </Titles>
        </NavBarArea>
        <NavBarArea Id="Sales">
          <Titles>
            <Title LCID="1033" Text="Sales" />
          </Titles>
        </NavBarArea>
        <NavBarArea Id="Service">
          <Titles>
            <Title LCID="1033" Text="Service" />
          </Titles>
        </NavBarArea>
        <NavBarArea Id="Marketing">
          <Titles>
            <Title LCID="1033" Text="Marketing" />
          </Titles>
        </NavBarArea>
        <NavBarArea Id="ProcessCenter">
          <Titles>
            <Title LCID="1033" Text="Process Sessions" />
          </Titles>
        </NavBarArea>
      </NavBarAreas>
    </Navigation>
  </form>
  <IsCustomizable>1</IsCustomizable>
  <CanBeDeleted>1</CanBeDeleted>
  <LocalizedNames>
    <LocalizedName description="Information" languagecode="1033" />
  </LocalizedNames>
  <Descriptions>
    <Description description="A form for this entity." languagecode="1033" />
  </Descriptions>
</systemform>