﻿<?xml version="1.0" encoding="utf-8"?>
<systemform>
  <formid>{e3008cfa-40ee-4820-90c6-79a75e52f37b}</formid>
  <IntroducedVersion>0.0.0.0</IntroducedVersion>
  <FormPresentation>1</FormPresentation>
  <FormActivationState>1</FormActivationState>
  <form>
    <tabs>
      <tab name="general" verticallayout="true" id="{1759d5b7-559e-4916-ac86-0938e2bb326c}" IsUserDefined="0">
        <labels>
          <label description="" languagecode="1033" />
        </labels>
        <columns>
          <column width="25%">
            <sections>
              <section name="ColorStrip" showlabel="false" showbar="false" columns="1" IsUserDefined="0" id="{78e40b58-5941-4cc8-988d-887154294003}">
                <labels>
                  <label description="ColorStrip" languagecode="1033" />
                </labels>
                <rows>
                  <row>
                    <cell id="{7e0c8908-f200-421a-a19a-4f7a797f2d25}">
                      <labels>
                        <label description="" languagecode="1033" />
                      </labels>
                    </cell>
                  </row>
                </rows>
              </section>
            </sections>
          </column>
          <column width="75%">
            <sections>
              <section name="CardHeader" showlabel="false" showbar="false" columns="111" id="{9407e27d-7b03-4904-a1c2-f8020e91c431}" IsUserDefined="0">
                <labels>
                  <label description="Header" languagecode="1033" />
                </labels>
                <rows>
                  <row>
                    <cell id="{c6642ba9-343c-97de-ee2d-00c6bc86aa74}" showlabel="true" locklevel="0">
                      <labels>
                        <label description="Status" languagecode="1033" />
                      </labels>
                      <control id="statecode" classid="{3EF39988-22BB-4f0b-BBBE-64B5A3748AEE}" datafieldname="statecode" disabled="false" />
                    </cell>
                    <cell id="{3e34e234-54b4-43f7-8a42-c52156858c87}" showlabel="true" locklevel="0">
                      <labels>
                        <label description="Created On" languagecode="1033" />
                      </labels>
                      <control id="createdon" classid="{270BD3DB-D9AF-4782-9025-509E298DEC0A}" datafieldname="createdon" disabled="false" uniqueid="{9ece0850-eae6-ad1a-90d9-4926c06c5c7a}" />
                    </cell>
                    <cell id="{75e8198d-cb34-8b46-5172-6211b041188c}" showlabel="false">
                      <labels>
                        <label description="" languagecode="1033" />
                      </labels>
                    </cell>
                  </row>
                  <row>
                    <cell id="{8d6554bb-31fd-4586-8e87-9afeb3839b24}" showlabel="true" locklevel="0">
                      <labels>
                        <label description="Status Reason" languagecode="1033" />
                      </labels>
                      <control id="statuscode" classid="{5D68B988-0661-4db2-BC3E-17598AD3BE6C}" datafieldname="statuscode" disabled="false" uniqueid="{3c6cb209-82b3-170e-6792-b43edec3cdde}" />
                    </cell>
                    <cell id="{c8e5b70c-c94e-9575-8604-4475270d0ae1}" showlabel="true" locklevel="0">
                      <labels>
                        <label description="Created By" languagecode="1033" />
                      </labels>
                      <control id="createdby" classid="{270BD3DB-D9AF-4782-9025-509E298DEC0A}" datafieldname="createdby" disabled="false" uniqueid="{42736484-8dca-504e-4187-a6653719ba96}" />
                    </cell>
                    <cell id="{e41d1304-e251-7cac-2680-3178b619a34c}" showlabel="false">
                      <labels>
                        <label description="" languagecode="1033" />
                      </labels>
                    </cell>
                  </row>
                </rows>
              </section>
              <section name="CardDetails" showlabel="false" showbar="false" columns="1" id="{bbdebd00-ef42-4f84-aa88-55e1838c62d4}" IsUserDefined="0">
                <labels>
                  <label description="Details" languagecode="1033" />
                </labels>
                <rows>
                  <row>
                    <cell id="{ef4a274a-a52e-4d9f-80f5-82f1bd441aca}" showlabel="true" locklevel="0">
                      <labels>
                        <label description="Name" languagecode="1033" />
                      </labels>
                      <control id="rbs_name" classid="{4273EDBD-AC1D-40d3-9FB2-095C621B552D}" datafieldname="rbs_name" disabled="false" />
                    </cell>
                  </row>
                  <row>
                    <cell id="{93e4e07b-ba95-28a3-e358-1a3caca35214}" showlabel="true" locklevel="0">
                      <labels>
                        <label description="Description" languagecode="1033" />
                      </labels>
                      <control id="rbs_description" classid="{E0DECE4B-6FC8-4a8f-A065-082708572369}" datafieldname="rbs_description" disabled="false" uniqueid="{5493e7c0-b745-32ea-42ab-7801e37dceac}" />
                    </cell>
                  </row>
                  <row>
                    <cell id="{bca72585-dd0c-1c1e-54ad-a1186c8287be}" showlabel="true" locklevel="0">
                      <labels>
                        <label description="Action" languagecode="1033" />
                      </labels>
                      <control id="rbs_action" classid="{3EF39988-22BB-4f0b-BBBE-64B5A3748AEE}" datafieldname="rbs_action" disabled="false" uniqueid="{1b19be09-358a-b2bb-c963-80a72be46297}" />
                    </cell>
                  </row>
                  <row>
                    <cell id="{7e11b1a3-3785-eeb8-3884-b096e218aa57}" showlabel="true" locklevel="0">
                      <labels>
                        <label description="Document" languagecode="1033" />
                      </labels>
                      <control id="rbs_document" classid="{270BD3DB-D9AF-4782-9025-509E298DEC0A}" datafieldname="rbs_document" disabled="false" uniqueid="{38530d03-107c-4cbd-3e6c-00436c8cac44}" />
                    </cell>
                  </row>
                </rows>
              </section>
              <section name="CardFooter" showlabel="false" columns="1111" showbar="false" id="{f440955a-8112-4e67-bbeb-9a92e1154856}" IsUserDefined="0">
                <labels>
                  <label description="Footer" languagecode="1033" />
                </labels>
                <rows>
                  <row>
                    <cell id="{a30573b9-f8a3-45f9-9353-8f4d73e37903}" showlabel="true" locklevel="0">
                      <labels>
                        <label description="Owner" languagecode="1033" />
                      </labels>
                      <control id="ownerid" classid="{270BD3DB-D9AF-4782-9025-509E298DEC0A}" datafieldname="ownerid" disabled="false" />
                    </cell>
                    <cell id="{3b878533-6c9c-ab91-83ca-5db8aabc1b63}" showlabel="true" locklevel="0">
                      <labels>
                        <label description="User" languagecode="1033" />
                      </labels>
                      <control id="rbs_user" classid="{270BD3DB-D9AF-4782-9025-509E298DEC0A}" datafieldname="rbs_user" disabled="false" uniqueid="{5848e22a-d528-0315-6283-a47418645a53}" />
                    </cell>
                    <cell id="{0569b6bc-3820-b9a1-7e19-10e024672dc3}" showlabel="true" locklevel="0">
                      <labels>
                        <label description="Start" languagecode="1033" />
                      </labels>
                      <control id="rbs_start" classid="{5B773807-9FB2-42db-97C3-7A91EFF8ADFF}" datafieldname="rbs_start" disabled="false" uniqueid="{dce943c6-d0d3-e4d0-538e-d3b602e4165e}" />
                    </cell>
                    <cell id="{2e3d4c13-35b0-1729-51bc-19590601a4e7}" showlabel="true" locklevel="0">
                      <labels>
                        <label description="End" languagecode="1033" />
                      </labels>
                      <control id="rbs_end" classid="{5B773807-9FB2-42db-97C3-7A91EFF8ADFF}" datafieldname="rbs_end" disabled="false" uniqueid="{b4a4b7c0-db9e-5951-d220-e11c02e747da}" />
                    </cell>
                  </row>
                </rows>
              </section>
            </sections>
          </column>
        </columns>
      </tab>
    </tabs>
  </form>
  <IsCustomizable>1</IsCustomizable>
  <CanBeDeleted>1</CanBeDeleted>
  <LocalizedNames>
    <LocalizedName description="Information" languagecode="1033" />
  </LocalizedNames>
  <Descriptions>
    <Description description="A card form for this entity." languagecode="1033" />
  </Descriptions>
</systemform>