﻿<?xml version="1.0" encoding="utf-8"?>
<EntityRelationships>
  <EntityRelationship Name="business_unit_feedback" unmodified="1" />
  <EntityRelationship Name="Contact_Feedback" unmodified="1" />
  <EntityRelationship Name="cxlvhlp_chatactivity_Feedback" />
  <EntityRelationship Name="feedback_feedback" unmodified="1" />
  <EntityRelationship Name="incident_Feedback" />
  <EntityRelationship Name="KnowledgeArticle_Feedback" unmodified="1" />
  <EntityRelationship Name="lk_contact_feedback_createdby" unmodified="1" />
  <EntityRelationship Name="lk_contact_feedback_createdonbehalfby" unmodified="1" />
  <EntityRelationship Name="lk_feedback_closedby" unmodified="1" />
  <EntityRelationship Name="lk_feedback_createdby" unmodified="1" />
  <EntityRelationship Name="lk_feedback_modifiedby" unmodified="1" />
  <EntityRelationship Name="owner_feedback" unmodified="1" />
</EntityRelationships>