﻿<?xml version="1.0" encoding="utf-8"?>
<systemform>
  <formid>{4f1d4418-fb5e-40e0-9c81-58c4f80adb96}</formid>
  <IntroducedVersion>1.0.0.0</IntroducedVersion>
  <FormPresentation>1</FormPresentation>
  <FormActivationState>1</FormActivationState>
  <form>
    <tabs>
      <tab verticallayout="true" id="{bc66a2e2-38d6-4908-9ae3-03ffdb4e7d3f}" IsUserDefined="1">
        <labels>
          <label description="General" languagecode="1033" />
        </labels>
        <columns>
          <column width="100%">
            <sections>
              <section showlabel="false" showbar="false" IsUserDefined="0" id="{25d4e8b8-6426-424d-986e-1d3bd107429a}">
                <labels>
                  <label description="General" languagecode="1033" />
                </labels>
                <rows>
                  <row>
                    <cell id="{55757906-d8e8-493a-9aaf-cbf523b39978}" showlabel="true" locklevel="0" visible="false">
                      <labels>
                        <label description="Name" languagecode="1033" />
                      </labels>
                      <control id="rbsm_name" classid="{4273EDBD-AC1D-40d3-9FB2-095C621B552D}" datafieldname="rbsm_name" disabled="false" />
                    </cell>
                  </row>
                  <row>
                    <cell id="{aed2d0b0-d397-4479-b011-1b935097f13d}" showlabel="true" locklevel="1" visible="false">
                      <labels>
                        <label description="Owner" languagecode="1033" />
                      </labels>
                      <control id="ownerid" classid="{270BD3DB-D9AF-4782-9025-509E298DEC0A}" datafieldname="ownerid" disabled="false">
                        <parameters>
                          <AutoResolve>true</AutoResolve>
                          <DisableMru>false</DisableMru>
                        </parameters>
                      </control>
                    </cell>
                  </row>
                  <row>
                    <cell id="{c94ab5b5-1539-2abc-93a1-8a82bbc14de0}" showlabel="true" locklevel="0">
                      <labels>
                        <label description="DES Product" languagecode="1033" />
                      </labels>
                      <control id="rbsm_desproduct" classid="{3EF39988-22BB-4f0b-BBBE-64B5A3748AEE}" datafieldname="rbsm_desproduct" disabled="false" />
                    </cell>
                  </row>
                  <row>
                    <cell id="{4a4387d5-cb70-314c-06ca-193e6bbe3a61}" showlabel="true" locklevel="0">
                      <labels>
                        <label description="Budget" languagecode="1033" />
                      </labels>
                      <control id="rbsm_budget" classid="{0D2C745A-E5A8-4c8f-BA63-C6D3BB604660}" datafieldname="rbsm_budget" disabled="false" />
                    </cell>
                  </row>
                  <row>
                    <cell id="{9c3c1470-d9a4-0e2c-bd0a-ca002ba13651}" showlabel="true" locklevel="0">
                      <labels>
                        <label description="Spend" languagecode="1033" />
                      </labels>
                      <control id="rbsm_spend" classid="{0D2C745A-E5A8-4c8f-BA63-C6D3BB604660}" datafieldname="rbsm_spend" disabled="false" />
                    </cell>
                  </row>
                  <row>
                    <cell id="{c22aaaa8-c845-1254-1160-858258e65c14}" showlabel="true" locklevel="0">
                      <labels>
                        <label description="Complete Year" languagecode="1033" />
                      </labels>
                      <control id="rbsm_completeyear" classid="{4273EDBD-AC1D-40d3-9FB2-095C621B552D}" datafieldname="rbsm_completeyear" disabled="false" />
                    </cell>
                  </row>
                </rows>
              </section>
            </sections>
          </column>
        </columns>
      </tab>
    </tabs>
    <Navigation>
      <NavBar></NavBar>
      <NavBarAreas>
        <NavBarArea Id="Info">
          <Titles>
            <Title LCID="1033" Text="Common" />
          </Titles>
        </NavBarArea>
        <NavBarArea Id="Sales">
          <Titles>
            <Title LCID="1033" Text="Sales" />
          </Titles>
        </NavBarArea>
        <NavBarArea Id="Service">
          <Titles>
            <Title LCID="1033" Text="Service" />
          </Titles>
        </NavBarArea>
        <NavBarArea Id="Marketing">
          <Titles>
            <Title LCID="1033" Text="Marketing" />
          </Titles>
        </NavBarArea>
        <NavBarArea Id="ProcessCenter">
          <Titles>
            <Title LCID="1033" Text="Process Sessions" />
          </Titles>
        </NavBarArea>
      </NavBarAreas>
    </Navigation>
  </form>
  <IsCustomizable>1</IsCustomizable>
  <CanBeDeleted>1</CanBeDeleted>
  <LocalizedNames>
    <LocalizedName description="Information" languagecode="1033" />
  </LocalizedNames>
  <Descriptions>
    <Description description="A form for this entity." languagecode="1033" />
  </Descriptions>
</systemform>