﻿<?xml version="1.0" encoding="utf-8"?>
<WebResource>
  <WebResourceId>{1e891e4d-e4f8-e611-80d8-1458d0431600}</WebResourceId>
  <Name>nwm_/app/assets/lib/jquery.tagsinput.css</Name>
  <DisplayName>nwm_/app/assets/lib/jquery.tagsinput.css</DisplayName>
  <Description>nwm_/app/assets/lib/jquery.tagsinput.css</Description>
  <WebResourceType>2</WebResourceType>
  <IntroducedVersion>0.0.0.1</IntroducedVersion>
  <IsEnabledForMobileClient>0</IsEnabledForMobileClient>
  <IsAvailableForMobileOffline>0</IsAvailableForMobileOffline>
  <DependencyXml>&lt;Dependencies&gt;&lt;Dependency componentType="WebResource"/&gt;&lt;/Dependencies&gt;</DependencyXml>
  <IsCustomizable>1</IsCustomizable>
  <CanBeDeleted>1</CanBeDeleted>
  <IsHidden>0</IsHidden>
  <FileName>/WebResources/nwm_appassetslibjquerytagsinputcss1E891E4D-E4F8-E611-80D8-1458D0431600</FileName>
</WebResource>