﻿<?xml version="1.0" encoding="utf-8"?>
<systemform unmodified="1">
  <formid>{24b5ce86-1811-44c3-b1ad-90f7ea02d2d7}</formid>
  <IntroducedVersion>9.0.0.0</IntroducedVersion>
  <FormPresentation>0</FormPresentation>
  <FormActivationState>1</FormActivationState>
  <form maxWidth="400">
    <tabs>
      <tab id="{7c5d2a05-3139-44c7-a499-1198cf6d2aa2}" name="tab_1" showlabel="false">
        <labels>
          <label description="Tab" languagecode="1033" />
        </labels>
        <columns>
          <column width="100%">
            <sections>
              <section id="{57dc3e0a-3eec-4c04-a0de-916a6f37a849}" name="tab_1_column_1_section_1" columns="1" showlabel="false" showbar="false" IsUserDefined="0">
                <labels>
                  <label description="section" languagecode="1033" />
                </labels>
                <rows>
                  <row>
                    <cell id="{067692ea-1cc4-5b0a-75c7-d4ca77c6417e}" showlabel="true" locklevel="0">
                      <labels>
                        <label description="Topic" languagecode="1033" />
                      </labels>
                      <control id="name" classid="{4273EDBD-AC1D-40d3-9FB2-095C621B552D}" datafieldname="name" disabled="false" />
                    </cell>
                  </row>
                  <row>
                    <cell id="{9119e985-ce3a-5187-067a-ce0002dadc03}" showlabel="true" locklevel="0">
                      <labels>
                        <label description="Est. Revenue" languagecode="1033" />
                      </labels>
                      <control id="estimatedvalue" classid="{533B9E00-756B-4312-95A0-DC888637AC78}" datafieldname="estimatedvalue" disabled="false" />
                    </cell>
                  </row>
                  <row>
                    <cell id="{2b89a7b4-5e04-8155-b4ac-952c71155e41}" showlabel="true" locklevel="0">
                      <labels>
                        <label description="Est. Close Date" languagecode="1033" />
                      </labels>
                      <control id="estimatedclosedate" classid="{5B773807-9FB2-42db-97C3-7A91EFF8ADFF}" datafieldname="estimatedclosedate" disabled="false" />
                    </cell>
                  </row>
                  <row>
                    <cell id="{10132289-e647-7158-3212-7e2d0848e6d2}" showlabel="true" locklevel="0">
                      <labels>
                        <label description="Pipeline Phase" languagecode="1033" />
                      </labels>
                      <control id="stepname" classid="{4273EDBD-AC1D-40d3-9FB2-095C621B552D}" datafieldname="stepname" disabled="false" />
                    </cell>
                  </row>
                </rows>
              </section>
            </sections>
          </column>
        </columns>
      </tab>
    </tabs>
    <DisplayConditions Order="1">
      <Everyone />
    </DisplayConditions>
  </form>
  <LocalizedNames>
    <LocalizedName description="Quick Opportunity View Form" languagecode="1033" />
  </LocalizedNames>
  <Descriptions>
    <Description description="A form that displays the Opportunity card" languagecode="1033" />
  </Descriptions>
</systemform>