﻿<?xml version="1.0" encoding="utf-8"?>
<savedquery>
  <IsCustomizable>1</IsCustomizable>
  <CanBeDeleted>0</CanBeDeleted>
  <isquickfindquery>0</isquickfindquery>
  <isprivate>0</isprivate>
  <isdefault>1</isdefault>
  <returnedtypecode>10009</returnedtypecode>
  <savedqueryid>{150ca9c4-8201-4487-a50f-0f8bf006189f}</savedqueryid>
  <layoutxml>
    <grid name="resultset" object="10009" jump="nwm_name" select="1" icon="1" preview="1">
      <row name="result" id="nwm_teamid">
        <cell name="nwm_name" width="300" />
        <cell name="createdon" width="125" />
      </row>
    </grid>
  </layoutxml>
  <querytype>1</querytype>
  <fetchxml>
    <fetch version="1.0" mapping="logical">
      <entity name="nwm_team">
        <attribute name="nwm_teamid" />
        <attribute name="nwm_name" />
        <attribute name="createdon" />
        <order attribute="nwm_name" descending="false" />
      </entity>
    </fetch>
  </fetchxml>
  <IntroducedVersion>0.0.0.1</IntroducedVersion>
  <LocalizedNames>
    <LocalizedName description="Team Advanced Find View" languagecode="1033" />
  </LocalizedNames>
</savedquery>