﻿<?xml version="1.0" encoding="utf-8"?>
<savedquery>
  <IsCustomizable>1</IsCustomizable>
  <CanBeDeleted>0</CanBeDeleted>
  <isquickfindquery>0</isquickfindquery>
  <isprivate>0</isprivate>
  <isdefault>0</isdefault>
  <returnedtypecode>10009</returnedtypecode>
  <savedqueryid>{4fc9cf78-8207-4ec9-bf0c-8a3c183e03d8}</savedqueryid>
  <layoutxml>
    <grid name="resultset" object="10009" jump="nwm_name" select="1" icon="1" preview="1">
      <row name="result" id="nwm_teamid">
        <cell name="nwm_name" width="300" />
        <cell name="createdon" width="125" />
      </row>
    </grid>
  </layoutxml>
  <querytype>0</querytype>
  <fetchxml>
    <fetch version="1.0" mapping="logical">
      <entity name="nwm_team">
        <attribute name="nwm_teamid" />
        <attribute name="nwm_name" />
        <attribute name="createdon" />
        <order attribute="nwm_name" descending="false" />
        <filter type="and">
          <condition attribute="statecode" operator="eq" value="1" />
        </filter>
      </entity>
    </fetch>
  </fetchxml>
  <IntroducedVersion>0.0.0.1</IntroducedVersion>
  <LocalizedNames>
    <LocalizedName description="Inactive Teams" languagecode="1033" />
  </LocalizedNames>
</savedquery>