﻿<?xml version="1.0" encoding="utf-8"?>
<savedquery>
  <IsCustomizable>1</IsCustomizable>
  <CanBeDeleted>0</CanBeDeleted>
  <isquickfindquery>0</isquickfindquery>
  <isprivate>0</isprivate>
  <isdefault>1</isdefault>
  <returnedtypecode>10009</returnedtypecode>
  <savedqueryid>{5ef854f6-b4ab-48ba-9315-befa4763ed9d}</savedqueryid>
  <layoutxml>
    <grid name="" object="10009" jump="nwm_name" select="1" icon="1" preview="0">
      <row name="nwm_team" id="nwm_teamid">
        <cell name="nwm_name" width="300" />
        <cell name="createdon" width="125" />
      </row>
    </grid>
  </layoutxml>
  <querytype>64</querytype>
  <fetchxml>
    <fetch version="1.0" mapping="logical">
      <entity name="nwm_team">
        <attribute name="nwm_teamid" />
        <attribute name="nwm_name" />
        <attribute name="createdon" />
        <filter type="and">
          <condition attribute="statecode" operator="eq" value="0" />
        </filter>
      </entity>
    </fetch>
  </fetchxml>
  <IntroducedVersion>0.0.0.1</IntroducedVersion>
  <LocalizedNames>
    <LocalizedName description="Team Lookup View" languagecode="1033" />
  </LocalizedNames>
</savedquery>