﻿<?xml version="1.0" encoding="utf-8"?>
<savedquery>
  <IsCustomizable>1</IsCustomizable>
  <CanBeDeleted>0</CanBeDeleted>
  <isquickfindquery>1</isquickfindquery>
  <isprivate>0</isprivate>
  <isdefault>1</isdefault>
  <returnedtypecode>10009</returnedtypecode>
  <savedqueryid>{6726fa63-44ca-49aa-84dc-7dc25f749e9e}</savedqueryid>
  <layoutxml>
    <grid name="resultset" object="10009" jump="nwm_name" select="1" icon="1" preview="1">
      <row name="result" id="nwm_teamid">
        <cell name="nwm_name" width="300" />
        <cell name="createdon" width="125" />
      </row>
    </grid>
  </layoutxml>
  <querytype>4</querytype>
  <fetchxml>
    <fetch version="1.0" mapping="logical">
      <entity name="nwm_team">
        <attribute name="nwm_teamid" />
        <attribute name="nwm_name" />
        <attribute name="createdon" />
        <order attribute="nwm_name" descending="false" />
        <filter type="and">
          <condition attribute="statecode" operator="eq" value="0" />
        </filter>
        <filter type="or" isquickfindfields="1">
          <condition attribute="nwm_name" operator="like" value="{0}" />
        </filter>
      </entity>
    </fetch>
  </fetchxml>
  <IntroducedVersion>0.0.0.1</IntroducedVersion>
  <LocalizedNames>
    <LocalizedName description="Quick Find Active Teams" languagecode="1033" />
  </LocalizedNames>
</savedquery>