﻿<?xml version="1.0" encoding="utf-8"?>
<optionset Name="rbsm_yesnoblank" localizedName="YesNoBlank" description="Yes/No options but allows">
  <OptionSetType>picklist</OptionSetType>
  <IsGlobal>1</IsGlobal>
  <IntroducedVersion>1.0.0.0</IntroducedVersion>
  <IsCustomizable>1</IsCustomizable>
  <displaynames>
    <displayname description="YesNoBlank" languagecode="1033" />
  </displaynames>
  <Descriptions>
    <Description description="Yes/No options but allows" languagecode="1033" />
  </Descriptions>
  <options>
    <option value="0">
      <labels>
        <label description="No" languagecode="1033" />
      </labels>
      <Descriptions>
        <Description description="" languagecode="1033" />
      </Descriptions>
    </option>
    <option value="1">
      <labels>
        <label description="Yes" languagecode="1033" />
      </labels>
      <Descriptions>
        <Description description="" languagecode="1033" />
      </Descriptions>
    </option>
  </options>
</optionset>