<ImportExportXml version="9.2.22012.136" SolutionPackageVersion="9.2" languagecode="1033" generatedBy="CrmLive" xmlns:xsi="http://www.w3.org/2001/XMLSchema-instance">
  <SolutionManifest>
    <UniqueName>FlowSmartSend</UniqueName>
    <LocalizedNames>
      <LocalizedName description="FlowSmartSend" languagecode="1033" />
    </LocalizedNames>
    <Descriptions />
    <Version>1.0.0.1</Version>
    <Managed>1</Managed>
    <Publisher>
      <UniqueName>DefaultPublisherportalbslauuat2</UniqueName>
      <LocalizedNames>
        <LocalizedName description="Default Publisher for portal-bslau-uat2" languagecode="1033" />
      </LocalizedNames>
      <Descriptions>
        <Description description="Default publisher for this organization" languagecode="1033" />
      </Descriptions>
      <EMailAddress xsi:nil="true"></EMailAddress>
      <SupportingWebsiteUrl xsi:nil="true"></SupportingWebsiteUrl>
      <CustomizationPrefix>new</CustomizationPrefix>
      <CustomizationOptionValuePrefix>10000</CustomizationOptionValuePrefix>
      <Addresses>
        <Address>
          <AddressNumber>1</AddressNumber>
          <AddressTypeCode xsi:nil="true"></AddressTypeCode>
          <City xsi:nil="true"></City>
          <County xsi:nil="true"></County>
          <Country xsi:nil="true"></Country>
          <Fax xsi:nil="true"></Fax>
          <FreightTermsCode xsi:nil="true"></FreightTermsCode>
          <ImportSequenceNumber xsi:nil="true"></ImportSequenceNumber>
          <Latitude xsi:nil="true"></Latitude>
          <Line1 xsi:nil="true"></Line1>
          <Line2 xsi:nil="true"></Line2>
          <Line3 xsi:nil="true"></Line3>
          <Longitude xsi:nil="true"></Longitude>
          <Name xsi:nil="true"></Name>
          <PostalCode xsi:nil="true"></PostalCode>
          <PostOfficeBox xsi:nil="true"></PostOfficeBox>
          <PrimaryContactName xsi:nil="true"></PrimaryContactName>
          <ShippingMethodCode xsi:nil="true"></ShippingMethodCode>
          <StateOrProvince xsi:nil="true"></StateOrProvince>
          <Telephone1 xsi:nil="true"></Telephone1>
          <Telephone2 xsi:nil="true"></Telephone2>
          <Telephone3 xsi:nil="true"></Telephone3>
          <TimeZoneRuleVersionNumber xsi:nil="true"></TimeZoneRuleVersionNumber>
          <UPSZone xsi:nil="true"></UPSZone>
          <UTCOffset xsi:nil="true"></UTCOffset>
          <UTCConversionTimeZoneCode xsi:nil="true"></UTCConversionTimeZoneCode>
        </Address>
        <Address>
          <AddressNumber>2</AddressNumber>
          <AddressTypeCode xsi:nil="true"></AddressTypeCode>
          <City xsi:nil="true"></City>
          <County xsi:nil="true"></County>
          <Country xsi:nil="true"></Country>
          <Fax xsi:nil="true"></Fax>
          <FreightTermsCode xsi:nil="true"></FreightTermsCode>
          <ImportSequenceNumber xsi:nil="true"></ImportSequenceNumber>
          <Latitude xsi:nil="true"></Latitude>
          <Line1 xsi:nil="true"></Line1>
          <Line2 xsi:nil="true"></Line2>
          <Line3 xsi:nil="true"></Line3>
          <Longitude xsi:nil="true"></Longitude>
          <Name xsi:nil="true"></Name>
          <PostalCode xsi:nil="true"></PostalCode>
          <PostOfficeBox xsi:nil="true"></PostOfficeBox>
          <PrimaryContactName xsi:nil="true"></PrimaryContactName>
          <ShippingMethodCode xsi:nil="true"></ShippingMethodCode>
          <StateOrProvince xsi:nil="true"></StateOrProvince>
          <Telephone1 xsi:nil="true"></Telephone1>
          <Telephone2 xsi:nil="true"></Telephone2>
          <Telephone3 xsi:nil="true"></Telephone3>
          <TimeZoneRuleVersionNumber xsi:nil="true"></TimeZoneRuleVersionNumber>
          <UPSZone xsi:nil="true"></UPSZone>
          <UTCOffset xsi:nil="true"></UTCOffset>
          <UTCConversionTimeZoneCode xsi:nil="true"></UTCConversionTimeZoneCode>
        </Address>
      </Addresses>
    </Publisher>
    <RootComponents>
      <RootComponent type="29" id="{ded53046-5eb7-ea11-a812-000d3ad1cf6f}" behavior="0" />
    </RootComponents>
    <MissingDependencies>
      <MissingDependency>
        <Required type="1" schemaName="invoice" displayName="Invoice" solution="msdynce_Sales (9.0.4.0076)">
          <package>msdynce_SalesAnchor (9.0.21122.10002)</package>
        </Required>
        <Dependent type="29" displayName="SmartSend - Process documents stored in Blob storage" id="{ded53046-5eb7-ea11-a812-000d3ad1cf6f}" />
      </MissingDependency>
      <MissingDependency>
        <Required type="1" schemaName="mcs_customerstatementparent" displayName="Customer Statement Parent" solution="MCSConsulting (1.2.0.60)" />
        <Dependent type="29" displayName="SmartSend - Process documents stored in Blob storage" id="{ded53046-5eb7-ea11-a812-000d3ad1cf6f}" />
      </MissingDependency>
      <MissingDependency>
        <Required type="1" schemaName="mcs_powerautomatelog" displayName="Power Automate Log" solution="MCSConsulting (1.2.0.60)" />
        <Dependent type="29" displayName="SmartSend - Process documents stored in Blob storage" id="{ded53046-5eb7-ea11-a812-000d3ad1cf6f}" />
      </MissingDependency>
      <MissingDependency>
        <Required type="1" schemaName="mcs_quoteline" displayName="Quote Line" solution="MCSConsulting (1.2.0.60)" />
        <Dependent type="29" displayName="SmartSend - Process documents stored in Blob storage" id="{ded53046-5eb7-ea11-a812-000d3ad1cf6f}" />
      </MissingDependency>
      <MissingDependency>
        <Required type="1" schemaName="mcs_shipment" displayName="Shipment" solution="MCSConsulting (1.2.0.60)" />
        <Dependent type="29" displayName="SmartSend - Process documents stored in Blob storage" id="{ded53046-5eb7-ea11-a812-000d3ad1cf6f}" />
      </MissingDependency>
      <MissingDependency>
        <Required type="29" displayName="SmartSend - Process documents stored in Blob storage" solution="MCSPowerAutomates (1.0.0.20)" id="{ded53046-5eb7-ea11-a812-000d3ad1cf6f}" />
        <Dependent type="29" displayName="SmartSend - Process documents stored in Blob storage" id="{ded53046-5eb7-ea11-a812-000d3ad1cf6f}" />
      </MissingDependency>
      <MissingDependency>
        <Required type="connectionreference" displayName="mcs_azureblobstorage" solution="MCSPowerAutomates (1.0.0.20)" id.connectionreferencelogicalname="mcs_azureblobstorage" />
        <Dependent type="29" displayName="SmartSend - Process documents stored in Blob storage" id="{ded53046-5eb7-ea11-a812-000d3ad1cf6f}" />
      </MissingDependency>
      <MissingDependency>
        <Required type="connectionreference" displayName="mcs_sharedcommondataserviceforapps_7db1e" solution="MCSPowerAutomates (1.0.0.20)" id.connectionreferencelogicalname="mcs_sharedcommondataserviceforapps_7db1e" />
        <Dependent type="29" displayName="SmartSend - Process documents stored in Blob storage" id="{ded53046-5eb7-ea11-a812-000d3ad1cf6f}" />
      </MissingDependency>
      <MissingDependency>
        <Required type="EnvironmentVariableDefinition" displayName="mcs_blobstorageaccount" solution="MCSConsulting (1.2.0.60)" id.schemaname="mcs_blobstorageaccount" />
        <Dependent type="29" displayName="SmartSend - Process documents stored in Blob storage" id="{ded53046-5eb7-ea11-a812-000d3ad1cf6f}" />
      </MissingDependency>
      <MissingDependency>
        <Required type="EnvironmentVariableDefinition" displayName="mcs_destinationblobfolder" solution="MCSConsulting (1.2.0.60)" id.schemaname="mcs_destinationblobfolder" />
        <Dependent type="29" displayName="SmartSend - Process documents stored in Blob storage" id="{ded53046-5eb7-ea11-a812-000d3ad1cf6f}" />
      </MissingDependency>
    </MissingDependencies>
  </SolutionManifest>
</ImportExportXml>