<?xml version="1.0" encoding="utf-8"?>
<savedqueries xmlns:xsi="http://www.w3.org/2001/XMLSchema-instance">
  <savedquery>
    <isquickfindquery>0</isquickfindquery>
    <isprivate>0</isprivate>
    <isdefault>1</isdefault>
    <savedqueryid>{bc29f750-12a0-4eb5-ac08-698ef528f921}</savedqueryid>
    <queryapi></queryapi>
    <layoutxml>
      <grid
        name="resultset"
        jump="name"
        select="1"
        icon="1"
        preview="1">
        <row
          name="result"
          id="salesorderid">
          <cell
            name="ordernumber"
            width="100" />
          <cell
            name="name"
            width="200" />
          <cell
            name="rhm_ponumber"
            width="108" />
          <cell
            name="customerid"
            width="150" />
          <cell
            name="msdyn_ordertype"
            width="104" />
          <cell
            name="totalamount"
            width="127" />
          <cell
            name="shipto_postalcode"
            width="199" />
          <cell
            name="statuscode"
            width="100" />
          <cell
            name="createdon"
            width="142" />
          <cell
            name="modifiedon"
            width="113" />
        </row>
      </grid>
    </layoutxml>
    <querytype>0</querytype>
    <fetchxml>
      <fetch
        version="1.0"
        output-format="xml-platform"
        mapping="logical">
        <entity
          name="salesorder">
          <attribute
            name="name" />
          <attribute
            name="totalamount" />
          <attribute
            name="statuscode" />
          <filter
            type="and">
            <condition
              attribute="ownerid"
              operator="eq-userid" />
            <condition
              attribute="statecode"
              operator="in">
              <value>0</value>
              <value>1</value>
            </condition>
          </filter>
          <attribute
            name="customerid" />
          <attribute
            name="salesorderid" />
          <attribute
            name="ordernumber" />
          <attribute
            name="rhm_ponumber" />
          <attribute
            name="msdyn_ordertype" />
          <attribute
            name="shipto_postalcode" />
          <attribute
            name="createdon" />
          <attribute
            name="modifiedon" />
          <order
            attribute="createdon"
            descending="true" />
        </entity>
      </fetch>
    </fetchxml>
    <IntroducedVersion>5.0.0.0</IntroducedVersion>
    <LocalizedNames>
      <LocalizedName
        description="My Orders"
        languagecode="1033" />
      <LocalizedName
        description="Pesanan Saya"
        languagecode="1086" />
    </LocalizedNames>
  </savedquery>
</savedqueries>