<?xml version="1.0" encoding="utf-8"?>
<savedqueries xmlns:xsi="http://www.w3.org/2001/XMLSchema-instance">
  <savedquery>
    <isquickfindquery>0</isquickfindquery>
    <isprivate>0</isprivate>
    <isdefault>0</isdefault>
    <savedqueryid>{e6f001df-303c-447b-b184-0f65cd00c3f9}</savedqueryid>
    <queryapi></queryapi>
    <layoutxml>
      <grid
        name="resultset"
        jump="name"
        select="1"
        icon="1"
        preview="1">
        <row
          name="result"
          id="salesorderid">
          <cell
            name="ordernumber"
            width="100" />
          <cell
            name="name"
            width="108" />
          <cell
            name="rhm_ponumber"
            width="108" />
          <cell
            name="customerid"
            width="141" />
          <cell
            name="msdyn_ordertype"
            width="128" />
          <cell
            name="totalamount"
            width="100" />
          <cell
            name="shipto_postalcode"
            width="117" />
          <cell
            name="statuscode"
            width="100" />
          <cell
            name="createdon"
            width="105" />
          <cell
            name="modifiedon"
            width="113" />
        </row>
      </grid>
    </layoutxml>
    <querytype>0</querytype>
    <fetchxml>
      <fetch
        version="1.0"
        output-format="xml-platform"
        mapping="logical"
        distinct="false">
        <entity
          name="salesorder">
          <attribute
            name="totalamount" />
          <attribute
            name="statuscode" />
          <attribute
            name="customerid" />
          <filter
            type="and">
            <condition
              attribute="statecode"
              operator="eq"
              value="0" />
          </filter>
          <attribute
            name="salesorderid" />
          <attribute
            name="ordernumber" />
          <attribute
            name="createdon" />
          <order
            attribute="createdon"
            descending="true" />
          <attribute
            name="rhm_ponumber" />
          <attribute
            name="msdyn_ordertype" />
          <attribute
            name="shipto_postalcode" />
          <attribute
            name="name" />
          <attribute
            name="modifiedon" />
        </entity>
      </fetch>
    </fetchxml>
    <IntroducedVersion>5.0.0.0</IntroducedVersion>
    <LocalizedNames>
      <LocalizedName
        description="Active Orders"
        languagecode="1033" />
      <LocalizedName
        description="Pesanan Aktif"
        languagecode="1086" />
    </LocalizedNames>
  </savedquery>
</savedqueries>