﻿<?xml version="1.0" encoding="utf-8"?>
<WebResource>
  <WebResourceId>{a8b7f572-e6b6-e611-80e6-c4346bac7e3c}</WebResourceId>
  <Name>nwm_/app/components/widgets/contact_radar.html</Name>
  <DisplayName>nwm_/app/components/widgets/contact_radar.html</DisplayName>
  <WebResourceType>1</WebResourceType>
  <IntroducedVersion>0.0.0.1</IntroducedVersion>
  <IsEnabledForMobileClient>0</IsEnabledForMobileClient>
  <IsAvailableForMobileOffline>0</IsAvailableForMobileOffline>
  <IsCustomizable>1</IsCustomizable>
  <CanBeDeleted>1</CanBeDeleted>
  <IsHidden>0</IsHidden>
  <FileName>/WebResources/nwm_appcomponentswidgetscontact_radarhtmlA8B7F572-E6B6-E611-80E6-C4346BAC7E3C</FileName>
</WebResource>