<?xml version="1.0" encoding="utf-8"?>
<savedqueries xmlns:xsi="http://www.w3.org/2001/XMLSchema-instance">
  <savedquery>
    <IsCustomizable>1</IsCustomizable>
    <CanBeDeleted>0</CanBeDeleted>
    <isquickfindquery>0</isquickfindquery>
    <isprivate>0</isprivate>
    <isdefault>1</isdefault>
    <savedqueryid>{c94e7555-af6b-49f2-a8af-be84a145d208}</savedqueryid>
    <layoutxml>
      <grid
        name="rhm_partorders"
        jump="rhm_partnumber"
        select="1"
        icon="1"
        preview="0">
        <row
          name="rhm_partorder"
          id="rhm_partorderid">
          <cell
            name="rhm_partnumber"
            width="300" />
          <cell
            name="createdon"
            width="125" />
        </row>
      </grid>
    </layoutxml>
    <querytype>64</querytype>
    <fetchxml>
      <fetch
        version="1.0"
        mapping="logical">
        <entity
          name="rhm_partorder">
          <attribute
            name="rhm_partorderid" />
          <attribute
            name="rhm_partnumber" />
          <attribute
            name="createdon" />
          <filter
            type="and">
            <condition
              attribute="statecode"
              operator="eq"
              value="0" />
          </filter>
        </entity>
      </fetch>
    </fetchxml>
    <IntroducedVersion>1.0</IntroducedVersion>
    <LocalizedNames>
      <LocalizedName
        description="Part Order Lookup View"
        languagecode="1033" />
    </LocalizedNames>
  </savedquery>
</savedqueries>