﻿<?xml version="1.0" encoding="utf-8"?>
<systemform>
  <formid>{047d8309-a846-4a82-9755-2342394504c1}</formid>
  <IntroducedVersion>1.0.0.0</IntroducedVersion>
  <FormPresentation>0</FormPresentation>
  <FormActivationState>1</FormActivationState>
  <form>
    <tabs>
      <tab name="general" verticallayout="true" id="{8c2e58b6-2d6b-4d31-9a32-5b1351e79976}" IsUserDefined="0">
        <labels>
          <label description="" languagecode="1033" />
        </labels>
        <columns>
          <column width="100%">
            <sections>
              <section name="account information" showlabel="false" showbar="false" id="{9bcbe23b-3f78-42dc-adbb-53f89da12cf6}" IsUserDefined="0">
                <labels>
                  <label description="" languagecode="1033" />
                </labels>
                <rows>
                  <row>
                    <cell id="{e7313410-751a-4746-b7e6-02d0832acaad}">
                      <labels>
                        <label description="Topic" languagecode="1033" />
                      </labels>
                      <control id="rbsm_name" classid="{4273EDBD-AC1D-40d3-9FB2-095C621B552D}" datafieldname="rbsm_name" disabled="false" />
                    </cell>
                    <cell id="{05492838-ce8b-4482-bf56-32ccc7e64bfb}">
                      <labels>
                        <label description="Status" languagecode="1033" />
                      </labels>
                      <control id="statecode" classid="{3EF39988-22BB-4f0b-BBBE-64B5A3748AEE}" datafieldname="statecode" disabled="false" />
                    </cell>
                    <cell id="{2052e9b7-ffbe-4905-93e3-c5e3a20bba06}">
                      <labels>
                        <label description="Owner" languagecode="1033" />
                      </labels>
                      <control id="ownerid" classid="{270BD3DB-D9AF-4782-9025-509E298DEC0A}" datafieldname="ownerid" disabled="false" />
                    </cell>
                  </row>
                </rows>
              </section>
            </sections>
          </column>
        </columns>
      </tab>
    </tabs>
  </form>
  <IsCustomizable>1</IsCustomizable>
  <CanBeDeleted>1</CanBeDeleted>
  <LocalizedNames>
    <LocalizedName description="Information" languagecode="1033" />
  </LocalizedNames>
  <Descriptions>
    <Description description="This is the form that is displayed for the CRM Mobile application." languagecode="1033" />
  </Descriptions>
</systemform>