﻿<?xml version="1.0" encoding="utf-8"?>
<systemform>
  <formid>{58fd2992-9669-4f08-b6e1-ade18c106f03}</formid>
  <IntroducedVersion>3.3.0.0</IntroducedVersion>
  <FormPresentation>1</FormPresentation>
  <FormActivationState>1</FormActivationState>
  <form shownavigationbar="true" showImage="false" maxWidth="1920">
    <tabs>
      <tab verticallayout="true" id="{7b8632d3-604d-49f7-a477-62aa9befc3d8}" IsUserDefined="1">
        <labels>
          <label description="General" languagecode="1033" />
        </labels>
        <columns>
          <column width="100%">
            <sections>
              <section showlabel="false" showbar="false" IsUserDefined="0" id="{ff620c7e-9b80-4ac8-a3e9-3524a3673e54}">
                <labels>
                  <label description="General" languagecode="1033" />
                </labels>
                <rows>
                  <row>
                    <cell id="{34b6c946-c9f4-429c-9589-d0b6d1129cb1}" showlabel="true" locklevel="0">
                      <labels>
                        <label description="Field Schema Name" languagecode="1033" />
                      </labels>
                      <control id="rbs_name" classid="{4273EDBD-AC1D-40d3-9FB2-095C621B552D}" datafieldname="rbs_name" uniqueid="{0d16b49e-8505-6b38-5925-59b720771076}" disabled="true" />
                    </cell>
                  </row>
                  <row>
                    <cell id="{79485b52-6320-ce25-a6e0-36c2c54b5859}" showlabel="true" locklevel="0">
                      <labels>
                        <label description="Display Name" languagecode="1033" />
                      </labels>
                      <control id="rbs_displayname" classid="{4273EDBD-AC1D-40d3-9FB2-095C621B552D}" datafieldname="rbs_displayname" disabled="true" uniqueid="{7800824d-1d6b-2ae4-7744-763724723e1d}" />
                    </cell>
                  </row>
                  <row>
                    <cell id="{7831a0d9-ba32-cb3b-e820-c920cb11e822}" showlabel="true" locklevel="0">
                      <labels>
                        <label description="Entity Name" languagecode="1033" />
                      </labels>
                      <control id="rbs_entityname" classid="{4273EDBD-AC1D-40d3-9FB2-095C621B552D}" datafieldname="rbs_entityname" disabled="true" uniqueid="{31e3e8da-4eac-b644-14d0-46466205d956}" />
                    </cell>
                  </row>
                  <row>
                    <cell id="{98b50e73-c55c-2143-8435-455bd8788dd6}" showlabel="true" locklevel="0">
                      <labels>
                        <label description="Publisher" languagecode="1033" />
                      </labels>
                      <control id="rbs_publisher" classid="{4273EDBD-AC1D-40d3-9FB2-095C621B552D}" datafieldname="rbs_publisher" disabled="true" uniqueid="{592bab56-87de-241d-36e3-33b5307168ae}" />
                    </cell>
                  </row>
                  <row>
                    <cell id="{09b688cc-8c9a-8821-db34-2cd32b0db90d}" showlabel="true" locklevel="0">
                      <labels>
                        <label description="Is Global" languagecode="1033" />
                      </labels>
                      <control id="rbs_isglobal" classid="{67FAC785-CD58-4f9f-ABB3-4B7DDC6ED5ED}" datafieldname="rbs_isglobal" disabled="true" uniqueid="{142ba454-dec3-6858-b9a4-ec2545977ec6}" />
                    </cell>
                  </row>
                </rows>
              </section>
              <section name="{7b8632d3-604d-49f7-a477-62aa9befc3d8}_section_2" showlabel="false" showbar="false" locklevel="0" id="{121d3526-ec51-aa17-cd8a-69a22b531d5e}" IsUserDefined="0" layout="varwidth" columns="1" labelwidth="115">
                <labels>
                  <label description="Section" languagecode="1033" />
                </labels>
                <rows>
                  <row>
                    <cell id="{c850ae32-c549-2aab-db27-7b306777e51d}" showlabel="true" colspan="1" auto="false" rowspan="7">
                      <labels>
                        <label description="Values" languagecode="1033" />
                      </labels>
                      <control id="Values" classid="{E7A81278-8635-4d9e-8D4D-59480B391C5B}" indicationOfSubgrid="true" uniqueid="{81deb594-b801-50c3-3e80-babe1e133a12}">
                        <parameters>
                          <ViewId>{52ACEF61-CFFE-E811-A95E-000D3ABA03C4}</ViewId>
                          <IsUserView>false</IsUserView>
                          <RelationshipName>rbs_rbs_optionsetconfiguration_rbs_optionsetvalue_OptionSet</RelationshipName>
                          <TargetEntityType>rbs_optionsetvalue</TargetEntityType>
                          <AutoExpand>Fixed</AutoExpand>
                          <EnableQuickFind>false</EnableQuickFind>
                          <EnableViewPicker>false</EnableViewPicker>
                          <ViewIds>{74B78FD3-1103-4235-B858-DA243198D197},{52ACEF61-CFFE-E811-A95E-000D3ABA03C4}</ViewIds>
                          <EnableJumpBar>false</EnableJumpBar>
                          <ChartGridMode>All</ChartGridMode>
                          <VisualizationId />
                          <IsUserChart>false</IsUserChart>
                          <EnableChartPicker>true</EnableChartPicker>
                          <RecordsPerPage>4</RecordsPerPage>
                          <HeaderColorCode>#EBF5FB</HeaderColorCode>
                        </parameters>
                      </control>
                    </cell>
                  </row>
                  <row />
                  <row />
                  <row />
                  <row />
                  <row />
                  <row />
                </rows>
              </section>
            </sections>
          </column>
        </columns>
      </tab>
    </tabs>
    <header id="{7ba9de32-0067-49fe-915d-dcf3b508b3fd}" columns="111">
      <rows>
        <row>
          <cell id="{11f38d83-5849-40b0-bc1b-ee5bb7f47620}" showlabel="false">
            <labels>
              <label description="" languagecode="1033" />
            </labels>
          </cell>
          <cell id="{6d8f16d6-0a02-4e0d-9347-be0a18c0e518}" showlabel="false">
            <labels>
              <label description="" languagecode="1033" />
            </labels>
          </cell>
          <cell id="{6a07de62-d9ac-b51d-dbac-ba53d67206d7}" showlabel="true" locklevel="0">
            <labels>
              <label description="Modified On" languagecode="1033" />
            </labels>
            <control id="header_modifiedon" classid="{5B773807-9FB2-42db-97C3-7A91EFF8ADFF}" datafieldname="modifiedon" disabled="false" />
          </cell>
        </row>
      </rows>
    </header>
    <footer id="{a674fb5c-dd07-4359-afcc-48969a0fb8f3}" columns="111">
      <rows>
        <row>
          <cell id="{90629d1a-0578-a1c5-5a87-86c959d01b8d}" showlabel="true" locklevel="0">
            <labels>
              <label description="Status" languagecode="1033" />
            </labels>
            <control id="footer_statecode" classid="{3EF39988-22BB-4f0b-BBBE-64B5A3748AEE}" datafieldname="statecode" disabled="true" />
          </cell>
          <cell id="{144da9d3-b49a-4e58-8ec9-0addfc19886c}" showlabel="false">
            <labels>
              <label description="" languagecode="1033" />
            </labels>
          </cell>
          <cell id="{843e9431-6b68-42dd-b693-5f239b77e85d}" showlabel="false">
            <labels>
              <label description="" languagecode="1033" />
            </labels>
          </cell>
        </row>
      </rows>
    </footer>
    <Navigation>
      <NavBar></NavBar>
      <NavBarAreas>
        <NavBarArea Id="Info">
          <Titles>
            <Title LCID="1033" Text="Common" />
          </Titles>
        </NavBarArea>
        <NavBarArea Id="Sales">
          <Titles>
            <Title LCID="1033" Text="Sales" />
          </Titles>
        </NavBarArea>
        <NavBarArea Id="Service">
          <Titles>
            <Title LCID="1033" Text="Service" />
          </Titles>
        </NavBarArea>
        <NavBarArea Id="Marketing">
          <Titles>
            <Title LCID="1033" Text="Marketing" />
          </Titles>
        </NavBarArea>
        <NavBarArea Id="ProcessCenter">
          <Titles>
            <Title LCID="1033" Text="Process Sessions" />
          </Titles>
        </NavBarArea>
      </NavBarAreas>
    </Navigation>
    <controlDescriptions />
    <formLibraries>
      <Library name="rbs_optionsetconfiguration.js" libraryUniqueId="{bc131424-18c7-74ae-367d-4e39d7d4b787}" />
    </formLibraries>
    <events>
      <event name="onload" application="false" active="false">
        <Handlers>
          <Handler functionName="SetNotification" libraryName="rbs_optionsetconfiguration.js" handlerUniqueId="{111c0546-d423-dd6a-bcc8-49b4b633d323}" enabled="true" parameters="" passExecutionContext="false" />
        </Handlers>
      </event>
    </events>
  </form>
  <IsCustomizable>1</IsCustomizable>
  <CanBeDeleted>1</CanBeDeleted>
  <LocalizedNames>
    <LocalizedName description="Information" languagecode="1033" />
  </LocalizedNames>
  <Descriptions>
    <Description description="A form for this entity." languagecode="1033" />
  </Descriptions>
</systemform>