﻿<?xml version="1.0" encoding="utf-8"?>
<systemform>
  <formid>{45088851-d7c5-477e-954c-ae63ca417fbc}</formid>
  <IntroducedVersion>1.0.0.0</IntroducedVersion>
  <FormPresentation>2</FormPresentation>
  <FormActivationState>0</FormActivationState>
  <form>
    <tabs>
      <tab verticallayout="true" id="{a181be1d-8f44-4357-88ba-eaff5d48606d}" IsUserDefined="1">
        <labels>
          <label description="General Info" languagecode="1033" />
        </labels>
        <columns>
          <column width="24%">
            <sections>
              <section showlabel="false" showbar="false" IsUserDefined="0" id="{f7f6c54e-bd39-41c5-9c07-966f39cc5ea5}">
                <labels>
                  <label description="General" languagecode="1033" />
                </labels>
                <rows>
                  <row>
                    <cell id="{3a4a4c39-fc6d-4c04-a2e7-a7ca43ca12f6}">
                      <labels>
                        <label description="Notification Message" languagecode="1033" />
                      </labels>
                      <control id="rbs_name" classid="{4273EDBD-AC1D-40d3-9FB2-095C621B552D}" datafieldname="rbs_name" />
                    </cell>
                  </row>
                  <row>
                    <cell id="{8e0f5083-878e-41b7-a30f-4337957b13bb}">
                      <labels>
                        <label description="Owner" languagecode="1033" />
                      </labels>
                      <control id="ownerid" classid="{270BD3DB-D9AF-4782-9025-509E298DEC0A}" datafieldname="ownerid" />
                    </cell>
                  </row>
                </rows>
              </section>
            </sections>
          </column>
          <column width="38%">
            <sections>
              <section showlabel="true" showbar="false" id="{225eecab-bf60-4049-8463-ebdd6c66d800}" IsUserDefined="0" height="auto">
                <labels>
                  <label description="TIMELINE" languagecode="1033" />
                </labels>
                <rows>
                  <row>
                    <cell showlabel="false" colspan="1" rowspan="18" auto="false" id="{1ab9418d-b169-43a7-a6a0-9e07d9cb107f}">
                      <labels>
                        <label description="Conversation Tabs" languagecode="1033" />
                      </labels>
                      <control id="notescontrol" classid="{06375649-c143-495e-a496-c962e5b4488e}" />
                    </cell>
                  </row>
                  <row />
                  <row />
                  <row />
                  <row />
                  <row />
                  <row />
                  <row />
                  <row />
                  <row />
                  <row />
                  <row />
                  <row />
                  <row />
                  <row />
                  <row />
                  <row />
                  <row height="auto" />
                </rows>
              </section>
            </sections>
          </column>
          <column width="38%">
            <sections>
              <section showlabel="true" columns="1" showbar="false" id="{1dd0756c-95b2-482c-897a-9fde5c517a8c}" name="ref_pan_{1dd0756c-95b2-482c-897a-9fde5c517a8c}" IsUserDefined="0">
                <labels>
                  <label description="RELATED" languagecode="1033" />
                </labels>
                <rows>
                  <row />
                </rows>
              </section>
            </sections>
          </column>
        </columns>
      </tab>
    </tabs>
    <header id="{71646ea1-262f-4361-8192-403376eea338}" celllabelposition="Left" columns="1111">
      <rows>
        <row />
      </rows>
    </header>
    <DisplayConditions Order="2" />
  </form>
  <IsCustomizable>1</IsCustomizable>
  <CanBeDeleted>1</CanBeDeleted>
  <LocalizedNames>
    <LocalizedName description="Information" languagecode="1033" />
  </LocalizedNames>
  <Descriptions>
    <Description description="A form for this entity." languagecode="1033" />
  </Descriptions>
</systemform>