<?xml version="1.0" encoding="utf-8"?>
<AppModuleSiteMap xmlns:xsi="http://www.w3.org/2001/XMLSchema-instance">
  <SiteMapUniqueName>Customerservicehub</SiteMapUniqueName>
  <EnableCollapsibleGroups>False</EnableCollapsibleGroups>
  <ShowHome>True</ShowHome>
  <ShowPinned>True</ShowPinned>
  <ShowRecents>True</ShowRecents>
  <SiteMap
    IntroducedVersion="7.0.0.0">
    <Area
      Id="Service_Area"
      ResourceId="SitemapDesigner.ServiceArea"
      Icon="/WebResources/msdyn_/Images/Area_Default_Icon.png"
      ShowGroups="false"
      ordinalvalue="0">
      <Group
        Id="MyWorkGroup_b000e815"
        ResourceId="SitemapDesigner.MyWorkGroup"
        IsProfile="false"
        ToolTipResourseId="SitemapDesigner.Unknown"
        ordinalvalue="0">
        <SubArea
          Id="DashboardsSubArea_b9d785c5"
          ResourceId="Homepage_Dashboards"
          DescriptionResourceId="Dashboards_Description"
          Icon="/_imgs/imagestrips/transparent_spacer.gif"
          Url="/workplace/home_dashboards.aspx"
          DefaultDashboard="d201a642-6283-4f1d-81b7-da4b1685e698"
          Client="All,Outlook,OutlookLaptopClient,OutlookWorkstationClient,Web"
          AvailableOffline="true"
          PassParams="false"
          Sku="All,OnPremise,Live,SPLA"
          ordinalvalue="0"
          solutionaction="Modified" />
      </Group>
      <Group
        Id="CustomersGroup_a1366aec"
        ResourceId="SitemapDesigner.CustomersGroup"
        IsProfile="false"
        ToolTipResourseId="SitemapDesigner.Unknown"
        ordinalvalue="1">
        <SubArea
          Id="SocialProfilesSubArea_0b08955d"
          VectorIcon="$webresource:msdynce_CustomerServiceHub/_imgs/Sitemap/SocialProfile.svg"
          Icon="/WebResources/msdynce_CustomerServiceHub/_imgs/Sitemap/SocialProfile.svg"
          Entity="socialprofile"
          Client="All,Outlook,OutlookLaptopClient,OutlookWorkstationClient,Web"
          AvailableOffline="true"
          PassParams="false"
          Sku="All,OnPremise,Live,SPLA"
          ordinalvalue="2"
          solutionaction="Modified">
          <Titles>
            <Title
              LCID="1031"
              Title="Social Media-Profile"
              ordinalvalue="6"
              solutionaction="Modified" />
          </Titles>
        </SubArea>
      </Group>
      <Group
        Id="ServiceGroup_c73f98f4"
        ResourceId="SitemapDesigner.ServiceGroup"
        IsProfile="false"
        ToolTipResourseId="SitemapDesigner.Unknown"
        ordinalvalue="2">
        <SubArea
          Id="QueueItemsSubArea_847fdf53"
          Icon="/_imgs/imagestrips/transparent_spacer.gif"
          Entity="queueitem"
          Client="All,Outlook,OutlookLaptopClient,OutlookWorkstationClient,Web"
          AvailableOffline="true"
          PassParams="false"
          Sku="All,OnPremise,Live,SPLA"
          ordinalvalue="5"
          solutionaction="Modified" />
        <SubArea
          Id="subarea_c7c18036"
          Entity="rhm_productserialnumber"
          Client="All,Outlook,OutlookLaptopClient,OutlookWorkstationClient,Web"
          AvailableOffline="true"
          PassParams="false"
          Sku="All,OnPremise,Live,SPLA"
          ordinalvalue="1"
          solutionaction="Added">
          <Titles>
            <Title
              LCID="1033"
              Title="Product Serial Numbers"
              ordinalvalue="0" />
          </Titles>
        </SubArea>
        <SubArea
          Id="subarea_dfebef24"
          Entity="rhm_partorder"
          Client="All,Outlook,OutlookLaptopClient,OutlookWorkstationClient,Web"
          AvailableOffline="true"
          PassParams="false"
          Sku="All,OnPremise,Live,SPLA"
          ordinalvalue="3"
          solutionaction="Added" />
        <SubArea
          Id="NewSubArea_0d82a7e8"
          Icon="/_imgs/imagestrips/transparent_spacer.gif"
          Entity="salesorder"
          Client="All,Outlook,OutlookLaptopClient,OutlookWorkstationClient,Web"
          AvailableOffline="true"
          PassParams="false"
          Sku="All,OnPremise,Live,SPLA"
          ordinalvalue="4"
          solutionaction="Added" />
      </Group>
      <Group
        Id="CSAnalyticsInsightsGroup"
        ResourceId="SitemapDesigner.NewGroup"
        IsProfile="false"
        ToolTipResourseId="SitemapDesigner.Unknown"
        ordinalvalue="3">
        <SubArea
          Id="KSIReportsSubArea"
          VectorIcon="$webresource:msdyn_/Analytics/imgs/KnowledgeSearchIcon.svg"
          Entity="msdyn_dataanalyticsreport_ksinsights"
          Client="Web"
          AvailableOffline="false"
          PassParams="false"
          Sku="All,OnPremise,Live,SPLA"
          ordinalvalue="0"
          solutionaction="Modified" />
        <SubArea
          Id="CSHistoricalAnalyticsSubArea"
          VectorIcon="$webresource:msdyn_/Analytics/imgs/CustomerServiceInsights.svg"
          Entity="msdyn_dataanalyticsreport_csrmanager"
          Client="Web"
          AvailableOffline="false"
          PassParams="false"
          Sku="All,OnPremise,Live,SPLA"
          ordinalvalue="1"
          solutionaction="Modified" />
      </Group>
      <Group
        Id="KnowledgeGroup_52e13ae9"
        ResourceId="SitemapDesigner.KnowledgeGroup"
        IsProfile="false"
        ToolTipResourseId="SitemapDesigner.Unknown"
        ordinalvalue="4">
        <SubArea
          Id="StandaloneKnowledgeSearchSubArea_f7cf0c3a"
          ResourceId="SitemapDesigner.StandaloneKnowledgeSearchSubArea"
          VectorIcon="$webresource:msdynce_CustomerServiceHub/_imgs/Sitemap/StandaloneKnowledgeSearch.svg"
          Icon="/WebResources/msdynce_CustomerServiceHub/_imgs/Sitemap/StandaloneKnowledgeSearch.svg"
          Url="/main.aspx?pagetype=kbsearch&amp;showLang=1&amp;enableSelection=1"
          Client="All,Outlook,OutlookLaptopClient,OutlookWorkstationClient,Web"
          AvailableOffline="true"
          PassParams="false"
          Sku="All,OnPremise,Live,SPLA"
          ordinalvalue="1"
          solutionaction="Modified" />
      </Group>
      <Group
        Id="DevicesGroup_iggk4cmx"
        ResourceId="SitemapDesigner.DevicesGroup"
        IsProfile="false"
        ToolTipResourseId="SitemapDesigner.Unknown"
        ordinalvalue="5">
        <SubArea
          Id="ConnectedCustomerService_Alerts"
          Entity="msdyn_iotalert"
          Client="All,Outlook,OutlookLaptopClient,OutlookWorkstationClient,Web"
          AvailableOffline="true"
          PassParams="false"
          Sku="All,OnPremise,Live,SPLA"
          ordinalvalue="0"
          solutionaction="Modified" />
        <SubArea
          Id="ConnectedCustomerService_CustomerAssets"
          Entity="msdyn_customerasset"
          Client="All,Outlook,OutlookLaptopClient,OutlookWorkstationClient,Web"
          AvailableOffline="true"
          PassParams="false"
          Sku="All,OnPremise,Live,SPLA"
          ordinalvalue="1"
          solutionaction="Modified" />
      </Group>
      <Group
        Id="Templates_695cabd1"
        ResourceId="SitemapDesigner.EmailTemplatesSignatures"
        IsProfile="false"
        ToolTipResourseId="SitemapDesigner.Unknown"
        ordinalvalue="6">
        <SubArea
          Id="EmailTemplates_cca93e6"
          VectorIcon="$webresource:msdynce_CustomerServiceHub/_imgs/Sitemap/MailTemplate.svg"
          Icon="/WebResources/msdynce_CustomerServiceHub/_imgs/Sitemap/MailTemplate.svg"
          Entity="template"
          Client="All,Outlook,OutlookLaptopClient,OutlookWorkstationClient,Web"
          AvailableOffline="true"
          PassParams="false"
          Sku="All,OnPremise,Live,SPLA"
          ordinalvalue="0"
          solutionaction="Modified" />
      </Group>
    </Area>
    <Area
      Id="Service_Management"
      ResourceId="SitemapDesigner.ServiceManagement"
      VectorIcon="$webresource:msdynce_CustomerServiceHub/_imgs/Sitemap/ServiceManagement.svg"
      Icon="/WebResources/msdynce_CustomerServiceHub/_imgs/Sitemap/ServiceManagement.svg"
      ShowGroups="false"
      ordinalvalue="1"
      solutionaction="Modified">
      <Group
        Id="CaseSettings_607c8c5d"
        ResourceId="SitemapDesigner.CaseSettingsGroup"
        IsProfile="false"
        ToolTipResourseId="SitemapDesigner.CaseSettingsGroup"
        ordinalvalue="0">
        <SubArea
          Id="ParentChildSubArea_74d7bf61"
          ResourceId="SitemapDesigner.ParentChildSubArea"
          VectorIcon="$webresource:msdynce_CustomerServiceHub/_imgs/Sitemap/ParentChildCaseSettings.svg"
          Icon="$webresource:msdynce_CustomerServiceHub/_imgs/Sitemap/ParentChildCaseSettings.svg"
          DynamicPage="UCICaseSettings"
          Client="Web"
          AvailableOffline="true"
          PassParams="false"
          Sku="All,OnPremise,Live,SPLA"
          ordinalvalue="2"
          solutionaction="Modified" />
        <SubArea
          Id="SubjectsSubArea_0a08955b"
          ResourceId="SitemapDesigner.SubjectsSubArea"
          VectorIcon="$webresource:msdynce_CustomerServiceHub/_imgs/Sitemap/Subject.svg"
          Icon="$webresource:msdynce_CustomerServiceHub/_imgs/Sitemap/Subject.svg"
          Url="/main.aspx?pagetype=control&amp;controlName=MscrmControls.CustomerService.SelectionTreeViewControl"
          Client="Web"
          AvailableOffline="true"
          PassParams="false"
          Sku="All,OnPremise,Live,SPLA"
          ordinalvalue="3"
          solutionaction="Modified" />
        <SubArea
          Id="ARCSubArea_0c6d677a"
          Icon="$webresource:AutomaticRecordCreation/_imgs/Arc.svg"
          VectorIcon="$webresource:AutomaticRecordCreation/_imgs/Arc.svg"
          Entity="convertrule"
          Client="All,Outlook,OutlookLaptopClient,OutlookWorkstationClient,Web"
          AvailableOffline="true"
          PassParams="false"
          Sku="All,OnPremise,Live,SPLA"
          ordinalvalue="5">
          <Titles>
            <Title
              LCID="1051"
              Title="Pravidlá automatického vytvárania a aktualizácie záznamov"
              ordinalvalue="33"
              solutionaction="Modified" />
          </Titles>
        </SubArea>
      </Group>
      <Group
        Id="UnifiedRouting_637482408399874575"
        IsProfile="false"
        ToolTipResourseId="SitemapDesigner.Unknown"
        ordinalvalue="1"
        solutionaction="Modified" />
      <Group
        Id="ServiceTerms_ba2cc4e8"
        ResourceId="SitemapDesigner.ServiceTermsGroup"
        IsProfile="false"
        ToolTipResourseId="SitemapDesigner.ServiceTermsGroup"
        ordinalvalue="2">
        <SubArea
          Id="sla_subarea"
          ResourceId="SitemapDesigner.sla_subarea"
          Icon="/SLAManagement/_imgs/SLA.svg"
          Url="/main.aspx?pagetype=entitylist&amp;etn=sla&amp;viewid=2913e0ff-292e-ea11-a81c-000d3aa978b4&amp;viewType=1039"
          Client="All,Outlook,OutlookLaptopClient,OutlookWorkstationClient,Web"
          AvailableOffline="true"
          PassParams="false"
          Sku="All,OnPremise,Live,SPLA"
          ordinalvalue="4">
          <Titles>
            <Title
              LCID="1029"
              Title="Smlouvy o rozsahu služeb"
              ordinalvalue="4"
              solutionaction="Modified" />
            <Title
              LCID="1051"
              Title="Zmluvy o úrovni služieb"
              ordinalvalue="33"
              solutionaction="Modified" />
          </Titles>
        </SubArea>
        <SubArea
          Id="slakpi_subarea"
          Icon="/_imgs/imagestrips/transparent_spacer.gif"
          Entity="msdyn_slakpi"
          Client="All,Outlook,OutlookLaptopClient,OutlookWorkstationClient,Web"
          AvailableOffline="true"
          PassParams="false"
          Sku="All,OnPremise,Live,SPLA"
          ordinalvalue="5">
          <Titles>
            <Title
              LCID="1051"
              Title="Kľúčové ukazovatele výkonu zmluvy o úrovni služieb (SLA)"
              ordinalvalue="33"
              solutionaction="Modified" />
          </Titles>
        </SubArea>
      </Group>
      <Group
        Id="Templates_32aa82ec"
        ResourceId="SitemapDesigner.TemplatesGroup"
        IsProfile="false"
        ToolTipResourseId="SitemapDesigner.Templates"
        ordinalvalue="4">
        <SubArea
          Id="EmbeddedKnowledgeSearchSubArea_dfa1b200"
          ResourceId="SitemapDesigner.EmbeddedKnowledgeSearchSubArea"
          VectorIcon="$webresource:msdyncrm_/KnowledgeManagement/_imgs/EmbeddedKnowledgeSearch.svg"
          Icon="$webresource:msdyncrm_/KnowledgeManagement/_imgs/EmbeddedKnowledgeSearch.svg"
          DynamicPage="KnowledgeSettings"
          Client="Web"
          AvailableOffline="true"
          PassParams="false"
          Sku="All,OnPremise,Live,SPLA"
          ordinalvalue="0"
          solutionaction="Modified" />
        <SubArea
          Id="KMFiltersSubArea_b05eceac"
          ResourceId="SitemapDesigner.KMFiltersSubArea"
          VectorIcon="$webresource:msdyncrm_/KnowledgeManagement/_imgs/KMFilters.svg"
          Icon="$webresource:msdyncrm_/KnowledgeManagement/_imgs/KMFilters.svg"
          DynamicPage="KMFilters"
          Client="Web"
          AvailableOffline="true"
          PassParams="false"
          Sku="All,OnPremise,Live,SPLA"
          ordinalvalue="2"
          solutionaction="Modified" />
      </Group>
      <Group
        Id="CSAnalyticsInsightsGroup"
        ResourceId="SitemapDesigner.NewGroup"
        IsProfile="false"
        ToolTipResourseId="SitemapDesigner.Unknown"
        ordinalvalue="7"
        solutionaction="Modified" />
      <Group
        Id="MicrosoftTeamsIntegration_6c7492b3"
        ResourceId="SitemapDesigner.MicrosoftTeamsIntegration"
        IsProfile="false"
        ToolTipResourseId="SitemapDesigner.MicrosoftTeamsIntegration"
        ordinalvalue="8"
        solutionaction="Modified" />
      <Group
        Id="DataManagementGroup_b70fad72"
        ResourceId="SitemapDesigner.DataManagementGroup"
        IsProfile="false"
        ToolTipResourseId="SitemapDesigner.DataManagementGroup"
        ordinalvalue="6"
        solutionaction="Modified">
        <SubArea
          Id="ArcSlaMigrationCommonSubArea_1536c50c"
          Icon="ArcSlaMigrationCommon/_imgs/MigrationTool.svg"
          VectorIcon="$webresource:ArcSlaMigrationCommon/_imgs/MigrationTool.svg"
          DynamicPage="ARCSLAMigrationDialog"
          Client="Web"
          AvailableOffline="true"
          PassParams="false"
          Sku="All,OnPremise,Live,SPLA"
          ordinalvalue="0">
          <Titles>
            <Title
              LCID="1051"
              Title="Nástroj migrácie pre automatické vytváranie záznamov a zmluvu o úrovni služieb (SLA)"
              ordinalvalue="33"
              solutionaction="Modified" />
          </Titles>
        </SubArea>
      </Group>
    </Area>
    <Area
      Id="HLP"
      ResourceId="SitemapDesigner.HelpCenterArea"
      Icon="/WebResources/msdyn_/Images/Area_Default_Icon.png"
      ShowGroups="false"
      ordinalvalue="3">
      <Titles>
        <Title
          LCID="1051"
          Title="Pomocník a podpora"
          solutionaction="Modified" />
      </Titles>
      <Group
        Id="HelpCenterGroup_607c8c5d"
        ResourceId="SitemapDesigner.HelpCenterGroup"
        IsProfile="false"
        ToolTipResourseId="SitemapDesigner.Unknown"
        ordinalvalue="0">
        <SubArea
          Id="CommunitySubArea_af3c52b7"
          ResourceId="SitemapDesigner.CommunitySubArea"
          VectorIcon="$webresource:msdynce_CustomerServiceHub/_imgs/Sitemap/Community.svg"
          Icon="/WebResources/msdynce_CustomerServiceHub/_imgs/Sitemap/Community.svg"
          Url="https://aka.ms/customerservicecommunity"
          Client="All,Outlook,OutlookLaptopClient,OutlookWorkstationClient,Web"
          AvailableOffline="true"
          PassParams="false"
          Sku="All,OnPremise,Live,SPLA"
          ordinalvalue="1"
          solutionaction="Modified" />
        <SubArea
          Id="IdeasSubArea_d4ba45f"
          ResourceId="SitemapDesigner.IdeasSubArea"
          VectorIcon="$webresource:msdynce_CustomerServiceHub/_imgs/Sitemap/Ideas.svg"
          Icon="/WebResources/msdynce_CustomerServiceHub/_imgs/Sitemap/Ideas.svg"
          Url="https://aka.ms/customerserviceideas"
          Client="All,Outlook,OutlookLaptopClient,OutlookWorkstationClient,Web"
          AvailableOffline="true"
          PassParams="false"
          Sku="All,OnPremise,Live,SPLA"
          ordinalvalue="2"
          solutionaction="Modified" />
        <SubArea
          Id="SupportSubArea_4526203d"
          ResourceId="SitemapDesigner.SupportSubArea"
          VectorIcon="$webresource:msdynce_CustomerServiceHub/_imgs/Sitemap/Support.svg"
          Icon="/WebResources/msdynce_CustomerServiceHub/_imgs/Sitemap/Support.svg"
          Url="https://aka.ms/customerservicesupport"
          Client="All,Outlook,OutlookLaptopClient,OutlookWorkstationClient,Web"
          AvailableOffline="true"
          PassParams="false"
          Sku="All,OnPremise,Live,SPLA"
          ordinalvalue="3"
          solutionaction="Modified" />
      </Group>
      <Group
        Id="LearningPathGroup_ba2ff4e8"
        ResourceId="SitemapDesigner.LearningPathGroup"
        IsProfile="false"
        ToolTipResourseId="SitemapDesigner.Unknown"
        ordinalvalue="1">
        <SubArea
          Id="ContentLibrarySubArea_70a625b1"
          ResourceId="SitemapDesigner.ContentLibrarySubArea"
          VectorIcon="$webresource:msdynce_CustomerServiceHub/_imgs/Sitemap/Library.svg"
          Icon="/WebResources/msdynce_CustomerServiceHub/_imgs/Sitemap/Library.svg"
          Url="$webresource:msdyn_launchDesigner.html"
          Client="All,Outlook,OutlookLaptopClient,OutlookWorkstationClient,Web"
          AvailableOffline="true"
          PassParams="false"
          Sku="All,OnPremise,Live,SPLA"
          ordinalvalue="0"
          solutionaction="Modified" />
      </Group>
    </Area>
  </SiteMap>
  <LocalizedNames>
    <LocalizedName
      description="Customer Service Hub"
      languagecode="1033" />
    <LocalizedName
      description="Hab Khidmat Pelanggan"
      languagecode="1086" />
  </LocalizedNames>
</AppModuleSiteMap>