﻿<?xml version="1.0" encoding="utf-8"?>
<systemform>
  <formid>{71908749-98fa-4cc3-98ff-dbcd93b643f0}</formid>
  <IntroducedVersion>1.0.0.0</IntroducedVersion>
  <FormPresentation>1</FormPresentation>
  <FormActivationState>1</FormActivationState>
  <form>
    <tabs>
      <tab verticallayout="true" id="{80b413f9-b617-451c-8e99-20f89d92b56c}" IsUserDefined="1">
        <labels>
          <label description="General" languagecode="1033" />
        </labels>
        <columns>
          <column width="100%">
            <sections>
              <section showlabel="false" showbar="false" IsUserDefined="0" id="{24fcfa80-ae96-4ca6-ae66-b504e9c1e85a}">
                <labels>
                  <label description="General" languagecode="1033" />
                </labels>
                <rows>
                  <row>
                    <cell id="{8b2841f7-a86d-40f9-a714-dd8a78cb5f77}" showlabel="true" locklevel="0" visible="false">
                      <labels>
                        <label description="Id" languagecode="1033" />
                      </labels>
                      <control id="rbsm_id" classid="{4273EDBD-AC1D-40d3-9FB2-095C621B552D}" datafieldname="rbsm_id" disabled="false" />
                    </cell>
                  </row>
                  <row>
                    <cell id="{4e4dcbf1-bcc7-41f1-96dc-3a111af154fe}">
                      <labels>
                        <label description="Owner" languagecode="1033" />
                      </labels>
                      <control id="ownerid" classid="{270BD3DB-D9AF-4782-9025-509E298DEC0A}" datafieldname="ownerid" />
                    </cell>
                  </row>
                  <row>
                    <cell id="{e07c4dce-b289-5016-0475-88b520779858}" showlabel="true" locklevel="0">
                      <labels>
                        <label description="CEO Activity" languagecode="1033" />
                      </labels>
                      <control id="rbsm_ceoactivity" classid="{270BD3DB-D9AF-4782-9025-509E298DEC0A}" datafieldname="rbsm_ceoactivity" disabled="false" />
                    </cell>
                  </row>
                  <row>
                    <cell id="{0c6850dd-7126-8c9c-93eb-dd43ec280679}" showlabel="true" locklevel="0">
                      <labels>
                        <label description="Stakeholder" languagecode="1033" />
                      </labels>
                      <control id="rbsm_contact" classid="{270BD3DB-D9AF-4782-9025-509E298DEC0A}" datafieldname="rbsm_contact" disabled="false" />
                    </cell>
                  </row>
                  <row>
                    <cell id="{9e21c56d-5b95-b05c-78b8-1e23828d3dbb}" showlabel="true" locklevel="0" rowspan="3">
                      <labels>
                        <label description="Comment" languagecode="1033" />
                      </labels>
                      <control id="rbsm_comment" classid="{E0DECE4B-6FC8-4a8f-A065-082708572369}" datafieldname="rbsm_comment" disabled="false" />
                    </cell>
                  </row>
                  <row />
                  <row />
                </rows>
              </section>
            </sections>
          </column>
        </columns>
      </tab>
    </tabs>
    <Navigation>
      <NavBar></NavBar>
      <NavBarAreas>
        <NavBarArea Id="Info">
          <Titles>
            <Title LCID="1033" Text="Common" />
          </Titles>
        </NavBarArea>
        <NavBarArea Id="Sales">
          <Titles>
            <Title LCID="1033" Text="Sales" />
          </Titles>
        </NavBarArea>
        <NavBarArea Id="Service">
          <Titles>
            <Title LCID="1033" Text="Service" />
          </Titles>
        </NavBarArea>
        <NavBarArea Id="Marketing">
          <Titles>
            <Title LCID="1033" Text="Marketing" />
          </Titles>
        </NavBarArea>
        <NavBarArea Id="ProcessCenter">
          <Titles>
            <Title LCID="1033" Text="Process Sessions" />
          </Titles>
        </NavBarArea>
      </NavBarAreas>
    </Navigation>
  </form>
  <IsCustomizable>1</IsCustomizable>
  <CanBeDeleted>1</CanBeDeleted>
  <LocalizedNames>
    <LocalizedName description="Information" languagecode="1033" />
  </LocalizedNames>
  <Descriptions>
    <Description description="A form for this entity." languagecode="1033" />
  </Descriptions>
</systemform>