﻿<?xml version="1.0" encoding="utf-8"?>
<systemform unmodified="1">
  <formid>{595978a6-704c-4aec-aab8-34f3927c1cda}</formid>
  <IntroducedVersion>1.0</IntroducedVersion>
  <FormPresentation>1</FormPresentation>
  <FormActivationState>1</FormActivationState>
  <form>
    <ancestor id="{a837e4a7-01b8-4f82-a475-be9abd67e667}" />
    <hiddencontrols>
      <data id="pricelevelid" datafieldname="pricelevelid" classid="{5546E6CD-394C-4bee-94A8-4425E17EF6C6}" />
      <data id="statecode" datafieldname="statecode" classid="{5546E6CD-394C-4bee-94A8-4425E17EF6C6}" />
    </hiddencontrols>
    <tabs>
      <tab name="Summary" verticallayout="true" id="{b6a005fd-5964-4427-b39b-6750e1a5fa6f}" IsUserDefined="0" expanded="true" locklevel="0" showlabel="true" labelid="{28fc7418-74a3-4e2f-aebc-e982ae43c523}">
        <labels>
          <label description="Summary" languagecode="1033" />
        </labels>
        <columns>
          <column width="33%">
            <sections>
              <section name="opportunity_information" showlabel="false" showbar="false" id="{5d1cf874-b807-4158-b230-1a13c1db73ad}" columns="1" IsUserDefined="0" labelid="{131bb125-369f-4f92-9a26-0edb7af911c6}">
                <labels>
                  <label description="Opportunity Information" languagecode="1033" />
                </labels>
                <rows>
                  <row>
                    <cell colspan="1" id="{439e0732-3f3a-409d-98ba-83d3251cb64b}" labelid="{ce96c5a6-3add-4643-bad5-05cb42936347}">
                      <labels>
                        <label description="Topic" languagecode="1033" />
                      </labels>
                      <control id="name" classid="{4273EDBD-AC1D-40d3-9FB2-095C621B552D}" datafieldname="name" />
                    </cell>
                  </row>
                  <row>
                    <cell id="{181e7f45-3819-40c3-bdf3-1c892d53f35d}" labelid="{e9265d61-42c6-4fde-b685-72a23b1e7ad0}">
                      <labels>
                        <label description="Contact" languagecode="1033" />
                      </labels>
                      <control id="parentcontactid" classid="{270BD3DB-D9AF-4782-9025-509E298DEC0A}" datafieldname="parentcontactid" />
                    </cell>
                  </row>
                  <row>
                    <cell id="{b060498e-5853-4382-8ea2-26ba7883f4da}" labelid="{691c1c08-47ef-4734-9a1e-893882e1ba0e}">
                      <labels>
                        <label description="Account" languagecode="1033" />
                      </labels>
                      <control id="parentaccountid" classid="{270BD3DB-D9AF-4782-9025-509E298DEC0A}" datafieldname="parentaccountid" />
                    </cell>
                  </row>
                  <row>
                    <cell id="{7f5a51a0-115c-4f72-a2f3-7d963e7fa664}" labelid="{3d65c6d8-6611-4beb-8d76-f2e4a92ff8bd}">
                      <labels>
                        <label description="Purchase Timeframe" languagecode="1033" />
                      </labels>
                      <control id="purchasetimeframe" classid="{3EF39988-22BB-4f0b-BBBE-64B5A3748AEE}" datafieldname="purchasetimeframe" />
                    </cell>
                  </row>
                  <row>
                    <cell id="{4c69d917-e84e-4c9d-ba14-f7bb5bc0a51f}" labelid="{709311bc-97f8-432f-adfe-29712dc5e3eb}">
                      <labels>
                        <label description="Currency" languagecode="1033" />
                      </labels>
                      <control id="transactioncurrencyid" classid="{270BD3DB-D9AF-4782-9025-509E298DEC0A}" datafieldname="transactioncurrencyid" />
                    </cell>
                  </row>
                  <row>
                    <cell id="{b0e21400-f671-46d7-a9c3-1a6c61e4ef1c}" labelid="{1ef88019-72c0-4375-abe4-8485ed550849}">
                      <labels>
                        <label description="Budget Amount" languagecode="1033" />
                      </labels>
                      <control id="budgetamount" classid="{533B9E00-756B-4312-95A0-DC888637AC78}" datafieldname="budgetamount" />
                    </cell>
                  </row>
                  <row>
                    <cell id="{f9bdae13-ecd5-4eb7-b71f-f14b9619f7c5}" labelid="{4aa34dea-e286-4067-9331-644cffae72fe}">
                      <labels>
                        <label description="Purchase Process" languagecode="1033" />
                      </labels>
                      <control id="purchaseprocess" classid="{3EF39988-22BB-4f0b-BBBE-64B5A3748AEE}" datafieldname="purchaseprocess" />
                    </cell>
                  </row>
                  <row>
                    <cell id="{2cee855d-be6b-786d-e781-8ccbd1858cb5}" showlabel="true" locklevel="0" rowspan="5" labelid="{9cbd63be-6283-47b1-85f9-97999225d35c}">
                      <labels>
                        <label description="Description" languagecode="1033" />
                      </labels>
                      <control id="description" classid="{E0DECE4B-6FC8-4a8f-A065-082708572369}" datafieldname="description" disabled="false" />
                    </cell>
                  </row>
                  <row />
                  <row />
                  <row />
                  <row />
                </rows>
              </section>
              <section name="Opportunity_details" showlabel="false" showbar="false" id="{f961b0a9-2637-4fd3-a4d7-8e55b5246727}" layout="varwidth" columns="1" celllabelposition="Top" IsUserDefined="0" labelid="{8f30132c-618f-4f52-a695-d0cf17097229}">
                <labels>
                  <label description="Opportunity Details" languagecode="1033" />
                </labels>
                <rows>
                  <row>
                    <cell id="{1bc21bed-1e7d-49b7-8223-72ba1cda8019}" showlabel="false" userspacer="true" labelid="{a41954d7-e736-4bb1-9b13-9123d9708c90}">
                      <labels>
                        <label description="" languagecode="1033" />
                      </labels>
                    </cell>
                  </row>
                  <row>
                    <cell id="{74794dae-95cf-413e-9472-699e76e1e1a0}" rowspan="3" labelid="{7c6c7e98-31c3-4641-bfc9-b6ac596b46d5}">
                      <labels>
                        <label description="Current Situation" languagecode="1033" />
                      </labels>
                      <control id="currentsituation" classid="{E0DECE4B-6FC8-4a8f-A065-082708572369}" datafieldname="currentsituation" />
                    </cell>
                  </row>
                  <row />
                  <row />
                  <row>
                    <cell id="{ee5d4aa4-e0b5-4822-ba14-49c1c8430a86}" rowspan="3" labelid="{dd3c437a-fa80-4a31-b51a-28e89981e526}">
                      <labels>
                        <label description="Customer Need" languagecode="1033" />
                      </labels>
                      <control id="customerneed" classid="{E0DECE4B-6FC8-4a8f-A065-082708572369}" datafieldname="customerneed" />
                    </cell>
                  </row>
                  <row />
                  <row />
                  <row>
                    <cell id="{6862197e-b146-47ce-afc2-3f02b06ca0c4}" rowspan="3" labelid="{6f7739e4-0022-40f5-9a49-7b16c7b4b488}">
                      <labels>
                        <label description="Proposed Solution" languagecode="1033" />
                      </labels>
                      <control id="proposedsolution" classid="{E0DECE4B-6FC8-4a8f-A065-082708572369}" datafieldname="proposedsolution" />
                    </cell>
                  </row>
                  <row />
                  <row />
                </rows>
              </section>
            </sections>
          </column>
          <column width="42%">
            <sections>
              <section name="Notes_pane" showlabel="false" showbar="false" id="{cbe1fe44-90c3-40f3-9307-2e72bdefe443}" layout="varwidth" columns="11" celllabelposition="Top" locklevel="0" labelwidth="115" IsUserDefined="0" labelid="{23b683b4-b327-43aa-9a4b-6f2f9c665604}">
                <labels>
                  <label description="NOTES PANE" languagecode="1033" />
                </labels>
                <rows>
                  <row>
                    <cell colspan="2" showlabel="false" rowspan="20" auto="false" id="{17a95e0e-476c-43cf-b6e9-c112fa6c25ec}" locklevel="0" labelid="{cf279a18-f267-44f3-8bd5-437d1d39ad60}">
                      <labels>
                        <label description="" languagecode="1033" />
                      </labels>
                      <control id="notescontrol" classid="{06375649-C143-495E-A496-C962E5B4488E}" disabled="false" />
                    </cell>
                  </row>
                  <row />
                  <row />
                  <row />
                  <row />
                  <row />
                  <row />
                  <row />
                  <row />
                  <row />
                  <row />
                  <row />
                  <row />
                  <row />
                  <row />
                  <row />
                  <row />
                  <row />
                  <row />
                  <row />
                </rows>
              </section>
            </sections>
          </column>
          <column width="25%">
            <sections>
              <section name="Summary_section_6" showlabel="false" showbar="false" locklevel="0" id="{ea3bb0a6-b9dc-1b0e-5e7d-74a380ee79a3}" IsUserDefined="0" layout="varwidth" columns="1" labelwidth="115" labelid="{ce772abe-6c58-4a4e-8bc0-b889522e2873}">
                <labels>
                  <label description="Assistant" languagecode="1033" />
                </labels>
                <rows>
                  <row>
                    <cell id="{9D5B59C2-3DF3-4437-AC5D-3A6E36866000}" showlabel="false" rowspan="6" auto="false" colspan="1" labelid="{d2605d6e-c6a8-401d-86d0-a16306ff0939}">
                      <labels>
                        <label description="Assistant" languagecode="1033" />
                      </labels>
                      <control id="ActionCards" classid="{F9A8A302-114E-466A-B582-6771B2AE0D92}" uniqueid="{3ff9a528-dd50-4aca-8f10-2e5ed73513ad}" disabled="false">
                        <parameters>
                          <ViewId>{92AFD454-0F2E-4397-A1C8-05E37C6AD699}</ViewId>
                          <IsUserView>false</IsUserView>
                          <RelationshipName />
                          <TargetEntityType>actioncard</TargetEntityType>
                          <AutoExpand>Fixed</AutoExpand>
                          <EnableViewPicker>false</EnableViewPicker>
                          <EnableJumpBar>false</EnableJumpBar>
                          <ChartGridMode>All</ChartGridMode>
                          <VisualizationId />
                          <IsUserChart>false</IsUserChart>
                          <EnableChartPicker>false</EnableChartPicker>
                          <RecordsPerPage>4</RecordsPerPage>
                        </parameters>
                      </control>
                    </cell>
                  </row>
                  <row />
                  <row />
                  <row />
                  <row />
                  <row />
                </rows>
              </section>
              <section name="Social_pane" showlabel="false" showbar="false" locklevel="0" id="{c03918d8-d714-7b95-3083-443db3e303c8}" IsUserDefined="0" layout="varwidth" columns="1" labelwidth="115" labelid="{25c94130-f1e7-44fb-99e7-8d143ed2cbae}">
                <labels>
                  <label description="SOCIAL PANE" languagecode="1033" />
                </labels>
                <rows>
                  <row>
                    <cell id="{798de0be-acfe-4480-b3f7-69312505588a}" colspan="1" auto="false" rowspan="6" showlabel="true" labelid="{b5ce7a71-abc8-4a82-9632-ecf4e6ad9801}">
                      <labels>
                        <label description="STAKEHOLDERS" languagecode="1033" />
                      </labels>
                      <control id="Stakeholders" classid="{E7A81278-8635-4d9e-8D4D-59480B391C5B}">
                        <parameters>
                          <ViewId>{4E3600FA-B9C8-49F4-B69A-51EBA06D9BDF}</ViewId>
                          <IsUserView>false</IsUserView>
                          <RelationshipName>opportunity_connections1</RelationshipName>
                          <TargetEntityType>connection</TargetEntityType>
                          <AutoExpand>Fixed</AutoExpand>
                          <EnableQuickFind>false</EnableQuickFind>
                          <EnableViewPicker>false</EnableViewPicker>
                          <ViewIds />
                          <EnableJumpBar>false</EnableJumpBar>
                          <ChartGridMode>Grid</ChartGridMode>
                          <VisualizationId />
                          <IsUserChart>false</IsUserChart>
                          <EnableChartPicker>false</EnableChartPicker>
                          <RecordsPerPage>6</RecordsPerPage>
                        </parameters>
                      </control>
                    </cell>
                  </row>
                  <row />
                  <row />
                  <row />
                  <row />
                  <row />
                  <row>
                    <cell id="{09519ff9-e8b9-4f1b-949a-fe6a1c0b0ddc}" showlabel="false" userspacer="true" labelid="{23c0811f-fdfd-4515-84df-687ca64f8c63}">
                      <labels>
                        <label description="" languagecode="1033" />
                      </labels>
                    </cell>
                  </row>
                  <row>
                    <cell id="{92822c63-42c0-4b31-8cb5-8ce123553796}" colspan="1" auto="false" rowspan="6" showlabel="true" labelid="{b884bd94-eba1-4ca1-98ec-7e875faa2db6}">
                      <labels>
                        <label description="SALES TEAM" languagecode="1033" />
                      </labels>
                      <control id="Pursuit_Team" classid="{E7A81278-8635-4d9e-8D4D-59480B391C5B}">
                        <parameters>
                          <ViewId>{FE4BC089-8901-466C-A41B-1C1090F204D4}</ViewId>
                          <IsUserView>false</IsUserView>
                          <RelationshipName>opportunity_connections1</RelationshipName>
                          <TargetEntityType>connection</TargetEntityType>
                          <AutoExpand>Fixed</AutoExpand>
                          <EnableQuickFind>false</EnableQuickFind>
                          <EnableViewPicker>false</EnableViewPicker>
                          <ViewIds />
                          <EnableJumpBar>false</EnableJumpBar>
                          <ChartGridMode>Grid</ChartGridMode>
                          <VisualizationId />
                          <IsUserChart>false</IsUserChart>
                          <EnableChartPicker>false</EnableChartPicker>
                          <RecordsPerPage>6</RecordsPerPage>
                        </parameters>
                      </control>
                    </cell>
                  </row>
                  <row />
                  <row />
                  <row />
                  <row />
                  <row />
                  <row>
                    <cell id="{9a29c680-0d68-409e-9657-ea87cfca3b85}" showlabel="false" userspacer="true" labelid="{ba5ea18e-32a1-41c1-bbaf-6dd836d1e397}">
                      <labels>
                        <label description="" languagecode="1033" />
                      </labels>
                    </cell>
                  </row>
                  <row>
                    <cell id="{05a38f4d-1649-4741-84b6-d6de2db78048}" colspan="1" auto="false" rowspan="6" showlabel="true" labelid="{111a8456-e615-4ec1-9146-ef8e11ca18d5}">
                      <labels>
                        <label description="COMPETITORS" languagecode="1033" />
                      </labels>
                      <control id="Competitors" classid="{E7A81278-8635-4d9e-8D4D-59480B391C5B}">
                        <parameters>
                          <ViewId>{57BCA9AC-87A0-4C28-ADC8-2D0A4645F29E}</ViewId>
                          <IsUserView>false</IsUserView>
                          <RelationshipName>opportunitycompetitors_association</RelationshipName>
                          <TargetEntityType>competitor</TargetEntityType>
                          <AutoExpand>Fixed</AutoExpand>
                          <EnableQuickFind>false</EnableQuickFind>
                          <EnableViewPicker>false</EnableViewPicker>
                          <ViewIds />
                          <EnableJumpBar>false</EnableJumpBar>
                          <ChartGridMode>All</ChartGridMode>
                          <VisualizationId />
                          <IsUserChart>false</IsUserChart>
                          <EnableChartPicker>true</EnableChartPicker>
                          <RecordsPerPage>6</RecordsPerPage>
                          <RelationshipRoleOrdinal>1</RelationshipRoleOrdinal>
                        </parameters>
                      </control>
                    </cell>
                  </row>
                  <row />
                  <row />
                  <row />
                  <row />
                  <row />
                </rows>
              </section>
            </sections>
          </column>
        </columns>
      </tab>
      <tab name="Product_Line_Items" verticallayout="true" id="{79548060-31f7-4646-8c08-0296ecd4113b}" visible="true" expanded="true" IsUserDefined="0" labelid="{26fdb992-01a6-4561-8499-87725e278df7}">
        <labels>
          <label description="Product Line Items" languagecode="1033" />
        </labels>
        <columns>
          <column width="100%">
            <sections>
              <section name="opportunityproducts" showlabel="false" showbar="false" id="{2b1ed7f7-3ebb-42f3-809f-94eba9f94fb2}" height="auto" IsUserDefined="0" layout="varheight" columns="11" labelid="{83f1841e-2c65-4fa9-a535-67b07ac72a47}">
                <labels>
                  <label description="Opportunity Products" languagecode="1033" />
                </labels>
                <rows>
                  <row>
                    <cell id="{ba131dc7-aa7c-4d8b-9c94-421ed8a7ddaf}" labelid="{7808ef46-771f-4562-853f-9bb6df3ead9c}">
                      <labels>
                        <label description="Price List" languagecode="1033" />
                      </labels>
                      <events>
                        <event name="setAdditionalParams" application="true" active="true">
                          <InternalHandlers>
                            <Handler functionName="Mscrm.pricelevelid_setadditionalparams" libraryName="Sales/Opportunity/Opportunity_main_system_library.js" handlerUniqueId="1191cc10-3daa-4368-9615-e3fb183f2189" enabled="true" passExecutionContext="true">
                              <dependencies>
                                <dependency id="transactioncurrencyid" />
                              </dependencies>
                            </Handler>
                          </InternalHandlers>
                        </event>
                      </events>
                      <control id="pricelevelid" classid="{270BD3DB-D9AF-4782-9025-509E298DEC0A}" datafieldname="pricelevelid" />
                    </cell>
                    <cell id="{a236691e-a64a-4125-a380-6f59c1ca5eca}" showlabel="false" labelid="{5a9b95a9-9b4b-4d31-a233-2f0e0d6be4a8}">
                      <labels>
                        <label description="" languagecode="1033" />
                      </labels>
                    </cell>
                  </row>
                  <row>
                    <cell id="{0B8DF861-AE32-4C79-9C4E-2ECAA9F74712}" labelid="{56da8845-fdc7-45aa-9756-01268b2ce424}">
                      <labels>
                        <label description="Revenue" languagecode="1033" />
                      </labels>
                      <control id="isrevenuesystemcalculated" classid="{67FAC785-CD58-4f9f-ABB3-4B7DDC6ED5ED}" datafieldname="isrevenuesystemcalculated" />
                    </cell>
                    <cell id="{9B6E1519-AB19-4AD6-976E-8A0D5754AE0C}" showlabel="false" labelid="{014768c5-5e6c-4ab8-8684-a2a964c3c040}">
                      <labels>
                        <label description="" languagecode="1033" />
                      </labels>
                    </cell>
                  </row>
                  <row>
                    <cell colspan="2" rowspan="4" showlabel="false" auto="true" id="{22177595-7784-43da-9af2-50e9115b956e}" labelid="{a2eb1c8d-cf9b-4841-a3bf-f8f6bb3cdb15}">
                      <labels>
                        <label description="Opportunity Products" languagecode="1033" />
                      </labels>
                      <control id="opportunityproductsGrid" classid="{E7A81278-8635-4d9e-8D4D-59480B391C5B}">
                        <parameters>
                          <TargetEntityType>opportunityproduct</TargetEntityType>
                          <ViewId>{01010DE7-749E-4FE6-8037-ACA560A4FCBE}</ViewId>
                          <RelationshipName>product_opportunities</RelationshipName>
                          <AutoExpand>Auto</AutoExpand>
                          <EnableQuickFind>false</EnableQuickFind>
                          <EnableViewPicker>false</EnableViewPicker>
                          <EnableJumpBar>false</EnableJumpBar>
                          <RecordsPerPage>25</RecordsPerPage>
                          <MaxRowsBeforeScroll>8</MaxRowsBeforeScroll>
                        </parameters>
                      </control>
                    </cell>
                  </row>
                  <row />
                  <row />
                  <row />
                </rows>
              </section>
              <section name="suggestionsection" showlabel="false" showbar="false" locklevel="1" id="{ea88f7fa-aa19-4995-9b04-f1c724b52e39}" IsUserDefined="0" columns="1" labelid="{d902fdc4-a74d-45bb-a58e-f8558117a0be}">
                <labels>
                  <label description="Suggestions" languagecode="1033" />
                </labels>
                <rows>
                  <row>
                    <cell id="{7ee1bca7-43e9-4bf7-bbdd-32df7279d236}" labelid="{0aa50f20-aefd-4b10-be0e-8423dcf9beac}">
                      <labels>
                        <label description="" languagecode="1033" />
                      </labels>
                      <control id="ProductSuggestions_LinkControl" classid="{DFDF1CDE-837B-4AC9-98CF-AC74361FD89D}">
                        <parameters>
                          <LinkControlDefinitionId>{05BEFF64-E55E-4000-A316-7CE46335755D}</LinkControlDefinitionId>
                          <ShowLinkControlLabel>false</ShowLinkControlLabel>
                        </parameters>
                      </control>
                    </cell>
                  </row>
                </rows>
              </section>
              <section name="DynamicProperties" showlabel="false" showbar="false" locklevel="1" id="{05f0b856-e494-4522-b6cc-355391ac5c87}" IsUserDefined="0" columns="1" labelid="{6b2c1757-953b-421a-ac1d-83bc15f09fdd}">
                <labels>
                  <label description="Dynamic Properties" languagecode="1033" />
                </labels>
                <rows>
                  <row>
                    <cell id="{6200bb3e-dec8-4f40-bf00-f2aec26058d3}" labelid="{4814dc86-983b-4bc9-b4c7-28cf013a764d}">
                      <labels>
                        <label description="" languagecode="1033" />
                      </labels>
                      <control id="DynamicPropertiesList_LinkControl" classid="{DFDF1CDE-837B-4AC9-98CF-AC74361FD89D}">
                        <parameters>
                          <LinkControlDefinitionId>{9E5EEBFC-5883-43C0-A36C-6FCA2615D5CA}</LinkControlDefinitionId>
                          <ShowLinkControlLabel>false</ShowLinkControlLabel>
                        </parameters>
                      </control>
                    </cell>
                  </row>
                </rows>
              </section>
              <section name="totals" showlabel="false" showbar="false" locklevel="0" id="{736e5dc8-6758-42ee-8e28-812ec6f75abd}" IsUserDefined="0" layout="varwidth" columns="1" labelwidth="115" celllabelalignment="Left" celllabelposition="Left" labelid="{089b1f4f-e602-43b6-b23d-ddcd02c745aa}">
                <labels>
                  <label description="Product Line Item Totals" languagecode="1033" />
                </labels>
                <rows>
                  <row>
                    <cell id="{91C4D5D8-FDBC-4F1A-8A91-753A1AE4E376}" labelid="{573470d2-f5e1-4955-aba0-ced5e7e31e12}">
                      <labels>
                        <label description="Detail Amount" languagecode="1033" />
                      </labels>
                      <control id="totallineitemamount" classid="{533B9E00-756B-4312-95A0-DC888637AC78}" datafieldname="totallineitemamount" disabled="true" />
                    </cell>
                  </row>
                  <row>
                    <cell id="{EFE4D5AB-D23D-4C88-A906-4646F3B28B45}" labelid="{8bd06724-cf7f-4684-a5c5-e89a3d3d9e54}">
                      <labels>
                        <label description="(-) Discount (%)" languagecode="1033" />
                      </labels>
                      <control id="discountpercentage" classid="{C3EFE0C3-0EC6-42be-8349-CBD9079DFD8E}" datafieldname="discountpercentage" />
                    </cell>
                  </row>
                  <row>
                    <cell id="{6BD9F746-A850-4D84-8716-748AA91EC1BC}" labelid="{c75bb4d2-a99e-42d6-b303-18611cb35bcf}">
                      <labels>
                        <label description="(-) Discount" languagecode="1033" />
                      </labels>
                      <control id="discountamount" classid="{533B9E00-756B-4312-95A0-DC888637AC78}" datafieldname="discountamount" />
                    </cell>
                  </row>
                  <row>
                    <cell id="{75F85D03-7267-4C05-B5DE-B00C49595864}" labelid="{e33dd148-38e2-412e-b110-227c396db602}">
                      <labels>
                        <label description="Pre-Freight Amount" languagecode="1033" />
                      </labels>
                      <control id="totalamountlessfreight" classid="{533B9E00-756B-4312-95A0-DC888637AC78}" datafieldname="totalamountlessfreight" disabled="true" />
                    </cell>
                  </row>
                  <row>
                    <cell id="{E91D45ED-89A7-48A2-8B9E-B16EF4DE2815}" labelid="{e220dc78-2639-484a-8453-faa55f3ab9e9}">
                      <labels>
                        <label description="(+) Freight Amount" languagecode="1033" />
                      </labels>
                      <control id="freightamount" classid="{533B9E00-756B-4312-95A0-DC888637AC78}" datafieldname="freightamount" />
                    </cell>
                  </row>
                  <row>
                    <cell id="{E59C312B-32A1-4441-9E54-4F4292E8E60C}" labelid="{0ef0218c-843d-432f-af3a-a871cb46a879}">
                      <labels>
                        <label description="(+) Total Tax" languagecode="1033" />
                      </labels>
                      <control id="totaltax" classid="{533B9E00-756B-4312-95A0-DC888637AC78}" datafieldname="totaltax" disabled="true" />
                    </cell>
                  </row>
                  <row>
                    <cell id="{D96BA356-1581-46E0-937C-49033D55E3A2}" labelid="{85ca8821-987d-43ad-9da0-f8877c4e7396}">
                      <labels>
                        <label description="Total Amount" languagecode="1033" />
                      </labels>
                      <control id="totalamount" classid="{533B9E00-756B-4312-95A0-DC888637AC78}" datafieldname="totalamount" disabled="true" />
                    </cell>
                  </row>
                </rows>
              </section>
            </sections>
          </column>
        </columns>
      </tab>
      <tab name="QUOTES" verticallayout="true" id="{af8380da-5492-4a69-8a36-b1beff121e95}" IsUserDefined="0" locklevel="0" showlabel="true" expanded="true" labelid="{8cf6a0d7-7ce9-44f0-9e2b-b3b2e9cf54e8}">
        <labels>
          <label description="Quotes" languagecode="1033" />
        </labels>
        <columns>
          <column width="100%">
            <sections>
              <section name="opportunityquotes" showlabel="false" showbar="false" id="{40e2e47e-716a-4fe8-9fc0-e0341303c7a3}" height="auto" IsUserDefined="0" layout="varheight" columns="11" labelid="{1741538b-6878-4414-9f4f-618665110e6d}">
                <labels>
                  <label description="Quotes" languagecode="1033" />
                </labels>
                <rows>
                  <row>
                    <cell colspan="2" rowspan="4" showlabel="false" auto="true" id="{dcb63b8d-f689-44b1-a009-292bff328340}" labelid="{fa5960fa-76f0-4183-aef1-8c390fe9f403}">
                      <labels>
                        <label description="Quotes" languagecode="1033" />
                      </labels>
                      <control id="quote" classid="{E7A81278-8635-4d9e-8D4D-59480B391C5B}">
                        <parameters>
                          <TargetEntityType>quote</TargetEntityType>
                          <ViewId>{61A4C932-D775-E211-B420-00155D806600}</ViewId>
                          <RelationshipName>opportunity_quotes</RelationshipName>
                          <AutoExpand>Auto</AutoExpand>
                          <EnableQuickFind>false</EnableQuickFind>
                          <EnableViewPicker>false</EnableViewPicker>
                          <EnableJumpBar>false</EnableJumpBar>
                          <RecordsPerPage>4</RecordsPerPage>
                          <EnableChartPicker>false</EnableChartPicker>
                        </parameters>
                      </control>
                    </cell>
                  </row>
                  <row />
                  <row />
                  <row />
                </rows>
              </section>
            </sections>
          </column>
        </columns>
      </tab>
    </tabs>
    <header id="{ee909091-5a89-403e-bf82-f34512080f08}" celllabelposition="Top" columns="1111" labelwidth="115">
      <rows>
        <row>
          <cell id="{e8813fe3-3ad9-4afd-94c2-52e8d1627a59}" labelid="{066f0cbf-737e-4ed6-8684-e02fac47667b}">
            <labels>
              <label description="Est. Close Date" languagecode="1033" />
            </labels>
            <control id="header_estimatedclosedate" classid="{5B773807-9FB2-42db-97C3-7A91EFF8ADFF}" datafieldname="estimatedclosedate" />
          </cell>
          <cell id="{4343680f-7e56-4968-90fe-814e52f6e2a7}" labelid="{f0278f82-7735-4dda-8ee9-0576e755aef9}">
            <labels>
              <label description="Est. Revenue" languagecode="1033" />
            </labels>
            <control id="header_estimatedvalue" classid="{533B9E00-756B-4312-95A0-DC888637AC78}" datafieldname="estimatedvalue" />
          </cell>
          <cell id="{cb71ebc2-bee9-740e-2b29-09278aaad258}" showlabel="true" locklevel="0" labelid="{ba819e86-c2c7-43dc-b06a-924ba4b898ed}">
            <labels>
              <label description="Status" languagecode="1033" />
            </labels>
            <control id="header_statuscode" classid="{5D68B988-0661-4db2-BC3E-17598AD3BE6C}" datafieldname="statuscode" disabled="false" />
          </cell>
          <cell id="{d9002ebe-3d57-445d-8fb7-459cfb40f437}" labelid="{803cbc7e-a1c2-4390-a684-fcaf6ea41572}">
            <labels>
              <label description="Owner" languagecode="1033" />
            </labels>
            <control id="header_ownerid" classid="{270BD3DB-D9AF-4782-9025-509E298DEC0A}" datafieldname="ownerid" disabled="false" />
          </cell>
        </row>
      </rows>
    </header>
    <events>
      <event name="onload" application="true" active="true">
        <InternalHandlers>
          <Handler functionName="Mscrm.Form_onload" libraryName="Sales/Opportunity/Opportunity_main_system_library.js" handlerUniqueId="228e5887-18c6-4d90-8d6e-bae09af2d977" enabled="true">
            <dependencies>
              <dependency id="estimatedvalue" />
              <dependency id="isrevenuesystemcalculated" />
            </dependencies>
          </Handler>
        </InternalHandlers>
      </event>
      <event name="onchange" attribute="isrevenuesystemcalculated" application="true" active="true">
        <InternalHandlers>
          <Handler functionName="Mscrm.isrevenuesystemcalculated_onchange" libraryName="Sales/Opportunity/Opportunity_main_system_library.js" handlerUniqueId="3b6c5880-6469-48bc-9642-f5350374785b" enabled="true">
            <dependencies>
              <dependency id="estimatedvalue" />
              <dependency id="totalamount" />
            </dependencies>
          </Handler>
        </InternalHandlers>
      </event>
      <event name="onchange" application="true" active="true" attribute="transactioncurrencyid">
        <InternalHandlers>
          <Handler functionName="Mscrm.transactioncurrencyid_onchange" libraryName="Sales/Opportunity/Opportunity_main_system_library.js" handlerUniqueId="151544F6-720A-4606-820D-60E0DB0D2606" enabled="true">
            <dependencies>
              <dependency id="pricelevelid" />
            </dependencies>
          </Handler>
        </InternalHandlers>
      </event>
    </events>
    <Navigation>
      <NavBar>
        <NavBarByRelationshipItem RelationshipName="Opportunity_ActivityPointers" Id="navActivities" Icon="/_imgs/ico_18_act.gif" Sequence="20" Area="Info">
          <Titles>
            <Title LCID="1033" Text="Activities" />
            <Title LCID="1025" Text="أنشطة" />
            <Title LCID="1026" Text="Дейности" />
            <Title LCID="1027" Text="Activitats" />
            <Title LCID="1029" Text="Aktivity" />
            <Title LCID="1030" Text="Aktiviteter" />
            <Title LCID="1031" Text="Aktivitäten" />
            <Title LCID="1032" Text="Δραστηριότητες" />
            <Title LCID="3082" Text="Actividades" />
            <Title LCID="1061" Text="Tegevused" />
            <Title LCID="1069" Text="Jarduerak" />
            <Title LCID="1035" Text="Aktiviteetit" />
            <Title LCID="1036" Text="Activités" />
            <Title LCID="1110" Text="Actividades" />
            <Title LCID="1037" Text="פעילויות" />
            <Title LCID="1081" Text="गतिविधियाँ" />
            <Title LCID="1050" Text="Aktivnosti" />
            <Title LCID="1038" Text="Tevékenységek" />
            <Title LCID="1057" Text="Aktivitas" />
            <Title LCID="1040" Text="Impegni" />
            <Title LCID="1041" Text="活動" />
            <Title LCID="1087" Text="Әрекеттер" />
            <Title LCID="1042" Text="활동" />
            <Title LCID="1063" Text="Veikla" />
            <Title LCID="1062" Text="Darbības" />
            <Title LCID="1086" Text="Aktiviti" />
            <Title LCID="1044" Text="Aktiviteter" />
            <Title LCID="1043" Text="Activiteiten" />
            <Title LCID="1045" Text="Działania" />
            <Title LCID="1046" Text="Atividades" />
            <Title LCID="2070" Text="Atividades" />
            <Title LCID="1048" Text="Activități" />
            <Title LCID="1049" Text="Действия" />
            <Title LCID="1051" Text="Aktivity" />
            <Title LCID="1060" Text="Dejavnosti" />
            <Title LCID="10266" Text="Активности" />
            <Title LCID="9242" Text="Aktivnosti" />
            <Title LCID="1053" Text="Aktiviteter" />
            <Title LCID="1054" Text="กิจกรรม" />
            <Title LCID="1055" Text="Etkinlikler" />
            <Title LCID="1058" Text="Справи" />
            <Title LCID="1066" Text="Hoạt động" />
            <Title LCID="2052" Text="活动" />
            <Title LCID="3076" Text="活動" />
            <Title LCID="1028" Text="活動" />
          </Titles>
        </NavBarByRelationshipItem>
        <NavBarByRelationshipItem RelationshipName="opportunity_sales_orders" Sequence="20" Area="Sales" Id="navOrders" Show="false">
          <Titles>
            <Title LCID="1033" Text="Orders" />
            <Title LCID="1025" Text="أوامر" />
            <Title LCID="1026" Text="Поръчки" />
            <Title LCID="1027" Text="Comandes" />
            <Title LCID="1029" Text="Objednávky" />
            <Title LCID="1030" Text="Ordrer" />
            <Title LCID="1031" Text="Aufträge" />
            <Title LCID="1032" Text="Παραγγελίες" />
            <Title LCID="3082" Text="Pedidos" />
            <Title LCID="1061" Text="Tellimused" />
            <Title LCID="1069" Text="Eskaerak" />
            <Title LCID="1035" Text="Tilaukset" />
            <Title LCID="1036" Text="Commandes" />
            <Title LCID="1110" Text="Pedidos" />
            <Title LCID="1037" Text="הזמנות" />
            <Title LCID="1081" Text="आदेश" />
            <Title LCID="1050" Text="Narudžbe" />
            <Title LCID="1038" Text="Megrendelések" />
            <Title LCID="1057" Text="Pesanan" />
            <Title LCID="1040" Text="Ordini" />
            <Title LCID="1041" Text="受注" />
            <Title LCID="1087" Text="Тапсырыстар" />
            <Title LCID="1042" Text="주문" />
            <Title LCID="1063" Text="Užsakymai" />
            <Title LCID="1062" Text="Pasūtījumi" />
            <Title LCID="1086" Text="Pesanan" />
            <Title LCID="1044" Text="Ordrer" />
            <Title LCID="1043" Text="Orders" />
            <Title LCID="1045" Text="Zamówienia" />
            <Title LCID="1046" Text="Ordens" />
            <Title LCID="2070" Text="Encomendas" />
            <Title LCID="1048" Text="Comenzi" />
            <Title LCID="1049" Text="Заказы" />
            <Title LCID="1051" Text="Objednávky" />
            <Title LCID="1060" Text="Naročila" />
            <Title LCID="10266" Text="Поруџбине" />
            <Title LCID="9242" Text="Porudžbine" />
            <Title LCID="1053" Text="Order" />
            <Title LCID="1054" Text="ใบสั่ง" />
            <Title LCID="1055" Text="Siparişler" />
            <Title LCID="1058" Text="Замовлення" />
            <Title LCID="1066" Text="Đơn hàng" />
            <Title LCID="2052" Text="订单" />
            <Title LCID="3076" Text="訂單" />
            <Title LCID="1028" Text="訂單" />
          </Titles>
        </NavBarByRelationshipItem>
        <NavBarByRelationshipItem RelationshipName="opportunity_customer_opportunity_roles" Id="navRelationship" TitleResourceId="Tab_Label_Relationship" Area="Info" Show="false" Sequence="22">
          <Privileges>
            <Privilege Entity="" Privilege="ReadCustomerOpportunityRole" />
          </Privileges>
          <Titles>
            <Title LCID="1033" Text="Relationships" />
            <Title LCID="1025" Text="العلاقات" />
            <Title LCID="1026" Text="Взаимоотношения" />
            <Title LCID="1027" Text="Relacions" />
            <Title LCID="1029" Text="Vztahy" />
            <Title LCID="1030" Text="Relationer" />
            <Title LCID="1031" Text="Beziehungen" />
            <Title LCID="1032" Text="Σχέσεις" />
            <Title LCID="3082" Text="Relaciones" />
            <Title LCID="1061" Text="Seosed" />
            <Title LCID="1069" Text="Erlazioak" />
            <Title LCID="1035" Text="Suhteet" />
            <Title LCID="1036" Text="Relations" />
            <Title LCID="1110" Text="Relacións" />
            <Title LCID="1037" Text="קשרים" />
            <Title LCID="1081" Text="संबंध" />
            <Title LCID="1050" Text="Odnosi" />
            <Title LCID="1038" Text="Kapcsolatok" />
            <Title LCID="1057" Text="Relasi" />
            <Title LCID="1040" Text="Relazioni" />
            <Title LCID="1041" Text="リレーションシップ" />
            <Title LCID="1087" Text="Қарым-қатынастар" />
            <Title LCID="1042" Text="관계" />
            <Title LCID="1063" Text="Ryšiai" />
            <Title LCID="1062" Text="Attiecības" />
            <Title LCID="1086" Text="Perhubungan" />
            <Title LCID="1044" Text="Relasjoner" />
            <Title LCID="1043" Text="Relaties" />
            <Title LCID="1045" Text="Relacje" />
            <Title LCID="1046" Text="Relacionamentos" />
            <Title LCID="2070" Text="Relações" />
            <Title LCID="1048" Text="Relaţii" />
            <Title LCID="1049" Text="Отношения" />
            <Title LCID="1051" Text="Vzťahy" />
            <Title LCID="1060" Text="Odnosi" />
            <Title LCID="10266" Text="Односи" />
            <Title LCID="9242" Text="Odnosi" />
            <Title LCID="1053" Text="Relationer" />
            <Title LCID="1054" Text="ความสัมพันธ์" />
            <Title LCID="1055" Text="İlişkiler" />
            <Title LCID="1058" Text="Зв’язки" />
            <Title LCID="1066" Text="Mối quan hệ" />
            <Title LCID="2052" Text="关系" />
            <Title LCID="3076" Text="關聯" />
            <Title LCID="1028" Text="關聯" />
          </Titles>
        </NavBarByRelationshipItem>
        <NavBarByRelationshipItem RelationshipName="opportunity_invoices" Sequence="30" Area="Sales" Id="navInvoices" Show="false">
          <Titles>
            <Title LCID="1033" Text="Invoices" />
            <Title LCID="1025" Text="الفواتير" />
            <Title LCID="1026" Text="Фактури" />
            <Title LCID="1027" Text="Factures" />
            <Title LCID="1029" Text="Faktury" />
            <Title LCID="1030" Text="Fakturaer" />
            <Title LCID="1031" Text="Rechnungen" />
            <Title LCID="1032" Text="Τιμολόγια" />
            <Title LCID="3082" Text="Facturas" />
            <Title LCID="1061" Text="Arved" />
            <Title LCID="1069" Text="Fakturak" />
            <Title LCID="1035" Text="Laskut" />
            <Title LCID="1036" Text="Factures" />
            <Title LCID="1110" Text="Facturas" />
            <Title LCID="1037" Text="חשבוניות" />
            <Title LCID="1081" Text="इनवॉइस" />
            <Title LCID="1050" Text="Fakture" />
            <Title LCID="1038" Text="Számlák" />
            <Title LCID="1057" Text="Faktur" />
            <Title LCID="1040" Text="Fatture" />
            <Title LCID="1041" Text="請求書" />
            <Title LCID="1087" Text="Есеп-шоттар" />
            <Title LCID="1042" Text="송장" />
            <Title LCID="1063" Text="Sąskaitos faktūros" />
            <Title LCID="1062" Text="Rēķini" />
            <Title LCID="1086" Text="Invois" />
            <Title LCID="1044" Text="Fakturaer" />
            <Title LCID="1043" Text="Facturen" />
            <Title LCID="1045" Text="Faktury" />
            <Title LCID="1046" Text="Faturas" />
            <Title LCID="2070" Text="Faturas" />
            <Title LCID="1048" Text="Facturi" />
            <Title LCID="1049" Text="Счета" />
            <Title LCID="1051" Text="Faktúry" />
            <Title LCID="1060" Text="Računi" />
            <Title LCID="10266" Text="Фактуре" />
            <Title LCID="9242" Text="Fakture" />
            <Title LCID="1053" Text="Fakturor" />
            <Title LCID="1054" Text="ใบแจ้งหนี้" />
            <Title LCID="1055" Text="Faturalar" />
            <Title LCID="1058" Text="Рахунки" />
            <Title LCID="1066" Text="Hóa đơn" />
            <Title LCID="2052" Text="发票" />
            <Title LCID="3076" Text="發票" />
            <Title LCID="1028" Text="發票" />
          </Titles>
        </NavBarByRelationshipItem>
        <NavBarByRelationshipItem RelationshipName="opportunitycompetitors_association" Sequence="40" Area="Sales" Id="navComp" Show="false">
          <Titles>
            <Title LCID="1033" Text="Competitors" />
            <Title LCID="1025" Text="المنافسون" />
            <Title LCID="1026" Text="Конкуренти" />
            <Title LCID="1027" Text="Competidors" />
            <Title LCID="1029" Text="Konkurence" />
            <Title LCID="1030" Text="Konkurrenter" />
            <Title LCID="1031" Text="Mitbewerber" />
            <Title LCID="1032" Text="Ανταγωνιστές" />
            <Title LCID="3082" Text="Competidores" />
            <Title LCID="1061" Text="Konkurendid" />
            <Title LCID="1069" Text="Lehiakideak" />
            <Title LCID="1035" Text="Kilpailijat" />
            <Title LCID="1036" Text="Concurrents" />
            <Title LCID="1110" Text="Competidores" />
            <Title LCID="1037" Text="מתחרים" />
            <Title LCID="1081" Text="प्रतिस्पर्धी" />
            <Title LCID="1050" Text="Konkurenti" />
            <Title LCID="1038" Text="Versenytársak" />
            <Title LCID="1057" Text="Pesaing" />
            <Title LCID="1040" Text="Concorrenti" />
            <Title LCID="1041" Text="競合企業" />
            <Title LCID="1087" Text="Бәсекелестер" />
            <Title LCID="1042" Text="경쟁 업체" />
            <Title LCID="1063" Text="Konkurentai" />
            <Title LCID="1062" Text="Konkurenti" />
            <Title LCID="1086" Text="Pesaing" />
            <Title LCID="1044" Text="Konkurrenter" />
            <Title LCID="1043" Text="Concurrenten" />
            <Title LCID="1045" Text="Konkurenci" />
            <Title LCID="1046" Text="Concorrentes" />
            <Title LCID="2070" Text="Concorrentes" />
            <Title LCID="1048" Text="Concurenți" />
            <Title LCID="1049" Text="Конкуренты" />
            <Title LCID="1051" Text="Konkurenti" />
            <Title LCID="1060" Text="Konkurenčna podjetja" />
            <Title LCID="10266" Text="Конкуренти" />
            <Title LCID="9242" Text="Konkurenti" />
            <Title LCID="1053" Text="Konkurrenter" />
            <Title LCID="1054" Text="คู่แข่ง" />
            <Title LCID="1055" Text="Rakipler" />
            <Title LCID="1058" Text="Конкуренти" />
            <Title LCID="1066" Text="Đối thủ cạnh tranh" />
            <Title LCID="2052" Text="竞争对手" />
            <Title LCID="3076" Text="競爭者" />
            <Title LCID="1028" Text="競爭者" />
          </Titles>
        </NavBarByRelationshipItem>
        <NavBarByRelationshipItem RelationshipName="hardcoded_{B7196B13-6B9D-42CD-BD58-B19A3953126F}navDocument" Sequence="9000" Area="Info" Id="navDocument">
          <Titles>
            <Title LCID="1033" Text="Documents" />
            <Title LCID="1025" Text="المستندات" />
            <Title LCID="1026" Text="Документи" />
            <Title LCID="1027" Text="Documents" />
            <Title LCID="1029" Text="Dokumenty" />
            <Title LCID="1030" Text="Dokumenter" />
            <Title LCID="1031" Text="Dokumente" />
            <Title LCID="1032" Text="Έγγραφα" />
            <Title LCID="3082" Text="Documentos" />
            <Title LCID="1061" Text="Dokumendid" />
            <Title LCID="1069" Text="Dokumentuak" />
            <Title LCID="1035" Text="Asiakirjat" />
            <Title LCID="1036" Text="Documents" />
            <Title LCID="1110" Text="Documentos" />
            <Title LCID="1037" Text="מסמכים" />
            <Title LCID="1081" Text="दस्तावेज़" />
            <Title LCID="1050" Text="Dokumenti" />
            <Title LCID="1038" Text="Dokumentumok" />
            <Title LCID="1057" Text="Dokumen" />
            <Title LCID="1040" Text="Documenti" />
            <Title LCID="1041" Text="ドキュメント​​" />
            <Title LCID="1087" Text="Құжаттар" />
            <Title LCID="1042" Text="문서" />
            <Title LCID="1063" Text="Dokumentai" />
            <Title LCID="1062" Text="Dokumenti" />
            <Title LCID="1086" Text="Dokumen" />
            <Title LCID="1044" Text="Dokumenter" />
            <Title LCID="1043" Text="Documenten" />
            <Title LCID="1045" Text="Dokumenty" />
            <Title LCID="1046" Text="Documentos" />
            <Title LCID="2070" Text="Documentos" />
            <Title LCID="1048" Text="Documente" />
            <Title LCID="1049" Text="Документы" />
            <Title LCID="1051" Text="Dokumenty" />
            <Title LCID="1060" Text="Dokumenti" />
            <Title LCID="10266" Text="Документи" />
            <Title LCID="9242" Text="Dokumenti" />
            <Title LCID="1053" Text="Dokument" />
            <Title LCID="1054" Text="เอกสาร" />
            <Title LCID="1055" Text="Belgeler" />
            <Title LCID="1058" Text="Документи" />
            <Title LCID="1066" Text="Tài liệu" />
            <Title LCID="2052" Text="文档" />
            <Title LCID="3076" Text="文件" />
            <Title LCID="1028" Text="文件" />
          </Titles>
        </NavBarByRelationshipItem>
        <NavBarByRelationshipItem RelationshipName="hardcoded_{B7196B13-6B9D-42CD-BD58-B19A3953126F}navAsyncOperations" Sequence="9500" Area="ProcessCenter" Id="navAsyncOperations" Show="false">
          <Titles>
            <Title LCID="1033" Text="Workflows" />
            <Title LCID="1025" Text="عمليات سير العمل" />
            <Title LCID="1026" Text="Работни потоци" />
            <Title LCID="1027" Text="Fluxos de treball" />
            <Title LCID="1029" Text="Pracovní postupy" />
            <Title LCID="1030" Text="Arbejdsprocesser" />
            <Title LCID="1031" Text="Workflows" />
            <Title LCID="1032" Text="Ροές εργασίας" />
            <Title LCID="3082" Text="Flujos de trabajo" />
            <Title LCID="1061" Text="Töövood" />
            <Title LCID="1069" Text="Lan-fluxuak" />
            <Title LCID="1035" Text="Työnkulut" />
            <Title LCID="1036" Text="Workflows" />
            <Title LCID="1110" Text="Fluxos de traballo" />
            <Title LCID="1037" Text="זרימות עבודה" />
            <Title LCID="1081" Text="कार्य प्रवाह" />
            <Title LCID="1050" Text="Tjekovi rada" />
            <Title LCID="1038" Text="Munkafolyamatok" />
            <Title LCID="1057" Text="Alur Kerja" />
            <Title LCID="1040" Text="Flussi di lavoro" />
            <Title LCID="1041" Text="ワークフロー" />
            <Title LCID="1087" Text="Жұмыс үрдістері" />
            <Title LCID="1042" Text="워크플로" />
            <Title LCID="1063" Text="Darbo eigos" />
            <Title LCID="1062" Text="Darbplūsmas" />
            <Title LCID="1086" Text="Aliran kerja" />
            <Title LCID="1044" Text="Arbeidsflyter" />
            <Title LCID="1043" Text="Werkstromen" />
            <Title LCID="1045" Text="Przepływy pracy" />
            <Title LCID="1046" Text="Fluxos de Trabalho" />
            <Title LCID="2070" Text="Fluxos de Trabalho" />
            <Title LCID="1048" Text="Fluxuri de lucru" />
            <Title LCID="1049" Text="Бизнес-процессы" />
            <Title LCID="1051" Text="Pracovné postupy" />
            <Title LCID="1060" Text="Poteki dela" />
            <Title LCID="10266" Text="Токови посла" />
            <Title LCID="9242" Text="Tokovi posla" />
            <Title LCID="1053" Text="Arbetsflöden" />
            <Title LCID="1054" Text="เวิร์กโฟลว์" />
            <Title LCID="1055" Text="İş Akışları" />
            <Title LCID="1058" Text="Робочі цикли" />
            <Title LCID="1066" Text="Quy trình làm việc" />
            <Title LCID="2052" Text="工作流" />
            <Title LCID="3076" Text="工作流程" />
            <Title LCID="1028" Text="工作流程" />
          </Titles>
        </NavBarByRelationshipItem>
        <NavBarByRelationshipItem RelationshipName="hardcoded_{B7196B13-6B9D-42CD-BD58-B19A3953126F}navConnections" Id="navConnections" Sequence="9600" Area="Info">
          <Titles>
            <Title LCID="1033" Text="Connections" />
            <Title LCID="1025" Text="الاتصالات" />
            <Title LCID="1026" Text="Връзки" />
            <Title LCID="1027" Text="Connexions" />
            <Title LCID="1029" Text="Propojení" />
            <Title LCID="1030" Text="Forbindelser" />
            <Title LCID="1031" Text="Verbindungen" />
            <Title LCID="1032" Text="Συνδέσεις" />
            <Title LCID="3082" Text="Conexiones" />
            <Title LCID="1061" Text="Ühendused" />
            <Title LCID="1069" Text="Konexioak" />
            <Title LCID="1035" Text="Yhteydet" />
            <Title LCID="1036" Text="Connexions" />
            <Title LCID="1110" Text="Conexións" />
            <Title LCID="1037" Text="חיבורים" />
            <Title LCID="1081" Text="कनेक्शन" />
            <Title LCID="1050" Text="Veze" />
            <Title LCID="1038" Text="Kapcsolatok" />
            <Title LCID="1057" Text="Sambungan" />
            <Title LCID="1040" Text="Connessioni" />
            <Title LCID="1041" Text="つながり" />
            <Title LCID="1087" Text="Қосылымдар" />
            <Title LCID="1042" Text="연결" />
            <Title LCID="1063" Text="Ryšiai" />
            <Title LCID="1062" Text="Savienojumi" />
            <Title LCID="1086" Text="Sambungan" />
            <Title LCID="1044" Text="Tilkoblinger" />
            <Title LCID="1043" Text="Verbindingen" />
            <Title LCID="1045" Text="Połączenia" />
            <Title LCID="1046" Text="Conexões" />
            <Title LCID="2070" Text="Ligações" />
            <Title LCID="1048" Text="Conexiuni" />
            <Title LCID="1049" Text="Связи" />
            <Title LCID="1051" Text="Kontaktné osoby" />
            <Title LCID="1060" Text="Povezave" />
            <Title LCID="10266" Text="Везе" />
            <Title LCID="9242" Text="Veze" />
            <Title LCID="1053" Text="Anslutningar" />
            <Title LCID="1054" Text="การเชื่อมต่อ" />
            <Title LCID="1055" Text="Bağlantılar" />
            <Title LCID="1058" Text="Зв’язки" />
            <Title LCID="1066" Text="Kết nối" />
            <Title LCID="2052" Text="连接" />
            <Title LCID="3076" Text="人脈" />
            <Title LCID="1028" Text="人脈" />
          </Titles>
        </NavBarByRelationshipItem>
        <NavBarByRelationshipItem RelationshipName="hardcoded_{B7196B13-6B9D-42CD-BD58-B19A3953126F}navAudit" Area="Info" Id="navAudit" Sequence="9601">
          <Titles>
            <Title LCID="1033" Text="Audit History" />
            <Title LCID="1025" Text="سجل التدقيق" />
            <Title LCID="1026" Text="Хронология на проверките" />
            <Title LCID="1027" Text="Historial d'auditoria" />
            <Title LCID="1029" Text="Historie auditu" />
            <Title LCID="1030" Text="Oversigt over overvågning" />
            <Title LCID="1031" Text="Überwachungsverlauf" />
            <Title LCID="1032" Text="Ιστορικό ελέγχου" />
            <Title LCID="3082" Text="Historial de auditoría" />
            <Title LCID="1061" Text="Auditeerimisajalugu" />
            <Title LCID="1069" Text="Auditatze-historia" />
            <Title LCID="1035" Text="Seurantahistoria" />
            <Title LCID="1036" Text="Historique d'audit" />
            <Title LCID="1110" Text="Historial de auditoría" />
            <Title LCID="1037" Text="היסטוריית ביקורת" />
            <Title LCID="1081" Text="ऑडिट इतिहास" />
            <Title LCID="1050" Text="Povijest nadzora" />
            <Title LCID="1038" Text="Naplózási előzmények" />
            <Title LCID="1057" Text="Riwayat Audit" />
            <Title LCID="1040" Text="Cronologia controlli" />
            <Title LCID="1041" Text="監査履歴" />
            <Title LCID="1087" Text="Тексеру журналы" />
            <Title LCID="1042" Text="감사 기록" />
            <Title LCID="1063" Text="Tikrinimo retrospektyva" />
            <Title LCID="1062" Text="Audita vēsture" />
            <Title LCID="1086" Text="Sejarah Audit" />
            <Title LCID="1044" Text="Logg for sporing av endringer" />
            <Title LCID="1043" Text="Controlegeschiedenis" />
            <Title LCID="1045" Text="Historia inspekcji" />
            <Title LCID="1046" Text="Histórico de Auditoria" />
            <Title LCID="2070" Text="Histórico de Auditoria" />
            <Title LCID="1048" Text="Istoric auditare" />
            <Title LCID="1049" Text="Журнал аудита" />
            <Title LCID="1051" Text="História auditov" />
            <Title LCID="1060" Text="Zgodovina spremljanja sprememb" />
            <Title LCID="10266" Text="Историја надгледања" />
            <Title LCID="9242" Text="Istorija nadgledanja" />
            <Title LCID="1053" Text="Granskningshistorik" />
            <Title LCID="1054" Text="ประวัติการตรวจสอบ" />
            <Title LCID="1055" Text="Denetim Geçmişi" />
            <Title LCID="1058" Text="Журнал відстеження" />
            <Title LCID="1066" Text="Lịch sử Kiểm tra" />
            <Title LCID="2052" Text="审核历史记录" />
            <Title LCID="3076" Text="稽核歷程記錄" />
            <Title LCID="1028" Text="稽核歷程記錄" />
          </Titles>
        </NavBarByRelationshipItem>
        <NavBarByRelationshipItem RelationshipName="hardcoded_{B7196B13-6B9D-42CD-BD58-B19A3953126F}navProcessSessions" Sequence="9700" Area="ProcessCenter" Id="navProcessSessions" Show="false">
          <Titles>
            <Title LCID="1033" Text="Dialog Sessions" />
            <Title LCID="1025" Text="جلسات عمل الحوار" />
            <Title LCID="1026" Text="Диалогови сесии" />
            <Title LCID="1027" Text="Sessions de diàleg" />
            <Title LCID="1029" Text="Relace dialogů" />
            <Title LCID="1030" Text="Dialogsessioner" />
            <Title LCID="1031" Text="Dialogsitzungen" />
            <Title LCID="1032" Text="Περίοδοι λειτουργίας παραθύρου διαλόγου" />
            <Title LCID="3082" Text="Sesiones de diálogo" />
            <Title LCID="1061" Text="Dialoogiseansid" />
            <Title LCID="1069" Text="Elkarrizketa-saioak" />
            <Title LCID="1035" Text="Dialogi-istunnot" />
            <Title LCID="1036" Text="Sessions de dialogue" />
            <Title LCID="1110" Text="Sesións de diálogo" />
            <Title LCID="1037" Text="הפעלות דו-שיח‬" />
            <Title LCID="1081" Text="डायलॉग सत्र" />
            <Title LCID="1050" Text="Sesije dijaloga" />
            <Title LCID="1038" Text="Párbeszéd-munkamenetek" />
            <Title LCID="1057" Text="Sesi Dialog" />
            <Title LCID="1040" Text="Sessioni di interazione" />
            <Title LCID="1041" Text="ダイアログ セッション" />
            <Title LCID="1087" Text="Диалогтық терезедегі сеанстар" />
            <Title LCID="1042" Text="대화 세션" />
            <Title LCID="1063" Text="Dialogo lango seansai" />
            <Title LCID="1062" Text="Dialogu sesijas" />
            <Title LCID="1086" Text="Sesi Dialog" />
            <Title LCID="1044" Text="Dialogøkter" />
            <Title LCID="1043" Text="Dialoogvenstersessies" />
            <Title LCID="1045" Text="Sesje dialogowe" />
            <Title LCID="1046" Text="Sessões de Diálogo" />
            <Title LCID="2070" Text="Sessões de Diálogo" />
            <Title LCID="1048" Text="Sesiuni de dialog" />
            <Title LCID="1049" Text="Сеансы диалогов" />
            <Title LCID="1051" Text="Relácie dialógového okna" />
            <Title LCID="1060" Text="Seje dialoga" />
            <Title LCID="10266" Text="Сесије дијалога" />
            <Title LCID="9242" Text="Sesije dijaloga" />
            <Title LCID="1053" Text="Dialogsessioner" />
            <Title LCID="1054" Text="เซสชันของกล่องโต้ตอบ" />
            <Title LCID="1055" Text="İletişim Kutusu Oturumları" />
            <Title LCID="1058" Text="Сеанси діалогу" />
            <Title LCID="1066" Text="Phiên hộp thoại" />
            <Title LCID="2052" Text="对话会话" />
            <Title LCID="3076" Text="對話方塊工作階段" />
            <Title LCID="1028" Text="對話方塊工作階段" />
          </Titles>
        </NavBarByRelationshipItem>
      </NavBar>
      <NavBarAreas>
        <NavBarArea Id="Info">
          <Titles>
            <Title LCID="1033" Text="Common" />
            <Title LCID="1025" Text="عام" />
            <Title LCID="1026" Text="Общо" />
            <Title LCID="1027" Text="Comú" />
            <Title LCID="1029" Text="Společné" />
            <Title LCID="1030" Text="Fælles" />
            <Title LCID="1031" Text="Gemeinsam verwendet" />
            <Title LCID="1032" Text="Κοινά" />
            <Title LCID="3082" Text="Común" />
            <Title LCID="1061" Text="Ühised" />
            <Title LCID="1069" Text="Ohikoa" />
            <Title LCID="1035" Text="Yhteiset" />
            <Title LCID="1036" Text="Éléments communs" />
            <Title LCID="1110" Text="Común" />
            <Title LCID="1037" Text="פריטים נפוצים‬" />
            <Title LCID="1081" Text="सामान्य" />
            <Title LCID="1050" Text="Uobičajeno" />
            <Title LCID="1038" Text="Általános" />
            <Title LCID="1057" Text="Umum" />
            <Title LCID="1040" Text="Elementi comuni" />
            <Title LCID="1041" Text="共通" />
            <Title LCID="1087" Text="Жалпы" />
            <Title LCID="1042" Text="일반" />
            <Title LCID="1063" Text="Bendra" />
            <Title LCID="1062" Text="Kopējā informācija" />
            <Title LCID="1086" Text="Biasa" />
            <Title LCID="1044" Text="Felles" />
            <Title LCID="1043" Text="Algemeen" />
            <Title LCID="1045" Text="Wspólne" />
            <Title LCID="1046" Text="Comum" />
            <Title LCID="2070" Text="Comum" />
            <Title LCID="1048" Text="Comun" />
            <Title LCID="1049" Text="Общие" />
            <Title LCID="1051" Text="Spoločné" />
            <Title LCID="1060" Text="Splošno" />
            <Title LCID="10266" Text="Уобичајено" />
            <Title LCID="9242" Text="Uobičajeno" />
            <Title LCID="1053" Text="Standard" />
            <Title LCID="1054" Text="ทั่วไป" />
            <Title LCID="1055" Text="Ortak" />
            <Title LCID="1058" Text="Спільні" />
            <Title LCID="1066" Text="Thông thường" />
            <Title LCID="2052" Text="公共" />
            <Title LCID="3076" Text="一般" />
            <Title LCID="1028" Text="一般" />
          </Titles>
        </NavBarArea>
        <NavBarArea Id="Sales">
          <Titles>
            <Title LCID="1033" Text="Sales" />
            <Title LCID="1025" Text="المبيعات" />
            <Title LCID="1026" Text="Продажби" />
            <Title LCID="1027" Text="Vendes" />
            <Title LCID="1029" Text="Prodej" />
            <Title LCID="1030" Text="Salg" />
            <Title LCID="1031" Text="Vertrieb" />
            <Title LCID="1032" Text="Πωλήσεις" />
            <Title LCID="3082" Text="Ventas" />
            <Title LCID="1061" Text="Müük" />
            <Title LCID="1069" Text="Salmentak" />
            <Title LCID="1035" Text="Myynti" />
            <Title LCID="1036" Text="Ventes" />
            <Title LCID="1110" Text="Vendas" />
            <Title LCID="1037" Text="מכירות" />
            <Title LCID="1081" Text="विक्रय" />
            <Title LCID="1050" Text="Prodaja" />
            <Title LCID="1038" Text="Értékesítés" />
            <Title LCID="1057" Text="Penjualan" />
            <Title LCID="1040" Text="Vendite" />
            <Title LCID="1041" Text="営業" />
            <Title LCID="1087" Text="Сатылым" />
            <Title LCID="1042" Text="영업​" />
            <Title LCID="1063" Text="Pardavimas" />
            <Title LCID="1062" Text="Pārdošana" />
            <Title LCID="1086" Text="Jualan" />
            <Title LCID="1044" Text="Salg" />
            <Title LCID="1043" Text="Verkoop" />
            <Title LCID="1045" Text="Sprzedaż" />
            <Title LCID="1046" Text="Vendas" />
            <Title LCID="2070" Text="Vendas" />
            <Title LCID="1048" Text="Vânzări" />
            <Title LCID="1049" Text="Продажи" />
            <Title LCID="1051" Text="Predaj" />
            <Title LCID="1060" Text="Prodaja" />
            <Title LCID="10266" Text="Продаја" />
            <Title LCID="9242" Text="Prodaja" />
            <Title LCID="1053" Text="Försäljning" />
            <Title LCID="1054" Text="การขาย" />
            <Title LCID="1055" Text="Satış" />
            <Title LCID="1058" Text="Збут" />
            <Title LCID="1066" Text="Bán hàng" />
            <Title LCID="2052" Text="销售​" />
            <Title LCID="3076" Text="銷售" />
            <Title LCID="1028" Text="銷售" />
          </Titles>
        </NavBarArea>
        <NavBarArea Id="Service">
          <Titles>
            <Title LCID="1033" Text="Service" />
            <Title LCID="1025" Text="الخدمة" />
            <Title LCID="1026" Text="Услуга" />
            <Title LCID="1027" Text="Servei" />
            <Title LCID="1029" Text="Služby" />
            <Title LCID="1030" Text="Service" />
            <Title LCID="1031" Text="Service" />
            <Title LCID="1032" Text="Υπηρεσία" />
            <Title LCID="3082" Text="Servicio" />
            <Title LCID="1061" Text="Teenindus" />
            <Title LCID="1069" Text="Zerbitzua" />
            <Title LCID="1035" Text="Palvelu" />
            <Title LCID="1036" Text="Service" />
            <Title LCID="1110" Text="Servizo" />
            <Title LCID="1037" Text="שירות" />
            <Title LCID="1081" Text="सेवा" />
            <Title LCID="1050" Text="Usluga" />
            <Title LCID="1038" Text="Szolgáltatás" />
            <Title LCID="1057" Text="Layanan" />
            <Title LCID="1040" Text="Servizio" />
            <Title LCID="1041" Text="サービス" />
            <Title LCID="1087" Text="Қызмет" />
            <Title LCID="1042" Text="서비스" />
            <Title LCID="1063" Text="Aptarnavimas" />
            <Title LCID="1062" Text="Serviss" />
            <Title LCID="1086" Text="Perkhidmatan" />
            <Title LCID="1044" Text="Service" />
            <Title LCID="1043" Text="Service" />
            <Title LCID="1045" Text="Usługa" />
            <Title LCID="1046" Text="Serviço" />
            <Title LCID="2070" Text="Serviço" />
            <Title LCID="1048" Text="Serviciu" />
            <Title LCID="1049" Text="Сервис" />
            <Title LCID="1051" Text="Služba" />
            <Title LCID="1060" Text="Storitev" />
            <Title LCID="10266" Text="Услуге" />
            <Title LCID="9242" Text="Usluge" />
            <Title LCID="1053" Text="Service" />
            <Title LCID="1054" Text="การบริการ" />
            <Title LCID="1055" Text="Servis" />
            <Title LCID="1058" Text="Обслуговування" />
            <Title LCID="1066" Text="Dịch vụ" />
            <Title LCID="2052" Text="服务" />
            <Title LCID="3076" Text="服務" />
            <Title LCID="1028" Text="服務" />
          </Titles>
        </NavBarArea>
        <NavBarArea Id="Marketing">
          <Titles>
            <Title LCID="1033" Text="Marketing" />
            <Title LCID="1025" Text="التسويق‬" />
            <Title LCID="1026" Text="Маркетинг" />
            <Title LCID="1027" Text="Màrqueting" />
            <Title LCID="1029" Text="Marketing" />
            <Title LCID="1030" Text="Marketing" />
            <Title LCID="1031" Text="Marketing" />
            <Title LCID="1032" Text="Μάρκετινγκ" />
            <Title LCID="3082" Text="Marketing" />
            <Title LCID="1061" Text="Turundus" />
            <Title LCID="1069" Text="Marketina" />
            <Title LCID="1035" Text="Markkinointi" />
            <Title LCID="1036" Text="Marketing" />
            <Title LCID="1110" Text="Márketing" />
            <Title LCID="1037" Text="שיווק" />
            <Title LCID="1081" Text="मार्केटिंग" />
            <Title LCID="1050" Text="Marketing" />
            <Title LCID="1038" Text="Marketing" />
            <Title LCID="1057" Text="Pemasaran" />
            <Title LCID="1040" Text="Marketing" />
            <Title LCID="1041" Text="マーケティング" />
            <Title LCID="1087" Text="Маркетинг" />
            <Title LCID="1042" Text="마케팅​" />
            <Title LCID="1063" Text="Rinkodara" />
            <Title LCID="1062" Text="Mārketings" />
            <Title LCID="1086" Text="Pemasaran" />
            <Title LCID="1044" Text="Markedsføring" />
            <Title LCID="1043" Text="Marketing" />
            <Title LCID="1045" Text="Marketing" />
            <Title LCID="1046" Text="Marketing" />
            <Title LCID="2070" Text="Marketing" />
            <Title LCID="1048" Text="Marketing" />
            <Title LCID="1049" Text="Маркетинг" />
            <Title LCID="1051" Text="Marketing" />
            <Title LCID="1060" Text="Trženje" />
            <Title LCID="10266" Text="Маркетинг" />
            <Title LCID="9242" Text="Marketing" />
            <Title LCID="1053" Text="Marknadsföring" />
            <Title LCID="1054" Text="การตลาด" />
            <Title LCID="1055" Text="Pazarlama" />
            <Title LCID="1058" Text="Маркетинг" />
            <Title LCID="1066" Text="Tiếp thị" />
            <Title LCID="2052" Text="市场营销​​" />
            <Title LCID="3076" Text="行銷" />
            <Title LCID="1028" Text="行銷" />
          </Titles>
        </NavBarArea>
        <NavBarArea Id="ProcessCenter">
          <Titles>
            <Title LCID="1033" Text="Processes" />
            <Title LCID="1025" Text="العمليات" />
            <Title LCID="1026" Text="Процеси" />
            <Title LCID="1027" Text="Processos" />
            <Title LCID="1029" Text="Procesy" />
            <Title LCID="1030" Text="Processer" />
            <Title LCID="1031" Text="Prozesse" />
            <Title LCID="1032" Text="Διεργασίες" />
            <Title LCID="3082" Text="Procesos" />
            <Title LCID="1061" Text="Protsessid" />
            <Title LCID="1069" Text="Prozesuak" />
            <Title LCID="1035" Text="Prosessit" />
            <Title LCID="1036" Text="Processus" />
            <Title LCID="1110" Text="Procesos" />
            <Title LCID="1037" Text="תהליכים" />
            <Title LCID="1081" Text="प्रक्रियाएँ" />
            <Title LCID="1050" Text="Procesi" />
            <Title LCID="1038" Text="Folyamatok" />
            <Title LCID="1057" Text="Proses" />
            <Title LCID="1040" Text="Processi" />
            <Title LCID="1041" Text="プロセス" />
            <Title LCID="1087" Text="Процестер" />
            <Title LCID="1042" Text="프로세스" />
            <Title LCID="1063" Text="Procesai" />
            <Title LCID="1062" Text="Procesi" />
            <Title LCID="1086" Text="Proses" />
            <Title LCID="1044" Text="Prosesser" />
            <Title LCID="1043" Text="Processen" />
            <Title LCID="1045" Text="Procesy" />
            <Title LCID="1046" Text="Processos" />
            <Title LCID="2070" Text="Processos" />
            <Title LCID="1048" Text="Procese" />
            <Title LCID="1049" Text="Процессы" />
            <Title LCID="1051" Text="Procesy" />
            <Title LCID="1060" Text="Procesi" />
            <Title LCID="10266" Text="Процеси" />
            <Title LCID="9242" Text="Procesi" />
            <Title LCID="1053" Text="Processer" />
            <Title LCID="1054" Text="กระบวนการ" />
            <Title LCID="1055" Text="İşlemler" />
            <Title LCID="1058" Text="Процеси" />
            <Title LCID="1066" Text="Quy trình" />
            <Title LCID="2052" Text="流程" />
            <Title LCID="3076" Text="程序" />
            <Title LCID="1028" Text="程序" />
          </Titles>
        </NavBarArea>
      </NavBarAreas>
    </Navigation>
    <controlDescriptions>
      <controlDescription forControl="{3ff9a528-dd50-4aca-8f10-2e5ed73513ad}">
        <customControl formFactor="2" name="MscrmControls.CardFeedContainer.CardFeedContainer">
          <parameters>
            <data-set name="SubGrid">
              <ViewId>{92AFD454-0F2E-4397-A1C8-05E37C6AD699}</ViewId>
              <IsUserView>false</IsUserView>
              <TargetEntityType>actioncard</TargetEntityType>
              <FilteredViewIds>{92AFD454-0F2E-4397-A1C8-05E37C6AfD699}</FilteredViewIds>
              <EnableViewPicker>false</EnableViewPicker>
            </data-set>
            <EntityTypeCode static="true" type="Decimal">3</EntityTypeCode>
            <Location static="true" type="Decimal">1</Location>
            <msinternal.isvisibleinmocaonly static="true">true</msinternal.isvisibleinmocaonly>
          </parameters>
        </customControl>
        <customControl formFactor="0" name="MscrmControls.CardFeedContainer.CardFeedContainer">
          <parameters>
            <data-set name="SubGrid">
              <ViewId>{92AFD454-0F2E-4397-A1C8-05E37C6AD699}</ViewId>
              <IsUserView>false</IsUserView>
              <TargetEntityType>actioncard</TargetEntityType>
              <FilteredViewIds>{92AFD454-0F2E-4397-A1C8-05E37C6AfD699}</FilteredViewIds>
              <EnableViewPicker>false</EnableViewPicker>
            </data-set>
            <EntityTypeCode static="true" type="Decimal">3</EntityTypeCode>
            <Location static="true" type="Decimal">1</Location>
            <msinternal.isvisibleinmocaonly static="true">true</msinternal.isvisibleinmocaonly>
          </parameters>
        </customControl>
        <customControl formFactor="1" name="MscrmControls.CardFeedContainer.CardFeedContainer">
          <parameters>
            <data-set name="SubGrid">
              <ViewId>{92AFD454-0F2E-4397-A1C8-05E37C6AD699}</ViewId>
              <IsUserView>false</IsUserView>
              <TargetEntityType>actioncard</TargetEntityType>
              <FilteredViewIds>{92AFD454-0F2E-4397-A1C8-05E37C6AfD699}</FilteredViewIds>
              <EnableViewPicker>false</EnableViewPicker>
            </data-set>
            <EntityTypeCode static="true" type="Decimal">3</EntityTypeCode>
            <Location static="true" type="Decimal">1</Location>
            <msinternal.isvisibleinmocaonly static="true">true</msinternal.isvisibleinmocaonly>
          </parameters>
        </customControl>
      </controlDescription>
    </controlDescriptions>
    <DisplayConditions FallbackForm="true" Order="3">
      <Everyone />
    </DisplayConditions>
    <clientresources>
      <internalresources>
        <clientincludes>
          <internaljscriptfile src="$webresource:Sales/Opportunity/Opportunity_main_system_library.js" />
        </clientincludes>
      </internalresources>
    </clientresources>
    <formLibraries>
      <Library name="Sales/Opportunity/Opportunity_main_system_library.js" libraryUniqueId="{2cbe0022-0929-11e7-93ae-92361f002671}" />
    </formLibraries>
  </form>
  <LocalizedNames>
    <LocalizedName description="AI for Sales" languagecode="1033" />
  </LocalizedNames>
  <Descriptions>
    <Description description="Updated default Opportunity form" languagecode="1033" />
  </Descriptions>
</systemform>