﻿<?xml version="1.0" encoding="utf-8"?>
<systemform>
  <formid>{b5ebafd9-a89a-44e9-a579-872e9e89451c}</formid>
  <IntroducedVersion>1.0.0.0</IntroducedVersion>
  <FormPresentation>1</FormPresentation>
  <FormActivationState>1</FormActivationState>
  <form shownavigationbar="true" showImage="false" maxWidth="1920">
    <ancestor id="{a837e4a7-01b8-4f82-a475-be9abd67e667}" />
    <hiddencontrols>
      <data id="pricelevelid" datafieldname="pricelevelid" classid="{5546E6CD-394C-4bee-94A8-4425E17EF6C6}" />
      <data id="statecode" datafieldname="statecode" classid="{5546E6CD-394C-4bee-94A8-4425E17EF6C6}" />
    </hiddencontrols>
    <tabs>
      <tab name="Summary" verticallayout="true" id="{b6a005fd-5964-4427-b39b-6750e1a5fa6f}" IsUserDefined="0" expanded="true" locklevel="0" showlabel="true" labelid="{eb6106b0-7d2c-41b3-a4fc-00914b932ffb}" visible="false">
        <labels>
          <label description="Summary" languagecode="1033" />
        </labels>
        <columns>
          <column width="100%">
            <sections>
              <section name="opportunity_information" showlabel="false" showbar="false" id="{5d1cf874-b807-4158-b230-1a13c1db73ad}" columns="1" IsUserDefined="0" labelid="{3b16079f-ad7b-475e-a54b-c970be5d4a82}">
                <labels>
                  <label description="Opportunity Information" languagecode="1033" />
                </labels>
                <rows>
                  <row>
                    <cell colspan="1" id="{439e0732-3f3a-409d-98ba-83d3251cb64b}" labelid="{0285976b-91ba-4334-a833-50f25e473dc7}">
                      <labels>
                        <label description="Topic" languagecode="1033" />
                      </labels>
                      <control id="name" classid="{4273EDBD-AC1D-40d3-9FB2-095C621B552D}" datafieldname="name" />
                    </cell>
                  </row>
                  <row>
                    <cell id="{4c69d917-e84e-4c9d-ba14-f7bb5bc0a51f}" labelid="{a7429367-41ee-45d0-8476-72ea715bfb06}">
                      <labels>
                        <label description="Currency" languagecode="1033" />
                      </labels>
                      <control id="transactioncurrencyid" classid="{270BD3DB-D9AF-4782-9025-509E298DEC0A}" datafieldname="transactioncurrencyid" />
                    </cell>
                  </row>
                  <row>
                    <cell id="{0B8DF861-AE32-4C79-9C4E-2ECAA9F74712}" labelid="{5c6ca116-181d-4e0d-b38f-e9cad9c529e3}">
                      <labels>
                        <label description="Revenue" languagecode="1033" />
                      </labels>
                      <control id="isrevenuesystemcalculated" classid="{67FAC785-CD58-4f9f-ABB3-4B7DDC6ED5ED}" datafieldname="isrevenuesystemcalculated" uniqueid="{bb1a832c-b3ee-634a-842e-7948b8d2bc7d}" />
                    </cell>
                  </row>
                </rows>
              </section>
            </sections>
          </column>
        </columns>
      </tab>
      <tab name="documentsTab" id="{b9e27229-d48a-355e-879c-d07749cddcd8}" IsUserDefined="0" locklevel="0" showlabel="true" expanded="true" labelid="{2b33adf6-898b-456a-9c5e-e84ed683644a}">
        <labels>
          <label description="Documents" languagecode="1033" />
        </labels>
        <columns>
          <column width="100%">
            <sections>
              <section name="documentsSection" showlabel="false" showbar="false" locklevel="0" id="{2206c737-cbda-4b2d-e5a0-1717c77b3eee}" IsUserDefined="0" layout="varwidth" columns="1" labelwidth="115" celllabelalignment="Left" celllabelposition="Left" labelid="{e61c746a-42c6-4ae3-a2a0-30c876af82d9}" height="auto">
                <labels>
                  <label description="Section" languagecode="1033" />
                </labels>
                <rows>
                  <row>
                    <cell id="{9859b126-ee49-9109-9364-5128c3a210a6}" showlabel="false" colspan="1" auto="false" rowspan="6" labelid="{f2ae35d7-d68f-44e9-a5a7-65e451fbe2ff}">
                      <labels>
                        <label description="Documents (Opportunity)" languagecode="1033" />
                      </labels>
                      <control id="DocumentsSubGrid" classid="{E7A81278-8635-4d9e-8D4D-59480B391C5B}" indicationOfSubgrid="true">
                        <parameters>
                          <ViewId>{E61C1C81-5B55-415D-B798-AC1B98D21F0F}</ViewId>
                          <IsUserView>false</IsUserView>
                          <RelationshipName>rbs_opportunity_rbs_document_Opportunity</RelationshipName>
                          <TargetEntityType>rbs_document</TargetEntityType>
                          <AutoExpand>Fixed</AutoExpand>
                          <EnableQuickFind>false</EnableQuickFind>
                          <EnableViewPicker>false</EnableViewPicker>
                          <ViewIds>{E61C1C81-5B55-415D-B798-AC1B98D21F0F}</ViewIds>
                          <EnableJumpBar>false</EnableJumpBar>
                          <ChartGridMode>All</ChartGridMode>
                          <VisualizationId />
                          <IsUserChart>false</IsUserChart>
                          <EnableChartPicker>true</EnableChartPicker>
                          <RecordsPerPage>4</RecordsPerPage>
                          <HeaderColorCode>#F3F3F3</HeaderColorCode>
                        </parameters>
                      </control>
                    </cell>
                  </row>
                  <row />
                  <row />
                  <row />
                  <row />
                  <row />
                  <row>
                    <cell id="{dedc66d0-a4db-1ed5-8d61-574da9edc5c7}" showlabel="false" colspan="1" auto="true" rowspan="30">
                      <labels>
                        <label description="DocumentUpload" languagecode="1033" />
                      </labels>
                      <control id="IFRAME_DocumentUpload" classid="{FD2A7985-3187-444e-908D-6624B21F69C0}">
                        <parameters>
                          <Url>https://devecpvm003845/EcmIntegration/Ecm/Upload/</Url>
                          <PassParameters>true</PassParameters>
                          <Security>false</Security>
                          <Scrolling>auto</Scrolling>
                          <Border>true</Border>
                          <ShowOnMobileClient>false</ShowOnMobileClient>
                        </parameters>
                      </control>
                      <events>
                        <event name="onload" application="false">
                          <dependencies />
                        </event>
                      </events>
                    </cell>
                  </row>
                  <row />
                  <row />
                  <row />
                  <row />
                  <row />
                  <row />
                  <row />
                  <row />
                  <row />
                  <row />
                  <row />
                  <row />
                  <row />
                  <row />
                  <row />
                  <row />
                  <row />
                  <row />
                  <row />
                  <row />
                  <row />
                  <row />
                  <row />
                  <row />
                  <row />
                  <row />
                  <row />
                  <row />
                  <row height="auto" />
                </rows>
              </section>
            </sections>
          </column>
        </columns>
      </tab>
    </tabs>
    <header id="{ee909091-5a89-403e-bf82-f34512080f08}" celllabelposition="Top" columns="1111" labelwidth="115">
      <rows>
        <row>
          <cell id="{e8813fe3-3ad9-4afd-94c2-52e8d1627a59}" labelid="{48ee829e-a50f-46c8-af94-9db0fb448138}">
            <labels>
              <label description="Est. Close Date" languagecode="1033" />
            </labels>
            <control id="header_estimatedclosedate" classid="{5B773807-9FB2-42db-97C3-7A91EFF8ADFF}" datafieldname="estimatedclosedate" />
          </cell>
          <cell id="{4343680f-7e56-4968-90fe-814e52f6e2a7}" labelid="{3ca9bfce-c5c4-468b-83ab-1545cf49c2be}">
            <labels>
              <label description="Est. Revenue" languagecode="1033" />
            </labels>
            <control id="header_estimatedvalue" classid="{533B9E00-756B-4312-95A0-DC888637AC78}" datafieldname="estimatedvalue" />
          </cell>
          <cell id="{cb71ebc2-bee9-740e-2b29-09278aaad258}" showlabel="true" locklevel="0" labelid="{5b530530-05d3-4a85-b5c7-6eec866de645}">
            <labels>
              <label description="Status" languagecode="1033" />
            </labels>
            <control id="header_statuscode" classid="{5D68B988-0661-4db2-BC3E-17598AD3BE6C}" datafieldname="statuscode" disabled="false" />
          </cell>
          <cell id="{d9002ebe-3d57-445d-8fb7-459cfb40f437}" labelid="{4b54db6a-2022-485c-96ef-4603bd941883}">
            <labels>
              <label description="Owner" languagecode="1033" />
            </labels>
            <control id="header_ownerid" classid="{270BD3DB-D9AF-4782-9025-509E298DEC0A}" datafieldname="ownerid" disabled="false" />
          </cell>
        </row>
      </rows>
    </header>
    <events>
      <event name="onload" application="true" active="true">
        <InternalHandlers>
          <Handler functionName="Mscrm.Form_onload" libraryName="Sales/Opportunity/Opportunity_main_system_library.js" handlerUniqueId="228e5887-18c6-4d90-8d6e-bae09af2d977" enabled="true">
            <dependencies>
              <dependency id="estimatedvalue" />
              <dependency id="isrevenuesystemcalculated" />
            </dependencies>
          </Handler>
        </InternalHandlers>
      </event>
      <event name="onchange" attribute="isrevenuesystemcalculated" application="true" active="true">
        <InternalHandlers>
          <Handler functionName="Mscrm.isrevenuesystemcalculated_onchange" libraryName="Sales/Opportunity/Opportunity_main_system_library.js" handlerUniqueId="3b6c5880-6469-48bc-9642-f5350374785b" enabled="true">
            <dependencies>
              <dependency id="estimatedvalue" />
              <dependency id="totalamount" />
            </dependencies>
          </Handler>
        </InternalHandlers>
      </event>
      <event name="onchange" application="true" active="true" attribute="transactioncurrencyid">
        <InternalHandlers>
          <Handler functionName="Mscrm.transactioncurrencyid_onchange" libraryName="Sales/Opportunity/Opportunity_main_system_library.js" handlerUniqueId="151544F6-720A-4606-820D-60E0DB0D2606" enabled="true">
            <dependencies>
              <dependency id="pricelevelid" />
            </dependencies>
          </Handler>
        </InternalHandlers>
      </event>
      <event name="onrecordselect" application="false" active="false" relationship="" control="opportunityproductsGrid">
        <Handlers>
          <Handler functionName="Mscrm.onRecordSelect" libraryName="Sales/Opportunity/Opportunity_main_system_library.js" handlerUniqueId="{77823148-e9b0-4027-5315-ba3dabe77bba}" enabled="true" parameters="" passExecutionContext="true" />
        </Handlers>
      </event>
    </events>
    <Navigation>
      <NavBar>
        <NavBarByRelationshipItem RelationshipName="Opportunity_ActivityPointers" Id="navActivities" Icon="/_imgs/ico_18_act.gif" Sequence="20" Area="Info">
          <Titles>
            <Title LCID="1033" Text="Activities" />
            <Title LCID="1025" Text="أنشطة" />
            <Title LCID="1026" Text="Дейности" />
            <Title LCID="1027" Text="Activitats" />
            <Title LCID="1029" Text="Aktivity" />
            <Title LCID="1030" Text="Aktiviteter" />
            <Title LCID="1031" Text="Aktivitäten" />
            <Title LCID="1032" Text="Δραστηριότητες" />
            <Title LCID="3082" Text="Actividades" />
            <Title LCID="1061" Text="Tegevused" />
            <Title LCID="1069" Text="Jarduerak" />
            <Title LCID="1035" Text="Aktiviteetit" />
            <Title LCID="1036" Text="Activités" />
            <Title LCID="1110" Text="Actividades" />
            <Title LCID="1037" Text="פעילויות" />
            <Title LCID="1081" Text="गतिविधियाँ" />
            <Title LCID="1050" Text="Aktivnosti" />
            <Title LCID="1038" Text="Tevékenységek" />
            <Title LCID="1057" Text="Aktivitas" />
            <Title LCID="1040" Text="Impegni" />
            <Title LCID="1041" Text="活動" />
            <Title LCID="1087" Text="Әрекеттер" />
            <Title LCID="1042" Text="활동" />
            <Title LCID="1063" Text="Veikla" />
            <Title LCID="1062" Text="Darbības" />
            <Title LCID="1086" Text="Aktiviti" />
            <Title LCID="1044" Text="Aktiviteter" />
            <Title LCID="1043" Text="Activiteiten" />
            <Title LCID="1045" Text="Działania" />
            <Title LCID="1046" Text="Atividades" />
            <Title LCID="2070" Text="Atividades" />
            <Title LCID="1048" Text="Activități" />
            <Title LCID="1049" Text="Действия" />
            <Title LCID="1051" Text="Aktivity" />
            <Title LCID="1060" Text="Dejavnosti" />
            <Title LCID="10266" Text="Активности" />
            <Title LCID="9242" Text="Aktivnosti" />
            <Title LCID="1053" Text="Aktiviteter" />
            <Title LCID="1054" Text="กิจกรรม" />
            <Title LCID="1055" Text="Etkinlikler" />
            <Title LCID="1058" Text="Справи" />
            <Title LCID="1066" Text="Hoạt động" />
            <Title LCID="2052" Text="活动" />
            <Title LCID="3076" Text="活動" />
            <Title LCID="1028" Text="活動" />
          </Titles>
        </NavBarByRelationshipItem>
        <NavBarByRelationshipItem RelationshipName="opportunity_sales_orders" Sequence="20" Area="Sales" Id="navOrders" Show="false">
          <Titles>
            <Title LCID="1033" Text="Orders" />
            <Title LCID="1025" Text="الأوامر" />
            <Title LCID="1026" Text="Поръчки" />
            <Title LCID="1027" Text="Comandes" />
            <Title LCID="1029" Text="Objednávky" />
            <Title LCID="1030" Text="Ordrer" />
            <Title LCID="1031" Text="Aufträge" />
            <Title LCID="1032" Text="Παραγγελίες" />
            <Title LCID="3082" Text="Pedidos" />
            <Title LCID="1061" Text="Tellimused" />
            <Title LCID="1069" Text="Eskaerak" />
            <Title LCID="1035" Text="Tilaukset" />
            <Title LCID="1036" Text="Commandes" />
            <Title LCID="1110" Text="Pedidos" />
            <Title LCID="1037" Text="הזמנות" />
            <Title LCID="1081" Text="ऑर्डर्स" />
            <Title LCID="1050" Text="Narudžbe" />
            <Title LCID="1038" Text="Megrendelések" />
            <Title LCID="1057" Text="Pesanan" />
            <Title LCID="1040" Text="Ordini" />
            <Title LCID="1041" Text="受注" />
            <Title LCID="1087" Text="Тапсырыстар" />
            <Title LCID="1042" Text="주문" />
            <Title LCID="1063" Text="Užsakymai" />
            <Title LCID="1062" Text="Pasūtījumi" />
            <Title LCID="1086" Text="Pesanan" />
            <Title LCID="1044" Text="Ordrer" />
            <Title LCID="1043" Text="Orders" />
            <Title LCID="1045" Text="Zamówienia" />
            <Title LCID="1046" Text="Ordens" />
            <Title LCID="2070" Text="Encomendas" />
            <Title LCID="1048" Text="Comenzi" />
            <Title LCID="1049" Text="Заказы" />
            <Title LCID="1051" Text="Objednávky" />
            <Title LCID="1060" Text="Naročila" />
            <Title LCID="10266" Text="Поруџбине" />
            <Title LCID="9242" Text="Porudžbine" />
            <Title LCID="1053" Text="Order" />
            <Title LCID="1054" Text="ใบสั่ง" />
            <Title LCID="1055" Text="Siparişler" />
            <Title LCID="1058" Text="Замовлення" />
            <Title LCID="1066" Text="Đơn hàng" />
            <Title LCID="2052" Text="订单" />
            <Title LCID="3076" Text="訂單" />
            <Title LCID="1028" Text="訂單" />
          </Titles>
        </NavBarByRelationshipItem>
        <NavBarByRelationshipItem RelationshipName="opportunity_customer_opportunity_roles" Id="navRelationship" TitleResourceId="Tab_Label_Relationship" Area="Info" Show="false" Sequence="22">
          <Privileges>
            <Privilege Entity="" Privilege="ReadCustomerOpportunityRole" />
          </Privileges>
          <Titles>
            <Title LCID="1033" Text="Relationships" />
            <Title LCID="1025" Text="العلاقات" />
            <Title LCID="1026" Text="Взаимоотношения" />
            <Title LCID="1027" Text="Relacions" />
            <Title LCID="1029" Text="Vztahy" />
            <Title LCID="1030" Text="Relationer" />
            <Title LCID="1031" Text="Beziehungen" />
            <Title LCID="1032" Text="Σχέσεις" />
            <Title LCID="3082" Text="Relaciones" />
            <Title LCID="1061" Text="Seosed" />
            <Title LCID="1069" Text="Erlazioak" />
            <Title LCID="1035" Text="Suhteet" />
            <Title LCID="1036" Text="Relations" />
            <Title LCID="1110" Text="Relacións" />
            <Title LCID="1037" Text="קשרים" />
            <Title LCID="1081" Text="संबंध" />
            <Title LCID="1050" Text="Odnosi" />
            <Title LCID="1038" Text="Kapcsolatok" />
            <Title LCID="1057" Text="Relasi" />
            <Title LCID="1040" Text="Relazioni" />
            <Title LCID="1041" Text="リレーションシップ" />
            <Title LCID="1087" Text="Қатынастар" />
            <Title LCID="1042" Text="관계" />
            <Title LCID="1063" Text="Ryšiai" />
            <Title LCID="1062" Text="Relācijas" />
            <Title LCID="1086" Text="Perhubungan" />
            <Title LCID="1044" Text="Relasjoner" />
            <Title LCID="1043" Text="Relaties" />
            <Title LCID="1045" Text="Relacje" />
            <Title LCID="1046" Text="Relacionamentos" />
            <Title LCID="2070" Text="Relações" />
            <Title LCID="1048" Text="Relații" />
            <Title LCID="1049" Text="Отношения" />
            <Title LCID="1051" Text="Vzťahy" />
            <Title LCID="1060" Text="Odnosi" />
            <Title LCID="10266" Text="Односи" />
            <Title LCID="9242" Text="Odnosi" />
            <Title LCID="1053" Text="Relationer" />
            <Title LCID="1054" Text="ความสัมพันธ์" />
            <Title LCID="1055" Text="İlişkiler" />
            <Title LCID="1058" Text="Зв’язки" />
            <Title LCID="1066" Text="Mối quan hệ" />
            <Title LCID="2052" Text="关系" />
            <Title LCID="3076" Text="關聯" />
            <Title LCID="1028" Text="關聯" />
          </Titles>
        </NavBarByRelationshipItem>
        <NavBarByRelationshipItem RelationshipName="opportunity_invoices" Sequence="30" Area="Sales" Id="navInvoices" Show="false">
          <Titles>
            <Title LCID="1033" Text="Invoices" />
            <Title LCID="1025" Text="الفواتير" />
            <Title LCID="1026" Text="Фактури" />
            <Title LCID="1027" Text="Factures" />
            <Title LCID="1029" Text="Faktury" />
            <Title LCID="1030" Text="Fakturaer" />
            <Title LCID="1031" Text="Rechnungen" />
            <Title LCID="1032" Text="Τιμολόγια" />
            <Title LCID="3082" Text="Facturas" />
            <Title LCID="1061" Text="Arved" />
            <Title LCID="1069" Text="Fakturak" />
            <Title LCID="1035" Text="Laskut" />
            <Title LCID="1036" Text="Factures" />
            <Title LCID="1110" Text="Facturas" />
            <Title LCID="1037" Text="חשבוניות" />
            <Title LCID="1081" Text="इनवॉइस" />
            <Title LCID="1050" Text="Fakture" />
            <Title LCID="1038" Text="Számlák" />
            <Title LCID="1057" Text="Faktur" />
            <Title LCID="1040" Text="Fatture" />
            <Title LCID="1041" Text="請求書" />
            <Title LCID="1087" Text="Есеп-шоттар" />
            <Title LCID="1042" Text="송장" />
            <Title LCID="1063" Text="Sąskaitos faktūros" />
            <Title LCID="1062" Text="Rēķini" />
            <Title LCID="1086" Text="Invois" />
            <Title LCID="1044" Text="Fakturaer" />
            <Title LCID="1043" Text="Facturen" />
            <Title LCID="1045" Text="Faktury" />
            <Title LCID="1046" Text="Faturas" />
            <Title LCID="2070" Text="Faturas" />
            <Title LCID="1048" Text="Facturi" />
            <Title LCID="1049" Text="Счета" />
            <Title LCID="1051" Text="Faktúry" />
            <Title LCID="1060" Text="Računi" />
            <Title LCID="10266" Text="Фактуре" />
            <Title LCID="9242" Text="Fakture" />
            <Title LCID="1053" Text="Fakturor" />
            <Title LCID="1054" Text="ใบแจ้งหนี้" />
            <Title LCID="1055" Text="Faturalar" />
            <Title LCID="1058" Text="Рахунки" />
            <Title LCID="1066" Text="Hóa đơn" />
            <Title LCID="2052" Text="发票" />
            <Title LCID="3076" Text="發票" />
            <Title LCID="1028" Text="發票" />
          </Titles>
        </NavBarByRelationshipItem>
        <NavBarByRelationshipItem RelationshipName="opportunitycompetitors_association" Sequence="40" Area="Sales" Id="navComp" Show="false">
          <Titles>
            <Title LCID="1033" Text="Competitors" />
            <Title LCID="1025" Text="المنافسون" />
            <Title LCID="1026" Text="Конкуренти" />
            <Title LCID="1027" Text="Competidors" />
            <Title LCID="1029" Text="Konkurence" />
            <Title LCID="1030" Text="Konkurrenter" />
            <Title LCID="1031" Text="Mitbewerber" />
            <Title LCID="1032" Text="Ανταγωνιστές" />
            <Title LCID="3082" Text="Competidores" />
            <Title LCID="1061" Text="Konkurendid" />
            <Title LCID="1069" Text="Lehiakideak" />
            <Title LCID="1035" Text="Kilpailijat" />
            <Title LCID="1036" Text="Concurrents" />
            <Title LCID="1110" Text="Competidores" />
            <Title LCID="1037" Text="מתחרים" />
            <Title LCID="1081" Text="प्रतिस्पर्धी" />
            <Title LCID="1050" Text="Konkurenti" />
            <Title LCID="1038" Text="Versenytársak" />
            <Title LCID="1057" Text="Pesaing" />
            <Title LCID="1040" Text="Concorrenti" />
            <Title LCID="1041" Text="競合企業" />
            <Title LCID="1087" Text="Бәсекелестер" />
            <Title LCID="1042" Text="경쟁 업체" />
            <Title LCID="1063" Text="Konkurentai" />
            <Title LCID="1062" Text="Konkurenti" />
            <Title LCID="1086" Text="Pesaing" />
            <Title LCID="1044" Text="Konkurrenter" />
            <Title LCID="1043" Text="Concurrenten" />
            <Title LCID="1045" Text="Konkurenci" />
            <Title LCID="1046" Text="Concorrentes" />
            <Title LCID="2070" Text="Concorrentes" />
            <Title LCID="1048" Text="Concurenți" />
            <Title LCID="1049" Text="Конкуренты" />
            <Title LCID="1051" Text="Konkurenti" />
            <Title LCID="1060" Text="Konkurenčna podjetja" />
            <Title LCID="10266" Text="Конкуренти" />
            <Title LCID="9242" Text="Konkurenti" />
            <Title LCID="1053" Text="Konkurrenter" />
            <Title LCID="1054" Text="คู่แข่ง" />
            <Title LCID="1055" Text="Rakipler" />
            <Title LCID="1058" Text="Конкуренти" />
            <Title LCID="1066" Text="Đối thủ cạnh tranh" />
            <Title LCID="2052" Text="竞争对手" />
            <Title LCID="3076" Text="競爭對手" />
            <Title LCID="1028" Text="競爭對手" />
          </Titles>
        </NavBarByRelationshipItem>
        <NavBarByRelationshipItem RelationshipName="hardcoded_{B7196B13-6B9D-42CD-BD58-B19A3953126F}navDocument" Sequence="9000" Area="Info" Id="navDocument">
          <Titles>
            <Title LCID="1033" Text="Documents" />
            <Title LCID="1025" Text="المستندات" />
            <Title LCID="1026" Text="Документи" />
            <Title LCID="1027" Text="Documents" />
            <Title LCID="1029" Text="Dokumenty" />
            <Title LCID="1030" Text="Dokumenter" />
            <Title LCID="1031" Text="Dokumente" />
            <Title LCID="1032" Text="Έγγραφα" />
            <Title LCID="3082" Text="Documentos" />
            <Title LCID="1061" Text="Dokumendid" />
            <Title LCID="1069" Text="Dokumentuak" />
            <Title LCID="1035" Text="Tiedostot" />
            <Title LCID="1036" Text="Documents" />
            <Title LCID="1110" Text="Documentos" />
            <Title LCID="1037" Text="מסמכים" />
            <Title LCID="1081" Text="दस्तावेज़" />
            <Title LCID="1050" Text="Dokumenti" />
            <Title LCID="1038" Text="Dokumentumok" />
            <Title LCID="1057" Text="Dokumen" />
            <Title LCID="1040" Text="Documenti" />
            <Title LCID="1041" Text="ドキュメント" />
            <Title LCID="1087" Text="Құжаттар" />
            <Title LCID="1042" Text="문서" />
            <Title LCID="1063" Text="Dokumentai" />
            <Title LCID="1062" Text="Dokumenti" />
            <Title LCID="1086" Text="Dokumen" />
            <Title LCID="1044" Text="Dokumenter" />
            <Title LCID="1043" Text="Documenten" />
            <Title LCID="1045" Text="Dokumenty" />
            <Title LCID="1046" Text="Documentos" />
            <Title LCID="2070" Text="Documentos" />
            <Title LCID="1048" Text="Documente" />
            <Title LCID="1049" Text="Документы" />
            <Title LCID="1051" Text="Dokumenty" />
            <Title LCID="1060" Text="Dokumenti" />
            <Title LCID="10266" Text="Документи" />
            <Title LCID="9242" Text="Dokumenti" />
            <Title LCID="1053" Text="Dokument" />
            <Title LCID="1054" Text="เอกสาร" />
            <Title LCID="1055" Text="Belgeler" />
            <Title LCID="1058" Text="Документи" />
            <Title LCID="1066" Text="Tài liệu" />
            <Title LCID="2052" Text="文档" />
            <Title LCID="3076" Text="文件" />
            <Title LCID="1028" Text="文件" />
          </Titles>
        </NavBarByRelationshipItem>
        <NavBarByRelationshipItem RelationshipName="hardcoded_{B7196B13-6B9D-42CD-BD58-B19A3953126F}navAsyncOperations" Sequence="9500" Area="ProcessCenter" Id="navAsyncOperations" Show="false">
          <Titles>
            <Title LCID="1033" Text="Workflows" />
            <Title LCID="1025" Text="عمليات سير العمل" />
            <Title LCID="1026" Text="Работни потоци" />
            <Title LCID="1027" Text="Fluxos de treball" />
            <Title LCID="1029" Text="Pracovní postupy" />
            <Title LCID="1030" Text="Arbejdsprocesser" />
            <Title LCID="1031" Text="Workflows" />
            <Title LCID="1032" Text="Ροές εργασιών" />
            <Title LCID="3082" Text="Flujos de trabajo" />
            <Title LCID="1061" Text="Töövood" />
            <Title LCID="1069" Text="Lan-fluxuak" />
            <Title LCID="1035" Text="Työnkulut" />
            <Title LCID="1036" Text="Workflows" />
            <Title LCID="1110" Text="Fluxos de traballo" />
            <Title LCID="1037" Text="זרימות עבודה" />
            <Title LCID="1081" Text="कार्य प्रवाह" />
            <Title LCID="1050" Text="Tjekovi rada" />
            <Title LCID="1038" Text="Munkafolyamatok" />
            <Title LCID="1057" Text="Alur Kerja" />
            <Title LCID="1040" Text="Flussi di lavoro" />
            <Title LCID="1041" Text="ワークフロー" />
            <Title LCID="1087" Text="Жұмыс ағындары" />
            <Title LCID="1042" Text="워크플로" />
            <Title LCID="1063" Text="Darbo eigos" />
            <Title LCID="1062" Text="Darbplūsmas" />
            <Title LCID="1086" Text="Aliran Kerja" />
            <Title LCID="1044" Text="Arbeidsflyter" />
            <Title LCID="1043" Text="Werkstromen" />
            <Title LCID="1045" Text="Przepływy pracy" />
            <Title LCID="1046" Text="Fluxos de Trabalho" />
            <Title LCID="2070" Text="Fluxos de Trabalho" />
            <Title LCID="1048" Text="Fluxuri de lucru" />
            <Title LCID="1049" Text="Бизнес-процессы" />
            <Title LCID="1051" Text="Pracovné postupy" />
            <Title LCID="1060" Text="Poteki dela" />
            <Title LCID="10266" Text="Токови посла" />
            <Title LCID="9242" Text="Tokovi posla" />
            <Title LCID="1053" Text="Arbetsflöden" />
            <Title LCID="1054" Text="เวิร์กโฟลว์" />
            <Title LCID="1055" Text="İş Akışları" />
            <Title LCID="1058" Text="Робочі цикли" />
            <Title LCID="1066" Text="Quy trình làm việc" />
            <Title LCID="2052" Text="工作流" />
            <Title LCID="3076" Text="工作流程" />
            <Title LCID="1028" Text="工作流程" />
          </Titles>
        </NavBarByRelationshipItem>
        <NavBarByRelationshipItem RelationshipName="hardcoded_{B7196B13-6B9D-42CD-BD58-B19A3953126F}navConnections" Id="navConnections" Sequence="9600" Area="Info">
          <Titles>
            <Title LCID="1033" Text="Connections" />
            <Title LCID="1025" Text="الاتصالات" />
            <Title LCID="1026" Text="Връзки" />
            <Title LCID="1027" Text="Connexions" />
            <Title LCID="1029" Text="Propojení" />
            <Title LCID="1030" Text="Forbindelser" />
            <Title LCID="1031" Text="Verbindungen" />
            <Title LCID="1032" Text="Συνδέσεις" />
            <Title LCID="3082" Text="Conexiones" />
            <Title LCID="1061" Text="Ühendused" />
            <Title LCID="1069" Text="Konexioak" />
            <Title LCID="1035" Text="Yhteydet" />
            <Title LCID="1036" Text="Connexions" />
            <Title LCID="1110" Text="Conexións" />
            <Title LCID="1037" Text="חיבורים" />
            <Title LCID="1081" Text="कनेक्शन" />
            <Title LCID="1050" Text="Veze" />
            <Title LCID="1038" Text="Kapcsolatok" />
            <Title LCID="1057" Text="Sambungan" />
            <Title LCID="1040" Text="Connessioni" />
            <Title LCID="1041" Text="つながり" />
            <Title LCID="1087" Text="Қосылымдар" />
            <Title LCID="1042" Text="연결" />
            <Title LCID="1063" Text="Ryšiai" />
            <Title LCID="1062" Text="Savienojumi" />
            <Title LCID="1086" Text="Sambungan" />
            <Title LCID="1044" Text="Tilkoblinger" />
            <Title LCID="1043" Text="Verbindingen" />
            <Title LCID="1045" Text="Połączenia" />
            <Title LCID="1046" Text="Conexões" />
            <Title LCID="2070" Text="Ligações" />
            <Title LCID="1048" Text="Conexiuni" />
            <Title LCID="1049" Text="Подключения" />
            <Title LCID="1051" Text="Kontaktné osoby" />
            <Title LCID="1060" Text="Povezave" />
            <Title LCID="10266" Text="Везе" />
            <Title LCID="9242" Text="Veze" />
            <Title LCID="1053" Text="Anslutningar" />
            <Title LCID="1054" Text="การเชื่อมต่อ" />
            <Title LCID="1055" Text="Bağlantılar" />
            <Title LCID="1058" Text="Підключення" />
            <Title LCID="1066" Text="Kết nối" />
            <Title LCID="2052" Text="连接" />
            <Title LCID="3076" Text="人脈" />
            <Title LCID="1028" Text="人脈" />
          </Titles>
        </NavBarByRelationshipItem>
        <NavBarByRelationshipItem RelationshipName="hardcoded_{B7196B13-6B9D-42CD-BD58-B19A3953126F}navAudit" Area="Info" Id="navAudit" Sequence="9601">
          <Titles>
            <Title LCID="1033" Text="Audit History" />
            <Title LCID="1025" Text="محفوظات التدقيق" />
            <Title LCID="1026" Text="Хронология на одит" />
            <Title LCID="1027" Text="Historial de l'auditoria" />
            <Title LCID="1029" Text="Historie auditu" />
            <Title LCID="1030" Text="Oversigt over overvågning" />
            <Title LCID="1031" Text="Überwachungsverlauf" />
            <Title LCID="1032" Text="Ιστορικό ελέγχου" />
            <Title LCID="3082" Text="Historial de auditoría" />
            <Title LCID="1061" Text="Auditeerimisajalugu" />
            <Title LCID="1069" Text="Auditoretza-historia" />
            <Title LCID="1035" Text="Seurantahistoria" />
            <Title LCID="1036" Text="Historique d'audit" />
            <Title LCID="1110" Text="Historial de auditoría" />
            <Title LCID="1037" Text="היסטוריית ביקורת" />
            <Title LCID="1081" Text="ऑडिट इतिहास" />
            <Title LCID="1050" Text="Povijest nadzora" />
            <Title LCID="1038" Text="Auditnapló előzményei" />
            <Title LCID="1057" Text="Riwayat Audit" />
            <Title LCID="1040" Text="Cronologia controllo" />
            <Title LCID="1041" Text="監査履歴" />
            <Title LCID="1087" Text="Тексеру журналы" />
            <Title LCID="1042" Text="감사 기록" />
            <Title LCID="1063" Text="Tikrinimo retrospektyva" />
            <Title LCID="1062" Text="Audita vēsture" />
            <Title LCID="1086" Text="Sejarah Audit" />
            <Title LCID="1044" Text="Logg for sporing av endringer" />
            <Title LCID="1043" Text="Controlegeschiedenis" />
            <Title LCID="1045" Text="Historia inspekcji" />
            <Title LCID="1046" Text="Histórico de Auditoria" />
            <Title LCID="2070" Text="Histórico de Auditoria" />
            <Title LCID="1048" Text="Istoric auditare" />
            <Title LCID="1049" Text="Журнал аудита" />
            <Title LCID="1051" Text="História auditov" />
            <Title LCID="1060" Text="Zgodovina spremljanja sprememb" />
            <Title LCID="10266" Text="Историја надгледања" />
            <Title LCID="9242" Text="Istorija nadgledanja" />
            <Title LCID="1053" Text="Granskningshistorik" />
            <Title LCID="1054" Text="ประวัติการตรวจสอบ" />
            <Title LCID="1055" Text="Denetim Geçmişi" />
            <Title LCID="1058" Text="Журнал відстеження" />
            <Title LCID="1066" Text="Lịch sử Kiểm tra" />
            <Title LCID="2052" Text="审核历史记录" />
            <Title LCID="3076" Text="稽核歷程記錄" />
            <Title LCID="1028" Text="稽核歷程記錄" />
          </Titles>
        </NavBarByRelationshipItem>
        <NavBarByRelationshipItem RelationshipName="hardcoded_{B7196B13-6B9D-42CD-BD58-B19A3953126F}navProcessSessions" Sequence="9700" Area="ProcessCenter" Id="navProcessSessions" Show="false">
          <Titles>
            <Title LCID="1033" Text="Dialog Sessions" />
            <Title LCID="1025" Text="جلسات عمل الحوار" />
            <Title LCID="1026" Text="Диалогови сесии" />
            <Title LCID="1027" Text="Sessions del diàleg" />
            <Title LCID="1029" Text="Relace dialogů" />
            <Title LCID="1030" Text="Dialogsessioner" />
            <Title LCID="1031" Text="Dialogsitzungen" />
            <Title LCID="1032" Text="Περίοδοι λειτουργίας παραθύρου διαλόγου" />
            <Title LCID="3082" Text="Sesiones de diálogo" />
            <Title LCID="1061" Text="Dialoogiseansid" />
            <Title LCID="1069" Text="Elkarrizketa-saioak" />
            <Title LCID="1035" Text="Dialogi-istunnot" />
            <Title LCID="1036" Text="Sessions de dialogue" />
            <Title LCID="1110" Text="Sesións de diálogo" />
            <Title LCID="1037" Text="הפעלות דו-שיח" />
            <Title LCID="1081" Text="संवाद सत्र" />
            <Title LCID="1050" Text="Sesije dijaloga" />
            <Title LCID="1038" Text="Párbeszéd-munkamenetek" />
            <Title LCID="1057" Text="Sesi Dialog" />
            <Title LCID="1040" Text="Sessioni di interazione" />
            <Title LCID="1041" Text="ダイアログ セッション" />
            <Title LCID="1087" Text="Диалог сеанстары" />
            <Title LCID="1042" Text="대화 세션" />
            <Title LCID="1063" Text="Dialogo seansai" />
            <Title LCID="1062" Text="Dialogu sesijas" />
            <Title LCID="1086" Text="Sesi Dialog" />
            <Title LCID="1044" Text="Dialogøkter" />
            <Title LCID="1043" Text="Dialoogvenstersessies" />
            <Title LCID="1045" Text="Sesje dialogowe" />
            <Title LCID="1046" Text="Sessões de Diálogo" />
            <Title LCID="2070" Text="Sessões de Diálogo" />
            <Title LCID="1048" Text="Sesiuni de dialog" />
            <Title LCID="1049" Text="Сеансы диалогового окна" />
            <Title LCID="1051" Text="Relácie dialógového okna" />
            <Title LCID="1060" Text="Seje dialoga" />
            <Title LCID="10266" Text="Сесије дијалога" />
            <Title LCID="9242" Text="Sesije dijaloga" />
            <Title LCID="1053" Text="Dialogsessioner" />
            <Title LCID="1054" Text="เซสชันของกล่องโต้ตอบ" />
            <Title LCID="1055" Text="Diyalog Oturumları" />
            <Title LCID="1058" Text="Сеанси діалогу" />
            <Title LCID="1066" Text="Phiên hộp thoại" />
            <Title LCID="2052" Text="对话会话" />
            <Title LCID="3076" Text="對話方塊工作階段" />
            <Title LCID="1028" Text="對話方塊工作階段" />
          </Titles>
        </NavBarByRelationshipItem>
      </NavBar>
      <NavBarAreas>
        <NavBarArea Id="Info">
          <Titles>
            <Title LCID="1033" Text="Common" />
            <Title LCID="1025" Text="عام" />
            <Title LCID="1026" Text="Общо" />
            <Title LCID="1027" Text="Comú" />
            <Title LCID="1029" Text="Společné" />
            <Title LCID="1030" Text="Almindelig" />
            <Title LCID="1031" Text="Gemeinsam verwendet" />
            <Title LCID="1032" Text="Κοινό" />
            <Title LCID="3082" Text="Común" />
            <Title LCID="1061" Text="Ühised" />
            <Title LCID="1069" Text="Ohikoak" />
            <Title LCID="1035" Text="Yhteiset" />
            <Title LCID="1036" Text="Éléments communs" />
            <Title LCID="1110" Text="Común" />
            <Title LCID="1037" Text="פריטים נפוצים" />
            <Title LCID="1081" Text="सामान्य" />
            <Title LCID="1050" Text="Uobičajeno" />
            <Title LCID="1038" Text="Általános" />
            <Title LCID="1057" Text="Umum" />
            <Title LCID="1040" Text="Elementi comuni" />
            <Title LCID="1041" Text="共通" />
            <Title LCID="1087" Text="Жалпы" />
            <Title LCID="1042" Text="일반" />
            <Title LCID="1063" Text="Bendra" />
            <Title LCID="1062" Text="Kopējs" />
            <Title LCID="1086" Text="Umum" />
            <Title LCID="1044" Text="Felles" />
            <Title LCID="1043" Text="Algemeen" />
            <Title LCID="1045" Text="Wspólne" />
            <Title LCID="1046" Text="Comum" />
            <Title LCID="2070" Text="Comuns" />
            <Title LCID="1048" Text="Comun" />
            <Title LCID="1049" Text="Общее" />
            <Title LCID="1051" Text="Spoločné" />
            <Title LCID="1060" Text="Splošno" />
            <Title LCID="10266" Text="Уобичајено" />
            <Title LCID="9242" Text="Uobičajeno" />
            <Title LCID="1053" Text="Standard" />
            <Title LCID="1054" Text="ทั่วไป" />
            <Title LCID="1055" Text="Ortak" />
            <Title LCID="1058" Text="Спільне" />
            <Title LCID="1066" Text="Thông thường" />
            <Title LCID="2052" Text="通用" />
            <Title LCID="3076" Text="一般" />
            <Title LCID="1028" Text="一般" />
          </Titles>
        </NavBarArea>
        <NavBarArea Id="Sales">
          <Titles>
            <Title LCID="1033" Text="Sales" />
            <Title LCID="1025" Text="مبيعات" />
            <Title LCID="1026" Text="Продажби" />
            <Title LCID="1027" Text="Vendes" />
            <Title LCID="1029" Text="Prodej" />
            <Title LCID="1030" Text="Salg" />
            <Title LCID="1031" Text="Vertrieb" />
            <Title LCID="1032" Text="Πωλήσεις" />
            <Title LCID="3082" Text="Ventas" />
            <Title LCID="1061" Text="Müük" />
            <Title LCID="1069" Text="Salmentak" />
            <Title LCID="1035" Text="Myynti" />
            <Title LCID="1036" Text="Ventes" />
            <Title LCID="1110" Text="Vendas" />
            <Title LCID="1037" Text="מכירות" />
            <Title LCID="1081" Text="विक्रय" />
            <Title LCID="1050" Text="Prodaja" />
            <Title LCID="1038" Text="Értékesítés" />
            <Title LCID="1057" Text="Penjualan" />
            <Title LCID="1040" Text="Vendite" />
            <Title LCID="1041" Text="営業" />
            <Title LCID="1087" Text="Сатылым" />
            <Title LCID="1042" Text="영업" />
            <Title LCID="1063" Text="Pardavimas" />
            <Title LCID="1062" Text="Pārdošana" />
            <Title LCID="1086" Text="Jualan" />
            <Title LCID="1044" Text="Salg" />
            <Title LCID="1043" Text="Verkoop" />
            <Title LCID="1045" Text="Sprzedaż" />
            <Title LCID="1046" Text="Vendas" />
            <Title LCID="2070" Text="Vendas" />
            <Title LCID="1048" Text="Vânzări" />
            <Title LCID="1049" Text="Продажи" />
            <Title LCID="1051" Text="Predaj" />
            <Title LCID="1060" Text="Prodaja" />
            <Title LCID="10266" Text="Продаја" />
            <Title LCID="9242" Text="Prodaja" />
            <Title LCID="1053" Text="Försäljning" />
            <Title LCID="1054" Text="การขาย" />
            <Title LCID="1055" Text="Satış" />
            <Title LCID="1058" Text="Збут" />
            <Title LCID="1066" Text="Bán hàng" />
            <Title LCID="2052" Text="销售" />
            <Title LCID="3076" Text="銷售" />
            <Title LCID="1028" Text="銷售" />
          </Titles>
        </NavBarArea>
        <NavBarArea Id="Service">
          <Titles>
            <Title LCID="1033" Text="Service" />
            <Title LCID="1025" Text="الخدمة" />
            <Title LCID="1026" Text="Услуга" />
            <Title LCID="1027" Text="Servei" />
            <Title LCID="1029" Text="Služby" />
            <Title LCID="1030" Text="Service" />
            <Title LCID="1031" Text="Service" />
            <Title LCID="1032" Text="Υπηρεσία" />
            <Title LCID="3082" Text="Servicio" />
            <Title LCID="1061" Text="Teenindus" />
            <Title LCID="1069" Text="Zerbitzua" />
            <Title LCID="1035" Text="Palvelu" />
            <Title LCID="1036" Text="Service" />
            <Title LCID="1110" Text="Servizo" />
            <Title LCID="1037" Text="שירות" />
            <Title LCID="1081" Text="सेवा" />
            <Title LCID="1050" Text="Usluga" />
            <Title LCID="1038" Text="Szolgáltatás" />
            <Title LCID="1057" Text="Layanan" />
            <Title LCID="1040" Text="Servizio" />
            <Title LCID="1041" Text="サービス" />
            <Title LCID="1087" Text="Қызмет" />
            <Title LCID="1042" Text="서비스" />
            <Title LCID="1063" Text="Aptarnavimas" />
            <Title LCID="1062" Text="Serviss" />
            <Title LCID="1086" Text="Perkhidmatan" />
            <Title LCID="1044" Text="Service" />
            <Title LCID="1043" Text="Service" />
            <Title LCID="1045" Text="Usługa" />
            <Title LCID="1046" Text="Serviço" />
            <Title LCID="2070" Text="Serviço" />
            <Title LCID="1048" Text="Serviciu" />
            <Title LCID="1049" Text="Сервис" />
            <Title LCID="1051" Text="Služba" />
            <Title LCID="1060" Text="Storitev" />
            <Title LCID="10266" Text="Услуга" />
            <Title LCID="9242" Text="Usluga" />
            <Title LCID="1053" Text="Tjänst" />
            <Title LCID="1054" Text="การบริการ" />
            <Title LCID="1055" Text="Servis" />
            <Title LCID="1058" Text="Обслуговування" />
            <Title LCID="1066" Text="Dịch vụ" />
            <Title LCID="2052" Text="服务" />
            <Title LCID="3076" Text="服務" />
            <Title LCID="1028" Text="服務" />
          </Titles>
        </NavBarArea>
        <NavBarArea Id="Marketing">
          <Titles>
            <Title LCID="1033" Text="Marketing" />
            <Title LCID="1025" Text="التسويق" />
            <Title LCID="1026" Text="Маркетинг" />
            <Title LCID="1027" Text="Màrqueting" />
            <Title LCID="1029" Text="Marketing" />
            <Title LCID="1030" Text="Marketing" />
            <Title LCID="1031" Text="Marketing" />
            <Title LCID="1032" Text="Μάρκετινγκ" />
            <Title LCID="3082" Text="Marketing" />
            <Title LCID="1061" Text="Turundus" />
            <Title LCID="1069" Text="Marketina" />
            <Title LCID="1035" Text="Markkinointi" />
            <Title LCID="1036" Text="Marketing" />
            <Title LCID="1110" Text="Márketing" />
            <Title LCID="1037" Text="שיווק" />
            <Title LCID="1081" Text="मार्केटिंग" />
            <Title LCID="1050" Text="Marketing" />
            <Title LCID="1038" Text="Marketing" />
            <Title LCID="1057" Text="Pemasaran" />
            <Title LCID="1040" Text="Marketing" />
            <Title LCID="1041" Text="マーケティング" />
            <Title LCID="1087" Text="Маркетинг" />
            <Title LCID="1042" Text="마케팅" />
            <Title LCID="1063" Text="Rinkodara" />
            <Title LCID="1062" Text="Mārketings" />
            <Title LCID="1086" Text="Pemasaran" />
            <Title LCID="1044" Text="Markedsføring" />
            <Title LCID="1043" Text="Marketing" />
            <Title LCID="1045" Text="Marketing" />
            <Title LCID="1046" Text="Marketing" />
            <Title LCID="2070" Text="Marketing" />
            <Title LCID="1048" Text="Marketing" />
            <Title LCID="1049" Text="Маркетинг" />
            <Title LCID="1051" Text="Marketing" />
            <Title LCID="1060" Text="Trženje" />
            <Title LCID="10266" Text="Маркетинг" />
            <Title LCID="9242" Text="Marketing" />
            <Title LCID="1053" Text="Marknadsföring" />
            <Title LCID="1054" Text="การตลาด" />
            <Title LCID="1055" Text="Pazarlama" />
            <Title LCID="1058" Text="Маркетинг" />
            <Title LCID="1066" Text="Tiếp thị" />
            <Title LCID="2052" Text="市场营销" />
            <Title LCID="3076" Text="行銷" />
            <Title LCID="1028" Text="行銷" />
          </Titles>
        </NavBarArea>
        <NavBarArea Id="ProcessCenter">
          <Titles>
            <Title LCID="1033" Text="Processes" />
            <Title LCID="1025" Text="العمليات" />
            <Title LCID="1026" Text="Процеси" />
            <Title LCID="1027" Text="Processos" />
            <Title LCID="1029" Text="Procesy" />
            <Title LCID="1030" Text="Processer" />
            <Title LCID="1031" Text="Prozesse" />
            <Title LCID="1032" Text="Διεργασίες" />
            <Title LCID="3082" Text="Procesos" />
            <Title LCID="1061" Text="Protsessid" />
            <Title LCID="1069" Text="Prozesuak" />
            <Title LCID="1035" Text="Prosessit" />
            <Title LCID="1036" Text="Processus" />
            <Title LCID="1110" Text="Procesos" />
            <Title LCID="1037" Text="תהליכים" />
            <Title LCID="1081" Text="प्रक्रियाएँ" />
            <Title LCID="1050" Text="Procesi" />
            <Title LCID="1038" Text="Folyamatok" />
            <Title LCID="1057" Text="Proses" />
            <Title LCID="1040" Text="Processi" />
            <Title LCID="1041" Text="プロセス" />
            <Title LCID="1087" Text="Процестер" />
            <Title LCID="1042" Text="프로세스" />
            <Title LCID="1063" Text="Procesai" />
            <Title LCID="1062" Text="Procesi" />
            <Title LCID="1086" Text="Proses" />
            <Title LCID="1044" Text="Prosesser" />
            <Title LCID="1043" Text="Processen" />
            <Title LCID="1045" Text="Procesy" />
            <Title LCID="1046" Text="Processos" />
            <Title LCID="2070" Text="Processos" />
            <Title LCID="1048" Text="Procese" />
            <Title LCID="1049" Text="Процессы" />
            <Title LCID="1051" Text="Procesy" />
            <Title LCID="1060" Text="Procesi" />
            <Title LCID="10266" Text="Процеси" />
            <Title LCID="9242" Text="Procesi" />
            <Title LCID="1053" Text="Processer" />
            <Title LCID="1054" Text="กระบวนการ" />
            <Title LCID="1055" Text="İşlemler" />
            <Title LCID="1058" Text="Процеси" />
            <Title LCID="1066" Text="Quy trình" />
            <Title LCID="2052" Text="流程" />
            <Title LCID="3076" Text="程序" />
            <Title LCID="1028" Text="程序" />
          </Titles>
        </NavBarArea>
      </NavBarAreas>
    </Navigation>
    <controlDescriptions />
    <clientresources>
      <internalresources>
        <clientincludes>
          <internaljscriptfile src="$webresource:Sales/Opportunity/Opportunity_main_system_library.js" />
        </clientincludes>
      </internalresources>
    </clientresources>
    <formLibraries>
      <Library name="Sales/Opportunity/Opportunity_main_system_library.js" libraryUniqueId="{2cbe0022-0929-11e7-93ae-92361f002671}" />
      <Library name="Sales/Opportunity/Opportunity_main_system_library.js" libraryUniqueId="{fde1880f-2211-4038-ac3a-fa698a980d2e}" />
    </formLibraries>
    <DisplayConditions FallbackForm="true" Order="4">
      <Role Id="{EF585F9A-46DC-E811-A956-000D3A441839}" />
      <Role Id="{627090ff-40a3-4053-8790-584edc5be201}" />
      <Role Id="{119f245c-3cc8-4b62-b31c-d1a046ced15d}" />
    </DisplayConditions>
  </form>
  <IsCustomizable>1</IsCustomizable>
  <CanBeDeleted>1</CanBeDeleted>
  <LocalizedNames>
    <LocalizedName description="Document Management" languagecode="1033" />
  </LocalizedNames>
</systemform>