<environmentvariabledefinition schemaname="lcc_InvoiceJournalLineItemPaymentRequisitionVatGroup">
  <defaultvalue>P-DOM NR</defaultvalue>
  <displayname default="Invoice Journal Line Item - Payment Requisition - Vat Group">
    <label description="Invoice Journal Line Item - Payment Requisition - Vat Group" languagecode="1033" />
  </displayname>
  <introducedversion>1.0.0.60</introducedversion>
  <iscustomizable>1</iscustomizable>
  <isrequired>0</isrequired>
  <secretstore>0</secretstore>
  <type>100000000</type>
</environmentvariabledefinition>