﻿<?xml version="1.0" encoding="utf-8"?>
<systemform>
  <formid>{0c33adbe-2691-49b9-899b-6586c6eb7d94}</formid>
  <IntroducedVersion>8.1.0.0</IntroducedVersion>
  <FormPresentation>1</FormPresentation>
  <FormActivationState>1</FormActivationState>
  <form>
    <tabs>
      <tab id="{916b596c-d2c9-4510-8111-242dc66ebc58}" IsUserDefined="0" name="general" expanded="true" locklevel="0">
        <labels>
          <label description="General" languagecode="1033" />
        </labels>
        <columns>
          <column width="100%">
            <sections>
              <section id="{da2fef32-eefd-4360-8681-53cbdac61f72}" showlabel="true" showbar="false" IsUserDefined="0" name="feedback Details" layout="varwidth" columns="1" labelwidth="115" celllabelalignment="Left" celllabelposition="Left">
                <labels>
                  <label description="Feedback Details" languagecode="1033" />
                </labels>
                <rows>
                  <row>
                    <cell auto="false" showlabel="true" locklevel="0" rowspan="1" id="{172452f5-bba2-4806-8fdb-4789e8c529e3}">
                      <labels>
                        <label description="Title" languagecode="1033" />
                      </labels>
                      <control id="title" datafieldname="title" classid="{4273EDBD-AC1D-40d3-9FB2-095C621B552D}"></control>
                    </cell>
                  </row>
                  <row>
                    <cell id="{6b06e221-413b-c65a-52a2-5647b471a4e7}" showlabel="true" locklevel="0">
                      <labels>
                        <label description="Customer Rating" languagecode="1033" />
                      </labels>
                      <control id="new_customrating" classid="{0D2C745A-E5A8-4c8f-BA63-C6D3BB604660}" datafieldname="new_customrating" disabled="false" uniqueid="{ac0662ba-b186-2132-77db-61a811ca3a17}" />
                    </cell>
                  </row>
                  <row>
                    <cell id="{57488586-5510-b0e1-4a8c-b826e5dadc20}" showlabel="true" locklevel="0">
                      <labels>
                        <label description="Regarding" languagecode="1033" />
                      </labels>
                      <control id="regardingobjectid" classid="{F3015350-44A2-4aa0-97B5-00166532B5E9}" datafieldname="regardingobjectid" disabled="false" />
                    </cell>
                  </row>
                  <row>
                    <cell auto="false" showlabel="true" locklevel="0" rowspan="1" id="{3bafd894-0290-49ae-a1dd-8e0a197976ef}">
                      <labels>
                        <label description="Source" languagecode="1033" />
                      </labels>
                      <control id="source" datafieldname="source" classid="{3EF39988-22BB-4f0b-BBBE-64B5A3748AEE}" />
                    </cell>
                  </row>
                  <row>
                    <cell auto="false" showlabel="true" locklevel="0" rowspan="3" id="{7db2058c-962d-4e74-8602-f06c654831ff}">
                      <labels>
                        <label description="Comments" languagecode="1033" />
                      </labels>
                      <control id="comments" datafieldname="comments" classid="{E0DECE4B-6FC8-4a8f-A065-082708572369}" />
                    </cell>
                  </row>
                  <row />
                  <row />
                  <row>
                    <cell auto="false" showlabel="true" locklevel="0" rowspan="1" id="{175b6861-a993-4ca6-8be3-a2fe0a477fc8}">
                      <labels>
                        <label description="Rating" languagecode="1033" />
                      </labels>
                      <control id="rating" datafieldname="rating" classid="{C6D124CA-7EDA-4a60-AEA9-7FB8D318B68F}" uniqueid="{732e4d46-75d9-8870-5dd6-aa5b65c69d77}" />
                    </cell>
                  </row>
                  <row>
                    <cell auto="false" showlabel="true" locklevel="0" rowspan="1" id="{e8ac5b92-62ac-42cd-80b5-bb4119b89195}">
                      <labels>
                        <label description="Minimum Rating" languagecode="1033" />
                      </labels>
                      <control id="minrating" datafieldname="minrating" classid="{C6D124CA-7EDA-4a60-AEA9-7FB8D318B68F}" />
                    </cell>
                  </row>
                  <row>
                    <cell auto="false" showlabel="true" locklevel="0" rowspan="1" id="{e2eb11e0-83a6-47c6-a929-fa6ffeec821f}">
                      <labels>
                        <label description="Maximum Rating" languagecode="1033" />
                      </labels>
                      <control id="maxrating" datafieldname="maxrating" classid="{C6D124CA-7EDA-4a60-AEA9-7FB8D318B68F}" />
                    </cell>
                  </row>
                </rows>
              </section>
              <section id="{34032e09-4d28-4803-ab2c-bca9cd9695ad}" showlabel="true" showbar="false" IsUserDefined="0" name="feedback Contacts" layout="varwidth" columns="1" labelwidth="115" celllabelalignment="Left" celllabelposition="Left">
                <labels>
                  <label description="Feedback Contacts" languagecode="1033" />
                </labels>
                <rows>
                  <row>
                    <cell id="{d47187b7-ca65-4b17-b758-29234c4c999c}" showlabel="true" locklevel="0">
                      <labels>
                        <label description="Created By (Contact)" languagecode="1033" />
                      </labels>
                      <control id="createdbycontact" classid="{270BD3DB-D9AF-4782-9025-509E298DEC0A}" datafieldname="createdbycontact" />
                    </cell>
                  </row>
                  <row>
                    <cell auto="false" showlabel="true" locklevel="0" rowspan="1" id="{356b8d3e-25e0-4def-8bbd-ea23f8c7a5b3}">
                      <labels>
                        <label description="Created By" languagecode="1033" />
                      </labels>
                      <control id="createdby" datafieldname="createdby" classid="{270BD3DB-D9AF-4782-9025-509E298DEC0A}"></control>
                    </cell>
                  </row>
                  <row>
                    <cell auto="false" showlabel="true" locklevel="0" rowspan="1" id="{de98d299-7b7d-4971-b3b1-b37172213f57}">
                      <labels>
                        <label description="Closed By" languagecode="1033" />
                      </labels>
                      <control id="closedby" datafieldname="closedby" classid="{270BD3DB-D9AF-4782-9025-509E298DEC0A}"></control>
                    </cell>
                  </row>
                </rows>
              </section>
            </sections>
          </column>
        </columns>
      </tab>
    </tabs>
    <footer id="{0ede5d14-30c6-445d-9b12-3b664556ccd9}" columns="111" labelwidth="115">
      <rows>
        <row>
          <cell showlabel="true" locklevel="0" id="{5cca375d-b08e-48c6-b7b0-2c557a49565d}">
            <labels>
              <label description="Status Reason" languagecode="1033" />
            </labels>
            <control id="statuscode" datafieldname="statuscode" classid="{5D68B988-0661-4db2-BC3E-17598AD3BE6C}"></control>
          </cell>
          <cell showlabel="true" locklevel="0" id="{83cd010f-bb2e-4e36-9e17-e7b3b7570811}">
            <labels>
              <label description="Created On" languagecode="1033" />
            </labels>
            <control id="createdon" datafieldname="createdon" classid="{5B773807-9FB2-42db-97C3-7A91EFF8ADFF}"></control>
          </cell>
          <cell showlabel="true" locklevel="0" id="{0cef335f-df27-46ab-8fab-3d3e49c00c69}">
            <labels>
              <label description="Closed On" languagecode="1033" />
            </labels>
            <control id="closedon" datafieldname="closedon" classid="{5B773807-9FB2-42db-97C3-7A91EFF8ADFF}"></control>
          </cell>
        </row>
      </rows>
    </footer>
    <header id="{a95ca08f-d385-43e6-92fb-3907909eda56}" columns="111" celllabelposition="Top" labelwidth="115">
      <rows>
        <row>
          <cell id="{5b18d84b-5c74-4907-aa2c-0c33baca2d84}" showlabel="true" locklevel="0">
            <labels>
              <label description="Status Reason" languagecode="1033" />
            </labels>
            <control id="header_status" classid="{5D68B988-0661-4db2-BC3E-17598AD3BE6C}" datafieldname="statuscode" disabled="true" />
          </cell>
          <cell id="{07f31875-6a77-450e-9722-7e8da948027a}" showlabel="true" locklevel="0">
            <labels>
              <label description="Normalized Rating" languagecode="1033" />
            </labels>
            <control id="header_normalizedrating" classid="{C3EFE0C3-0EC6-42be-8349-CBD9079DFD8E}" datafieldname="normalizedrating" disabled="true" />
          </cell>
          <cell id="{3ddbbd54-f5a7-42e7-a59d-f607f42ea027}" showlabel="true" locklevel="0">
            <labels>
              <label description="Owner" languagecode="1033" />
            </labels>
            <control id="header_owner" datafieldname="ownerid" classid="{270BD3DB-D9AF-4782-9025-509E298DEC0A}" />
          </cell>
        </row>
      </rows>
    </header>
    <DisplayConditions FallbackForm="true" Order="1">
      <Everyone />
    </DisplayConditions>
    <Navigation>
      <NavBar></NavBar>
      <NavBarAreas>
        <NavBarArea Id="Info">
          <Titles>
            <Title LCID="1033" Text="Common" />
          </Titles>
        </NavBarArea>
        <NavBarArea Id="Sales">
          <Titles>
            <Title LCID="1033" Text="Sales" />
          </Titles>
        </NavBarArea>
        <NavBarArea Id="Service">
          <Titles>
            <Title LCID="1033" Text="Service" />
          </Titles>
        </NavBarArea>
        <NavBarArea Id="Marketing">
          <Titles>
            <Title LCID="1033" Text="Marketing" />
          </Titles>
        </NavBarArea>
        <NavBarArea Id="ProcessCenter">
          <Titles>
            <Title LCID="1033" Text="Process Sessions" />
          </Titles>
        </NavBarArea>
      </NavBarAreas>
    </Navigation>
    <controlDescriptions />
  </form>
  <LocalizedNames>
    <LocalizedName description="Feedback" languagecode="1033" />
  </LocalizedNames>
  <Descriptions>
    <Description description="A form for this entity." languagecode="1033" />
  </Descriptions>
</systemform>