﻿<?xml version="1.0" encoding="utf-8"?>
<systemform unmodified="1">
  <formid>{817193ea-75f7-4718-9b85-1d33bfe23ea6}</formid>
  <IntroducedVersion>1.0.0.0</IntroducedVersion>
  <FormPresentation>0</FormPresentation>
  <FormActivationState>1</FormActivationState>
  <form>
    <tabs>
      <tab id="{916b596c-d2c9-4510-8111-242dc66ebc58}" IsUserDefined="0" name="general" expanded="true" locklevel="0" labelid="{911ae284-ecd9-4171-965a-da085af878ab}">
        <labels>
          <label description="General" languagecode="1033" />
        </labels>
        <columns>
          <column width="100%">
            <sections>
              <section id="{da2fef32-eefd-4360-8681-53cbdac61f72}" showlabel="false" showbar="false" IsUserDefined="0" name="feedback Details" layout="varwidth" columns="1" labelwidth="115" celllabelalignment="Left" celllabelposition="Left" locklevel="0" labelid="{331ca8e3-5985-4f23-a7a0-64fb585cbb2b}">
                <labels>
                  <label description="Feedback Details" languagecode="1033" />
                </labels>
                <rows>
                  <row>
                    <cell auto="false" showlabel="true" locklevel="0" id="{7db2058c-962d-4e74-8602-f06c654831ff}" labelid="{4e31f56d-12e4-450e-92a2-ada74f2af5be}">
                      <labels>
                        <label description="Comments" languagecode="1033" />
                      </labels>
                      <control id="comments" datafieldname="comments" classid="{E0DECE4B-6FC8-4a8f-A065-082708572369}" />
                    </cell>
                  </row>
                </rows>
              </section>
            </sections>
          </column>
        </columns>
      </tab>
    </tabs>
    <footer id="{0ede5d14-30c6-445d-9b12-3b664556ccd9}" columns="1" labelwidth="115" celllabelalignment="Left" celllabelposition="Left">
      <rows>
        <row>
          <cell id="{c2d344c5-ddee-1ba0-7dc4-0b886ca45d43}" showlabel="true" locklevel="0">
            <labels>
              <label description="Status" languagecode="1033" />
            </labels>
            <control id="footer_statecode" classid="{3EF39988-22BB-4f0b-BBBE-64B5A3748AEE}" datafieldname="statecode" disabled="true" />
          </cell>
        </row>
      </rows>
    </footer>
    <Navigation>
      <NavBar />
      <NavBarAreas>
        <NavBarArea Id="Info">
          <Titles>
            <Title LCID="1033" Text="Common" />
            <Title LCID="1026" Text="Обща информация" />
            <Title LCID="1027" Text="Comú" />
            <Title LCID="1029" Text="Obecné" />
            <Title LCID="1030" Text="Almindelig" />
            <Title LCID="1031" Text="Allgemein" />
            <Title LCID="1032" Text="Κοινό" />
            <Title LCID="3082" Text="Común" />
            <Title LCID="1061" Text="Levinud" />
            <Title LCID="1069" Text="Ohikoak" />
            <Title LCID="1035" Text="Yhteiset" />
            <Title LCID="1036" Text="Éléments communs" />
            <Title LCID="1110" Text="Común" />
            <Title LCID="1081" Text="सामान्य" />
            <Title LCID="1050" Text="Uobičajeno" />
            <Title LCID="1038" Text="Általános" />
            <Title LCID="1057" Text="Umum" />
            <Title LCID="1040" Text="Elementi comuni" />
            <Title LCID="1041" Text="共通" />
            <Title LCID="1087" Text="Жалпы" />
            <Title LCID="1042" Text="일반" />
            <Title LCID="1063" Text="Bendra" />
            <Title LCID="1062" Text="Kopējs" />
            <Title LCID="1086" Text="Umum" />
            <Title LCID="1044" Text="Felles" />
            <Title LCID="1043" Text="Algemeen" />
            <Title LCID="1045" Text="Wspólne" />
            <Title LCID="1046" Text="Comum" />
            <Title LCID="2070" Text="Comum" />
            <Title LCID="1048" Text="Comun" />
            <Title LCID="1049" Text="Общее" />
            <Title LCID="1051" Text="Spoločné" />
            <Title LCID="1060" Text="Splošno" />
            <Title LCID="3098" Text="Уобичајено" />
            <Title LCID="10266" Text="Уобичајено" />
            <Title LCID="2074" Text="Uobičajeno" />
            <Title LCID="9242" Text="Uobičajeno" />
            <Title LCID="1053" Text="Gemensamt" />
            <Title LCID="1054" Text="ทั่วไป" />
            <Title LCID="1055" Text="Ortak" />
            <Title LCID="1058" Text="Загальне" />
            <Title LCID="1066" Text="Thông thường" />
            <Title LCID="2052" Text="公用" />
            <Title LCID="3076" Text="一般" />
            <Title LCID="1028" Text="一般" />
          </Titles>
        </NavBarArea>
        <NavBarArea Id="Sales">
          <Titles>
            <Title LCID="1033" Text="Sales" />
            <Title LCID="1026" Text="Продажби" />
            <Title LCID="1027" Text="Vendes" />
            <Title LCID="1029" Text="Prodej" />
            <Title LCID="1030" Text="Salg" />
            <Title LCID="1031" Text="Vertrieb" />
            <Title LCID="1032" Text="Πωλήσεις" />
            <Title LCID="3082" Text="Ventas" />
            <Title LCID="1061" Text="Müük" />
            <Title LCID="1069" Text="Salmentak" />
            <Title LCID="1035" Text="Myynti" />
            <Title LCID="1036" Text="Ventes" />
            <Title LCID="1110" Text="Vendas" />
            <Title LCID="1081" Text="विक्रय" />
            <Title LCID="1050" Text="Prodaja" />
            <Title LCID="1038" Text="Értékesítés" />
            <Title LCID="1057" Text="Penjualan" />
            <Title LCID="1040" Text="Vendite" />
            <Title LCID="1041" Text="営業" />
            <Title LCID="1087" Text="Сатылым" />
            <Title LCID="1042" Text="영업" />
            <Title LCID="1063" Text="Pardavimas" />
            <Title LCID="1062" Text="Pārdošana" />
            <Title LCID="1086" Text="Jualan" />
            <Title LCID="1044" Text="Salg" />
            <Title LCID="1043" Text="Verkoop" />
            <Title LCID="1045" Text="Sprzedaż" />
            <Title LCID="1046" Text="Vendas" />
            <Title LCID="2070" Text="Vendas" />
            <Title LCID="1048" Text="Vânzări" />
            <Title LCID="1049" Text="Продажи" />
            <Title LCID="1051" Text="Predaj" />
            <Title LCID="1060" Text="Prodaja" />
            <Title LCID="3098" Text="Продаја" />
            <Title LCID="10266" Text="Продаја" />
            <Title LCID="2074" Text="Prodaja" />
            <Title LCID="9242" Text="Prodaja" />
            <Title LCID="1053" Text="Försäljning" />
            <Title LCID="1054" Text="การขาย" />
            <Title LCID="1055" Text="Satış" />
            <Title LCID="1058" Text="Збут" />
            <Title LCID="1066" Text="Bán hàng" />
            <Title LCID="2052" Text="销售" />
            <Title LCID="3076" Text="銷售" />
            <Title LCID="1028" Text="銷售" />
          </Titles>
        </NavBarArea>
        <NavBarArea Id="Service">
          <Titles>
            <Title LCID="1033" Text="Service" />
            <Title LCID="1026" Text="Обслужване" />
            <Title LCID="1027" Text="Servei" />
            <Title LCID="1029" Text="Služby" />
            <Title LCID="1030" Text="Service" />
            <Title LCID="1031" Text="Service" />
            <Title LCID="1032" Text="Υπηρεσία" />
            <Title LCID="3082" Text="Servicio" />
            <Title LCID="1061" Text="Teenindus" />
            <Title LCID="1069" Text="Zerbitzua" />
            <Title LCID="1035" Text="Palvelu" />
            <Title LCID="1036" Text="Service" />
            <Title LCID="1110" Text="Servizo" />
            <Title LCID="1081" Text="सेवा" />
            <Title LCID="1050" Text="Usluga" />
            <Title LCID="1038" Text="Szolgáltatás" />
            <Title LCID="1057" Text="Layanan" />
            <Title LCID="1040" Text="Servizio" />
            <Title LCID="1041" Text="サービス" />
            <Title LCID="1087" Text="Қызмет" />
            <Title LCID="1042" Text="서비스" />
            <Title LCID="1063" Text="Paslauga" />
            <Title LCID="1062" Text="Serviss" />
            <Title LCID="1086" Text="Perkhidmatan" />
            <Title LCID="1044" Text="Service" />
            <Title LCID="1043" Text="Service" />
            <Title LCID="1045" Text="Usługa" />
            <Title LCID="1046" Text="Serviço" />
            <Title LCID="2070" Text="Serviço" />
            <Title LCID="1048" Text="Serviciu" />
            <Title LCID="1049" Text="Сервис" />
            <Title LCID="1051" Text="Služba" />
            <Title LCID="1060" Text="Storitev" />
            <Title LCID="3098" Text="Услуга" />
            <Title LCID="10266" Text="Услуга" />
            <Title LCID="2074" Text="Usluga" />
            <Title LCID="9242" Text="Usluga" />
            <Title LCID="1053" Text="Tjänst" />
            <Title LCID="1054" Text="การบริการ" />
            <Title LCID="1055" Text="Servis" />
            <Title LCID="1058" Text="Послуга" />
            <Title LCID="1066" Text="Dịch vụ" />
            <Title LCID="2052" Text="服务" />
            <Title LCID="3076" Text="服務" />
            <Title LCID="1028" Text="服務" />
          </Titles>
        </NavBarArea>
        <NavBarArea Id="Marketing">
          <Titles>
            <Title LCID="1033" Text="Marketing" />
            <Title LCID="1026" Text="Маркетинг" />
            <Title LCID="1027" Text="Màrqueting" />
            <Title LCID="1029" Text="Marketing" />
            <Title LCID="1030" Text="Marketing" />
            <Title LCID="1031" Text="Marketing" />
            <Title LCID="1032" Text="Μάρκετινγκ" />
            <Title LCID="3082" Text="Marketing" />
            <Title LCID="1061" Text="Turundus" />
            <Title LCID="1069" Text="Marketina" />
            <Title LCID="1035" Text="Markkinointi" />
            <Title LCID="1036" Text="Marketing" />
            <Title LCID="1110" Text="Márketing" />
            <Title LCID="1081" Text="मार्केटिंग" />
            <Title LCID="1050" Text="Marketing" />
            <Title LCID="1038" Text="Marketing" />
            <Title LCID="1057" Text="Pemasaran" />
            <Title LCID="1040" Text="Marketing" />
            <Title LCID="1041" Text="マーケティング" />
            <Title LCID="1087" Text="Маркетинг" />
            <Title LCID="1042" Text="마케팅" />
            <Title LCID="1063" Text="Rinkodara" />
            <Title LCID="1062" Text="Mārketings" />
            <Title LCID="1086" Text="Pemasaran" />
            <Title LCID="1044" Text="Markedsføring" />
            <Title LCID="1043" Text="Marketing" />
            <Title LCID="1045" Text="Marketing" />
            <Title LCID="1046" Text="Marketing" />
            <Title LCID="2070" Text="Marketing" />
            <Title LCID="1048" Text="Marketing" />
            <Title LCID="1049" Text="Маркетинг" />
            <Title LCID="1051" Text="Marketing" />
            <Title LCID="1060" Text="Trženje" />
            <Title LCID="3098" Text="Маркетинг" />
            <Title LCID="10266" Text="Маркетинг" />
            <Title LCID="2074" Text="Marketing" />
            <Title LCID="9242" Text="Marketing" />
            <Title LCID="1053" Text="Marknadsföring" />
            <Title LCID="1054" Text="การตลาด" />
            <Title LCID="1055" Text="Pazarlama" />
            <Title LCID="1058" Text="Маркетинг" />
            <Title LCID="1066" Text="Tiếp thị" />
            <Title LCID="2052" Text="市场营销" />
            <Title LCID="3076" Text="行銷" />
            <Title LCID="1028" Text="行銷" />
          </Titles>
        </NavBarArea>
        <NavBarArea Id="ProcessCenter">
          <Titles>
            <Title LCID="1033" Text="Process Sessions" />
            <Title LCID="1026" Text="Сесии на процес" />
            <Title LCID="1027" Text="Sessions del procés" />
            <Title LCID="1029" Text="Relace procesů" />
            <Title LCID="1030" Text="Processessioner" />
            <Title LCID="1031" Text="Prozesssitzungen" />
            <Title LCID="1032" Text="Περίοδοι λειτουργίας διεργασίας" />
            <Title LCID="3082" Text="Sesiones de proceso" />
            <Title LCID="1061" Text="Protsessiseansid" />
            <Title LCID="1069" Text="Prozesu-saioak" />
            <Title LCID="1035" Text="Prosessin istunnot" />
            <Title LCID="1036" Text="Sessions de traitement" />
            <Title LCID="1110" Text="Sesións de proceso" />
            <Title LCID="1081" Text="प्रक्रिया सत्र" />
            <Title LCID="1050" Text="Sesije procesa" />
            <Title LCID="1038" Text="Feldolgozási munkamenetek" />
            <Title LCID="1057" Text="Sesi Proses" />
            <Title LCID="1040" Text="Sessioni processo" />
            <Title LCID="1041" Text="プロセス セッション" />
            <Title LCID="1087" Text="Процесс сеанстары" />
            <Title LCID="1042" Text="프로세스 세션" />
            <Title LCID="1063" Text="Apdorojimo seansai" />
            <Title LCID="1062" Text="Apstrādes sesijas" />
            <Title LCID="1086" Text="Sesi Proses" />
            <Title LCID="1044" Text="Prosessøkter" />
            <Title LCID="1043" Text="Processessies" />
            <Title LCID="1045" Text="Sesje procesów" />
            <Title LCID="1046" Text="Sessões de Processo" />
            <Title LCID="2070" Text="Sessões de Processo" />
            <Title LCID="1048" Text="Sesiuni de proces" />
            <Title LCID="1049" Text="Сеансы процесса" />
            <Title LCID="1051" Text="Relácie procesov" />
            <Title LCID="1060" Text="Seje procesov" />
            <Title LCID="3098" Text="Сесије процеса" />
            <Title LCID="10266" Text="Сесије процеса" />
            <Title LCID="2074" Text="Sesije procesa" />
            <Title LCID="9242" Text="Sesije procesa" />
            <Title LCID="1053" Text="Processessioner" />
            <Title LCID="1054" Text="เซสชันของกระบวนการ" />
            <Title LCID="1055" Text="İşlem Oturumları" />
            <Title LCID="1058" Text="Сеанси процесів" />
            <Title LCID="1066" Text="Phiên quá trình" />
            <Title LCID="2052" Text="进程会话" />
            <Title LCID="3076" Text="程序工作階段" />
            <Title LCID="1028" Text="程序工作階段" />
          </Titles>
        </NavBarArea>
      </NavBarAreas>
    </Navigation>
    <DisplayConditions Order="2">
      <Role Id="{627090ff-40a3-4053-8790-584edc5be201}" />
      <Role Id="{119f245c-3cc8-4b62-b31c-d1a046ced15d}" />
    </DisplayConditions>
  </form>
  <LocalizedNames>
    <LocalizedName description="New Comment Form" languagecode="1033" />
  </LocalizedNames>
</systemform>