<?xml version="1.0" encoding="utf-8"?>
<forms xmlns:xsi="http://www.w3.org/2001/XMLSchema-instance">
  <systemform>
    <formid>{74d16ac1-ff56-46ac-a0ae-1102197649c3}</formid>
    <IntroducedVersion>5.0.0.0</IntroducedVersion>
    <FormPresentation>0</FormPresentation>
    <FormActivationState>1</FormActivationState>
    <form
      headerdensity="HighWithControls"
      solutionaction="Modified">
      <tabs>
        <tab
          name="general"
          verticallayout="true"
          id="{acb1bcfa-6591-4c82-a317-f58d83946c79}"
          IsUserDefined="0"
          ordinalvalue="0">
          <columns>
            <column
              width="100%"
              id="0">
              <sections>
                <section
                  name="information"
                  showlabel="false"
                  showbar="false"
                  locklevel="0"
                  id="{e53bea03-bc24-4c69-b505-a3e096abb7bd}"
                  IsUserDefined="0"
                  layout="varwidth"
                  columns="11"
                  ordinalvalue="0">
                  <rows>
                    <row>
                      <cell
                        id="{56c2484c-830d-9c75-64e8-1555b0de1b56}"
                        showlabel="true"
                        locklevel="0"
                        rowspan="1"
                        colspan="2"
                        ordinalvalue="10000">
                        <control
                          id="resolutiontypecode"
                          classid="{3ef39988-22bb-4f0b-bbbe-64b5a3748aee}"
                          datafieldname="resolutiontypecode"
                          disabled="true"
                          uniqueid="{95ad08bd-85e8-3d8d-2004-209ebda23182}"
                          solutionaction="Modified" />
                      </cell>
                    </row>
                    <row>
                      <cell
                        auto="false"
                        showlabel="true"
                        locklevel="0"
                        rowspan="1"
                        colspan="2"
                        id="{68c76a79-3fea-4628-a51e-6c1cdebd4fa6}"
                        ordinalvalue="10001"
                        solutionaction="Removed" />
                    </row>
                    <row>
                      <cell
                        id="{42890ea1-a666-4d46-d88b-0e45d3e10c14}"
                        showlabel="true"
                        locklevel="0"
                        visible="false"
                        ordinalvalue="10001"
                        solutionaction="Added">
                        <labels>
                          <label
                            description="Case Sub Type"
                            languagecode="1033" />
                        </labels>
                        <control
                          id="rhm_casesubtype"
                          classid="{270BD3DB-D9AF-4782-9025-509E298DEC0A}"
                          datafieldname="rhm_casesubtype"
                          disabled="true"
                          uniqueid="{e0622059-cc73-5a28-6870-751e7d4493b4}">
                          <parameters>
                            <AutoResolve>true</AutoResolve>
                            <DisableMru>false</DisableMru>
                            <DisableQuickFind>false</DisableQuickFind>
                            <DisableViewPicker>false</DisableViewPicker>
                            <DefaultViewId>{C003287F-CA61-4E78-93BD-B68CBB04490C}</DefaultViewId>
                            <AllowFilterOff>false</AllowFilterOff>
                          </parameters>
                        </control>
                      </cell>
                      <cell
                        id="{9c53472d-1757-9be8-85a4-5b72692da7b4}"
                        showlabel="true"
                        locklevel="0"
                        colspan="1"
                        rowspan="1"
                        ordinalvalue="20002"
                        solutionaction="Added">
                        <labels>
                          <label
                            description="Case Sub-Status"
                            languagecode="1033" />
                        </labels>
                        <control
                          id="rhm_casesubstatus"
                          classid="{3EF39988-22BB-4f0b-BBBE-64B5A3748AEE}"
                          datafieldname="rhm_casesubstatus"
                          disabled="false" />
                      </cell>
                    </row>
                    <row>
                      <cell
                        id="{3fbeeb56-3996-40c3-87a5-77ab83c96c95}"
                        locklevel="0"
                        colspan="1"
                        rowspan="1"
                        ordinalvalue="10003"
                        solutionaction="Added">
                        <labels>
                          <label
                            description="Resolution Code"
                            languagecode="1033" />
                        </labels>
                        <control
                          id="rhm_resolutioncode"
                          classid="{270BD3DB-D9AF-4782-9025-509E298DEC0A}"
                          datafieldname="rhm_resolutioncode"
                          disabled="false" />
                      </cell>
                      <cell
                        locklevel="0"
                        id="{c0b8669f-c431-4abb-9fc4-7beea00417fb}"
                        ordinalvalue="20004"
                        solutionaction="Added">
                        <labels>
                          <label
                            description=""
                            languagecode="1033" />
                        </labels>
                      </cell>
                    </row>
                  </rows>
                </section>
              </sections>
            </column>
          </columns>
        </tab>
      </tabs>
      <header
        id="{a6ed580e-e899-45b9-bdfe-52be6984021f}"
        celllabelposition="Top"
        columns="111"
        labelwidth="115"
        celllabelalignment="Left"
        solutionaction="Added">
        <rows>
          <row>
            <cell
              id="{21eadbda-8cdf-4d50-8ea8-31f76455ec1a}"
              showlabel="false"
              ordinalvalue="10000">
              <labels>
                <label
                  description=""
                  languagecode="1033" />
              </labels>
            </cell>
            <cell
              id="{a44e275b-6870-4ca2-9f84-a8ebd3ad9c03}"
              showlabel="false"
              ordinalvalue="20001">
              <labels>
                <label
                  description=""
                  languagecode="1033" />
              </labels>
            </cell>
            <cell
              id="{5d661b32-d2cf-4093-852e-37ffd90f2010}"
              showlabel="false"
              ordinalvalue="30002">
              <labels>
                <label
                  description=""
                  languagecode="1033" />
              </labels>
            </cell>
          </row>
        </rows>
      </header>
      <footer
        id="{28c29ec7-08f0-4de1-964a-e95e4bfb4d98}"
        celllabelposition="Top"
        columns="111"
        labelwidth="115"
        celllabelalignment="Left"
        solutionaction="Added">
        <rows>
          <row>
            <cell
              id="{06df05fd-006c-40fa-af12-3f6c9012957e}"
              showlabel="false"
              ordinalvalue="10000">
              <labels>
                <label
                  description=""
                  languagecode="1033" />
              </labels>
            </cell>
            <cell
              id="{7d1d09c2-1860-4734-812f-42b005fa8920}"
              showlabel="false"
              ordinalvalue="20001">
              <labels>
                <label
                  description=""
                  languagecode="1033" />
              </labels>
            </cell>
            <cell
              id="{0afc5550-846e-47bc-929d-2f18d040efce}"
              showlabel="false"
              ordinalvalue="30002">
              <labels>
                <label
                  description=""
                  languagecode="1033" />
              </labels>
            </cell>
          </row>
        </rows>
      </footer>
      <Navigation
        solutionaction="Added">
        <NavBar />
        <NavBarAreas>
          <NavBarArea
            Id="Info">
            <Titles>
              <Title
                LCID="1033"
                Text="Common" />
            </Titles>
          </NavBarArea>
          <NavBarArea
            Id="Sales">
            <Titles>
              <Title
                LCID="1033"
                Text="Sales" />
            </Titles>
          </NavBarArea>
          <NavBarArea
            Id="Service">
            <Titles>
              <Title
                LCID="1033"
                Text="Service" />
            </Titles>
          </NavBarArea>
          <NavBarArea
            Id="Marketing">
            <Titles>
              <Title
                LCID="1033"
                Text="Marketing" />
            </Titles>
          </NavBarArea>
          <NavBarArea
            Id="ProcessCenter">
            <Titles>
              <Title
                LCID="1033"
                Text="Process Sessions" />
            </Titles>
          </NavBarArea>
        </NavBarAreas>
      </Navigation>
      <controlDescriptions
        solutionaction="Added" />
      <DisplayConditions
        Order="0"
        FallbackForm="true"
        solutionaction="Added">
        <Everyone />
      </DisplayConditions>
    </form>
    <LocalizedNames>
      <LocalizedName
        description="Information"
        languagecode="1033" />
      <LocalizedName
        description=""
        languagecode="1086" />
    </LocalizedNames>
    <Descriptions>
      <Description
        description="A form for this entity."
        languagecode="1033" />
      <Description
        description="Borang untuk entiti ini."
        languagecode="1086" />
    </Descriptions>
  </systemform>
</forms>