﻿<?xml version="1.0" encoding="utf-8"?>
<systemform>
  <formid>{435b4594-ac97-4c9a-9e04-444970499110}</formid>
  <IntroducedVersion>1.0.0.0</IntroducedVersion>
  <FormPresentation>1</FormPresentation>
  <FormActivationState>1</FormActivationState>
  <form maxWidth="400">
    <tabs>
      <tab id="{cbdd6ce0-5a16-4344-b5e1-ea1a8ba4937b}" name="tab_1" showlabel="false" locklevel="0" expanded="true">
        <labels>
          <label description="Programme Summary" languagecode="1033" />
        </labels>
        <columns>
          <column width="100%">
            <sections>
              <section id="{fea27edb-5181-4475-a32e-f26c36b2a7f6}" name="tab_1_column_1_section_1" columns="1" showlabel="false" showbar="false" IsUserDefined="0">
                <labels>
                  <label description="section" languagecode="1033" />
                </labels>
                <rows>
                  <row>
                    <cell id="{c8a769e4-e1a1-260b-4a22-531a95c735e2}" showlabel="true" locklevel="0">
                      <labels>
                        <label description="Category" languagecode="1033" />
                      </labels>
                      <control id="rbsm_category" classid="{3EF39988-22BB-4f0b-BBBE-64B5A3748AEE}" datafieldname="rbsm_category" disabled="false" />
                    </cell>
                  </row>
                  <row>
                    <cell id="{e4dad694-c831-5ab0-1c12-6a7887798489}" showlabel="true" locklevel="0">
                      <labels>
                        <label description="Sub Category" languagecode="1033" />
                      </labels>
                      <control id="rbsm_subcategory" classid="{3EF39988-22BB-4f0b-BBBE-64B5A3748AEE}" datafieldname="rbsm_subcategory" disabled="false" />
                    </cell>
                  </row>
                  <row>
                    <cell id="{d87a2649-4bdb-8be8-8848-8dc548e8592c}" showlabel="true" locklevel="0">
                      <labels>
                        <label description="Disc Subcategory" languagecode="1033" />
                      </labels>
                      <control id="rbsm_disc" classid="{3EF39988-22BB-4f0b-BBBE-64B5A3748AEE}" datafieldname="rbsm_disc" disabled="false" />
                    </cell>
                  </row>
                  <row>
                    <cell id="{a3c15b9b-29b8-b8d7-ad66-e02101c7318e}" showlabel="true" locklevel="0">
                      <labels>
                        <label description="Description" languagecode="1033" />
                      </labels>
                      <control id="rbsm_description" classid="{E0DECE4B-6FC8-4a8f-A065-082708572369}" datafieldname="rbsm_description" disabled="false" />
                    </cell>
                  </row>
                  <row>
                    <cell id="{9a853735-b536-d8a5-c5e7-a90e7256bca9}" showlabel="true" locklevel="0">
                      <labels>
                        <label description="Common Reference" languagecode="1033" />
                      </labels>
                      <control id="rbsm_commonreference" classid="{4273EDBD-AC1D-40d3-9FB2-095C621B552D}" datafieldname="rbsm_commonreference" disabled="false" />
                    </cell>
                  </row>
                  <row>
                    <cell id="{16b55d2c-c67c-69d8-42a3-b3e4c023d6be}" showlabel="true" locklevel="0">
                      <labels>
                        <label description="Business Area" languagecode="1033" />
                      </labels>
                      <control id="rbsm_businessarea" classid="{270BD3DB-D9AF-4782-9025-509E298DEC0A}" datafieldname="rbsm_businessarea" disabled="false" />
                    </cell>
                  </row>
                  <row>
                    <cell id="{8c2ea7a2-a094-4d80-eec0-54d445232143}" showlabel="true" locklevel="0">
                      <labels>
                        <label description="Total Benefits" languagecode="1033" />
                      </labels>
                      <control id="rbsm_totalbenefits" classid="{0D2C745A-E5A8-4c8f-BA63-C6D3BB604660}" datafieldname="rbsm_totalbenefits" disabled="false" />
                    </cell>
                  </row>
                  <row>
                    <cell id="{01a13d56-be01-5984-6776-b96053ea86cb}" showlabel="true" locklevel="0">
                      <labels>
                        <label description="Total Costs" languagecode="1033" />
                      </labels>
                      <control id="rbsm_totalcosts" classid="{0D2C745A-E5A8-4c8f-BA63-C6D3BB604660}" datafieldname="rbsm_totalcosts" disabled="false" />
                    </cell>
                  </row>
                </rows>
              </section>
            </sections>
          </column>
        </columns>
      </tab>
    </tabs>
    <DisplayConditions Order="1">
      <Role Id="{627090ff-40a3-4053-8790-584edc5be201}" />
      <Role Id="{119f245c-3cc8-4b62-b31c-d1a046ced15d}" />
    </DisplayConditions>
  </form>
  <IsCustomizable>1</IsCustomizable>
  <CanBeDeleted>1</CanBeDeleted>
  <LocalizedNames>
    <LocalizedName description="Programme Quick View" languagecode="1033" />
  </LocalizedNames>
</systemform>