﻿<?xml version="1.0" encoding="utf-8"?>
<systemform>
  <formid>{ac122056-509d-4a1b-83c0-bd141ba26975}</formid>
  <IntroducedVersion>1.0.0.0</IntroducedVersion>
  <FormPresentation>1</FormPresentation>
  <FormActivationState>1</FormActivationState>
  <form>
    <tabs>
      <tab verticallayout="true" id="{1e80eaf8-6296-4564-8749-1c3d8f1579ce}" IsUserDefined="1">
        <labels>
          <label description="General" languagecode="1033" />
        </labels>
        <columns>
          <column width="33%">
            <sections>
              <section showlabel="false" showbar="false" IsUserDefined="0" id="{de4f988b-6128-4c5e-a98d-4c8e523b1a2c}">
                <labels>
                  <label description="General" languagecode="1033" />
                </labels>
                <rows>
                  <row>
                    <cell id="{9e81d883-e66b-4dd4-b47a-21628a630243}" showlabel="true" locklevel="0">
                      <labels>
                        <label description="Type" languagecode="1033" />
                      </labels>
                      <control id="rbsm_type" classid="{3EF39988-22BB-4f0b-BBBE-64B5A3748AEE}" datafieldname="rbsm_type" disabled="false" />
                    </cell>
                  </row>
                  <row>
                    <cell id="{a32775c3-b894-9792-c30d-093ace611801}" showlabel="true" locklevel="0">
                      <labels>
                        <label description="Opportunity" languagecode="1033" />
                      </labels>
                      <control id="rbsm_opportunityid" classid="{270BD3DB-D9AF-4782-9025-509E298DEC0A}" datafieldname="rbsm_opportunityid" disabled="false">
                        <parameters>
                          <AutoResolve>true</AutoResolve>
                          <DisableMru>false</DisableMru>
                          <DisableQuickFind>false</DisableQuickFind>
                          <DisableViewPicker>false</DisableViewPicker>
                          <DefaultViewId>{9EB361B4-67AC-4830-8ABF-2D29EFBAEE2C}</DefaultViewId>
                          <AllowFilterOff>false</AllowFilterOff>
                        </parameters>
                      </control>
                    </cell>
                  </row>
                  <row>
                    <cell id="{e60b1c53-623f-4c33-a6c8-7f94f224e6da}" showlabel="true" locklevel="0">
                      <labels>
                        <label description="Title" languagecode="1033" />
                      </labels>
                      <control id="rbsm_name" classid="{4273EDBD-AC1D-40d3-9FB2-095C621B552D}" datafieldname="rbsm_name" disabled="false" />
                    </cell>
                  </row>
                  <row>
                    <cell id="{3845558b-3140-2a65-7146-d128b73cdaea}" showlabel="true" locklevel="0">
                      <labels>
                        <label description="Description" languagecode="1033" />
                      </labels>
                      <control id="rbsm_description" classid="{E0DECE4B-6FC8-4a8f-A065-082708572369}" datafieldname="rbsm_description" disabled="false" />
                    </cell>
                  </row>
                  <row>
                    <cell id="{1a894f32-2483-4e82-9b1b-c821f1286f7c}">
                      <labels>
                        <label description="Owner" languagecode="1033" />
                      </labels>
                      <control id="ownerid" classid="{270BD3DB-D9AF-4782-9025-509E298DEC0A}" datafieldname="ownerid" />
                    </cell>
                  </row>
                  <row>
                    <cell id="{ce3ed8b2-d30c-3cd7-176c-614e91818a59}" showlabel="true" locklevel="0">
                      <labels>
                        <label description="Status" languagecode="1033" />
                      </labels>
                      <control id="statecode" classid="{3EF39988-22BB-4f0b-BBBE-64B5A3748AEE}" datafieldname="statecode" disabled="false" />
                    </cell>
                  </row>
                  <row>
                    <cell id="{abe3a96b-7e1d-8396-cbde-a1c94609316b}" showlabel="true" locklevel="0">
                      <labels>
                        <label description="Impact" languagecode="1033" />
                      </labels>
                      <control id="rbsm_impact" classid="{3EF39988-22BB-4f0b-BBBE-64B5A3748AEE}" datafieldname="rbsm_impact" disabled="false" />
                    </cell>
                  </row>
                  <row>
                    <cell id="{ae6626d7-82e6-c77b-e61d-89d5cd96b936}" showlabel="true" locklevel="0">
                      <labels>
                        <label description="Likelihood" languagecode="1033" />
                      </labels>
                      <control id="rbsm_likelihood" classid="{3EF39988-22BB-4f0b-BBBE-64B5A3748AEE}" datafieldname="rbsm_likelihood" disabled="false" />
                    </cell>
                  </row>
                  <row>
                    <cell id="{c6d53db2-cbd0-7664-0840-5531c9d9cc3a}" showlabel="true" locklevel="0">
                      <labels>
                        <label description="Planned Actions" languagecode="1033" />
                      </labels>
                      <control id="rbsm_plannedactions" classid="{E0DECE4B-6FC8-4a8f-A065-082708572369}" datafieldname="rbsm_plannedactions" disabled="false" />
                    </cell>
                  </row>
                  <row>
                    <cell id="{bacbad06-a2c0-278b-491d-db9d89590dc8}" showlabel="true" locklevel="0">
                      <labels>
                        <label description="Status Reason" languagecode="1033" />
                      </labels>
                      <control id="statuscode" classid="{5D68B988-0661-4db2-BC3E-17598AD3BE6C}" datafieldname="statuscode" disabled="false" />
                    </cell>
                  </row>
                </rows>
              </section>
            </sections>
          </column>
          <column width="66%">
            <sections>
              <section showlabel="false" showbar="false" id="{97dd79d9-7bd9-4294-939b-56026b03e75c}" IsUserDefined="0" height="auto">
                <labels>
                  <label description="Notes" languagecode="1033" />
                </labels>
                <rows>
                  <row>
                    <cell showlabel="false" rowspan="15" auto="false" id="{097b7821-81c9-4cb5-ac6e-3647c9c711f4}">
                      <labels>
                        <label description="Note Text" languagecode="1033" />
                      </labels>
                      <control id="notescontrol" classid="{06375649-c143-495e-a496-c962e5b4488e}">
                        <parameters>
                          <DefaultTabId>NotesTab</DefaultTabId>
                        </parameters>
                      </control>
                    </cell>
                  </row>
                  <row></row>
                  <row></row>
                  <row></row>
                  <row></row>
                  <row></row>
                  <row></row>
                  <row></row>
                  <row></row>
                  <row></row>
                  <row></row>
                  <row></row>
                  <row></row>
                  <row></row>
                  <row height="auto"></row>
                </rows>
              </section>
            </sections>
          </column>
        </columns>
      </tab>
    </tabs>
    <Navigation>
      <NavBar></NavBar>
      <NavBarAreas>
        <NavBarArea Id="Info">
          <Titles>
            <Title LCID="1033" Text="Common" />
          </Titles>
        </NavBarArea>
        <NavBarArea Id="Sales">
          <Titles>
            <Title LCID="1033" Text="Sales" />
          </Titles>
        </NavBarArea>
        <NavBarArea Id="Service">
          <Titles>
            <Title LCID="1033" Text="Service" />
          </Titles>
        </NavBarArea>
        <NavBarArea Id="Marketing">
          <Titles>
            <Title LCID="1033" Text="Marketing" />
          </Titles>
        </NavBarArea>
        <NavBarArea Id="ProcessCenter">
          <Titles>
            <Title LCID="1033" Text="Process Sessions" />
          </Titles>
        </NavBarArea>
      </NavBarAreas>
    </Navigation>
  </form>
  <IsCustomizable>1</IsCustomizable>
  <CanBeDeleted>1</CanBeDeleted>
  <LocalizedNames>
    <LocalizedName description="Information" languagecode="1033" />
  </LocalizedNames>
  <Descriptions>
    <Description description="A form for this entity." languagecode="1033" />
  </Descriptions>
</systemform>