﻿<?xml version="1.0" encoding="utf-8"?>
<systemform>
  <formid>{95430f93-b826-48a8-857c-a6fe0fac54cd}</formid>
  <IntroducedVersion>1.0.0.0</IntroducedVersion>
  <FormPresentation>1</FormPresentation>
  <FormActivationState>1</FormActivationState>
  <form>
    <tabs>
      <tab verticallayout="true" id="{ec66e546-6676-44ff-b08e-b0f8ddc13984}" IsUserDefined="1">
        <labels>
          <label description="General" languagecode="1033" />
        </labels>
        <columns>
          <column width="100%">
            <sections>
              <section showlabel="false" showbar="false" IsUserDefined="0" id="{36eba6f9-df17-435b-9ec3-dff80dc14883}">
                <labels>
                  <label description="General" languagecode="1033" />
                </labels>
                <rows>
                  <row>
                    <cell id="{14d85268-b1d9-4615-ba5f-33feed489e32}">
                      <labels>
                        <label description="Name" languagecode="1033" />
                      </labels>
                      <control id="rbs_name" classid="{4273EDBD-AC1D-40d3-9FB2-095C621B552D}" datafieldname="rbs_name" uniqueid="{d7aac8bc-5d36-d183-6dd6-789e31a8d0b2}" />
                    </cell>
                  </row>
                  <row>
                    <cell id="{b6638e28-0b54-89ba-1ee2-53684d8e3093}" showlabel="true" locklevel="0">
                      <labels>
                        <label description="Last Acknowledged On" languagecode="1033" />
                      </labels>
                      <control id="rbs_lastacknowledgedon" classid="{5B773807-9FB2-42db-97C3-7A91EFF8ADFF}" datafieldname="rbs_lastacknowledgedon" disabled="false" />
                    </cell>
                  </row>
                  <row>
                    <cell id="{3483daa4-293d-11bd-e49e-41400b337046}" showlabel="true" locklevel="0">
                      <labels>
                        <label description="Recipient Type" languagecode="1033" />
                      </labels>
                      <control id="rbs_recipienttype" classid="{3EF39988-22BB-4f0b-BBBE-64B5A3748AEE}" datafieldname="rbs_recipienttype" disabled="false" />
                    </cell>
                  </row>
                  <row>
                    <cell id="{4171987e-4b08-2b69-ba50-ee2e8053e671}" showlabel="true" locklevel="0">
                      <labels>
                        <label description="User" languagecode="1033" />
                      </labels>
                      <control id="rbs_user" classid="{270BD3DB-D9AF-4782-9025-509E298DEC0A}" datafieldname="rbs_user" disabled="false" />
                    </cell>
                  </row>
                  <row>
                    <cell id="{94897e75-1a5e-2065-8d56-aa014b43c438}" showlabel="true" locklevel="0">
                      <labels>
                        <label description="Notification" languagecode="1033" />
                      </labels>
                      <control id="rbs_notification" classid="{270BD3DB-D9AF-4782-9025-509E298DEC0A}" datafieldname="rbs_notification" disabled="false" />
                    </cell>
                  </row>
                  <row>
                    <cell id="{16a05e09-1af9-4141-9380-dbb66e1ddab5}">
                      <labels>
                        <label description="Owner" languagecode="1033" />
                      </labels>
                      <control id="ownerid" classid="{270BD3DB-D9AF-4782-9025-509E298DEC0A}" datafieldname="ownerid" />
                    </cell>
                  </row>
                </rows>
              </section>
            </sections>
          </column>
        </columns>
      </tab>
    </tabs>
    <Navigation>
      <NavBar></NavBar>
      <NavBarAreas>
        <NavBarArea Id="Info">
          <Titles>
            <Title LCID="1033" Text="Common" />
          </Titles>
        </NavBarArea>
        <NavBarArea Id="Sales">
          <Titles>
            <Title LCID="1033" Text="Sales" />
          </Titles>
        </NavBarArea>
        <NavBarArea Id="Service">
          <Titles>
            <Title LCID="1033" Text="Service" />
          </Titles>
        </NavBarArea>
        <NavBarArea Id="Marketing">
          <Titles>
            <Title LCID="1033" Text="Marketing" />
          </Titles>
        </NavBarArea>
        <NavBarArea Id="ProcessCenter">
          <Titles>
            <Title LCID="1033" Text="Process Sessions" />
          </Titles>
        </NavBarArea>
      </NavBarAreas>
    </Navigation>
  </form>
  <IsCustomizable>1</IsCustomizable>
  <CanBeDeleted>1</CanBeDeleted>
  <LocalizedNames>
    <LocalizedName description="Information" languagecode="1033" />
  </LocalizedNames>
  <Descriptions>
    <Description description="A form for this entity." languagecode="1033" />
  </Descriptions>
</systemform>