﻿<?xml version="1.0" encoding="utf-8"?>
<Role id="{21204d7e-4797-e511-9f13-005056ae52c3}" name="DES Manager">
  <IsCustomizable>1</IsCustomizable>
  <RolePrivileges>
    <RolePrivilege name="prvActivateBusinessProcessFlow" level="Global" />
    <RolePrivilege name="prvActivateSynchronousWorkflow" level="Global" />
    <RolePrivilege name="prvAddressBook" level="Global" />
    <RolePrivilege name="prvAppendAccount" level="Global" />
    <RolePrivilege name="prvAppendActivity" level="Local" />
    <RolePrivilege name="prvAppendArticle" level="Global" />
    <RolePrivilege name="prvAppendCompetitor" level="Global" />
    <RolePrivilege name="prvAppendConnection" level="Global" />
    <RolePrivilege name="prvAppendConnectionRole" level="Global" />
    <RolePrivilege name="prvAppendConstraint" level="Global" />
    <RolePrivilege name="prvAppendContact" level="Global" />
    <RolePrivilege name="prvAppendDuplicateRule" level="Local" />
    <RolePrivilege name="prvAppendEmailTemplate" level="Deep" />
    <RolePrivilege name="prvAppendGoal" level="Basic" />
    <RolePrivilege name="prvAppendGoalRollupQuery" level="Basic" />
    <RolePrivilege name="prvAppendImport" level="Local" />
    <RolePrivilege name="prvAppendImportFile" level="Local" />
    <RolePrivilege name="prvAppendImportMap" level="Local" />
    <RolePrivilege name="prvAppendLead" level="Global" />
    <RolePrivilege name="prvAppendMailbox" level="Basic" />
    <RolePrivilege name="prvAppendMailMergeTemplate" level="Basic" />
    <RolePrivilege name="prvAppendMetric" level="Global" />
    <RolePrivilege name="prvAppendmsdyn_PostAlbum" level="Basic" />
    <RolePrivilege name="prvAppendmsdyn_wallsavedqueryusersettings" level="Basic" />
    <RolePrivilege name="prvAppendNote" level="Local" />
    <RolePrivilege name="prvAppendOpportunity" level="Global" />
    <RolePrivilege name="prvAppendPost" level="Global" />
    <RolePrivilege name="prvAppendPostFollow" level="Basic" />
    <RolePrivilege name="prvAppendrbsm_businessbenefit" level="Global" />
    <RolePrivilege name="prvAppendrbsm_ceoactivity" level="Global" />
    <RolePrivilege name="prvAppendrbsm_ceoactivitycontact" level="Global" />
    <RolePrivilege name="prvAppendrbsm_customerceoactivityconnection" level="Global" />
    <RolePrivilege name="prvAppendrbsm_opportunitypackage" level="Global" />
    <RolePrivilege name="prvAppendrbsm_opportunityservicecatalogconnection" level="Global" />
    <RolePrivilege name="prvAppendrbsm_ProductMetrics" level="Global" />
    <RolePrivilege name="prvAppendrbsm_productservicescatalog" level="Global" />
    <RolePrivilege name="prvAppendrbsm_programme" level="Global" />
    <RolePrivilege name="prvAppendrbsm_Project" level="Global" />
    <RolePrivilege name="prvAppendrbsm_RAIDLog" level="Global" />
    <RolePrivilege name="prvAppendrbsm_rbspriority" level="Global" />
    <RolePrivilege name="prvAppendrbsm_resourcestrategy" level="Global" />
    <RolePrivilege name="prvAppendReport" level="Basic" />
    <RolePrivilege name="prvAppendSalesLiterature" level="Global" />
    <RolePrivilege name="prvAppendSharePointDocumentLocation" level="Global" />
    <RolePrivilege name="prvAppendSocialProfile" level="Global" />
    <RolePrivilege name="prvAppendTeam" level="Global" />
    <RolePrivilege name="prvAppendToAccount" level="Global" />
    <RolePrivilege name="prvAppendToActivity" level="Local" />
    <RolePrivilege name="prvAppendToArticle" level="Global" />
    <RolePrivilege name="prvAppendToArticleTemplate" level="Global" />
    <RolePrivilege name="prvAppendToAsyncOperation" level="Local" />
    <RolePrivilege name="prvAppendToCompetitor" level="Global" />
    <RolePrivilege name="prvAppendToConnection" level="Global" />
    <RolePrivilege name="prvAppendToConnectionRole" level="Global" />
    <RolePrivilege name="prvAppendToContact" level="Global" />
    <RolePrivilege name="prvAppendToDuplicateRule" level="Local" />
    <RolePrivilege name="prvAppendToEmailServerProfile" level="Global" />
    <RolePrivilege name="prvAppendToEmailTemplate" level="Global" />
    <RolePrivilege name="prvAppendToGoal" level="Basic" />
    <RolePrivilege name="prvAppendToGoalRollupQuery" level="Basic" />
    <RolePrivilege name="prvAppendToImport" level="Local" />
    <RolePrivilege name="prvAppendToImportFile" level="Local" />
    <RolePrivilege name="prvAppendToImportMap" level="Local" />
    <RolePrivilege name="prvAppendToLead" level="Global" />
    <RolePrivilege name="prvAppendToMailMergeTemplate" level="Basic" />
    <RolePrivilege name="prvAppendToMetric" level="Global" />
    <RolePrivilege name="prvAppendTomsdyn_PostAlbum" level="Basic" />
    <RolePrivilege name="prvAppendTomsdyn_wallsavedqueryusersettings" level="Basic" />
    <RolePrivilege name="prvAppendToNewsArticle" level="Global" />
    <RolePrivilege name="prvAppendToNote" level="Local" />
    <RolePrivilege name="prvAppendToOpportunity" level="Global" />
    <RolePrivilege name="prvAppendToPost" level="Global" />
    <RolePrivilege name="prvAppendToQueue" level="Basic" />
    <RolePrivilege name="prvAppendTorbsm_businessbenefit" level="Global" />
    <RolePrivilege name="prvAppendTorbsm_ceoactivity" level="Global" />
    <RolePrivilege name="prvAppendTorbsm_ceoactivitycontact" level="Global" />
    <RolePrivilege name="prvAppendTorbsm_customerceoactivityconnection" level="Global" />
    <RolePrivilege name="prvAppendTorbsm_opportunitypackage" level="Global" />
    <RolePrivilege name="prvAppendTorbsm_opportunityservicecatalogconnection" level="Global" />
    <RolePrivilege name="prvAppendTorbsm_ProductMetrics" level="Global" />
    <RolePrivilege name="prvAppendTorbsm_productservicescatalog" level="Global" />
    <RolePrivilege name="prvAppendTorbsm_programme" level="Global" />
    <RolePrivilege name="prvAppendTorbsm_Project" level="Global" />
    <RolePrivilege name="prvAppendTorbsm_RAIDLog" level="Global" />
    <RolePrivilege name="prvAppendTorbsm_rbspriority" level="Global" />
    <RolePrivilege name="prvAppendTorbsm_resourcestrategy" level="Global" />
    <RolePrivilege name="prvAppendToReport" level="Basic" />
    <RolePrivilege name="prvAppendToSalesLiterature" level="Global" />
    <RolePrivilege name="prvAppendToSharePointDocumentLocation" level="Global" />
    <RolePrivilege name="prvAppendToSharePointSite" level="Global" />
    <RolePrivilege name="prvAppendToSocialProfile" level="Global" />
    <RolePrivilege name="prvAppendToSubject" level="Global" />
    <RolePrivilege name="prvAppendToTeam" level="Global" />
    <RolePrivilege name="prvAppendToTraceLog" level="Global" />
    <RolePrivilege name="prvAppendToTransactionCurrency" level="Global" />
    <RolePrivilege name="prvAppendToUser" level="Global" />
    <RolePrivilege name="prvAppendToUserSettings" level="Local" />
    <RolePrivilege name="prvAppendToWorkflow" level="Global" />
    <RolePrivilege name="prvAppendToWorkflowSession" level="Local" />
    <RolePrivilege name="prvAppendTraceLog" level="Global" />
    <RolePrivilege name="prvAppendTransactionCurrency" level="Global" />
    <RolePrivilege name="prvAppendUser" level="Global" />
    <RolePrivilege name="prvAppendWorkflow" level="Local" />
    <RolePrivilege name="prvAppendWorkflowSession" level="Local" />
    <RolePrivilege name="prvAssignAccount" level="Local" />
    <RolePrivilege name="prvAssignActivity" level="Local" />
    <RolePrivilege name="prvAssignAsyncOperation" level="Local" />
    <RolePrivilege name="prvAssignConnection" level="Global" />
    <RolePrivilege name="prvAssignContact" level="Local" />
    <RolePrivilege name="prvAssignDuplicateRule" level="Local" />
    <RolePrivilege name="prvAssignEmailTemplate" level="Deep" />
    <RolePrivilege name="prvAssignGoal" level="Local" />
    <RolePrivilege name="prvAssignGoalRollupQuery" level="Basic" />
    <RolePrivilege name="prvAssignImport" level="Local" />
    <RolePrivilege name="prvAssignImportFile" level="Local" />
    <RolePrivilege name="prvAssignImportMap" level="Local" />
    <RolePrivilege name="prvAssignLead" level="Local" />
    <RolePrivilege name="prvAssignMailMergeTemplate" level="Basic" />
    <RolePrivilege name="prvAssignManager" level="Deep" />
    <RolePrivilege name="prvAssignNote" level="Local" />
    <RolePrivilege name="prvAssignOpportunity" level="Local" />
    <RolePrivilege name="prvAssignrbsm_businessbenefit" level="Global" />
    <RolePrivilege name="prvAssignrbsm_ceoactivity" level="Basic" />
    <RolePrivilege name="prvAssignrbsm_ceoactivitycontact" level="Global" />
    <RolePrivilege name="prvAssignrbsm_customerceoactivityconnection" level="Basic" />
    <RolePrivilege name="prvAssignrbsm_opportunitypackage" level="Global" />
    <RolePrivilege name="prvAssignrbsm_opportunityservicecatalogconnection" level="Global" />
    <RolePrivilege name="prvAssignrbsm_productservicescatalog" level="Global" />
    <RolePrivilege name="prvAssignrbsm_programme" level="Global" />
    <RolePrivilege name="prvAssignrbsm_RAIDLog" level="Global" />
    <RolePrivilege name="prvAssignrbsm_rbspriority" level="Global" />
    <RolePrivilege name="prvAssignrbsm_resourcestrategy" level="Global" />
    <RolePrivilege name="prvAssignReport" level="Basic" />
    <RolePrivilege name="prvAssignRole" level="Local" />
    <RolePrivilege name="prvAssignSharePointDocumentLocation" level="Global" />
    <RolePrivilege name="prvAssignSharePointSite" level="Global" />
    <RolePrivilege name="prvAssignSocialProfile" level="Local" />
    <RolePrivilege name="prvAssignTerritory" level="Deep" />
    <RolePrivilege name="prvAssignUserEntityInstanceData" level="Basic" />
    <RolePrivilege name="prvAssignUserForm" level="Basic" />
    <RolePrivilege name="prvAssignUserQuery" level="Basic" />
    <RolePrivilege name="prvAssignUserQueryVisualizations" level="Basic" />
    <RolePrivilege name="prvAssignWorkflow" level="Local" />
    <RolePrivilege name="prvAssignWorkflowSession" level="Local" />
    <RolePrivilege name="prvBrowseAvailability" level="Global" />
    <RolePrivilege name="prvBulkEdit" level="Global" />
    <RolePrivilege name="prvCreateAccount" level="Basic" />
    <RolePrivilege name="prvCreateActivity" level="Local" />
    <RolePrivilege name="prvCreateArticle" level="Global" />
    <RolePrivilege name="prvCreateArticleTemplate" level="Global" />
    <RolePrivilege name="prvCreateCompetitor" level="Global" />
    <RolePrivilege name="prvCreateConnection" level="Local" />
    <RolePrivilege name="prvCreateContact" level="Basic" />
    <RolePrivilege name="prvCreateDuplicateRule" level="Local" />
    <RolePrivilege name="prvCreateEmailTemplate" level="Local" />
    <RolePrivilege name="prvCreateExchangeSyncIdMapping" level="Basic" />
    <RolePrivilege name="prvCreateGoal" level="Basic" />
    <RolePrivilege name="prvCreateGoalRollupQuery" level="Basic" />
    <RolePrivilege name="prvCreateImport" level="Local" />
    <RolePrivilege name="prvCreateImportFile" level="Local" />
    <RolePrivilege name="prvCreateImportMap" level="Local" />
    <RolePrivilege name="prvCreateLead" level="Basic" />
    <RolePrivilege name="prvCreateMailMergeTemplate" level="Basic" />
    <RolePrivilege name="prvCreateMetric" level="Global" />
    <RolePrivilege name="prvCreatemsdyn_PostAlbum" level="Basic" />
    <RolePrivilege name="prvCreatemsdyn_wallsavedqueryusersettings" level="Basic" />
    <RolePrivilege name="prvCreateNewsArticle" level="Global" />
    <RolePrivilege name="prvCreateNote" level="Local" />
    <RolePrivilege name="prvCreateOpportunity" level="Local" />
    <RolePrivilege name="prvCreateOrgEmailTemplates" level="Global" />
    <RolePrivilege name="prvCreatePost" level="Global" />
    <RolePrivilege name="prvCreatePostFollow" level="Basic" />
    <RolePrivilege name="prvCreatePrincipalObjectAttributeAccess" level="Global" />
    <RolePrivilege name="prvCreateQuery" level="Global" />
    <RolePrivilege name="prvCreaterbsm_businessbenefit" level="Global" />
    <RolePrivilege name="prvCreaterbsm_ceoactivity" level="Basic" />
    <RolePrivilege name="prvCreaterbsm_ceoactivitycontact" level="Basic" />
    <RolePrivilege name="prvCreaterbsm_customerceoactivityconnection" level="Basic" />
    <RolePrivilege name="prvCreaterbsm_opportunitypackage" level="Basic" />
    <RolePrivilege name="prvCreaterbsm_opportunityservicecatalogconnection" level="Basic" />
    <RolePrivilege name="prvCreaterbsm_ProductMetrics" level="Global" />
    <RolePrivilege name="prvCreaterbsm_productservicescatalog" level="Basic" />
    <RolePrivilege name="prvCreaterbsm_programme" level="Basic" />
    <RolePrivilege name="prvCreaterbsm_Project" level="Basic" />
    <RolePrivilege name="prvCreaterbsm_RAIDLog" level="Basic" />
    <RolePrivilege name="prvCreaterbsm_rbspriority" level="Basic" />
    <RolePrivilege name="prvCreaterbsm_resourcestrategy" level="Basic" />
    <RolePrivilege name="prvCreateReport" level="Basic" />
    <RolePrivilege name="prvCreateSalesLiterature" level="Global" />
    <RolePrivilege name="prvCreateSavedQueryVisualizations" level="Global" />
    <RolePrivilege name="prvCreateSharePointData" level="Global" />
    <RolePrivilege name="prvCreateSharePointDocumentLocation" level="Global" />
    <RolePrivilege name="prvCreateSocialProfile" level="Local" />
    <RolePrivilege name="prvCreateTeam" level="Local" />
    <RolePrivilege name="prvCreateTraceLog" level="Global" />
    <RolePrivilege name="prvCreateUser" level="Local" />
    <RolePrivilege name="prvCreateUserApplicationMetadata" level="Basic" />
    <RolePrivilege name="prvCreateUserEntityInstanceData" level="Basic" />
    <RolePrivilege name="prvCreateUserEntityUISettings" level="Basic" />
    <RolePrivilege name="prvCreateUserForm" level="Basic" />
    <RolePrivilege name="prvCreateUserQuery" level="Basic" />
    <RolePrivilege name="prvCreateUserQueryVisualizations" level="Basic" />
    <RolePrivilege name="prvCreateUserSettings" level="Local" />
    <RolePrivilege name="prvCreateWorkflow" level="Local" />
    <RolePrivilege name="prvCreateWorkflowSession" level="Local" />
    <RolePrivilege name="prvDeleteAccount" level="Local" />
    <RolePrivilege name="prvDeleteActivity" level="Local" />
    <RolePrivilege name="prvDeleteArticle" level="Global" />
    <RolePrivilege name="prvDeleteCompetitor" level="Global" />
    <RolePrivilege name="prvDeleteConnection" level="Local" />
    <RolePrivilege name="prvDeleteContact" level="Local" />
    <RolePrivilege name="prvDeleteDuplicateRule" level="Local" />
    <RolePrivilege name="prvDeleteEmailTemplate" level="Global" />
    <RolePrivilege name="prvDeleteExchangeSyncIdMapping" level="Basic" />
    <RolePrivilege name="prvDeleteGoal" level="Basic" />
    <RolePrivilege name="prvDeleteGoalRollupQuery" level="Basic" />
    <RolePrivilege name="prvDeleteImport" level="Local" />
    <RolePrivilege name="prvDeleteImportFile" level="Local" />
    <RolePrivilege name="prvDeleteImportMap" level="Local" />
    <RolePrivilege name="prvDeleteLead" level="Basic" />
    <RolePrivilege name="prvDeleteMailMergeTemplate" level="Basic" />
    <RolePrivilege name="prvDeleteMetric" level="Global" />
    <RolePrivilege name="prvDeletemsdyn_PostAlbum" level="Basic" />
    <RolePrivilege name="prvDeletemsdyn_wallsavedqueryusersettings" level="Basic" />
    <RolePrivilege name="prvDeleteNewsArticle" level="Global" />
    <RolePrivilege name="prvDeleteNote" level="Local" />
    <RolePrivilege name="prvDeleteOpportunity" level="Local" />
    <RolePrivilege name="prvDeletePostFollow" level="Basic" />
    <RolePrivilege name="prvDeletePrincipalObjectAttributeAccess" level="Global" />
    <RolePrivilege name="prvDeleteQuery" level="Global" />
    <RolePrivilege name="prvDeleterbsm_businessbenefit" level="Global" />
    <RolePrivilege name="prvDeleterbsm_ceoactivity" level="Basic" />
    <RolePrivilege name="prvDeleterbsm_ceoactivitycontact" level="Basic" />
    <RolePrivilege name="prvDeleterbsm_customerceoactivityconnection" level="Basic" />
    <RolePrivilege name="prvDeleterbsm_opportunitypackage" level="Basic" />
    <RolePrivilege name="prvDeleterbsm_opportunityservicecatalogconnection" level="Basic" />
    <RolePrivilege name="prvDeleterbsm_programme" level="Basic" />
    <RolePrivilege name="prvDeleterbsm_rbspriority" level="Basic" />
    <RolePrivilege name="prvDeleterbsm_resourcestrategy" level="Basic" />
    <RolePrivilege name="prvDeleteReport" level="Basic" />
    <RolePrivilege name="prvDeleteSalesLiterature" level="Global" />
    <RolePrivilege name="prvDeleteSavedQueryVisualizations" level="Global" />
    <RolePrivilege name="prvDeleteSocialProfile" level="Local" />
    <RolePrivilege name="prvDeleteTeam" level="Global" />
    <RolePrivilege name="prvDeleteUserApplicationMetadata" level="Basic" />
    <RolePrivilege name="prvDeleteUserEntityInstanceData" level="Basic" />
    <RolePrivilege name="prvDeleteUserEntityUISettings" level="Basic" />
    <RolePrivilege name="prvDeleteUserForm" level="Basic" />
    <RolePrivilege name="prvDeleteUserQuery" level="Basic" />
    <RolePrivilege name="prvDeleteUserQueryVisualizations" level="Basic" />
    <RolePrivilege name="prvDeleteUserSettings" level="Local" />
    <RolePrivilege name="prvDeleteWorkflow" level="Local" />
    <RolePrivilege name="prvDeleteWorkflowSession" level="Local" />
    <RolePrivilege name="prvDisableUser" level="Deep" />
    <RolePrivilege name="prvExportToExcel" level="Global" />
    <RolePrivilege name="prvGoMobile" level="Global" />
    <RolePrivilege name="prvGoOffline" level="Global" />
    <RolePrivilege name="prvISVExtensions" level="Global" />
    <RolePrivilege name="prvMailMerge" level="Global" />
    <RolePrivilege name="prvMerge" level="Global" />
    <RolePrivilege name="prvPrint" level="Global" />
    <RolePrivilege name="prvReadAccount" level="Global" />
    <RolePrivilege name="prvReadActivity" level="Global" />
    <RolePrivilege name="prvReadApplicationFile" level="Global" />
    <RolePrivilege name="prvReadArticle" level="Global" />
    <RolePrivilege name="prvReadArticleTemplate" level="Global" />
    <RolePrivilege name="prvReadAsyncOperation" level="Local" />
    <RolePrivilege name="prvReadAttribute" level="Global" />
    <RolePrivilege name="prvReadAttributeMap" level="Global" />
    <RolePrivilege name="prvReadBusinessUnit" level="Global" />
    <RolePrivilege name="prvReadCompetitor" level="Global" />
    <RolePrivilege name="prvReadComplexControl" level="Global" />
    <RolePrivilege name="prvReadConnection" level="Global" />
    <RolePrivilege name="prvReadConnectionRole" level="Global" />
    <RolePrivilege name="prvReadContact" level="Global" />
    <RolePrivilege name="prvReadConvertRule" level="Basic" />
    <RolePrivilege name="prvReadCustomization" level="Global" />
    <RolePrivilege name="prvReadDuplicateRule" level="Global" />
    <RolePrivilege name="prvReadEmailServerProfile" level="Global" />
    <RolePrivilege name="prvReadEmailTemplate" level="Global" />
    <RolePrivilege name="prvReadEntity" level="Global" />
    <RolePrivilege name="prvReadEntityMap" level="Global" />
    <RolePrivilege name="prvReadExchangeSyncIdMapping" level="Basic" />
    <RolePrivilege name="prvReadFieldSecurityProfile" level="Global" />
    <RolePrivilege name="prvReadGoal" level="Basic" />
    <RolePrivilege name="prvReadGoalRollupQuery" level="Basic" />
    <RolePrivilege name="prvReadImport" level="Local" />
    <RolePrivilege name="prvReadImportFile" level="Local" />
    <RolePrivilege name="prvReadImportMap" level="Global" />
    <RolePrivilege name="prvReadLead" level="Global" />
    <RolePrivilege name="prvReadLicense" level="Global" />
    <RolePrivilege name="prvReadMailbox" level="Basic" />
    <RolePrivilege name="prvReadMailMergeTemplate" level="Basic" />
    <RolePrivilege name="prvReadMetric" level="Global" />
    <RolePrivilege name="prvReadmsdyn_PostAlbum" level="Global" />
    <RolePrivilege name="prvReadmsdyn_PostConfig" level="Global" />
    <RolePrivilege name="prvReadmsdyn_PostRuleConfig" level="Global" />
    <RolePrivilege name="prvReadmsdyn_wallsavedquery" level="Global" />
    <RolePrivilege name="prvReadmsdyn_wallsavedqueryusersettings" level="Basic" />
    <RolePrivilege name="prvReadNewsArticle" level="Global" />
    <RolePrivilege name="prvReadNote" level="Global" />
    <RolePrivilege name="prvReadOpportunity" level="Global" />
    <RolePrivilege name="prvReadOptionSet" level="Global" />
    <RolePrivilege name="prvReadOrganization" level="Global" />
    <RolePrivilege name="prvReadOwnCalendar" level="Global" />
    <RolePrivilege name="prvReadPluginAssembly" level="Global" />
    <RolePrivilege name="prvReadPluginType" level="Global" />
    <RolePrivilege name="prvReadPost" level="Global" />
    <RolePrivilege name="prvReadPostFollow" level="Global" />
    <RolePrivilege name="prvReadPrincipalObjectAttributeAccess" level="Global" />
    <RolePrivilege name="prvReadProduct" level="Global" />
    <RolePrivilege name="prvReadQuery" level="Global" />
    <RolePrivilege name="prvReadQueue" level="Basic" />
    <RolePrivilege name="prvReadrbsm_businessbenefit" level="Global" />
    <RolePrivilege name="prvReadrbsm_ceoactivity" level="Global" />
    <RolePrivilege name="prvReadrbsm_ceoactivitycontact" level="Global" />
    <RolePrivilege name="prvReadrbsm_customerceoactivityconnection" level="Global" />
    <RolePrivilege name="prvReadrbsm_opportunitypackage" level="Global" />
    <RolePrivilege name="prvReadrbsm_opportunityservicecatalogconnection" level="Global" />
    <RolePrivilege name="prvReadrbsm_ProductMetrics" level="Global" />
    <RolePrivilege name="prvReadrbsm_productservicescatalog" level="Global" />
    <RolePrivilege name="prvReadrbsm_programme" level="Global" />
    <RolePrivilege name="prvReadrbsm_Project" level="Global" />
    <RolePrivilege name="prvReadrbsm_RAIDLog" level="Global" />
    <RolePrivilege name="prvReadrbsm_rbspriority" level="Global" />
    <RolePrivilege name="prvReadrbsm_resourcestrategy" level="Global" />
    <RolePrivilege name="prvReadRecordAuditHistory" level="Global" />
    <RolePrivilege name="prvReadRelationship" level="Global" />
    <RolePrivilege name="prvReadRelationshipRole" level="Global" />
    <RolePrivilege name="prvReadReport" level="Basic" />
    <RolePrivilege name="prvReadRole" level="Global" />
    <RolePrivilege name="prvReadSalesLiterature" level="Global" />
    <RolePrivilege name="prvReadSavedQueryVisualizations" level="Global" />
    <RolePrivilege name="prvReadSdkMessage" level="Global" />
    <RolePrivilege name="prvReadSdkMessageProcessingStep" level="Global" />
    <RolePrivilege name="prvReadSdkMessageProcessingStepImage" level="Global" />
    <RolePrivilege name="prvReadSharePointData" level="Global" />
    <RolePrivilege name="prvReadSharePointDocument" level="Global" />
    <RolePrivilege name="prvReadSharePointDocumentLocation" level="Global" />
    <RolePrivilege name="prvReadSharePointSite" level="Global" />
    <RolePrivilege name="prvReadSocialProfile" level="Global" />
    <RolePrivilege name="prvReadSubject" level="Global" />
    <RolePrivilege name="prvReadSystemApplicationMetadata" level="Global" />
    <RolePrivilege name="prvReadSystemForm" level="Global" />
    <RolePrivilege name="prvReadTeam" level="Global" />
    <RolePrivilege name="prvReadTraceLog" level="Global" />
    <RolePrivilege name="prvReadTransactionCurrency" level="Global" />
    <RolePrivilege name="prvReadUser" level="Global" />
    <RolePrivilege name="prvReadUserApplicationMetadata" level="Basic" />
    <RolePrivilege name="prvReadUserEntityInstanceData" level="Basic" />
    <RolePrivilege name="prvReadUserEntityUISettings" level="Basic" />
    <RolePrivilege name="prvReadUserForm" level="Basic" />
    <RolePrivilege name="prvReadUserQuery" level="Basic" />
    <RolePrivilege name="prvReadUserQueryVisualizations" level="Basic" />
    <RolePrivilege name="prvReadUserSettings" level="Global" />
    <RolePrivilege name="prvReadWebResource" level="Global" />
    <RolePrivilege name="prvReadWebWizard" level="Global" />
    <RolePrivilege name="prvReadWizardAccessPrivilege" level="Global" />
    <RolePrivilege name="prvReadWizardPage" level="Global" />
    <RolePrivilege name="prvReadWorkflow" level="Global" />
    <RolePrivilege name="prvReadWorkflowSession" level="Global" />
    <RolePrivilege name="prvReparentTeam" level="Global" />
    <RolePrivilege name="prvReparentUser" level="Deep" />
    <RolePrivilege name="prvRollupGoal" level="Global" />
    <RolePrivilege name="prvSearchAvailability" level="Global" />
    <RolePrivilege name="prvSendInviteForLive" level="Global" />
    <RolePrivilege name="prvShareAccount" level="Global" />
    <RolePrivilege name="prvShareActivity" level="Global" />
    <RolePrivilege name="prvShareConnection" level="Global" />
    <RolePrivilege name="prvShareContact" level="Global" />
    <RolePrivilege name="prvShareDuplicateRule" level="Local" />
    <RolePrivilege name="prvShareEmailTemplate" level="Deep" />
    <RolePrivilege name="prvShareGoal" level="Basic" />
    <RolePrivilege name="prvShareGoalRollupQuery" level="Basic" />
    <RolePrivilege name="prvShareImport" level="Deep" />
    <RolePrivilege name="prvShareImportFile" level="Deep" />
    <RolePrivilege name="prvShareImportMap" level="Global" />
    <RolePrivilege name="prvShareLead" level="Global" />
    <RolePrivilege name="prvShareMailMergeTemplate" level="Global" />
    <RolePrivilege name="prvShareNote" level="Global" />
    <RolePrivilege name="prvShareOpportunity" level="Global" />
    <RolePrivilege name="prvSharerbsm_businessbenefit" level="Global" />
    <RolePrivilege name="prvSharerbsm_ceoactivity" level="Global" />
    <RolePrivilege name="prvSharerbsm_ceoactivitycontact" level="Global" />
    <RolePrivilege name="prvSharerbsm_customerceoactivityconnection" level="Global" />
    <RolePrivilege name="prvSharerbsm_opportunitypackage" level="Global" />
    <RolePrivilege name="prvSharerbsm_opportunityservicecatalogconnection" level="Global" />
    <RolePrivilege name="prvSharerbsm_productservicescatalog" level="Global" />
    <RolePrivilege name="prvSharerbsm_programme" level="Global" />
    <RolePrivilege name="prvSharerbsm_RAIDLog" level="Global" />
    <RolePrivilege name="prvSharerbsm_rbspriority" level="Global" />
    <RolePrivilege name="prvSharerbsm_resourcestrategy" level="Global" />
    <RolePrivilege name="prvShareReport" level="Global" />
    <RolePrivilege name="prvShareSharePointDocumentLocation" level="Global" />
    <RolePrivilege name="prvShareSharePointSite" level="Global" />
    <RolePrivilege name="prvShareSocialProfile" level="Global" />
    <RolePrivilege name="prvShareUserEntityInstanceData" level="Basic" />
    <RolePrivilege name="prvShareUserEntityUISettings" level="Basic" />
    <RolePrivilege name="prvShareUserForm" level="Basic" />
    <RolePrivilege name="prvShareUserQuery" level="Basic" />
    <RolePrivilege name="prvShareUserQueryVisualizations" level="Basic" />
    <RolePrivilege name="prvShareWorkflow" level="Local" />
    <RolePrivilege name="prvShareWorkflowSession" level="Local" />
    <RolePrivilege name="prvSyncToOutlook" level="Global" />
    <RolePrivilege name="prvUseTabletApp" level="Global" />
    <RolePrivilege name="prvWebMailMerge" level="Global" />
    <RolePrivilege name="prvWorkflowExecution" level="Global" />
    <RolePrivilege name="prvWriteAccount" level="Global" />
    <RolePrivilege name="prvWriteActivity" level="Local" />
    <RolePrivilege name="prvWriteArticle" level="Global" />
    <RolePrivilege name="prvWriteArticleTemplate" level="Global" />
    <RolePrivilege name="prvWriteAsyncOperation" level="Local" />
    <RolePrivilege name="prvWriteCompetitor" level="Global" />
    <RolePrivilege name="prvWriteComplexControl" level="Global" />
    <RolePrivilege name="prvWriteConnection" level="Global" />
    <RolePrivilege name="prvWriteContact" level="Global" />
    <RolePrivilege name="prvWriteDuplicateRule" level="Local" />
    <RolePrivilege name="prvWriteEmailTemplate" level="Global" />
    <RolePrivilege name="prvWriteExchangeSyncIdMapping" level="Basic" />
    <RolePrivilege name="prvWriteGoal" level="Basic" />
    <RolePrivilege name="prvWriteGoalRollupQuery" level="Basic" />
    <RolePrivilege name="prvWriteImport" level="Local" />
    <RolePrivilege name="prvWriteImportFile" level="Local" />
    <RolePrivilege name="prvWriteImportMap" level="Local" />
    <RolePrivilege name="prvWriteLead" level="Global" />
    <RolePrivilege name="prvWriteMailbox" level="Basic" />
    <RolePrivilege name="prvWriteMailMergeTemplate" level="Basic" />
    <RolePrivilege name="prvWriteMetric" level="Global" />
    <RolePrivilege name="prvWritemsdyn_PostAlbum" level="Basic" />
    <RolePrivilege name="prvWritemsdyn_wallsavedqueryusersettings" level="Basic" />
    <RolePrivilege name="prvWriteNewsArticle" level="Global" />
    <RolePrivilege name="prvWriteNote" level="Basic" />
    <RolePrivilege name="prvWriteOpportunity" level="Global" />
    <RolePrivilege name="prvWriteOwnCalendar" level="Global" />
    <RolePrivilege name="prvWritePrincipalObjectAttributeAccess" level="Global" />
    <RolePrivilege name="prvWriteQuery" level="Global" />
    <RolePrivilege name="prvWriterbsm_businessbenefit" level="Global" />
    <RolePrivilege name="prvWriterbsm_ceoactivity" level="Global" />
    <RolePrivilege name="prvWriterbsm_ceoactivitycontact" level="Global" />
    <RolePrivilege name="prvWriterbsm_customerceoactivityconnection" level="Global" />
    <RolePrivilege name="prvWriterbsm_opportunitypackage" level="Global" />
    <RolePrivilege name="prvWriterbsm_opportunityservicecatalogconnection" level="Global" />
    <RolePrivilege name="prvWriterbsm_ProductMetrics" level="Global" />
    <RolePrivilege name="prvWriterbsm_productservicescatalog" level="Global" />
    <RolePrivilege name="prvWriterbsm_programme" level="Global" />
    <RolePrivilege name="prvWriterbsm_Project" level="Global" />
    <RolePrivilege name="prvWriterbsm_RAIDLog" level="Global" />
    <RolePrivilege name="prvWriterbsm_rbspriority" level="Global" />
    <RolePrivilege name="prvWriterbsm_resourcestrategy" level="Global" />
    <RolePrivilege name="prvWriteReport" level="Basic" />
    <RolePrivilege name="prvWriteSalesLiterature" level="Global" />
    <RolePrivilege name="prvWriteSavedQueryVisualizations" level="Global" />
    <RolePrivilege name="prvWriteSharePointData" level="Global" />
    <RolePrivilege name="prvWriteSharePointDocumentLocation" level="Global" />
    <RolePrivilege name="prvWriteSocialProfile" level="Global" />
    <RolePrivilege name="prvWriteTeam" level="Global" />
    <RolePrivilege name="prvWriteUser" level="Local" />
    <RolePrivilege name="prvWriteUserApplicationMetadata" level="Basic" />
    <RolePrivilege name="prvWriteUserEntityInstanceData" level="Basic" />
    <RolePrivilege name="prvWriteUserEntityUISettings" level="Basic" />
    <RolePrivilege name="prvWriteUserForm" level="Basic" />
    <RolePrivilege name="prvWriteUserQuery" level="Basic" />
    <RolePrivilege name="prvWriteUserQueryVisualizations" level="Basic" />
    <RolePrivilege name="prvWriteUserSettings" level="Local" />
    <RolePrivilege name="prvWriteWorkflow" level="Local" />
    <RolePrivilege name="prvWriteWorkflowSession" level="Local" />
  </RolePrivileges>
</Role>