<?xml version="1.0" encoding="utf-8"?>
<forms xmlns:xsi="http://www.w3.org/2001/XMLSchema-instance">
  <systemform>
    <formid>{0d1e47ff-12b2-4f53-9090-bee951b98cb4}</formid>
    <IntroducedVersion>6.0.0.0</IntroducedVersion>
    <FormPresentation>1</FormPresentation>
    <FormActivationState>1</FormActivationState>
    <form
      shownavigationbar="true"
      showImage="false"
      maxWidth="1920"
      headerdensity="HighWithControls">
      <tabs>
        <tab
          name="Email"
          id="{844b5e32-5b0b-a608-9d14-0191e0ee3898}"
          IsUserDefined="0"
          locklevel="0"
          showlabel="false"
          expanded="true"
          ordinalvalue="0">
          <columns>
            <column
              width="67%"
              id="0">
              <sections>
                <section
                  name="email description"
                  showlabel="false"
                  showbar="false"
                  locklevel="0"
                  id="{C69A0C81-F542-49E6-824D-A61BEE36CD7B}"
                  IsUserDefined="0"
                  layout="varwidth"
                  columns="11"
                  height="auto"
                  labelid="{db8f611e-3a05-4490-9143-eafaf2d2f042}"
                  labelwidth="115"
                  celllabelalignment="Left"
                  celllabelposition="Left"
                  ordinalvalue="1">
                  <rows>
                    <row>
                      <cell
                        colspan="2"
                        showlabel="false"
                        rowspan="12"
                        id="{BE55AEDB-BA0B-4A7A-99A1-8C9089724AE2}"
                        labelid="{96cc8ad7-0639-4115-81ba-456b7af0c8fc}"
                        locklevel="1"
                        ordinalvalue="10000"
                        solutionaction="Modified" />
                    </row>
                  </rows>
                </section>
              </sections>
            </column>
            <column
              width="33%"
              id="1">
              <sections>
                <section
                  name="tab_4_section_2"
                  showlabel="false"
                  showbar="false"
                  locklevel="0"
                  id="{64d62970-6981-1123-d95e-a7c785918c56}"
                  IsUserDefined="0"
                  layout="varwidth"
                  columns="11"
                  labelwidth="115"
                  ordinalvalue="3">
                  <rows />
                </section>
              </sections>
            </column>
          </columns>
        </tab>
      </tabs>
      <events>
        <event
          name="onload"
          application="true"
          active="true">
          <Handlers>
            <Handler
              functionName="window.Rheem.email.onLoad"
              libraryName="rhm_emailform"
              handlerUniqueId="{6a300fe9-bcb1-4850-b7a1-72667a70fca3}"
              enabled="true"
              parameters=""
              passExecutionContext="true"
              ordinalvalue="3"
              solutionaction="Added" />
          </Handlers>
        </event>
        <event
          name="onchange"
          application="false"
          active="false"
          attribute="description"
          solutionaction="Added">
          <Handlers>
            <Handler
              functionName="InstantiateEmailTemplate"
              libraryName="rhm_template"
              handlerUniqueId="{871d6508-09a6-4329-9df2-99e55720cc14}"
              enabled="true"
              parameters=""
              passExecutionContext="false"
              ordinalvalue="0" />
          </Handlers>
        </event>
      </events>
      <formLibraries>
        <Library
          name="rhm_template"
          libraryUniqueId="{0b218f82-974e-42e9-b467-4f722e722fd6}"
          solutionaction="Added" />
        <Library
          name="rhm_emailform"
          libraryUniqueId="{6404131a-726c-4bbf-8ef4-da2673ffcd68}"
          solutionaction="Added" />
      </formLibraries>
      <Navigation>
        <NavBar>
          <NavBarByRelationshipItem
            Area="Info"
            Show="true"
            RelationshipName="hardcoded_{B7196B13-6B9D-42CD-BD58-B19A3953126F}navConnections"
            Id="navConnections"
            Sequence="9001"
            solutionaction="Added">
            <Titles>
              <Title
                Text="Connections"
                LCID="1033" />
            </Titles>
          </NavBarByRelationshipItem>
          <NavBarByRelationshipItem
            Area="Info"
            Show="true"
            RelationshipName="hardcoded_{B7196B13-6B9D-42CD-BD58-B19A3953126F}navAudit"
            Id="navAudit"
            Sequence="9000"
            solutionaction="Added">
            <Titles>
              <Title
                Text="Audit History"
                LCID="1033" />
            </Titles>
          </NavBarByRelationshipItem>
        </NavBar>
      </Navigation>
    </form>
    <LocalizedNames>
      <LocalizedName
        description="Email"
        languagecode="1033" />
      <LocalizedName
        description="E-mel"
        languagecode="1086" />
    </LocalizedNames>
    <Descriptions>
      <Description
        description="Updated default Email form."
        languagecode="1033" />
      <Description
        description="Borang E-mel lalai Dikemas Kini."
        languagecode="1086" />
    </Descriptions>
  </systemform>
</forms>