<?xml version="1.0" encoding="utf-8"?>
<environmentvariabledefinition
  schemaname="rhm_FedExAddressValidationRequestSOAPAction">
  <defaultvalue>http://fedex.com/ws/addressvalidation/v4/addressValidation</defaultvalue>
  <displayname
    default="FedEx Address Validation Request SOAP Action">
    <label
      description="FedEx Address Validation Request SOAP Action"
      languagecode="1033" />
  </displayname>
  <introducedversion>1.0.0.0</introducedversion>
  <iscustomizable>1</iscustomizable>
  <isrequired>0</isrequired>
  <secretstore>0</secretstore>
  <type>100000000</type>
</environmentvariabledefinition>