﻿<?xml version="1.0" encoding="utf-8"?>
<EntityRelationships>
  <EntityRelationship Name="adx_casedeflection_Feedback" />
  <EntityRelationship Name="adx_webpage_Feedback" />
  <EntityRelationship Name="business_unit_feedback" />
  <EntityRelationship Name="Contact_Feedback" />
  <EntityRelationship Name="cxlvhlp_chatactivity_Feedback" />
  <EntityRelationship Name="feedback_feedback" />
  <EntityRelationship Name="incident_Feedback" />
  <EntityRelationship Name="KnowledgeArticle_Feedback" />
  <EntityRelationship Name="lk_contact_feedback_createdby" />
  <EntityRelationship Name="lk_contact_feedback_createdonbehalfby" />
  <EntityRelationship Name="lk_feedback_closedby" />
  <EntityRelationship Name="lk_feedback_createdby" />
  <EntityRelationship Name="lk_feedback_modifiedby" />
  <EntityRelationship Name="msdyncrm_linkedinaccount_Feedback" />
  <EntityRelationship Name="msdyncrm_linkedinactivity_Feedback" />
  <EntityRelationship Name="msdyncrm_linkedinfieldmapping_Feedback" />
  <EntityRelationship Name="msdyncrm_linkedinform_Feedback" />
  <EntityRelationship Name="msdyncrm_linkedinformanswer_Feedback" />
  <EntityRelationship Name="msdyncrm_linkedinformquestion_Feedback" />
  <EntityRelationship Name="msdyncrm_linkedinformsubmission_Feedback" />
  <EntityRelationship Name="msdyncrm_linkedinleadmatchingstrategy_Feedback" />
  <EntityRelationship Name="msdyncrm_linkedinuserprofile_Feedback" />
  <EntityRelationship Name="owner_feedback" />
</EntityRelationships>