﻿<?xml version="1.0" encoding="utf-8"?>
<Entity>
  <Name LocalizedName="Client Detail" OriginalName="Client Detail">nwm_clientdetail</Name>
  <ObjectTypeCode>10076</ObjectTypeCode>
  <EntityInfo>
    <entity Name="nwm_clientdetail">
      <LocalizedNames>
        <LocalizedName description="Client Detail" languagecode="1033" />
      </LocalizedNames>
      <LocalizedCollectionNames>
        <LocalizedCollectionName description="Client Details" languagecode="1033" />
      </LocalizedCollectionNames>
      <Descriptions>
        <Description description="Client Details." languagecode="1033" />
      </Descriptions>
      <attributes>
        <attribute PhysicalName="CreatedBy">
          <Type>lookup</Type>
          <Name>createdby</Name>
          <LogicalName>createdby</LogicalName>
          <RequiredLevel>none</RequiredLevel>
          <DisplayMask>ValidForAdvancedFind|ValidForForm|ValidForGrid</DisplayMask>
          <ImeMode>auto</ImeMode>
          <ValidForReadApi>1</ValidForReadApi>
          <IsCustomField>0</IsCustomField>
          <IsAuditEnabled>0</IsAuditEnabled>
          <IsSecured>0</IsSecured>
          <IntroducedVersion>0.0.0.1</IntroducedVersion>
          <IsCustomizable>1</IsCustomizable>
          <IsRenameable>1</IsRenameable>
          <CanModifySearchSettings>1</CanModifySearchSettings>
          <CanModifyRequirementLevelSettings>1</CanModifyRequirementLevelSettings>
          <CanModifyAdditionalSettings>1</CanModifyAdditionalSettings>
          <SourceType>0</SourceType>
          <IsGlobalFilterEnabled>0</IsGlobalFilterEnabled>
          <IsSortableEnabled>0</IsSortableEnabled>
          <CanModifyGlobalFilterSettings>1</CanModifyGlobalFilterSettings>
          <CanModifyIsSortableSettings>1</CanModifyIsSortableSettings>
          <LookupStyle>single</LookupStyle>
          <LookupTypes />
          <displaynames>
            <displayname description="Created By" languagecode="1033" />
          </displaynames>
          <Descriptions>
            <Description description="Unique identifier of the user who created the record." languagecode="1033" />
          </Descriptions>
        </attribute>
        <attribute PhysicalName="CreatedOn">
          <Type>datetime</Type>
          <Name>createdon</Name>
          <LogicalName>createdon</LogicalName>
          <RequiredLevel>none</RequiredLevel>
          <DisplayMask>ValidForAdvancedFind|ValidForForm|ValidForGrid</DisplayMask>
          <ImeMode>inactive</ImeMode>
          <ValidForReadApi>1</ValidForReadApi>
          <IsCustomField>0</IsCustomField>
          <IsAuditEnabled>0</IsAuditEnabled>
          <IsSecured>0</IsSecured>
          <IntroducedVersion>0.0.0.1</IntroducedVersion>
          <IsCustomizable>1</IsCustomizable>
          <IsRenameable>1</IsRenameable>
          <CanModifySearchSettings>1</CanModifySearchSettings>
          <CanModifyRequirementLevelSettings>1</CanModifyRequirementLevelSettings>
          <CanModifyAdditionalSettings>1</CanModifyAdditionalSettings>
          <SourceType>0</SourceType>
          <IsGlobalFilterEnabled>0</IsGlobalFilterEnabled>
          <IsSortableEnabled>0</IsSortableEnabled>
          <CanModifyGlobalFilterSettings>1</CanModifyGlobalFilterSettings>
          <CanModifyIsSortableSettings>1</CanModifyIsSortableSettings>
          <Format>datetime</Format>
          <CanChangeDateTimeBehavior>0</CanChangeDateTimeBehavior>
          <Behavior>1</Behavior>
          <displaynames>
            <displayname description="Created On" languagecode="1033" />
          </displaynames>
          <Descriptions>
            <Description description="Date and time when the record was created." languagecode="1033" />
          </Descriptions>
        </attribute>
        <attribute PhysicalName="CreatedOnBehalfBy">
          <Type>lookup</Type>
          <Name>createdonbehalfby</Name>
          <LogicalName>createdonbehalfby</LogicalName>
          <RequiredLevel>none</RequiredLevel>
          <DisplayMask>ValidForAdvancedFind|ValidForForm|ValidForGrid</DisplayMask>
          <ImeMode>auto</ImeMode>
          <ValidForReadApi>1</ValidForReadApi>
          <IsCustomField>0</IsCustomField>
          <IsAuditEnabled>0</IsAuditEnabled>
          <IsSecured>0</IsSecured>
          <IntroducedVersion>0.0.0.1</IntroducedVersion>
          <IsCustomizable>1</IsCustomizable>
          <IsRenameable>1</IsRenameable>
          <CanModifySearchSettings>1</CanModifySearchSettings>
          <CanModifyRequirementLevelSettings>1</CanModifyRequirementLevelSettings>
          <CanModifyAdditionalSettings>1</CanModifyAdditionalSettings>
          <SourceType>0</SourceType>
          <IsGlobalFilterEnabled>0</IsGlobalFilterEnabled>
          <IsSortableEnabled>0</IsSortableEnabled>
          <CanModifyGlobalFilterSettings>1</CanModifyGlobalFilterSettings>
          <CanModifyIsSortableSettings>1</CanModifyIsSortableSettings>
          <LookupStyle>single</LookupStyle>
          <LookupTypes />
          <displaynames>
            <displayname description="Created By (Delegate)" languagecode="1033" />
          </displaynames>
          <Descriptions>
            <Description description="Unique identifier of the delegate user who created the record." languagecode="1033" />
          </Descriptions>
        </attribute>
        <attribute PhysicalName="ExchangeRate">
          <Type>decimal</Type>
          <Name>exchangerate</Name>
          <LogicalName>exchangerate</LogicalName>
          <RequiredLevel>none</RequiredLevel>
          <DisplayMask>ValidForAdvancedFind|ValidForForm|ValidForGrid</DisplayMask>
          <ImeMode>disabled</ImeMode>
          <ValidForReadApi>1</ValidForReadApi>
          <IsCustomField>0</IsCustomField>
          <IsAuditEnabled>1</IsAuditEnabled>
          <IsSecured>0</IsSecured>
          <IntroducedVersion>0.0.0.1</IntroducedVersion>
          <IsCustomizable>1</IsCustomizable>
          <IsRenameable>1</IsRenameable>
          <CanModifySearchSettings>1</CanModifySearchSettings>
          <CanModifyRequirementLevelSettings>1</CanModifyRequirementLevelSettings>
          <CanModifyAdditionalSettings>1</CanModifyAdditionalSettings>
          <SourceType>0</SourceType>
          <IsGlobalFilterEnabled>0</IsGlobalFilterEnabled>
          <IsSortableEnabled>0</IsSortableEnabled>
          <CanModifyGlobalFilterSettings>1</CanModifyGlobalFilterSettings>
          <CanModifyIsSortableSettings>1</CanModifyIsSortableSettings>
          <MinValue>1E-10</MinValue>
          <MaxValue>100000000000</MaxValue>
          <Accuracy>10</Accuracy>
          <displaynames>
            <displayname description="Exchange Rate" languagecode="1033" />
          </displaynames>
          <Descriptions>
            <Description description="Exchange rate for the currency associated with the entity with respect to the base currency." languagecode="1033" />
          </Descriptions>
        </attribute>
        <attribute PhysicalName="ImportSequenceNumber">
          <Type>int</Type>
          <Name>importsequencenumber</Name>
          <LogicalName>importsequencenumber</LogicalName>
          <RequiredLevel>none</RequiredLevel>
          <DisplayMask>ValidForAdvancedFind</DisplayMask>
          <ImeMode>disabled</ImeMode>
          <ValidForReadApi>1</ValidForReadApi>
          <ValidForCreateApi>1</ValidForCreateApi>
          <IsCustomField>0</IsCustomField>
          <IsAuditEnabled>1</IsAuditEnabled>
          <IsSecured>0</IsSecured>
          <IntroducedVersion>0.0.0.1</IntroducedVersion>
          <IsCustomizable>1</IsCustomizable>
          <IsRenameable>1</IsRenameable>
          <CanModifySearchSettings>1</CanModifySearchSettings>
          <CanModifyRequirementLevelSettings>1</CanModifyRequirementLevelSettings>
          <CanModifyAdditionalSettings>1</CanModifyAdditionalSettings>
          <SourceType>0</SourceType>
          <IsGlobalFilterEnabled>0</IsGlobalFilterEnabled>
          <IsSortableEnabled>0</IsSortableEnabled>
          <CanModifyGlobalFilterSettings>1</CanModifyGlobalFilterSettings>
          <CanModifyIsSortableSettings>1</CanModifyIsSortableSettings>
          <Format></Format>
          <MinValue>-2147483648</MinValue>
          <MaxValue>2147483647</MaxValue>
          <displaynames>
            <displayname description="Import Sequence Number" languagecode="1033" />
          </displaynames>
          <Descriptions>
            <Description description="Sequence number of the import that created this record." languagecode="1033" />
          </Descriptions>
        </attribute>
        <attribute PhysicalName="ModifiedBy">
          <Type>lookup</Type>
          <Name>modifiedby</Name>
          <LogicalName>modifiedby</LogicalName>
          <RequiredLevel>none</RequiredLevel>
          <DisplayMask>ValidForAdvancedFind|ValidForForm|ValidForGrid</DisplayMask>
          <ImeMode>auto</ImeMode>
          <ValidForReadApi>1</ValidForReadApi>
          <IsCustomField>0</IsCustomField>
          <IsAuditEnabled>0</IsAuditEnabled>
          <IsSecured>0</IsSecured>
          <IntroducedVersion>0.0.0.1</IntroducedVersion>
          <IsCustomizable>1</IsCustomizable>
          <IsRenameable>1</IsRenameable>
          <CanModifySearchSettings>1</CanModifySearchSettings>
          <CanModifyRequirementLevelSettings>1</CanModifyRequirementLevelSettings>
          <CanModifyAdditionalSettings>1</CanModifyAdditionalSettings>
          <SourceType>0</SourceType>
          <IsGlobalFilterEnabled>0</IsGlobalFilterEnabled>
          <IsSortableEnabled>0</IsSortableEnabled>
          <CanModifyGlobalFilterSettings>1</CanModifyGlobalFilterSettings>
          <CanModifyIsSortableSettings>1</CanModifyIsSortableSettings>
          <LookupStyle>single</LookupStyle>
          <LookupTypes />
          <displaynames>
            <displayname description="Modified By" languagecode="1033" />
          </displaynames>
          <Descriptions>
            <Description description="Unique identifier of the user who modified the record." languagecode="1033" />
          </Descriptions>
        </attribute>
        <attribute PhysicalName="ModifiedOn">
          <Type>datetime</Type>
          <Name>modifiedon</Name>
          <LogicalName>modifiedon</LogicalName>
          <RequiredLevel>none</RequiredLevel>
          <DisplayMask>ValidForAdvancedFind|ValidForForm|ValidForGrid</DisplayMask>
          <ImeMode>inactive</ImeMode>
          <ValidForReadApi>1</ValidForReadApi>
          <IsCustomField>0</IsCustomField>
          <IsAuditEnabled>0</IsAuditEnabled>
          <IsSecured>0</IsSecured>
          <IntroducedVersion>0.0.0.1</IntroducedVersion>
          <IsCustomizable>1</IsCustomizable>
          <IsRenameable>1</IsRenameable>
          <CanModifySearchSettings>1</CanModifySearchSettings>
          <CanModifyRequirementLevelSettings>1</CanModifyRequirementLevelSettings>
          <CanModifyAdditionalSettings>1</CanModifyAdditionalSettings>
          <SourceType>0</SourceType>
          <IsGlobalFilterEnabled>0</IsGlobalFilterEnabled>
          <IsSortableEnabled>0</IsSortableEnabled>
          <CanModifyGlobalFilterSettings>1</CanModifyGlobalFilterSettings>
          <CanModifyIsSortableSettings>1</CanModifyIsSortableSettings>
          <Format>datetime</Format>
          <CanChangeDateTimeBehavior>0</CanChangeDateTimeBehavior>
          <Behavior>1</Behavior>
          <displaynames>
            <displayname description="Modified On" languagecode="1033" />
          </displaynames>
          <Descriptions>
            <Description description="Date and time when the record was modified." languagecode="1033" />
          </Descriptions>
        </attribute>
        <attribute PhysicalName="ModifiedOnBehalfBy">
          <Type>lookup</Type>
          <Name>modifiedonbehalfby</Name>
          <LogicalName>modifiedonbehalfby</LogicalName>
          <RequiredLevel>none</RequiredLevel>
          <DisplayMask>ValidForAdvancedFind|ValidForForm|ValidForGrid</DisplayMask>
          <ImeMode>auto</ImeMode>
          <ValidForReadApi>1</ValidForReadApi>
          <IsCustomField>0</IsCustomField>
          <IsAuditEnabled>0</IsAuditEnabled>
          <IsSecured>0</IsSecured>
          <IntroducedVersion>0.0.0.1</IntroducedVersion>
          <IsCustomizable>1</IsCustomizable>
          <IsRenameable>1</IsRenameable>
          <CanModifySearchSettings>1</CanModifySearchSettings>
          <CanModifyRequirementLevelSettings>1</CanModifyRequirementLevelSettings>
          <CanModifyAdditionalSettings>1</CanModifyAdditionalSettings>
          <SourceType>0</SourceType>
          <IsGlobalFilterEnabled>0</IsGlobalFilterEnabled>
          <IsSortableEnabled>0</IsSortableEnabled>
          <CanModifyGlobalFilterSettings>1</CanModifyGlobalFilterSettings>
          <CanModifyIsSortableSettings>1</CanModifyIsSortableSettings>
          <LookupStyle>single</LookupStyle>
          <LookupTypes />
          <displaynames>
            <displayname description="Modified By (Delegate)" languagecode="1033" />
          </displaynames>
          <Descriptions>
            <Description description="Unique identifier of the delegate user who modified the record." languagecode="1033" />
          </Descriptions>
        </attribute>
        <attribute PhysicalName="nwm_Budget">
          <Type>money</Type>
          <Name>nwm_budget</Name>
          <LogicalName>nwm_budget</LogicalName>
          <RequiredLevel>none</RequiredLevel>
          <DisplayMask>ValidForForm|ValidForGrid</DisplayMask>
          <ImeMode>auto</ImeMode>
          <ValidForUpdateApi>1</ValidForUpdateApi>
          <ValidForReadApi>1</ValidForReadApi>
          <ValidForCreateApi>1</ValidForCreateApi>
          <IsCustomField>1</IsCustomField>
          <IsAuditEnabled>1</IsAuditEnabled>
          <IsSecured>0</IsSecured>
          <IntroducedVersion>0.0.0.1</IntroducedVersion>
          <IsCustomizable>1</IsCustomizable>
          <IsRenameable>1</IsRenameable>
          <CanModifySearchSettings>1</CanModifySearchSettings>
          <CanModifyRequirementLevelSettings>1</CanModifyRequirementLevelSettings>
          <CanModifyAdditionalSettings>1</CanModifyAdditionalSettings>
          <SourceType>0</SourceType>
          <IsGlobalFilterEnabled>0</IsGlobalFilterEnabled>
          <IsSortableEnabled>0</IsSortableEnabled>
          <CanModifyGlobalFilterSettings>1</CanModifyGlobalFilterSettings>
          <CanModifyIsSortableSettings>1</CanModifyIsSortableSettings>
          <MinValue>-922337203685477</MinValue>
          <MaxValue>922337203685477</MaxValue>
          <Accuracy>4</Accuracy>
          <AccuracySource>2</AccuracySource>
          <displaynames>
            <displayname description="Budget" languagecode="1033" />
          </displaynames>
          <Descriptions>
            <Description description="Budget." languagecode="1033" />
          </Descriptions>
        </attribute>
        <attribute PhysicalName="nwm_budget_Base">
          <Type>money</Type>
          <Name>nwm_budget_base</Name>
          <LogicalName>nwm_budget_base</LogicalName>
          <RequiredLevel>none</RequiredLevel>
          <DisplayMask>ValidForForm|ValidForGrid</DisplayMask>
          <ImeMode>disabled</ImeMode>
          <ValidForReadApi>1</ValidForReadApi>
          <IsCustomField>1</IsCustomField>
          <IsAuditEnabled>1</IsAuditEnabled>
          <IsSecured>0</IsSecured>
          <IntroducedVersion>0.0.0.1</IntroducedVersion>
          <IsCustomizable>1</IsCustomizable>
          <IsRenameable>1</IsRenameable>
          <CanModifySearchSettings>1</CanModifySearchSettings>
          <CanModifyRequirementLevelSettings>1</CanModifyRequirementLevelSettings>
          <CanModifyAdditionalSettings>1</CanModifyAdditionalSettings>
          <SourceType>0</SourceType>
          <IsGlobalFilterEnabled>0</IsGlobalFilterEnabled>
          <IsSortableEnabled>0</IsSortableEnabled>
          <CanModifyGlobalFilterSettings>1</CanModifyGlobalFilterSettings>
          <CanModifyIsSortableSettings>1</CanModifyIsSortableSettings>
          <MinValue>-922337203685477</MinValue>
          <MaxValue>922337203685477</MaxValue>
          <Accuracy>4</Accuracy>
          <AccuracySource>2</AccuracySource>
          <CalculationOf>nwm_Budget</CalculationOf>
          <displaynames>
            <displayname description="Budget (Base)" languagecode="1033" />
          </displaynames>
          <Descriptions>
            <Description description="Value of the Budget in base currency." languagecode="1033" />
          </Descriptions>
        </attribute>
        <attribute PhysicalName="nwm_clientdetailId">
          <Type>primarykey</Type>
          <Name>nwm_clientdetailid</Name>
          <LogicalName>nwm_clientdetailid</LogicalName>
          <RequiredLevel>systemrequired</RequiredLevel>
          <DisplayMask>ValidForAdvancedFind|RequiredForGrid</DisplayMask>
          <ImeMode>auto</ImeMode>
          <ValidForReadApi>1</ValidForReadApi>
          <ValidForCreateApi>1</ValidForCreateApi>
          <IsCustomField>0</IsCustomField>
          <IsAuditEnabled>0</IsAuditEnabled>
          <IsSecured>0</IsSecured>
          <IntroducedVersion>0.0.0.1</IntroducedVersion>
          <IsCustomizable>1</IsCustomizable>
          <IsRenameable>1</IsRenameable>
          <CanModifySearchSettings>1</CanModifySearchSettings>
          <CanModifyRequirementLevelSettings>0</CanModifyRequirementLevelSettings>
          <CanModifyAdditionalSettings>1</CanModifyAdditionalSettings>
          <SourceType>0</SourceType>
          <IsGlobalFilterEnabled>0</IsGlobalFilterEnabled>
          <IsSortableEnabled>0</IsSortableEnabled>
          <CanModifyGlobalFilterSettings>1</CanModifyGlobalFilterSettings>
          <CanModifyIsSortableSettings>1</CanModifyIsSortableSettings>
          <displaynames>
            <displayname description="Client Detail" languagecode="1033" />
          </displaynames>
          <Descriptions>
            <Description description="Unique identifier for entity instances" languagecode="1033" />
          </Descriptions>
        </attribute>
        <attribute PhysicalName="nwm_CreditLimit">
          <Type>money</Type>
          <Name>nwm_creditlimit</Name>
          <LogicalName>nwm_creditlimit</LogicalName>
          <RequiredLevel>none</RequiredLevel>
          <DisplayMask>ValidForForm|ValidForGrid</DisplayMask>
          <ImeMode>auto</ImeMode>
          <ValidForUpdateApi>1</ValidForUpdateApi>
          <ValidForReadApi>1</ValidForReadApi>
          <ValidForCreateApi>1</ValidForCreateApi>
          <IsCustomField>1</IsCustomField>
          <IsAuditEnabled>1</IsAuditEnabled>
          <IsSecured>0</IsSecured>
          <IntroducedVersion>0.0.0.1</IntroducedVersion>
          <IsCustomizable>1</IsCustomizable>
          <IsRenameable>1</IsRenameable>
          <CanModifySearchSettings>1</CanModifySearchSettings>
          <CanModifyRequirementLevelSettings>1</CanModifyRequirementLevelSettings>
          <CanModifyAdditionalSettings>1</CanModifyAdditionalSettings>
          <SourceType>0</SourceType>
          <IsGlobalFilterEnabled>0</IsGlobalFilterEnabled>
          <IsSortableEnabled>0</IsSortableEnabled>
          <CanModifyGlobalFilterSettings>1</CanModifyGlobalFilterSettings>
          <CanModifyIsSortableSettings>1</CanModifyIsSortableSettings>
          <MinValue>-922337203685477</MinValue>
          <MaxValue>922337203685477</MaxValue>
          <Accuracy>4</Accuracy>
          <AccuracySource>2</AccuracySource>
          <displaynames>
            <displayname description="Credit Limit" languagecode="1033" />
          </displaynames>
          <Descriptions>
            <Description description="Credit Limit." languagecode="1033" />
          </Descriptions>
        </attribute>
        <attribute PhysicalName="nwm_creditlimit_Base">
          <Type>money</Type>
          <Name>nwm_creditlimit_base</Name>
          <LogicalName>nwm_creditlimit_base</LogicalName>
          <RequiredLevel>none</RequiredLevel>
          <DisplayMask>ValidForForm|ValidForGrid</DisplayMask>
          <ImeMode>disabled</ImeMode>
          <ValidForReadApi>1</ValidForReadApi>
          <IsCustomField>1</IsCustomField>
          <IsAuditEnabled>1</IsAuditEnabled>
          <IsSecured>0</IsSecured>
          <IntroducedVersion>0.0.0.1</IntroducedVersion>
          <IsCustomizable>1</IsCustomizable>
          <IsRenameable>1</IsRenameable>
          <CanModifySearchSettings>1</CanModifySearchSettings>
          <CanModifyRequirementLevelSettings>1</CanModifyRequirementLevelSettings>
          <CanModifyAdditionalSettings>1</CanModifyAdditionalSettings>
          <SourceType>0</SourceType>
          <IsGlobalFilterEnabled>0</IsGlobalFilterEnabled>
          <IsSortableEnabled>0</IsSortableEnabled>
          <CanModifyGlobalFilterSettings>1</CanModifyGlobalFilterSettings>
          <CanModifyIsSortableSettings>1</CanModifyIsSortableSettings>
          <MinValue>-922337203685477</MinValue>
          <MaxValue>922337203685477</MaxValue>
          <Accuracy>4</Accuracy>
          <AccuracySource>2</AccuracySource>
          <CalculationOf>nwm_CreditLimit</CalculationOf>
          <displaynames>
            <displayname description="Credit Limit (Base)" languagecode="1033" />
          </displaynames>
          <Descriptions>
            <Description description="Value of the Credit Limit in base currency." languagecode="1033" />
          </Descriptions>
        </attribute>
        <attribute PhysicalName="nwm_name">
          <Type>nvarchar</Type>
          <Name>nwm_name</Name>
          <LogicalName>nwm_name</LogicalName>
          <RequiredLevel>none</RequiredLevel>
          <DisplayMask>PrimaryName|ValidForAdvancedFind|ValidForForm|ValidForGrid|RequiredForForm</DisplayMask>
          <ImeMode>auto</ImeMode>
          <ValidForUpdateApi>1</ValidForUpdateApi>
          <ValidForReadApi>1</ValidForReadApi>
          <ValidForCreateApi>1</ValidForCreateApi>
          <IsCustomField>1</IsCustomField>
          <IsAuditEnabled>1</IsAuditEnabled>
          <IsSecured>0</IsSecured>
          <IntroducedVersion>0.0.0.1</IntroducedVersion>
          <IsCustomizable>1</IsCustomizable>
          <IsRenameable>1</IsRenameable>
          <CanModifySearchSettings>1</CanModifySearchSettings>
          <CanModifyRequirementLevelSettings>1</CanModifyRequirementLevelSettings>
          <CanModifyAdditionalSettings>1</CanModifyAdditionalSettings>
          <SourceType>0</SourceType>
          <IsGlobalFilterEnabled>0</IsGlobalFilterEnabled>
          <IsSortableEnabled>0</IsSortableEnabled>
          <CanModifyGlobalFilterSettings>1</CanModifyGlobalFilterSettings>
          <CanModifyIsSortableSettings>1</CanModifyIsSortableSettings>
          <Format>text</Format>
          <MaxLength>100</MaxLength>
          <Length>200</Length>
          <displaynames>
            <displayname description="Name" languagecode="1033" />
          </displaynames>
          <Descriptions>
            <Description description="The name of the custom entity." languagecode="1033" />
          </Descriptions>
        </attribute>
        <attribute PhysicalName="nwm_Percentagechange">
          <Type>decimal</Type>
          <Name>nwm_percentagechange</Name>
          <LogicalName>nwm_percentagechange</LogicalName>
          <RequiredLevel>none</RequiredLevel>
          <DisplayMask>ValidForForm|ValidForGrid</DisplayMask>
          <ImeMode>auto</ImeMode>
          <ValidForUpdateApi>1</ValidForUpdateApi>
          <ValidForReadApi>1</ValidForReadApi>
          <ValidForCreateApi>1</ValidForCreateApi>
          <IsCustomField>1</IsCustomField>
          <IsAuditEnabled>1</IsAuditEnabled>
          <IsSecured>0</IsSecured>
          <IntroducedVersion>0.0.0.1</IntroducedVersion>
          <IsCustomizable>1</IsCustomizable>
          <IsRenameable>1</IsRenameable>
          <CanModifySearchSettings>1</CanModifySearchSettings>
          <CanModifyRequirementLevelSettings>1</CanModifyRequirementLevelSettings>
          <CanModifyAdditionalSettings>1</CanModifyAdditionalSettings>
          <SourceType>0</SourceType>
          <IsGlobalFilterEnabled>0</IsGlobalFilterEnabled>
          <IsSortableEnabled>0</IsSortableEnabled>
          <CanModifyGlobalFilterSettings>1</CanModifyGlobalFilterSettings>
          <CanModifyIsSortableSettings>1</CanModifyIsSortableSettings>
          <MinValue>-100000000000</MinValue>
          <MaxValue>100000000000</MaxValue>
          <Accuracy>2</Accuracy>
          <displaynames>
            <displayname description="Percentage change" languagecode="1033" />
          </displaynames>
          <Descriptions>
            <Description description="Percentage change." languagecode="1033" />
          </Descriptions>
        </attribute>
        <attribute PhysicalName="nwm_RevenueLY">
          <Type>money</Type>
          <Name>nwm_revenuely</Name>
          <LogicalName>nwm_revenuely</LogicalName>
          <RequiredLevel>none</RequiredLevel>
          <DisplayMask>ValidForForm|ValidForGrid</DisplayMask>
          <ImeMode>auto</ImeMode>
          <ValidForUpdateApi>1</ValidForUpdateApi>
          <ValidForReadApi>1</ValidForReadApi>
          <ValidForCreateApi>1</ValidForCreateApi>
          <IsCustomField>1</IsCustomField>
          <IsAuditEnabled>1</IsAuditEnabled>
          <IsSecured>0</IsSecured>
          <IntroducedVersion>0.0.0.1</IntroducedVersion>
          <IsCustomizable>1</IsCustomizable>
          <IsRenameable>1</IsRenameable>
          <CanModifySearchSettings>1</CanModifySearchSettings>
          <CanModifyRequirementLevelSettings>1</CanModifyRequirementLevelSettings>
          <CanModifyAdditionalSettings>1</CanModifyAdditionalSettings>
          <SourceType>0</SourceType>
          <IsGlobalFilterEnabled>0</IsGlobalFilterEnabled>
          <IsSortableEnabled>0</IsSortableEnabled>
          <CanModifyGlobalFilterSettings>1</CanModifyGlobalFilterSettings>
          <CanModifyIsSortableSettings>1</CanModifyIsSortableSettings>
          <MinValue>-922337203685477</MinValue>
          <MaxValue>922337203685477</MaxValue>
          <Accuracy>4</Accuracy>
          <AccuracySource>2</AccuracySource>
          <displaynames>
            <displayname description="Revenue LY" languagecode="1033" />
          </displaynames>
          <Descriptions>
            <Description description="Revenue LY." languagecode="1033" />
          </Descriptions>
        </attribute>
        <attribute PhysicalName="nwm_revenuely_Base">
          <Type>money</Type>
          <Name>nwm_revenuely_base</Name>
          <LogicalName>nwm_revenuely_base</LogicalName>
          <RequiredLevel>none</RequiredLevel>
          <DisplayMask>ValidForForm|ValidForGrid</DisplayMask>
          <ImeMode>disabled</ImeMode>
          <ValidForReadApi>1</ValidForReadApi>
          <IsCustomField>1</IsCustomField>
          <IsAuditEnabled>1</IsAuditEnabled>
          <IsSecured>0</IsSecured>
          <IntroducedVersion>0.0.0.1</IntroducedVersion>
          <IsCustomizable>1</IsCustomizable>
          <IsRenameable>1</IsRenameable>
          <CanModifySearchSettings>1</CanModifySearchSettings>
          <CanModifyRequirementLevelSettings>1</CanModifyRequirementLevelSettings>
          <CanModifyAdditionalSettings>1</CanModifyAdditionalSettings>
          <SourceType>0</SourceType>
          <IsGlobalFilterEnabled>0</IsGlobalFilterEnabled>
          <IsSortableEnabled>0</IsSortableEnabled>
          <CanModifyGlobalFilterSettings>1</CanModifyGlobalFilterSettings>
          <CanModifyIsSortableSettings>1</CanModifyIsSortableSettings>
          <MinValue>-922337203685477</MinValue>
          <MaxValue>922337203685477</MaxValue>
          <Accuracy>4</Accuracy>
          <AccuracySource>2</AccuracySource>
          <CalculationOf>nwm_RevenueLY</CalculationOf>
          <displaynames>
            <displayname description="Revenue LY (Base)" languagecode="1033" />
          </displaynames>
          <Descriptions>
            <Description description="Value of the Revenue LY in base currency." languagecode="1033" />
          </Descriptions>
        </attribute>
        <attribute PhysicalName="nwm_RevenueYTD">
          <Type>money</Type>
          <Name>nwm_revenueytd</Name>
          <LogicalName>nwm_revenueytd</LogicalName>
          <RequiredLevel>none</RequiredLevel>
          <DisplayMask>ValidForForm|ValidForGrid</DisplayMask>
          <ImeMode>auto</ImeMode>
          <ValidForUpdateApi>1</ValidForUpdateApi>
          <ValidForReadApi>1</ValidForReadApi>
          <ValidForCreateApi>1</ValidForCreateApi>
          <IsCustomField>1</IsCustomField>
          <IsAuditEnabled>1</IsAuditEnabled>
          <IsSecured>0</IsSecured>
          <IntroducedVersion>0.0.0.1</IntroducedVersion>
          <IsCustomizable>1</IsCustomizable>
          <IsRenameable>1</IsRenameable>
          <CanModifySearchSettings>1</CanModifySearchSettings>
          <CanModifyRequirementLevelSettings>1</CanModifyRequirementLevelSettings>
          <CanModifyAdditionalSettings>1</CanModifyAdditionalSettings>
          <SourceType>0</SourceType>
          <IsGlobalFilterEnabled>0</IsGlobalFilterEnabled>
          <IsSortableEnabled>0</IsSortableEnabled>
          <CanModifyGlobalFilterSettings>1</CanModifyGlobalFilterSettings>
          <CanModifyIsSortableSettings>1</CanModifyIsSortableSettings>
          <MinValue>-922337203685477</MinValue>
          <MaxValue>922337203685477</MaxValue>
          <Accuracy>4</Accuracy>
          <AccuracySource>2</AccuracySource>
          <displaynames>
            <displayname description="Revenue YTD" languagecode="1033" />
          </displaynames>
          <Descriptions>
            <Description description="Revenue YTD." languagecode="1033" />
          </Descriptions>
        </attribute>
        <attribute PhysicalName="nwm_revenueytd_Base">
          <Type>money</Type>
          <Name>nwm_revenueytd_base</Name>
          <LogicalName>nwm_revenueytd_base</LogicalName>
          <RequiredLevel>none</RequiredLevel>
          <DisplayMask>ValidForForm|ValidForGrid</DisplayMask>
          <ImeMode>disabled</ImeMode>
          <ValidForReadApi>1</ValidForReadApi>
          <IsCustomField>1</IsCustomField>
          <IsAuditEnabled>1</IsAuditEnabled>
          <IsSecured>0</IsSecured>
          <IntroducedVersion>0.0.0.1</IntroducedVersion>
          <IsCustomizable>1</IsCustomizable>
          <IsRenameable>1</IsRenameable>
          <CanModifySearchSettings>1</CanModifySearchSettings>
          <CanModifyRequirementLevelSettings>1</CanModifyRequirementLevelSettings>
          <CanModifyAdditionalSettings>1</CanModifyAdditionalSettings>
          <SourceType>0</SourceType>
          <IsGlobalFilterEnabled>0</IsGlobalFilterEnabled>
          <IsSortableEnabled>0</IsSortableEnabled>
          <CanModifyGlobalFilterSettings>1</CanModifyGlobalFilterSettings>
          <CanModifyIsSortableSettings>1</CanModifyIsSortableSettings>
          <MinValue>-922337203685477</MinValue>
          <MaxValue>922337203685477</MaxValue>
          <Accuracy>4</Accuracy>
          <AccuracySource>2</AccuracySource>
          <CalculationOf>nwm_RevenueYTD</CalculationOf>
          <displaynames>
            <displayname description="Revenue YTD (Base)" languagecode="1033" />
          </displaynames>
          <Descriptions>
            <Description description="Value of the Revenue YTD in base currency." languagecode="1033" />
          </Descriptions>
        </attribute>
        <attribute PhysicalName="nwm_RollingAverage">
          <Type>money</Type>
          <Name>nwm_rollingaverage</Name>
          <LogicalName>nwm_rollingaverage</LogicalName>
          <RequiredLevel>none</RequiredLevel>
          <DisplayMask>ValidForForm|ValidForGrid</DisplayMask>
          <ImeMode>auto</ImeMode>
          <ValidForUpdateApi>1</ValidForUpdateApi>
          <ValidForReadApi>1</ValidForReadApi>
          <ValidForCreateApi>1</ValidForCreateApi>
          <IsCustomField>1</IsCustomField>
          <IsAuditEnabled>1</IsAuditEnabled>
          <IsSecured>0</IsSecured>
          <IntroducedVersion>0.0.0.1</IntroducedVersion>
          <IsCustomizable>1</IsCustomizable>
          <IsRenameable>1</IsRenameable>
          <CanModifySearchSettings>1</CanModifySearchSettings>
          <CanModifyRequirementLevelSettings>1</CanModifyRequirementLevelSettings>
          <CanModifyAdditionalSettings>1</CanModifyAdditionalSettings>
          <SourceType>0</SourceType>
          <IsGlobalFilterEnabled>0</IsGlobalFilterEnabled>
          <IsSortableEnabled>0</IsSortableEnabled>
          <CanModifyGlobalFilterSettings>1</CanModifyGlobalFilterSettings>
          <CanModifyIsSortableSettings>1</CanModifyIsSortableSettings>
          <MinValue>-922337203685477</MinValue>
          <MaxValue>922337203685477</MaxValue>
          <Accuracy>4</Accuracy>
          <AccuracySource>2</AccuracySource>
          <displaynames>
            <displayname description="Rolling Average" languagecode="1033" />
          </displaynames>
          <Descriptions>
            <Description description="Rolling Average." languagecode="1033" />
          </Descriptions>
        </attribute>
        <attribute PhysicalName="nwm_rollingaverage_Base">
          <Type>money</Type>
          <Name>nwm_rollingaverage_base</Name>
          <LogicalName>nwm_rollingaverage_base</LogicalName>
          <RequiredLevel>none</RequiredLevel>
          <DisplayMask>ValidForForm|ValidForGrid</DisplayMask>
          <ImeMode>disabled</ImeMode>
          <ValidForReadApi>1</ValidForReadApi>
          <IsCustomField>1</IsCustomField>
          <IsAuditEnabled>1</IsAuditEnabled>
          <IsSecured>0</IsSecured>
          <IntroducedVersion>0.0.0.1</IntroducedVersion>
          <IsCustomizable>1</IsCustomizable>
          <IsRenameable>1</IsRenameable>
          <CanModifySearchSettings>1</CanModifySearchSettings>
          <CanModifyRequirementLevelSettings>1</CanModifyRequirementLevelSettings>
          <CanModifyAdditionalSettings>1</CanModifyAdditionalSettings>
          <SourceType>0</SourceType>
          <IsGlobalFilterEnabled>0</IsGlobalFilterEnabled>
          <IsSortableEnabled>0</IsSortableEnabled>
          <CanModifyGlobalFilterSettings>1</CanModifyGlobalFilterSettings>
          <CanModifyIsSortableSettings>1</CanModifyIsSortableSettings>
          <MinValue>-922337203685477</MinValue>
          <MaxValue>922337203685477</MaxValue>
          <Accuracy>4</Accuracy>
          <AccuracySource>2</AccuracySource>
          <CalculationOf>nwm_RollingAverage</CalculationOf>
          <displaynames>
            <displayname description="Rolling Average (Base)" languagecode="1033" />
          </displaynames>
          <Descriptions>
            <Description description="Value of the Rolling Average in base currency." languagecode="1033" />
          </Descriptions>
        </attribute>
        <attribute PhysicalName="OverriddenCreatedOn">
          <Type>datetime</Type>
          <Name>overriddencreatedon</Name>
          <LogicalName>overriddencreatedon</LogicalName>
          <RequiredLevel>none</RequiredLevel>
          <DisplayMask>ValidForAdvancedFind|ValidForGrid</DisplayMask>
          <ImeMode>inactive</ImeMode>
          <ValidForReadApi>1</ValidForReadApi>
          <ValidForCreateApi>1</ValidForCreateApi>
          <IsCustomField>0</IsCustomField>
          <IsAuditEnabled>1</IsAuditEnabled>
          <IsSecured>0</IsSecured>
          <IntroducedVersion>0.0.0.1</IntroducedVersion>
          <IsCustomizable>1</IsCustomizable>
          <IsRenameable>1</IsRenameable>
          <CanModifySearchSettings>1</CanModifySearchSettings>
          <CanModifyRequirementLevelSettings>1</CanModifyRequirementLevelSettings>
          <CanModifyAdditionalSettings>1</CanModifyAdditionalSettings>
          <SourceType>0</SourceType>
          <IsGlobalFilterEnabled>0</IsGlobalFilterEnabled>
          <IsSortableEnabled>0</IsSortableEnabled>
          <CanModifyGlobalFilterSettings>1</CanModifyGlobalFilterSettings>
          <CanModifyIsSortableSettings>1</CanModifyIsSortableSettings>
          <Format>date</Format>
          <CanChangeDateTimeBehavior>0</CanChangeDateTimeBehavior>
          <Behavior>1</Behavior>
          <displaynames>
            <displayname description="Record Created On" languagecode="1033" />
          </displaynames>
          <Descriptions>
            <Description description="Date and time that the record was migrated." languagecode="1033" />
          </Descriptions>
        </attribute>
        <attribute PhysicalName="OwnerId">
          <Type>owner</Type>
          <Name>ownerid</Name>
          <LogicalName>ownerid</LogicalName>
          <RequiredLevel>systemrequired</RequiredLevel>
          <DisplayMask>ValidForAdvancedFind|ValidForForm|ValidForGrid|RequiredForForm</DisplayMask>
          <ImeMode>auto</ImeMode>
          <ValidForUpdateApi>1</ValidForUpdateApi>
          <ValidForReadApi>1</ValidForReadApi>
          <ValidForCreateApi>1</ValidForCreateApi>
          <IsCustomField>0</IsCustomField>
          <IsAuditEnabled>1</IsAuditEnabled>
          <IsSecured>0</IsSecured>
          <IntroducedVersion>0.0.0.1</IntroducedVersion>
          <IsCustomizable>1</IsCustomizable>
          <IsRenameable>1</IsRenameable>
          <CanModifySearchSettings>1</CanModifySearchSettings>
          <CanModifyRequirementLevelSettings>1</CanModifyRequirementLevelSettings>
          <CanModifyAdditionalSettings>1</CanModifyAdditionalSettings>
          <SourceType>0</SourceType>
          <IsGlobalFilterEnabled>0</IsGlobalFilterEnabled>
          <IsSortableEnabled>0</IsSortableEnabled>
          <CanModifyGlobalFilterSettings>1</CanModifyGlobalFilterSettings>
          <CanModifyIsSortableSettings>1</CanModifyIsSortableSettings>
          <LookupStyle>single</LookupStyle>
          <LookupTypes>
            <LookupType id="00000000-0000-0000-0000-000000000000">8</LookupType>
            <LookupType id="00000000-0000-0000-0000-000000000000">9</LookupType>
          </LookupTypes>
          <displaynames>
            <displayname description="Owner" languagecode="1033" />
          </displaynames>
          <Descriptions>
            <Description description="Owner Id" languagecode="1033" />
          </Descriptions>
        </attribute>
        <attribute PhysicalName="OwnerIdName">
          <Type>nvarchar</Type>
          <Name>owneridname</Name>
          <LogicalName>owneridname</LogicalName>
          <RequiredLevel>systemrequired</RequiredLevel>
          <ImeMode>auto</ImeMode>
          <ValidForReadApi>1</ValidForReadApi>
          <IsCustomField>0</IsCustomField>
          <IsAuditEnabled>0</IsAuditEnabled>
          <IsLogical>1</IsLogical>
          <IsSecured>0</IsSecured>
          <IntroducedVersion>0.0.0.1</IntroducedVersion>
          <IsCustomizable>1</IsCustomizable>
          <IsRenameable>1</IsRenameable>
          <CanModifySearchSettings>1</CanModifySearchSettings>
          <CanModifyRequirementLevelSettings>1</CanModifyRequirementLevelSettings>
          <CanModifyAdditionalSettings>1</CanModifyAdditionalSettings>
          <SourceType>0</SourceType>
          <IsGlobalFilterEnabled>0</IsGlobalFilterEnabled>
          <IsSortableEnabled>0</IsSortableEnabled>
          <CanModifyGlobalFilterSettings>1</CanModifyGlobalFilterSettings>
          <CanModifyIsSortableSettings>1</CanModifyIsSortableSettings>
          <Format>text</Format>
          <MaxLength>100</MaxLength>
          <Length>320</Length>
          <Descriptions>
            <Description description="Name of the owner" languagecode="1033" />
          </Descriptions>
        </attribute>
        <attribute PhysicalName="OwnerIdType">
          <Type>int</Type>
          <Name>owneridtype</Name>
          <LogicalName>owneridtype</LogicalName>
          <RequiredLevel>systemrequired</RequiredLevel>
          <DisplayMask>ObjectTypeCode</DisplayMask>
          <ImeMode>disabled</ImeMode>
          <ValidForUpdateApi>1</ValidForUpdateApi>
          <ValidForReadApi>1</ValidForReadApi>
          <ValidForCreateApi>1</ValidForCreateApi>
          <IsCustomField>0</IsCustomField>
          <IsAuditEnabled>1</IsAuditEnabled>
          <IsSecured>0</IsSecured>
          <IntroducedVersion>0.0.0.1</IntroducedVersion>
          <IsCustomizable>1</IsCustomizable>
          <IsRenameable>1</IsRenameable>
          <CanModifySearchSettings>1</CanModifySearchSettings>
          <CanModifyRequirementLevelSettings>1</CanModifyRequirementLevelSettings>
          <CanModifyAdditionalSettings>1</CanModifyAdditionalSettings>
          <SourceType>0</SourceType>
          <IsGlobalFilterEnabled>0</IsGlobalFilterEnabled>
          <IsSortableEnabled>0</IsSortableEnabled>
          <CanModifyGlobalFilterSettings>1</CanModifyGlobalFilterSettings>
          <CanModifyIsSortableSettings>1</CanModifyIsSortableSettings>
          <Format></Format>
          <MinValue>-2147483648</MinValue>
          <MaxValue>2147483647</MaxValue>
          <Descriptions>
            <Description description="Owner Id Type" languagecode="1033" />
          </Descriptions>
        </attribute>
        <attribute PhysicalName="OwnerIdYomiName">
          <Type>nvarchar</Type>
          <Name>owneridyominame</Name>
          <LogicalName>owneridyominame</LogicalName>
          <RequiredLevel>systemrequired</RequiredLevel>
          <ImeMode>auto</ImeMode>
          <ValidForReadApi>1</ValidForReadApi>
          <IsCustomField>0</IsCustomField>
          <IsAuditEnabled>0</IsAuditEnabled>
          <IsLogical>1</IsLogical>
          <IsSecured>0</IsSecured>
          <IntroducedVersion>0.0.0.1</IntroducedVersion>
          <IsCustomizable>1</IsCustomizable>
          <IsRenameable>1</IsRenameable>
          <CanModifySearchSettings>1</CanModifySearchSettings>
          <CanModifyRequirementLevelSettings>1</CanModifyRequirementLevelSettings>
          <CanModifyAdditionalSettings>1</CanModifyAdditionalSettings>
          <SourceType>0</SourceType>
          <IsGlobalFilterEnabled>0</IsGlobalFilterEnabled>
          <IsSortableEnabled>0</IsSortableEnabled>
          <CanModifyGlobalFilterSettings>1</CanModifyGlobalFilterSettings>
          <CanModifyIsSortableSettings>1</CanModifyIsSortableSettings>
          <Format>text</Format>
          <MaxLength>100</MaxLength>
          <Length>320</Length>
          <YomiOf>OwnerIdName</YomiOf>
          <Descriptions>
            <Description description="Yomi name of the owner" languagecode="1033" />
          </Descriptions>
        </attribute>
        <attribute PhysicalName="OwningBusinessUnit">
          <Type>lookup</Type>
          <Name>owningbusinessunit</Name>
          <LogicalName>owningbusinessunit</LogicalName>
          <RequiredLevel>none</RequiredLevel>
          <ImeMode>auto</ImeMode>
          <ValidForReadApi>1</ValidForReadApi>
          <IsCustomField>0</IsCustomField>
          <IsAuditEnabled>0</IsAuditEnabled>
          <IsSecured>0</IsSecured>
          <IntroducedVersion>0.0.0.1</IntroducedVersion>
          <IsCustomizable>1</IsCustomizable>
          <IsRenameable>1</IsRenameable>
          <CanModifySearchSettings>1</CanModifySearchSettings>
          <CanModifyRequirementLevelSettings>1</CanModifyRequirementLevelSettings>
          <CanModifyAdditionalSettings>1</CanModifyAdditionalSettings>
          <SourceType>0</SourceType>
          <IsGlobalFilterEnabled>0</IsGlobalFilterEnabled>
          <IsSortableEnabled>0</IsSortableEnabled>
          <CanModifyGlobalFilterSettings>1</CanModifyGlobalFilterSettings>
          <CanModifyIsSortableSettings>1</CanModifyIsSortableSettings>
          <LookupStyle>single</LookupStyle>
          <LookupTypes />
          <displaynames>
            <displayname description="Owning Business Unit" languagecode="1033" />
          </displaynames>
          <Descriptions>
            <Description description="Unique identifier for the business unit that owns the record" languagecode="1033" />
          </Descriptions>
        </attribute>
        <attribute PhysicalName="OwningTeam">
          <Type>lookup</Type>
          <Name>owningteam</Name>
          <LogicalName>owningteam</LogicalName>
          <RequiredLevel>none</RequiredLevel>
          <ImeMode>auto</ImeMode>
          <ValidForReadApi>1</ValidForReadApi>
          <IsCustomField>0</IsCustomField>
          <IsAuditEnabled>0</IsAuditEnabled>
          <IsLogical>1</IsLogical>
          <IsSecured>0</IsSecured>
          <IntroducedVersion>0.0.0.1</IntroducedVersion>
          <IsCustomizable>1</IsCustomizable>
          <IsRenameable>1</IsRenameable>
          <CanModifySearchSettings>1</CanModifySearchSettings>
          <CanModifyRequirementLevelSettings>1</CanModifyRequirementLevelSettings>
          <CanModifyAdditionalSettings>1</CanModifyAdditionalSettings>
          <SourceType>0</SourceType>
          <IsGlobalFilterEnabled>0</IsGlobalFilterEnabled>
          <IsSortableEnabled>0</IsSortableEnabled>
          <CanModifyGlobalFilterSettings>1</CanModifyGlobalFilterSettings>
          <CanModifyIsSortableSettings>1</CanModifyIsSortableSettings>
          <LookupStyle>single</LookupStyle>
          <LookupTypes />
          <displaynames>
            <displayname description="Owning Team" languagecode="1033" />
          </displaynames>
          <Descriptions>
            <Description description="Unique identifier for the team that owns the record." languagecode="1033" />
          </Descriptions>
        </attribute>
        <attribute PhysicalName="OwningUser">
          <Type>lookup</Type>
          <Name>owninguser</Name>
          <LogicalName>owninguser</LogicalName>
          <RequiredLevel>none</RequiredLevel>
          <ImeMode>auto</ImeMode>
          <ValidForReadApi>1</ValidForReadApi>
          <IsCustomField>0</IsCustomField>
          <IsAuditEnabled>0</IsAuditEnabled>
          <IsLogical>1</IsLogical>
          <IsSecured>0</IsSecured>
          <IntroducedVersion>0.0.0.1</IntroducedVersion>
          <IsCustomizable>1</IsCustomizable>
          <IsRenameable>1</IsRenameable>
          <CanModifySearchSettings>1</CanModifySearchSettings>
          <CanModifyRequirementLevelSettings>1</CanModifyRequirementLevelSettings>
          <CanModifyAdditionalSettings>1</CanModifyAdditionalSettings>
          <SourceType>0</SourceType>
          <IsGlobalFilterEnabled>0</IsGlobalFilterEnabled>
          <IsSortableEnabled>0</IsSortableEnabled>
          <CanModifyGlobalFilterSettings>1</CanModifyGlobalFilterSettings>
          <CanModifyIsSortableSettings>1</CanModifyIsSortableSettings>
          <LookupStyle>single</LookupStyle>
          <LookupTypes />
          <displaynames>
            <displayname description="Owning User" languagecode="1033" />
          </displaynames>
          <Descriptions>
            <Description description="Unique identifier for the user that owns the record." languagecode="1033" />
          </Descriptions>
        </attribute>
        <attribute PhysicalName="statecode">
          <Type>state</Type>
          <Name>statecode</Name>
          <LogicalName>statecode</LogicalName>
          <RequiredLevel>systemrequired</RequiredLevel>
          <DisplayMask>ValidForAdvancedFind|ValidForForm|ValidForGrid</DisplayMask>
          <ImeMode>auto</ImeMode>
          <ValidForUpdateApi>1</ValidForUpdateApi>
          <ValidForReadApi>1</ValidForReadApi>
          <IsCustomField>0</IsCustomField>
          <IsAuditEnabled>1</IsAuditEnabled>
          <IsSecured>0</IsSecured>
          <IntroducedVersion>0.0.0.1</IntroducedVersion>
          <IsCustomizable>1</IsCustomizable>
          <IsRenameable>1</IsRenameable>
          <CanModifySearchSettings>1</CanModifySearchSettings>
          <CanModifyRequirementLevelSettings>1</CanModifyRequirementLevelSettings>
          <CanModifyAdditionalSettings>1</CanModifyAdditionalSettings>
          <SourceType>0</SourceType>
          <IsGlobalFilterEnabled>0</IsGlobalFilterEnabled>
          <IsSortableEnabled>0</IsSortableEnabled>
          <CanModifyGlobalFilterSettings>1</CanModifyGlobalFilterSettings>
          <CanModifyIsSortableSettings>1</CanModifyIsSortableSettings>
          <optionset Name="nwm_clientdetail_statecode">
            <OptionSetType>state</OptionSetType>
            <IntroducedVersion>0.0.0.1</IntroducedVersion>
            <IsCustomizable>1</IsCustomizable>
            <displaynames>
              <displayname description="Status" languagecode="1033" />
            </displaynames>
            <Descriptions>
              <Description description="Status of the Client Detail" languagecode="1033" />
            </Descriptions>
            <states>
              <state value="0" defaultstatus="1" invariantname="Active">
                <labels>
                  <label description="Active" languagecode="1033" />
                </labels>
              </state>
              <state value="1" defaultstatus="2" invariantname="Inactive">
                <labels>
                  <label description="Inactive" languagecode="1033" />
                </labels>
              </state>
            </states>
          </optionset>
          <displaynames>
            <displayname description="Status" languagecode="1033" />
          </displaynames>
          <Descriptions>
            <Description description="Status of the Client Detail" languagecode="1033" />
          </Descriptions>
        </attribute>
        <attribute PhysicalName="statuscode">
          <Type>status</Type>
          <Name>statuscode</Name>
          <LogicalName>statuscode</LogicalName>
          <RequiredLevel>none</RequiredLevel>
          <DisplayMask>ValidForAdvancedFind|ValidForForm|ValidForGrid</DisplayMask>
          <ImeMode>auto</ImeMode>
          <ValidForUpdateApi>1</ValidForUpdateApi>
          <ValidForReadApi>1</ValidForReadApi>
          <ValidForCreateApi>1</ValidForCreateApi>
          <IsCustomField>0</IsCustomField>
          <IsAuditEnabled>1</IsAuditEnabled>
          <IsSecured>0</IsSecured>
          <IntroducedVersion>0.0.0.1</IntroducedVersion>
          <IsCustomizable>1</IsCustomizable>
          <IsRenameable>1</IsRenameable>
          <CanModifySearchSettings>1</CanModifySearchSettings>
          <CanModifyRequirementLevelSettings>1</CanModifyRequirementLevelSettings>
          <CanModifyAdditionalSettings>1</CanModifyAdditionalSettings>
          <SourceType>0</SourceType>
          <IsGlobalFilterEnabled>0</IsGlobalFilterEnabled>
          <IsSortableEnabled>0</IsSortableEnabled>
          <CanModifyGlobalFilterSettings>1</CanModifyGlobalFilterSettings>
          <CanModifyIsSortableSettings>1</CanModifyIsSortableSettings>
          <optionset Name="nwm_clientdetail_statuscode">
            <OptionSetType>status</OptionSetType>
            <IntroducedVersion>0.0.0.1</IntroducedVersion>
            <IsCustomizable>1</IsCustomizable>
            <displaynames>
              <displayname description="Status Reason" languagecode="1033" />
            </displaynames>
            <Descriptions>
              <Description description="Reason for the status of the Client Detail" languagecode="1033" />
            </Descriptions>
            <statuses>
              <status value="1" state="0">
                <labels>
                  <label description="Active" languagecode="1033" />
                </labels>
              </status>
              <status value="2" state="1">
                <labels>
                  <label description="Inactive" languagecode="1033" />
                </labels>
              </status>
            </statuses>
          </optionset>
          <displaynames>
            <displayname description="Status Reason" languagecode="1033" />
          </displaynames>
          <Descriptions>
            <Description description="Reason for the status of the Client Detail" languagecode="1033" />
          </Descriptions>
        </attribute>
        <attribute PhysicalName="TimeZoneRuleVersionNumber">
          <Type>int</Type>
          <Name>timezoneruleversionnumber</Name>
          <LogicalName>timezoneruleversionnumber</LogicalName>
          <RequiredLevel>none</RequiredLevel>
          <ImeMode>auto</ImeMode>
          <ValidForUpdateApi>1</ValidForUpdateApi>
          <ValidForReadApi>1</ValidForReadApi>
          <ValidForCreateApi>1</ValidForCreateApi>
          <IsCustomField>0</IsCustomField>
          <IsAuditEnabled>0</IsAuditEnabled>
          <IsSecured>0</IsSecured>
          <IntroducedVersion>0.0.0.1</IntroducedVersion>
          <IsCustomizable>1</IsCustomizable>
          <IsRenameable>1</IsRenameable>
          <CanModifySearchSettings>1</CanModifySearchSettings>
          <CanModifyRequirementLevelSettings>1</CanModifyRequirementLevelSettings>
          <CanModifyAdditionalSettings>1</CanModifyAdditionalSettings>
          <SourceType>0</SourceType>
          <IsGlobalFilterEnabled>0</IsGlobalFilterEnabled>
          <IsSortableEnabled>0</IsSortableEnabled>
          <CanModifyGlobalFilterSettings>1</CanModifyGlobalFilterSettings>
          <CanModifyIsSortableSettings>1</CanModifyIsSortableSettings>
          <Format></Format>
          <MinValue>-1</MinValue>
          <MaxValue>2147483647</MaxValue>
          <displaynames>
            <displayname description="Time Zone Rule Version Number" languagecode="1033" />
          </displaynames>
          <Descriptions>
            <Description description="For internal use only." languagecode="1033" />
          </Descriptions>
        </attribute>
        <attribute PhysicalName="TransactionCurrencyId">
          <Type>lookup</Type>
          <Name>transactioncurrencyid</Name>
          <LogicalName>transactioncurrencyid</LogicalName>
          <RequiredLevel>none</RequiredLevel>
          <DisplayMask>ValidForAdvancedFind|ValidForForm|ValidForGrid</DisplayMask>
          <ImeMode>auto</ImeMode>
          <ValidForUpdateApi>1</ValidForUpdateApi>
          <ValidForReadApi>1</ValidForReadApi>
          <ValidForCreateApi>1</ValidForCreateApi>
          <IsCustomField>0</IsCustomField>
          <IsAuditEnabled>1</IsAuditEnabled>
          <IsSecured>0</IsSecured>
          <IntroducedVersion>0.0.0.1</IntroducedVersion>
          <IsCustomizable>1</IsCustomizable>
          <IsRenameable>1</IsRenameable>
          <CanModifySearchSettings>1</CanModifySearchSettings>
          <CanModifyRequirementLevelSettings>1</CanModifyRequirementLevelSettings>
          <CanModifyAdditionalSettings>1</CanModifyAdditionalSettings>
          <SourceType>0</SourceType>
          <IsGlobalFilterEnabled>0</IsGlobalFilterEnabled>
          <IsSortableEnabled>0</IsSortableEnabled>
          <CanModifyGlobalFilterSettings>1</CanModifyGlobalFilterSettings>
          <CanModifyIsSortableSettings>1</CanModifyIsSortableSettings>
          <LookupStyle>single</LookupStyle>
          <LookupTypes />
          <displaynames>
            <displayname description="Currency" languagecode="1033" />
          </displaynames>
          <Descriptions>
            <Description description="Unique identifier of the currency associated with the entity." languagecode="1033" />
          </Descriptions>
        </attribute>
        <attribute PhysicalName="UTCConversionTimeZoneCode">
          <Type>int</Type>
          <Name>utcconversiontimezonecode</Name>
          <LogicalName>utcconversiontimezonecode</LogicalName>
          <RequiredLevel>none</RequiredLevel>
          <ImeMode>auto</ImeMode>
          <ValidForUpdateApi>1</ValidForUpdateApi>
          <ValidForReadApi>1</ValidForReadApi>
          <ValidForCreateApi>1</ValidForCreateApi>
          <IsCustomField>0</IsCustomField>
          <IsAuditEnabled>0</IsAuditEnabled>
          <IsSecured>0</IsSecured>
          <IntroducedVersion>0.0.0.1</IntroducedVersion>
          <IsCustomizable>1</IsCustomizable>
          <IsRenameable>1</IsRenameable>
          <CanModifySearchSettings>1</CanModifySearchSettings>
          <CanModifyRequirementLevelSettings>1</CanModifyRequirementLevelSettings>
          <CanModifyAdditionalSettings>1</CanModifyAdditionalSettings>
          <SourceType>0</SourceType>
          <IsGlobalFilterEnabled>0</IsGlobalFilterEnabled>
          <IsSortableEnabled>0</IsSortableEnabled>
          <CanModifyGlobalFilterSettings>1</CanModifyGlobalFilterSettings>
          <CanModifyIsSortableSettings>1</CanModifyIsSortableSettings>
          <Format></Format>
          <MinValue>-1</MinValue>
          <MaxValue>2147483647</MaxValue>
          <displaynames>
            <displayname description="UTC Conversion Time Zone Code" languagecode="1033" />
          </displaynames>
          <Descriptions>
            <Description description="Time zone code that was in use when the record was created." languagecode="1033" />
          </Descriptions>
        </attribute>
      </attributes>
      <EntitySetName>nwm_clientdetails</EntitySetName>
      <IsDuplicateCheckSupported>1</IsDuplicateCheckSupported>
      <IsBusinessProcessEnabled>0</IsBusinessProcessEnabled>
      <IsRequiredOffline>0</IsRequiredOffline>
      <IsInteractionCentricEnabled>0</IsInteractionCentricEnabled>
      <IsCollaboration>0</IsCollaboration>
      <AutoRouteToOwnerQueue>0</AutoRouteToOwnerQueue>
      <IsConnectionsEnabled>0</IsConnectionsEnabled>
      <EntityColor></EntityColor>
      <IsDocumentManagementEnabled>0</IsDocumentManagementEnabled>
      <IsOneNoteIntegrationEnabled>0</IsOneNoteIntegrationEnabled>
      <IsKnowledgeManagementEnabled>0</IsKnowledgeManagementEnabled>
      <IsSLAEnabled>0</IsSLAEnabled>
      <IsDocumentRecommendationsEnabled>0</IsDocumentRecommendationsEnabled>
      <IsBPFEntity>0</IsBPFEntity>
      <OwnershipTypeMask>UserOwned</OwnershipTypeMask>
      <IsAuditEnabled>1</IsAuditEnabled>
      <IsActivity>0</IsActivity>
      <ActivityTypeMask></ActivityTypeMask>
      <IsActivityParty>0</IsActivityParty>
      <IsReplicated>0</IsReplicated>
      <IsReplicationUserFiltered>0</IsReplicationUserFiltered>
      <IsMailMergeEnabled>0</IsMailMergeEnabled>
      <IsVisibleInMobile>0</IsVisibleInMobile>
      <IsVisibleInMobileClient>0</IsVisibleInMobileClient>
      <IsReadOnlyInMobileClient>0</IsReadOnlyInMobileClient>
      <IsOfflineInMobileClient>0</IsOfflineInMobileClient>
      <DaysSinceRecordLastModified>0</DaysSinceRecordLastModified>
      <MobileOfflineFilters></MobileOfflineFilters>
      <IsMapiGridEnabled>1</IsMapiGridEnabled>
      <IsReadingPaneEnabled>1</IsReadingPaneEnabled>
      <IsQuickCreateEnabled>0</IsQuickCreateEnabled>
      <SyncToExternalSearchIndex>0</SyncToExternalSearchIndex>
      <IntroducedVersion>0.0.0.1</IntroducedVersion>
      <IsCustomizable>1</IsCustomizable>
      <IsRenameable>1</IsRenameable>
      <IsMappable>1</IsMappable>
      <CanModifyAuditSettings>1</CanModifyAuditSettings>
      <CanModifyMobileVisibility>1</CanModifyMobileVisibility>
      <CanModifyMobileClientVisibility>1</CanModifyMobileClientVisibility>
      <CanModifyMobileClientReadOnly>1</CanModifyMobileClientReadOnly>
      <CanModifyMobileClientOffline>1</CanModifyMobileClientOffline>
      <CanModifyConnectionSettings>1</CanModifyConnectionSettings>
      <CanModifyDuplicateDetectionSettings>1</CanModifyDuplicateDetectionSettings>
      <CanModifyMailMergeSettings>1</CanModifyMailMergeSettings>
      <CanModifyQueueSettings>1</CanModifyQueueSettings>
      <CanCreateAttributes>1</CanCreateAttributes>
      <CanCreateForms>1</CanCreateForms>
      <CanCreateCharts>1</CanCreateCharts>
      <CanCreateViews>1</CanCreateViews>
      <CanModifyAdditionalSettings>1</CanModifyAdditionalSettings>
      <CanEnableSyncToExternalSearchIndex>1</CanEnableSyncToExternalSearchIndex>
      <EnforceStateTransitions>0</EnforceStateTransitions>
      <CanChangeHierarchicalRelationship>1</CanChangeHierarchicalRelationship>
      <EntityHelpUrlEnabled>0</EntityHelpUrlEnabled>
      <ChangeTrackingEnabled>0</ChangeTrackingEnabled>
      <CanChangeTrackingBeEnabled>1</CanChangeTrackingBeEnabled>
      <IsEnabledForExternalChannels>0</IsEnabledForExternalChannels>
    </entity>
  </EntityInfo>
  <FormXml />
  <SavedQueries />
  <RibbonDiffXml />
  <CustomControlDefaultConfigs>
    <CustomControlDefaultConfig>
      <PrimaryEntityTypeCode>10076</PrimaryEntityTypeCode>
      <CustomControlDefaultConfigId>{2d9ae431-48ff-e611-80d9-3863bb358e18}</CustomControlDefaultConfigId>
      <ControlDescriptionXML>
        <controlDescriptions />
      </ControlDescriptionXML>
      <IntroducedVersion>0.0.0.1</IntroducedVersion>
    </CustomControlDefaultConfig>
  </CustomControlDefaultConfigs>
</Entity>