﻿<?xml version="1.0" encoding="utf-8"?>
<visualization>
  <savedqueryvisualizationid>{87293554-2482-DE11-9FF3-00155DA3B012}</savedqueryvisualizationid>
  <datadescription>
    <datadefinition>
      <fetchcollection>
        <fetch mapping="logical" count="10" aggregate="true">
          <entity name="opportunity">
            <attribute name="estimatedvalue" aggregate="sum" alias="sum_estimatedvalue" />
            <attribute name="statuscode" groupby="true" alias="stepname" />
            <order alias="stepname" descending="false" />
          </entity>
        </fetch>
      </fetchcollection>
      <categorycollection>
        <category alias="stepname">
          <measurecollection>
            <measure alias="sum_estimatedvalue" />
          </measurecollection>
        </category>
      </categorycollection>
    </datadefinition>
  </datadescription>
  <presentationdescription>
    <Chart Palette="None" PaletteCustomColors="91,151,213; 237,125,49; 160,116,166; 255,192,0; 68,114,196; 112,173,71; 37,94,145; 158,72,14; 117,55,125; 153,115,0; 38,68,120; 67,104,43; 124,175,221; 241,151,90; 186,144,192; 255,205,51; 105,142,208; 140,193,104; 50,125,194; 210,96,18; 150,83,159; 204,154,0; 51,90,161; 90,138,57;">
      <Series>
        <Series ShadowOffset="0" IsValueShownAsLabel="true" Font="{0}, 9.5px" LabelForeColor="59, 59, 59" ChartType="Funnel" CustomProperties="FunnelLabelStyle=Outside, FunnelNeckHeight=0, FunnelPointGap=1, FunnelNeckWidth=5">
          <SmartLabelStyle Enabled="True" />
        </Series>
      </Series>
      <ChartAreas>
        <ChartArea>
          <Area3DStyle Enable3D="false" />
        </ChartArea>
      </ChartAreas>
      <Legends>
        <Legend Alignment="Center" LegendStyle="Table" Docking="right" Font="{0}, 11px" ShadowColor="0, 0, 0, 0" ForeColor="59, 59, 59" />
      </Legends>
      <Titles>
        <Title Alignment="TopLeft" DockingOffset="-3" Font="Segeo UI, 13px" ForeColor="0, 0, 0" />
      </Titles>
    </Chart>
  </presentationdescription>
  <isdefault>0</isdefault>
  <LocalizedNames>
    <LocalizedName description="Revenue / Funding Forecast" languagecode="1033" />
  </LocalizedNames>
  <Descriptions>
    <Description description="Shows the sum of estimated revenue in each stage of the sales pipeline." languagecode="1033" />
  </Descriptions>
  <IntroducedVersion>5.0.0.0</IntroducedVersion>
</visualization>