<?xml version="1.0" encoding="utf-8"?>
<environmentvariabledefinition
  schemaname="rhm_OracleOAuthURL">
  <defaultvalue>https://idcs-d977d261fdd04300b72dc4c0abe37319.identity.oraclecloud.com:443/oauth2/v1/token</defaultvalue>
  <displayname
    default="Rheem Oracle Services - OAuth URL">
    <label
      description="Rheem Oracle Services - OAuth URL"
      languagecode="1033" />
  </displayname>
  <introducedversion>1.0.0.0</introducedversion>
  <iscustomizable>1</iscustomizable>
  <isrequired>0</isrequired>
  <secretstore>0</secretstore>
  <type>100000000</type>
</environmentvariabledefinition>