﻿<?xml version="1.0" encoding="utf-8"?>
<systemform unmodified="1">
  <formid>{7ba7fac1-1418-4335-935f-f7f8dfd73fcc}</formid>
  <IntroducedVersion>6.0.0.0</IntroducedVersion>
  <FormPresentation>1</FormPresentation>
  <FormActivationState>1</FormActivationState>
  <form>
    <ancestor id="{7ba7fac1-1418-4335-935f-f7f8dfd73fcc}" />
    <hiddencontrols>
      <data id="isdefault" datafieldname="isdefault" classid="{67FAC785-CD58-4f9f-ABB3-4B7DDC6ED5ED}" />
    </hiddencontrols>
    <tabs>
      <tab name="general" verticallayout="true" id="{0840971E-E63D-4FD3-825F-44A6203D7B28}" IsUserDefined="0" expanded="true" showlabel="true">
        <labels>
          <label description="General" languagecode="1033" />
          <label description="Ogólne" languagecode="1045" />
        </labels>
        <columns>
          <column width="34%">
            <sections>
              <section name="General" showlabel="false" showbar="false" id="{DC61780B-91D3-43C4-90F8-BE6F1EACD317}" IsUserDefined="0" labelwidth="100">
                <labels>
                  <label description="GENERAL" languagecode="1033" />
                  <label description="Ogólne" languagecode="1045" />
                </labels>
                <rows>
                  <row>
                    <cell id="{6727C94D-0CD6-4003-AE6D-484652C0A578}">
                      <labels>
                        <label description="Team Name" languagecode="1033" />
                        <label description="Nazwa zespołu" languagecode="1045" />
                      </labels>
                      <control id="name" classid="{4273EDBD-AC1D-40d3-9FB2-095C621B552D}" datafieldname="name" />
                    </cell>
                  </row>
                  <row>
                    <cell id="{BF695E55-85F5-4534-8980-8932A4D18263}">
                      <labels>
                        <label description="Business Unit" languagecode="1033" />
                        <label description="Jednostka biznesowa" languagecode="1045" />
                      </labels>
                      <control id="businessunitid" classid="{270BD3DB-D9AF-4782-9025-509E298DEC0A}" datafieldname="businessunitid" />
                    </cell>
                  </row>
                  <row>
                    <cell id="{2248D866-7813-404D-8479-2210483745D9}">
                      <labels>
                        <label description="Administrator" languagecode="1033" />
                        <label description="Administrator" languagecode="1045" />
                      </labels>
                      <control id="administratorid" classid="{270BD3DB-D9AF-4782-9025-509E298DEC0A}" datafieldname="administratorid" />
                    </cell>
                  </row>
                  <row>
                    <cell id="{e3dca6c4-ae67-419b-93c7-41d574042dfd}">
                      <labels>
                        <label description="Team Type" languagecode="1033" />
                        <label description="Typ zespołu" languagecode="1045" />
                      </labels>
                      <control id="teamtype" classid="{3EF39988-22BB-4f0b-BBBE-64B5A3748AEE}" datafieldname="teamtype" disabled="false" />
                    </cell>
                  </row>
                </rows>
              </section>
              <section name="Description" showlabel="false" showbar="false" locklevel="0" id="{510EDF68-06A4-4C18-8DE1-150251BD0A19}" IsUserDefined="0" layout="varwidth" columns="1" labelwidth="115" celllabelalignment="Left" celllabelposition="Top">
                <labels>
                  <label description="DESCRIPTION" languagecode="1033" />
                  <label description="Opis" languagecode="1045" />
                </labels>
                <rows>
                  <row>
                    <cell id="{BD50EAB1-25F3-464D-ADAB-FEFAE73F6F96}" showlabel="true" locklevel="0">
                      <labels>
                        <label description="Description" languagecode="1033" />
                        <label description="Opis" languagecode="1045" />
                      </labels>
                      <control id="description" classid="{E0DECE4B-6FC8-4a8f-A065-082708572369}" datafieldname="description" />
                    </cell>
                  </row>
                </rows>
              </section>
            </sections>
          </column>
          <column width="66%">
            <sections>
              <section name="TeamMembers" showlabel="false" showbar="false" locklevel="0" id="{D5F76F10-BA8B-4309-8FED-5B6B0238533D}" IsUserDefined="0" layout="varwidth" columns="1" labelwidth="115" celllabelalignment="Left" celllabelposition="Top">
                <labels>
                  <label description="TEAM MEMBERS" languagecode="1033" />
                  <label description="Członkowie grupy" languagecode="1045" />
                </labels>
                <rows>
                  <row>
                    <cell id="{B8D227A6-18AB-486E-8084-81E26E44B821}" showlabel="true" auto="false" rowspan="14" colspan="1">
                      <labels>
                        <label description="MEMBERS" languagecode="1033" />
                        <label description="Członkowie" languagecode="1045" />
                      </labels>
                      <control id="Members" classid="{E7A81278-8635-4d9e-8D4D-59480B391C5B}">
                        <parameters>
                          <ViewId>{30CE6879-6B7A-E211-8976-00155D89AC0C}</ViewId>
                          <IsUserView>false</IsUserView>
                          <RelationshipName>teammembership_association</RelationshipName>
                          <TargetEntityType>systemuser</TargetEntityType>
                          <AutoExpand>Fixed</AutoExpand>
                          <EnableQuickFind>true</EnableQuickFind>
                          <EnableViewPicker>true</EnableViewPicker>
                          <EnableJumpBar>true</EnableJumpBar>
                          <ChartGridMode>Grid</ChartGridMode>
                          <VisualizationId />
                          <IsUserChart>false</IsUserChart>
                          <EnableChartPicker>false</EnableChartPicker>
                          <RecordsPerPage>10</RecordsPerPage>
                          <RelationshipRoleOrdinal>1</RelationshipRoleOrdinal>
                          <ViewIds />
                        </parameters>
                      </control>
                    </cell>
                  </row>
                  <row />
                  <row />
                  <row />
                  <row />
                  <row />
                  <row />
                  <row />
                  <row />
                  <row />
                  <row />
                  <row />
                  <row />
                  <row />
                </rows>
              </section>
            </sections>
          </column>
        </columns>
      </tab>
    </tabs>
    <clientresources>
      <internalresources>
        <clientincludes>
          <internaljscriptfile src="/_static/Biz/Teams/TeamRecord.js" />
          <internaljscriptfile src="$webresource:Team_main_system_library.js" />
        </clientincludes>
      </internalresources>
    </clientresources>
    <header id="{C4057CC3-270C-40D8-BAB7-4418CB323D2C}" columns="111">
      <rows>
        <row>
          <cell id="{93BCC9EF-6750-4BFE-BB32-BB56C6BC0CE8}" showlabel="false">
            <labels>
              <label description="" languagecode="1033" />
            </labels>
          </cell>
          <cell id="{1DCAD190-7FDE-4F7D-870A-BA20127DACE9}" showlabel="false">
            <labels>
              <label description="" languagecode="1033" />
            </labels>
          </cell>
          <cell id="{C0079CB8-5922-43C9-93ED-A52C51847C3F}" showlabel="true" locklevel="0">
            <labels>
              <label description="Default Queue" languagecode="1033" />
              <label description="Kolejka domyślna" languagecode="1045" />
            </labels>
            <control id="header_queueid" classid="{270BD3DB-D9AF-4782-9025-509E298DEC0A}" datafieldname="queueid" disabled="false" />
          </cell>
        </row>
      </rows>
    </header>
    <DisplayConditions FallbackForm="true" Order="2">
      <Everyone />
    </DisplayConditions>
    <events>
      <event name="onload" application="true" active="true">
        <InternalHandlers>
          <Handler functionName="Mscrm.Form_onload" libraryName="Team_main_system_library.js" handlerUniqueId="06131746-007C-4094-9C39-683554194748" enabled="true" />
        </InternalHandlers>
      </event>
      <event name="onchange" application="true" active="true" attribute="teamtype">
        <InternalHandlers>
          <Handler functionName="Mscrm.teamtype_onchange" libraryName="Team_main_system_library.js" handlerUniqueId="3BAEE412-4718-4EC5-992E-0769C108749B" enabled="true" passExecutionContext="true" />
        </InternalHandlers>
      </event>
    </events>
  </form>
  <LocalizedNames>
    <LocalizedName description="Team" languagecode="1033" />
    <LocalizedName description="Zespół" languagecode="1045" />
  </LocalizedNames>
  <Descriptions>
    <Description description="Updated default Team form" languagecode="1033" />
    <Description description="Zaktualizowany domyślny formularz zespołu" languagecode="1045" />
  </Descriptions>
</systemform>