﻿<?xml version="1.0" encoding="utf-8"?>
<savedquery>
  <IsCustomizable>1</IsCustomizable>
  <CanBeDeleted>0</CanBeDeleted>
  <isquickfindquery>0</isquickfindquery>
  <isprivate>0</isprivate>
  <isdefault>1</isdefault>
  <returnedtypecode>10006</returnedtypecode>
  <savedqueryid>{248bf093-6ee4-49d1-bc35-85d362d6772c}</savedqueryid>
  <layoutxml>
    <grid name="resultset" object="10006" jump="nwm_name" select="1" icon="1" preview="1">
      <row name="result" id="nwm_callreportid">
        <cell name="nwm_name" width="300" />
        <cell name="createdon" width="125" />
      </row>
    </grid>
  </layoutxml>
  <querytype>1</querytype>
  <fetchxml>
    <fetch version="1.0" mapping="logical">
      <entity name="nwm_callreport">
        <attribute name="nwm_callreportid" />
        <attribute name="nwm_name" />
        <attribute name="createdon" />
        <order attribute="nwm_name" descending="false" />
      </entity>
    </fetch>
  </fetchxml>
  <IntroducedVersion>0.0.0.1</IntroducedVersion>
  <LocalizedNames>
    <LocalizedName description="Call Report Advanced Find View" languagecode="1033" />
  </LocalizedNames>
</savedquery>