﻿<?xml version="1.0" encoding="utf-8"?>
<savedquery>
  <IsCustomizable>1</IsCustomizable>
  <CanBeDeleted>0</CanBeDeleted>
  <isquickfindquery>0</isquickfindquery>
  <isprivate>0</isprivate>
  <isdefault>0</isdefault>
  <returnedtypecode>10006</returnedtypecode>
  <savedqueryid>{6134ee54-e2eb-4b45-9881-c310b8bb3e5a}</savedqueryid>
  <layoutxml>
    <grid name="resultset" object="10006" jump="nwm_name" select="1" icon="1" preview="1">
      <row name="result" id="nwm_callreportid">
        <cell name="nwm_name" width="300" imageproviderfunctionname="" imageproviderwebresource="$webresource:" />
        <cell name="nwm_clientid" width="200" imageproviderfunctionname="" imageproviderwebresource="$webresource:" />
        <cell name="nwm_classification" width="150" imageproviderfunctionname="" imageproviderwebresource="$webresource:" />
        <cell name="createdby" width="100" />
        <cell name="createdon" width="125" />
      </row>
    </grid>
  </layoutxml>
  <querytype>0</querytype>
  <fetchxml>
    <fetch version="1.0" mapping="logical">
      <entity name="nwm_callreport">
        <attribute name="nwm_name" />
        <attribute name="createdon" />
        <order attribute="nwm_name" descending="false" />
        <filter type="and">
          <condition attribute="statecode" operator="eq" value="0" />
        </filter>
        <attribute name="nwm_classification" />
        <attribute name="nwm_clientid" />
        <attribute name="createdby" />
        <attribute name="nwm_callreportid" />
      </entity>
    </fetch>
  </fetchxml>
  <IntroducedVersion>0.0.0.1</IntroducedVersion>
  <LocalizedNames>
    <LocalizedName description="All Call Reports" languagecode="1033" />
  </LocalizedNames>
</savedquery>