﻿<?xml version="1.0" encoding="utf-8"?>
<savedquery>
  <IsCustomizable>1</IsCustomizable>
  <CanBeDeleted>0</CanBeDeleted>
  <isquickfindquery>1</isquickfindquery>
  <isprivate>0</isprivate>
  <isdefault>1</isdefault>
  <returnedtypecode>10006</returnedtypecode>
  <savedqueryid>{9f2ea758-1098-47a5-b75f-2c3f6e81c279}</savedqueryid>
  <layoutxml>
    <grid name="resultset" object="10006" jump="nwm_name" select="1" icon="1" preview="1">
      <row name="result" id="nwm_callreportid">
        <cell name="nwm_name" width="300" />
        <cell name="createdon" width="125" />
      </row>
    </grid>
  </layoutxml>
  <querytype>4</querytype>
  <fetchxml>
    <fetch version="1.0" mapping="logical">
      <entity name="nwm_callreport">
        <attribute name="nwm_callreportid" />
        <attribute name="nwm_name" />
        <attribute name="createdon" />
        <order attribute="nwm_name" descending="false" />
        <filter type="and">
          <condition attribute="statecode" operator="eq" value="0" />
        </filter>
        <filter type="or" isquickfindfields="1">
          <condition attribute="nwm_name" operator="like" value="{0}" />
        </filter>
      </entity>
    </fetch>
  </fetchxml>
  <IntroducedVersion>0.0.0.1</IntroducedVersion>
  <LocalizedNames>
    <LocalizedName description="Quick Find Active Call Reports" languagecode="1033" />
  </LocalizedNames>
</savedquery>