﻿<?xml version="1.0" encoding="utf-8"?>
<systemform>
  <formid>{3604fed7-c7a0-41e8-9be3-0800b68eb6e0}</formid>
  <IntroducedVersion>1.0.0.0</IntroducedVersion>
  <FormPresentation>1</FormPresentation>
  <FormActivationState>1</FormActivationState>
  <form>
    <tabs>
      <tab verticallayout="true" id="{ffdb1294-398d-4ba4-9fc1-e6df0390ce43}" IsUserDefined="1">
        <labels>
          <label description="General" languagecode="1033" />
        </labels>
        <columns>
          <column width="33%">
            <sections>
              <section showlabel="false" showbar="false" IsUserDefined="0" id="{2a4c0234-0143-4788-8775-0bb8ee6c081e}">
                <labels>
                  <label description="General" languagecode="1033" />
                </labels>
                <rows>
                  <row>
                    <cell id="{14920c48-b28c-4dad-87e6-24ce33e01373}">
                      <labels>
                        <label description="Project Code" languagecode="1033" />
                      </labels>
                      <control id="rbsm_projectcode" classid="{4273EDBD-AC1D-40d3-9FB2-095C621B552D}" datafieldname="rbsm_projectcode" />
                    </cell>
                  </row>
                  <row>
                    <cell id="{20e6a213-191a-e872-6dcc-18d90cd59397}" showlabel="true" locklevel="0">
                      <labels>
                        <label description="Project Type" languagecode="1033" />
                      </labels>
                      <control id="rbsm_projecttype" classid="{3EF39988-22BB-4f0b-BBBE-64B5A3748AEE}" datafieldname="rbsm_projecttype" disabled="false" />
                    </cell>
                  </row>
                  <row>
                    <cell id="{ece71d66-5e88-dec2-c584-9723c8e40891}" showlabel="true" locklevel="0">
                      <labels>
                        <label description="Investment Programme" languagecode="1033" />
                      </labels>
                      <control id="rbsm_investmentprogrammeid" classid="{270BD3DB-D9AF-4782-9025-509E298DEC0A}" datafieldname="rbsm_investmentprogrammeid" disabled="false" />
                    </cell>
                  </row>
                  <row>
                    <cell id="{d904d988-94de-ae77-6b44-84d5697c1de6}" showlabel="true" locklevel="0">
                      <labels>
                        <label description="Project Name" languagecode="1033" />
                      </labels>
                      <control id="rbsm_projectname" classid="{4273EDBD-AC1D-40d3-9FB2-095C621B552D}" datafieldname="rbsm_projectname" disabled="false" />
                    </cell>
                  </row>
                  <row>
                    <cell id="{d0919b48-f9cc-47e4-9686-c71b2d733e06}" showlabel="false" locklevel="1" visible="false">
                      <labels>
                        <label description="Owner" languagecode="1033" />
                      </labels>
                      <control id="ownerid" classid="{270BD3DB-D9AF-4782-9025-509E298DEC0A}" datafieldname="ownerid" disabled="false">
                        <parameters>
                          <AutoResolve>true</AutoResolve>
                          <DisableMru>false</DisableMru>
                        </parameters>
                      </control>
                    </cell>
                  </row>
                </rows>
              </section>
            </sections>
          </column>
          <column width="66%">
            <sections>
              <section showlabel="false" showbar="false" id="{dd676726-0589-4a9c-8e84-af7f9531910a}" IsUserDefined="0" height="auto">
                <labels>
                  <label description="Notes" languagecode="1033" />
                </labels>
                <rows>
                  <row>
                    <cell showlabel="false" rowspan="15" auto="false" id="{99b5f4dc-925b-4b35-9431-69d679c3bf52}">
                      <labels>
                        <label description="Note Text" languagecode="1033" />
                      </labels>
                      <control id="notescontrol" classid="{06375649-c143-495e-a496-c962e5b4488e}">
                        <parameters>
                          <DefaultTabId>NotesTab</DefaultTabId>
                        </parameters>
                      </control>
                    </cell>
                  </row>
                  <row></row>
                  <row></row>
                  <row></row>
                  <row></row>
                  <row></row>
                  <row></row>
                  <row></row>
                  <row></row>
                  <row></row>
                  <row></row>
                  <row></row>
                  <row></row>
                  <row></row>
                  <row height="auto"></row>
                </rows>
              </section>
            </sections>
          </column>
        </columns>
      </tab>
    </tabs>
    <Navigation>
      <NavBar></NavBar>
      <NavBarAreas>
        <NavBarArea Id="Info">
          <Titles>
            <Title LCID="1033" Text="Common" />
          </Titles>
        </NavBarArea>
        <NavBarArea Id="Sales">
          <Titles>
            <Title LCID="1033" Text="Sales" />
          </Titles>
        </NavBarArea>
        <NavBarArea Id="Service">
          <Titles>
            <Title LCID="1033" Text="Service" />
          </Titles>
        </NavBarArea>
        <NavBarArea Id="Marketing">
          <Titles>
            <Title LCID="1033" Text="Marketing" />
          </Titles>
        </NavBarArea>
        <NavBarArea Id="ProcessCenter">
          <Titles>
            <Title LCID="1033" Text="Process Sessions" />
          </Titles>
        </NavBarArea>
      </NavBarAreas>
    </Navigation>
  </form>
  <IsCustomizable>1</IsCustomizable>
  <CanBeDeleted>1</CanBeDeleted>
  <LocalizedNames>
    <LocalizedName description="Information" languagecode="1033" />
  </LocalizedNames>
  <Descriptions>
    <Description description="A form for this entity." languagecode="1033" />
  </Descriptions>
</systemform>