﻿<?xml version="1.0" encoding="utf-8"?>
<systemform>
  <formid>{b3f00edc-467b-461c-8985-806e9cdbcb36}</formid>
  <IntroducedVersion>0.0.0.1</IntroducedVersion>
  <FormPresentation>0</FormPresentation>
  <FormActivationState>1</FormActivationState>
  <form>
    <tabs>
      <tab name="general" verticallayout="true" id="{9105a4d3-6b3f-4901-a1cf-4f3e2c11ed54}" IsUserDefined="0">
        <labels>
          <label description="" languagecode="1033" />
        </labels>
        <columns>
          <column width="100%">
            <sections>
              <section name="account information" showlabel="false" showbar="false" id="{475e0723-35b0-4134-ae45-bdcc49013bb7}" IsUserDefined="0">
                <labels>
                  <label description="" languagecode="1033" />
                </labels>
                <rows>
                  <row>
                    <cell id="{b7ab4d3d-cc5e-4e19-8363-a207a56f7845}">
                      <labels>
                        <label description="Name" languagecode="1033" />
                      </labels>
                      <control id="nwm_name" classid="{4273EDBD-AC1D-40d3-9FB2-095C621B552D}" datafieldname="nwm_name" disabled="false" />
                    </cell>
                    <cell id="{fea92d0b-a557-483b-adff-627a768ee75c}">
                      <labels>
                        <label description="Status" languagecode="1033" />
                      </labels>
                      <control id="statecode" classid="{3EF39988-22BB-4f0b-BBBE-64B5A3748AEE}" datafieldname="statecode" disabled="false" />
                    </cell>
                    <cell id="{db4f131a-866e-4f7f-a4d9-070e55f29632}">
                      <labels>
                        <label description="Owner" languagecode="1033" />
                      </labels>
                      <control id="ownerid" classid="{270BD3DB-D9AF-4782-9025-509E298DEC0A}" datafieldname="ownerid" disabled="false" />
                    </cell>
                  </row>
                </rows>
              </section>
            </sections>
          </column>
        </columns>
      </tab>
    </tabs>
  </form>
  <IsCustomizable>1</IsCustomizable>
  <CanBeDeleted>1</CanBeDeleted>
  <LocalizedNames>
    <LocalizedName description="Information" languagecode="1033" />
  </LocalizedNames>
  <Descriptions>
    <Description description="This is the form that is displayed for the CRM Mobile application." languagecode="1033" />
  </Descriptions>
</systemform>