﻿<?xml version="1.0" encoding="utf-8"?>
<systemform>
  <formid>{071fe03f-094c-4c9d-b490-6e8f6dbfe0b7}</formid>
  <IntroducedVersion>1.0.0.0</IntroducedVersion>
  <FormPresentation>1</FormPresentation>
  <FormActivationState>1</FormActivationState>
  <form>
    <tabs>
      <tab verticallayout="true" id="{c4826602-f44e-4050-87ec-fcc89bb762cf}" IsUserDefined="1">
        <labels>
          <label description="General" languagecode="1033" />
        </labels>
        <columns>
          <column width="100%">
            <sections>
              <section showlabel="false" showbar="false" IsUserDefined="0" id="{ae0bd440-a57b-4c9e-8fe6-40b19e709137}">
                <labels>
                  <label description="General" languagecode="1033" />
                </labels>
                <rows>
                  <row>
                    <cell id="{e3026d2a-3f7b-461f-95ce-73b2dcdf3cd1}" showlabel="true" locklevel="0" visible="false">
                      <labels>
                        <label description="Name" languagecode="1033" />
                      </labels>
                      <control id="rbs_name" classid="{4273EDBD-AC1D-40d3-9FB2-095C621B552D}" datafieldname="rbs_name" uniqueid="{d0775ae8-1267-932c-c0e0-58b5894033c4}" disabled="true" />
                    </cell>
                  </row>
                  <row>
                    <cell id="{42dbd48e-e942-21d0-5656-5ca0b23490cb}" showlabel="true" locklevel="0">
                      <labels>
                        <label description="User" languagecode="1033" />
                      </labels>
                      <control id="rbs_user" classid="{270BD3DB-D9AF-4782-9025-509E298DEC0A}" datafieldname="rbs_user" disabled="true" uniqueid="{4406e2e6-7741-88d8-6b15-6e22ec6d11c7}">
                        <parameters>
                          <AutoResolve>true</AutoResolve>
                          <DisableMru>false</DisableMru>
                          <DisableQuickFind>false</DisableQuickFind>
                          <DisableViewPicker>false</DisableViewPicker>
                          <DefaultViewId>{E88CA999-0B16-4AE9-B6A9-9EDC840D42D8}</DefaultViewId>
                          <AllowFilterOff>false</AllowFilterOff>
                        </parameters>
                      </control>
                    </cell>
                  </row>
                  <row>
                    <cell id="{6b5a4a33-6de6-ce91-bd28-3e1879c0604b}" showlabel="true" locklevel="0">
                      <labels>
                        <label description="Records Assigned" languagecode="1033" />
                      </labels>
                      <control id="rbs_recordsassigned" classid="{C6D124CA-7EDA-4a60-AEA9-7FB8D318B68F}" datafieldname="rbs_recordsassigned" disabled="true" uniqueid="{0900414c-8094-84ba-32ba-0ceb292da4c1}" />
                    </cell>
                  </row>
                  <row>
                    <cell id="{69d554cc-5c92-b5c2-d6ea-18d6148038e4}" showlabel="true" locklevel="0">
                      <labels>
                        <label description="Distribution Audit Log" languagecode="1033" />
                      </labels>
                      <control id="rbs_distributionauditlog" classid="{270BD3DB-D9AF-4782-9025-509E298DEC0A}" datafieldname="rbs_distributionauditlog" disabled="true" uniqueid="{0bd45c0a-9495-8528-2541-182267c16c42}">
                        <parameters>
                          <AutoResolve>true</AutoResolve>
                          <DisableMru>false</DisableMru>
                          <DisableQuickFind>false</DisableQuickFind>
                          <DisableViewPicker>false</DisableViewPicker>
                          <DefaultViewId>{A9D39DBA-9859-4D48-B4CA-471CCADCB499}</DefaultViewId>
                          <AllowFilterOff>false</AllowFilterOff>
                        </parameters>
                      </control>
                    </cell>
                  </row>
                </rows>
              </section>
            </sections>
          </column>
        </columns>
      </tab>
      <tab name="tab_2" id="{747339d0-50eb-8de2-4ea0-d13c059a9e19}" IsUserDefined="0" locklevel="0" showlabel="false" expanded="true">
        <labels>
          <label description="Records" languagecode="1033" />
        </labels>
        <columns>
          <column width="100%">
            <sections>
              <section name="tab_2_section_1" showlabel="true" showbar="true" locklevel="0" id="{a045cad1-8e76-a4a2-a729-976b18eb3b04}" IsUserDefined="0" layout="varwidth" columns="1" labelwidth="115" celllabelalignment="Left" celllabelposition="Left">
                <labels>
                  <label description="Records" languagecode="1033" />
                </labels>
                <rows>
                  <row>
                    <cell id="{74e27547-8343-7ce1-6209-e6cda53c7917}" showlabel="false" colspan="1" auto="false" rowspan="12">
                      <labels>
                        <label description="Records" languagecode="1033" />
                      </labels>
                      <control id="Records" classid="{E7A81278-8635-4d9e-8D4D-59480B391C5B}" indicationOfSubgrid="true" uniqueid="{a01e92dc-592c-cd66-58d9-85c55394575d}">
                        <parameters>
                          <ViewId>{5F3110DA-18BC-E811-814E-5065F38B1651}</ViewId>
                          <IsUserView>false</IsUserView>
                          <RelationshipName>rbs_rbs_distributiontargetuser_rbs_distributiontargetrecord_DistributionTargetUser</RelationshipName>
                          <TargetEntityType>rbs_distributiontargetrecord</TargetEntityType>
                          <AutoExpand>Fixed</AutoExpand>
                          <EnableQuickFind>false</EnableQuickFind>
                          <EnableViewPicker>false</EnableViewPicker>
                          <ViewIds>{99077F96-9A3C-4780-8E3B-37A91ECEE514},{5F3110DA-18BC-E811-814E-5065F38B1651}</ViewIds>
                          <EnableJumpBar>false</EnableJumpBar>
                          <ChartGridMode>All</ChartGridMode>
                          <VisualizationId />
                          <IsUserChart>false</IsUserChart>
                          <EnableChartPicker>true</EnableChartPicker>
                          <RecordsPerPage>10</RecordsPerPage>
                        </parameters>
                      </control>
                    </cell>
                  </row>
                  <row />
                  <row />
                  <row />
                  <row />
                  <row />
                  <row />
                  <row />
                  <row />
                  <row />
                  <row />
                  <row />
                </rows>
              </section>
            </sections>
          </column>
        </columns>
      </tab>
    </tabs>
    <header id="{780f22fb-910d-45a9-ae28-36ca5d7f3217}" columns="111">
      <rows>
        <row>
          <cell id="{0c67282c-6fdc-4bfe-a09f-980d445a148c}" showlabel="false">
            <labels>
              <label description="" languagecode="1033" />
            </labels>
          </cell>
          <cell id="{699fe6f9-4cce-4824-b4b5-4c5b6bcd1038}" showlabel="false">
            <labels>
              <label description="" languagecode="1033" />
            </labels>
          </cell>
          <cell id="{d20a3eb4-38ed-76bc-9d47-cd04b3a616a7}" showlabel="true" locklevel="0">
            <labels>
              <label description="Created On" languagecode="1033" />
            </labels>
            <control id="header_createdon" classid="{5B773807-9FB2-42db-97C3-7A91EFF8ADFF}" datafieldname="createdon" disabled="true" uniqueid="{37e55ac2-4046-bd59-8179-c55e6b718b9d}" />
          </cell>
        </row>
      </rows>
    </header>
    <Navigation>
      <NavBar></NavBar>
      <NavBarAreas>
        <NavBarArea Id="Info">
          <Titles>
            <Title LCID="1033" Text="Common" />
          </Titles>
        </NavBarArea>
        <NavBarArea Id="Sales">
          <Titles>
            <Title LCID="1033" Text="Sales" />
          </Titles>
        </NavBarArea>
        <NavBarArea Id="Service">
          <Titles>
            <Title LCID="1033" Text="Service" />
          </Titles>
        </NavBarArea>
        <NavBarArea Id="Marketing">
          <Titles>
            <Title LCID="1033" Text="Marketing" />
          </Titles>
        </NavBarArea>
        <NavBarArea Id="ProcessCenter">
          <Titles>
            <Title LCID="1033" Text="Process Sessions" />
          </Titles>
        </NavBarArea>
      </NavBarAreas>
    </Navigation>
    <controlDescriptions />
  </form>
  <IsCustomizable>1</IsCustomizable>
  <CanBeDeleted>1</CanBeDeleted>
  <LocalizedNames>
    <LocalizedName description="Information" languagecode="1033" />
  </LocalizedNames>
  <Descriptions>
    <Description description="A form for this entity." languagecode="1033" />
  </Descriptions>
</systemform>