﻿<?xml version="1.0" encoding="utf-8"?>
<systemform unmodified="1">
  <formid>{048291e0-6d27-4926-8c05-085985c23412}</formid>
  <IntroducedVersion>7.0.0.0</IntroducedVersion>
  <FormPresentation>0</FormPresentation>
  <FormActivationState>1</FormActivationState>
  <form>
    <ancestor id="{048291e0-6d27-4926-8c05-085985c23412}" />
    <tabs>
      <tab name="general" verticallayout="true" id="{5b09ad15-a589-4e59-ba88-f059d0ed4393}" IsUserDefined="0" expanded="true" showlabel="true">
        <labels>
          <label description="General" languagecode="1033" />
          <label description="Ogólne" languagecode="1045" />
        </labels>
        <columns>
          <column width="34%">
            <sections>
              <section name="General" showlabel="false" showbar="false" id="{d2c5fd54-43e0-4ab2-ae24-6240ac98c61e}" IsUserDefined="0" labelwidth="100">
                <labels>
                  <label description="GENERAL" languagecode="1033" />
                  <label description="OGÓLNE" languagecode="1045" />
                </labels>
                <rows>
                  <row>
                    <cell id="{d1148f2c-7528-4f07-b838-7fd12c2994de}">
                      <labels>
                        <label description="Name" languagecode="1033" />
                        <label description="Nazwa" languagecode="1045" />
                      </labels>
                      <control id="name" classid="{4273EDBD-AC1D-40d3-9FB2-095C621B552D}" datafieldname="name" />
                    </cell>
                  </row>
                  <row>
                    <cell id="{5118f48a-19bd-4b3c-94fc-3128c3eef36d}">
                      <labels>
                        <label description="Parent Position" languagecode="1033" />
                        <label description="Pozycja nadrzędna" languagecode="1045" />
                      </labels>
                      <control id="parentpositionid" classid="{270BD3DB-D9AF-4782-9025-509E298DEC0A}" datafieldname="parentpositionid" />
                    </cell>
                  </row>
                </rows>
              </section>
              <section name="Description" showlabel="false" showbar="false" locklevel="0" id="{f2b9e056-cce5-43f3-a0a1-d14a16bb6acd}" IsUserDefined="0" layout="varwidth" columns="1" labelwidth="115" celllabelalignment="Left" celllabelposition="Top">
                <labels>
                  <label description="DESCRIPTION" languagecode="1033" />
                  <label description="OPIS" languagecode="1045" />
                </labels>
                <rows>
                  <row>
                    <cell id="{722f7a70-64b2-4b52-8426-677ed45359a8}" showlabel="true" locklevel="0">
                      <labels>
                        <label description="Description" languagecode="1033" />
                        <label description="Opis" languagecode="1045" />
                      </labels>
                      <control id="description" classid="{E0DECE4B-6FC8-4a8f-A065-082708572369}" datafieldname="description" />
                    </cell>
                  </row>
                </rows>
              </section>
            </sections>
          </column>
          <column width="66%">
            <sections>
              <section name="Users" showlabel="false" showbar="false" locklevel="0" id="{55ae0534-13a4-4f0a-b28f-cb1a9bc532f5}" IsUserDefined="0" layout="varwidth" columns="1" labelwidth="115" celllabelalignment="Left" celllabelposition="Top">
                <labels>
                  <label description="POSITION MEMBERS" languagecode="1033" />
                  <label description="CZŁONKOWIE STANOWISK" languagecode="1045" />
                </labels>
                <rows>
                  <row>
                    <cell id="{85b1efb7-b701-4673-9e78-bee8b4ebab03}" showlabel="true" auto="false" rowspan="14" colspan="1">
                      <labels>
                        <label description="MEMBERS" languagecode="1033" />
                        <label description="Członkowie" languagecode="1045" />
                      </labels>
                      <control id="Members" classid="{E7A81278-8635-4d9e-8D4D-59480B391C5B}">
                        <parameters>
                          <ViewId>{31e76b45-bfe7-447e-b4b5-50dc393bcdbe}</ViewId>
                          <IsUserView>false</IsUserView>
                          <RelationshipName>position_users</RelationshipName>
                          <TargetEntityType>systemuser</TargetEntityType>
                          <AutoExpand>Fixed</AutoExpand>
                          <EnableQuickFind>true</EnableQuickFind>
                          <EnableViewPicker>true</EnableViewPicker>
                          <EnableJumpBar>true</EnableJumpBar>
                          <ChartGridMode>Grid</ChartGridMode>
                          <VisualizationId />
                          <IsUserChart>false</IsUserChart>
                          <EnableChartPicker>false</EnableChartPicker>
                          <RecordsPerPage>10</RecordsPerPage>
                          <RelationshipRoleOrdinal>1</RelationshipRoleOrdinal>
                          <ViewIds />
                        </parameters>
                      </control>
                    </cell>
                  </row>
                  <row />
                  <row />
                  <row />
                  <row />
                  <row />
                  <row />
                  <row />
                  <row />
                  <row />
                  <row />
                  <row />
                  <row />
                  <row />
                </rows>
              </section>
            </sections>
          </column>
        </columns>
      </tab>
    </tabs>
  </form>
  <LocalizedNames>
    <LocalizedName description="Position" languagecode="1033" />
    <LocalizedName description="Pozycja" languagecode="1045" />
  </LocalizedNames>
  <Descriptions>
    <Description description="A form for this entity." languagecode="1033" />
    <Description description="Formularz dotyczący tej encji." languagecode="1045" />
  </Descriptions>
</systemform>