{

  "data": [
                {
                                "meta": {
                                                "total": 3,
                                                "return": 3,
                                                "page": 1
                                },
                                "data":[
                                {
                                                "firmID": "51214",
                                                "firmName": "401(k) Advisors",
                                                "about": "401(k) Advisors serves individuals, high-net-worth individuals and pension and profit sharing plans. The firm provides advice through consultation with the client. Advice provided may include determination of financial objectives, identification of financial problems, cash flow management, tax planning, insurance review, investment management, education funding, retirement planning, and estate planning.\r\n\r\nAs of Q4 2018, the firm was not recommending alternative investments to its clients.",
                                                "address": {
                                                                "address1": "120 Vantis, Suite 400",
                                                                "address2": "",
                                                                "city": "Aliso Viejo",
                                                                "state": "CA",
                                                                "country": "US",
                                                                "region": "US",
                                                                "zipCode": "92656",
                                                                "tel": "+ 1 949 460 9898",
                                                                "telExtension": "",
                                                                "fax": "+ 1 949 460 9893",
                                                                "email": insight@401kadvisors.com,
                                                                "web": http://www.401kadvisors.com,
                                                                "isMain": true,
                                                                "latitude": 33.5790126,
                                                                "longitude": -117.729866,
                                                                "googleMapUri": https://www.google.com/maps/embed/v1/place?key=AIzaSyAx-rd0Ylp7mZDx_iqizLcMTpK9WoPi3ic&q=place_id:Ei4xMjAgVmFudGlzIERyICM0MDAsIEFsaXNvIFZpZWpvLCBDQSA5MjY1NiwgVVNB,
                                                                "placeID": "Ei4xMjAgVmFudGlzIERyICM0MDAsIEFsaXNvIFZpZWpvLCBDQSA5MjY1NiwgVVNB"
                                                },
                                                firmType: "Private Sector Pension Fund",
                                                AUM: "",
                                },
                                {
                                                "firmID": "52966",
                                                "firmName": "AHL Dimension (Cayman)",
                                                "about": "401(k) Advisors serves individuals, high-net-worth individuals and pension and profit sharing plans. The firm provides advice through consultation with the client. Advice provided may include determination of financial objectives, identification of financial problems, cash flow management, tax planning, insurance review, investment management, education funding, retirement planning, and estate planning.\r\n\r\nAs of Q4 2018, the firm was not recommending alternative investments to its clients.",
                                                "address": {
                                                                "address1": "120 Vantis, Suite 400",
                                                                "address2": "",
                                                                "city": "Aliso Viejo",
                                                                "state": "CA",
                                                                "country": "US",
                                                                "region": "US",
                                                                "zipCode": "92656",
                                                                "tel": "+ 1 949 460 9898",
                                                                "telExtension": "",
                                                                "fax": "+ 1 949 460 9893",
                                                                "email": insight@401kadvisors.com,
                                                                "web": http://www.401kadvisors.com,
                                                                "isMain": true,
                                                                "latitude": 33.5790126,
                                                                "longitude": -117.729866,
                                                                "googleMapUri": https://www.google.com/maps/embed/v1/place?key=AIzaSyAx-rd0Ylp7mZDx_iqizLcMTpK9WoPi3ic&q=place_id:Ei4xMjAgVmFudGlzIERyICM0MDAsIEFsaXNvIFZpZWpvLCBDQSA5MjY1NiwgVVNB,
                                                                "placeID": "Ei4xMjAgVmFudGlzIERyICM0MDAsIEFsaXNvIFZpZWpvLCBDQSA5MjY1NiwgVVNB"
                                                },
                                                firmType: "CTA",
                                                AUM: "",
                                },
                                {
                                                "firmID": "35554",
                                                "firmName": "Anchorage Capital Partners Offshore",
                                                "about": "401(k) Advisors serves individuals, high-net-worth individuals and pension and profit sharing plans. The firm provides advice through consultation with the client. Advice provided may include determination of financial objectives, identification of financial problems, cash flow management, tax planning, insurance review, investment management, education funding, retirement planning, and estate planning.\r\n\r\nAs of Q4 2018, the firm was not recommending alternative investments to its clients.",
                                                "address": {
                                                                "address1": "120 Vantis, Suite 400",
                                                                "address2": "",
                                                                "city": "Aliso Viejo",
                                                                "state": "CA",
                                                                "country": "US",
                                                                "region": "US",
                                                                "zipCode": "92656",
                                                                "tel": "+ 1 949 460 9898",
                                                                "telExtension": "",
                                                                "fax": "+ 1 949 460 9893",
                                                                "email": insight@401kadvisors.com,
                                                                "web": http://www.401kadvisors.com,
                                                                "isMain": true,
                                                                "latitude": 33.5790126,
                                                                "longitude": -117.729866,
                                                                "googleMapUri": https://www.google.com/maps/embed/v1/place?key=AIzaSyAx-rd0Ylp7mZDx_iqizLcMTpK9WoPi3ic&q=place_id:Ei4xMjAgVmFudGlzIERyICM0MDAsIEFsaXNvIFZpZWpvLCBDQSA5MjY1NiwgVVNB,
                                                                "placeID": "Ei4xMjAgVmFudGlzIERyICM0MDAsIEFsaXNvIFZpZWpvLCBDQSA5MjY1NiwgVVNB"
                                                },
                                                firmType: "Infrastructure",
                                                AUM: "",
                                }
                }
]

}
