﻿<?xml version="1.0" encoding="utf-8"?>
<RibbonDiffXml>
  <CustomActions>
    <HideCustomAction HideActionId="rbs.Mscrm.Form.rbs_document.NewRecord.Hide" Location="Mscrm.Form.rbs_document.NewRecord" />
    <HideCustomAction HideActionId="rbs.Mscrm.Form.rbs_document.NewRecordForBPFEntity.Hide" Location="Mscrm.Form.rbs_document.NewRecordForBPFEntity" />
    <HideCustomAction HideActionId="rbs.Mscrm.Form.rbs_document.SaveAndNew.Hide" Location="Mscrm.Form.rbs_document.SaveAndNew" />
    <HideCustomAction HideActionId="rbs.Mscrm.HomepageGrid.rbs_document.NewRecord.Hide" Location="Mscrm.HomepageGrid.rbs_document.NewRecord" />
    <HideCustomAction HideActionId="rbs.Mscrm.HomepageGrid.rbs_document.NewRecordForBPFEntity.Hide" Location="Mscrm.HomepageGrid.rbs_document.NewRecordForBPFEntity" />
    <HideCustomAction HideActionId="rbs.Mscrm.SubGrid.rbs_document.AddExistingAssoc.Hide" Location="Mscrm.SubGrid.rbs_document.AddExistingAssoc" />
    <HideCustomAction HideActionId="rbs.Mscrm.SubGrid.rbs_document.AddExistingStandard.Hide" Location="Mscrm.SubGrid.rbs_document.AddExistingStandard" />
    <HideCustomAction HideActionId="rbs.Mscrm.SubGrid.rbs_document.AddNewStandard.Hide" Location="Mscrm.SubGrid.rbs_document.AddNewStandard" />
    <HideCustomAction HideActionId="rbs.Mscrm.SubGrid.rbs_document.NewRecord.Hide" Location="Mscrm.SubGrid.rbs_document.NewRecord" />
  </CustomActions>
  <Templates>
    <RibbonTemplates Id="Mscrm.Templates"></RibbonTemplates>
  </Templates>
  <CommandDefinitions />
  <RuleDefinitions>
    <TabDisplayRules />
    <DisplayRules />
    <EnableRules />
  </RuleDefinitions>
  <LocLabels />
</RibbonDiffXml>