{
  "properties": {
    "connectionReferences": {
      "shared_commondataserviceforapps": {
        "runtimeSource": "embedded",
        "connection": {
          "connectionReferenceLogicalName": "demo_sharedcommondataserviceforapps_89765"
        },
        "api": {
          "name": "shared_commondataserviceforapps"
        }
      }
    },
    "definition": {
      "$schema": "https://schema.management.azure.com/providers/Microsoft.Logic/schemas/2016-06-01/workflowdefinition.json#",
      "contentVersion": "1.0.0.0",
      "parameters": {
        "$connections": {
          "defaultValue": {},
          "type": "Object"
        },
        "$authentication": {
          "defaultValue": {},
          "type": "SecureObject"
        }
      },
      "triggers": {
        "When_a_row_is_added,_modified_or_deleted": {
          "metadata": {
            "operationMetadataId": "f673f13c-83b3-41b4-9248-c7e35d22234b"
          },
          "type": "OpenApiConnectionWebhook",
          "inputs": {
            "host": {
              "connectionName": "shared_commondataserviceforapps",
              "operationId": "SubscribeWebhookTrigger",
              "apiId": "/providers/Microsoft.PowerApps/apis/shared_commondataserviceforapps"
            },
            "parameters": {
              "subscriptionRequest/message": 1,
              "subscriptionRequest/entityname": "salesorderdetail",
              "subscriptionRequest/scope": 4
            },
            "authentication": "@parameters('$authentication')"
          }
        }
      },
      "actions": {
        "If_Prod_Cat_Ticket_and_Silver_Card": {
          "actions": {
            "Compose": {
              "runAfter": {},
              "metadata": {
                "operationMetadataId": "21358a34-1db1-4f5d-abcf-4a98a0eede2e"
              },
              "type": "Compose",
              "inputs": "@variables('Extended Amt')"
            },
            "Total_Points": {
              "runAfter": {
                "Compose": [
                  "Succeeded"
                ]
              },
              "metadata": {
                "operationMetadataId": "e427aec1-ced1-44a0-897e-33d87f19c495"
              },
              "type": "Compose",
              "inputs": "@mul(outputs('Compose'),2)"
            },
            "Update_a_row": {
              "runAfter": {
                "Total_Points": [
                  "Succeeded"
                ]
              },
              "metadata": {
                "operationMetadataId": "c0ef7b77-bbdc-432b-9627-aca08906cfe6"
              },
              "type": "OpenApiConnection",
              "inputs": {
                "host": {
                  "connectionName": "shared_commondataserviceforapps",
                  "operationId": "UpdateRecord",
                  "apiId": "/providers/Microsoft.PowerApps/apis/shared_commondataserviceforapps"
                },
                "parameters": {
                  "entityName": "salesorderdetails",
                  "recordId": "@outputs('Get-OrderDetail')?['body/salesorderdetailid']",
                  "item/demo_loyalityrewardpoint": "@outputs('Total_Points')"
                },
                "authentication": "@parameters('$authentication')"
              }
            }
          },
          "runAfter": {
            "Extended_Amt": [
              "Succeeded"
            ]
          },
          "else": {
            "actions": {
              "If_Prod_Cat_Ticket_and_Gold_Card": {
                "actions": {
                  "Compose_2": {
                    "runAfter": {},
                    "metadata": {
                      "operationMetadataId": "c6d69d60-d4a3-4600-a63a-4a08edde09ef"
                    },
                    "type": "Compose",
                    "inputs": "@variables('Extended Amt')"
                  },
                  "Total_Points_1": {
                    "runAfter": {
                      "Compose_2": [
                        "Succeeded"
                      ]
                    },
                    "metadata": {
                      "operationMetadataId": "5582f164-c3d3-422d-9028-4f04b249af83"
                    },
                    "type": "Compose",
                    "inputs": "@mul(outputs('Compose_2'),4)"
                  },
                  "Update_a_row_2": {
                    "runAfter": {
                      "Total_Points_1": [
                        "Succeeded"
                      ]
                    },
                    "metadata": {
                      "operationMetadataId": "960f05ea-868e-4a9b-b1f7-b0826f243f35"
                    },
                    "type": "OpenApiConnection",
                    "inputs": {
                      "host": {
                        "connectionName": "shared_commondataserviceforapps",
                        "operationId": "UpdateRecord",
                        "apiId": "/providers/Microsoft.PowerApps/apis/shared_commondataserviceforapps"
                      },
                      "parameters": {
                        "entityName": "salesorderdetails",
                        "recordId": "@outputs('Get-OrderDetail')?['body/salesorderdetailid']",
                        "item/demo_loyalityrewardpoint": "@outputs('Total_Points_1')"
                      },
                      "authentication": "@parameters('$authentication')"
                    }
                  }
                },
                "runAfter": {},
                "else": {
                  "actions": {
                    "If_Prod_Cat_Ticket_and_Platinum_Card": {
                      "actions": {
                        "Compose_3": {
                          "runAfter": {},
                          "metadata": {
                            "operationMetadataId": "0b39af65-5d36-4a75-8db4-c674ebf631c4"
                          },
                          "type": "Compose",
                          "inputs": "@variables('Extended Amt')"
                        },
                        "Total_Point_2": {
                          "runAfter": {
                            "Compose_3": [
                              "Succeeded"
                            ]
                          },
                          "metadata": {
                            "operationMetadataId": "e472c364-c1ac-4d0e-8afa-c8dc1b8174d8"
                          },
                          "type": "Compose",
                          "inputs": "@mul(outputs('Compose_3'),6)"
                        },
                        "Update_a_row_3": {
                          "runAfter": {
                            "Total_Point_2": [
                              "Succeeded"
                            ]
                          },
                          "metadata": {
                            "operationMetadataId": "c324a4a3-6001-40c0-8889-99e498178c29"
                          },
                          "type": "OpenApiConnection",
                          "inputs": {
                            "host": {
                              "connectionName": "shared_commondataserviceforapps",
                              "operationId": "UpdateRecord",
                              "apiId": "/providers/Microsoft.PowerApps/apis/shared_commondataserviceforapps"
                            },
                            "parameters": {
                              "entityName": "salesorderdetails",
                              "recordId": "@outputs('Get-OrderDetail')?['body/salesorderdetailid']",
                              "item/demo_loyalityrewardpoint": "@outputs('Total_Point_2')"
                            },
                            "authentication": "@parameters('$authentication')"
                          }
                        }
                      },
                      "runAfter": {},
                      "else": {
                        "actions": {
                          "If_Prod_Cat_Groceries_and_Silver_Card": {
                            "actions": {
                              "Compose_4": {
                                "runAfter": {},
                                "metadata": {
                                  "operationMetadataId": "4d6a6b2e-15dd-439f-9f7a-38272da288e4"
                                },
                                "type": "Compose",
                                "inputs": "@variables('Extended Amt')"
                              },
                              "Total_Point_3": {
                                "runAfter": {
                                  "Compose_4": [
                                    "Succeeded"
                                  ]
                                },
                                "metadata": {
                                  "operationMetadataId": "514809bf-eace-402c-b44c-4029d8fa2a70"
                                },
                                "type": "Compose",
                                "inputs": "@mul(outputs('Compose_4'),10)"
                              },
                              "Update_a_row_4": {
                                "runAfter": {
                                  "Total_Point_3": [
                                    "Succeeded"
                                  ]
                                },
                                "metadata": {
                                  "operationMetadataId": "7dad1223-e6a5-40ff-8582-459ffd4b72c4"
                                },
                                "type": "OpenApiConnection",
                                "inputs": {
                                  "host": {
                                    "connectionName": "shared_commondataserviceforapps",
                                    "operationId": "UpdateRecord",
                                    "apiId": "/providers/Microsoft.PowerApps/apis/shared_commondataserviceforapps"
                                  },
                                  "parameters": {
                                    "entityName": "salesorderdetails",
                                    "recordId": "@outputs('Get-OrderDetail')?['body/salesorderdetailid']",
                                    "item/demo_loyalityrewardpoint": "@outputs('Total_Point_3')"
                                  },
                                  "authentication": "@parameters('$authentication')"
                                }
                              }
                            },
                            "runAfter": {},
                            "else": {
                              "actions": {
                                "If_Prod_Cat_Groceries_and_Gold_Card": {
                                  "actions": {
                                    "Compose_5": {
                                      "runAfter": {},
                                      "metadata": {
                                        "operationMetadataId": "842dc9e8-5f08-44f1-80cc-67d8327432ab"
                                      },
                                      "type": "Compose",
                                      "inputs": "@variables('Extended Amt')"
                                    },
                                    "Total_Point_4": {
                                      "runAfter": {
                                        "Compose_5": [
                                          "Succeeded"
                                        ]
                                      },
                                      "metadata": {
                                        "operationMetadataId": "bc037f3d-1f00-4a5a-a83d-7a38d4706f0e"
                                      },
                                      "type": "Compose",
                                      "inputs": "@mul(outputs('Compose_5'),20)"
                                    },
                                    "Update_a_row_5": {
                                      "runAfter": {
                                        "Total_Point_4": [
                                          "Succeeded"
                                        ]
                                      },
                                      "metadata": {
                                        "operationMetadataId": "f1593e13-5f20-4c74-94bb-840bacfb8aee"
                                      },
                                      "type": "OpenApiConnection",
                                      "inputs": {
                                        "host": {
                                          "connectionName": "shared_commondataserviceforapps",
                                          "operationId": "UpdateRecord",
                                          "apiId": "/providers/Microsoft.PowerApps/apis/shared_commondataserviceforapps"
                                        },
                                        "parameters": {
                                          "entityName": "salesorderdetails",
                                          "recordId": "@outputs('Get-OrderDetail')?['body/salesorderdetailid']",
                                          "item/demo_loyalityrewardpoint": "@outputs('Total_Point_4')"
                                        },
                                        "authentication": "@parameters('$authentication')"
                                      }
                                    }
                                  },
                                  "runAfter": {},
                                  "else": {
                                    "actions": {
                                      "If_Prod_Cat_Groceries_and_Platinum_Card": {
                                        "actions": {
                                          "Compose_6": {
                                            "runAfter": {},
                                            "metadata": {
                                              "operationMetadataId": "1103e87b-7b2f-4aef-8a5e-7ba771458549"
                                            },
                                            "type": "Compose",
                                            "inputs": "@variables('Extended Amt')"
                                          },
                                          "Total_Point_5": {
                                            "runAfter": {
                                              "Compose_6": [
                                                "Succeeded"
                                              ]
                                            },
                                            "metadata": {
                                              "operationMetadataId": "6c75ee8e-c590-462b-8982-8aa877712b66"
                                            },
                                            "type": "Compose",
                                            "inputs": "@mul(outputs('Compose_6'),30)"
                                          },
                                          "Update_a_row_6": {
                                            "runAfter": {
                                              "Total_Point_5": [
                                                "Succeeded"
                                              ]
                                            },
                                            "metadata": {
                                              "operationMetadataId": "76640a67-2c1b-42f7-b697-60a3389d59ef"
                                            },
                                            "type": "OpenApiConnection",
                                            "inputs": {
                                              "host": {
                                                "connectionName": "shared_commondataserviceforapps",
                                                "operationId": "UpdateRecord",
                                                "apiId": "/providers/Microsoft.PowerApps/apis/shared_commondataserviceforapps"
                                              },
                                              "parameters": {
                                                "entityName": "salesorderdetails",
                                                "recordId": "@outputs('Get-OrderDetail')?['body/salesorderdetailid']",
                                                "item/demo_loyalityrewardpoint": "@outputs('Total_Point_5')"
                                              },
                                              "authentication": "@parameters('$authentication')"
                                            }
                                          }
                                        },
                                        "runAfter": {},
                                        "else": {
                                          "actions": {
                                            "If_Prod_Cat_Electronics_and_Silver_Card": {
                                              "actions": {
                                                "Compose_7": {
                                                  "runAfter": {},
                                                  "metadata": {
                                                    "operationMetadataId": "311e3de4-17b9-4223-baaa-a79281152854"
                                                  },
                                                  "type": "Compose",
                                                  "inputs": "@variables('Extended Amt')"
                                                },
                                                "Total_Point_6": {
                                                  "runAfter": {
                                                    "Compose_7": [
                                                      "Succeeded"
                                                    ]
                                                  },
                                                  "metadata": {
                                                    "operationMetadataId": "3ac0de8e-a0da-4ac0-b8bd-17748e0ca993"
                                                  },
                                                  "type": "Compose",
                                                  "inputs": "@mul(outputs('Compose_7'),100)"
                                                },
                                                "Update_a_row_7": {
                                                  "runAfter": {
                                                    "Total_Point_6": [
                                                      "Succeeded"
                                                    ]
                                                  },
                                                  "metadata": {
                                                    "operationMetadataId": "d6969152-9dd4-4131-85ca-27459d4fa336"
                                                  },
                                                  "type": "OpenApiConnection",
                                                  "inputs": {
                                                    "host": {
                                                      "connectionName": "shared_commondataserviceforapps",
                                                      "operationId": "UpdateRecord",
                                                      "apiId": "/providers/Microsoft.PowerApps/apis/shared_commondataserviceforapps"
                                                    },
                                                    "parameters": {
                                                      "entityName": "salesorderdetails",
                                                      "recordId": "@outputs('Get-OrderDetail')?['body/salesorderdetailid']",
                                                      "item/demo_loyalityrewardpoint": "@outputs('Total_Point_6')"
                                                    },
                                                    "authentication": "@parameters('$authentication')"
                                                  }
                                                }
                                              },
                                              "runAfter": {},
                                              "else": {
                                                "actions": {
                                                  "If_Prod_Cat_Electronics_and_Gold_Card": {
                                                    "actions": {
                                                      "Compose_8": {
                                                        "runAfter": {},
                                                        "metadata": {
                                                          "operationMetadataId": "58f6d6b6-29e9-42e0-9009-919e2450b434"
                                                        },
                                                        "type": "Compose",
                                                        "inputs": "@variables('Extended Amt')"
                                                      },
                                                      "Total_Point_7": {
                                                        "runAfter": {
                                                          "Compose_8": [
                                                            "Succeeded"
                                                          ]
                                                        },
                                                        "metadata": {
                                                          "operationMetadataId": "04fd6803-2442-4c78-90d6-246849863a92"
                                                        },
                                                        "type": "Compose",
                                                        "inputs": "@mul(outputs('Compose_8'),200)"
                                                      },
                                                      "Update_a_row_8": {
                                                        "runAfter": {
                                                          "Total_Point_7": [
                                                            "Succeeded"
                                                          ]
                                                        },
                                                        "metadata": {
                                                          "operationMetadataId": "54ee62de-0578-4f4d-9c15-389dd3f9d4e1"
                                                        },
                                                        "type": "OpenApiConnection",
                                                        "inputs": {
                                                          "host": {
                                                            "connectionName": "shared_commondataserviceforapps",
                                                            "operationId": "UpdateRecord",
                                                            "apiId": "/providers/Microsoft.PowerApps/apis/shared_commondataserviceforapps"
                                                          },
                                                          "parameters": {
                                                            "entityName": "salesorderdetails",
                                                            "recordId": "@outputs('Get-OrderDetail')?['body/salesorderdetailid']",
                                                            "item/demo_loyalityrewardpoint": "@outputs('Total_Point_7')"
                                                          },
                                                          "authentication": "@parameters('$authentication')"
                                                        }
                                                      }
                                                    },
                                                    "runAfter": {},
                                                    "else": {
                                                      "actions": {
                                                        "Compose_9": {
                                                          "runAfter": {},
                                                          "metadata": {
                                                            "operationMetadataId": "8c180df3-2706-48b4-ad85-ccd05a7cf2b4"
                                                          },
                                                          "type": "Compose",
                                                          "inputs": "@variables('Extended Amt')"
                                                        },
                                                        "Total_Point_8": {
                                                          "runAfter": {
                                                            "Compose_9": [
                                                              "Succeeded"
                                                            ]
                                                          },
                                                          "metadata": {
                                                            "operationMetadataId": "c34b1736-c52e-4837-9f3f-616ec25b984b"
                                                          },
                                                          "type": "Compose",
                                                          "inputs": "@mul(outputs('Compose_9'),300)"
                                                        },
                                                        "Update_a_row_9": {
                                                          "runAfter": {
                                                            "Total_Point_8": [
                                                              "Succeeded"
                                                            ]
                                                          },
                                                          "metadata": {
                                                            "operationMetadataId": "2aa055d6-99d0-4658-8c20-2cd9bef3b32e"
                                                          },
                                                          "type": "OpenApiConnection",
                                                          "inputs": {
                                                            "host": {
                                                              "connectionName": "shared_commondataserviceforapps",
                                                              "operationId": "UpdateRecord",
                                                              "apiId": "/providers/Microsoft.PowerApps/apis/shared_commondataserviceforapps"
                                                            },
                                                            "parameters": {
                                                              "entityName": "salesorderdetails",
                                                              "recordId": "@outputs('Get-OrderDetail')?['body/salesorderdetailid']",
                                                              "item/demo_loyalityrewardpoint": "@outputs('Total_Point_8')"
                                                            },
                                                            "authentication": "@parameters('$authentication')"
                                                          }
                                                        }
                                                      }
                                                    },
                                                    "expression": {
                                                      "and": [
                                                        {
                                                          "equals": [
                                                            "@variables('Product Category')",
                                                            " Electronics"
                                                          ]
                                                        },
                                                        {
                                                          "equals": [
                                                            "@variables('Card Type')",
                                                            "Gold"
                                                          ]
                                                        }
                                                      ]
                                                    },
                                                    "metadata": {
                                                      "operationMetadataId": "103ea43b-cc4b-4e5f-8288-3cc118c5ce82"
                                                    },
                                                    "type": "If"
                                                  }
                                                }
                                              },
                                              "expression": {
                                                "and": [
                                                  {
                                                    "equals": [
                                                      "@variables('Product Category')",
                                                      " Electronics"
                                                    ]
                                                  },
                                                  {
                                                    "equals": [
                                                      "@variables('Card Type')",
                                                      "Silver"
                                                    ]
                                                  }
                                                ]
                                              },
                                              "metadata": {
                                                "operationMetadataId": "8ca05675-8fe0-49d9-83c2-99974c5d98f4"
                                              },
                                              "type": "If"
                                            }
                                          }
                                        },
                                        "expression": {
                                          "and": [
                                            {
                                              "equals": [
                                                "@variables('Product Category')",
                                                " Groceries"
                                              ]
                                            },
                                            {
                                              "equals": [
                                                "@variables('Card Type')",
                                                "Platinum"
                                              ]
                                            }
                                          ]
                                        },
                                        "metadata": {
                                          "operationMetadataId": "52d0099a-3740-458b-a361-3b52201f0fcd"
                                        },
                                        "type": "If"
                                      }
                                    }
                                  },
                                  "expression": {
                                    "and": [
                                      {
                                        "equals": [
                                          "@variables('Product Category')",
                                          " Groceries"
                                        ]
                                      },
                                      {
                                        "equals": [
                                          "@variables('Card Type')",
                                          "Gold"
                                        ]
                                      }
                                    ]
                                  },
                                  "metadata": {
                                    "operationMetadataId": "638397f0-48c8-49a5-9ca4-29ba8796fdba"
                                  },
                                  "type": "If"
                                }
                              }
                            },
                            "expression": {
                              "and": [
                                {
                                  "equals": [
                                    "@variables('Product Category')",
                                    " Groceries"
                                  ]
                                },
                                {
                                  "equals": [
                                    "@variables('Card Type')",
                                    "Silver"
                                  ]
                                }
                              ]
                            },
                            "metadata": {
                              "operationMetadataId": "88dceb3e-6b31-4ba9-a324-5bb9c9a6d84a"
                            },
                            "type": "If"
                          }
                        }
                      },
                      "expression": {
                        "and": [
                          {
                            "equals": [
                              "@variables('Product Category')",
                              " Tickets"
                            ]
                          },
                          {
                            "equals": [
                              "@variables('Card Type')",
                              "Platinum"
                            ]
                          }
                        ]
                      },
                      "metadata": {
                        "operationMetadataId": "0524e625-c37f-4a34-a6d4-05612f77e825"
                      },
                      "type": "If"
                    }
                  }
                },
                "expression": {
                  "and": [
                    {
                      "equals": [
                        "@variables('Product Category')",
                        " Tickets"
                      ]
                    },
                    {
                      "equals": [
                        "@variables('Card Type')",
                        "Gold"
                      ]
                    }
                  ]
                },
                "metadata": {
                  "operationMetadataId": "fcd7ff8e-062d-4cd9-a9d4-cfe1f70cb607"
                },
                "type": "If"
              }
            }
          },
          "expression": {
            "and": [
              {
                "equals": [
                  "@variables('Product Category')",
                  " Tickets"
                ]
              },
              {
                "equals": [
                  "@variables('Card Type')",
                  "Silver"
                ]
              }
            ]
          },
          "metadata": {
            "operationMetadataId": "eb98ad4d-6ba5-4eed-a1c1-6d243b64663b"
          },
          "type": "If"
        },
        "Extended_Amt": {
          "runAfter": {
            "Split_values_in_array": [
              "Succeeded"
            ]
          },
          "metadata": {
            "operationMetadataId": "d7aaed43-4344-403f-b94d-9fcc5a751e02"
          },
          "type": "InitializeVariable",
          "inputs": {
            "variables": [
              {
                "name": "Extended Amt",
                "type": "integer",
                "value": "@int(variables('myArray')[0])"
              }
            ]
          }
        },
        "Card_Type": {
          "runAfter": {
            "Product_Category": [
              "Succeeded"
            ]
          },
          "metadata": {
            "operationMetadataId": "ec367f8e-3c07-4934-9dae-8679fa23dfa4"
          },
          "type": "InitializeVariable",
          "inputs": {
            "variables": [
              {
                "name": "Card Type",
                "type": "string",
                "value": "@{outputs('Get-OrderDetail')?['body/_demo_cardtype_value@OData.Community.Display.V1.FormattedValue']}"
              }
            ]
          }
        },
        "Product_Category": {
          "runAfter": {
            "Get-OrderDetail": [
              "Succeeded"
            ]
          },
          "metadata": {
            "operationMetadataId": "6fb9b2b6-98a1-4bfc-9a22-1821f5b057e4"
          },
          "type": "InitializeVariable",
          "inputs": {
            "variables": [
              {
                "name": "Product Category",
                "type": "string",
                "value": " @{outputs('Get-OrderDetail')?['body/_demo_productcategory_value@OData.Community.Display.V1.FormattedValue']}"
              }
            ]
          }
        },
        "Get-OrderDetail": {
          "runAfter": {},
          "metadata": {
            "operationMetadataId": "0527fb41-118c-4898-abe6-5d5f9491f6df"
          },
          "type": "OpenApiConnection",
          "inputs": {
            "host": {
              "connectionName": "shared_commondataserviceforapps",
              "operationId": "GetItem",
              "apiId": "/providers/Microsoft.PowerApps/apis/shared_commondataserviceforapps"
            },
            "parameters": {
              "entityName": "salesorderdetails",
              "recordId": "@triggerOutputs()?['body/salesorderdetailid']"
            },
            "authentication": "@parameters('$authentication')"
          }
        },
        "Get_Extended_Amt_": {
          "runAfter": {
            "Card_Type": [
              "Succeeded"
            ]
          },
          "metadata": {
            "operationMetadataId": "b2f8d33d-531c-4b63-b7fc-4a0a840b54b2"
          },
          "type": "Compose",
          "inputs": "@div(outputs('Get-OrderDetail')?['body/extendedamount'],100)"
        },
        "Split_float_to_get__integer_value": {
          "runAfter": {
            "Get_Extended_Amt_": [
              "Succeeded"
            ]
          },
          "metadata": {
            "operationMetadataId": "ed4819dc-3a81-409b-be8a-196a17ce481c"
          },
          "type": "Compose",
          "inputs": "@split(string(outputs('Get_Extended_Amt_')),'.')"
        },
        "Split_values_in_array": {
          "runAfter": {
            "Split_float_to_get__integer_value": [
              "Succeeded"
            ]
          },
          "metadata": {
            "operationMetadataId": "c0061faa-cbee-4087-82b4-6ca3ab6568c0"
          },
          "type": "InitializeVariable",
          "inputs": {
            "variables": [
              {
                "name": "myArray",
                "type": "array",
                "value": "@outputs('Split_float_to_get__integer_value')"
              }
            ]
          }
        }
      }
    },
    "templateName": ""
  },
  "schemaVersion": "1.0.0.0"
}