﻿<?xml version="1.0" encoding="utf-8"?>
<savedquery>
  <IsCustomizable>1</IsCustomizable>
  <CanBeDeleted>1</CanBeDeleted>
  <isquickfindquery>0</isquickfindquery>
  <isprivate>0</isprivate>
  <isdefault>1</isdefault>
  <returnedtypecode>10008</returnedtypecode>
  <savedqueryid>{4f6c8761-08b2-e611-80e0-c4346bad20a4}</savedqueryid>
  <querytype>8192</querytype>
  <fetchxml>
    <fetch version="1.0" mapping="logical" output-format="xml-platform">
      <entity name="nwm_fosalesconfiguration">
        <attribute name="nwm_fosalesconfigurationid" />
        <filter type="and">
          <condition attribute="statecode" operator="eq" value="0" />
          <condition attribute="ownerid" operator="eq-userid" />
        </filter>
      </entity>
    </fetch>
  </fetchxml>
  <IntroducedVersion>0.0.0.1</IntroducedVersion>
  <LocalizedNames>
    <LocalizedName description="My FO Sales Configurations" languagecode="1033" />
  </LocalizedNames>
</savedquery>