﻿<?xml version="1.0" encoding="utf-8"?>
<savedquery>
  <IsCustomizable>1</IsCustomizable>
  <CanBeDeleted>0</CanBeDeleted>
  <isquickfindquery>0</isquickfindquery>
  <isprivate>0</isprivate>
  <isdefault>1</isdefault>
  <returnedtypecode>10008</returnedtypecode>
  <savedqueryid>{e7d40db3-cb42-4855-8bb6-d0e75d0199e2}</savedqueryid>
  <layoutxml>
    <grid name="" object="10008" jump="nwm_name" select="1" icon="1" preview="1">
      <row name="nwm_fosalesconfiguration" id="nwm_fosalesconfigurationid">
        <cell name="nwm_name" width="300" />
        <cell name="createdon" width="125" />
      </row>
    </grid>
  </layoutxml>
  <querytype>2</querytype>
  <fetchxml>
    <fetch version="1.0" mapping="logical">
      <entity name="nwm_fosalesconfiguration">
        <attribute name="nwm_fosalesconfigurationid" />
        <attribute name="nwm_name" />
        <attribute name="createdon" />
        <order attribute="nwm_name" descending="false" />
        <filter type="and">
          <condition attribute="statecode" operator="eq" value="0" />
        </filter>
      </entity>
    </fetch>
  </fetchxml>
  <IntroducedVersion>0.0.0.1</IntroducedVersion>
  <LocalizedNames>
    <LocalizedName description="FO Sales Configuration Associated View" languagecode="1033" />
  </LocalizedNames>
</savedquery>