﻿<?xml version="1.0" encoding="utf-8"?>
<savedquery>
  <IsCustomizable>1</IsCustomizable>
  <CanBeDeleted>0</CanBeDeleted>
  <isquickfindquery>0</isquickfindquery>
  <isprivate>0</isprivate>
  <isdefault>1</isdefault>
  <returnedtypecode>10005</returnedtypecode>
  <savedqueryid>{13c8b096-649a-41cf-8ddc-2728cdf77df0}</savedqueryid>
  <layoutxml>
    <grid name="" object="10005" jump="nwm_name" select="1" icon="1" preview="1">
      <row name="nwm_accountpriority" id="nwm_accountpriorityid">
        <cell name="nwm_name" width="300" />
        <cell name="createdon" width="125" />
      </row>
    </grid>
  </layoutxml>
  <querytype>2</querytype>
  <fetchxml>
    <fetch version="1.0" mapping="logical">
      <entity name="nwm_accountpriority">
        <attribute name="nwm_accountpriorityid" />
        <attribute name="nwm_name" />
        <attribute name="createdon" />
        <order attribute="nwm_name" descending="false" />
        <filter type="and">
          <condition attribute="statecode" operator="eq" value="0" />
        </filter>
      </entity>
    </fetch>
  </fetchxml>
  <IntroducedVersion>0.0.0.1</IntroducedVersion>
  <LocalizedNames>
    <LocalizedName description="Account Priority Associated View" languagecode="1033" />
  </LocalizedNames>
</savedquery>