﻿<?xml version="1.0" encoding="utf-8"?>
<savedquery>
  <IsCustomizable>1</IsCustomizable>
  <CanBeDeleted>0</CanBeDeleted>
  <isquickfindquery>0</isquickfindquery>
  <isprivate>0</isprivate>
  <isdefault>1</isdefault>
  <returnedtypecode>10005</returnedtypecode>
  <savedqueryid>{327892b0-b29e-416b-b073-66ca2a7af482}</savedqueryid>
  <layoutxml>
    <grid name="resultset" object="10005" jump="nwm_name" select="1" icon="1" preview="1">
      <row name="result" id="nwm_accountpriorityid">
        <cell name="nwm_name" width="300" />
        <cell name="createdon" width="125" />
      </row>
    </grid>
  </layoutxml>
  <querytype>1</querytype>
  <fetchxml>
    <fetch version="1.0" mapping="logical">
      <entity name="nwm_accountpriority">
        <attribute name="nwm_accountpriorityid" />
        <attribute name="nwm_name" />
        <attribute name="createdon" />
        <order attribute="nwm_name" descending="false" />
      </entity>
    </fetch>
  </fetchxml>
  <IntroducedVersion>0.0.0.1</IntroducedVersion>
  <LocalizedNames>
    <LocalizedName description="Account Priority Advanced Find View" languagecode="1033" />
  </LocalizedNames>
</savedquery>