﻿<?xml version="1.0" encoding="utf-8"?>
<savedquery>
  <IsCustomizable>1</IsCustomizable>
  <CanBeDeleted>1</CanBeDeleted>
  <isquickfindquery>0</isquickfindquery>
  <isprivate>0</isprivate>
  <isdefault>1</isdefault>
  <returnedtypecode>10005</returnedtypecode>
  <savedqueryid>{8eb086b0-d0a0-e611-80dd-c4346baccc44}</savedqueryid>
  <querytype>8192</querytype>
  <fetchxml>
    <fetch version="1.0" mapping="logical" output-format="xml-platform">
      <entity name="nwm_accountpriority">
        <attribute name="nwm_accountpriorityid" />
        <filter type="and">
          <condition attribute="statecode" operator="eq" value="0" />
          <condition attribute="ownerid" operator="eq-userid" />
        </filter>
      </entity>
    </fetch>
  </fetchxml>
  <IntroducedVersion>0.0.0.1</IntroducedVersion>
  <LocalizedNames>
    <LocalizedName description="My Account Priorities" languagecode="1033" />
  </LocalizedNames>
</savedquery>