﻿<?xml version="1.0" encoding="utf-8"?>
<savedquery>
  <IsCustomizable>1</IsCustomizable>
  <CanBeDeleted>0</CanBeDeleted>
  <isquickfindquery>0</isquickfindquery>
  <isprivate>0</isprivate>
  <isdefault>1</isdefault>
  <returnedtypecode>10005</returnedtypecode>
  <savedqueryid>{94c2beab-20ae-49bc-a3a0-8a916805231e}</savedqueryid>
  <layoutxml>
    <grid name="" object="10005" jump="nwm_name" select="1" icon="1" preview="0">
      <row name="nwm_accountpriority" id="nwm_accountpriorityid">
        <cell name="nwm_name" width="300" />
        <cell name="createdon" width="125" />
      </row>
    </grid>
  </layoutxml>
  <querytype>64</querytype>
  <fetchxml>
    <fetch version="1.0" mapping="logical">
      <entity name="nwm_accountpriority">
        <attribute name="nwm_accountpriorityid" />
        <attribute name="nwm_name" />
        <attribute name="createdon" />
        <filter type="and">
          <condition attribute="statecode" operator="eq" value="0" />
        </filter>
      </entity>
    </fetch>
  </fetchxml>
  <IntroducedVersion>0.0.0.1</IntroducedVersion>
  <LocalizedNames>
    <LocalizedName description="Account Priority Lookup View" languagecode="1033" />
  </LocalizedNames>
</savedquery>