﻿<?xml version="1.0" encoding="utf-8"?>
<savedquery>
  <IsCustomizable>1</IsCustomizable>
  <CanBeDeleted>0</CanBeDeleted>
  <isquickfindquery>0</isquickfindquery>
  <isprivate>0</isprivate>
  <isdefault>1</isdefault>
  <returnedtypecode>10005</returnedtypecode>
  <savedqueryid>{95acef24-f6ff-4b4e-b1be-cb3457955146}</savedqueryid>
  <layoutxml>
    <grid name="resultset" object="10005" jump="nwm_name" select="1" icon="1" preview="1">
      <row name="result" id="nwm_accountpriorityid">
        <cell name="nwm_name" width="300" />
        <cell name="createdon" width="125" />
      </row>
    </grid>
  </layoutxml>
  <querytype>0</querytype>
  <fetchxml>
    <fetch version="1.0" mapping="logical">
      <entity name="nwm_accountpriority">
        <attribute name="nwm_accountpriorityid" />
        <attribute name="nwm_name" />
        <attribute name="createdon" />
        <order attribute="nwm_name" descending="false" />
        <filter type="and">
          <condition attribute="statecode" operator="eq" value="0" />
        </filter>
      </entity>
    </fetch>
  </fetchxml>
  <IntroducedVersion>0.0.0.1</IntroducedVersion>
  <LocalizedNames>
    <LocalizedName description="Active Account Priorities" languagecode="1033" />
  </LocalizedNames>
</savedquery>