﻿<?xml version="1.0" encoding="utf-8"?>
<EntityRelationships>
  <EntityRelationship Name="lk_rbsm_configurationsetting_createdby" />
  <EntityRelationship Name="lk_rbsm_configurationsetting_modifiedby" />
  <EntityRelationship Name="organization_rbsm_configurationsetting" />
  <EntityRelationship Name="rbsm_configurationsetting_AsyncOperations" />
  <EntityRelationship Name="rbsm_configurationsetting_BulkDeleteFailures" />
  <EntityRelationship Name="rbsm_configurationsetting_DuplicateBaseRecord" />
  <EntityRelationship Name="rbsm_configurationsetting_DuplicateMatchingRecord" />
  <EntityRelationship Name="rbsm_configurationsetting_PrincipalObjectAttributeAccesses" />
  <EntityRelationship Name="rbsm_configurationsetting_ProcessSession" />
  <EntityRelationship Name="rbsm_configurationsetting_UserEntityInstanceDatas" />
</EntityRelationships>