﻿<?xml version="1.0" encoding="utf-8"?>
<systemform>
  <formid>{a987d4b3-aa22-4bcf-8b80-9169e3c4fda6}</formid>
  <IntroducedVersion>1.0.0.0</IntroducedVersion>
  <FormPresentation>1</FormPresentation>
  <FormActivationState>1</FormActivationState>
  <form maxWidth="1900">
    <tabs>
      <tab id="{1699390f-8141-4ba2-8305-b6569ae390ac}" name="tab_1" showlabel="false">
        <labels>
          <label description="Tab" languagecode="1033" />
        </labels>
        <columns>
          <column width="33%">
            <sections>
              <section id="{1ebb5c60-75ae-44eb-9821-a4bee6aff14a}" name="tab_1_column_1_section_1" columns="1" showlabel="false" showbar="false" IsUserDefined="0">
                <labels>
                  <label description="section" languagecode="1033" />
                </labels>
                <rows>
                  <row>
                    <cell id="{76cdc867-678a-7933-83a8-1eeee64c9d65}" showlabel="true" locklevel="0">
                      <labels>
                        <label description="Opportunity" languagecode="1033" />
                      </labels>
                      <control id="rbsm_opportunity" classid="{270BD3DB-D9AF-4782-9025-509E298DEC0A}" datafieldname="rbsm_opportunity" disabled="false" />
                    </cell>
                  </row>
                </rows>
              </section>
            </sections>
          </column>
          <column width="33%">
            <sections>
              <section id="{ac3f07bd-349d-4037-9beb-e12cd0aff1be}" name="tab_1_column_2_section_1" columns="1" showlabel="false" showbar="false" IsUserDefined="0">
                <labels>
                  <label description="section" languagecode="1033" />
                </labels>
                <rows>
                  <row>
                    <cell id="{d2a4bd0b-7ae0-e00a-8562-c38857b3667d}" showlabel="true" locklevel="0">
                      <labels>
                        <label description="Service Catalogue" languagecode="1033" />
                      </labels>
                      <control id="rbsm_servicecatalog" classid="{270BD3DB-D9AF-4782-9025-509E298DEC0A}" datafieldname="rbsm_servicecatalog" disabled="false" />
                    </cell>
                  </row>
                </rows>
              </section>
            </sections>
          </column>
          <column width="33%">
            <sections>
              <section id="{00cd04a8-6546-45d9-9be7-f36a0a8cf79d}" name="tab_1_column_3_section_1" columns="1" showlabel="false" showbar="false" IsUserDefined="0">
                <labels>
                  <label description="section" languagecode="1033" />
                </labels>
                <rows>
                  <row>
                    <cell id="{190e6a0a-1d07-05be-71d2-3710177d8151}" showlabel="true" locklevel="0" rowspan="3">
                      <labels>
                        <label description="Comments" languagecode="1033" />
                      </labels>
                      <control id="rbsm_comments" classid="{E0DECE4B-6FC8-4a8f-A065-082708572369}" datafieldname="rbsm_comments" disabled="false" />
                    </cell>
                  </row>
                  <row />
                  <row />
                </rows>
              </section>
            </sections>
          </column>
        </columns>
      </tab>
    </tabs>
    <DisplayConditions Order="1">
      <Role Id="{627090ff-40a3-4053-8790-584edc5be201}" />
      <Role Id="{119f245c-3cc8-4b62-b31c-d1a046ced15d}" />
    </DisplayConditions>
  </form>
  <IsCustomizable>1</IsCustomizable>
  <CanBeDeleted>1</CanBeDeleted>
  <LocalizedNames>
    <LocalizedName description="Quick Create Form" languagecode="1033" />
  </LocalizedNames>
</systemform>