﻿<?xml version="1.0" encoding="utf-8"?>
<WebResource>
  <WebResourceId>{b79b42d6-7ebc-e811-8147-5065f38bc5c1}</WebResourceId>
  <Name>rbs_securityrolerulerelationship.js</Name>
  <DisplayName>SecurityRoleRuleRelationship.js</DisplayName>
  <WebResourceType>3</WebResourceType>
  <IntroducedVersion>1.0.0.0</IntroducedVersion>
  <IsEnabledForMobileClient>0</IsEnabledForMobileClient>
  <IsAvailableForMobileOffline>0</IsAvailableForMobileOffline>
  <DependencyXml>&lt;Dependencies&gt;&lt;Dependency componentType="WebResource"/&gt;&lt;/Dependencies&gt;</DependencyXml>
  <IsCustomizable>1</IsCustomizable>
  <CanBeDeleted>1</CanBeDeleted>
  <IsHidden>0</IsHidden>
  <FileName>/WebResources/rbs_securityrolerulerelationshipjsB79B42D6-7EBC-E811-8147-5065F38BC5C1</FileName>
</WebResource>