﻿<?xml version="1.0" encoding="utf-8"?>
<WebResource>
  <WebResourceId>{e7e978ec-94b1-e811-813e-5065f38a5a01}</WebResourceId>
  <Name>rbs_DistributionRule</Name>
  <DisplayName>Distribution Rule</DisplayName>
  <LanguageCode>1033</LanguageCode>
  <WebResourceType>3</WebResourceType>
  <IntroducedVersion>1.0.0.0</IntroducedVersion>
  <IsEnabledForMobileClient>0</IsEnabledForMobileClient>
  <IsAvailableForMobileOffline>0</IsAvailableForMobileOffline>
  <IsCustomizable>1</IsCustomizable>
  <CanBeDeleted>1</CanBeDeleted>
  <IsHidden>0</IsHidden>
  <FileName>/WebResources/rbs_DistributionRuleE7E978EC-94B1-E811-813E-5065F38A5A01</FileName>
</WebResource>