<?xml version="1.0" encoding="utf-8"?>
<savedqueries xmlns:xsi="http://www.w3.org/2001/XMLSchema-instance">
  <savedquery>
    <IsCustomizable>1</IsCustomizable>
    <CanBeDeleted>0</CanBeDeleted>
    <isquickfindquery>0</isquickfindquery>
    <isprivate>0</isprivate>
    <isdefault>1</isdefault>
    <savedqueryid>{c003287f-ca61-4e78-93bd-b68cbb04490c}</savedqueryid>
    <layoutxml>
      <grid
        name="rhm_casesubtypes"
        jump="rhm_casesubtype"
        select="1"
        icon="1"
        preview="0">
        <row
          name="rhm_casesubtype"
          id="rhm_casesubtypeid">
          <cell
            name="rhm_casesubtype"
            width="300" />
          <cell
            name="rhm_casetype"
            width="100" />
        </row>
      </grid>
    </layoutxml>
    <querytype>64</querytype>
    <fetchxml>
      <fetch
        version="1.0"
        mapping="logical">
        <entity
          name="rhm_casesubtype">
          <attribute
            name="rhm_casesubtypeid" />
          <attribute
            name="rhm_casesubtype" />
          <filter
            type="and">
            <condition
              attribute="statecode"
              operator="eq"
              value="0" />
          </filter>
          <attribute
            name="rhm_casetype" />
        </entity>
      </fetch>
    </fetchxml>
    <IntroducedVersion>1.0</IntroducedVersion>
    <LocalizedNames>
      <LocalizedName
        description="Case Sub Type Lookup View"
        languagecode="1033" />
    </LocalizedNames>
  </savedquery>
</savedqueries>