﻿<?xml version="1.0" encoding="utf-8"?>
<savedquery unmodified="1">
  <isquickfindquery>0</isquickfindquery>
  <isprivate>0</isprivate>
  <isdefault>1</isdefault>
  <returnedtypecode>1036</returnedtypecode>
  <savedqueryid>{00000000-0000-0000-00aa-000010001214}</savedqueryid>
  <queryapi>SecRole.RetrieveAllRoles</queryapi>
  <layoutxml>
    <grid name="roles" object="1036" jump="name" select="1" icon="1" preview="0">
      <row name="role" id="roleid">
        <cell name="name" width="300" />
        <cell name="businessunitid" width="300" />
      </row>
    </grid>
  </layoutxml>
  <columnsetxml>
    <columnset version="3.0">
      <column>name</column>
      <column>businessunitid</column>
      <column>roleid</column>
      <ascend>name</ascend>
      <filter type="and">
        <condition column="roletemplateid" operator="ne" value="{2D101BB3-5CED-4122-83F1-94D5EFDE4E3B}" />
      </filter>
    </columnset>
  </columnsetxml>
  <querytype>0</querytype>
  <IntroducedVersion>5.0.0.0</IntroducedVersion>
  <LocalizedNames>
    <LocalizedName description="All Roles" languagecode="1033" />
    <LocalizedName description="Wszystkie role" languagecode="1045" />
  </LocalizedNames>
</savedquery>