﻿<?xml version="1.0" encoding="utf-8"?>
<savedquery unmodified="1">
  <isquickfindquery>0</isquickfindquery>
  <isprivate>0</isprivate>
  <isdefault>1</isdefault>
  <returnedtypecode>1036</returnedtypecode>
  <savedqueryid>{00000000-0000-0000-00aa-000010001208}</savedqueryid>
  <queryapi></queryapi>
  <layoutxml>
    <grid name="roles" object="1036" jump="name" select="1" icon="1" preview="0">
      <row name="role" id="roleid">
        <cell name="name" width="300" />
        <cell name="businessunitid" width="300" />
      </row>
    </grid>
  </layoutxml>
  <querytype>2</querytype>
  <fetchxml>
    <fetch distinct="false" mapping="logical">
      <entity name="role">
        <attribute name="name" />
        <attribute name="businessunitid" />
        <attribute name="roleid" />
        <filter type="and">
          <condition attribute="roletemplateid" operator="ne" value="{2D101BB3-5CED-4122-83F1-94D5EFDE4E3B}" />
        </filter>
        <order attribute="name" descending="false" />
      </entity>
    </fetch>
  </fetchxml>
  <IntroducedVersion>5.0.0.0</IntroducedVersion>
  <LocalizedNames>
    <LocalizedName description="Role Associated View" languagecode="1033" />
    <LocalizedName description="Rola - widok skojarzony" languagecode="1045" />
  </LocalizedNames>
</savedquery>