﻿<?xml version="1.0" encoding="utf-8"?>
<savedquery unmodified="1">
  <isquickfindquery>0</isquickfindquery>
  <isprivate>0</isprivate>
  <isdefault>1</isdefault>
  <returnedtypecode>1036</returnedtypecode>
  <savedqueryid>{07625f32-b4e6-4e02-abfb-592dcfdac270}</savedqueryid>
  <queryapi></queryapi>
  <layoutxml>
    <grid name="resultset" object="1036" jump="name" select="1" icon="1" preview="0">
      <row name="result" id="roleid">
        <cell name="name" width="300" />
        <cell name="businessunitid" width="300" />
      </row>
    </grid>
  </layoutxml>
  <querytype>1</querytype>
  <fetchxml>
    <fetch version="1.0" output-format="xml-platform" mapping="logical">
      <entity name="role">
        <attribute name="name" />
        <attribute name="businessunitid" />
        <attribute name="roleid" />
        <order attribute="name" descending="false" />
      </entity>
    </fetch>
  </fetchxml>
  <IntroducedVersion>5.0.0.0</IntroducedVersion>
  <LocalizedNames>
    <LocalizedName description="Roles Advanced Find View" languagecode="1033" />
    <LocalizedName description="Role - widok szukania zaawansowanego" languagecode="1045" />
  </LocalizedNames>
</savedquery>