﻿<?xml version="1.0" encoding="utf-8"?>
<savedquery unmodified="1">
  <isquickfindquery>0</isquickfindquery>
  <isprivate>0</isprivate>
  <isdefault>1</isdefault>
  <returnedtypecode>1036</returnedtypecode>
  <savedqueryid>{61f8d435-8e25-4751-8330-5969506ef536}</savedqueryid>
  <queryapi></queryapi>
  <layoutxml>
    <grid name="roles" object="1036" jump="name" select="1" preview="0" icon="1">
      <row name="role" id="roleid">
        <cell name="name" width="300" />
      </row>
    </grid>
  </layoutxml>
  <querytype>64</querytype>
  <fetchxml>
    <fetch version="1.0" mapping="logical">
      <entity name="role">
        <attribute name="name" />
        <attribute name="roleid" />
        <filter type="and">
          <condition attribute="roletemplateid" operator="ne" value="{2D101BB3-5CED-4122-83F1-94D5EFDE4E3B}" />
        </filter>
      </entity>
    </fetch>
  </fetchxml>
  <IntroducedVersion>5.0.0.0</IntroducedVersion>
  <LocalizedNames>
    <LocalizedName description="Roles Lookup View" languagecode="1033" />
    <LocalizedName description="Role - widok wyszukiwania" languagecode="1045" />
  </LocalizedNames>
</savedquery>