﻿<?xml version="1.0" encoding="utf-8"?>
<savedquery unmodified="1">
  <isquickfindquery>1</isquickfindquery>
  <isprivate>0</isprivate>
  <isdefault>1</isdefault>
  <returnedtypecode>1036</returnedtypecode>
  <savedqueryid>{6d553b13-189e-4a01-b837-6d572010ccac}</savedqueryid>
  <queryapi></queryapi>
  <layoutxml>
    <grid name="resultset" object="1036" jump="name" select="1" preview="1" icon="1">
      <row name="result" id="roleid">
        <cell name="name" width="150" />
      </row>
    </grid>
  </layoutxml>
  <querytype>4</querytype>
  <fetchxml>
    <fetch version="1.0" output-format="xml-platform" mapping="logical">
      <entity name="role">
        <attribute name="roleid" />
        <attribute name="name" />
        <order attribute="name" descending="false" />
        <filter type="or" isquickfindfields="1">
          <condition attribute="name" operator="like" value="{0}" />
        </filter>
      </entity>
    </fetch>
  </fetchxml>
  <IntroducedVersion>5.0.0.0</IntroducedVersion>
  <LocalizedNames>
    <LocalizedName description="Quick Find Roles" languagecode="1033" />
    <LocalizedName description="Szybkie szukanie ról" languagecode="1045" />
  </LocalizedNames>
</savedquery>