﻿<?xml version="1.0" encoding="utf-8"?>
<savedquery>
  <IsCustomizable>1</IsCustomizable>
  <CanBeDeleted>0</CanBeDeleted>
  <isquickfindquery>0</isquickfindquery>
  <isprivate>0</isprivate>
  <isdefault>1</isdefault>
  <returnedtypecode>10092</returnedtypecode>
  <savedqueryid>{09167633-ec37-4494-8364-8daa605ab859}</savedqueryid>
  <layoutxml>
    <grid name="" object="10092" jump="rbs_name" select="1" icon="1" preview="0">
      <row name="rbs_distributiontargetteam" id="rbs_distributiontargetteamid">
        <cell name="rbs_name" width="25" imageproviderfunctionname="" imageproviderwebresource="$webresource:" />
        <cell name="rbs_team" width="150" imageproviderfunctionname="" imageproviderwebresource="$webresource:" />
        <cell name="rbs_recordsassigned" width="100" />
        <cell name="rbs_distributionauditlog" width="150" imageproviderfunctionname="" imageproviderwebresource="$webresource:" />
      </row>
    </grid>
  </layoutxml>
  <querytype>64</querytype>
  <fetchxml>
    <fetch version="1.0" mapping="logical">
      <entity name="rbs_distributiontargetteam">
        <attribute name="rbs_distributiontargetteamid" />
        <attribute name="rbs_name" />
        <filter type="and">
          <condition attribute="statecode" operator="eq" value="0" />
        </filter>
        <order attribute="rbs_team" descending="false" />
        <attribute name="rbs_team" />
        <attribute name="rbs_recordsassigned" />
        <attribute name="rbs_distributionauditlog" />
      </entity>
    </fetch>
  </fetchxml>
  <IntroducedVersion>1.0.0.0</IntroducedVersion>
  <LocalizedNames>
    <LocalizedName description="Distribution Target Team Lookup View" languagecode="1033" />
  </LocalizedNames>
</savedquery>