﻿<?xml version="1.0" encoding="utf-8"?>
<savedquery>
  <IsCustomizable>1</IsCustomizable>
  <CanBeDeleted>0</CanBeDeleted>
  <isquickfindquery>0</isquickfindquery>
  <isprivate>0</isprivate>
  <isdefault>1</isdefault>
  <returnedtypecode>10092</returnedtypecode>
  <savedqueryid>{4b4dc3d1-f73e-4200-8fd9-c68ae465cb3d}</savedqueryid>
  <layoutxml>
    <grid name="resultset" object="10092" jump="rbs_name" select="1" icon="1" preview="1">
      <row name="result" id="rbs_distributiontargetteamid">
        <cell name="rbs_team" width="150" imageproviderfunctionname="" imageproviderwebresource="$webresource:" />
        <cell name="rbs_recordsassigned" width="100" />
        <cell name="rbs_distributionauditlog" width="150" imageproviderfunctionname="" imageproviderwebresource="$webresource:" />
      </row>
    </grid>
  </layoutxml>
  <querytype>1</querytype>
  <fetchxml>
    <fetch version="1.0" mapping="logical">
      <entity name="rbs_distributiontargetteam">
        <order attribute="rbs_team" descending="false" />
        <attribute name="rbs_team" />
        <attribute name="rbs_recordsassigned" />
        <attribute name="rbs_distributionauditlog" />
        <attribute name="rbs_distributiontargetteamid" />
      </entity>
    </fetch>
  </fetchxml>
  <IntroducedVersion>1.0.0.0</IntroducedVersion>
  <LocalizedNames>
    <LocalizedName description="Distribution Target Team Advanced Find View" languagecode="1033" />
  </LocalizedNames>
</savedquery>