﻿<?xml version="1.0" encoding="utf-8"?>
<savedquery>
  <IsCustomizable>1</IsCustomizable>
  <CanBeDeleted>0</CanBeDeleted>
  <isquickfindquery>1</isquickfindquery>
  <isprivate>0</isprivate>
  <isdefault>1</isdefault>
  <returnedtypecode>10092</returnedtypecode>
  <savedqueryid>{a440b3c4-accf-467e-81a8-ac8f74b86116}</savedqueryid>
  <layoutxml>
    <grid name="resultset" object="10092" jump="rbs_name" select="1" icon="1" preview="1">
      <row name="result" id="rbs_distributiontargetteamid">
        <cell name="rbs_team" width="150" imageproviderfunctionname="" imageproviderwebresource="$webresource:" />
        <cell name="rbs_recordsassigned" width="100" />
        <cell name="rbs_distributionauditlog" width="150" imageproviderfunctionname="" imageproviderwebresource="$webresource:" />
      </row>
    </grid>
  </layoutxml>
  <querytype>4</querytype>
  <fetchxml>
    <fetch version="1.0" mapping="logical">
      <entity name="rbs_distributiontargetteam">
        <filter type="and">
          <condition attribute="statecode" operator="eq" value="0" />
        </filter>
        <filter type="or" isquickfindfields="1">
          <condition attribute="rbs_team" operator="like" value="{0}" />
        </filter>
        <order attribute="rbs_team" descending="false" />
        <attribute name="rbs_team" />
        <attribute name="rbs_recordsassigned" />
        <attribute name="rbs_distributionauditlog" />
        <attribute name="rbs_distributiontargetteamid" />
      </entity>
    </fetch>
  </fetchxml>
  <IntroducedVersion>1.0.0.0</IntroducedVersion>
  <LocalizedNames>
    <LocalizedName description="Quick Find Active Distribution Target Teams" languagecode="1033" />
  </LocalizedNames>
</savedquery>