<?xml version="1.0" encoding="utf-8"?>
<savedqueries xmlns:xsi="http://www.w3.org/2001/XMLSchema-instance">
  <savedquery>
    <IsCustomizable>1</IsCustomizable>
    <CanBeDeleted>1</CanBeDeleted>
    <isquickfindquery>0</isquickfindquery>
    <isprivate>0</isprivate>
    <isdefault>0</isdefault>
    <savedqueryid>{6269e17d-6603-ee11-8f6e-0022482b23b1}</savedqueryid>
    <layoutxml>
      <grid
        name="resultset"
        jump="title"
        select="1"
        preview="1"
        icon="1">
        <row
          name="result"
          id="incidentid">
          <cell
            name="title"
            width="150" />
          <cell
            name="statuscode"
            width="119" />
          <cell
            name="createdon"
            width="105" />
          <cell
            name="prioritycode"
            width="100" />
          <cell
            name="caseorigincode"
            width="100" />
          <cell
            name="customerid"
            width="100" />
          <cell
            name="ticketnumber"
            width="131" />
          <cell
            name="rhm_approver"
            width="100" />
          <cell
            name="rhm_approvalstatus"
            width="131" />
        </row>
      </grid>
    </layoutxml>
    <querytype>0</querytype>
    <fetchxml>
      <fetch
        version="1.0"
        output-format="xml-platform"
        mapping="logical"
        distinct="false">
        <entity
          name="incident">
          <attribute
            name="title" />
          <attribute
            name="ticketnumber" />
          <attribute
            name="statuscode" />
          <attribute
            name="createdon" />
          <attribute
            name="prioritycode" />
          <attribute
            name="customerid" />
          <attribute
            name="caseorigincode" />
          <order
            attribute="title"
            descending="false" />
          <attribute
            name="incidentid" />
          <attribute
            name="rhm_approver" />
          <attribute
            name="rhm_approvalstatus" />
          <filter
            type="and">
            <condition
              attribute="statecode"
              operator="eq"
              value="0" />
            <condition
              attribute="rhm_approvalstatus"
              operator="eq"
              value="535790003" />
            <condition
              attribute="rhm_approver"
              operator="eq-userid" />
          </filter>
        </entity>
      </fetch>
    </fetchxml>
    <IntroducedVersion>1.0.0.5</IntroducedVersion>
    <LocalizedNames>
      <LocalizedName
        description="Cases Pending for Approval"
        languagecode="1033" />
    </LocalizedNames>
    <Descriptions>
      <Description
        description="view cases pending for approval"
        languagecode="1033" />
    </Descriptions>
  </savedquery>
</savedqueries>