<?xml version="1.0" encoding="utf-8"?>
<savedqueries xmlns:xsi="http://www.w3.org/2001/XMLSchema-instance">
  <savedquery>
    <IsCustomizable>1</IsCustomizable>
    <CanBeDeleted>1</CanBeDeleted>
    <isquickfindquery>0</isquickfindquery>
    <isprivate>0</isprivate>
    <isdefault>0</isdefault>
    <savedqueryid>{b14bee34-1632-ee11-bdf3-0022482b2e79}</savedqueryid>
    <layoutxml>
      <grid
        name="resultset"
        jump="title"
        select="1"
        preview="1"
        icon="1">
        <row
          name="result"
          id="incidentid">
          <cell
            name="createdon"
            width="100" />
          <cell
            name="title"
            width="150" />
          <cell
            name="ownerid"
            width="100" />
        </row>
      </grid>
    </layoutxml>
    <querytype>0</querytype>
    <fetchxml>
      <fetch
        version="1.0"
        output-format="xml-platform"
        mapping="logical"
        distinct="false">
        <entity
          name="incident">
          <attribute
            name="title" />
          <attribute
            name="ownerid" />
          <attribute
            name="createdon" />
          <order
            attribute="title"
            descending="false" />
          <filter
            type="and">
            <condition
              attribute="isescalated"
              operator="eq"
              value="1" />
            <condition
              attribute="ownerid"
              operator="eq-userid" />
          </filter>
          <attribute
            name="incidentid" />
        </entity>
      </fetch>
    </fetchxml>
    <IntroducedVersion>1.0</IntroducedVersion>
    <LocalizedNames>
      <LocalizedName
        description="My Escalated Cases"
        languagecode="1033" />
    </LocalizedNames>
  </savedquery>
</savedqueries>