<?xml version="1.0" encoding="utf-8"?>
<savedqueries xmlns:xsi="http://www.w3.org/2001/XMLSchema-instance">
  <savedquery>
    <IsCustomizable>1</IsCustomizable>
    <CanBeDeleted>1</CanBeDeleted>
    <isquickfindquery>0</isquickfindquery>
    <isprivate>0</isprivate>
    <isdefault>0</isdefault>
    <savedqueryid>{b2981776-6f31-ee11-bdf3-6045bdf02c0a}</savedqueryid>
    <layoutxml>
      <grid
        name="resultset"
        jump="title"
        select="1"
        icon="1"
        preview="1">
        <row
          name="result"
          id="incidentid">
          <cell
            name="title"
            width="300" />
          <cell
            name="ticketnumber"
            width="150" />
          <cell
            name="prioritycode"
            width="150" />
          <cell
            name="caseorigincode"
            width="100" />
          <cell
            name="customerid"
            width="150" />
          <cell
            name="ownerid"
            width="150" />
          <cell
            name="statuscode"
            width="150" />
          <cell
            name="createdon"
            width="150" />
          <cell
            name="rhm_applicationtype"
            width="100" />
          <cell
            name="rhm_approver"
            width="100" />
          <cell
            name="rhm_approvalstatus"
            width="131" />
        </row>
      </grid>
    </layoutxml>
    <querytype>0</querytype>
    <fetchxml>
      <fetch
        version="1.0"
        output-format="xml-platform"
        mapping="logical"
        distinct="true">
        <entity
          name="incident">
          <attribute
            name="ticketnumber" />
          <attribute
            name="prioritycode" />
          <attribute
            name="title" />
          <attribute
            name="customerid" />
          <attribute
            name="ownerid" />
          <attribute
            name="statuscode" />
          <attribute
            name="createdon" />
          <attribute
            name="caseorigincode" />
          <order
            attribute="title"
            descending="false" />
          <attribute
            name="rhm_applicationtype" />
          <attribute
            name="incidentid" />
          <attribute
            name="rhm_approver" />
          <attribute
            name="rhm_approvalstatus" />
          <filter
            type="and">
            <condition
              attribute="statecode"
              operator="eq"
              value="0" />
            <condition
              attribute="statuscode"
              operator="eq"
              value="3" />
            <condition
              attribute="ownerid"
              operator="eq-userid" />
          </filter>
        </entity>
      </fetch>
    </fetchxml>
    <IntroducedVersion>1.0.0.0</IntroducedVersion>
    <LocalizedNames>
      <LocalizedName
        description="Escalated Cases"
        languagecode="1033" />
    </LocalizedNames>
  </savedquery>
</savedqueries>