﻿<?xml version="1.0" encoding="utf-8"?>
<systemform>
  <formid>{549a8aa3-c349-4ab9-8bac-4873fa9a7a5c}</formid>
  <IntroducedVersion>6.0.0.0</IntroducedVersion>
  <FormPresentation>1</FormPresentation>
  <FormActivationState>1</FormActivationState>
  <form shownavigationbar="true" showImage="false" maxWidth="1900">
    <ancestor id="{549A8AA3-C349-4AB9-8BAC-4873FA9A7A5C}" />
    <hiddencontrols>
      <data id="activityid" datafieldname="activityid" classid="{5546E6CD-394C-4bee-94A8-4425E17EF6C6}" />
      <data id="seriesid" datafieldname="seriesid" classid="{5546E6CD-394C-4bee-94A8-4425E17EF6C6}" />
      <data id="organizer" datafieldname="organizer" classid="{5546E6CD-394C-4bee-94A8-4425E17EF6C6}" />
      <data id="statuscode" datafieldname="statuscode" classid="{5546E6CD-394C-4bee-94A8-4425E17EF6C6}" />
      <data id="instancetypecode" datafieldname="instancetypecode" classid="{5546E6CD-394C-4bee-94A8-4425E17EF6C6}" />
    </hiddencontrols>
    <tabs>
      <tab name="appointment" id="{2A2A5AC4-581A-4131-BA0B-8A34943B19FC}" IsUserDefined="0" showlabel="true" locklevel="0" expanded="true">
        <labels>
          <label description="Insight" languagecode="1033" />
        </labels>
        <columns>
          <column width="50%">
            <sections>
              <section name="general information" showlabel="false" showbar="false" locklevel="0" id="{846F5D88-C043-4E1F-9BF3-90CD9093C1D7}" IsUserDefined="0" layout="varwidth" columns="1" labelwidth="115" celllabelposition="Left" celllabelalignment="Left">
                <labels>
                  <label description="general information" languagecode="1033" />
                </labels>
                <rows>
                  <row>
                    <cell auto="false" showlabel="true" locklevel="1" rowspan="1" id="{8901DF19-82EB-4BD3-B96B-CD3D4F5710D4}" colspan="1">
                      <labels>
                        <label description="Required" languagecode="1033" />
                      </labels>
                      <control id="requiredattendees" classid="{CBFB742C-14E7-4a17-96BB-1A13F7F64AA2}" datafieldname="requiredattendees" disabled="false" />
                    </cell>
                  </row>
                  <row>
                    <cell auto="false" showlabel="true" locklevel="0" rowspan="1" id="{3953269C-ABD1-4B75-8DDB-23D5BC088D64}" colspan="1">
                      <labels>
                        <label description="Optional" languagecode="1033" />
                      </labels>
                      <control id="optionalattendees" classid="{CBFB742C-14E7-4a17-96BB-1A13F7F64AA2}" datafieldname="optionalattendees" disabled="false" uniqueid="{b8630e70-040a-e2c8-0a81-4b86da6abec2}" />
                    </cell>
                  </row>
                  <row>
                    <cell auto="false" showlabel="true" locklevel="0" rowspan="1" id="{9BF8162D-95A7-4390-86E1-8305ACF475B0}" colspan="1">
                      <labels>
                        <label description="Subject" languagecode="1033" />
                      </labels>
                      <control id="subject" classid="{4273EDBD-AC1D-40d3-9FB2-095C621B552D}" datafieldname="subject" disabled="false" uniqueid="{d812756e-c519-9217-46d1-1e347272b633}" />
                    </cell>
                  </row>
                  <row>
                    <cell id="{E15ACF1F-BA3E-4BC5-8AE5-AA3A290E7769}" colspan="1">
                      <labels>
                        <label description="Location" languagecode="1033" />
                      </labels>
                      <control id="location" classid="{4273EDBD-AC1D-40d3-9FB2-095C621B552D}" datafieldname="location" />
                    </cell>
                  </row>
                  <row>
                    <cell auto="false" showlabel="true" locklevel="1" rowspan="1" id="{5D06EDBF-8D54-4710-8C6A-81483D6F41F4}" colspan="1">
                      <labels>
                        <label description="Regarding" languagecode="1033" />
                      </labels>
                      <control id="regardingobjectid" classid="{F3015350-44A2-4aa0-97B5-00166532B5E9}" datafieldname="regardingobjectid" disabled="false">
                        <parameters>
                          <AutoResolve>true</AutoResolve>
                        </parameters>
                      </control>
                    </cell>
                  </row>
                  <row>
                    <cell auto="false" showlabel="true" locklevel="0" rowspan="1" colspan="1" id="{B4D87035-7744-4AE7-AFB5-AC85CA81642C}">
                      <labels>
                        <label description="Start Time" languagecode="1033" />
                      </labels>
                      <control id="scheduledstart" classid="{5B773807-9FB2-42db-97C3-7A91EFF8ADFF}" datafieldname="scheduledstart" disabled="false" />
                    </cell>
                  </row>
                  <row>
                    <cell auto="false" showlabel="true" locklevel="0" rowspan="1" colspan="1" id="{0BF43F88-DA02-4A74-823F-1EF5014867A9}">
                      <labels>
                        <label description="End Time" languagecode="1033" />
                      </labels>
                      <control id="scheduledend" classid="{5B773807-9FB2-42db-97C3-7A91EFF8ADFF}" datafieldname="scheduledend" disabled="false" />
                    </cell>
                  </row>
                  <row>
                    <cell auto="false" showlabel="true" locklevel="0" rowspan="1" colspan="1" id="{4899B6A9-00DC-46BF-B6C6-4809D6EAAA67}">
                      <labels>
                        <label description="All Day Event" languagecode="1033" />
                      </labels>
                      <control id="isalldayevent" classid="{B0C6723A-8503-4fd7-BB28-C8A06AC933C2}" datafieldname="isalldayevent" disabled="false" />
                    </cell>
                  </row>
                  <row>
                    <cell auto="false" showlabel="true" locklevel="0" rowspan="1" colspan="1" id="{ECDDF39D-1393-4C80-941A-4F8FE486305F}">
                      <labels>
                        <label description="Duration" languagecode="1033" />
                      </labels>
                      <control id="scheduleddurationminutes" classid="{AA987274-CE4E-4271-A803-66164311A958}" datafieldname="scheduleddurationminutes" disabled="false" />
                    </cell>
                  </row>
                  <row>
                    <cell id="{3bde8bac-42e6-b7b2-4622-accc441c4e62}" showlabel="true" locklevel="0" rowspan="2">
                      <labels>
                        <label description="Description" languagecode="1033" />
                      </labels>
                      <control id="description" classid="{E0DECE4B-6FC8-4a8f-A065-082708572369}" datafieldname="description" disabled="false" uniqueid="{2dc3e4d8-a288-4552-5796-4498ada2132e}" />
                    </cell>
                  </row>
                  <row />
                  <row>
                    <cell id="{0cd39425-804c-d750-994a-16360a2a59ed}" showlabel="false" locklevel="0" visible="false" availableforphone="false">
                      <labels>
                        <label description="Modified On" languagecode="1033" />
                      </labels>
                      <control id="modifiedon" classid="{5B773807-9FB2-42db-97C3-7A91EFF8ADFF}" datafieldname="modifiedon" disabled="false" uniqueid="{c0676e30-e483-949e-3e39-d3bd8e595c32}" />
                    </cell>
                  </row>
                </rows>
              </section>
              <section name="attachments" showlabel="true" showbar="false" locklevel="0" id="{2DE1E001-3C69-41EF-86F1-429997660A27}" height="auto" IsUserDefined="0" layout="varheight" columns="1" labelid="{3674A55E-0853-4D1C-8D91-6DF9B0E20E8C}" labelwidth="115" celllabelalignment="Left" celllabelposition="Left">
                <labels>
                  <label description="Attachments" languagecode="1033" />
                </labels>
                <rows>
                  <row>
                    <cell showlabel="false" id="{AB54E147-BC55-42B9-99BA-42276EE2D82A}" labelid="{FC189335-0BFB-46D6-A531-D461E22C9E3B}" rowspan="4" auto="false" colspan="1">
                      <labels>
                        <label description="Attachment" languagecode="1033" />
                      </labels>
                      <control id="attachmentsGrid" classid="{E7A81278-8635-4d9e-8D4D-59480B391C5B}" uniqueid="{74b75890-9db4-95ac-5213-997ce667031c}" indicationOfSubgrid="true">
                        <parameters>
                          <TargetEntityType>activitymimeattachment</TargetEntityType>
                          <ViewId>{270DE234-E469-4806-9C7E-8D94901CD521}</ViewId>
                          <RelationshipName>appointment_activity_mime_attachment</RelationshipName>
                          <RecordsPerPage>2</RecordsPerPage>
                          <EnableViewPicker>false</EnableViewPicker>
                          <IsUserView>false</IsUserView>
                          <ViewIds>{270DE234-E469-4806-9C7E-8D94901CD521}</ViewIds>
                          <EnableQuickFind>false</EnableQuickFind>
                          <EnableJumpBar>false</EnableJumpBar>
                          <AutoExpand>Fixed</AutoExpand>
                          <ChartGridMode>All</ChartGridMode>
                          <VisualizationId />
                          <IsUserChart>false</IsUserChart>
                          <EnableChartPicker>true</EnableChartPicker>
                        </parameters>
                      </control>
                    </cell>
                  </row>
                  <row />
                  <row />
                  <row />
                </rows>
              </section>
            </sections>
          </column>
          <column width="50%">
            <sections>
              <section name="appointment_section_3" showlabel="false" showbar="false" locklevel="0" id="{079ce17b-9839-37d8-c29d-1122514312bd}" IsUserDefined="0" layout="varwidth" columns="1" labelwidth="115" celllabelalignment="Left" celllabelposition="Top">
                <labels>
                  <label description="Section" languagecode="1033" />
                </labels>
                <rows>
                  <row>
                    <cell id="{de1ab71a-78c9-a2e6-3d9a-76280502ece9}" showlabel="true" colspan="1" auto="false" rowspan="8">
                      <labels>
                        <label description="Related Products" languagecode="1033" />
                      </labels>
                      <control id="WebResource_RelatedProducts" classid="{9FDF5F91-88B1-47f4-AD53-C11EFC01A01D}">
                        <parameters>
                          <Url>nwm_/app/components/widgets/tagging/view.html</Url>
                          <PassParameters>false</PassParameters>
                          <ShowOnMobileClient>false</ShowOnMobileClient>
                          <Security>false</Security>
                          <Scrolling>auto</Scrolling>
                          <Border>false</Border>
                          <WebResourceId>{4538D3FD-64DD-E611-80D9-3863BB34CDB0}</WebResourceId>
                        </parameters>
                      </control>
                      <events>
                        <event name="onload" application="false">
                          <dependencies />
                        </event>
                      </events>
                    </cell>
                  </row>
                  <row />
                  <row />
                  <row />
                  <row />
                  <row />
                  <row />
                  <row />
                </rows>
              </section>
            </sections>
          </column>
        </columns>
      </tab>
      <tab name="tabCallReport" id="{324807e6-1930-4920-c282-aa0388a8e094}" IsUserDefined="0" locklevel="0" showlabel="true" expanded="true">
        <labels>
          <label description="Call Report" languagecode="1033" />
        </labels>
        <columns>
          <column width="100%">
            <sections>
              <section name="sectionCallReport" showlabel="false" showbar="false" locklevel="0" id="{0c65439e-4dd0-39e7-e1a5-bc5b32e8d5cb}" IsUserDefined="0" layout="varwidth" columns="1" labelwidth="115" celllabelalignment="Left" celllabelposition="Left">
                <labels>
                  <label description="Call Report" languagecode="1033" />
                </labels>
                <rows>
                  <row>
                    <cell id="{e6931284-e66c-2a7e-46d8-e6e44426dab4}" showlabel="false" colspan="1" auto="false" rowspan="6">
                      <labels>
                        <label description="Call Reports (Meeting)" languagecode="1033" />
                      </labels>
                      <control id="CallReport" classid="{E7A81278-8635-4d9e-8D4D-59480B391C5B}" indicationOfSubgrid="true" uniqueid="{e6c87d0c-345e-5be2-0e37-bc32608b2ab1}">
                        <parameters>
                          <ViewId>{6134EE54-E2EB-4B45-9881-C310B8BB3E5A}</ViewId>
                          <IsUserView>false</IsUserView>
                          <RelationshipName>nwm_appointment_nwm_callreport_MeetingId</RelationshipName>
                          <TargetEntityType>nwm_callreport</TargetEntityType>
                          <AutoExpand>Fixed</AutoExpand>
                          <EnableQuickFind>false</EnableQuickFind>
                          <EnableViewPicker>false</EnableViewPicker>
                          <ViewIds>{6134EE54-E2EB-4B45-9881-C310B8BB3E5A}</ViewIds>
                          <EnableJumpBar>false</EnableJumpBar>
                          <ChartGridMode>Grid</ChartGridMode>
                          <VisualizationId />
                          <IsUserChart>false</IsUserChart>
                          <EnableChartPicker>false</EnableChartPicker>
                          <RecordsPerPage>4</RecordsPerPage>
                        </parameters>
                      </control>
                    </cell>
                  </row>
                  <row />
                  <row />
                  <row />
                  <row />
                  <row />
                </rows>
              </section>
            </sections>
          </column>
        </columns>
      </tab>
    </tabs>
    <header id="{42B31823-0752-4F96-83F8-0F3AC9C24E31}" columns="111" celllabelposition="Top" labelwidth="115">
      <rows>
        <row>
          <cell id="{BD0D7CAA-7581-4BC8-9FBC-906A16BA4881}">
            <labels>
              <label description="Priority" languagecode="1033" />
            </labels>
            <control id="header_prioritycode" classid="{3EF39988-22BB-4f0b-BBBE-64B5A3748AEE}" datafieldname="prioritycode" />
          </cell>
          <cell id="{FDE00F70-5571-47E9-B6BC-275E779B5269}" showlabel="true">
            <labels>
              <label description="Status" languagecode="1033" />
            </labels>
            <control id="header_statecode" classid="{3EF39988-22BB-4f0b-BBBE-64B5A3748AEE}" datafieldname="statecode" disabled="true" />
          </cell>
          <cell id="{83C1A8F6-E296-402C-836D-E41758053C08}" showlabel="true" locklevel="1">
            <labels>
              <label description="Owner" languagecode="1033" />
            </labels>
            <control id="header_ownerid" classid="{270BD3DB-D9AF-4782-9025-509E298DEC0A}" datafieldname="ownerid" />
          </cell>
        </row>
      </rows>
    </header>
    <events>
      <event name="onload" application="true" active="true">
        <InternalHandlers>
          <Handler functionName="Mscrm.Form_onload" libraryName="Appointment_main_system_library.js" handlerUniqueId="53c66106-3c6e-4fa2-b569-bef97d304230" enabled="true" />
        </InternalHandlers>
        <Handlers>
          <Handler functionName="Rbs.Crm.FOS.Activity.onLoad" libraryName="nwm_/Script/activity.js" handlerUniqueId="{8990b9b1-9041-5516-8481-0debd50adeb5}" enabled="true" parameters="" passExecutionContext="false" />
          <Handler functionName="captureTelemetry" libraryName="nwm_/Script/Telemetry.js" handlerUniqueId="{82904346-6a51-69d8-cd83-99437de21972}" enabled="true" parameters="" passExecutionContext="false" />
        </Handlers>
      </event>
      <event name="onchange" application="true" active="true" attribute="isalldayevent">
        <InternalHandlers>
          <Handler functionName="Mscrm.isalldayevent_onchange" libraryName="Appointment_main_system_library.js" handlerUniqueId="a254303d-a7f9-4e54-94b8-be488afd1bf3" enabled="true">
            <dependencies>
              <dependency id="scheduledstart" />
              <dependency id="scheduledend" />
            </dependencies>
          </Handler>
        </InternalHandlers>
      </event>
    </events>
    <clientresources>
      <internalresources>
        <clientincludes>
          <internaljscriptfile src="/_static/activities/activity.js" />
          <internaljscriptfile src="$webresource:Appointment_main_system_library.js" />
        </clientincludes>
      </internalresources>
    </clientresources>
    <Navigation>
      <NavBar></NavBar>
      <NavBarAreas>
        <NavBarArea Id="Info">
          <Titles>
            <Title LCID="1033" Text="Common" />
          </Titles>
        </NavBarArea>
        <NavBarArea Id="Sales">
          <Titles>
            <Title LCID="1033" Text="Sales" />
          </Titles>
        </NavBarArea>
        <NavBarArea Id="Service">
          <Titles>
            <Title LCID="1033" Text="Service" />
          </Titles>
        </NavBarArea>
        <NavBarArea Id="Marketing">
          <Titles>
            <Title LCID="1033" Text="Marketing" />
          </Titles>
        </NavBarArea>
        <NavBarArea Id="ProcessCenter">
          <Titles>
            <Title LCID="1033" Text="Process Sessions" />
          </Titles>
        </NavBarArea>
      </NavBarAreas>
    </Navigation>
    <controlDescriptions />
    <formLibraries>
      <Library name="nwm_/Script/xrmservicetoolkit.js" libraryUniqueId="{051bb84d-0c50-bd67-aed9-5ce57db61e72}" />
      <Library name="nwm_/Script/Json2.js" libraryUniqueId="{618896a1-79c7-d123-932b-2d9c0cdb72a9}" />
      <Library name="nwm_/Script/process.js" libraryUniqueId="{03b5e0ab-877d-77e4-c718-39650e7eb733}" />
      <Library name="nwm_/Script/activity.js" libraryUniqueId="{13b67e2c-9bc9-335c-a73c-15eae5cd4ab3}" />
      <Library name="nwm_/Script/Telemetry.js" libraryUniqueId="{a5595b6e-a30a-a7a9-b726-23d44d646670}" />
    </formLibraries>
    <DisplayConditions FallbackForm="true" Order="2">
      <Everyone />
    </DisplayConditions>
  </form>
  <LocalizedNames>
    <LocalizedName description="Appointment" languagecode="1033" />
  </LocalizedNames>
  <Descriptions>
    <Description description="Updated default Appointment form." languagecode="1033" />
  </Descriptions>
</systemform>