<?xml version="1.0" encoding="utf-8"?>
<environmentvariabledefinition
  schemaname="rhm_RheemAPIPassword">
  <defaultvalue>P@ssw0rd</defaultvalue>
  <displayname
    default="RheemAPIPassword">
    <label
      description="RheemAPIPassword"
      languagecode="1033" />
  </displayname>
  <introducedversion>1.0.0.1</introducedversion>
  <iscustomizable>1</iscustomizable>
  <isrequired>0</isrequired>
  <secretstore>0</secretstore>
  <type>100000000</type>
</environmentvariabledefinition>