﻿<?xml version="1.0" encoding="utf-8"?>
<savedquery>
  <IsCustomizable>1</IsCustomizable>
  <CanBeDeleted>0</CanBeDeleted>
  <isquickfindquery>0</isquickfindquery>
  <isprivate>0</isprivate>
  <isdefault>1</isdefault>
  <returnedtypecode>10023</returnedtypecode>
  <savedqueryid>{582ef830-b1a8-47a8-a402-d150b126d6ad}</savedqueryid>
  <layoutxml>
    <grid name="" object="10023" jump="rbsm_name" select="1" icon="1" preview="0">
      <row name="rbsm_customerceoactivityconnection" id="rbsm_customerceoactivityconnectionid">
        <cell name="rbsm_name" width="25" />
        <cell name="rbsm_ceoactivity" width="200" />
        <cell name="rbsm_customer" width="200" />
        <cell name="createdon" width="125" />
      </row>
    </grid>
  </layoutxml>
  <querytype>64</querytype>
  <fetchxml>
    <fetch version="1.0" mapping="logical">
      <entity name="rbsm_customerceoactivityconnection">
        <attribute name="rbsm_customerceoactivityconnectionid" />
        <attribute name="rbsm_name" />
        <attribute name="createdon" />
        <filter type="and">
          <condition attribute="statecode" operator="eq" value="0" />
        </filter>
        <order attribute="rbsm_name" descending="false" />
        <attribute name="rbsm_customer" />
        <attribute name="rbsm_ceoactivity" />
      </entity>
    </fetch>
  </fetchxml>
  <IntroducedVersion>1.0.0.0</IntroducedVersion>
  <LocalizedNames>
    <LocalizedName description="Customer CEO Activity Connection Lookup View" languagecode="1033" />
  </LocalizedNames>
</savedquery>