﻿<?xml version="1.0" encoding="utf-8"?>
<savedquery>
  <IsCustomizable>1</IsCustomizable>
  <CanBeDeleted>0</CanBeDeleted>
  <isquickfindquery>1</isquickfindquery>
  <isprivate>0</isprivate>
  <isdefault>1</isdefault>
  <returnedtypecode>10023</returnedtypecode>
  <savedqueryid>{8b0a0dc7-8879-476c-b9b0-0608d1821865}</savedqueryid>
  <layoutxml>
    <grid name="resultset" object="10023" jump="rbsm_name" select="1" icon="1" preview="1">
      <row name="result" id="rbsm_customerceoactivityconnectionid">
        <cell name="rbsm_ceoactivity" width="200" />
        <cell name="rbsm_customer" width="200" />
        <cell name="createdon" width="125" />
      </row>
    </grid>
  </layoutxml>
  <querytype>4</querytype>
  <fetchxml>
    <fetch version="1.0" mapping="logical">
      <entity name="rbsm_customerceoactivityconnection">
        <attribute name="createdon" />
        <order attribute="rbsm_ceoactivity" descending="false" />
        <filter type="and">
          <condition attribute="statecode" operator="eq" value="0" />
        </filter>
        <filter type="or" isquickfindfields="1">
          <condition attribute="rbsm_name" operator="like" value="{0}" />
          <condition attribute="rbsm_customer" operator="like" value="{0}" />
          <condition attribute="rbsm_ceoactivity" operator="like" value="{0}" />
        </filter>
        <attribute name="rbsm_customer" />
        <attribute name="rbsm_ceoactivity" />
        <attribute name="rbsm_customerceoactivityconnectionid" />
      </entity>
    </fetch>
  </fetchxml>
  <IntroducedVersion>1.0.0.0</IntroducedVersion>
  <LocalizedNames>
    <LocalizedName description="Quick Find Active Customer CEO Activity Connection" languagecode="1033" />
  </LocalizedNames>
</savedquery>