﻿<?xml version="1.0" encoding="utf-8"?>
<savedquery>
  <IsCustomizable>1</IsCustomizable>
  <CanBeDeleted>0</CanBeDeleted>
  <isquickfindquery>0</isquickfindquery>
  <isprivate>0</isprivate>
  <isdefault>0</isdefault>
  <returnedtypecode>10023</returnedtypecode>
  <savedqueryid>{d510ed17-28cf-4d2f-a941-411437a5673e}</savedqueryid>
  <layoutxml>
    <grid name="resultset" object="10023" jump="rbsm_name" select="1" icon="1" preview="1">
      <row name="result" id="rbsm_customerceoactivityconnectionid">
        <cell name="rbsm_ceoactivity" width="200" />
        <cell name="rbsm_customer" width="200" />
        <cell name="createdon" width="125" />
      </row>
    </grid>
  </layoutxml>
  <querytype>0</querytype>
  <fetchxml>
    <fetch version="1.0" mapping="logical">
      <entity name="rbsm_customerceoactivityconnection">
        <attribute name="createdon" />
        <order attribute="createdon" descending="false" />
        <filter type="and">
          <condition attribute="statecode" operator="eq" value="1" />
        </filter>
        <attribute name="rbsm_customer" />
        <attribute name="rbsm_ceoactivity" />
        <attribute name="rbsm_customerceoactivityconnectionid" />
      </entity>
    </fetch>
  </fetchxml>
  <IntroducedVersion>1.0.0.0</IntroducedVersion>
  <LocalizedNames>
    <LocalizedName description="Inactive Customer CEO Activity Connection" languagecode="1033" />
  </LocalizedNames>
</savedquery>