﻿<?xml version="1.0" encoding="utf-8"?>
<savedquery>
  <IsCustomizable>1</IsCustomizable>
  <CanBeDeleted>0</CanBeDeleted>
  <isquickfindquery>0</isquickfindquery>
  <isprivate>0</isprivate>
  <isdefault>1</isdefault>
  <returnedtypecode>10023</returnedtypecode>
  <savedqueryid>{e0ab67ff-21b2-4c21-91da-fa6ad0d7bb9d}</savedqueryid>
  <layoutxml>
    <grid name="resultset" object="10023" jump="rbsm_name" select="1" icon="1" preview="1">
      <row name="result" id="rbsm_customerceoactivityconnectionid">
        <cell name="rbsm_customer" width="200" />
        <cell name="a_2afe9052c3c5e511b886005056ae52c3.rbsm_franchise" width="200" disableSorting="1" />
        <cell name="createdon" width="125" />
      </row>
    </grid>
  </layoutxml>
  <querytype>0</querytype>
  <fetchxml>
    <fetch version="1.0" mapping="logical">
      <entity name="rbsm_customerceoactivityconnection">
        <attribute name="createdon" />
        <order attribute="createdon" descending="false" />
        <filter type="and">
          <condition attribute="statecode" operator="eq" value="0" />
        </filter>
        <attribute name="rbsm_customer" />
        <link-entity alias="a_2afe9052c3c5e511b886005056ae52c3" name="account" from="accountid" to="rbsm_customer" link-type="outer" visible="false">
          <attribute name="rbsm_franchise" />
        </link-entity>
        <attribute name="rbsm_customerceoactivityconnectionid" />
      </entity>
    </fetch>
  </fetchxml>
  <IntroducedVersion>1.0.0.0</IntroducedVersion>
  <LocalizedNames>
    <LocalizedName description="Franchise Engagements per CEO Activity" languagecode="1033" />
  </LocalizedNames>
</savedquery>