﻿<?xml version="1.0" encoding="utf-8"?>
<savedquery>
  <IsCustomizable>1</IsCustomizable>
  <CanBeDeleted>0</CanBeDeleted>
  <isquickfindquery>0</isquickfindquery>
  <isprivate>0</isprivate>
  <isdefault>1</isdefault>
  <returnedtypecode>10023</returnedtypecode>
  <savedqueryid>{fd745d52-5c4a-432b-a660-aa14e72a7054}</savedqueryid>
  <layoutxml>
    <grid name="resultset" object="10023" jump="rbsm_name" select="1" icon="1" preview="1">
      <row name="result" id="rbsm_customerceoactivityconnectionid">
        <cell name="rbsm_ceoactivity" width="100" />
        <cell name="rbsm_customer" width="100" />
        <cell name="createdon" width="125" />
      </row>
    </grid>
  </layoutxml>
  <querytype>1</querytype>
  <fetchxml>
    <fetch version="1.0" mapping="logical">
      <entity name="rbsm_customerceoactivityconnection">
        <attribute name="createdon" />
        <order attribute="rbsm_ceoactivity" descending="false" />
        <attribute name="rbsm_customer" />
        <attribute name="rbsm_ceoactivity" />
        <attribute name="rbsm_customerceoactivityconnectionid" />
      </entity>
    </fetch>
  </fetchxml>
  <IntroducedVersion>1.0.0.0</IntroducedVersion>
  <LocalizedNames>
    <LocalizedName description="Customer CEO Activity Connection Advanced Find View" languagecode="1033" />
  </LocalizedNames>
</savedquery>