﻿<?xml version="1.0" encoding="utf-8"?>
<Entity>
  <Name LocalizedName="Position" OriginalName="">Position</Name>
  <ObjectTypeCode>50</ObjectTypeCode>
  <EntityInfo>
    <entity Name="Position" unmodified="1">
      <attributes />
    </entity>
  </EntityInfo>
  <FormXml />
  <SavedQueries />
  <RibbonDiffXml />
  <HierarchyRules>
    <HierarchyRule unmodified="1">
      <HierarchyRuleID>{6de193d2-e4ad-42d6-ab53-faf2c8e0d73d}</HierarchyRuleID>
      <PrimaryEntityFormID>{a9969603-c28d-4a12-9d03-b9ed677a345a}</PrimaryEntityFormID>
      <PrimaryEntityLogicalName>position</PrimaryEntityLogicalName>
      <ShowDisabled>1</ShowDisabled>
      <IntroducedVersion>7.0.0.0</IntroducedVersion>
      <LocalizedNames>
        <LocalizedName description="Position Hierarchy" languagecode="1033" />
        <LocalizedName description="Hierarchia stanowisk" languagecode="1045" />
      </LocalizedNames>
      <Descriptions>
        <Description description="This is the Position hierarchy definition." languagecode="1033" />
        <Description description="To jest definicja hierarchii stanowisk." languagecode="1045" />
      </Descriptions>
    </HierarchyRule>
  </HierarchyRules>
</Entity>