﻿<?xml version="1.0" encoding="utf-8"?>
<SdkMessageProcessingStep Name="Create of nwm_CallReportAccessUser" SdkMessageProcessingStepId="{a98a60d8-620a-e711-80e0-3863bb34cdb0}">
  <PluginTypeName>Rbs.Crm.FOS.Plugins.PostCreate_nwm_CallReportAccessUser, Rbs.Crm.FOS.Plugins, Version=1.0.0.0, Culture=neutral, PublicKeyToken=f5de6214cb69f0d8</PluginTypeName>
  <PrimaryEntity>nwm_callreportaccessuser</PrimaryEntity>
  <AsyncAutoDelete>1</AsyncAutoDelete>
  <Configuration>&lt;settings&gt;&lt;setting name="WriteTeamTemplateId" &gt;&lt;value&gt;81FA8F5B-48EC-E611-80DC-3863BB34CDB0&lt;/value&gt;&lt;/setting&gt;&lt;setting name="ReadTeamTemplateId" &gt;&lt;value&gt;57BE8E78-090B-E711-80DC-3863BB358E18&lt;/value&gt;&lt;/setting&gt;&lt;/settings&gt;</Configuration>
  <Description>Create of nwm_CallReportAccessUser</Description>
  <FilteringAttributes></FilteringAttributes>
  <InvocationSource>1</InvocationSource>
  <Mode>1</Mode>
  <Rank>1</Rank>
  <SdkMessageId>{9ebdbb1b-ea3e-db11-86a7-000a3a5473e8}</SdkMessageId>
  <EventHandlerTypeCode>4602</EventHandlerTypeCode>
  <Stage>40</Stage>
  <IsCustomizable>1</IsCustomizable>
  <IsHidden>0</IsHidden>
  <SupportedDeployment>0</SupportedDeployment>
  <IntroducedVersion>0.0.0.1</IntroducedVersion>
  <SdkMessageProcessingStepImages />
</SdkMessageProcessingStep>