﻿<?xml version="1.0" encoding="utf-8"?>
<SdkMessageProcessingStep Name="PostOperationAddAccessTeam Call Report" SdkMessageProcessingStepId="{d58a60d8-620a-e711-80e0-3863bb34cdb0}">
  <PluginTypeName>Rbs.Crm.FOS.Plugins.PostOperationAddAccessTeam, Rbs.Crm.FOS.Plugins, Version=1.0.0.0, Culture=neutral, PublicKeyToken=f5de6214cb69f0d8</PluginTypeName>
  <AsyncAutoDelete>0</AsyncAutoDelete>
  <Description>PostOperationAddAccessTeam Call Report</Description>
  <FilteringAttributes></FilteringAttributes>
  <InvocationSource>0</InvocationSource>
  <Mode>0</Mode>
  <Rank>1</Rank>
  <SdkMessageId>{00a92978-4ced-e611-80d7-3863bb35ff48}</SdkMessageId>
  <EventHandlerTypeCode>4602</EventHandlerTypeCode>
  <Stage>40</Stage>
  <IsCustomizable>1</IsCustomizable>
  <IsHidden>0</IsHidden>
  <SupportedDeployment>0</SupportedDeployment>
  <IntroducedVersion>0.0.0.1</IntroducedVersion>
  <SdkMessageProcessingStepImages />
</SdkMessageProcessingStep>