﻿<?xml version="1.0" encoding="utf-8"?>
<SdkMessageProcessingStep Name="Delete of nwm_CallReportAccessUser" SdkMessageProcessingStepId="{e2d944df-620a-e711-80e0-3863bb34cdb0}">
  <PluginTypeName>Rbs.Crm.FOS.Plugins.PreOperationnwm_CallReportAccessUserDelete, Rbs.Crm.FOS.Plugins, Version=1.0.0.0, Culture=neutral, PublicKeyToken=f5de6214cb69f0d8</PluginTypeName>
  <PrimaryEntity>nwm_callreportaccessuser</PrimaryEntity>
  <AsyncAutoDelete>0</AsyncAutoDelete>
  <Description>Delete ofnwm_CallReportAccessUser</Description>
  <FilteringAttributes></FilteringAttributes>
  <InvocationSource>1</InvocationSource>
  <Mode>0</Mode>
  <Rank>1</Rank>
  <SdkMessageId>{a1bdbb1b-ea3e-db11-86a7-000a3a5473e8}</SdkMessageId>
  <EventHandlerTypeCode>4602</EventHandlerTypeCode>
  <Stage>20</Stage>
  <IsCustomizable>1</IsCustomizable>
  <IsHidden>0</IsHidden>
  <SupportedDeployment>0</SupportedDeployment>
  <IntroducedVersion>0.0.0.1</IntroducedVersion>
  <SdkMessageProcessingStepImages />
</SdkMessageProcessingStep>