﻿<?xml version="1.0" encoding="utf-8"?>
<savedquery>
  <IsCustomizable>1</IsCustomizable>
  <CanBeDeleted>0</CanBeDeleted>
  <isquickfindquery>0</isquickfindquery>
  <isprivate>0</isprivate>
  <isdefault>1</isdefault>
  <returnedtypecode>10029</returnedtypecode>
  <savedqueryid>{cbdea702-3c4e-40f4-a96b-bbc07fdcc1f7}</savedqueryid>
  <layoutxml>
    <grid name="resultset" object="10029" jump="rbsm_name" select="1" icon="1" preview="1">
      <row name="result" id="rbsm_productmetricsid">
        <cell name="rbsm_name" width="300" />
        <cell name="createdon" width="125" />
      </row>
    </grid>
  </layoutxml>
  <querytype>1</querytype>
  <fetchxml>
    <fetch version="1.0" mapping="logical">
      <entity name="rbsm_productmetrics">
        <attribute name="rbsm_productmetricsid" />
        <attribute name="rbsm_name" />
        <attribute name="createdon" />
        <order attribute="rbsm_name" descending="false" />
      </entity>
    </fetch>
  </fetchxml>
  <IntroducedVersion>1.0.0.0</IntroducedVersion>
  <LocalizedNames>
    <LocalizedName description="Product Metrics Advanced Find View" languagecode="1033" />
  </LocalizedNames>
</savedquery>