﻿<?xml version="1.0" encoding="utf-8"?>
<savedquery>
  <IsCustomizable>1</IsCustomizable>
  <CanBeDeleted>0</CanBeDeleted>
  <isquickfindquery>0</isquickfindquery>
  <isprivate>0</isprivate>
  <isdefault>1</isdefault>
  <returnedtypecode>10029</returnedtypecode>
  <savedqueryid>{d064156c-3ae0-458a-870d-54fbcd03c831}</savedqueryid>
  <layoutxml>
    <grid name="resultset" object="10029" jump="rbsm_name" select="1" icon="1" preview="1">
      <row name="result" id="rbsm_productmetricsid">
        <cell name="rbsm_desproduct" width="150" />
        <cell name="rbsm_budget" width="100" />
        <cell name="rbsm_spend" width="100" />
        <cell name="rbsm_completeyear" width="100" />
        <cell name="createdon" width="125" />
      </row>
    </grid>
  </layoutxml>
  <querytype>0</querytype>
  <fetchxml>
    <fetch version="1.0" mapping="logical">
      <entity name="rbsm_productmetrics">
        <attribute name="createdon" />
        <order attribute="createdon" descending="false" />
        <filter type="and">
          <condition attribute="statecode" operator="eq" value="0" />
        </filter>
        <attribute name="rbsm_budget" />
        <attribute name="rbsm_desproduct" />
        <attribute name="rbsm_spend" />
        <attribute name="rbsm_completeyear" />
        <attribute name="rbsm_productmetricsid" />
      </entity>
    </fetch>
  </fetchxml>
  <IntroducedVersion>1.0.0.0</IntroducedVersion>
  <LocalizedNames>
    <LocalizedName description="Active Product Metrics" languagecode="1033" />
  </LocalizedNames>
</savedquery>