﻿<?xml version="1.0" encoding="utf-8"?>
<systemform>
  <formid>{14f7609a-b5d2-4ae5-bd69-f7542e12bf29}</formid>
  <IntroducedVersion>0.0.0.1</IntroducedVersion>
  <FormPresentation>1</FormPresentation>
  <FormActivationState>1</FormActivationState>
  <form shownavigationbar="true" showImage="false" maxWidth="1900">
    <tabs>
      <tab verticallayout="true" id="{80f54ff1-0592-4369-9954-16bbe826f0f0}" IsUserDefined="1">
        <labels>
          <label description="General" languagecode="1033" />
        </labels>
        <columns>
          <column width="100%">
            <sections>
              <section showlabel="false" showbar="false" IsUserDefined="0" id="{6e4e4de0-8650-4b94-b746-c7a1d5a8b8fa}" name="{6e4e4de0-8650-4b94-b746-c7a1d5a8b8fa}" columns="1" locklevel="0" labelwidth="200" celllabelalignment="Left" celllabelposition="Left">
                <labels>
                  <label description="General" languagecode="1033" />
                </labels>
                <rows>
                  <row>
                    <cell id="{89748a27-8dad-4bc9-8db8-17c8e6ad0dfe}">
                      <labels>
                        <label description="Id" languagecode="1033" />
                      </labels>
                      <control id="nwm_id" classid="{4273EDBD-AC1D-40d3-9FB2-095C621B552D}" datafieldname="nwm_id" />
                    </cell>
                  </row>
                  <row>
                    <cell id="{1ccbd4e3-a2bf-4ebd-b3e7-17228f394641}" showlabel="true" locklevel="1" visible="false">
                      <labels>
                        <label description="Owner" languagecode="1033" />
                      </labels>
                      <control id="ownerid" classid="{270BD3DB-D9AF-4782-9025-509E298DEC0A}" datafieldname="ownerid" uniqueid="{39e53803-1c64-9e9a-a2a5-ac2914087e07}" disabled="false">
                        <parameters>
                          <AutoResolve>true</AutoResolve>
                          <DisableMru>false</DisableMru>
                        </parameters>
                      </control>
                    </cell>
                  </row>
                  <row>
                    <cell id="{c5911755-630a-6638-3529-2813440e4356}" showlabel="true" locklevel="0">
                      <labels>
                        <label description="Client" languagecode="1033" />
                      </labels>
                      <control id="nwm_client" classid="{270BD3DB-D9AF-4782-9025-509E298DEC0A}" datafieldname="nwm_client" disabled="false" />
                    </cell>
                  </row>
                  <row>
                    <cell id="{bc660047-ac66-99dd-d6a8-d751e7747190}" showlabel="true" locklevel="0">
                      <labels>
                        <label description="User" languagecode="1033" />
                      </labels>
                      <control id="nwm_user" classid="{270BD3DB-D9AF-4782-9025-509E298DEC0A}" datafieldname="nwm_user" disabled="false" />
                    </cell>
                  </row>
                  <row>
                    <cell id="{9b46249a-7e9b-1b9c-3e06-dc6849d2681d}" showlabel="true" locklevel="0">
                      <labels>
                        <label description="Access Role" languagecode="1033" />
                      </labels>
                      <control id="nwm_accessrole" classid="{3EF39988-22BB-4f0b-BBBE-64B5A3748AEE}" datafieldname="nwm_accessrole" disabled="false" />
                    </cell>
                  </row>
                  <row>
                    <cell id="{d8840578-acc5-de6c-0509-69e056467e6a}" showlabel="true" locklevel="0">
                      <labels>
                        <label description="Approver" languagecode="1033" />
                      </labels>
                      <control id="nwm_approver" classid="{270BD3DB-D9AF-4782-9025-509E298DEC0A}" datafieldname="nwm_approver" disabled="false" />
                    </cell>
                  </row>
                  <row>
                    <cell id="{45285217-1926-ba17-344b-65ad7157ed36}" showlabel="true" locklevel="0">
                      <labels>
                        <label description="Approval Date" languagecode="1033" />
                      </labels>
                      <control id="nwm_approvaldate" classid="{5B773807-9FB2-42db-97C3-7A91EFF8ADFF}" datafieldname="nwm_approvaldate" disabled="false" />
                    </cell>
                  </row>
                  <row>
                    <cell id="{2585c4e0-cab0-9eea-b312-ad8276be7339}" showlabel="true" locklevel="0">
                      <labels>
                        <label description="Expire Date" languagecode="1033" />
                      </labels>
                      <control id="nwm_expiredate" classid="{5B773807-9FB2-42db-97C3-7A91EFF8ADFF}" datafieldname="nwm_expiredate" disabled="false" />
                    </cell>
                  </row>
                  <row>
                    <cell id="{ee13059a-b96e-ea72-8eb0-d158a796ae71}" showlabel="true" locklevel="0">
                      <labels>
                        <label description="Next Review Date" languagecode="1033" />
                      </labels>
                      <control id="nwm_nextreviewdate" classid="{5B773807-9FB2-42db-97C3-7A91EFF8ADFF}" datafieldname="nwm_nextreviewdate" disabled="false" />
                    </cell>
                  </row>
                </rows>
              </section>
            </sections>
          </column>
        </columns>
      </tab>
    </tabs>
    <Navigation>
      <NavBar></NavBar>
      <NavBarAreas>
        <NavBarArea Id="Info">
          <Titles>
            <Title LCID="1033" Text="Common" />
          </Titles>
        </NavBarArea>
        <NavBarArea Id="Sales">
          <Titles>
            <Title LCID="1033" Text="Sales" />
          </Titles>
        </NavBarArea>
        <NavBarArea Id="Service">
          <Titles>
            <Title LCID="1033" Text="Service" />
          </Titles>
        </NavBarArea>
        <NavBarArea Id="Marketing">
          <Titles>
            <Title LCID="1033" Text="Marketing" />
          </Titles>
        </NavBarArea>
        <NavBarArea Id="ProcessCenter">
          <Titles>
            <Title LCID="1033" Text="Process Sessions" />
          </Titles>
        </NavBarArea>
      </NavBarAreas>
    </Navigation>
    <controlDescriptions />
    <formLibraries>
      <Library name="nwm_/Script/process.js" libraryUniqueId="{4e2b2e72-b755-451b-b8ab-c601c10cdbb4}" />
    </formLibraries>
  </form>
  <IsCustomizable>1</IsCustomizable>
  <CanBeDeleted>1</CanBeDeleted>
  <LocalizedNames>
    <LocalizedName description="Information" languagecode="1033" />
  </LocalizedNames>
  <Descriptions>
    <Description description="A form for this entity." languagecode="1033" />
  </Descriptions>
</systemform>