﻿<?xml version="1.0" encoding="utf-8"?>
<systemform>
  <formid>{d1fd77af-4939-4abb-96e1-262697a8601b}</formid>
  <IntroducedVersion>1.0.0.0</IntroducedVersion>
  <FormPresentation>1</FormPresentation>
  <FormActivationState>1</FormActivationState>
  <form maxWidth="1900">
    <tabs>
      <tab id="{aadea195-d5e0-4948-81d9-d3656683da83}" name="tab_1" showlabel="false" locklevel="0" expanded="true">
        <labels>
          <label description="Tab" languagecode="1033" />
        </labels>
        <columns>
          <column width="33%">
            <sections>
              <section id="{4dc1ac19-47fd-4d9e-9452-6aefb74c5fb7}" name="DES Service" columns="1" showlabel="true" showbar="false" IsUserDefined="0" locklevel="0" labelwidth="115" celllabelalignment="Left" celllabelposition="Left">
                <labels>
                  <label description="DES Service" languagecode="1033" />
                </labels>
                <rows>
                  <row>
                    <cell id="{407690c1-79b1-eb3c-e533-895c4dd07c3d}" showlabel="true" locklevel="0">
                      <labels>
                        <label description="Opportunity" languagecode="1033" />
                      </labels>
                      <control id="rbsm_opportunity" classid="{270BD3DB-D9AF-4782-9025-509E298DEC0A}" datafieldname="rbsm_opportunity" disabled="false" />
                    </cell>
                  </row>
                  <row>
                    <cell id="{a7d0212b-12d7-22c0-c4b1-0255250d13c3}" showlabel="true" locklevel="0">
                      <labels>
                        <label description="DES Service" languagecode="1033" />
                      </labels>
                      <control id="rbsm_desservice" classid="{3EF39988-22BB-4f0b-BBBE-64B5A3748AEE}" datafieldname="rbsm_desservice" disabled="false" />
                    </cell>
                  </row>
                </rows>
              </section>
            </sections>
          </column>
          <column width="33%">
            <sections>
              <section id="{85fd3431-3e76-435c-8771-19d226d1c3a0}" name="Resource" columns="1" showlabel="true" showbar="false" IsUserDefined="0" locklevel="0" labelwidth="150" celllabelalignment="Left" celllabelposition="Left">
                <labels>
                  <label description="Resource" languagecode="1033" />
                </labels>
                <rows>
                  <row>
                    <cell id="{1084220e-58e2-6146-7b12-4eae9a9526ca}" showlabel="true" locklevel="0">
                      <labels>
                        <label description="DES Resource Location" languagecode="1033" />
                      </labels>
                      <control id="rbsm_desresourcelocation" classid="{3EF39988-22BB-4f0b-BBBE-64B5A3748AEE}" datafieldname="rbsm_desresourcelocation" disabled="false" />
                    </cell>
                  </row>
                  <row>
                    <cell id="{526d6cbc-1376-6b6d-45bc-d3377607318b}" showlabel="true" locklevel="0">
                      <labels>
                        <label description="Resourcing Channel" languagecode="1033" />
                      </labels>
                      <control id="rbsm_resourcechannel" classid="{3EF39988-22BB-4f0b-BBBE-64B5A3748AEE}" datafieldname="rbsm_resourcechannel" disabled="false" />
                    </cell>
                  </row>
                </rows>
              </section>
            </sections>
          </column>
          <column width="33%">
            <sections>
              <section id="{4bb20730-ec0e-4aac-939c-b519a201d142}" name="Description" columns="1" showlabel="true" showbar="false" IsUserDefined="0" locklevel="0" labelwidth="115" celllabelalignment="Left" celllabelposition="Left">
                <labels>
                  <label description="Description" languagecode="1033" />
                </labels>
                <rows>
                  <row>
                    <cell id="{1db4145a-4458-b938-24e7-0ca943cea406}" showlabel="true" locklevel="0">
                      <labels>
                        <label description="Description" languagecode="1033" />
                      </labels>
                      <control id="rbsm_description" classid="{E0DECE4B-6FC8-4a8f-A065-082708572369}" datafieldname="rbsm_description" disabled="false" />
                    </cell>
                  </row>
                </rows>
              </section>
            </sections>
          </column>
        </columns>
      </tab>
    </tabs>
    <DisplayConditions Order="1">
      <Role Id="{627090ff-40a3-4053-8790-584edc5be201}" />
      <Role Id="{119f245c-3cc8-4b62-b31c-d1a046ced15d}" />
    </DisplayConditions>
  </form>
  <IsCustomizable>1</IsCustomizable>
  <CanBeDeleted>1</CanBeDeleted>
  <LocalizedNames>
    <LocalizedName description="Quick Create Form" languagecode="1033" />
  </LocalizedNames>
</systemform>