<?xml version="1.0" encoding="utf-8"?>
<environmentvariabledefinition
  schemaname="rhm_CreatePartOrder">
  <defaultvalue>https://rhmoraservices-prj.rheem.com/soa-infra/resources/default/RHMSugarCRMService/CreatePartOrder/v1/CreatePartOrder</defaultvalue>
  <displayname
    default="Rheem Oracle Services - Create Part Order">
    <label
      description="Rheem Oracle Services - Create Part Order"
      languagecode="1033" />
  </displayname>
  <introducedversion>1.0.0.25</introducedversion>
  <iscustomizable>1</iscustomizable>
  <isrequired>0</isrequired>
  <secretstore>0</secretstore>
  <type>100000000</type>
</environmentvariabledefinition>