﻿<?xml version="1.0" encoding="utf-8"?>
<systemform>
  <formid>{8800b459-55cb-40b4-acda-768a6f6b95da}</formid>
  <IntroducedVersion>1.0.0.0</IntroducedVersion>
  <FormPresentation>1</FormPresentation>
  <FormActivationState>1</FormActivationState>
  <form>
    <tabs>
      <tab verticallayout="true" id="{d263d8e1-0948-47c9-9c1a-47311a388f45}" IsUserDefined="1" name="{d263d8e1-0948-47c9-9c1a-47311a388f45}" locklevel="0" expanded="true" showlabel="true">
        <labels>
          <label description="Overall Statistics" languagecode="1033" />
        </labels>
        <columns>
          <column width="100%">
            <sections>
              <section showlabel="false" showbar="false" IsUserDefined="0" id="{0185f1bf-a9cb-4986-89ec-5c0df3fade6d}" name="{0185f1bf-a9cb-4986-89ec-5c0df3fade6d}" columns="11" locklevel="0" labelwidth="160" celllabelalignment="Left" celllabelposition="Left">
                <labels>
                  <label description="General" languagecode="1033" />
                </labels>
                <rows>
                  <row>
                    <cell id="{7d74a50d-2903-4726-aa5f-fa7bbf019e71}" showlabel="true" locklevel="0" visible="false">
                      <labels>
                        <label description="Name" languagecode="1033" />
                      </labels>
                      <control id="rbs_name" classid="{4273EDBD-AC1D-40d3-9FB2-095C621B552D}" datafieldname="rbs_name" uniqueid="{03758e3d-9b64-35e7-7568-a7bb2bc5bba2}" disabled="true" />
                    </cell>
                    <cell id="{5845945e-662a-031a-764d-5170700d46e6}" showlabel="false" userspacer="true">
                      <labels>
                        <label description="" languagecode="1033" />
                      </labels>
                    </cell>
                  </row>
                  <row>
                    <cell id="{bea63992-096b-4dd2-44ad-b799877da2b7}" showlabel="true" locklevel="0">
                      <labels>
                        <label description="Target Entity (Schema Name)" languagecode="1033" />
                      </labels>
                      <control id="rbs_targetentityschemaname" classid="{4273EDBD-AC1D-40d3-9FB2-095C621B552D}" datafieldname="rbs_targetentityschemaname" disabled="true" uniqueid="{d540d43a-da68-93ec-e7a5-aa7243770aae}" />
                    </cell>
                    <cell id="{36195376-6d61-5933-5261-c07dd645a058}" showlabel="true" locklevel="0">
                      <labels>
                        <label description="Records To be Assigned" languagecode="1033" />
                      </labels>
                      <control id="rbs_recordstobeassigned" classid="{C6D124CA-7EDA-4a60-AEA9-7FB8D318B68F}" datafieldname="rbs_recordstobeassigned" disabled="true" uniqueid="{7e50d677-a811-d5c3-4bbc-09717337657e}" />
                    </cell>
                  </row>
                  <row>
                    <cell id="{524ae3e4-08c5-15b1-8210-e2bb86b54b93}" showlabel="true" locklevel="0">
                      <labels>
                        <label description="Distribution Target Type" languagecode="1033" />
                      </labels>
                      <control id="rbs_distributiontargettype" classid="{3EF39988-22BB-4f0b-BBBE-64B5A3748AEE}" datafieldname="rbs_distributiontargettype" disabled="true" uniqueid="{68b87d89-57c9-b461-1289-1345370464c1}" />
                    </cell>
                    <cell id="{67c49dcd-c6be-372b-cd02-18421be33de3}" showlabel="true" locklevel="0">
                      <labels>
                        <label description="Records Assignment Successful" languagecode="1033" />
                      </labels>
                      <control id="rbs_recordsassignmentsuccessful" classid="{C6D124CA-7EDA-4a60-AEA9-7FB8D318B68F}" datafieldname="rbs_recordsassignmentsuccessful" disabled="true" uniqueid="{43084ce7-0e72-3c6c-b9ad-55c005377170}" />
                    </cell>
                  </row>
                  <row>
                    <cell id="{2b934071-da1a-dd27-d815-e93b56ed22d2}" showlabel="true" locklevel="0">
                      <labels>
                        <label description="Distribution Rule" languagecode="1033" />
                      </labels>
                      <control id="rbs_distributionrule" classid="{270BD3DB-D9AF-4782-9025-509E298DEC0A}" datafieldname="rbs_distributionrule" disabled="true" uniqueid="{84c9d807-b18d-3cd8-38c1-523c7242ab27}">
                        <parameters>
                          <AutoResolve>true</AutoResolve>
                          <DisableMru>false</DisableMru>
                          <DisableQuickFind>false</DisableQuickFind>
                          <DisableViewPicker>false</DisableViewPicker>
                          <DefaultViewId>{3BD6BE9E-6498-4AAF-A099-5B5A992ED3CB}</DefaultViewId>
                          <AllowFilterOff>false</AllowFilterOff>
                        </parameters>
                      </control>
                    </cell>
                    <cell id="{2a50e3b8-d45b-708b-e7d1-6db8344a371b}" showlabel="true" locklevel="0">
                      <labels>
                        <label description="Records Assignment Failed" languagecode="1033" />
                      </labels>
                      <control id="rbs_recordsassignmentfailed" classid="{C6D124CA-7EDA-4a60-AEA9-7FB8D318B68F}" datafieldname="rbs_recordsassignmentfailed" disabled="true" uniqueid="{10ea95b2-3a99-281e-abbe-c0b1b6a8c882}" />
                    </cell>
                  </row>
                  <row>
                    <cell id="{a05d7b34-db92-4911-bb63-ce0c4dd105c6}" showlabel="true" locklevel="0" colspan="2">
                      <labels>
                        <label description="Trigger Mode" languagecode="1033" />
                      </labels>
                      <control id="rbs_trigger" classid="{67FAC785-CD58-4f9f-ABB3-4B7DDC6ED5ED}" datafieldname="rbs_trigger" disabled="true" uniqueid="{e6dd812a-303a-77e6-8a3d-78aab9bc65e1}" />
                    </cell>
                  </row>
                </rows>
              </section>
            </sections>
          </column>
        </columns>
      </tab>
      <tab name="tab_2" id="{c2ba0b09-5287-7857-6cac-67513aa18e00}" IsUserDefined="0" locklevel="0" showlabel="false" expanded="true">
        <labels>
          <label description="Users" languagecode="1033" />
        </labels>
        <columns>
          <column width="100%">
            <sections>
              <section name="tab_2_section_1" showlabel="false" showbar="true" locklevel="0" id="{33a344b5-8748-4c47-675c-e17c096e117c}" IsUserDefined="0" layout="varwidth" columns="1" labelwidth="115" celllabelalignment="Left" celllabelposition="Left">
                <labels>
                  <label description="Users" languagecode="1033" />
                </labels>
                <rows>
                  <row>
                    <cell id="{88ebb168-63d8-4a7e-d5b0-9741a25ca4a8}" showlabel="true" colspan="1" auto="false" rowspan="7">
                      <labels>
                        <label description="Users" languagecode="1033" />
                      </labels>
                      <control id="Users" classid="{E7A81278-8635-4d9e-8D4D-59480B391C5B}" indicationOfSubgrid="true">
                        <parameters>
                          <ViewId>{EC8BBC9F-69BB-490F-8E42-24FBDB14E52C}</ViewId>
                          <IsUserView>false</IsUserView>
                          <RelationshipName>rbs_rbs_distributionauditlog_rbs_distributiontargetuser_DistributionAuditLog</RelationshipName>
                          <TargetEntityType>rbs_distributiontargetuser</TargetEntityType>
                          <AutoExpand>Fixed</AutoExpand>
                          <EnableQuickFind>true</EnableQuickFind>
                          <EnableViewPicker>false</EnableViewPicker>
                          <ViewIds>{EC8BBC9F-69BB-490F-8E42-24FBDB14E52C}</ViewIds>
                          <EnableJumpBar>false</EnableJumpBar>
                          <ChartGridMode>All</ChartGridMode>
                          <VisualizationId />
                          <IsUserChart>false</IsUserChart>
                          <EnableChartPicker>true</EnableChartPicker>
                          <RecordsPerPage>4</RecordsPerPage>
                        </parameters>
                      </control>
                    </cell>
                  </row>
                  <row />
                  <row />
                  <row />
                  <row />
                  <row />
                  <row />
                </rows>
              </section>
            </sections>
          </column>
        </columns>
      </tab>
      <tab name="tab_3" id="{28e9335d-db53-d943-7ac3-a8352b4a7d46}" IsUserDefined="0" locklevel="0" showlabel="false" expanded="true">
        <labels>
          <label description="Teams" languagecode="1033" />
        </labels>
        <columns>
          <column width="100%">
            <sections>
              <section name="tab_3_section_1" showlabel="false" showbar="true" locklevel="0" id="{b1b5a57c-103c-c874-b5a2-32c847d5b455}" IsUserDefined="0" layout="varwidth" columns="1" labelwidth="115" celllabelalignment="Left" celllabelposition="Left">
                <labels>
                  <label description="Teams" languagecode="1033" />
                </labels>
                <rows>
                  <row>
                    <cell id="{51d2957b-8e4e-08ce-45d7-4ba77a544766}" showlabel="true" colspan="1" auto="false" rowspan="7">
                      <labels>
                        <label description="Teams" languagecode="1033" />
                      </labels>
                      <control id="Teams" classid="{E7A81278-8635-4d9e-8D4D-59480B391C5B}" indicationOfSubgrid="true">
                        <parameters>
                          <ViewId>{5D59D7EF-AA80-496E-A463-2962DE2BA4BA}</ViewId>
                          <IsUserView>false</IsUserView>
                          <RelationshipName>rbs_rbs_distributionauditlog_rbs_distributiontargetteam_DistributionAuditLog</RelationshipName>
                          <TargetEntityType>rbs_distributiontargetteam</TargetEntityType>
                          <AutoExpand>Fixed</AutoExpand>
                          <EnableQuickFind>true</EnableQuickFind>
                          <EnableViewPicker>false</EnableViewPicker>
                          <ViewIds>{5D59D7EF-AA80-496E-A463-2962DE2BA4BA}</ViewIds>
                          <EnableJumpBar>false</EnableJumpBar>
                          <ChartGridMode>All</ChartGridMode>
                          <VisualizationId />
                          <IsUserChart>false</IsUserChart>
                          <EnableChartPicker>true</EnableChartPicker>
                          <RecordsPerPage>4</RecordsPerPage>
                        </parameters>
                      </control>
                    </cell>
                  </row>
                  <row />
                  <row />
                  <row />
                  <row />
                  <row />
                  <row />
                </rows>
              </section>
            </sections>
          </column>
        </columns>
      </tab>
      <tab name="tab_4" id="{85432956-c831-3c6a-573b-d877b326d9d2}" IsUserDefined="0" locklevel="0" showlabel="false" expanded="true">
        <labels>
          <label description="Failed Records" languagecode="1033" />
        </labels>
        <columns>
          <column width="100%">
            <sections>
              <section name="tab_4_section_1" showlabel="false" showbar="true" locklevel="0" id="{20e5d1bd-7b66-4611-4968-8337a91e3e26}" IsUserDefined="0" layout="varwidth" columns="1" labelwidth="115" celllabelalignment="Left" celllabelposition="Left">
                <labels>
                  <label description="Failed Records" languagecode="1033" />
                </labels>
                <rows>
                  <row>
                    <cell id="{0078703b-2e99-81d0-7e64-54a4139b9b52}" showlabel="true" colspan="1" auto="false" rowspan="7">
                      <labels>
                        <label description="Failed Records" languagecode="1033" />
                      </labels>
                      <control id="FailedRecords" classid="{E7A81278-8635-4d9e-8D4D-59480B391C5B}" indicationOfSubgrid="true" uniqueid="{e3eced38-76a0-376a-4221-5458b9ee4307}">
                        <parameters>
                          <ViewId>{060C8700-18BC-E811-814E-5065F38B1651}</ViewId>
                          <IsUserView>false</IsUserView>
                          <RelationshipName>rbs_rbs_distributionauditlog_rbs_distributiontargetrecord_DistributionAuditLog</RelationshipName>
                          <TargetEntityType>rbs_distributiontargetrecord</TargetEntityType>
                          <AutoExpand>Fixed</AutoExpand>
                          <EnableQuickFind>false</EnableQuickFind>
                          <EnableViewPicker>false</EnableViewPicker>
                          <ViewIds>{99077F96-9A3C-4780-8E3B-37A91ECEE514},{060C8700-18BC-E811-814E-5065F38B1651}</ViewIds>
                          <EnableJumpBar>false</EnableJumpBar>
                          <ChartGridMode>All</ChartGridMode>
                          <VisualizationId />
                          <IsUserChart>false</IsUserChart>
                          <EnableChartPicker>true</EnableChartPicker>
                          <RecordsPerPage>4</RecordsPerPage>
                        </parameters>
                      </control>
                    </cell>
                  </row>
                  <row />
                  <row />
                  <row />
                  <row />
                  <row />
                  <row />
                </rows>
              </section>
            </sections>
          </column>
        </columns>
      </tab>
    </tabs>
    <header id="{9309522e-4bed-405c-b2f5-37e0ebd111c8}" columns="111">
      <rows>
        <row>
          <cell id="{6447b557-d13f-4ec7-b91f-5c166ed5822c}" showlabel="false">
            <labels>
              <label description="" languagecode="1033" />
            </labels>
          </cell>
          <cell id="{f4bec2b4-43b4-4df9-afcd-183a3387e3a4}" showlabel="false">
            <labels>
              <label description="" languagecode="1033" />
            </labels>
          </cell>
          <cell id="{0b82ed66-e906-a059-cb3d-5099c5b51362}" showlabel="true" locklevel="0">
            <labels>
              <label description="Created On" languagecode="1033" />
            </labels>
            <control id="header_createdon" classid="{5B773807-9FB2-42db-97C3-7A91EFF8ADFF}" datafieldname="createdon" disabled="true" uniqueid="{e98c8cc0-4079-d657-66a0-7630b68b9ed0}" />
          </cell>
        </row>
      </rows>
    </header>
    <Navigation>
      <NavBar></NavBar>
      <NavBarAreas>
        <NavBarArea Id="Info">
          <Titles>
            <Title LCID="1033" Text="Common" />
          </Titles>
        </NavBarArea>
        <NavBarArea Id="Sales">
          <Titles>
            <Title LCID="1033" Text="Sales" />
          </Titles>
        </NavBarArea>
        <NavBarArea Id="Service">
          <Titles>
            <Title LCID="1033" Text="Service" />
          </Titles>
        </NavBarArea>
        <NavBarArea Id="Marketing">
          <Titles>
            <Title LCID="1033" Text="Marketing" />
          </Titles>
        </NavBarArea>
        <NavBarArea Id="ProcessCenter">
          <Titles>
            <Title LCID="1033" Text="Process Sessions" />
          </Titles>
        </NavBarArea>
      </NavBarAreas>
    </Navigation>
    <controlDescriptions />
  </form>
  <IsCustomizable>1</IsCustomizable>
  <CanBeDeleted>1</CanBeDeleted>
  <LocalizedNames>
    <LocalizedName description="Information" languagecode="1033" />
  </LocalizedNames>
  <Descriptions>
    <Description description="A form for this entity." languagecode="1033" />
  </Descriptions>
</systemform>