<?xml version="1.0" encoding="utf-8"?>
<Entity xmlns:xsi="http://www.w3.org/2001/XMLSchema-instance">
  <Name
    LocalizedName="Process Session"
    OriginalName="">ProcessSession</Name>
  <EntityInfo>
    <entity
      Name="ProcessSession">
      <attributes>
        <attribute
          PhysicalName="RegardingObjectId">
          <Type>lookup</Type>
          <Name>regardingobjectid</Name>
          <LogicalName>regardingobjectid</LogicalName>
          <RequiredLevel>none</RequiredLevel>
          <DisplayMask>ValidForAdvancedFind|ValidForGrid</DisplayMask>
          <ImeMode>auto</ImeMode>
          <ValidForUpdateApi>0</ValidForUpdateApi>
          <ValidForReadApi>1</ValidForReadApi>
          <ValidForCreateApi>1</ValidForCreateApi>
          <IsCustomField>0</IsCustomField>
          <IsAuditEnabled>1</IsAuditEnabled>
          <IsSecured>0</IsSecured>
          <IntroducedVersion>5.0.0.0</IntroducedVersion>
          <SourceType>0</SourceType>
          <IsGlobalFilterEnabled>0</IsGlobalFilterEnabled>
          <IsSortableEnabled>0</IsSortableEnabled>
          <IsDataSourceSecret>0</IsDataSourceSecret>
          <AutoNumberFormat></AutoNumberFormat>
          <IsSearchable>0</IsSearchable>
          <IsFilterable>0</IsFilterable>
          <IsRetrievable>1</IsRetrievable>
          <IsLocalizable>0</IsLocalizable>
          <LookupStyle>single</LookupStyle>
          <displaynames>
            <displayname
              description="Regarding"
              languagecode="1033" />
            <displayname
              description="Berkenaan"
              languagecode="1086" />
          </displaynames>
          <Descriptions>
            <Description
              description="Unique identifier of the object with which the dialog session is associated."
              languagecode="1033" />
            <Description
              description="Pengecam unik untuk objek yang dikaitkan dengan sesi dialog."
              languagecode="1086" />
          </Descriptions>
        </attribute>
      </attributes>
    </entity>
  </EntityInfo>
  <RibbonDiffXml />
</Entity>