﻿<?xml version="1.0" encoding="utf-8"?>
<Entity>
  <Name LocalizedName="Opportunity" OriginalName="Opportunity">Opportunity</Name>
  <ObjectTypeCode>3</ObjectTypeCode>
  <EntityInfo>
    <entity Name="Opportunity">
      <LocalizedNames>
        <LocalizedName description="Opportunity" languagecode="1033" />
      </LocalizedNames>
      <LocalizedCollectionNames>
        <LocalizedCollectionName description="Opportunities" languagecode="1033" />
      </LocalizedCollectionNames>
      <Descriptions>
        <Description description="Potential revenue-generating event, or sale to an account, which needs to be tracked through a sales process to completion." languagecode="1033" />
      </Descriptions>
      <attributes>
        <attribute PhysicalName="ActualValue">
          <Type>money</Type>
          <Name>actualvalue</Name>
          <LogicalName>actualvalue</LogicalName>
          <RequiredLevel>none</RequiredLevel>
          <DisplayMask>ValidForAdvancedFind|ValidForForm|ValidForGrid</DisplayMask>
          <ImeMode>disabled</ImeMode>
          <ValidForUpdateApi>1</ValidForUpdateApi>
          <ValidForReadApi>1</ValidForReadApi>
          <ValidForCreateApi>1</ValidForCreateApi>
          <IsCustomField>0</IsCustomField>
          <IsAuditEnabled>1</IsAuditEnabled>
          <IsSecured>0</IsSecured>
          <IntroducedVersion>5.0.0.0</IntroducedVersion>
          <MinValue>-1000000000000</MinValue>
          <MaxValue>1000000000000</MaxValue>
          <Accuracy>4</Accuracy>
          <AccuracySource>2</AccuracySource>
          <displaynames>
            <displayname description="Actual Funding / Revenue" languagecode="1033" />
          </displaynames>
          <Descriptions>
            <Description description="Type the actual revenue amount for the opportunity for reporting and analysis of estimated versus actual sales. Field defaults to the Est. Revenue value when an opportunity is won." languagecode="1033" />
          </Descriptions>
        </attribute>
        <attribute PhysicalName="ActualValue_Base">
          <Type>money</Type>
          <Name>actualvalue_base</Name>
          <LogicalName>actualvalue_base</LogicalName>
          <RequiredLevel>none</RequiredLevel>
          <DisplayMask>ValidForAdvancedFind|ValidForForm|ValidForGrid</DisplayMask>
          <ImeMode>disabled</ImeMode>
          <ValidForReadApi>1</ValidForReadApi>
          <IsCustomField>0</IsCustomField>
          <IsAuditEnabled>1</IsAuditEnabled>
          <IsSecured>0</IsSecured>
          <IntroducedVersion>5.0.0.0</IntroducedVersion>
          <MinValue>-922337203685477</MinValue>
          <MaxValue>922337203685477</MaxValue>
          <Accuracy>4</Accuracy>
          <AccuracySource>2</AccuracySource>
          <CalculationOf>ActualValue</CalculationOf>
          <displaynames>
            <displayname description="Actual Revenue (Base)" languagecode="1033" />
          </displaynames>
          <Descriptions>
            <Description description="Shows the Actual Revenue field converted to the system's default base currency for reporting purposes. The calculation uses the exchange rate specified in the Currencies area." languagecode="1033" />
          </Descriptions>
        </attribute>
        <attribute PhysicalName="DevelopProposal">
          <Type>bit</Type>
          <Name>developproposal</Name>
          <LogicalName>developproposal</LogicalName>
          <RequiredLevel>none</RequiredLevel>
          <DisplayMask>ValidForAdvancedFind|ValidForForm|ValidForGrid</DisplayMask>
          <ImeMode>auto</ImeMode>
          <ValidForUpdateApi>1</ValidForUpdateApi>
          <ValidForReadApi>1</ValidForReadApi>
          <ValidForCreateApi>1</ValidForCreateApi>
          <IsCustomField>0</IsCustomField>
          <IsAuditEnabled>1</IsAuditEnabled>
          <IsSecured>0</IsSecured>
          <IntroducedVersion>5.0.0.0</IntroducedVersion>
          <AppDefaultValue>0</AppDefaultValue>
          <optionset Name="opportunity_developproposal">
            <OptionSetType>bit</OptionSetType>
            <IntroducedVersion>5.0.0.0</IntroducedVersion>
            <displaynames>
              <displayname description="Develop Proposal" languagecode="1033" />
            </displaynames>
            <Descriptions>
              <Description description="Whether a proposal has been developed for this opportunity." languagecode="1033" />
            </Descriptions>
            <options>
              <option value="0">
                <labels>
                  <label description="In Progress" languagecode="1033" />
                </labels>
              </option>
              <option value="1">
                <labels>
                  <label description="Agreed" languagecode="1033" />
                </labels>
              </option>
            </options>
          </optionset>
          <displaynames>
            <displayname description="Proposal Agreed" languagecode="1033" />
          </displaynames>
          <Descriptions>
            <Description description="Select whether a proposal has been developed for the opportunity." languagecode="1033" />
          </Descriptions>
        </attribute>
        <attribute PhysicalName="EstimatedValue">
          <Type>money</Type>
          <Name>estimatedvalue</Name>
          <LogicalName>estimatedvalue</LogicalName>
          <RequiredLevel>none</RequiredLevel>
          <DisplayMask>ValidForAdvancedFind|ValidForForm|ValidForGrid</DisplayMask>
          <ImeMode>disabled</ImeMode>
          <ValidForUpdateApi>1</ValidForUpdateApi>
          <ValidForReadApi>1</ValidForReadApi>
          <ValidForCreateApi>1</ValidForCreateApi>
          <IsCustomField>0</IsCustomField>
          <IsAuditEnabled>1</IsAuditEnabled>
          <IsSecured>0</IsSecured>
          <IntroducedVersion>5.0.0.0</IntroducedVersion>
          <MinValue>-1000000000000</MinValue>
          <MaxValue>1000000000000</MaxValue>
          <Accuracy>4</Accuracy>
          <AccuracySource>2</AccuracySource>
          <displaynames>
            <displayname description="Est. Funding / Revenue" languagecode="1033" />
          </displaynames>
          <Descriptions>
            <Description description="Type the estimated revenue amount to indicate the potential sale or value of the opportunity for revenue forecasting. This field can be either system-populated or editable based on the selection in the Revenue field." languagecode="1033" />
          </Descriptions>
        </attribute>
        <attribute PhysicalName="EstimatedValue_Base">
          <Type>money</Type>
          <Name>estimatedvalue_base</Name>
          <LogicalName>estimatedvalue_base</LogicalName>
          <RequiredLevel>none</RequiredLevel>
          <DisplayMask>ValidForAdvancedFind|ValidForForm|ValidForGrid</DisplayMask>
          <ImeMode>disabled</ImeMode>
          <ValidForReadApi>1</ValidForReadApi>
          <IsCustomField>0</IsCustomField>
          <IsAuditEnabled>1</IsAuditEnabled>
          <IsSecured>0</IsSecured>
          <IntroducedVersion>5.0.0.0</IntroducedVersion>
          <MinValue>-922337203685477</MinValue>
          <MaxValue>922337203685477</MaxValue>
          <Accuracy>4</Accuracy>
          <AccuracySource>2</AccuracySource>
          <CalculationOf>EstimatedValue</CalculationOf>
          <displaynames>
            <displayname description="Est. Revenue (Base)" languagecode="1033" />
          </displaynames>
          <Descriptions>
            <Description description="Shows the Actual Revenue field converted to the system's default base currency for reporting purposes. The calculation uses the exchange rate specified in the Currencies area." languagecode="1033" />
          </Descriptions>
        </attribute>
        <attribute PhysicalName="Name">
          <Type>nvarchar</Type>
          <Name>name</Name>
          <LogicalName>name</LogicalName>
          <RequiredLevel>required</RequiredLevel>
          <DisplayMask>ActivityRegardingName|QueueItemTitle|ActivityPointerRegardingName|PrimaryName|ValidForAdvancedFind|ValidForForm|ValidForGrid|RequiredForForm|RequiredForGrid</DisplayMask>
          <ImeMode>auto</ImeMode>
          <ValidForUpdateApi>1</ValidForUpdateApi>
          <ValidForReadApi>1</ValidForReadApi>
          <ValidForCreateApi>1</ValidForCreateApi>
          <IsCustomField>0</IsCustomField>
          <IsAuditEnabled>1</IsAuditEnabled>
          <IsSecured>0</IsSecured>
          <IntroducedVersion>5.0.0.0</IntroducedVersion>
          <Format>text</Format>
          <MaxLength>300</MaxLength>
          <Length>600</Length>
          <displaynames>
            <displayname description="Summary" languagecode="1033" />
          </displaynames>
          <Descriptions>
            <Description description="Type a subject or descriptive name, such as the expected order or company name, for the opportunity." languagecode="1033" />
          </Descriptions>
        </attribute>
        <attribute PhysicalName="PresentFinalProposal">
          <Type>bit</Type>
          <Name>presentfinalproposal</Name>
          <LogicalName>presentfinalproposal</LogicalName>
          <RequiredLevel>none</RequiredLevel>
          <DisplayMask>ValidForAdvancedFind|ValidForForm|ValidForGrid</DisplayMask>
          <ImeMode>auto</ImeMode>
          <ValidForUpdateApi>1</ValidForUpdateApi>
          <ValidForReadApi>1</ValidForReadApi>
          <ValidForCreateApi>1</ValidForCreateApi>
          <IsCustomField>0</IsCustomField>
          <IsAuditEnabled>1</IsAuditEnabled>
          <IsSecured>0</IsSecured>
          <IntroducedVersion>5.0.0.0</IntroducedVersion>
          <AppDefaultValue>0</AppDefaultValue>
          <OptionSetName>identifypursuitteam</OptionSetName>
          <displaynames>
            <displayname description="Final Proposal Agreed" languagecode="1033" />
          </displaynames>
          <Descriptions>
            <Description description="Select whether the final proposal has been presented to the account." languagecode="1033" />
          </Descriptions>
        </attribute>
        <attribute PhysicalName="PresentProposal">
          <Type>bit</Type>
          <Name>presentproposal</Name>
          <LogicalName>presentproposal</LogicalName>
          <RequiredLevel>none</RequiredLevel>
          <DisplayMask>ValidForAdvancedFind|ValidForForm|ValidForGrid</DisplayMask>
          <ImeMode>auto</ImeMode>
          <ValidForUpdateApi>1</ValidForUpdateApi>
          <ValidForReadApi>1</ValidForReadApi>
          <ValidForCreateApi>1</ValidForCreateApi>
          <IsCustomField>0</IsCustomField>
          <IsAuditEnabled>1</IsAuditEnabled>
          <IsSecured>0</IsSecured>
          <IntroducedVersion>5.0.0.0</IntroducedVersion>
          <AppDefaultValue>0</AppDefaultValue>
          <optionset Name="opportunity_presentproposal">
            <OptionSetType>bit</OptionSetType>
            <IntroducedVersion>5.0.0.0</IntroducedVersion>
            <displaynames>
              <displayname description="Presented Proposal" languagecode="1033" />
            </displaynames>
            <Descriptions>
              <Description description="Whether the final proposal has been presented." languagecode="1033" />
            </Descriptions>
            <options>
              <option value="0">
                <labels>
                  <label description="No" languagecode="1033" />
                </labels>
              </option>
              <option value="1">
                <labels>
                  <label description="Yes" languagecode="1033" />
                </labels>
              </option>
            </options>
          </optionset>
          <displaynames>
            <displayname description="POC/POV Finished" languagecode="1033" />
          </displaynames>
          <Descriptions>
            <Description description="Select whether a proposal for the opportunity has been presented to the account." languagecode="1033" />
          </Descriptions>
        </attribute>
        <attribute PhysicalName="PriorityCode">
          <Type>picklist</Type>
          <Name>prioritycode</Name>
          <LogicalName>prioritycode</LogicalName>
          <RequiredLevel>none</RequiredLevel>
          <DisplayMask>ValidForAdvancedFind|ValidForForm|ValidForGrid</DisplayMask>
          <ImeMode>auto</ImeMode>
          <ValidForUpdateApi>1</ValidForUpdateApi>
          <ValidForReadApi>1</ValidForReadApi>
          <ValidForCreateApi>1</ValidForCreateApi>
          <IsCustomField>0</IsCustomField>
          <IsAuditEnabled>1</IsAuditEnabled>
          <IsSecured>0</IsSecured>
          <IntroducedVersion>5.0.0.0</IntroducedVersion>
          <AppDefaultValue>-1</AppDefaultValue>
          <optionset Name="opportunity_prioritycode">
            <OptionSetType>picklist</OptionSetType>
            <IntroducedVersion>5.0.0.0</IntroducedVersion>
            <displaynames>
              <displayname description="Priority" languagecode="1033" />
            </displaynames>
            <Descriptions>
              <Description description="Priority of the opportunity." languagecode="1033" />
            </Descriptions>
            <options>
              <option value="337340000">
                <labels>
                  <label description="1. High" languagecode="1033" />
                </labels>
              </option>
              <option value="337340001">
                <labels>
                  <label description="2. Medium" languagecode="1033" />
                </labels>
              </option>
              <option value="337340002">
                <labels>
                  <label description="3. Low" languagecode="1033" />
                </labels>
              </option>
            </options>
          </optionset>
          <displaynames>
            <displayname description="Priority" languagecode="1033" />
          </displaynames>
          <Descriptions>
            <Description description="Select the priority so that preferred customers or critical issues are handled quickly." languagecode="1033" />
          </Descriptions>
        </attribute>
        <attribute PhysicalName="ProposedSolution">
          <Type>ntext</Type>
          <Name>proposedsolution</Name>
          <LogicalName>proposedsolution</LogicalName>
          <RequiredLevel>none</RequiredLevel>
          <DisplayMask>ValidForAdvancedFind|ValidForForm|ValidForGrid</DisplayMask>
          <ImeMode>auto</ImeMode>
          <ValidForUpdateApi>1</ValidForUpdateApi>
          <ValidForReadApi>1</ValidForReadApi>
          <ValidForCreateApi>1</ValidForCreateApi>
          <IsCustomField>0</IsCustomField>
          <IsAuditEnabled>1</IsAuditEnabled>
          <IsSecured>0</IsSecured>
          <IntroducedVersion>5.0.0.0</IntroducedVersion>
          <Format>textarea</Format>
          <MaxLength>2000</MaxLength>
          <displaynames>
            <displayname description="POC/POV Completion Comments" languagecode="1033" />
          </displaynames>
          <Descriptions>
            <Description description="Type notes about the proposed solution for the opportunity." languagecode="1033" />
          </Descriptions>
        </attribute>
        <attribute PhysicalName="rbsm_ApplicationClassification">
          <Type>picklist</Type>
          <Name>rbsm_applicationclassification</Name>
          <LogicalName>rbsm_applicationclassification</LogicalName>
          <RequiredLevel>none</RequiredLevel>
          <DisplayMask>ValidForAdvancedFind|ValidForForm|ValidForGrid</DisplayMask>
          <ImeMode>auto</ImeMode>
          <ValidForUpdateApi>1</ValidForUpdateApi>
          <ValidForReadApi>1</ValidForReadApi>
          <ValidForCreateApi>1</ValidForCreateApi>
          <IsCustomField>1</IsCustomField>
          <IsAuditEnabled>1</IsAuditEnabled>
          <IsSecured>0</IsSecured>
          <IntroducedVersion>1.0.0.0</IntroducedVersion>
          <IsCustomizable>1</IsCustomizable>
          <IsRenameable>1</IsRenameable>
          <CanModifySearchSettings>1</CanModifySearchSettings>
          <CanModifyRequirementLevelSettings>1</CanModifyRequirementLevelSettings>
          <CanModifyAdditionalSettings>1</CanModifyAdditionalSettings>
          <AppDefaultValue>-1</AppDefaultValue>
          <OptionSetName>rbsm_applicationclassification</OptionSetName>
          <displaynames>
            <displayname description="Classification" languagecode="1033" />
          </displaynames>
          <Descriptions>
            <Description description="" languagecode="1033" />
          </Descriptions>
        </attribute>
        <attribute PhysicalName="rbsm_ApplicationUsage">
          <Type>picklist</Type>
          <Name>rbsm_applicationusage</Name>
          <LogicalName>rbsm_applicationusage</LogicalName>
          <RequiredLevel>none</RequiredLevel>
          <DisplayMask>ValidForAdvancedFind|ValidForForm|ValidForGrid</DisplayMask>
          <ImeMode>auto</ImeMode>
          <ValidForUpdateApi>1</ValidForUpdateApi>
          <ValidForReadApi>1</ValidForReadApi>
          <ValidForCreateApi>1</ValidForCreateApi>
          <IsCustomField>1</IsCustomField>
          <IsAuditEnabled>1</IsAuditEnabled>
          <IsSecured>0</IsSecured>
          <IntroducedVersion>1.0.0.0</IntroducedVersion>
          <IsCustomizable>1</IsCustomizable>
          <IsRenameable>1</IsRenameable>
          <CanModifySearchSettings>1</CanModifySearchSettings>
          <CanModifyRequirementLevelSettings>1</CanModifyRequirementLevelSettings>
          <CanModifyAdditionalSettings>1</CanModifyAdditionalSettings>
          <AppDefaultValue>-1</AppDefaultValue>
          <optionset Name="rbsm_opportunity_rbsm_applicationusage">
            <OptionSetType>picklist</OptionSetType>
            <IntroducedVersion>1.0.0.0</IntroducedVersion>
            <IsCustomizable>1</IsCustomizable>
            <displaynames>
              <displayname description="Application Usage" languagecode="1033" />
            </displaynames>
            <Descriptions>
              <Description description="" languagecode="1033" />
            </Descriptions>
            <options>
              <option value="337340000">
                <labels>
                  <label description="Internal" languagecode="1033" />
                </labels>
              </option>
              <option value="337340001">
                <labels>
                  <label description="External" languagecode="1033" />
                </labels>
              </option>
              <option value="337340002">
                <labels>
                  <label description="Internal &amp; External" languagecode="1033" />
                </labels>
              </option>
            </options>
          </optionset>
          <displaynames>
            <displayname description="Customer Type" languagecode="1033" />
          </displaynames>
          <Descriptions>
            <Description description="" languagecode="1033" />
          </Descriptions>
        </attribute>
        <attribute PhysicalName="rbsm_BusinessCaseDeveloped">
          <Type>bit</Type>
          <Name>rbsm_businesscasedeveloped</Name>
          <LogicalName>rbsm_businesscasedeveloped</LogicalName>
          <RequiredLevel>none</RequiredLevel>
          <DisplayMask>ValidForAdvancedFind|ValidForForm|ValidForGrid</DisplayMask>
          <ImeMode>auto</ImeMode>
          <ValidForUpdateApi>1</ValidForUpdateApi>
          <ValidForReadApi>1</ValidForReadApi>
          <ValidForCreateApi>1</ValidForCreateApi>
          <IsCustomField>1</IsCustomField>
          <IsAuditEnabled>1</IsAuditEnabled>
          <IsSecured>0</IsSecured>
          <IntroducedVersion>1.0.0.0</IntroducedVersion>
          <IsCustomizable>1</IsCustomizable>
          <IsRenameable>1</IsRenameable>
          <CanModifySearchSettings>1</CanModifySearchSettings>
          <CanModifyRequirementLevelSettings>1</CanModifyRequirementLevelSettings>
          <CanModifyAdditionalSettings>1</CanModifyAdditionalSettings>
          <AppDefaultValue>0</AppDefaultValue>
          <optionset Name="rbsm_opportunity_rbsm_businesscasedeveloped">
            <OptionSetType>bit</OptionSetType>
            <IntroducedVersion>1.0.0.0</IntroducedVersion>
            <IsCustomizable>1</IsCustomizable>
            <displaynames>
              <displayname description="Business Case Developed" languagecode="1033" />
            </displaynames>
            <Descriptions>
              <Description description="" languagecode="1033" />
            </Descriptions>
            <options>
              <option value="0">
                <labels>
                  <label description="No" languagecode="1033" />
                </labels>
              </option>
              <option value="1">
                <labels>
                  <label description="Yes" languagecode="1033" />
                </labels>
              </option>
            </options>
          </optionset>
          <displaynames>
            <displayname description="Business Case Developed" languagecode="1033" />
          </displaynames>
          <Descriptions>
            <Description description="" languagecode="1033" />
          </Descriptions>
        </attribute>
        <attribute PhysicalName="rbsm_ComplianceSupportNeeded">
          <Type>picklist</Type>
          <Name>rbsm_compliancesupportneeded</Name>
          <LogicalName>rbsm_compliancesupportneeded</LogicalName>
          <RequiredLevel>none</RequiredLevel>
          <DisplayMask>ValidForAdvancedFind|ValidForForm|ValidForGrid</DisplayMask>
          <ImeMode>auto</ImeMode>
          <ValidForUpdateApi>1</ValidForUpdateApi>
          <ValidForReadApi>1</ValidForReadApi>
          <ValidForCreateApi>1</ValidForCreateApi>
          <IsCustomField>1</IsCustomField>
          <IsAuditEnabled>1</IsAuditEnabled>
          <IsSecured>0</IsSecured>
          <IntroducedVersion>1.0.0.0</IntroducedVersion>
          <IsCustomizable>1</IsCustomizable>
          <IsRenameable>1</IsRenameable>
          <CanModifySearchSettings>1</CanModifySearchSettings>
          <CanModifyRequirementLevelSettings>1</CanModifyRequirementLevelSettings>
          <CanModifyAdditionalSettings>1</CanModifyAdditionalSettings>
          <AppDefaultValue>-1</AppDefaultValue>
          <OptionSetName>rbsm_yesnoblank</OptionSetName>
          <displaynames>
            <displayname description="Compliance Support Needed" languagecode="1033" />
          </displaynames>
          <Descriptions>
            <Description description="Compliance Support Needed" languagecode="1033" />
          </Descriptions>
        </attribute>
        <attribute PhysicalName="rbsm_ConnectionNetworkData">
          <Type>ntext</Type>
          <Name>rbsm_connectionnetworkdata</Name>
          <LogicalName>rbsm_connectionnetworkdata</LogicalName>
          <RequiredLevel>none</RequiredLevel>
          <DisplayMask>ValidForAdvancedFind|ValidForForm|ValidForGrid</DisplayMask>
          <ImeMode>auto</ImeMode>
          <ValidForUpdateApi>1</ValidForUpdateApi>
          <ValidForReadApi>1</ValidForReadApi>
          <ValidForCreateApi>1</ValidForCreateApi>
          <IsCustomField>1</IsCustomField>
          <IsAuditEnabled>1</IsAuditEnabled>
          <IsSecured>0</IsSecured>
          <IntroducedVersion>1.0.1.0</IntroducedVersion>
          <IsCustomizable>1</IsCustomizable>
          <IsRenameable>1</IsRenameable>
          <CanModifySearchSettings>1</CanModifySearchSettings>
          <CanModifyRequirementLevelSettings>1</CanModifyRequirementLevelSettings>
          <CanModifyAdditionalSettings>1</CanModifyAdditionalSettings>
          <Format></Format>
          <MaxLength>20000</MaxLength>
          <displaynames>
            <displayname description="Connection Network Data" languagecode="1033" />
          </displaynames>
          <Descriptions>
            <Description description="" languagecode="1033" />
          </Descriptions>
        </attribute>
        <attribute PhysicalName="rbsm_DESProduct">
          <Type>picklist</Type>
          <Name>rbsm_desproduct</Name>
          <LogicalName>rbsm_desproduct</LogicalName>
          <RequiredLevel>required</RequiredLevel>
          <DisplayMask>ValidForAdvancedFind|ValidForForm|ValidForGrid</DisplayMask>
          <ImeMode>auto</ImeMode>
          <ValidForUpdateApi>1</ValidForUpdateApi>
          <ValidForReadApi>1</ValidForReadApi>
          <ValidForCreateApi>1</ValidForCreateApi>
          <IsCustomField>1</IsCustomField>
          <IsAuditEnabled>1</IsAuditEnabled>
          <IsSecured>0</IsSecured>
          <IntroducedVersion>1.0.0.0</IntroducedVersion>
          <IsCustomizable>1</IsCustomizable>
          <IsRenameable>1</IsRenameable>
          <CanModifySearchSettings>1</CanModifySearchSettings>
          <CanModifyRequirementLevelSettings>1</CanModifyRequirementLevelSettings>
          <CanModifyAdditionalSettings>1</CanModifyAdditionalSettings>
          <AppDefaultValue>-1</AppDefaultValue>
          <OptionSetName>rbsm_desproduct</OptionSetName>
          <displaynames>
            <displayname description="DES Product" languagecode="1033" />
          </displaynames>
          <Descriptions>
            <Description description="" languagecode="1033" />
          </Descriptions>
        </attribute>
        <attribute PhysicalName="rbsm_EstBenefit">
          <Type>money</Type>
          <Name>rbsm_estbenefit</Name>
          <LogicalName>rbsm_estbenefit</LogicalName>
          <RequiredLevel>none</RequiredLevel>
          <DisplayMask>ValidForAdvancedFind|ValidForForm|ValidForGrid</DisplayMask>
          <ImeMode>auto</ImeMode>
          <ValidForUpdateApi>1</ValidForUpdateApi>
          <ValidForReadApi>1</ValidForReadApi>
          <ValidForCreateApi>1</ValidForCreateApi>
          <IsCustomField>1</IsCustomField>
          <IsAuditEnabled>1</IsAuditEnabled>
          <IsSecured>0</IsSecured>
          <IntroducedVersion>1.0.0.0</IntroducedVersion>
          <IsCustomizable>1</IsCustomizable>
          <IsRenameable>1</IsRenameable>
          <CanModifySearchSettings>1</CanModifySearchSettings>
          <CanModifyRequirementLevelSettings>1</CanModifyRequirementLevelSettings>
          <CanModifyAdditionalSettings>1</CanModifyAdditionalSettings>
          <MinValue>0</MinValue>
          <MaxValue>1000000000</MaxValue>
          <Accuracy>4</Accuracy>
          <AccuracySource>2</AccuracySource>
          <displaynames>
            <displayname description="Est. Benefit" languagecode="1033" />
          </displaynames>
          <Descriptions>
            <Description description="" languagecode="1033" />
          </Descriptions>
        </attribute>
        <attribute PhysicalName="rbsm_estbenefit_Base">
          <Type>money</Type>
          <Name>rbsm_estbenefit_base</Name>
          <LogicalName>rbsm_estbenefit_base</LogicalName>
          <RequiredLevel>none</RequiredLevel>
          <DisplayMask>ValidForAdvancedFind|ValidForForm|ValidForGrid</DisplayMask>
          <ImeMode>disabled</ImeMode>
          <ValidForReadApi>1</ValidForReadApi>
          <IsCustomField>1</IsCustomField>
          <IsAuditEnabled>1</IsAuditEnabled>
          <IsSecured>0</IsSecured>
          <IntroducedVersion>1.0.0.0</IntroducedVersion>
          <IsCustomizable>1</IsCustomizable>
          <IsRenameable>1</IsRenameable>
          <CanModifySearchSettings>1</CanModifySearchSettings>
          <CanModifyRequirementLevelSettings>1</CanModifyRequirementLevelSettings>
          <CanModifyAdditionalSettings>1</CanModifyAdditionalSettings>
          <MinValue>-922337203685477</MinValue>
          <MaxValue>922337203685477</MaxValue>
          <Accuracy>4</Accuracy>
          <AccuracySource>2</AccuracySource>
          <CalculationOf>rbsm_EstBenefit</CalculationOf>
          <displaynames>
            <displayname description="Est. Benefit (Base)" languagecode="1033" />
          </displaynames>
          <Descriptions>
            <Description description="Value of the Est. Benefit in base currency." languagecode="1033" />
          </Descriptions>
        </attribute>
        <attribute PhysicalName="rbsm_HeatScore">
          <Type>int</Type>
          <Name>rbsm_heatscore</Name>
          <LogicalName>rbsm_heatscore</LogicalName>
          <RequiredLevel>none</RequiredLevel>
          <DisplayMask>ValidForAdvancedFind|ValidForForm|ValidForGrid</DisplayMask>
          <ImeMode>auto</ImeMode>
          <ValidForUpdateApi>1</ValidForUpdateApi>
          <ValidForReadApi>1</ValidForReadApi>
          <ValidForCreateApi>1</ValidForCreateApi>
          <IsCustomField>1</IsCustomField>
          <IsAuditEnabled>1</IsAuditEnabled>
          <IsSecured>0</IsSecured>
          <IntroducedVersion>1.0.0.0</IntroducedVersion>
          <IsCustomizable>1</IsCustomizable>
          <IsRenameable>1</IsRenameable>
          <CanModifySearchSettings>1</CanModifySearchSettings>
          <CanModifyRequirementLevelSettings>1</CanModifyRequirementLevelSettings>
          <CanModifyAdditionalSettings>1</CanModifyAdditionalSettings>
          <Format></Format>
          <MinValue>0</MinValue>
          <MaxValue>10</MaxValue>
          <displaynames>
            <displayname description="Heat Score" languagecode="1033" />
          </displaynames>
          <Descriptions>
            <Description description="" languagecode="1033" />
          </Descriptions>
        </attribute>
        <attribute PhysicalName="rbsm_InfoSecSupportNeeded">
          <Type>picklist</Type>
          <Name>rbsm_infosecsupportneeded</Name>
          <LogicalName>rbsm_infosecsupportneeded</LogicalName>
          <RequiredLevel>none</RequiredLevel>
          <DisplayMask>ValidForAdvancedFind|ValidForForm|ValidForGrid</DisplayMask>
          <ImeMode>auto</ImeMode>
          <ValidForUpdateApi>1</ValidForUpdateApi>
          <ValidForReadApi>1</ValidForReadApi>
          <ValidForCreateApi>1</ValidForCreateApi>
          <IsCustomField>1</IsCustomField>
          <IsAuditEnabled>1</IsAuditEnabled>
          <IsSecured>0</IsSecured>
          <IntroducedVersion>1.0.0.0</IntroducedVersion>
          <IsCustomizable>1</IsCustomizable>
          <IsRenameable>1</IsRenameable>
          <CanModifySearchSettings>1</CanModifySearchSettings>
          <CanModifyRequirementLevelSettings>1</CanModifyRequirementLevelSettings>
          <CanModifyAdditionalSettings>1</CanModifyAdditionalSettings>
          <AppDefaultValue>-1</AppDefaultValue>
          <OptionSetName>rbsm_yesnoblank</OptionSetName>
          <displaynames>
            <displayname description="InfoSec Support Needed" languagecode="1033" />
          </displaynames>
          <Descriptions>
            <Description description="InfoSec Support Needed" languagecode="1033" />
          </Descriptions>
        </attribute>
        <attribute PhysicalName="rbsm_InFranchiseEngagementReport">
          <Type>bit</Type>
          <Name>rbsm_infranchiseengagementreport</Name>
          <LogicalName>rbsm_infranchiseengagementreport</LogicalName>
          <RequiredLevel>none</RequiredLevel>
          <DisplayMask>ValidForAdvancedFind|ValidForForm|ValidForGrid</DisplayMask>
          <ImeMode>auto</ImeMode>
          <ValidForUpdateApi>1</ValidForUpdateApi>
          <ValidForReadApi>1</ValidForReadApi>
          <ValidForCreateApi>1</ValidForCreateApi>
          <IsCustomField>1</IsCustomField>
          <IsAuditEnabled>1</IsAuditEnabled>
          <IsSecured>0</IsSecured>
          <IntroducedVersion>1.0.0.0</IntroducedVersion>
          <IsCustomizable>1</IsCustomizable>
          <IsRenameable>1</IsRenameable>
          <CanModifySearchSettings>1</CanModifySearchSettings>
          <CanModifyRequirementLevelSettings>1</CanModifyRequirementLevelSettings>
          <CanModifyAdditionalSettings>1</CanModifyAdditionalSettings>
          <AppDefaultValue>0</AppDefaultValue>
          <optionset Name="rbsm_opportunity_rbsm_infranchiseengagementreport">
            <OptionSetType>bit</OptionSetType>
            <IntroducedVersion>1.0.0.0</IntroducedVersion>
            <IsCustomizable>1</IsCustomizable>
            <displaynames>
              <displayname description="In Franchise Engagement Report" languagecode="1033" />
            </displaynames>
            <Descriptions>
              <Description description="" languagecode="1033" />
            </Descriptions>
            <options>
              <option value="0">
                <labels>
                  <label description="No" languagecode="1033" />
                </labels>
              </option>
              <option value="1">
                <labels>
                  <label description="Yes" languagecode="1033" />
                </labels>
              </option>
            </options>
          </optionset>
          <displaynames>
            <displayname description="In Franchise Engagement Report" languagecode="1033" />
          </displaynames>
          <Descriptions>
            <Description description="" languagecode="1033" />
          </Descriptions>
        </attribute>
        <attribute PhysicalName="rbsm_IsProjectInBudget">
          <Type>picklist</Type>
          <Name>rbsm_isprojectinbudget</Name>
          <LogicalName>rbsm_isprojectinbudget</LogicalName>
          <RequiredLevel>none</RequiredLevel>
          <DisplayMask>ValidForAdvancedFind|ValidForForm|ValidForGrid</DisplayMask>
          <ImeMode>auto</ImeMode>
          <ValidForUpdateApi>1</ValidForUpdateApi>
          <ValidForReadApi>1</ValidForReadApi>
          <ValidForCreateApi>1</ValidForCreateApi>
          <IsCustomField>1</IsCustomField>
          <IsAuditEnabled>1</IsAuditEnabled>
          <IsSecured>0</IsSecured>
          <IntroducedVersion>1.0.0.0</IntroducedVersion>
          <IsCustomizable>1</IsCustomizable>
          <IsRenameable>1</IsRenameable>
          <CanModifySearchSettings>1</CanModifySearchSettings>
          <CanModifyRequirementLevelSettings>1</CanModifyRequirementLevelSettings>
          <CanModifyAdditionalSettings>1</CanModifyAdditionalSettings>
          <AppDefaultValue>-1</AppDefaultValue>
          <OptionSetName>rbsm_yesnoblank</OptionSetName>
          <displaynames>
            <displayname description="Is Project In Budget" languagecode="1033" />
          </displaynames>
          <Descriptions>
            <Description description="Is the project in budget." languagecode="1033" />
          </Descriptions>
        </attribute>
        <attribute PhysicalName="rbsm_LegalSupportNeeded">
          <Type>picklist</Type>
          <Name>rbsm_legalsupportneeded</Name>
          <LogicalName>rbsm_legalsupportneeded</LogicalName>
          <RequiredLevel>none</RequiredLevel>
          <DisplayMask>ValidForAdvancedFind|ValidForForm|ValidForGrid</DisplayMask>
          <ImeMode>auto</ImeMode>
          <ValidForUpdateApi>1</ValidForUpdateApi>
          <ValidForReadApi>1</ValidForReadApi>
          <ValidForCreateApi>1</ValidForCreateApi>
          <IsCustomField>1</IsCustomField>
          <IsAuditEnabled>1</IsAuditEnabled>
          <IsSecured>0</IsSecured>
          <IntroducedVersion>1.0.0.0</IntroducedVersion>
          <IsCustomizable>1</IsCustomizable>
          <IsRenameable>1</IsRenameable>
          <CanModifySearchSettings>1</CanModifySearchSettings>
          <CanModifyRequirementLevelSettings>1</CanModifyRequirementLevelSettings>
          <CanModifyAdditionalSettings>1</CanModifyAdditionalSettings>
          <AppDefaultValue>-1</AppDefaultValue>
          <OptionSetName>rbsm_yesnoblank</OptionSetName>
          <displaynames>
            <displayname description="Legal Support Needed" languagecode="1033" />
          </displaynames>
          <Descriptions>
            <Description description="Legal Support Needed" languagecode="1033" />
          </Descriptions>
        </attribute>
        <attribute PhysicalName="rbsm_OpportunityBlocked">
          <Type>bit</Type>
          <Name>rbsm_opportunityblocked</Name>
          <LogicalName>rbsm_opportunityblocked</LogicalName>
          <RequiredLevel>none</RequiredLevel>
          <DisplayMask>ValidForAdvancedFind|ValidForForm|ValidForGrid</DisplayMask>
          <ImeMode>auto</ImeMode>
          <ValidForUpdateApi>1</ValidForUpdateApi>
          <ValidForReadApi>1</ValidForReadApi>
          <ValidForCreateApi>1</ValidForCreateApi>
          <IsCustomField>1</IsCustomField>
          <IsAuditEnabled>1</IsAuditEnabled>
          <IsSecured>0</IsSecured>
          <IntroducedVersion>1.0.0.0</IntroducedVersion>
          <IsCustomizable>1</IsCustomizable>
          <IsRenameable>1</IsRenameable>
          <CanModifySearchSettings>1</CanModifySearchSettings>
          <CanModifyRequirementLevelSettings>1</CanModifyRequirementLevelSettings>
          <CanModifyAdditionalSettings>1</CanModifyAdditionalSettings>
          <AppDefaultValue>0</AppDefaultValue>
          <optionset Name="rbsm_opportunity_rbsm_opportunityblocked">
            <OptionSetType>bit</OptionSetType>
            <IntroducedVersion>1.0.0.0</IntroducedVersion>
            <IsCustomizable>1</IsCustomizable>
            <displaynames>
              <displayname description="Opportunity Blocked" languagecode="1033" />
            </displaynames>
            <Descriptions>
              <Description description="" languagecode="1033" />
            </Descriptions>
            <options>
              <option value="0">
                <labels>
                  <label description="No" languagecode="1033" />
                </labels>
              </option>
              <option value="1">
                <labels>
                  <label description="Yes" languagecode="1033" />
                </labels>
              </option>
            </options>
          </optionset>
          <displaynames>
            <displayname description="Opportunity Blocked" languagecode="1033" />
          </displaynames>
          <Descriptions>
            <Description description="" languagecode="1033" />
          </Descriptions>
        </attribute>
        <attribute PhysicalName="rbsm_OpportunitySource">
          <Type>picklist</Type>
          <Name>rbsm_opportunitysource</Name>
          <LogicalName>rbsm_opportunitysource</LogicalName>
          <RequiredLevel>none</RequiredLevel>
          <DisplayMask>ValidForAdvancedFind|ValidForForm|ValidForGrid</DisplayMask>
          <ImeMode>auto</ImeMode>
          <ValidForUpdateApi>1</ValidForUpdateApi>
          <ValidForReadApi>1</ValidForReadApi>
          <ValidForCreateApi>1</ValidForCreateApi>
          <IsCustomField>1</IsCustomField>
          <IsAuditEnabled>1</IsAuditEnabled>
          <IsSecured>0</IsSecured>
          <IntroducedVersion>1.0.0.0</IntroducedVersion>
          <IsCustomizable>1</IsCustomizable>
          <IsRenameable>1</IsRenameable>
          <CanModifySearchSettings>1</CanModifySearchSettings>
          <CanModifyRequirementLevelSettings>1</CanModifyRequirementLevelSettings>
          <CanModifyAdditionalSettings>1</CanModifyAdditionalSettings>
          <AppDefaultValue>-1</AppDefaultValue>
          <optionset Name="rbsm_opportunity_rbsm_opportunitysource">
            <OptionSetType>picklist</OptionSetType>
            <IntroducedVersion>1.0.0.0</IntroducedVersion>
            <IsCustomizable>1</IsCustomizable>
            <displaynames>
              <displayname description="Opportunity Source" languagecode="1033" />
            </displaynames>
            <Descriptions>
              <Description description="" languagecode="1033" />
            </Descriptions>
            <options>
              <option value="100000000">
                <labels>
                  <label description="Internal Referral" languagecode="1033" />
                </labels>
              </option>
              <option value="100000003">
                <labels>
                  <label description="Mandated Channel Enabler Project" languagecode="1033" />
                </labels>
              </option>
              <option value="100000001">
                <labels>
                  <label description="Referred From Another Partner" languagecode="1033" />
                </labels>
              </option>
              <option value="100000002">
                <labels>
                  <label description="Self Discovery" languagecode="1033" />
                </labels>
              </option>
              <option value="337340000">
                <labels>
                  <label description="Techstock" languagecode="1033" />
                </labels>
              </option>
            </options>
          </optionset>
          <displaynames>
            <displayname description="Opportunity Source" languagecode="1033" />
          </displaynames>
          <Descriptions>
            <Description description="" languagecode="1033" />
          </Descriptions>
        </attribute>
        <attribute PhysicalName="rbsm_PlanViewProjectId">
          <Type>nvarchar</Type>
          <Name>rbsm_planviewprojectid</Name>
          <LogicalName>rbsm_planviewprojectid</LogicalName>
          <RequiredLevel>none</RequiredLevel>
          <DisplayMask>ValidForAdvancedFind|ValidForForm|ValidForGrid</DisplayMask>
          <ImeMode>auto</ImeMode>
          <ValidForUpdateApi>1</ValidForUpdateApi>
          <ValidForReadApi>1</ValidForReadApi>
          <ValidForCreateApi>1</ValidForCreateApi>
          <IsCustomField>1</IsCustomField>
          <IsAuditEnabled>1</IsAuditEnabled>
          <IsSecured>0</IsSecured>
          <IntroducedVersion>1.0.0.0</IntroducedVersion>
          <IsCustomizable>1</IsCustomizable>
          <IsRenameable>1</IsRenameable>
          <CanModifySearchSettings>1</CanModifySearchSettings>
          <CanModifyRequirementLevelSettings>1</CanModifyRequirementLevelSettings>
          <CanModifyAdditionalSettings>1</CanModifyAdditionalSettings>
          <Format>text</Format>
          <MaxLength>100</MaxLength>
          <Length>200</Length>
          <displaynames>
            <displayname description="PlanView Project Id" languagecode="1033" />
          </displaynames>
          <Descriptions>
            <Description description="" languagecode="1033" />
          </Descriptions>
        </attribute>
        <attribute PhysicalName="rbsm_POCPOVProgress">
          <Type>picklist</Type>
          <Name>rbsm_pocpovprogress</Name>
          <LogicalName>rbsm_pocpovprogress</LogicalName>
          <RequiredLevel>none</RequiredLevel>
          <DisplayMask>ValidForAdvancedFind|ValidForForm|ValidForGrid</DisplayMask>
          <ImeMode>auto</ImeMode>
          <ValidForUpdateApi>1</ValidForUpdateApi>
          <ValidForReadApi>1</ValidForReadApi>
          <ValidForCreateApi>1</ValidForCreateApi>
          <IsCustomField>1</IsCustomField>
          <IsAuditEnabled>1</IsAuditEnabled>
          <IsSecured>0</IsSecured>
          <IntroducedVersion>1.0.0.0</IntroducedVersion>
          <IsCustomizable>1</IsCustomizable>
          <IsRenameable>1</IsRenameable>
          <CanModifySearchSettings>1</CanModifySearchSettings>
          <CanModifyRequirementLevelSettings>1</CanModifyRequirementLevelSettings>
          <CanModifyAdditionalSettings>1</CanModifyAdditionalSettings>
          <AppDefaultValue>-1</AppDefaultValue>
          <optionset Name="rbsm_opportunity_rbsm_pocpovprogress">
            <OptionSetType>picklist</OptionSetType>
            <IntroducedVersion>1.0.0.0</IntroducedVersion>
            <IsCustomizable>1</IsCustomizable>
            <displaynames>
              <displayname description="POC/POV Progress" languagecode="1033" />
            </displaynames>
            <Descriptions>
              <Description description="" languagecode="1033" />
            </Descriptions>
            <options>
              <option value="337340000">
                <labels>
                  <label description="N/A" languagecode="1033" />
                </labels>
              </option>
              <option value="337340001">
                <labels>
                  <label description="In Progress" languagecode="1033" />
                </labels>
              </option>
              <option value="337340002">
                <labels>
                  <label description="Completed" languagecode="1033" />
                </labels>
              </option>
            </options>
          </optionset>
          <displaynames>
            <displayname description="POC/POV Underway" languagecode="1033" />
          </displaynames>
          <Descriptions>
            <Description description="" languagecode="1033" />
          </Descriptions>
        </attribute>
        <attribute PhysicalName="rbsm_POCRequired">
          <Type>picklist</Type>
          <Name>rbsm_pocrequired</Name>
          <LogicalName>rbsm_pocrequired</LogicalName>
          <RequiredLevel>none</RequiredLevel>
          <DisplayMask>ValidForAdvancedFind|ValidForForm|ValidForGrid</DisplayMask>
          <ImeMode>auto</ImeMode>
          <ValidForUpdateApi>1</ValidForUpdateApi>
          <ValidForReadApi>1</ValidForReadApi>
          <ValidForCreateApi>1</ValidForCreateApi>
          <IsCustomField>1</IsCustomField>
          <IsAuditEnabled>1</IsAuditEnabled>
          <IsSecured>0</IsSecured>
          <IntroducedVersion>1.0.0.0</IntroducedVersion>
          <IsCustomizable>1</IsCustomizable>
          <IsRenameable>1</IsRenameable>
          <CanModifySearchSettings>1</CanModifySearchSettings>
          <CanModifyRequirementLevelSettings>1</CanModifyRequirementLevelSettings>
          <CanModifyAdditionalSettings>1</CanModifyAdditionalSettings>
          <AppDefaultValue>-1</AppDefaultValue>
          <OptionSetName>rbsm_yesnoblank</OptionSetName>
          <displaynames>
            <displayname description="POC Required" languagecode="1033" />
          </displaynames>
          <Descriptions>
            <Description description="Is a POC required." languagecode="1033" />
          </Descriptions>
        </attribute>
        <attribute PhysicalName="rbsm_PotentialCustomerNumbersUpside">
          <Type>int</Type>
          <Name>rbsm_potentialcustomernumbersupside</Name>
          <LogicalName>rbsm_potentialcustomernumbersupside</LogicalName>
          <RequiredLevel>none</RequiredLevel>
          <DisplayMask>ValidForAdvancedFind|ValidForForm|ValidForGrid</DisplayMask>
          <ImeMode>auto</ImeMode>
          <ValidForUpdateApi>1</ValidForUpdateApi>
          <ValidForReadApi>1</ValidForReadApi>
          <ValidForCreateApi>1</ValidForCreateApi>
          <IsCustomField>1</IsCustomField>
          <IsAuditEnabled>1</IsAuditEnabled>
          <IsSecured>0</IsSecured>
          <IntroducedVersion>1.0.0.0</IntroducedVersion>
          <IsCustomizable>1</IsCustomizable>
          <IsRenameable>1</IsRenameable>
          <CanModifySearchSettings>1</CanModifySearchSettings>
          <CanModifyRequirementLevelSettings>1</CanModifyRequirementLevelSettings>
          <CanModifyAdditionalSettings>1</CanModifyAdditionalSettings>
          <Format></Format>
          <MinValue>0</MinValue>
          <MaxValue>2147483647</MaxValue>
          <displaynames>
            <displayname description="Potential Customer Numbers Upside" languagecode="1033" />
          </displaynames>
          <Descriptions>
            <Description description="" languagecode="1033" />
          </Descriptions>
        </attribute>
        <attribute PhysicalName="rbsm_PotentialRevenueUpside">
          <Type>money</Type>
          <Name>rbsm_potentialrevenueupside</Name>
          <LogicalName>rbsm_potentialrevenueupside</LogicalName>
          <RequiredLevel>none</RequiredLevel>
          <DisplayMask>ValidForAdvancedFind|ValidForForm|ValidForGrid</DisplayMask>
          <ImeMode>auto</ImeMode>
          <ValidForUpdateApi>1</ValidForUpdateApi>
          <ValidForReadApi>1</ValidForReadApi>
          <ValidForCreateApi>1</ValidForCreateApi>
          <IsCustomField>1</IsCustomField>
          <IsAuditEnabled>1</IsAuditEnabled>
          <IsSecured>0</IsSecured>
          <IntroducedVersion>1.0.0.0</IntroducedVersion>
          <IsCustomizable>1</IsCustomizable>
          <IsRenameable>1</IsRenameable>
          <CanModifySearchSettings>1</CanModifySearchSettings>
          <CanModifyRequirementLevelSettings>1</CanModifyRequirementLevelSettings>
          <CanModifyAdditionalSettings>1</CanModifyAdditionalSettings>
          <MinValue>0</MinValue>
          <MaxValue>1000000000</MaxValue>
          <Accuracy>4</Accuracy>
          <AccuracySource>2</AccuracySource>
          <displaynames>
            <displayname description="Potential Revenue Upside" languagecode="1033" />
          </displaynames>
          <Descriptions>
            <Description description="" languagecode="1033" />
          </Descriptions>
        </attribute>
        <attribute PhysicalName="rbsm_potentialrevenueupside_Base">
          <Type>money</Type>
          <Name>rbsm_potentialrevenueupside_base</Name>
          <LogicalName>rbsm_potentialrevenueupside_base</LogicalName>
          <RequiredLevel>none</RequiredLevel>
          <DisplayMask>ValidForAdvancedFind|ValidForForm|ValidForGrid</DisplayMask>
          <ImeMode>disabled</ImeMode>
          <ValidForReadApi>1</ValidForReadApi>
          <IsCustomField>1</IsCustomField>
          <IsAuditEnabled>1</IsAuditEnabled>
          <IsSecured>0</IsSecured>
          <IntroducedVersion>1.0.0.0</IntroducedVersion>
          <IsCustomizable>1</IsCustomizable>
          <IsRenameable>1</IsRenameable>
          <CanModifySearchSettings>1</CanModifySearchSettings>
          <CanModifyRequirementLevelSettings>1</CanModifyRequirementLevelSettings>
          <CanModifyAdditionalSettings>1</CanModifyAdditionalSettings>
          <MinValue>-922337203685477</MinValue>
          <MaxValue>922337203685477</MaxValue>
          <Accuracy>4</Accuracy>
          <AccuracySource>2</AccuracySource>
          <CalculationOf>rbsm_PotentialRevenueUpside</CalculationOf>
          <displaynames>
            <displayname description="Potential Revenue Upside (Base)" languagecode="1033" />
          </displaynames>
          <Descriptions>
            <Description description="Value of the Potential Revenue Upside in base currency." languagecode="1033" />
          </Descriptions>
        </attribute>
        <attribute PhysicalName="rbsm_ProcessToCloseUnderstood">
          <Type>picklist</Type>
          <Name>rbsm_processtocloseunderstood</Name>
          <LogicalName>rbsm_processtocloseunderstood</LogicalName>
          <RequiredLevel>none</RequiredLevel>
          <DisplayMask>ValidForAdvancedFind|ValidForForm|ValidForGrid</DisplayMask>
          <ImeMode>auto</ImeMode>
          <ValidForUpdateApi>1</ValidForUpdateApi>
          <ValidForReadApi>1</ValidForReadApi>
          <ValidForCreateApi>1</ValidForCreateApi>
          <IsCustomField>1</IsCustomField>
          <IsAuditEnabled>1</IsAuditEnabled>
          <IsSecured>0</IsSecured>
          <IntroducedVersion>1.0.0.0</IntroducedVersion>
          <IsCustomizable>1</IsCustomizable>
          <IsRenameable>1</IsRenameable>
          <CanModifySearchSettings>1</CanModifySearchSettings>
          <CanModifyRequirementLevelSettings>1</CanModifyRequirementLevelSettings>
          <CanModifyAdditionalSettings>1</CanModifyAdditionalSettings>
          <AppDefaultValue>-1</AppDefaultValue>
          <OptionSetName>rbsm_yesnoblank</OptionSetName>
          <displaynames>
            <displayname description="Process To Close Understood" languagecode="1033" />
          </displaynames>
          <Descriptions>
            <Description description="Process/Steps To Close Understood" languagecode="1033" />
          </Descriptions>
        </attribute>
        <attribute PhysicalName="rbsm_ProjectScopeAgreed">
          <Type>bit</Type>
          <Name>rbsm_projectscopeagreed</Name>
          <LogicalName>rbsm_projectscopeagreed</LogicalName>
          <RequiredLevel>none</RequiredLevel>
          <DisplayMask>ValidForAdvancedFind|ValidForForm|ValidForGrid</DisplayMask>
          <ImeMode>auto</ImeMode>
          <ValidForUpdateApi>1</ValidForUpdateApi>
          <ValidForReadApi>1</ValidForReadApi>
          <ValidForCreateApi>1</ValidForCreateApi>
          <IsCustomField>1</IsCustomField>
          <IsAuditEnabled>1</IsAuditEnabled>
          <IsSecured>0</IsSecured>
          <IntroducedVersion>1.0.0.0</IntroducedVersion>
          <IsCustomizable>1</IsCustomizable>
          <IsRenameable>1</IsRenameable>
          <CanModifySearchSettings>1</CanModifySearchSettings>
          <CanModifyRequirementLevelSettings>1</CanModifyRequirementLevelSettings>
          <CanModifyAdditionalSettings>1</CanModifyAdditionalSettings>
          <AppDefaultValue>0</AppDefaultValue>
          <optionset Name="rbsm_opportunity_rbsm_projectscopeagreed">
            <OptionSetType>bit</OptionSetType>
            <IntroducedVersion>1.0.0.0</IntroducedVersion>
            <IsCustomizable>1</IsCustomizable>
            <displaynames>
              <displayname description="Project Scope Agreed" languagecode="1033" />
            </displaynames>
            <Descriptions>
              <Description description="" languagecode="1033" />
            </Descriptions>
            <options>
              <option value="0">
                <labels>
                  <label description="In Progress" languagecode="1033" />
                </labels>
              </option>
              <option value="1">
                <labels>
                  <label description="Agreed" languagecode="1033" />
                </labels>
              </option>
            </options>
          </optionset>
          <displaynames>
            <displayname description="Project Scope Agreed" languagecode="1033" />
          </displaynames>
          <Descriptions>
            <Description description="" languagecode="1033" />
          </Descriptions>
        </attribute>
        <attribute PhysicalName="rbsm_QualifiedatSalesMeeting">
          <Type>bit</Type>
          <Name>rbsm_qualifiedatsalesmeeting</Name>
          <LogicalName>rbsm_qualifiedatsalesmeeting</LogicalName>
          <RequiredLevel>none</RequiredLevel>
          <DisplayMask>ValidForAdvancedFind|ValidForForm|ValidForGrid</DisplayMask>
          <ImeMode>auto</ImeMode>
          <ValidForUpdateApi>1</ValidForUpdateApi>
          <ValidForReadApi>1</ValidForReadApi>
          <ValidForCreateApi>1</ValidForCreateApi>
          <IsCustomField>1</IsCustomField>
          <IsAuditEnabled>1</IsAuditEnabled>
          <IsSecured>0</IsSecured>
          <IntroducedVersion>1.0.0.0</IntroducedVersion>
          <IsCustomizable>1</IsCustomizable>
          <IsRenameable>1</IsRenameable>
          <CanModifySearchSettings>1</CanModifySearchSettings>
          <CanModifyRequirementLevelSettings>1</CanModifyRequirementLevelSettings>
          <CanModifyAdditionalSettings>1</CanModifyAdditionalSettings>
          <AppDefaultValue>0</AppDefaultValue>
          <optionset Name="rbsm_opportunity_rbsm_qualifiedatsalesmeeting">
            <OptionSetType>bit</OptionSetType>
            <IntroducedVersion>1.0.0.0</IntroducedVersion>
            <IsCustomizable>1</IsCustomizable>
            <displaynames>
              <displayname description="Qualified at Sales Meeting" languagecode="1033" />
            </displaynames>
            <Descriptions>
              <Description description="" languagecode="1033" />
            </Descriptions>
            <options>
              <option value="0">
                <labels>
                  <label description="No" languagecode="1033" />
                </labels>
              </option>
              <option value="1">
                <labels>
                  <label description="Yes" languagecode="1033" />
                </labels>
              </option>
            </options>
          </optionset>
          <displaynames>
            <displayname description="Qualified at Sales Meeting" languagecode="1033" />
          </displaynames>
          <Descriptions>
            <Description description="" languagecode="1033" />
          </Descriptions>
        </attribute>
        <attribute PhysicalName="rbsm_QuoteDelivered">
          <Type>bit</Type>
          <Name>rbsm_quotedelivered</Name>
          <LogicalName>rbsm_quotedelivered</LogicalName>
          <RequiredLevel>none</RequiredLevel>
          <DisplayMask>ValidForAdvancedFind|ValidForForm|ValidForGrid</DisplayMask>
          <ImeMode>auto</ImeMode>
          <ValidForUpdateApi>1</ValidForUpdateApi>
          <ValidForReadApi>1</ValidForReadApi>
          <ValidForCreateApi>1</ValidForCreateApi>
          <IsCustomField>1</IsCustomField>
          <IsAuditEnabled>1</IsAuditEnabled>
          <IsSecured>0</IsSecured>
          <IntroducedVersion>1.0.0.0</IntroducedVersion>
          <IsCustomizable>1</IsCustomizable>
          <IsRenameable>1</IsRenameable>
          <CanModifySearchSettings>1</CanModifySearchSettings>
          <CanModifyRequirementLevelSettings>1</CanModifyRequirementLevelSettings>
          <CanModifyAdditionalSettings>1</CanModifyAdditionalSettings>
          <AppDefaultValue>0</AppDefaultValue>
          <optionset Name="rbsm_opportunity_rbsm_quotedelivered">
            <OptionSetType>bit</OptionSetType>
            <IntroducedVersion>1.0.0.0</IntroducedVersion>
            <IsCustomizable>1</IsCustomizable>
            <displaynames>
              <displayname description="Quote Delivered" languagecode="1033" />
            </displaynames>
            <Descriptions>
              <Description description="Quote Delivered" languagecode="1033" />
            </Descriptions>
            <options>
              <option value="0">
                <labels>
                  <label description="No" languagecode="1033" />
                </labels>
              </option>
              <option value="1">
                <labels>
                  <label description="Yes" languagecode="1033" />
                </labels>
              </option>
            </options>
          </optionset>
          <displaynames>
            <displayname description="Quote Delivered" languagecode="1033" />
          </displaynames>
          <Descriptions>
            <Description description="Quote Delivered" languagecode="1033" />
          </Descriptions>
        </attribute>
        <attribute PhysicalName="rbsm_ShareofWallet">
          <Type>float</Type>
          <Name>rbsm_shareofwallet</Name>
          <LogicalName>rbsm_shareofwallet</LogicalName>
          <RequiredLevel>none</RequiredLevel>
          <DisplayMask>ValidForAdvancedFind|ValidForForm|ValidForGrid</DisplayMask>
          <ImeMode>auto</ImeMode>
          <ValidForUpdateApi>1</ValidForUpdateApi>
          <ValidForReadApi>1</ValidForReadApi>
          <ValidForCreateApi>1</ValidForCreateApi>
          <IsCustomField>1</IsCustomField>
          <IsAuditEnabled>1</IsAuditEnabled>
          <IsSecured>0</IsSecured>
          <IntroducedVersion>1.0.0.0</IntroducedVersion>
          <IsCustomizable>1</IsCustomizable>
          <IsRenameable>1</IsRenameable>
          <CanModifySearchSettings>1</CanModifySearchSettings>
          <CanModifyRequirementLevelSettings>1</CanModifyRequirementLevelSettings>
          <CanModifyAdditionalSettings>1</CanModifyAdditionalSettings>
          <MinValue>0</MinValue>
          <MaxValue>100</MaxValue>
          <Accuracy>2</Accuracy>
          <displaynames>
            <displayname description="Est. Share of Wallet" languagecode="1033" />
          </displaynames>
          <Descriptions>
            <Description description="" languagecode="1033" />
          </Descriptions>
        </attribute>
        <attribute PhysicalName="rbsm_SolutionAccepted">
          <Type>bit</Type>
          <Name>rbsm_solutionaccepted</Name>
          <LogicalName>rbsm_solutionaccepted</LogicalName>
          <RequiredLevel>none</RequiredLevel>
          <DisplayMask>ValidForAdvancedFind|ValidForForm|ValidForGrid</DisplayMask>
          <ImeMode>auto</ImeMode>
          <ValidForUpdateApi>1</ValidForUpdateApi>
          <ValidForReadApi>1</ValidForReadApi>
          <ValidForCreateApi>1</ValidForCreateApi>
          <IsCustomField>1</IsCustomField>
          <IsAuditEnabled>1</IsAuditEnabled>
          <IsSecured>0</IsSecured>
          <IntroducedVersion>1.0.0.0</IntroducedVersion>
          <IsCustomizable>1</IsCustomizable>
          <IsRenameable>1</IsRenameable>
          <CanModifySearchSettings>1</CanModifySearchSettings>
          <CanModifyRequirementLevelSettings>1</CanModifyRequirementLevelSettings>
          <CanModifyAdditionalSettings>1</CanModifyAdditionalSettings>
          <AppDefaultValue>0</AppDefaultValue>
          <optionset Name="rbsm_opportunity_rbsm_solutionaccepted">
            <OptionSetType>bit</OptionSetType>
            <IntroducedVersion>1.0.0.0</IntroducedVersion>
            <IsCustomizable>1</IsCustomizable>
            <displaynames>
              <displayname description="Solution Accepted" languagecode="1033" />
            </displaynames>
            <Descriptions>
              <Description description="Solution Accepted" languagecode="1033" />
            </Descriptions>
            <options>
              <option value="0">
                <labels>
                  <label description="No" languagecode="1033" />
                </labels>
              </option>
              <option value="1">
                <labels>
                  <label description="Yes" languagecode="1033" />
                </labels>
              </option>
            </options>
          </optionset>
          <displaynames>
            <displayname description="Solution Accepted" languagecode="1033" />
          </displaynames>
          <Descriptions>
            <Description description="Solution Accepted" languagecode="1033" />
          </Descriptions>
        </attribute>
        <attribute PhysicalName="rbsm_SourcingSupportNeeded">
          <Type>picklist</Type>
          <Name>rbsm_sourcingsupportneeded</Name>
          <LogicalName>rbsm_sourcingsupportneeded</LogicalName>
          <RequiredLevel>none</RequiredLevel>
          <DisplayMask>ValidForAdvancedFind|ValidForForm|ValidForGrid</DisplayMask>
          <ImeMode>auto</ImeMode>
          <ValidForUpdateApi>1</ValidForUpdateApi>
          <ValidForReadApi>1</ValidForReadApi>
          <ValidForCreateApi>1</ValidForCreateApi>
          <IsCustomField>1</IsCustomField>
          <IsAuditEnabled>1</IsAuditEnabled>
          <IsSecured>0</IsSecured>
          <IntroducedVersion>1.0.0.0</IntroducedVersion>
          <IsCustomizable>1</IsCustomizable>
          <IsRenameable>1</IsRenameable>
          <CanModifySearchSettings>1</CanModifySearchSettings>
          <CanModifyRequirementLevelSettings>1</CanModifyRequirementLevelSettings>
          <CanModifyAdditionalSettings>1</CanModifyAdditionalSettings>
          <AppDefaultValue>-1</AppDefaultValue>
          <OptionSetName>rbsm_yesnoblank</OptionSetName>
          <displaynames>
            <displayname description="Sourcing Support Needed" languagecode="1033" />
          </displaynames>
          <Descriptions>
            <Description description="Sourcing Support Needed" languagecode="1033" />
          </Descriptions>
        </attribute>
        <attribute PhysicalName="rbsm_StatusAndNextAction">
          <Type>ntext</Type>
          <Name>rbsm_statusandnextaction</Name>
          <LogicalName>rbsm_statusandnextaction</LogicalName>
          <RequiredLevel>none</RequiredLevel>
          <DisplayMask>ValidForAdvancedFind|ValidForForm|ValidForGrid</DisplayMask>
          <ImeMode>auto</ImeMode>
          <ValidForUpdateApi>1</ValidForUpdateApi>
          <ValidForReadApi>1</ValidForReadApi>
          <ValidForCreateApi>1</ValidForCreateApi>
          <IsCustomField>1</IsCustomField>
          <IsAuditEnabled>1</IsAuditEnabled>
          <IsSecured>0</IsSecured>
          <IntroducedVersion>1.0.0.0</IntroducedVersion>
          <IsCustomizable>1</IsCustomizable>
          <IsRenameable>1</IsRenameable>
          <CanModifySearchSettings>1</CanModifySearchSettings>
          <CanModifyRequirementLevelSettings>1</CanModifyRequirementLevelSettings>
          <CanModifyAdditionalSettings>1</CanModifyAdditionalSettings>
          <Format></Format>
          <MaxLength>2000</MaxLength>
          <displaynames>
            <displayname description="Status and Next Action" languagecode="1033" />
          </displaynames>
          <Descriptions>
            <Description description="What is happening with this opportunity, and what is the next step?" languagecode="1033" />
          </Descriptions>
        </attribute>
        <attribute PhysicalName="rbsm_TargetCustomerNumber">
          <Type>int</Type>
          <Name>rbsm_targetcustomernumber</Name>
          <LogicalName>rbsm_targetcustomernumber</LogicalName>
          <RequiredLevel>recommended</RequiredLevel>
          <DisplayMask>ValidForAdvancedFind|ValidForForm|ValidForGrid</DisplayMask>
          <ImeMode>auto</ImeMode>
          <ValidForUpdateApi>1</ValidForUpdateApi>
          <ValidForReadApi>1</ValidForReadApi>
          <ValidForCreateApi>1</ValidForCreateApi>
          <IsCustomField>1</IsCustomField>
          <IsAuditEnabled>1</IsAuditEnabled>
          <IsSecured>0</IsSecured>
          <IntroducedVersion>1.0.1.0</IntroducedVersion>
          <IsCustomizable>1</IsCustomizable>
          <IsRenameable>1</IsRenameable>
          <CanModifySearchSettings>1</CanModifySearchSettings>
          <CanModifyRequirementLevelSettings>1</CanModifyRequirementLevelSettings>
          <CanModifyAdditionalSettings>1</CanModifyAdditionalSettings>
          <Format></Format>
          <MinValue>0</MinValue>
          <MaxValue>2147483647</MaxValue>
          <displaynames>
            <displayname description="Target Customer Number" languagecode="1033" />
          </displaynames>
          <Descriptions>
            <Description description="" languagecode="1033" />
          </Descriptions>
        </attribute>
        <attribute PhysicalName="rbsm_TargetCustomerNumbers">
          <Type>picklist</Type>
          <Name>rbsm_targetcustomernumbers</Name>
          <LogicalName>rbsm_targetcustomernumbers</LogicalName>
          <RequiredLevel>recommended</RequiredLevel>
          <DisplayMask>ValidForAdvancedFind|ValidForForm|ValidForGrid</DisplayMask>
          <ImeMode>auto</ImeMode>
          <ValidForUpdateApi>1</ValidForUpdateApi>
          <ValidForReadApi>1</ValidForReadApi>
          <ValidForCreateApi>1</ValidForCreateApi>
          <IsCustomField>1</IsCustomField>
          <IsAuditEnabled>1</IsAuditEnabled>
          <IsSecured>0</IsSecured>
          <IntroducedVersion>1.0.0.0</IntroducedVersion>
          <IsCustomizable>1</IsCustomizable>
          <IsRenameable>1</IsRenameable>
          <CanModifySearchSettings>1</CanModifySearchSettings>
          <CanModifyRequirementLevelSettings>1</CanModifyRequirementLevelSettings>
          <CanModifyAdditionalSettings>1</CanModifyAdditionalSettings>
          <AppDefaultValue>-1</AppDefaultValue>
          <optionset Name="rbsm_opportunity_rbsm_targetcustomernumbers">
            <OptionSetType>picklist</OptionSetType>
            <IntroducedVersion>1.0.0.0</IntroducedVersion>
            <IsCustomizable>1</IsCustomizable>
            <displaynames>
              <displayname description="Target Customer Numbers" languagecode="1033" />
            </displaynames>
            <Descriptions>
              <Description description="" languagecode="1033" />
            </Descriptions>
            <options>
              <option value="337340000">
                <labels>
                  <label description="1 - 50" languagecode="1033" />
                </labels>
              </option>
              <option value="337340001">
                <labels>
                  <label description="50 - 250" languagecode="1033" />
                </labels>
              </option>
              <option value="337340002">
                <labels>
                  <label description="250 - 1000" languagecode="1033" />
                </labels>
              </option>
              <option value="337340003">
                <labels>
                  <label description="1000 - 5000" languagecode="1033" />
                </labels>
              </option>
              <option value="337340004">
                <labels>
                  <label description="5000 +" languagecode="1033" />
                </labels>
              </option>
            </options>
          </optionset>
          <displaynames>
            <displayname description="Target Customer Numbers" languagecode="1033" />
          </displaynames>
          <Descriptions>
            <Description description="" languagecode="1033" />
          </Descriptions>
        </attribute>
        <attribute PhysicalName="rbsm_ValuePropositionArticulated">
          <Type>picklist</Type>
          <Name>rbsm_valuepropositionarticulated</Name>
          <LogicalName>rbsm_valuepropositionarticulated</LogicalName>
          <RequiredLevel>none</RequiredLevel>
          <DisplayMask>ValidForAdvancedFind|ValidForForm|ValidForGrid</DisplayMask>
          <ImeMode>auto</ImeMode>
          <ValidForUpdateApi>1</ValidForUpdateApi>
          <ValidForReadApi>1</ValidForReadApi>
          <ValidForCreateApi>1</ValidForCreateApi>
          <IsCustomField>1</IsCustomField>
          <IsAuditEnabled>1</IsAuditEnabled>
          <IsSecured>0</IsSecured>
          <IntroducedVersion>1.0.0.0</IntroducedVersion>
          <IsCustomizable>1</IsCustomizable>
          <IsRenameable>1</IsRenameable>
          <CanModifySearchSettings>1</CanModifySearchSettings>
          <CanModifyRequirementLevelSettings>1</CanModifyRequirementLevelSettings>
          <CanModifyAdditionalSettings>1</CanModifyAdditionalSettings>
          <AppDefaultValue>-1</AppDefaultValue>
          <OptionSetName>rbsm_yesnoblank</OptionSetName>
          <displaynames>
            <displayname description="Value Proposition Articulated" languagecode="1033" />
          </displaynames>
          <Descriptions>
            <Description description="Value Proposition Articulated" languagecode="1033" />
          </Descriptions>
        </attribute>
        <attribute PhysicalName="rbsm_WinStrategy">
          <Type>ntext</Type>
          <Name>rbsm_winstrategy</Name>
          <LogicalName>rbsm_winstrategy</LogicalName>
          <RequiredLevel>none</RequiredLevel>
          <DisplayMask>ValidForAdvancedFind|ValidForForm|ValidForGrid</DisplayMask>
          <ImeMode>auto</ImeMode>
          <ValidForUpdateApi>1</ValidForUpdateApi>
          <ValidForReadApi>1</ValidForReadApi>
          <ValidForCreateApi>1</ValidForCreateApi>
          <IsCustomField>1</IsCustomField>
          <IsAuditEnabled>1</IsAuditEnabled>
          <IsSecured>0</IsSecured>
          <IntroducedVersion>1.0.0.0</IntroducedVersion>
          <IsCustomizable>1</IsCustomizable>
          <IsRenameable>1</IsRenameable>
          <CanModifySearchSettings>1</CanModifySearchSettings>
          <CanModifyRequirementLevelSettings>1</CanModifyRequirementLevelSettings>
          <CanModifyAdditionalSettings>1</CanModifyAdditionalSettings>
          <Format></Format>
          <MaxLength>2000</MaxLength>
          <displaynames>
            <displayname description="Win Strategy" languagecode="1033" />
          </displaynames>
          <Descriptions>
            <Description description="How are we going to persuade the decision makers that our solution is superior to the competition? Describe unique differentiators." languagecode="1033" />
          </Descriptions>
        </attribute>
        <attribute PhysicalName="rbsm_WorkshopRequiredCompleted">
          <Type>picklist</Type>
          <Name>rbsm_workshoprequiredcompleted</Name>
          <LogicalName>rbsm_workshoprequiredcompleted</LogicalName>
          <RequiredLevel>none</RequiredLevel>
          <DisplayMask>ValidForAdvancedFind|ValidForForm|ValidForGrid</DisplayMask>
          <ImeMode>auto</ImeMode>
          <ValidForUpdateApi>1</ValidForUpdateApi>
          <ValidForReadApi>1</ValidForReadApi>
          <ValidForCreateApi>1</ValidForCreateApi>
          <IsCustomField>1</IsCustomField>
          <IsAuditEnabled>1</IsAuditEnabled>
          <IsSecured>0</IsSecured>
          <IntroducedVersion>1.0.0.0</IntroducedVersion>
          <IsCustomizable>1</IsCustomizable>
          <IsRenameable>1</IsRenameable>
          <CanModifySearchSettings>1</CanModifySearchSettings>
          <CanModifyRequirementLevelSettings>1</CanModifyRequirementLevelSettings>
          <CanModifyAdditionalSettings>1</CanModifyAdditionalSettings>
          <AppDefaultValue>-1</AppDefaultValue>
          <OptionSetName>rbsm_yesnoblank</OptionSetName>
          <displaynames>
            <displayname description="Workshop Required/Completed" languagecode="1033" />
          </displaynames>
          <Descriptions>
            <Description description="Workshop Required/Completed" languagecode="1033" />
          </Descriptions>
        </attribute>
        <attribute PhysicalName="StateCode">
          <Type>state</Type>
          <Name>statecode</Name>
          <LogicalName>statecode</LogicalName>
          <RequiredLevel>systemrequired</RequiredLevel>
          <DisplayMask>ValidForAdvancedFind|ValidForForm|ValidForGrid</DisplayMask>
          <ImeMode>auto</ImeMode>
          <ValidForReadApi>1</ValidForReadApi>
          <IsCustomField>0</IsCustomField>
          <IsAuditEnabled>1</IsAuditEnabled>
          <IsSecured>0</IsSecured>
          <IntroducedVersion>5.0.0.0</IntroducedVersion>
          <optionset Name="opportunity_statecode">
            <OptionSetType>state</OptionSetType>
            <IntroducedVersion>5.0.0.0</IntroducedVersion>
            <displaynames>
              <displayname description="Status" languagecode="1033" />
            </displaynames>
            <Descriptions>
              <Description description="Status of the opportunity." languagecode="1033" />
            </Descriptions>
            <states>
              <state value="0" defaultstatus="337340000" invariantname="Open">
                <labels>
                  <label description="Open" languagecode="1033" />
                </labels>
              </state>
              <state value="1" defaultstatus="3" invariantname="Won">
                <labels>
                  <label description="Won" languagecode="1033" />
                </labels>
              </state>
              <state value="2" defaultstatus="4" invariantname="Lost">
                <labels>
                  <label description="Lost" languagecode="1033" />
                </labels>
              </state>
            </states>
          </optionset>
          <displaynames>
            <displayname description="Status" languagecode="1033" />
          </displaynames>
          <Descriptions>
            <Description description="Shows whether the opportunity is open, won, or lost. Won and lost opportunities are read-only and can't be edited until they are reactivated." languagecode="1033" />
          </Descriptions>
        </attribute>
        <attribute PhysicalName="StatusCode">
          <Type>status</Type>
          <Name>statuscode</Name>
          <LogicalName>statuscode</LogicalName>
          <RequiredLevel>none</RequiredLevel>
          <DisplayMask>ValidForAdvancedFind|ValidForForm|ValidForGrid</DisplayMask>
          <ImeMode>auto</ImeMode>
          <ValidForUpdateApi>1</ValidForUpdateApi>
          <ValidForReadApi>1</ValidForReadApi>
          <ValidForCreateApi>1</ValidForCreateApi>
          <IsCustomField>0</IsCustomField>
          <IsAuditEnabled>1</IsAuditEnabled>
          <IsSecured>0</IsSecured>
          <IntroducedVersion>5.0.0.0</IntroducedVersion>
          <optionset Name="opportunity_statuscode">
            <OptionSetType>status</OptionSetType>
            <IntroducedVersion>5.0.0.0</IntroducedVersion>
            <displaynames>
              <displayname description="Status Reason" languagecode="1033" />
            </displaynames>
            <Descriptions>
              <Description description="Reason for the status of the opportunity." languagecode="1033" />
            </Descriptions>
            <statuses>
              <status value="337340000" state="0" TransitionData="">
                <labels>
                  <label description="1. Identify" languagecode="1033" />
                </labels>
              </status>
              <status value="337340001" state="0" TransitionData="">
                <labels>
                  <label description="2. Qualify" languagecode="1033" />
                </labels>
              </status>
              <status value="337340002" state="0" TransitionData="">
                <labels>
                  <label description="3. Evaluate" languagecode="1033" />
                </labels>
              </status>
              <status value="337340004" state="0" TransitionData="">
                <labels>
                  <label description="4. Propose Solution" languagecode="1033" />
                </labels>
              </status>
              <status value="337340005" state="0" TransitionData="">
                <labels>
                  <label description="5. Project conversion" languagecode="1033" />
                </labels>
              </status>
              <status value="1" state="0" TransitionData="">
                <labels>
                  <label description="[Do Not Use]" languagecode="1033" />
                </labels>
              </status>
              <status value="2" state="0" TransitionData="">
                <labels>
                  <label description="[Do Not Use] On Hold" languagecode="1033" />
                </labels>
              </status>
              <status value="3" state="1" TransitionData="">
                <labels>
                  <label description="9. Won" languagecode="1033" />
                </labels>
              </status>
              <status value="4" state="2" TransitionData="">
                <labels>
                  <label description="7. Canceled" languagecode="1033" />
                </labels>
              </status>
              <status value="5" state="2" TransitionData="">
                <labels>
                  <label description="8. Declined" languagecode="1033" />
                </labels>
              </status>
              <status value="337340006" state="2" TransitionData="">
                <labels>
                  <label description="6. On Hold" languagecode="1033" />
                </labels>
              </status>
            </statuses>
          </optionset>
          <displaynames>
            <displayname description="Status" languagecode="1033" />
          </displaynames>
          <Descriptions>
            <Description description="Select the opportunity's status." languagecode="1033" />
          </Descriptions>
        </attribute>
      </attributes>
      <IsDuplicateCheckSupported>1</IsDuplicateCheckSupported>
      <IsBusinessProcessEnabled>1</IsBusinessProcessEnabled>
      <IsRequiredOffline>0</IsRequiredOffline>
      <IsCollaboration>0</IsCollaboration>
      <AutoRouteToOwnerQueue>0</AutoRouteToOwnerQueue>
      <IsConnectionsEnabled>1</IsConnectionsEnabled>
      <IsDocumentManagementEnabled>1</IsDocumentManagementEnabled>
      <OwnershipTypeMask>UserOwned</OwnershipTypeMask>
      <EntityMask>ActivityPointer</EntityMask>
      <IsAuditEnabled>1</IsAuditEnabled>
      <IsActivity>0</IsActivity>
      <ActivityTypeMask></ActivityTypeMask>
      <IsActivityParty>1</IsActivityParty>
      <IsReplicated>1</IsReplicated>
      <IsReplicationUserFiltered>1</IsReplicationUserFiltered>
      <IsMailMergeEnabled>1</IsMailMergeEnabled>
      <IsVisibleInMobile>1</IsVisibleInMobile>
      <IsVisibleInMobileClient>1</IsVisibleInMobileClient>
      <IsReadOnlyInMobileClient>0</IsReadOnlyInMobileClient>
      <IsMapiGridEnabled>1</IsMapiGridEnabled>
      <IsReadingPaneEnabled>1</IsReadingPaneEnabled>
      <IsQuickCreateEnabled>1</IsQuickCreateEnabled>
      <IntroducedVersion>5.0.0.0</IntroducedVersion>
      <EnforceStateTransitions>0</EnforceStateTransitions>
      <HasRelatedNotes>True</HasRelatedNotes>
      <HasRelatedActivities>True</HasRelatedActivities>
    </entity>
  </EntityInfo>
  <FormXml />
  <SavedQueries />
  <Visualizations />
  <RibbonDiffXml />
</Entity>