﻿<?xml version="1.0" encoding="utf-8"?>
<RibbonDiffXml>
  <CustomActions>
    <CustomAction Id="rbsm.Mscrm.Form.opportunity.MarkAsLost.CustomAction" Location="Mscrm.Form.opportunity.MainTab.Actions.Controls._children" Sequence="4">
      <CommandUIDefinition>
        <Button Alt="$LocLabels:Mscrm.Form.opportunity.MarkAsLost.Alt" Command="Mscrm.Form.opportunity.MarkAsLost" Id="Mscrm.Form.opportunity.MarkAsLost" Image32by32="/_imgs/SFA/MarkAsLost_32.png" Image16by16="/_imgs/SFA/MarkAsLost_16.png" LabelText="$LocLabels:Mscrm.Form.opportunity.MarkAsLost.LabelText" Sequence="4" TemplateAlias="o1" ToolTipTitle="$LocLabels:Mscrm.Form.opportunity.MarkAsLost.ToolTipTitle" ToolTipDescription="$Resources:Mscrm_Form_opportunity_MainTab_Actions_MarkAsLost_ToolTipDescription" ModernImage="MarkAsLost" />
      </CommandUIDefinition>
    </CustomAction>
    <HideCustomAction HideActionId="rbsm.Mscrm.Form.opportunity.Recalculate.Hide" Location="Mscrm.Form.opportunity.Recalculate" />
    <CustomAction Id="rbsm.Mscrm.HomepageGrid.opportunity.MarkAsLost.CustomAction" Location="Mscrm.HomepageGrid.opportunity.MainTab.Actions.Controls._children" Sequence="6">
      <CommandUIDefinition>
        <Button Alt="$LocLabels:Mscrm.HomepageGrid.opportunity.MarkAsLost.Alt" Command="Mscrm.HomepageGrid.opportunity.MarkAsLost" Id="Mscrm.HomepageGrid.opportunity.MarkAsLost" Image32by32="/_imgs/SFA/MarkAsLost_32.png" Image16by16="/_imgs/SFA/MarkAsLost_16.png" LabelText="$LocLabels:Mscrm.HomepageGrid.opportunity.MarkAsLost.LabelText" Sequence="6" TemplateAlias="o1" ToolTipTitle="$LocLabels:Mscrm.HomepageGrid.opportunity.MarkAsLost.ToolTipTitle" ToolTipDescription="$LocLabels:Mscrm.HomepageGrid.opportunity.MarkAsLost.ToolTipDescription" ModernImage="MarkAsLost" />
      </CommandUIDefinition>
    </CustomAction>
  </CustomActions>
  <Templates>
    <RibbonTemplates Id="Mscrm.Templates"></RibbonTemplates>
  </Templates>
  <CommandDefinitions />
  <RuleDefinitions>
    <TabDisplayRules />
    <DisplayRules />
    <EnableRules />
  </RuleDefinitions>
  <LocLabels>
    <LocLabel Id="Mscrm.Form.opportunity.MarkAsLost.Alt">
      <Titles>
        <Title description="Close or On Hold" languagecode="1033" />
      </Titles>
    </LocLabel>
    <LocLabel Id="Mscrm.Form.opportunity.MarkAsLost.LabelText">
      <Titles>
        <Title description="Close or On Hold" languagecode="1033" />
      </Titles>
    </LocLabel>
    <LocLabel Id="Mscrm.Form.opportunity.MarkAsLost.ToolTipTitle">
      <Titles>
        <Title description="Close or On Hold" languagecode="1033" />
      </Titles>
    </LocLabel>
    <LocLabel Id="Mscrm.HomepageGrid.opportunity.MarkAsLost.Alt">
      <Titles>
        <Title description="Close or On Hold" languagecode="1033" />
      </Titles>
    </LocLabel>
    <LocLabel Id="Mscrm.HomepageGrid.opportunity.MarkAsLost.LabelText">
      <Titles>
        <Title description="Close or On Hold" languagecode="1033" />
      </Titles>
    </LocLabel>
    <LocLabel Id="Mscrm.HomepageGrid.opportunity.MarkAsLost.ToolTipDescription">
      <Titles>
        <Title description="Close or on hold this opportunity and update the status reason." languagecode="1033" />
      </Titles>
    </LocLabel>
    <LocLabel Id="Mscrm.HomepageGrid.opportunity.MarkAsLost.ToolTipTitle">
      <Titles>
        <Title description="Close or On Hold" languagecode="1033" />
      </Titles>
    </LocLabel>
  </LocLabels>
</RibbonDiffXml>