<?xml version="1.0" encoding="utf-8"?>
<forms xmlns:xsi="http://www.w3.org/2001/XMLSchema-instance">
  <systemform>
    <formid>{cc760212-3eab-4009-b5c3-ea9cf6f3e141}</formid>
    <IntroducedVersion>8.0.0.0</IntroducedVersion>
    <FormPresentation>2</FormPresentation>
    <FormActivationState>1</FormActivationState>
    <form
      headerdensity="HighWithControls"
      shownavigationbar="true"
      showImage="false"
      maxWidth="1920"
      solutionaction="Modified">
      <tabs>
        <tab
          name="SUMMARY_TAB"
          id="{13c118dd-d4ad-48ee-8087-d35f5b5f2490}"
          IsUserDefined="0"
          showlabel="false"
          expanded="true"
          ordinalvalue="0">
          <columns>
            <column
              width="24%"
              id="0">
              <sections>
                <section
                  name="CONTACT_INFORMATION"
                  showlabel="true"
                  showbar="false"
                  id="{101071f5-50e1-4c8b-9a07-ba8e22941e7f}"
                  IsUserDefined="0"
                  layout="varwidth"
                  columns="1"
                  labelwidth="115"
                  celllabelposition="Left"
                  ordinalvalue="0">
                  <rows>
                    <row>
                      <cell
                        id="{80cd1184-6b57-447e-b4d0-8764cc69fd15}"
                        colspan="1"
                        showlabel="false"
                        ordinalvalue="10000">
                        <labels>
                          <label
                            description="Company Name"
                            languagecode="1033"
                            solutionaction="Added" />
                          <label
                            description="Nama Syarikat"
                            languagecode="1086"
                            solutionaction="Added" />
                        </labels>
                      </cell>
                    </row>
                    <row>
                      <cell
                        id="{513cdd75-ded3-4ec3-898c-11bf547bcd7c}"
                        showlabel="true"
                        locklevel="0"
                        ordinalvalue="10001">
                        <labels>
                          <label
                            description="First Name"
                            languagecode="1033"
                            solutionaction="Added" />
                          <label
                            description="Nama Pertama"
                            languagecode="1086"
                            solutionaction="Added" />
                        </labels>
                      </cell>
                    </row>
                    <row>
                      <cell
                        id="{67339c7e-8111-4056-b58c-639a6c4d84f4}"
                        showlabel="true"
                        locklevel="0"
                        ordinalvalue="10002">
                        <labels>
                          <label
                            description="Last Name"
                            languagecode="1033"
                            solutionaction="Added" />
                          <label
                            description="Nama Akhir:"
                            languagecode="1086"
                            solutionaction="Added" />
                        </labels>
                      </cell>
                    </row>
                    <row>
                      <cell
                        id="{0fd67383-480d-4cd4-a4a5-1cbaf263ae85}"
                        showlabel="true"
                        colspan="1"
                        rowspan="1"
                        locklevel="0"
                        ordinalvalue="10005"
                        solutionaction="Modified">
                        <labels>
                          <label
                            description="Mobile Phone"
                            languagecode="1033"
                            solutionaction="Added" />
                          <label
                            description="Telefon Mudah Alih"
                            languagecode="1086"
                            solutionaction="Added" />
                        </labels>
                        <control
                          id="mobilephone"
                          classid="{4273EDBD-AC1D-40d3-9FB2-095C621B552D}"
                          datafieldname="mobilephone"
                          disabled="false"
                          uniqueid="{7b550813-aad9-6dd6-a00b-94dcc6625eae}"
                          solutionaction="Modified" />
                      </cell>
                    </row>
                    <row>
                      <cell
                        id="{ef7da3b9-54b4-42f3-9df3-de1f86a930f3}"
                        showlabel="true"
                        ordinalvalue="10007"
                        solutionaction="Modified">
                        <labels>
                          <label
                            description="Fax"
                            languagecode="1033"
                            solutionaction="Added" />
                          <label
                            description="Faks"
                            languagecode="1086"
                            solutionaction="Added" />
                        </labels>
                      </cell>
                    </row>
                    <row>
                      <cell
                        id="{546e368a-0ffc-4c1d-bff1-3b44703fc5be}"
                        showlabel="true"
                        ordinalvalue="10008"
                        solutionaction="Modified" />
                    </row>
                    <row>
                      <cell
                        id="{7a7f9e6a-c480-4951-bc2a-237e081b4a5f}"
                        showlabel="true"
                        locklevel="0"
                        ordinalvalue="10007"
                        solutionaction="Removed" />
                    </row>
                    <row>
                      <cell
                        id="{d8ee4199-1994-9ca4-6094-46038c770351}"
                        showlabel="true"
                        locklevel="0"
                        ordinalvalue="10011"
                        solutionaction="Modified" />
                    </row>
                    <row>
                      <cell
                        id="{7e8edaa1-3046-4857-a306-5ba295cd8354}"
                        locklevel="0"
                        colspan="1"
                        rowspan="1"
                        showlabel="true"
                        ordinalvalue="10004"
                        solutionaction="Added">
                        <labels>
                          <label
                            description="Home Phone"
                            languagecode="1033" />
                          <label
                            description="Telefon Rumah"
                            languagecode="1086" />
                        </labels>
                        <control
                          id="telephone2"
                          classid="{4273EDBD-AC1D-40D3-9FB2-095C621B552D}"
                          datafieldname="telephone2"
                          disabled="false"
                          uniqueid="{cbca5ee8-166b-c88b-2953-805dbb5eb002}" />
                      </cell>
                    </row>
                    <row>
                      <cell
                        id="{500e8555-4571-4299-86b5-804886ad7463}"
                        locklevel="0"
                        colspan="1"
                        rowspan="1"
                        ordinalvalue="10006"
                        solutionaction="Added">
                        <labels>
                          <label
                            description="Business Phone"
                            languagecode="1033" />
                          <label
                            description="Telefon Perniagaan"
                            languagecode="1086" />
                        </labels>
                        <control
                          id="telephone1"
                          classid="{4273EDBD-AC1D-40D3-9FB2-095C621B552D}"
                          datafieldname="telephone1"
                          disabled="false" />
                      </cell>
                    </row>
                    <row>
                      <cell
                        id="{3da7f843-64f5-42e3-b49e-72d15bd30981}"
                        locklevel="0"
                        colspan="1"
                        rowspan="1"
                        ordinalvalue="10009"
                        solutionaction="Added">
                        <labels>
                          <label
                            description="Address 1: Country/Region"
                            languagecode="1033" />
                          <label
                            description="Alamat 1: Negara/Rantau"
                            languagecode="1086" />
                        </labels>
                        <control
                          id="address1_country"
                          classid="{4273EDBD-AC1D-40D3-9FB2-095C621B552D}"
                          datafieldname="address1_country"
                          disabled="false" />
                      </cell>
                    </row>
                    <row>
                      <cell
                        id="{6de5a632-c0ba-4b23-af1a-f12b6ca83dd2}"
                        locklevel="0"
                        colspan="1"
                        rowspan="1"
                        ordinalvalue="10010"
                        solutionaction="Added">
                        <labels>
                          <label
                            description="Address 1"
                            languagecode="1033" />
                          <label
                            description="Alamat 1"
                            languagecode="1086" />
                        </labels>
                        <control
                          id="address1_composite"
                          classid="{E0DECE4B-6FC8-4A8F-A065-082708572369}"
                          datafieldname="address1_composite"
                          disabled="false" />
                      </cell>
                    </row>
                  </rows>
                </section>
              </sections>
            </column>
          </columns>
        </tab>
        <tab
          name="DETAILS_TAB"
          id="{3f11f670-7ed1-4efa-b43b-9b2f07531d21}"
          IsUserDefined="0"
          expanded="true"
          showlabel="true"
          ordinalvalue="1">
          <columns>
            <column
              width="34%"
              id="0">
              <sections>
                <section
                  name="PERSONAL INFORMATION"
                  showlabel="true"
                  showbar="false"
                  id="{748b7f66-a65c-43ac-8eb5-3bde012488d2}"
                  IsUserDefined="0"
                  columns="1"
                  labelwidth="115"
                  celllabelposition="Left"
                  ordinalvalue="0">
                  <rows>
                    <row>
                      <cell
                        id="{14c3cfa9-0d99-4abe-918f-0073dd6db8ff}"
                        showlabel="true"
                        ordinalvalue="10000">
                        <labels>
                          <label
                            description="Gender"
                            languagecode="1033"
                            solutionaction="Added" />
                          <label
                            description="Jantina"
                            languagecode="1086"
                            solutionaction="Added" />
                        </labels>
                      </cell>
                    </row>
                    <row>
                      <cell
                        id="{7f995b2b-e5b7-4fd6-9192-08e0f960a2ce}"
                        showlabel="true"
                        ordinalvalue="10001">
                        <labels>
                          <label
                            description="Marital Status"
                            languagecode="1033"
                            solutionaction="Added" />
                          <label
                            description="Status Perkahwinan"
                            languagecode="1086"
                            solutionaction="Added" />
                        </labels>
                      </cell>
                    </row>
                    <row>
                      <cell
                        id="{e8f92320-38ba-413b-bb01-956ed0f72277}"
                        showlabel="true"
                        ordinalvalue="10002">
                        <labels>
                          <label
                            description="Spouse/Partner Name"
                            languagecode="1033"
                            solutionaction="Added" />
                          <label
                            description="Nama Pasangan"
                            languagecode="1086"
                            solutionaction="Added" />
                        </labels>
                      </cell>
                    </row>
                    <row>
                      <cell
                        id="{59639742-1fc0-4392-946f-1555732c70ef}"
                        showlabel="true"
                        ordinalvalue="10003">
                        <labels>
                          <label
                            description="Birthday"
                            languagecode="1033"
                            solutionaction="Added" />
                          <label
                            description="Hari Jadi"
                            languagecode="1086"
                            solutionaction="Added" />
                        </labels>
                      </cell>
                    </row>
                    <row>
                      <cell
                        id="{14f90ddb-6d27-4edd-9285-44c86c80b7c8}"
                        showlabel="true"
                        ordinalvalue="10004">
                        <labels>
                          <label
                            description="Anniversary"
                            languagecode="1033"
                            solutionaction="Added" />
                          <label
                            description="Ulang Tahun"
                            languagecode="1086"
                            solutionaction="Added" />
                        </labels>
                      </cell>
                    </row>
                  </rows>
                </section>
                <section
                  name="PERSONAL_NOTES_SECTION"
                  showlabel="true"
                  showbar="false"
                  locklevel="0"
                  id="{d7f5280c-18ab-49d3-800f-282eaab40801}"
                  IsUserDefined="0"
                  layout="varwidth"
                  columns="1"
                  labelwidth="115"
                  celllabelalignment="Left"
                  celllabelposition="Top"
                  ordinalvalue="1">
                  <rows>
                    <row>
                      <cell
                        id="{ed2d473e-a5e4-4c08-bf37-d6fd27a1ce48}"
                        showlabel="false"
                        locklevel="0"
                        rowspan="5"
                        ordinalvalue="10000">
                        <labels>
                          <label
                            description="Description"
                            languagecode="1033"
                            solutionaction="Added" />
                          <label
                            description="Perihalan"
                            languagecode="1086"
                            solutionaction="Added" />
                        </labels>
                      </cell>
                    </row>
                  </rows>
                </section>
              </sections>
            </column>
            <column
              width="33%"
              id="1">
              <sections>
                <section
                  name="marketing information"
                  showlabel="true"
                  showbar="false"
                  locklevel="0"
                  id="{65631b32-444a-42b3-86f6-7d73c0d3a4c1}"
                  IsUserDefined="0"
                  layout="varheight"
                  columns="1"
                  labelwidth="115"
                  celllabelposition="Left"
                  ordinalvalue="0">
                  <rows>
                    <row>
                      <cell
                        id="{8c992f19-17f9-49d3-9536-128c30b29d79}"
                        ordinalvalue="10000">
                        <labels>
                          <label
                            description="Originating Lead"
                            languagecode="1033"
                            solutionaction="Added" />
                          <label
                            description="Bakal Pelanggan Asal"
                            languagecode="1086"
                            solutionaction="Added" />
                        </labels>
                      </cell>
                    </row>
                  </rows>
                </section>
              </sections>
            </column>
            <column
              width="33%"
              id="2">
              <sections>
                <section
                  name="billing information"
                  showlabel="true"
                  showbar="false"
                  id="{bafbf773-16e6-4c0a-90db-f07a8c0fa0be}"
                  IsUserDefined="0"
                  columns="1"
                  labelwidth="115"
                  celllabelposition="Left"
                  ordinalvalue="0">
                  <rows>
                    <row>
                      <cell
                        id="{49b8171d-743e-4ce4-afdb-cd0528f9e078}"
                        ordinalvalue="10000">
                        <labels>
                          <label
                            description="Currency"
                            languagecode="1033"
                            solutionaction="Added" />
                          <label
                            description="Mata wang"
                            languagecode="1086"
                            solutionaction="Added" />
                        </labels>
                      </cell>
                    </row>
                    <row>
                      <cell
                        id="{02aa413f-3b73-47bc-ae5b-cd3dfc3b04db}"
                        ordinalvalue="10001">
                        <labels>
                          <label
                            description="Credit Limit"
                            languagecode="1033"
                            solutionaction="Added" />
                          <label
                            description="Had Kredit"
                            languagecode="1086"
                            solutionaction="Added" />
                        </labels>
                      </cell>
                    </row>
                    <row>
                      <cell
                        id="{7ebd0241-4733-4ccb-9d9b-eb7bd9804b37}"
                        ordinalvalue="10002">
                        <labels>
                          <label
                            description="Credit Hold"
                            languagecode="1033"
                            solutionaction="Added" />
                          <label
                            description="Tahanan Kredit"
                            languagecode="1086"
                            solutionaction="Added" />
                        </labels>
                      </cell>
                    </row>
                    <row>
                      <cell
                        id="{9d8e8eac-40e9-4fd3-894f-2fdf727a94ef}"
                        ordinalvalue="10003">
                        <labels>
                          <label
                            description="Payment Terms"
                            languagecode="1033"
                            solutionaction="Added" />
                          <label
                            description="Terma Pembayaran"
                            languagecode="1086"
                            solutionaction="Added" />
                        </labels>
                      </cell>
                    </row>
                  </rows>
                </section>
              </sections>
            </column>
          </columns>
        </tab>
      </tabs>
      <header
        id="{2617b740-a221-4510-b5f9-92d8bee371fa}"
        celllabelposition="Top"
        columns="1111"
        labelwidth="115">
        <rows>
          <row>
            <cell
              id="{7385d4f6-fa69-4d3e-b86c-604602334023}"
              showlabel="true"
              ordinalvalue="10000">
              <labels>
                <label
                  description="Job Title"
                  languagecode="1033"
                  solutionaction="Added" />
                <label
                  description="Jawatan"
                  languagecode="1086"
                  solutionaction="Added" />
              </labels>
            </cell>
            <cell
              id="{3e3f3558-1d2a-40cf-9e66-744f93a851cd}"
              showlabel="true"
              ordinalvalue="20001"
              solutionaction="Removed" />
            <cell
              id="{cf440f34-7bd1-4937-b50a-4657cfdf1141}"
              showlabel="true"
              ordinalvalue="30002">
              <labels>
                <label
                  description="Email"
                  languagecode="1033"
                  solutionaction="Added" />
                <label
                  description="E-mel"
                  languagecode="1086"
                  solutionaction="Added" />
              </labels>
            </cell>
            <cell
              id="{feb62a46-38f3-41d0-b39c-28a7f4bd90c3}"
              showlabel="true"
              locklevel="1"
              ordinalvalue="40003">
              <labels>
                <label
                  description="Owner"
                  languagecode="1033"
                  solutionaction="Added" />
                <label
                  description="Pemilik"
                  languagecode="1086"
                  solutionaction="Added" />
              </labels>
            </cell>
          </row>
          <row>
            <cell
              locklevel="0"
              id="{e9689697-c884-4675-934e-1cd2cce13a24}"
              showlabel="false"
              ordinalvalue="20001"
              solutionaction="Added">
              <labels>
                <label
                  description=""
                  languagecode="1033" />
              </labels>
            </cell>
          </row>
        </rows>
      </header>
      <events>
        <event
          name="onload"
          application="true"
          active="true">
          <InternalHandlers>
            <Handler
              functionName="AppCommon.Contact.Instance.form_onload"
              libraryName="AppCommon/Contact/Contact_main_system_library.js"
              handlerUniqueId="4ea24ebd-795d-434e-af94-6812c3867b54"
              enabled="true" />
          </InternalHandlers>
          <Handlers
            solutionaction="Added">
            <Handler
              functionName="Rheem.Jscripts.Contact_Form.OnLoad"
              libraryName="rhm_/Scripts/Contact_Form.js"
              handlerUniqueId="{069b19c8-66e9-b955-2412-d1aca93bca7b}"
              enabled="true"
              parameters=""
              passExecutionContext="true"
              ordinalvalue="0" />
          </Handlers>
        </event>
        <event
          name="onchange"
          application="false"
          active="false"
          attribute="telephone2"
          solutionaction="Added">
          <Handlers>
            <Handler
              functionName="Rheem.Jscripts.Contact_Form.OnChangeOfHomePhoneNumber"
              libraryName="rhm_/Scripts/Contact_Form.js"
              handlerUniqueId="{3349dd37-109d-1925-a801-b7dba1de7c62}"
              enabled="true"
              parameters="&quot;telephone2&quot;"
              passExecutionContext="true"
              ordinalvalue="0" />
          </Handlers>
        </event>
        <event
          name="onchange"
          application="false"
          active="false"
          attribute="mobilephone"
          solutionaction="Added">
          <Handlers>
            <Handler
              functionName="Rheem.Jscripts.Contact_Form.OnChangeOfMobilePhoneNumber"
              libraryName="rhm_/Scripts/Contact_Form.js"
              handlerUniqueId="{54cd1660-7952-bda8-698e-d83da2eb78dc}"
              enabled="true"
              parameters="&quot;mobilephone&quot;"
              passExecutionContext="true"
              ordinalvalue="0" />
          </Handlers>
        </event>
        <event
          name="onchange"
          application="false"
          active="false"
          attribute="address1_country"
          solutionaction="Added">
          <Handlers>
            <Handler
              functionName="Rheem.Jscripts.Contact_Form.OnChangeofCountry"
              libraryName="rhm_/Scripts/Contact_Form.js"
              handlerUniqueId="{a74fe3b7-8ef5-44dd-b518-e4508b901a8d}"
              enabled="true"
              parameters="&quot;telephone1,telephone2,mobilephone&quot;"
              passExecutionContext="true"
              ordinalvalue="0" />
          </Handlers>
        </event>
        <event
          name="onchange"
          application="false"
          active="false"
          attribute="telephone1"
          solutionaction="Added">
          <Handlers>
            <Handler
              functionName="Rheem.Jscripts.Contact_Form.OnChangeOfBusinessPhoneNumber"
              libraryName="rhm_/Scripts/Contact_Form.js"
              handlerUniqueId="{cf505a57-5116-45f9-93b5-667de509c9a4}"
              enabled="true"
              parameters="&quot;telephone1&quot;"
              passExecutionContext="true"
              ordinalvalue="0" />
          </Handlers>
        </event>
      </events>
      <Navigation>
        <NavBar />
        <NavBarAreas
          solutionaction="Added">
          <NavBarArea
            Id="Info">
            <Titles>
              <Title
                LCID="1033"
                Text="Common" />
            </Titles>
          </NavBarArea>
          <NavBarArea
            Id="Sales">
            <Titles>
              <Title
                LCID="1033"
                Text="Sales" />
            </Titles>
          </NavBarArea>
          <NavBarArea
            Id="Service">
            <Titles>
              <Title
                LCID="1033"
                Text="Service" />
            </Titles>
          </NavBarArea>
          <NavBarArea
            Id="Marketing">
            <Titles>
              <Title
                LCID="1033"
                Text="Marketing" />
            </Titles>
          </NavBarArea>
          <NavBarArea
            Id="ProcessCenter">
            <Titles>
              <Title
                LCID="1033"
                Text="Process Sessions" />
            </Titles>
          </NavBarArea>
        </NavBarAreas>
      </Navigation>
      <footer
        id="{8caddc8e-c34e-4577-b933-81e103e91b74}"
        celllabelposition="Top"
        columns="111"
        labelwidth="115"
        celllabelalignment="Left"
        solutionaction="Added">
        <rows>
          <row>
            <cell
              id="{6dd92d98-989a-46c5-856e-2f737f6e6e30}"
              showlabel="false"
              ordinalvalue="10000">
              <labels>
                <label
                  description=""
                  languagecode="1033" />
              </labels>
            </cell>
            <cell
              id="{a87f7b94-238c-4a30-bce9-4856458c48a0}"
              showlabel="false"
              ordinalvalue="20001">
              <labels>
                <label
                  description=""
                  languagecode="1033" />
              </labels>
            </cell>
            <cell
              id="{06891a76-bd5f-4392-b98e-7b8dcbfb8bd8}"
              showlabel="false"
              ordinalvalue="30002">
              <labels>
                <label
                  description=""
                  languagecode="1033" />
              </labels>
            </cell>
          </row>
        </rows>
      </footer>
      <formLibraries
        solutionaction="Added">
        <Library
          name="rhm_/Scripts/Common/XrmUtilities.js"
          libraryUniqueId="{cd0a379d-4b33-b09e-c9d4-815129499ada}" />
        <Library
          name="rhm_/Scripts/Contact_Form.js"
          libraryUniqueId="{d4ea7787-25ad-4964-9131-57e208299146}" />
      </formLibraries>
      <controlDescriptions
        solutionaction="Added" />
    </form>
    <LocalizedNames>
      <LocalizedName
        description="Contact for Interactive experience"
        languagecode="1033" />
      <LocalizedName
        description="Kenalan untuk pengalaman Interaktif"
        languagecode="1086" />
    </LocalizedNames>
    <Descriptions>
      <Description
        description="Default Interactive experience Contact form."
        languagecode="1033" />
      <Description
        description="Borang Hubungan pengalaman Interaktif Lalai."
        languagecode="1086" />
    </Descriptions>
  </systemform>
</forms>