﻿<?xml version="1.0" encoding="utf-8"?>
<systemform unmodified="1">
  <formid>{c9e7ec2d-efca-4e4c-b3e3-f63c4bba5e4b}</formid>
  <IntroducedVersion>6.0.0.0</IntroducedVersion>
  <FormPresentation>0</FormPresentation>
  <FormActivationState>1</FormActivationState>
  <form maxWidth="1900">
    <tabs>
      <tab id="{8ca48364-f790-43e4-b753-aa35fa4f9c77}" name="tab_1" expanded="true" locklevel="0" showlabel="false" IsUserDefined="0">
        <labels>
          <label description="Tab" languagecode="1033" />
        </labels>
        <columns>
          <column width="33%">
            <sections>
              <section id="{bcee7abc-6004-49f3-bc27-9eb7d1d3561b}" name="tab_1_column_1_section_1" columns="1" showlabel="true" showbar="false" IsUserDefined="0" locklevel="0" labelwidth="115" celllabelalignment="Left" celllabelposition="Left">
                <labels>
                  <label description="Details" languagecode="1033" />
                </labels>
                <rows>
                  <row>
                    <cell id="{7697e89b-cb21-2809-82b3-dc18084c2d6a}" showlabel="true" locklevel="0">
                      <labels>
                        <label description="Account Name" languagecode="1033" />
                      </labels>
                      <control id="name" classid="{4273EDBD-AC1D-40d3-9FB2-095C621B552D}" datafieldname="name" disabled="false" />
                    </cell>
                  </row>
                  <row>
                    <cell id="{1b493db6-167b-6b45-a790-8039e48ba201}" showlabel="true" locklevel="0">
                      <labels>
                        <label description="Main Phone" languagecode="1033" />
                      </labels>
                      <control id="telephone1" classid="{4273EDBD-AC1D-40d3-9FB2-095C621B552D}" datafieldname="telephone1" disabled="false" />
                    </cell>
                  </row>
                  <row>
                    <cell id="{74462bc8-31ba-726c-e195-bc30857d41e5}" showlabel="true" locklevel="0">
                      <labels>
                        <label description="Primary Contact" languagecode="1033" />
                      </labels>
                      <control id="primarycontactid" classid="{270BD3DB-D9AF-4782-9025-509E298DEC0A}" datafieldname="primarycontactid" disabled="false" />
                    </cell>
                  </row>
                </rows>
              </section>
            </sections>
          </column>
          <column width="33%">
            <sections>
              <section id="{32ff71fb-26e6-4b51-8e93-e94b5780a8ae}" name="tab_1_column_2_section_1" columns="1" showlabel="false" showbar="false" IsUserDefined="0" locklevel="0" labelwidth="115" celllabelalignment="Left" celllabelposition="Left">
                <labels>
                  <label description="Description" languagecode="1033" />
                </labels>
                <rows>
                  <row>
                    <cell id="{0b52c646-e775-1bd7-5943-3b5397543993}" showlabel="false" userspacer="true">
                      <labels>
                        <label description="" languagecode="1033" />
                      </labels>
                    </cell>
                  </row>
                  <row>
                    <cell id="{ebb8e093-c034-a6d1-e4d3-e43923ec1d7d}" showlabel="true" locklevel="0">
                      <labels>
                        <label description="Annual Revenue" languagecode="1033" />
                      </labels>
                      <control id="revenue" classid="{533B9E00-756B-4312-95A0-DC888637AC78}" datafieldname="revenue" disabled="false" />
                    </cell>
                  </row>
                  <row>
                    <cell id="{d0c7e234-97a8-473c-39d9-78381c372375}" showlabel="true" locklevel="0">
                      <labels>
                        <label description="Number of Employees" languagecode="1033" />
                      </labels>
                      <control id="numberofemployees" classid="{C6D124CA-7EDA-4a60-AEA9-7FB8D318B68F}" datafieldname="numberofemployees" disabled="false" />
                    </cell>
                  </row>
                  <row>
                    <cell id="{4b76aee6-8414-a9d0-3066-78ed2ed42eb8}" showlabel="true" locklevel="0" rowspan="2">
                      <labels>
                        <label description="Description" languagecode="1033" />
                      </labels>
                      <control id="description" classid="{E0DECE4B-6FC8-4a8f-A065-082708572369}" datafieldname="description" disabled="false" />
                    </cell>
                  </row>
                  <row />
                </rows>
              </section>
            </sections>
          </column>
          <column width="33%">
            <sections>
              <section id="{a549aa16-a731-41b7-9181-86710f8feef5}" name="tab_1_column_3_section_1" columns="1" showlabel="true" showbar="false" IsUserDefined="0" locklevel="0" labelwidth="115" celllabelalignment="Left" celllabelposition="Left">
                <labels>
                  <label description="Address" languagecode="1033" />
                </labels>
                <rows>
                  <row>
                    <cell id="{62E808A5-4DB5-4D56-9620-37EBAC8AFF72}" showlabel="true" locklevel="0">
                      <labels>
                        <label description="Street 1" languagecode="1033" />
                      </labels>
                      <control id="address1_line1" classid="{4273EDBD-AC1D-40d3-9FB2-095C621B552D}" datafieldname="address1_line1" disabled="false" />
                    </cell>
                  </row>
                  <row>
                    <cell id="{30B0C670-408A-42B1-B373-607936DE2C8F}" showlabel="true" locklevel="0">
                      <labels>
                        <label description="Street 2" languagecode="1033" />
                      </labels>
                      <control id="address1_line2" classid="{4273EDBD-AC1D-40d3-9FB2-095C621B552D}" datafieldname="address1_line2" disabled="false" />
                    </cell>
                  </row>
                  <row>
                    <cell id="{0794FA63-F298-4831-BD5A-B3F46A91F146}" showlabel="true" locklevel="0">
                      <labels>
                        <label description="City" languagecode="1033" />
                      </labels>
                      <control id="address1_city" classid="{4273EDBD-AC1D-40d3-9FB2-095C621B552D}" datafieldname="address1_city" disabled="false" />
                    </cell>
                  </row>
                  <row>
                    <cell id="{C5E57D6C-8A9E-4A0D-89ED-D3F5B59B57AA}" showlabel="true" locklevel="0">
                      <labels>
                        <label description="ZIP/Postal Code" languagecode="1033" />
                      </labels>
                      <control id="address1_postalcode" classid="{4273EDBD-AC1D-40d3-9FB2-095C621B552D}" datafieldname="address1_postalcode" disabled="false" />
                    </cell>
                  </row>
                </rows>
              </section>
            </sections>
          </column>
        </columns>
      </tab>
    </tabs>
    <DisplayConditions FallbackForm="true" Order="2">
      <Everyone />
    </DisplayConditions>
  </form>
  <LocalizedNames>
    <LocalizedName description="Account Quick Create" languagecode="1033" />
  </LocalizedNames>
  <Descriptions>
    <Description description="Default quick create form for Account" languagecode="1033" />
  </Descriptions>
</systemform>