﻿<?xml version="1.0" encoding="utf-8"?>
<WebResource>
  <WebResourceId>{e53938ea-a0d9-e611-80d2-3863bb358e18}</WebResourceId>
  <Name>nwm_/app/components/crm/soap_service.js</Name>
  <DisplayName>nwm_/app/components/crm/soap_service.js</DisplayName>
  <WebResourceType>3</WebResourceType>
  <IntroducedVersion>0.0.0.1</IntroducedVersion>
  <IsEnabledForMobileClient>0</IsEnabledForMobileClient>
  <IsAvailableForMobileOffline>0</IsAvailableForMobileOffline>
  <IsCustomizable>1</IsCustomizable>
  <CanBeDeleted>1</CanBeDeleted>
  <IsHidden>0</IsHidden>
  <FileName>/WebResources/nwm_appcomponentscrmsoap_servicejsE53938EA-A0D9-E611-80D2-3863BB358E18</FileName>
</WebResource>