﻿<?xml version="1.0" encoding="utf-8"?>
<systemform unmodified="1">
  <formid>{db046342-b909-4d87-9149-f31509de85ba}</formid>
  <IntroducedVersion>8.1.0.0</IntroducedVersion>
  <FormPresentation>0</FormPresentation>
  <FormActivationState>1</FormActivationState>
  <form>
    <tabs>
      <tab id="{0b50f46b-ac88-4daf-bc4b-93f77a45ab10}" IsUserDefined="0" name="general" expanded="true" locklevel="0" showlabel="false">
        <labels>
          <label description="GENERAL INFO" languagecode="1033" />
        </labels>
        <columns>
          <column width="33%">
            <sections>
              <section id="{206f6ae5-389c-4a3c-b244-58fcd050f843}" showlabel="true" showbar="false" IsUserDefined="0" name="General Info" layout="varwidth" columns="1" labelwidth="115" celllabelalignment="Left" celllabelposition="Left">
                <labels>
                  <label description="GENERAL" languagecode="1033" />
                </labels>
                <rows>
                  <row>
                    <cell auto="false" showlabel="true" locklevel="0" rowspan="1" id="{383e7ab6-786f-4147-8423-f134d67c4d65}">
                      <labels>
                        <label description="Title" languagecode="1033" />
                      </labels>
                      <control id="title" datafieldname="title" classid="{4273EDBD-AC1D-40d3-9FB2-095C621B552D}"></control>
                    </cell>
                  </row>
                  <row>
                    <cell id="{d1333123-e477-2811-d45c-b84e51546193}" showlabel="true" locklevel="0">
                      <labels>
                        <label description="Regarding" languagecode="1033" />
                      </labels>
                      <control id="regardingobjectid" classid="{F3015350-44A2-4aa0-97B5-00166532B5E9}" datafieldname="regardingobjectid" disabled="false" />
                    </cell>
                  </row>
                  <row>
                    <cell auto="false" showlabel="true" locklevel="0" rowspan="1" id="{84f56ad3-c5a6-4d48-b032-027bd5d80175}">
                      <labels>
                        <label description="Source" languagecode="1033" />
                      </labels>
                      <control id="source" datafieldname="source" classid="{3EF39988-22BB-4f0b-BBBE-64B5A3748AEE}"></control>
                    </cell>
                  </row>
                  <row>
                    <cell id="{30893e81-46ac-4325-bb13-c7385e4a779f}" showlabel="true" locklevel="0">
                      <labels>
                        <label description="Created By (Contact)" languagecode="1033" />
                      </labels>
                      <control id="createdbycontact" classid="{270BD3DB-D9AF-4782-9025-509E298DEC0A}" datafieldname="createdbycontact" />
                    </cell>
                  </row>
                  <row>
                    <cell auto="false" showlabel="true" locklevel="0" rowspan="1" id="{9fc0622b-46fa-4df4-9219-2014fd5fb906}">
                      <labels>
                        <label description="Created By" languagecode="1033" />
                      </labels>
                      <control id="createdby" datafieldname="createdby" classid="{270BD3DB-D9AF-4782-9025-509E298DEC0A}"></control>
                    </cell>
                  </row>
                </rows>
              </section>
            </sections>
          </column>
          <column width="33%">
            <sections>
              <section id="{243b714c-5421-49df-ba92-2f721c84a106}" showlabel="true" showbar="false" IsUserDefined="0" name="Content" layout="varwidth" columns="1" labelwidth="115" celllabelalignment="Left" celllabelposition="Left">
                <labels>
                  <label description="COMMENTS" languagecode="1033" />
                </labels>
                <rows>
                  <row>
                    <cell id="{01d062ce-1a8a-2641-57c8-4e279eb93ac4}" showlabel="true" locklevel="0">
                      <labels>
                        <label description="Minimum Rating" languagecode="1033" />
                      </labels>
                      <control id="minrating" classid="{C6D124CA-7EDA-4a60-AEA9-7FB8D318B68F}" datafieldname="minrating" disabled="false" />
                    </cell>
                  </row>
                  <row>
                    <cell id="{8e0e2cc7-d054-7868-31dd-7e0ee5055e83}" showlabel="true" locklevel="0">
                      <labels>
                        <label description="Maximum Rating" languagecode="1033" />
                      </labels>
                      <control id="maxrating" classid="{C6D124CA-7EDA-4a60-AEA9-7FB8D318B68F}" datafieldname="maxrating" disabled="false" />
                    </cell>
                  </row>
                  <row>
                    <cell auto="false" showlabel="true" locklevel="0" rowspan="1" id="{11ae39f9-6eb0-477a-b820-0a8e5ffd2c07}">
                      <labels>
                        <label description="Normalized Rating" languagecode="1033" />
                      </labels>
                      <control id="normalizedrating" datafieldname="normalizedrating" classid="{C3EFE0C3-0EC6-42be-8349-CBD9079DFD8E}"></control>
                    </cell>
                  </row>
                  <row>
                    <cell id="{0c7e2e8b-e9d0-0187-9275-261b6a73086c}" showlabel="true" locklevel="0">
                      <labels>
                        <label description="Rating" languagecode="1033" />
                      </labels>
                      <control id="rating" classid="{C6D124CA-7EDA-4a60-AEA9-7FB8D318B68F}" datafieldname="rating" disabled="false" />
                    </cell>
                  </row>
                  <row>
                    <cell auto="false" showlabel="true" locklevel="0" rowspan="3" id="{50bb646f-666b-4823-b409-09b042423b96}">
                      <labels>
                        <label description="Comments" languagecode="1033" />
                      </labels>
                      <control id="comments" datafieldname="comments" classid="{E0DECE4B-6FC8-4a8f-A065-082708572369}"></control>
                    </cell>
                  </row>
                  <row />
                  <row />
                </rows>
              </section>
            </sections>
          </column>
          <column width="34%">
            <sections>
              <section id="{56055a08-2d1e-4885-a82a-0965b4e36194}" showlabel="true" showbar="false" IsUserDefined="0" name="Content" layout="varwidth" columns="1" labelwidth="115" celllabelalignment="Left" celllabelposition="Left">
                <labels>
                  <label description="RESOLUTION" languagecode="1033" />
                </labels>
                <rows>
                  <row>
                    <cell auto="false" showlabel="true" locklevel="0" rowspan="1" id="{2fb02083-1b51-4692-a505-25b904cdd480}">
                      <labels>
                        <label description="Closed By" languagecode="1033" />
                      </labels>
                      <control id="closedby" datafieldname="closedby" classid="{270BD3DB-D9AF-4782-9025-509E298DEC0A}"></control>
                    </cell>
                  </row>
                  <row>
                    <cell auto="false" showlabel="true" locklevel="0" rowspan="1" id="{ba5e356f-fdca-462e-9edb-4e6cdc63601f}">
                      <labels>
                        <label description="Closed On" languagecode="1033" />
                      </labels>
                      <control id="closedon" datafieldname="closedon" classid="{5B773807-9FB2-42db-97C3-7A91EFF8ADFF}"></control>
                    </cell>
                  </row>
                </rows>
              </section>
            </sections>
          </column>
        </columns>
      </tab>
    </tabs>
    <header id="{86bd6538-12ed-4e01-aa3e-38d406663f9a}" columns="1111" celllabelposition="Top" labelwidth="115">
      <rows>
        <row>
          <cell id="{43deff16-b568-4bb2-a92a-a83c7c816aad}" showlabel="true" locklevel="0">
            <labels>
              <label description="Created On" languagecode="1033" />
            </labels>
            <control id="header_createdon" classid="{5B773807-9FB2-42db-97C3-7A91EFF8ADFF}" datafieldname="createdon" disabled="true" />
          </cell>
          <cell id="{2630d20c-fde0-4960-8598-00c428db9119}" showlabel="true" locklevel="0">
            <labels>
              <label description="Owner" languagecode="1033" />
            </labels>
            <control id="header_owner" classid="{270BD3DB-D9AF-4782-9025-509E298DEC0A}" datafieldname="ownerid" disabled="true" />
          </cell>
          <cell id="{08e9eb2f-828c-474c-a14c-0b8557252175}" showlabel="true" locklevel="0">
            <labels>
              <label description="Status" languagecode="1033" />
            </labels>
            <control id="header_state" classid="{3EF39988-22BB-4f0b-BBBE-64B5A3748AEE}" datafieldname="statecode" disabled="true" />
          </cell>
          <cell id="{c8cfeab0-2862-4a7c-9353-6e7fad782c2a}" showlabel="true" locklevel="0">
            <labels>
              <label description="Status Reason" languagecode="1033" />
            </labels>
            <control id="header_status" classid="{5D68B988-0661-4db2-BC3E-17598AD3BE6C}" datafieldname="statuscode" disabled="true" />
          </cell>
        </row>
      </rows>
    </header>
    <DisplayConditions Order="1">
      <Everyone />
    </DisplayConditions>
  </form>
  <LocalizedNames>
    <LocalizedName description="Feedback MainIC" languagecode="1033" />
  </LocalizedNames>
  <Descriptions>
    <Description description="Default Feedback MainIC form" languagecode="1033" />
  </Descriptions>
</systemform>