﻿<?xml version="1.0" encoding="utf-8"?>
<ImportExportXml xmlns:xsi="http://www.w3.org/2001/XMLSchema-instance">
  <Entities />
  <Roles />
  <Workflows />
  <FieldSecurityProfiles />
  <Templates />
  <SiteMap />
  <EntityMaps />
  <EntityRelationships />
  <OrganizationSettings />
  <optionsets />
  <InteractionCentricDashboards>
    <InteractionCentricDashboard unmodified="1">
      <LocalizedNames>
        <LocalizedName description="Accounts Dashboard" languagecode="1033" />
      </LocalizedNames>
      <Descriptions>
        <Description description="Shows an overview of data related to accounts." languagecode="1033" />
      </Descriptions>
      <FormId>{15915835-b87c-49ec-9ffc-bfac3ac44ef1}</FormId>
    </InteractionCentricDashboard>
    <InteractionCentricDashboard unmodified="1">
      <LocalizedNames>
        <LocalizedName description="Cases Dashboard" languagecode="1033" />
      </LocalizedNames>
      <Descriptions>
        <Description description="Shows an overview of data related to cases." languagecode="1033" />
      </Descriptions>
      <FormId>{eb3748b8-5f90-4050-a039-8b7d279ad8fe}</FormId>
    </InteractionCentricDashboard>
    <InteractionCentricDashboard unmodified="1">
      <LocalizedNames>
        <LocalizedName description="Opportunities Dashboard" languagecode="1033" />
      </LocalizedNames>
      <Descriptions>
        <Description description="Shows an overview of data related to opportunities." languagecode="1033" />
      </Descriptions>
      <FormId>{f7e6d29b-1e3e-e711-80e1-00155d871bb4}</FormId>
    </InteractionCentricDashboard>
  </InteractionCentricDashboards>
  <WebResources />
  <CustomControls />
  <EntityDataProviders />
  <Languages>
    <Language>1033</Language>
  </Languages>
</ImportExportXml>