﻿<?xml version="1.0" encoding="utf-8"?>
<EntityRelationships>
  <EntityRelationship Name="business_unit_rbs_accesslog" />
  <EntityRelationship Name="business_unit_rbs_document" />
  <EntityRelationship Name="business_unit_rbs_recordclass" />
  <EntityRelationship Name="business_unit_rbs_recordtype" />
  <EntityRelationship Name="lk_rbs_accesslog_createdby" />
  <EntityRelationship Name="lk_rbs_accesslog_modifiedby" />
  <EntityRelationship Name="lk_rbs_document_createdby" />
  <EntityRelationship Name="lk_rbs_document_modifiedby" />
  <EntityRelationship Name="lk_rbs_recordclass_createdby" />
  <EntityRelationship Name="lk_rbs_recordclass_modifiedby" />
  <EntityRelationship Name="lk_rbs_recordtype_createdby" />
  <EntityRelationship Name="lk_rbs_recordtype_modifiedby" />
  <EntityRelationship Name="owner_rbs_accesslog" />
  <EntityRelationship Name="owner_rbs_document" />
  <EntityRelationship Name="owner_rbs_recordclass" />
  <EntityRelationship Name="owner_rbs_recordtype" />
  <EntityRelationship Name="rbs_account_rbs_document_CustomerReference" />
  <EntityRelationship Name="rbs_incident_rbs_document_Case" />
  <EntityRelationship Name="rbs_opportunity_rbs_document_Opportunity" />
  <EntityRelationship Name="rbs_rbs_document_rbs_accesslog_Document" />
  <EntityRelationship Name="rbs_rbs_recordclass_rbs_recordtype_RecordClass" />
  <EntityRelationship Name="rbs_rbs_recordtype_rbs_document_RecordType" />
  <EntityRelationship Name="rbs_systemuser_rbs_accesslog_User" />
  <EntityRelationship Name="team_rbs_accesslog" />
  <EntityRelationship Name="team_rbs_document" />
  <EntityRelationship Name="team_rbs_recordclass" />
  <EntityRelationship Name="team_rbs_recordtype" />
  <EntityRelationship Name="user_rbs_accesslog" />
  <EntityRelationship Name="user_rbs_document" />
  <EntityRelationship Name="user_rbs_recordclass" />
  <EntityRelationship Name="user_rbs_recordtype" />
</EntityRelationships>