﻿<?xml version="1.0" encoding="utf-8"?>
<PluginAssembly FullName="Rbs.Crm.DESCRM.Plugins, Version=1.0.0.0, Culture=neutral, PublicKeyToken=1bc638ad38631369" CustomizationLevel="1">
  <IsolationMode>2</IsolationMode>
  <SourceType>0</SourceType>
  <IntroducedVersion>1.0.1.0</IntroducedVersion>
  <FileName>/PluginAssemblies/RbsCrmDESCRMPlugins-36277DCB-FB57-E611-8F24-005056AE789B/RbsCrmDESCRMPlugins.dll</FileName>
  <PluginTypes>
    <PluginType AssemblyQualifiedName="Rbs.Crm.DESCRM.Plugins.PostLeadCreate, Rbs.Crm.DESCRM.Plugins, Version=1.0.0.0, Culture=neutral, PublicKeyToken=1bc638ad38631369" Name="Rbs.Crm.DESCRM.Plugins.PostLeadCreate">
      <Description>Plug-in to PostLeadCreate</Description>
      <FriendlyName>PostLeadCreate</FriendlyName>
    </PluginType>
  </PluginTypes>
</PluginAssembly>