﻿<?xml version="1.0" encoding="utf-8"?>
<systemform>
  <formid>{be74f006-cbf1-4c37-bd5a-93c846571876}</formid>
  <IntroducedVersion>1.0.0.0</IntroducedVersion>
  <FormPresentation>1</FormPresentation>
  <FormActivationState>1</FormActivationState>
  <form>
    <tabs>
      <tab verticallayout="true" id="{d3a0f290-5f4c-4d34-8c3a-3fcaa71676a4}" IsUserDefined="1">
        <labels>
          <label description="General" languagecode="1033" />
        </labels>
        <columns>
          <column width="100%">
            <sections>
              <section showlabel="false" showbar="false" IsUserDefined="0" id="{73849150-d61f-46fc-8d03-51770da082e7}">
                <labels>
                  <label description="General" languagecode="1033" />
                </labels>
                <rows>
                  <row>
                    <cell id="{d713f98d-2997-4986-a0c3-ca97b87fe13d}" showlabel="true" locklevel="0" visible="false">
                      <labels>
                        <label description="Name" languagecode="1033" />
                      </labels>
                      <control id="rbs_name" classid="{4273EDBD-AC1D-40d3-9FB2-095C621B552D}" datafieldname="rbs_name" uniqueid="{b2c304d9-a828-bc51-da8e-0d73c99e9e06}" disabled="true" />
                    </cell>
                  </row>
                  <row>
                    <cell id="{cadfd612-eeb5-4156-a10b-43b52b8d74b2}" showlabel="true" locklevel="1" visible="false">
                      <labels>
                        <label description="Owner" languagecode="1033" />
                      </labels>
                      <control id="ownerid" classid="{270BD3DB-D9AF-4782-9025-509E298DEC0A}" datafieldname="ownerid" uniqueid="{598bb726-ad34-ba89-5a35-2230ee821c4e}" disabled="true">
                        <parameters>
                          <AutoResolve>true</AutoResolve>
                          <DisableMru>false</DisableMru>
                        </parameters>
                      </control>
                    </cell>
                  </row>
                  <row>
                    <cell id="{351b666d-e751-4929-8e12-aa16761b82e6}" showlabel="true" locklevel="0">
                      <labels>
                        <label description="Team" languagecode="1033" />
                      </labels>
                      <control id="rbs_team" classid="{270BD3DB-D9AF-4782-9025-509E298DEC0A}" datafieldname="rbs_team" disabled="false" />
                    </cell>
                  </row>
                  <row>
                    <cell id="{ce1ec5e4-0d42-b7ed-b5a4-23b4319822dd}" showlabel="true" locklevel="0">
                      <labels>
                        <label description="Distribution Rule" languagecode="1033" />
                      </labels>
                      <control id="rbs_distributionrule" classid="{270BD3DB-D9AF-4782-9025-509E298DEC0A}" datafieldname="rbs_distributionrule" disabled="true" uniqueid="{cc6c6ab5-72e0-d54a-d15d-7ebdb38b2832}">
                        <parameters>
                          <AutoResolve>true</AutoResolve>
                          <DisableMru>false</DisableMru>
                          <DisableQuickFind>false</DisableQuickFind>
                          <DisableViewPicker>false</DisableViewPicker>
                          <DefaultViewId>{3BD6BE9E-6498-4AAF-A099-5B5A992ED3CB}</DefaultViewId>
                          <AllowFilterOff>false</AllowFilterOff>
                        </parameters>
                      </control>
                    </cell>
                  </row>
                  <row>
                    <cell id="{3b1e6c9c-2511-c008-6d96-499995a348c3}" showlabel="true" locklevel="0">
                      <labels>
                        <label description="Distribution Threshold Count" languagecode="1033" />
                      </labels>
                      <control id="rbs_distributionthresholdcount" classid="{C6D124CA-7EDA-4a60-AEA9-7FB8D318B68F}" datafieldname="rbs_distributionthresholdcount" disabled="false" />
                    </cell>
                  </row>
                </rows>
              </section>
            </sections>
          </column>
        </columns>
      </tab>
    </tabs>
    <header id="{06bb82af-2c0a-4259-b916-3e436b4db3c2}" columns="111">
      <rows>
        <row>
          <cell id="{03e2662c-12ba-4c49-ac76-699fa4aa68be}">
            <labels>
              <label description="" languagecode="1033" />
            </labels>
          </cell>
          <cell id="{edb1156d-0576-ab0b-bac5-535b1b0379d5}" showlabel="true" locklevel="0">
            <labels>
              <label description="Status" languagecode="1033" />
            </labels>
            <control id="header_statecode" classid="{3EF39988-22BB-4f0b-BBBE-64B5A3748AEE}" datafieldname="statecode" disabled="false" />
          </cell>
          <cell id="{3920c024-ab60-7d7e-69eb-c3219628a2a4}" showlabel="true" locklevel="0">
            <labels>
              <label description="Owner" languagecode="1033" />
            </labels>
            <control id="header_ownerid" classid="{270BD3DB-D9AF-4782-9025-509E298DEC0A}" datafieldname="ownerid" disabled="false" />
          </cell>
        </row>
      </rows>
    </header>
    <Navigation>
      <NavBar></NavBar>
      <NavBarAreas>
        <NavBarArea Id="Info">
          <Titles>
            <Title LCID="1033" Text="Common" />
          </Titles>
        </NavBarArea>
        <NavBarArea Id="Sales">
          <Titles>
            <Title LCID="1033" Text="Sales" />
          </Titles>
        </NavBarArea>
        <NavBarArea Id="Service">
          <Titles>
            <Title LCID="1033" Text="Service" />
          </Titles>
        </NavBarArea>
        <NavBarArea Id="Marketing">
          <Titles>
            <Title LCID="1033" Text="Marketing" />
          </Titles>
        </NavBarArea>
        <NavBarArea Id="ProcessCenter">
          <Titles>
            <Title LCID="1033" Text="Process Sessions" />
          </Titles>
        </NavBarArea>
      </NavBarAreas>
    </Navigation>
    <controlDescriptions />
  </form>
  <IsCustomizable>1</IsCustomizable>
  <CanBeDeleted>1</CanBeDeleted>
  <LocalizedNames>
    <LocalizedName description="Information" languagecode="1033" />
  </LocalizedNames>
  <Descriptions>
    <Description description="A form for this entity." languagecode="1033" />
  </Descriptions>
</systemform>