<?xml version="1.0" encoding="utf-8"?>
<savedqueries xmlns:xsi="http://www.w3.org/2001/XMLSchema-instance">
  <savedquery>
    <IsCustomizable>1</IsCustomizable>
    <CanBeDeleted>0</CanBeDeleted>
    <isquickfindquery>0</isquickfindquery>
    <isprivate>0</isprivate>
    <isdefault>1</isdefault>
    <savedqueryid>{d597122b-6fea-4cd5-abfe-af83f1d3678f}</savedqueryid>
    <layoutxml>
      <grid
        name="rhm_productserialnumbers"
        jump="rhm_serialnumber"
        select="1"
        icon="1"
        preview="1">
        <row
          name="rhm_productserialnumber"
          id="rhm_productserialnumberid">
          <cell
            name="rhm_serialnumber"
            width="300" />
          <cell
            name="createdon"
            width="125" />
        </row>
      </grid>
    </layoutxml>
    <querytype>2</querytype>
    <fetchxml>
      <fetch
        version="1.0"
        mapping="logical">
        <entity
          name="rhm_productserialnumber">
          <attribute
            name="rhm_productserialnumberid" />
          <attribute
            name="rhm_serialnumber" />
          <attribute
            name="createdon" />
          <order
            attribute="rhm_serialnumber"
            descending="false" />
          <filter
            type="and">
            <condition
              attribute="statecode"
              operator="eq"
              value="0" />
          </filter>
        </entity>
      </fetch>
    </fetchxml>
    <IntroducedVersion>1.0</IntroducedVersion>
    <LocalizedNames>
      <LocalizedName
        description="Product Serial Number Associated View"
        languagecode="1033" />
    </LocalizedNames>
  </savedquery>
</savedqueries>