<?xml version="1.0" encoding="utf-8"?>
<savedqueries xmlns:xsi="http://www.w3.org/2001/XMLSchema-instance">
  <savedquery>
    <IsCustomizable>1</IsCustomizable>
    <CanBeDeleted>0</CanBeDeleted>
    <isquickfindquery>0</isquickfindquery>
    <isprivate>0</isprivate>
    <isdefault>1</isdefault>
    <savedqueryid>{d605e4eb-3021-44ab-bdad-39e4927ced5c}</savedqueryid>
    <layoutxml>
      <grid
        name="resultset"
        jump="rhm_serialnumber"
        select="1"
        icon="1"
        preview="1">
        <row
          name="result"
          id="rhm_productserialnumberid">
          <cell
            name="rhm_serialnumber"
            width="125" />
          <cell
            name="rhm_modelnumber"
            width="125" />
          <cell
            name="rhm_brand"
            width="100" />
          <cell
            name="rhm_producttype"
            width="115" />
          <cell
            name="rhm_installationdate"
            width="133" />
          <cell
            name="rhm_dateofmanufacture"
            width="157" />
          <cell
            name="rhm_dateregistered"
            width="130" />
          <cell
            name="rhm_shippeddate"
            width="116" />
        </row>
      </grid>
    </layoutxml>
    <querytype>0</querytype>
    <fetchxml>
      <fetch
        version="1.0"
        mapping="logical">
        <entity
          name="rhm_productserialnumber">
          <attribute
            name="rhm_productserialnumberid" />
          <attribute
            name="rhm_serialnumber" />
          <order
            attribute="rhm_serialnumber"
            descending="false" />
          <filter
            type="and">
            <condition
              attribute="statecode"
              operator="eq"
              value="0" />
          </filter>
          <attribute
            name="rhm_modelnumber" />
          <attribute
            name="rhm_brand" />
          <attribute
            name="rhm_producttype" />
          <attribute
            name="rhm_installationdate" />
          <attribute
            name="rhm_dateofmanufacture" />
          <attribute
            name="rhm_dateregistered" />
          <attribute
            name="rhm_shippeddate" />
        </entity>
      </fetch>
    </fetchxml>
    <IntroducedVersion>1.0</IntroducedVersion>
    <LocalizedNames>
      <LocalizedName
        description="Active Product Serial Numbers"
        languagecode="1033" />
    </LocalizedNames>
  </savedquery>
</savedqueries>