﻿<?xml version="1.0" encoding="utf-8"?>
<systemform>
  <formid>{a2a56263-ec37-4991-a3b0-e7b37a71d818}</formid>
  <IntroducedVersion>1.0</IntroducedVersion>
  <FormPresentation>0</FormPresentation>
  <FormActivationState>1</FormActivationState>
  <form>
    <hiddencontrols>
      <data id="pricelevelid" datafieldname="pricelevelid" classid="{5546E6CD-394C-4bee-94A8-4425E17EF6C6}" />
      <data id="statecode" datafieldname="statecode" classid="{5546E6CD-394C-4bee-94A8-4425E17EF6C6}" />
    </hiddencontrols>
    <tabs>
      <tab name="general" verticallayout="true" id="{a9dd8610-71e3-4fe3-93d6-cee419cd614d}" IsUserDefined="0">
        <labels>
          <label description="General" languagecode="1033" />
        </labels>
        <columns>
          <column width="100%">
            <sections>
              <section name="opportunity information" showlabel="false" showbar="false" id="{2fda664a-00d2-4b22-a68f-24983962bdfe}" IsUserDefined="0">
                <labels>
                  <label description="Opportunity Information" languagecode="1033" />
                </labels>
                <rows>
                  <row>
                    <cell colspan="2" id="{a90a6223-6904-443c-b40f-de1e8ad44285}">
                      <labels>
                        <label description="Topic" languagecode="1033" />
                      </labels>
                      <control id="name" classid="{4273EDBD-AC1D-40d3-9FB2-095C621B552D}" datafieldname="name" />
                    </cell>
                  </row>
                  <row>
                    <cell id="{446de635-748f-463e-8be6-a2d0a8d4954b}">
                      <labels>
                        <label description="Potential Customer" languagecode="1033" />
                      </labels>
                      <control id="customerid" classid="{270BD3DB-D9AF-4782-9025-509E298DEC0A}" datafieldname="customerid" />
                    </cell>
                    <cell id="{2ef4b125-7a55-46d0-85e5-f61da1bd883a}">
                      <labels>
                        <label description="" languagecode="1033" />
                      </labels>
                    </cell>
                  </row>
                  <row>
                    <cell colspan="2" rowspan="5" auto="true" id="{8fc2b533-4b2b-40d5-9416-d267788a451d}">
                      <labels>
                        <label description="Description" languagecode="1033" />
                      </labels>
                      <control id="description" classid="{E0DECE4B-6FC8-4a8f-A065-082708572369}" datafieldname="description" />
                    </cell>
                  </row>
                  <row />
                  <row />
                  <row />
                  <row height="auto" />
                </rows>
              </section>
              <section name="forecast information" showlabel="true" showbar="true" id="{abcd867b-8348-4483-8345-c4decb74d2c2}" IsUserDefined="0">
                <labels>
                  <label description="Forecast Information" languagecode="1033" />
                </labels>
                <rows>
                  <row>
                    <cell colspan="2" id="{13653c24-5e5f-4b04-bd2f-f412dac510aa}">
                      <labels>
                        <label description="Revenue" languagecode="1033" />
                      </labels>
                      <control id="isrevenuesystemcalculated" classid="{67FAC785-CD58-4f9f-ABB3-4B7DDC6ED5ED}" datafieldname="isrevenuesystemcalculated" />
                    </cell>
                  </row>
                  <row>
                    <cell id="{86b312ed-1350-4e19-808e-d2ab62307f20}">
                      <labels>
                        <label description="Est. Revenue" languagecode="1033" />
                      </labels>
                      <control id="estimatedvalue" classid="{533B9E00-756B-4312-95A0-DC888637AC78}" datafieldname="estimatedvalue" />
                    </cell>
                    <cell id="{a0b50c8e-7824-4454-b392-b71183500267}">
                      <labels>
                        <label description="Probability (%)" languagecode="1033" />
                      </labels>
                      <control id="closeprobability" classid="{C6D124CA-7EDA-4a60-AEA9-7FB8D318B68F}" datafieldname="closeprobability" />
                    </cell>
                  </row>
                  <row>
                    <cell id="{a5213a6c-fa8d-49a1-84c8-5f66267aebe5}">
                      <labels>
                        <label description="Est. Close Date" languagecode="1033" />
                      </labels>
                      <control id="estimatedclosedate" classid="{5B773807-9FB2-42db-97C3-7A91EFF8ADFF}" datafieldname="estimatedclosedate" />
                    </cell>
                    <cell id="{4b055ff0-055c-404a-b036-9554c09db219}">
                      <labels>
                        <label description="Rating" languagecode="1033" />
                      </labels>
                      <control id="opportunityratingcode" classid="{3EF39988-22BB-4f0b-BBBE-64B5A3748AEE}" datafieldname="opportunityratingcode" />
                    </cell>
                  </row>
                  <row>
                    <cell id="{3e4b0cae-518d-4316-8c9f-93077723b7d8}">
                      <labels>
                        <label description="Currency" languagecode="1033" />
                      </labels>
                      <control id="transactioncurrencyid" classid="{270BD3DB-D9AF-4782-9025-509E298DEC0A}" datafieldname="transactioncurrencyid" />
                    </cell>
                    <cell id="{36d8036c-074f-4fd2-b175-ebc6eb7089e9}">
                      <labels>
                        <label description="" languagecode="1033" />
                      </labels>
                    </cell>
                  </row>
                </rows>
              </section>
            </sections>
          </column>
        </columns>
      </tab>
      <tab name="Product Line Item Details" verticallayout="true" id="{4C3A3EC2-AB96-4c36-9FEA-1CDAF76A2AC7}" IsUserDefined="0">
        <labels>
          <label description="Line Items" languagecode="1033" />
        </labels>
        <columns>
          <column width="100%">
            <sections>
              <section name="opportunityproducts" showlabel="false" showbar="false" locklevel="0" id="{966af541-e788-4b7e-ba3b-a13b4a6b6440}" height="auto" IsUserDefined="0" layout="varheight" columns="11">
                <labels>
                  <label description="Opportunity Products" languagecode="1033" />
                </labels>
                <rows>
                  <row>
                    <cell id="{2bf4485c-3d3e-444f-ac11-8a6262083d88}">
                      <labels>
                        <label description="Price List" languagecode="1033" />
                      </labels>
                      <events>
                        <event name="setadditionalparams" application="true" active="true">
                          <InternalHandlers>
                            <Handler functionName="Mscrm.pricelevelid_setadditionalparams" libraryName="Opportunity_main_system_library.js" handlerUniqueId="1191cc10-3daa-4368-9615-e3fb183f2189" enabled="true" passExecutionContext="true">
                              <dependencies>
                                <dependency id="transactioncurrencyid" />
                              </dependencies>
                            </Handler>
                          </InternalHandlers>
                        </event>
                      </events>
                      <control id="pricelevelid" classid="{270BD3DB-D9AF-4782-9025-509E298DEC0A}" datafieldname="pricelevelid" />
                    </cell>
                    <cell id="{0503feed-3f3f-4364-9ff8-aa4ce089249b}">
                      <labels>
                        <label description="" languagecode="1033" />
                      </labels>
                    </cell>
                  </row>
                </rows>
              </section>
              <section name="products" showlabel="false" showbar="false" id="{b2bc9513-c724-442f-b025-54312bc530a6}" IsUserDefined="0" height="auto">
                <labels>
                  <label description="Products" languagecode="1033" />
                </labels>
                <rows>
                  <row>
                    <cell colspan="2" rowspan="4" showlabel="false" auto="true" id="{3b01849f-5d77-4f92-b289-e66ea8e270ed}">
                      <labels>
                        <label description="PRODUCTS" languagecode="1033" />
                      </labels>
                      <control id="opportunityproductsGrid" classid="{E7A81278-8635-4d9e-8D4D-59480B391C5B}">
                        <parameters>
                          <TargetEntityType>opportunityproduct</TargetEntityType>
                          <ViewId>{01010DE7-749E-4FE6-8037-ACA560A4FCBE}</ViewId>
                          <RelationshipName>product_opportunities</RelationshipName>
                          <AutoExpand>Auto</AutoExpand>
                          <EnableQuickFind>false</EnableQuickFind>
                          <EnableViewPicker>false</EnableViewPicker>
                          <EnableJumpBar>false</EnableJumpBar>
                          <RecordsPerPage>10</RecordsPerPage>
                        </parameters>
                      </control>
                    </cell>
                  </row>
                  <row />
                  <row />
                  <row />
                </rows>
              </section>
              <section name="totals" labelwidth="250" showlabel="false" showbar="false" id="{9fbdfdb3-e6f8-4a84-bc28-1aae7d15d70d}" IsUserDefined="0">
                <labels>
                  <label description="Product Line Item Totals" languagecode="1033" />
                </labels>
                <rows>
                  <row>
                    <cell id="{d64fc86e-ce52-431f-b71e-bccffb101d66}">
                      <labels>
                        <label description="(-) Discount (%)" languagecode="1033" />
                      </labels>
                      <control id="discountpercentage" classid="{C3EFE0C3-0EC6-42be-8349-CBD9079DFD8E}" datafieldname="discountpercentage" />
                    </cell>
                    <cell id="{a4aef76b-e960-4559-95c7-ae9ea517132b}">
                      <labels>
                        <label description="Detail Amount" languagecode="1033" />
                      </labels>
                      <control id="totallineitemamount" classid="{533B9E00-756B-4312-95A0-DC888637AC78}" datafieldname="totallineitemamount" />
                    </cell>
                  </row>
                  <row>
                    <cell id="{0ee22e2f-db1c-4c72-9bb0-7d84fd88f901}">
                      <labels>
                        <label description="(-) Discount" languagecode="1033" />
                      </labels>
                      <control id="discountamount" classid="{533B9E00-756B-4312-95A0-DC888637AC78}" datafieldname="discountamount" />
                    </cell>
                    <cell id="{1ebc7785-bd87-4ca6-8be0-6f8a8da34ec9}">
                      <labels>
                        <label description="Pre-Freight Amount" languagecode="1033" />
                      </labels>
                      <control id="totalamountlessfreight" classid="{533B9E00-756B-4312-95A0-DC888637AC78}" datafieldname="totalamountlessfreight" />
                    </cell>
                  </row>
                  <row>
                    <cell id="{befb84e7-f0a1-4228-80c3-5843556adc01}">
                      <labels>
                        <label description="Freight Amount" languagecode="1033" />
                      </labels>
                      <control id="freightamount" classid="{533B9E00-756B-4312-95A0-DC888637AC78}" datafieldname="freightamount" />
                    </cell>
                    <cell id="{34a1e7ec-43f5-44f4-858f-48a3426a022c}">
                      <labels>
                        <label description="Total Amount" languagecode="1033" />
                      </labels>
                      <control id="totalamount" classid="{533B9E00-756B-4312-95A0-DC888637AC78}" datafieldname="totalamount" />
                    </cell>
                  </row>
                  <row>
                    <cell id="{9d37377e-4ce4-4a47-9876-c3a77f526593}">
                      <labels>
                        <label description="Total Tax" languagecode="1033" />
                      </labels>
                      <control id="totaltax" classid="{533B9E00-756B-4312-95A0-DC888637AC78}" datafieldname="totaltax" />
                    </cell>
                    <cell id="{6ab78ea8-e458-432e-b01d-e8f71e0178e5}">
                      <labels>
                        <label description="" languagecode="1033" />
                      </labels>
                    </cell>
                  </row>
                </rows>
              </section>
            </sections>
          </column>
        </columns>
      </tab>
      <tab name="notes and activities" id="{25A511F6-4CF0-4c5e-838F-1AEB9BC07ED9}" IsUserDefined="0" expanded="false">
        <labels>
          <label description="Notes &amp; Activities" languagecode="1033" />
        </labels>
        <columns>
          <column width="100%">
            <sections>
              <section name="activities" showlabel="true" showbar="true" id="{470cfb7f-cf43-45aa-a5d9-42473bd68d62}" IsUserDefined="0" height="auto">
                <labels>
                  <label description="Activities" languagecode="1033" />
                </labels>
                <rows>
                  <row>
                    <cell id="{659bb627-73b0-4bc3-050e-cab58cb64305}" showlabel="false" colspan="2" auto="true" rowspan="7">
                      <labels>
                        <label description="Activities" languagecode="1033" />
                      </labels>
                      <control id="opportunityactivitiesgrid" classid="{E7A81278-8635-4d9e-8D4D-59480B391C5B}">
                        <parameters>
                          <ViewId>{00000000-0000-0000-00AA-000010001900}</ViewId>
                          <RelationshipName>Opportunity_ActivityPointers</RelationshipName>
                          <TargetEntityType>activitypointer</TargetEntityType>
                          <AutoExpand>Fixed</AutoExpand>
                          <EnableQuickFind>false</EnableQuickFind>
                          <EnableViewPicker>true</EnableViewPicker>
                          <EnableJumpBar>false</EnableJumpBar>
                          <EnableChartPicker>false</EnableChartPicker>
                          <RecordsPerPage>10</RecordsPerPage>
                        </parameters>
                      </control>
                    </cell>
                  </row>
                  <row />
                  <row />
                  <row />
                  <row />
                  <row />
                  <row />
                </rows>
              </section>
              <section name="notes" showlabel="true" showbar="true" id="{58433D50-760E-4e03-BB38-DA312B950253}" IsUserDefined="0" height="auto">
                <labels>
                  <label description="Notes" languagecode="1033" />
                </labels>
                <rows>
                  <row>
                    <cell colspan="2" showlabel="false" rowspan="5" auto="false" id="{3c5ebdcd-dfd9-47f5-b091-6312b1483757}">
                      <labels>
                        <label description="Note Text" languagecode="1033" />
                      </labels>
                      <control id="notescontrol" classid="{06375649-C143-495E-A496-C962E5B4488E}" />
                    </cell>
                  </row>
                  <row />
                  <row />
                  <row />
                  <row height="auto" />
                </rows>
              </section>
            </sections>
          </column>
        </columns>
      </tab>
      <tab name="Opportunity Quotes" verticallayout="true" id="{379BB2D1-8E92-406f-AD33-1D479367FD75}" IsUserDefined="0">
        <labels>
          <label description="Quotes" languagecode="1033" />
        </labels>
        <columns>
          <column width="100%">
            <sections>
              <section name="opportunityquotes" showlabel="false" showbar="false" locklevel="0" id="{3bd7ef0c-ff6a-4999-984b-09d483363400}" height="auto" IsUserDefined="0" layout="varheight" columns="11">
                <labels>
                  <label description="Quotes" languagecode="1033" />
                </labels>
                <rows>
                  <row>
                    <cell colspan="2" rowspan="4" showlabel="false" auto="true" id="{da8de23c-5464-4497-bcce-fb297b651fd9}">
                      <labels>
                        <label description="Quotes" languagecode="1033" />
                      </labels>
                      <control id="opportunityQuotesGrid" classid="{E7A81278-8635-4d9e-8D4D-59480B391C5B}">
                        <parameters>
                          <TargetEntityType>quote</TargetEntityType>
                          <ViewId>{642095DB-91DD-4813-BB31-665A3A2BAE61}</ViewId>
                          <RelationshipName>opportunity_quotes</RelationshipName>
                          <AutoExpand>Auto</AutoExpand>
                          <EnableQuickFind>false</EnableQuickFind>
                          <EnableViewPicker>false</EnableViewPicker>
                          <EnableJumpBar>false</EnableJumpBar>
                          <RecordsPerPage>10</RecordsPerPage>
                          <EnableChartPicker>false</EnableChartPicker>
                        </parameters>
                      </control>
                    </cell>
                  </row>
                  <row />
                  <row />
                  <row />
                </rows>
              </section>
            </sections>
          </column>
        </columns>
      </tab>
      <tab name="administration" id="{4f0d6fd2-1e7d-45ad-9127-0aca662b616c}" IsUserDefined="0">
        <labels>
          <label description="Preferences" languagecode="1033" />
        </labels>
        <columns>
          <column width="100%">
            <sections>
              <section name="internal information" showlabel="false" showbar="false" id="{4078013e-a827-4bec-bd46-97340b1e0785}" IsUserDefined="0">
                <labels>
                  <label description="Internal Information" languagecode="1033" />
                </labels>
                <rows>
                  <row>
                    <cell id="{f1d62eb4-e48c-478d-8f24-8cbfd9a72c50}">
                      <labels>
                        <label description="Owner" languagecode="1033" />
                      </labels>
                      <control id="ownerid" classid="{270BD3DB-D9AF-4782-9025-509E298DEC0A}" datafieldname="ownerid" />
                    </cell>
                    <cell id="{6ef46c40-8ca5-4039-8812-49d08ad74431}">
                      <labels>
                        <label description="Originating Lead" languagecode="1033" />
                      </labels>
                      <control id="originatingleadid" classid="{270BD3DB-D9AF-4782-9025-509E298DEC0A}" datafieldname="originatingleadid" />
                    </cell>
                  </row>
                  <row>
                    <cell id="{f6ea7615-6bc6-4b7a-b22f-b0113777d76d}">
                      <labels>
                        <label description="Status Reason" languagecode="1033" />
                      </labels>
                      <control id="statuscode" classid="{5D68B988-0661-4db2-BC3E-17598AD3BE6C}" datafieldname="statuscode" />
                    </cell>
                    <cell auto="false" showlabel="true" locklevel="0" rowspan="1" colspan="1" id="{86d68687-d31b-4529-8f26-93f86be83c9d}">
                      <labels>
                        <label description="Source Campaign" languagecode="1033" />
                      </labels>
                      <control id="campaignid" classid="{270BD3DB-D9AF-4782-9025-509E298DEC0A}" datafieldname="campaignid" disabled="true" />
                    </cell>
                  </row>
                </rows>
              </section>
            </sections>
          </column>
        </columns>
      </tab>
    </tabs>
    <header id="{c23f3530-ef08-440c-9b8b-e16aa5864063}" celllabelposition="Top">
      <rows>
        <row>
          <cell id="{c0461474-c12b-4999-1492-2b6788509325}">
            <labels>
              <label description="Potential Customer" languagecode="1033" />
            </labels>
            <control id="header_customerid" classid="{270BD3DB-D9AF-4782-9025-509E298DEC0A}" datafieldname="customerid" disabled="true" />
          </cell>
          <cell id="{8a766718-3312-0b37-556c-663a1a1d4024}">
            <labels>
              <label description="Est. Revenue" languagecode="1033" />
            </labels>
            <control id="header_estimatedvalue" classid="{533B9E00-756B-4312-95A0-DC888637AC78}" datafieldname="estimatedvalue" disabled="true" />
          </cell>
          <cell id="{c2ad82b8-9d2b-28cd-ae2d-11ccb974788c}">
            <labels>
              <label description="Est. Close Date" languagecode="1033" />
            </labels>
            <control id="header_estimatedclosedate" classid="{5B773807-9FB2-42db-97C3-7A91EFF8ADFF}" datafieldname="estimatedclosedate" disabled="true" />
          </cell>
        </row>
      </rows>
    </header>
    <events>
      <event name="onload" application="true" active="true">
        <InternalHandlers>
          <Handler functionName="Mscrm.Form_onload" libraryName="Opportunity_main_system_library.js" handlerUniqueId="228e5887-18c6-4d90-8d6e-bae09af2d977" enabled="true">
            <dependencies>
              <dependency id="estimatedvalue" />
              <dependency id="isrevenuesystemcalculated" />
            </dependencies>
          </Handler>
        </InternalHandlers>
      </event>
      <event name="onchange" attribute="isrevenuesystemcalculated" application="true" active="true">
        <InternalHandlers>
          <Handler functionName="Mscrm.isrevenuesystemcalculated_onchange" libraryName="Opportunity_main_system_library.js" handlerUniqueId="3b6c5880-6469-48bc-9642-f5350374785b" enabled="true">
            <dependencies>
              <dependency id="estimatedvalue" />
              <dependency id="totalamount" />
            </dependencies>
          </Handler>
        </InternalHandlers>
      </event>
      <event name="onchange" application="true" active="true" attribute="transactioncurrencyid">
        <InternalHandlers>
          <Handler functionName="Mscrm.transactioncurrencyid_onchange" libraryName="Opportunity_main_system_library.js" handlerUniqueId="151544F6-720A-4606-820D-60E0DB0D2606" enabled="true">
            <dependencies>
              <dependency id="pricelevelid" />
            </dependencies>
          </Handler>
        </InternalHandlers>
      </event>
    </events>
    <clientresources>
      <internalresources>
        <clientincludes>
          <internaljscriptfile src="$webresource:Opportunity_main_system_library.js" />
        </clientincludes>
      </internalresources>
    </clientresources>
    <Navigation>
      <NavBar>
        <NavBarByRelationshipItem RelationshipName="opportunity_customer_opportunity_roles" Id="navRelationship" TitleResourceId="Tab_Label_Relationship">
          <Privileges>
            <Privilege Entity="" Privilege="ReadCustomerOpportunityRole" />
          </Privileges>
        </NavBarByRelationshipItem>
        <NavBarByRelationshipItem RelationshipName="Opportunity_ActivityPointers" Id="navActivities" Icon="/_imgs/ico_18_act.gif" />
        <NavBarByRelationshipItem RelationshipName="Opportunity_ActivityPointers" Id="navActivityHistory" TitleResourceId="Tab_Label_History" Icon="/_imgs/ico_18_history.gif" ViewId="21E2B905-6FDB-470d-8517-AD69B4C01268" />
      </NavBar>
    </Navigation>
  </form>
  <LocalizedNames>
    <LocalizedName description="Information" languagecode="1033" />
  </LocalizedNames>
  <Descriptions>
    <Description description="A form for this entity." languagecode="1033" />
  </Descriptions>
</systemform>