﻿<?xml version="1.0" encoding="utf-8"?>
<systemform>
  <formid>{a837e4a7-01b8-4f82-a475-be9abd67e667}</formid>
  <IntroducedVersion>5.0.0.0</IntroducedVersion>
  <FormPresentation>1</FormPresentation>
  <FormActivationState>1</FormActivationState>
  <form shownavigationbar="true" showImage="false" maxWidth="1900">
    <ancestor id="{a837e4a7-01b8-4f82-a475-be9abd67e667}" />
    <hiddencontrols>
      <data id="pricelevelid" datafieldname="pricelevelid" classid="{5546E6CD-394C-4bee-94A8-4425E17EF6C6}" />
      <data id="statecode" datafieldname="statecode" classid="{5546E6CD-394C-4bee-94A8-4425E17EF6C6}" />
    </hiddencontrols>
    <tabs>
      <tab name="Summary" verticallayout="true" id="{b6a005fd-5964-4427-b39b-6750e1a5fa6f}" IsUserDefined="0" expanded="true" locklevel="0" showlabel="true">
        <labels>
          <label description="Summary" languagecode="1033" />
        </labels>
        <columns>
          <column width="28%">
            <sections>
              <section name="opportunity_information" showlabel="false" showbar="false" id="{5d1cf874-b807-4158-b230-1a13c1db73ad}" columns="1" IsUserDefined="0">
                <labels>
                  <label description="Opportunity Information" languagecode="1033" />
                </labels>
                <rows>
                  <row>
                    <cell colspan="1" id="{439e0732-3f3a-409d-98ba-83d3251cb64b}">
                      <labels>
                        <label description="Topic" languagecode="1033" />
                      </labels>
                      <control id="name" classid="{4273EDBD-AC1D-40d3-9FB2-095C621B552D}" datafieldname="name" />
                    </cell>
                  </row>
                  <row>
                    <cell id="{181e7f45-3819-40c3-bdf3-1c892d53f35d}">
                      <labels>
                        <label description="Contact" languagecode="1033" />
                      </labels>
                      <control id="parentcontactid" classid="{270BD3DB-D9AF-4782-9025-509E298DEC0A}" datafieldname="parentcontactid" />
                    </cell>
                  </row>
                  <row>
                    <cell id="{b060498e-5853-4382-8ea2-26ba7883f4da}">
                      <labels>
                        <label description="Account" languagecode="1033" />
                      </labels>
                      <control id="parentaccountid" classid="{270BD3DB-D9AF-4782-9025-509E298DEC0A}" datafieldname="parentaccountid" />
                    </cell>
                  </row>
                  <row>
                    <cell id="{7f5a51a0-115c-4f72-a2f3-7d963e7fa664}">
                      <labels>
                        <label description="Purchase Timeframe" languagecode="1033" />
                      </labels>
                      <control id="purchasetimeframe" classid="{3EF39988-22BB-4f0b-BBBE-64B5A3748AEE}" datafieldname="purchasetimeframe" />
                    </cell>
                  </row>
                  <row>
                    <cell id="{4c69d917-e84e-4c9d-ba14-f7bb5bc0a51f}">
                      <labels>
                        <label description="Currency" languagecode="1033" />
                      </labels>
                      <control id="transactioncurrencyid" classid="{270BD3DB-D9AF-4782-9025-509E298DEC0A}" datafieldname="transactioncurrencyid" />
                    </cell>
                  </row>
                  <row>
                    <cell id="{b0e21400-f671-46d7-a9c3-1a6c61e4ef1c}">
                      <labels>
                        <label description="Budget Amount" languagecode="1033" />
                      </labels>
                      <control id="budgetamount" classid="{533B9E00-756B-4312-95A0-DC888637AC78}" datafieldname="budgetamount" />
                    </cell>
                  </row>
                  <row>
                    <cell id="{f9bdae13-ecd5-4eb7-b71f-f14b9619f7c5}">
                      <labels>
                        <label description="Purchase Process" languagecode="1033" />
                      </labels>
                      <control id="purchaseprocess" classid="{3EF39988-22BB-4f0b-BBBE-64B5A3748AEE}" datafieldname="purchaseprocess" />
                    </cell>
                  </row>
                  <row>
                    <cell id="{2cee855d-be6b-786d-e781-8ccbd1858cb5}" showlabel="true" locklevel="0" rowspan="5">
                      <labels>
                        <label description="Description" languagecode="1033" />
                      </labels>
                      <control id="description" classid="{E0DECE4B-6FC8-4a8f-A065-082708572369}" datafieldname="description" disabled="false" />
                    </cell>
                  </row>
                  <row />
                  <row />
                  <row />
                  <row />
                </rows>
              </section>
              <section name="Opportunity_details" showlabel="false" showbar="false" id="{f961b0a9-2637-4fd3-a4d7-8e55b5246727}" layout="varwidth" columns="1" celllabelposition="Top" IsUserDefined="0">
                <labels>
                  <label description="Opportunity Details" languagecode="1033" />
                </labels>
                <rows>
                  <row>
                    <cell id="{1bc21bed-1e7d-49b7-8223-72ba1cda8019}" showlabel="false" userspacer="true">
                      <labels>
                        <label description="" languagecode="1033" />
                      </labels>
                    </cell>
                  </row>
                  <row>
                    <cell id="{74794dae-95cf-413e-9472-699e76e1e1a0}" rowspan="3">
                      <labels>
                        <label description="Current Situation" languagecode="1033" />
                      </labels>
                      <control id="currentsituation" classid="{E0DECE4B-6FC8-4a8f-A065-082708572369}" datafieldname="currentsituation" />
                    </cell>
                  </row>
                  <row />
                  <row />
                  <row>
                    <cell id="{ee5d4aa4-e0b5-4822-ba14-49c1c8430a86}" rowspan="3">
                      <labels>
                        <label description="Customer Need" languagecode="1033" />
                      </labels>
                      <control id="customerneed" classid="{E0DECE4B-6FC8-4a8f-A065-082708572369}" datafieldname="customerneed" />
                    </cell>
                  </row>
                  <row />
                  <row />
                  <row>
                    <cell id="{6862197e-b146-47ce-afc2-3f02b06ca0c4}" rowspan="3">
                      <labels>
                        <label description="Proposed Solution" languagecode="1033" />
                      </labels>
                      <control id="proposedsolution" classid="{E0DECE4B-6FC8-4a8f-A065-082708572369}" datafieldname="proposedsolution" />
                    </cell>
                  </row>
                  <row />
                  <row />
                </rows>
              </section>
            </sections>
          </column>
          <column width="42%">
            <sections>
              <section name="Notes_pane" showlabel="false" showbar="false" id="{cbe1fe44-90c3-40f3-9307-2e72bdefe443}" layout="varwidth" columns="11" celllabelposition="Top" locklevel="0" labelwidth="115" IsUserDefined="0">
                <labels>
                  <label description="NOTES PANE" languagecode="1033" />
                </labels>
                <rows>
                  <row>
                    <cell colspan="2" showlabel="false" rowspan="20" auto="false" id="{17a95e0e-476c-43cf-b6e9-c112fa6c25ec}" locklevel="0">
                      <labels>
                        <label description="" languagecode="1033" />
                      </labels>
                      <control id="notescontrol" classid="{06375649-C143-495E-A496-C962E5B4488E}" disabled="false" />
                    </cell>
                  </row>
                  <row />
                  <row />
                  <row />
                  <row />
                  <row />
                  <row />
                  <row />
                  <row />
                  <row />
                  <row />
                  <row />
                  <row />
                  <row />
                  <row />
                  <row />
                  <row />
                  <row />
                  <row />
                  <row />
                </rows>
              </section>
            </sections>
          </column>
          <column width="30%">
            <sections>
              <section name="Social_pane" showlabel="false" showbar="false" locklevel="0" id="{c03918d8-d714-7b95-3083-443db3e303c8}" IsUserDefined="0" layout="varwidth" columns="1" labelwidth="115">
                <labels>
                  <label description="SOCIAL PANE" languagecode="1033" />
                </labels>
                <rows>
                  <row>
                    <cell id="{798de0be-acfe-4480-b3f7-69312505588a}" colspan="1" auto="false" rowspan="6" showlabel="true">
                      <labels>
                        <label description="STAKEHOLDERS" languagecode="1033" />
                      </labels>
                      <control id="Stakeholders" classid="{E7A81278-8635-4d9e-8D4D-59480B391C5B}">
                        <parameters>
                          <ViewId>{4E3600FA-B9C8-49F4-B69A-51EBA06D9BDF}</ViewId>
                          <IsUserView>false</IsUserView>
                          <RelationshipName>opportunity_connections1</RelationshipName>
                          <TargetEntityType>connection</TargetEntityType>
                          <AutoExpand>Fixed</AutoExpand>
                          <EnableQuickFind>false</EnableQuickFind>
                          <EnableViewPicker>false</EnableViewPicker>
                          <ViewIds></ViewIds>
                          <EnableJumpBar>false</EnableJumpBar>
                          <ChartGridMode>Grid</ChartGridMode>
                          <VisualizationId></VisualizationId>
                          <IsUserChart>false</IsUserChart>
                          <EnableChartPicker>false</EnableChartPicker>
                          <RecordsPerPage>6</RecordsPerPage>
                        </parameters>
                      </control>
                    </cell>
                  </row>
                  <row />
                  <row />
                  <row />
                  <row />
                  <row />
                  <row>
                    <cell id="{09519ff9-e8b9-4f1b-949a-fe6a1c0b0ddc}" showlabel="false" userspacer="true">
                      <labels>
                        <label description="" languagecode="1033" />
                      </labels>
                    </cell>
                  </row>
                  <row>
                    <cell id="{92822c63-42c0-4b31-8cb5-8ce123553796}" colspan="1" auto="false" rowspan="6" showlabel="true">
                      <labels>
                        <label description="SALES TEAM" languagecode="1033" />
                      </labels>
                      <control id="Pursuit_Team" classid="{E7A81278-8635-4d9e-8D4D-59480B391C5B}">
                        <parameters>
                          <ViewId>{FE4BC089-8901-466C-A41B-1C1090F204D4}</ViewId>
                          <IsUserView>false</IsUserView>
                          <RelationshipName>opportunity_connections1</RelationshipName>
                          <TargetEntityType>connection</TargetEntityType>
                          <AutoExpand>Fixed</AutoExpand>
                          <EnableQuickFind>false</EnableQuickFind>
                          <EnableViewPicker>false</EnableViewPicker>
                          <ViewIds></ViewIds>
                          <EnableJumpBar>false</EnableJumpBar>
                          <ChartGridMode>Grid</ChartGridMode>
                          <VisualizationId></VisualizationId>
                          <IsUserChart>false</IsUserChart>
                          <EnableChartPicker>false</EnableChartPicker>
                          <RecordsPerPage>6</RecordsPerPage>
                        </parameters>
                      </control>
                    </cell>
                  </row>
                  <row />
                  <row />
                  <row />
                  <row />
                  <row />
                  <row>
                    <cell id="{9a29c680-0d68-409e-9657-ea87cfca3b85}" showlabel="false" userspacer="true">
                      <labels>
                        <label description="" languagecode="1033" />
                      </labels>
                    </cell>
                  </row>
                  <row>
                    <cell id="{05a38f4d-1649-4741-84b6-d6de2db78048}" colspan="1" auto="false" rowspan="6" showlabel="true">
                      <labels>
                        <label description="COMPETITORS" languagecode="1033" />
                      </labels>
                      <control id="Competitors" classid="{E7A81278-8635-4d9e-8D4D-59480B391C5B}">
                        <parameters>
                          <ViewId>{57BCA9AC-87A0-4C28-ADC8-2D0A4645F29E}</ViewId>
                          <IsUserView>false</IsUserView>
                          <RelationshipName>opportunitycompetitors_association</RelationshipName>
                          <TargetEntityType>competitor</TargetEntityType>
                          <AutoExpand>Fixed</AutoExpand>
                          <EnableQuickFind>false</EnableQuickFind>
                          <EnableViewPicker>false</EnableViewPicker>
                          <ViewIds></ViewIds>
                          <EnableJumpBar>false</EnableJumpBar>
                          <ChartGridMode>All</ChartGridMode>
                          <VisualizationId></VisualizationId>
                          <IsUserChart>false</IsUserChart>
                          <EnableChartPicker>true</EnableChartPicker>
                          <RecordsPerPage>6</RecordsPerPage>
                          <RelationshipRoleOrdinal>1</RelationshipRoleOrdinal>
                        </parameters>
                      </control>
                    </cell>
                  </row>
                  <row />
                  <row />
                  <row />
                  <row />
                  <row />
                </rows>
              </section>
            </sections>
          </column>
        </columns>
      </tab>
      <tab name="Product_Line_Items" verticallayout="true" id="{79548060-31f7-4646-8c08-0296ecd4113b}" visible="true" expanded="true" IsUserDefined="0">
        <labels>
          <label description="Product Line Items" languagecode="1033" />
        </labels>
        <columns>
          <column width="100%">
            <sections>
              <section name="opportunityproducts" showlabel="false" showbar="false" id="{2b1ed7f7-3ebb-42f3-809f-94eba9f94fb2}" height="auto" IsUserDefined="0" layout="varheight" columns="111">
                <labels>
                  <label description="Opportunity Products" languagecode="1033" />
                </labels>
                <rows>
                  <row>
                    <cell id="{ba131dc7-aa7c-4d8b-9c94-421ed8a7ddaf}">
                      <labels>
                        <label description="Price List" languagecode="1033" />
                      </labels>
                      <events>
                        <event name="setAdditionalParams" application="true" active="true">
                          <InternalHandlers>
                            <Handler functionName="Mscrm.pricelevelid_setadditionalparams" libraryName="Opportunity_main_system_library.js" handlerUniqueId="1191cc10-3daa-4368-9615-e3fb183f2189" enabled="true" passExecutionContext="true">
                              <dependencies>
                                <dependency id="transactioncurrencyid" />
                              </dependencies>
                            </Handler>
                          </InternalHandlers>
                        </event>
                      </events>
                      <control id="pricelevelid" classid="{270BD3DB-D9AF-4782-9025-509E298DEC0A}" datafieldname="pricelevelid" />
                    </cell>
                    <cell id="{a236691e-a64a-4125-a380-6f59c1ca5eca}" showlabel="false">
                      <labels>
                        <label description="" languagecode="1033" />
                      </labels>
                    </cell>
                    <cell id="{09292369-1d45-420e-ac1c-8f73f57b3262}">
                      <labels>
                        <label description="" languagecode="1033" />
                      </labels>
                    </cell>
                  </row>
                  <row>
                    <cell id="{0B8DF861-AE32-4C79-9C4E-2ECAA9F74712}">
                      <labels>
                        <label description="Revenue" languagecode="1033" />
                      </labels>
                      <control id="isrevenuesystemcalculated" classid="{67FAC785-CD58-4f9f-ABB3-4B7DDC6ED5ED}" datafieldname="isrevenuesystemcalculated" />
                    </cell>
                    <cell id="{9B6E1519-AB19-4AD6-976E-8A0D5754AE0C}" showlabel="false">
                      <labels>
                        <label description="" languagecode="1033" />
                      </labels>
                    </cell>
                    <cell id="{781d6aaa-7647-4fd8-b247-ecd4803f71d6}">
                      <labels>
                        <label description="" languagecode="1033" />
                      </labels>
                    </cell>
                  </row>
                  <row>
                    <cell colspan="2" rowspan="4" showlabel="false" auto="true" id="{22177595-7784-43da-9af2-50e9115b956e}">
                      <labels>
                        <label description="Opportunity Products" languagecode="1033" />
                      </labels>
                      <control id="opportunityproductsGrid" classid="{E7A81278-8635-4d9e-8D4D-59480B391C5B}">
                        <parameters>
                          <TargetEntityType>opportunityproduct</TargetEntityType>
                          <ViewId>{01010DE7-749E-4FE6-8037-ACA560A4FCBE}</ViewId>
                          <RelationshipName>product_opportunities</RelationshipName>
                          <AutoExpand>Auto</AutoExpand>
                          <EnableQuickFind>false</EnableQuickFind>
                          <EnableViewPicker>false</EnableViewPicker>
                          <EnableJumpBar>false</EnableJumpBar>
                          <RecordsPerPage>25</RecordsPerPage>
                          <MaxRowsBeforeScroll>8</MaxRowsBeforeScroll>
                        </parameters>
                      </control>
                    </cell>
                    <cell id="{3f9675e5-b722-40cc-a953-7d2e747bac51}">
                      <labels>
                        <label description="" languagecode="1033" />
                      </labels>
                    </cell>
                  </row>
                  <row />
                  <row />
                  <row />
                </rows>
              </section>
              <section name="suggestionsection" showlabel="false" showbar="false" locklevel="1" id="{ea88f7fa-aa19-4995-9b04-f1c724b52e39}" IsUserDefined="0" columns="1">
                <labels>
                  <label description="" languagecode="1033" />
                </labels>
                <rows>
                  <row>
                    <cell id="{7ee1bca7-43e9-4bf7-bbdd-32df7279d236}">
                      <labels>
                        <label description="" languagecode="1033" />
                      </labels>
                      <control id="ProductSuggestions_LinkControl" classid="{DFDF1CDE-837B-4AC9-98CF-AC74361FD89D}">
                        <parameters>
                          <LinkControlDefinitionId>{05BEFF64-E55E-4000-A316-7CE46335755D}</LinkControlDefinitionId>
                          <ShowLinkControlLabel>false</ShowLinkControlLabel>
                        </parameters>
                      </control>
                    </cell>
                  </row>
                </rows>
              </section>
              <section name="DynamicProperties" showlabel="false" showbar="false" locklevel="1" id="{05f0b856-e494-4522-b6cc-355391ac5c87}" IsUserDefined="0" columns="1">
                <labels>
                  <label description="" languagecode="1033" />
                </labels>
                <rows>
                  <row>
                    <cell id="{6200bb3e-dec8-4f40-bf00-f2aec26058d3}">
                      <labels>
                        <label description="" languagecode="1033" />
                      </labels>
                      <control id="DynamicPropertiesList_LinkControl" classid="{DFDF1CDE-837B-4AC9-98CF-AC74361FD89D}">
                        <parameters>
                          <LinkControlDefinitionId>{9E5EEBFC-5883-43C0-A36C-6FCA2615D5CA}</LinkControlDefinitionId>
                          <ShowLinkControlLabel>false</ShowLinkControlLabel>
                        </parameters>
                      </control>
                    </cell>
                  </row>
                </rows>
              </section>
              <section name="totals" showlabel="false" showbar="false" locklevel="0" id="{736e5dc8-6758-42ee-8e28-812ec6f75abd}" IsUserDefined="0" layout="varwidth" columns="1" labelwidth="115" celllabelalignment="Left" celllabelposition="Left">
                <labels>
                  <label description="Product Line Item Totals" languagecode="1033" />
                </labels>
                <rows>
                  <row>
                    <cell id="{91C4D5D8-FDBC-4F1A-8A91-753A1AE4E376}">
                      <labels>
                        <label description="Detail Amount" languagecode="1033" />
                      </labels>
                      <control id="totallineitemamount" classid="{533B9E00-756B-4312-95A0-DC888637AC78}" datafieldname="totallineitemamount" disabled="true" />
                    </cell>
                  </row>
                  <row>
                    <cell id="{EFE4D5AB-D23D-4C88-A906-4646F3B28B45}">
                      <labels>
                        <label description="(-) Discount (%)" languagecode="1033" />
                      </labels>
                      <control id="discountpercentage" classid="{C3EFE0C3-0EC6-42be-8349-CBD9079DFD8E}" datafieldname="discountpercentage" />
                    </cell>
                  </row>
                  <row>
                    <cell id="{6BD9F746-A850-4D84-8716-748AA91EC1BC}">
                      <labels>
                        <label description="(-) Discount" languagecode="1033" />
                      </labels>
                      <control id="discountamount" classid="{533B9E00-756B-4312-95A0-DC888637AC78}" datafieldname="discountamount" />
                    </cell>
                  </row>
                  <row>
                    <cell id="{75F85D03-7267-4C05-B5DE-B00C49595864}">
                      <labels>
                        <label description="Pre-Freight Amount" languagecode="1033" />
                      </labels>
                      <control id="totalamountlessfreight" classid="{533B9E00-756B-4312-95A0-DC888637AC78}" datafieldname="totalamountlessfreight" disabled="true" />
                    </cell>
                  </row>
                  <row>
                    <cell id="{E91D45ED-89A7-48A2-8B9E-B16EF4DE2815}">
                      <labels>
                        <label description="(+) Freight Amount" languagecode="1033" />
                      </labels>
                      <control id="freightamount" classid="{533B9E00-756B-4312-95A0-DC888637AC78}" datafieldname="freightamount" />
                    </cell>
                  </row>
                  <row>
                    <cell id="{E59C312B-32A1-4441-9E54-4F4292E8E60C}">
                      <labels>
                        <label description="(+) Total Tax" languagecode="1033" />
                      </labels>
                      <control id="totaltax" classid="{533B9E00-756B-4312-95A0-DC888637AC78}" datafieldname="totaltax" disabled="true" />
                    </cell>
                  </row>
                  <row>
                    <cell id="{D96BA356-1581-46E0-937C-49033D55E3A2}">
                      <labels>
                        <label description="Total Amount" languagecode="1033" />
                      </labels>
                      <control id="totalamount" classid="{533B9E00-756B-4312-95A0-DC888637AC78}" datafieldname="totalamount" disabled="true" />
                    </cell>
                  </row>
                </rows>
              </section>
            </sections>
          </column>
        </columns>
      </tab>
      <tab name="QUOTES" verticallayout="true" id="{af8380da-5492-4a69-8a36-b1beff121e95}" IsUserDefined="0" locklevel="0" showlabel="true" expanded="true">
        <labels>
          <label description="Quotes" languagecode="1033" />
        </labels>
        <columns>
          <column width="100%">
            <sections>
              <section name="opportunityquotes" showlabel="false" showbar="false" id="{40e2e47e-716a-4fe8-9fc0-e0341303c7a3}" height="auto" IsUserDefined="0" layout="varheight" columns="11">
                <labels>
                  <label description="Quotes" languagecode="1033" />
                </labels>
                <rows>
                  <row>
                    <cell colspan="2" rowspan="4" showlabel="false" auto="true" id="{dcb63b8d-f689-44b1-a009-292bff328340}">
                      <labels>
                        <label description="Quotes" languagecode="1033" />
                      </labels>
                      <control id="quote" classid="{E7A81278-8635-4d9e-8D4D-59480B391C5B}">
                        <parameters>
                          <TargetEntityType>quote</TargetEntityType>
                          <ViewId>{61A4C932-D775-E211-B420-00155D806600}</ViewId>
                          <RelationshipName>opportunity_quotes</RelationshipName>
                          <AutoExpand>Auto</AutoExpand>
                          <EnableQuickFind>false</EnableQuickFind>
                          <EnableViewPicker>false</EnableViewPicker>
                          <EnableJumpBar>false</EnableJumpBar>
                          <RecordsPerPage>4</RecordsPerPage>
                          <EnableChartPicker>false</EnableChartPicker>
                        </parameters>
                      </control>
                    </cell>
                  </row>
                  <row />
                  <row />
                  <row />
                </rows>
              </section>
            </sections>
          </column>
        </columns>
      </tab>
    </tabs>
    <header id="{ee909091-5a89-403e-bf82-f34512080f08}" celllabelposition="Top" columns="1111" labelwidth="115">
      <rows>
        <row>
          <cell id="{e8813fe3-3ad9-4afd-94c2-52e8d1627a59}">
            <labels>
              <label description="Est. Close Date" languagecode="1033" />
            </labels>
            <control id="header_estimatedclosedate" classid="{5B773807-9FB2-42db-97C3-7A91EFF8ADFF}" datafieldname="estimatedclosedate" />
          </cell>
          <cell id="{4343680f-7e56-4968-90fe-814e52f6e2a7}">
            <labels>
              <label description="Est. Revenue" languagecode="1033" />
            </labels>
            <control id="header_estimatedvalue" classid="{533B9E00-756B-4312-95A0-DC888637AC78}" datafieldname="estimatedvalue" />
          </cell>
          <cell id="{cb71ebc2-bee9-740e-2b29-09278aaad258}" showlabel="true" locklevel="0">
            <labels>
              <label description="Status" languagecode="1033" />
            </labels>
            <control id="header_statuscode" classid="{5D68B988-0661-4db2-BC3E-17598AD3BE6C}" datafieldname="statuscode" disabled="false" />
          </cell>
          <cell id="{d9002ebe-3d57-445d-8fb7-459cfb40f437}">
            <labels>
              <label description="Owner" languagecode="1033" />
            </labels>
            <control id="header_ownerid" classid="{270BD3DB-D9AF-4782-9025-509E298DEC0A}" datafieldname="ownerid" disabled="false" />
          </cell>
        </row>
      </rows>
    </header>
    <events>
      <event name="onload" application="true" active="true">
        <InternalHandlers>
          <Handler functionName="Mscrm.Form_onload" libraryName="Opportunity_main_system_library.js" handlerUniqueId="228e5887-18c6-4d90-8d6e-bae09af2d977" enabled="true">
            <dependencies>
              <dependency id="estimatedvalue" />
              <dependency id="isrevenuesystemcalculated" />
            </dependencies>
          </Handler>
        </InternalHandlers>
        <Handlers>
          <Handler functionName="opportunity_OnLoad" libraryName="nwm_/Script/opportunity.js" handlerUniqueId="{315c4c86-7cc0-49b7-01c0-e01ac689c17b}" enabled="true" parameters="" passExecutionContext="false" />
          <Handler functionName="captureTelemetry" libraryName="nwm_/Script/Telemetry.js" handlerUniqueId="{8e769d42-de59-4994-40a9-048a3ec84154}" enabled="true" parameters="" passExecutionContext="false" />
        </Handlers>
      </event>
      <event name="onchange" attribute="isrevenuesystemcalculated" application="true" active="true">
        <InternalHandlers>
          <Handler functionName="Mscrm.isrevenuesystemcalculated_onchange" libraryName="Opportunity_main_system_library.js" handlerUniqueId="3b6c5880-6469-48bc-9642-f5350374785b" enabled="true">
            <dependencies>
              <dependency id="estimatedvalue" />
              <dependency id="totalamount" />
            </dependencies>
          </Handler>
        </InternalHandlers>
      </event>
      <event name="onchange" application="true" active="true" attribute="transactioncurrencyid">
        <InternalHandlers>
          <Handler functionName="Mscrm.transactioncurrencyid_onchange" libraryName="Opportunity_main_system_library.js" handlerUniqueId="151544F6-720A-4606-820D-60E0DB0D2606" enabled="true">
            <dependencies>
              <dependency id="pricelevelid" />
            </dependencies>
          </Handler>
        </InternalHandlers>
      </event>
    </events>
    <Navigation>
      <NavBar>
        <NavBarByRelationshipItem RelationshipName="Opportunity_ActivityPointers" Id="navActivities" Icon="/_imgs/ico_18_act.gif" Sequence="20" Area="Info">
          <Titles>
            <Title LCID="1033" Text="Activities" />
          </Titles>
        </NavBarByRelationshipItem>
        <NavBarByRelationshipItem RelationshipName="opportunity_sales_orders" Sequence="20" Area="Sales" Id="navOrders" Show="false">
          <Titles>
            <Title LCID="1033" Text="Orders" />
          </Titles>
        </NavBarByRelationshipItem>
        <NavBarByRelationshipItem RelationshipName="opportunity_customer_opportunity_roles" Id="navRelationship" TitleResourceId="Tab_Label_Relationship" Area="Info" Show="false" Sequence="22">
          <Privileges>
            <Privilege Entity="" Privilege="ReadCustomerOpportunityRole" />
          </Privileges>
          <Titles>
            <Title LCID="1033" Text="Relationships" />
          </Titles>
        </NavBarByRelationshipItem>
        <NavBarByRelationshipItem RelationshipName="opportunity_invoices" Sequence="30" Area="Sales" Id="navInvoices" Show="false">
          <Titles>
            <Title LCID="1033" Text="Invoices" />
          </Titles>
        </NavBarByRelationshipItem>
        <NavBarByRelationshipItem RelationshipName="opportunitycompetitors_association" Sequence="40" Area="Sales" Id="navComp" Show="false">
          <Titles>
            <Title LCID="1033" Text="Competitors" />
          </Titles>
        </NavBarByRelationshipItem>
        <NavBarByRelationshipItem RelationshipName="hardcoded_{B7196B13-6B9D-42CD-BD58-B19A3953126F}navDocument" Sequence="9000" Area="Info" Id="navDocument">
          <Titles>
            <Title LCID="1033" Text="Documents" />
          </Titles>
        </NavBarByRelationshipItem>
        <NavBarByRelationshipItem RelationshipName="hardcoded_{B7196B13-6B9D-42CD-BD58-B19A3953126F}navAsyncOperations" Sequence="9500" Area="ProcessCenter" Id="navAsyncOperations" Show="false">
          <Titles>
            <Title LCID="1033" Text="Workflows" />
          </Titles>
        </NavBarByRelationshipItem>
        <NavBarByRelationshipItem RelationshipName="hardcoded_{B7196B13-6B9D-42CD-BD58-B19A3953126F}navConnections" Id="navConnections" Sequence="9600" Area="Info">
          <Titles>
            <Title LCID="1033" Text="Connections" />
          </Titles>
        </NavBarByRelationshipItem>
        <NavBarByRelationshipItem RelationshipName="hardcoded_{B7196B13-6B9D-42CD-BD58-B19A3953126F}navAudit" Area="Info" Id="navAudit" Sequence="9601">
          <Titles>
            <Title LCID="1033" Text="Audit History" />
          </Titles>
        </NavBarByRelationshipItem>
        <NavBarByRelationshipItem RelationshipName="hardcoded_{B7196B13-6B9D-42CD-BD58-B19A3953126F}navProcessSessions" Sequence="9700" Area="ProcessCenter" Id="navProcessSessions" Show="false">
          <Titles>
            <Title LCID="1033" Text="Dialog Sessions" />
          </Titles>
        </NavBarByRelationshipItem>
      </NavBar>
      <NavBarAreas>
        <NavBarArea Id="Info">
          <Titles>
            <Title LCID="1033" Text="Common" />
          </Titles>
        </NavBarArea>
        <NavBarArea Id="Sales">
          <Titles>
            <Title LCID="1033" Text="Sales" />
          </Titles>
        </NavBarArea>
        <NavBarArea Id="Service">
          <Titles>
            <Title LCID="1033" Text="Service" />
          </Titles>
        </NavBarArea>
        <NavBarArea Id="Marketing">
          <Titles>
            <Title LCID="1033" Text="Marketing" />
          </Titles>
        </NavBarArea>
        <NavBarArea Id="ProcessCenter">
          <Titles>
            <Title LCID="1033" Text="Processes" />
          </Titles>
        </NavBarArea>
      </NavBarAreas>
    </Navigation>
    <DisplayConditions FallbackForm="true" Order="2">
      <Everyone />
    </DisplayConditions>
    <clientresources>
      <internalresources>
        <clientincludes>
          <internaljscriptfile src="$webresource:Opportunity_main_system_library.js" />
        </clientincludes>
      </internalresources>
    </clientresources>
    <formLibraries>
      <Library name="nwm_/Script/opportunity.js" libraryUniqueId="{ed494ba7-7d6e-c580-5695-3c172a87194c}" />
      <Library name="nwm_/Script/Telemetry.js" libraryUniqueId="{6aa886b9-9cb3-8152-6543-0c54811ee98a}" />
    </formLibraries>
  </form>
  <LocalizedNames>
    <LocalizedName description="Opportunity" languagecode="1033" />
  </LocalizedNames>
  <Descriptions>
    <Description description="Updated default Opportunity form" languagecode="1033" />
  </Descriptions>
</systemform>