﻿<?xml version="1.0" encoding="utf-8"?>
<systemform>
  <formid>{067a39aa-c55d-49a7-989e-a53948b8d51f}</formid>
  <IntroducedVersion>1.0.0.0</IntroducedVersion>
  <FormPresentation>1</FormPresentation>
  <FormActivationState>1</FormActivationState>
  <form>
    <tabs>
      <tab id="{f7d4669b-e8ec-45bd-b649-2a541d0cc95b}" name="tab_1" showlabel="false">
        <labels>
          <label description="Tab" languagecode="1033" />
        </labels>
        <columns>
          <column width="33%">
            <sections>
              <section id="{34218d63-9c0d-473c-8482-da94343ea307}" name="tab_1_column_1_section_1" columns="1" showlabel="false" showbar="false" IsUserDefined="0">
                <labels>
                  <label description="section" languagecode="1033" />
                </labels>
                <rows>
                  <row>
                    <cell id="{70cc7ee0-0408-c548-33ed-6941976d6be5}" showlabel="true" locklevel="0">
                      <labels>
                        <label description="Customer" languagecode="1033" />
                      </labels>
                      <control id="rbsm_customer" classid="{270BD3DB-D9AF-4782-9025-509E298DEC0A}" datafieldname="rbsm_customer" disabled="false" />
                    </cell>
                  </row>
                </rows>
              </section>
            </sections>
          </column>
          <column width="33%">
            <sections>
              <section id="{6cb442fe-89bd-4471-bc8f-6cbf376db595}" name="tab_1_column_2_section_1" columns="1" showlabel="false" showbar="false" IsUserDefined="0">
                <labels>
                  <label description="section" languagecode="1033" />
                </labels>
                <rows>
                  <row>
                    <cell id="{5ba4cc89-5b0b-96e9-3181-9691a3ed1aa3}" showlabel="true" locklevel="0">
                      <labels>
                        <label description="CEO Activity" languagecode="1033" />
                      </labels>
                      <control id="rbsm_ceoactivity" classid="{270BD3DB-D9AF-4782-9025-509E298DEC0A}" datafieldname="rbsm_ceoactivity" disabled="false" />
                    </cell>
                  </row>
                </rows>
              </section>
            </sections>
          </column>
          <column width="33%">
            <sections>
              <section id="{22269f72-b047-4b09-a6f2-cb51a6551deb}" name="tab_1_column_3_section_1" columns="1" showlabel="false" showbar="false" IsUserDefined="0">
                <labels>
                  <label description="section" languagecode="1033" />
                </labels>
                <rows>
                  <row>
                    <cell id="{a2b73798-3206-4974-85e9-5268d3ec56fa}">
                      <labels>
                        <label description="" languagecode="1033" />
                      </labels>
                    </cell>
                  </row>
                </rows>
              </section>
            </sections>
          </column>
        </columns>
      </tab>
    </tabs>
    <DisplayConditions Order="1">
      <Role Id="{627090ff-40a3-4053-8790-584edc5be201}" />
      <Role Id="{119f245c-3cc8-4b62-b31c-d1a046ced15d}" />
    </DisplayConditions>
  </form>
  <IsCustomizable>1</IsCustomizable>
  <CanBeDeleted>1</CanBeDeleted>
  <LocalizedNames>
    <LocalizedName description="New Form" languagecode="1033" />
  </LocalizedNames>
</systemform>