﻿<?xml version="1.0" encoding="utf-8"?>
<systemform>
  <formid>{4f51eda0-8746-45fd-9d98-a4f6a261a631}</formid>
  <IntroducedVersion>1.0.0.0</IntroducedVersion>
  <FormPresentation>1</FormPresentation>
  <FormActivationState>1</FormActivationState>
  <form>
    <tabs>
      <tab verticallayout="true" id="{b71fceaa-7ac1-4e8a-bb34-e0af3441c7c2}" IsUserDefined="1" name="{b71fceaa-7ac1-4e8a-bb34-e0af3441c7c2}" locklevel="0" expanded="true" showlabel="true">
        <labels>
          <label description="General" languagecode="1033" />
        </labels>
        <columns>
          <column width="50%">
            <sections>
              <section showlabel="false" showbar="false" IsUserDefined="0" id="{2bf3460e-a62f-4422-9100-78012ccacd53}">
                <labels>
                  <label description="General" languagecode="1033" />
                </labels>
                <rows>
                  <row>
                    <cell id="{7bfc94d8-b088-4572-a0f3-3f631d4129a6}">
                      <labels>
                        <label description="Topic" languagecode="1033" />
                      </labels>
                      <control id="rbsm_name" classid="{4273EDBD-AC1D-40d3-9FB2-095C621B552D}" datafieldname="rbsm_name" />
                    </cell>
                  </row>
                  <row>
                    <cell id="{03c611b2-9408-212b-ed50-12ec669a703e}" showlabel="true" locklevel="0">
                      <labels>
                        <label description="Activity Date" languagecode="1033" />
                      </labels>
                      <control id="rbsm_activitydate" classid="{5B773807-9FB2-42db-97C3-7A91EFF8ADFF}" datafieldname="rbsm_activitydate" disabled="false" />
                    </cell>
                  </row>
                  <row>
                    <cell id="{296aa1ce-63d5-039a-977a-235ee8b314cb}" showlabel="true" locklevel="0" rowspan="5">
                      <labels>
                        <label description="Description" languagecode="1033" />
                      </labels>
                      <control id="rbsm_description" classid="{E0DECE4B-6FC8-4a8f-A065-082708572369}" datafieldname="rbsm_description" disabled="false" />
                    </cell>
                  </row>
                  <row></row>
                  <row></row>
                  <row></row>
                  <row></row>
                  <row>
                    <cell id="{7995d327-17a2-de83-6a5b-c0685080d6b9}" showlabel="true" locklevel="0">
                      <labels>
                        <label description="Product Area" languagecode="1033" />
                      </labels>
                      <control id="rbsm_productarea" classid="{3EF39988-22BB-4f0b-BBBE-64B5A3748AEE}" datafieldname="rbsm_productarea" disabled="false" />
                    </cell>
                  </row>
                  <row>
                    <cell id="{4ac20448-3d72-8e53-36d2-693b7a6a06ac}" showlabel="true" locklevel="0">
                      <labels>
                        <label description="Followed Up By" languagecode="1033" />
                      </labels>
                      <control id="rbsm_followedupby" classid="{270BD3DB-D9AF-4782-9025-509E298DEC0A}" datafieldname="rbsm_followedupby" disabled="false" />
                    </cell>
                  </row>
                  <row>
                    <cell id="{bdb3454c-5961-65d6-8928-9b10a8e2a75d}" showlabel="false" userspacer="true">
                      <labels>
                        <label description="" languagecode="1033" />
                      </labels>
                    </cell>
                  </row>
                  <row>
                    <cell id="{3c44ce0c-3abe-84b1-b777-90273bade09b}" showlabel="true" colspan="1" auto="false" rowspan="4">
                      <labels>
                        <label description="Franchise Engagements" languagecode="1033" />
                      </labels>
                      <control id="FranchiseEngagements" classid="{E7A81278-8635-4d9e-8D4D-59480B391C5B}">
                        <parameters>
                          <ViewId>{E0AB67FF-21B2-4C21-91DA-FA6AD0D7BB9D}</ViewId>
                          <IsUserView>false</IsUserView>
                          <RelationshipName>rbsm_rbsm_ceoactivity_rbsm_customerceoactivityconnection_CEOActivity</RelationshipName>
                          <TargetEntityType>rbsm_customerceoactivityconnection</TargetEntityType>
                          <AutoExpand>Fixed</AutoExpand>
                          <EnableQuickFind>false</EnableQuickFind>
                          <EnableViewPicker>false</EnableViewPicker>
                          <ViewIds>{E0AB67FF-21B2-4C21-91DA-FA6AD0D7BB9D}</ViewIds>
                          <EnableJumpBar>false</EnableJumpBar>
                          <ChartGridMode>All</ChartGridMode>
                          <VisualizationId>{52479BEF-C4C5-E511-B886-005056AE52C3}</VisualizationId>
                          <IsUserChart>false</IsUserChart>
                          <EnableChartPicker>true</EnableChartPicker>
                          <RecordsPerPage>2</RecordsPerPage>
                        </parameters>
                      </control>
                    </cell>
                  </row>
                  <row></row>
                  <row></row>
                  <row></row>
                  <row>
                    <cell id="{4d6b5c1e-7ca0-c643-0a52-9923760ce866}" showlabel="true" colspan="1" auto="false" rowspan="6">
                      <labels>
                        <label description="Stakeholders" languagecode="1033" />
                      </labels>
                      <control id="Stakeholders" classid="{E7A81278-8635-4d9e-8D4D-59480B391C5B}">
                        <parameters>
                          <ViewId>{4E47C215-ABD1-E511-BB31-005056AE52C3}</ViewId>
                          <IsUserView>false</IsUserView>
                          <RelationshipName>rbsm_ceoactivity_ceoactivitycontact</RelationshipName>
                          <TargetEntityType>rbsm_ceoactivitycontact</TargetEntityType>
                          <AutoExpand>Fixed</AutoExpand>
                          <EnableQuickFind>false</EnableQuickFind>
                          <EnableViewPicker>false</EnableViewPicker>
                          <ViewIds>{D4FF29FE-4674-4A63-9110-6DE34B5358E7},{4E47C215-ABD1-E511-BB31-005056AE52C3}</ViewIds>
                          <EnableJumpBar>false</EnableJumpBar>
                          <ChartGridMode>All</ChartGridMode>
                          <VisualizationId />
                          <IsUserChart>false</IsUserChart>
                          <EnableChartPicker>true</EnableChartPicker>
                          <RecordsPerPage>4</RecordsPerPage>
                        </parameters>
                      </control>
                    </cell>
                  </row>
                  <row></row>
                  <row></row>
                  <row></row>
                  <row></row>
                  <row></row>
                </rows>
              </section>
            </sections>
          </column>
          <column width="50%">
            <sections>
              <section showlabel="false" showbar="false" id="{ad4fd580-f3a3-41a4-880e-8d6e55b8509b}" IsUserDefined="0" height="auto">
                <labels>
                  <label description="Notes" languagecode="1033" />
                </labels>
                <rows>
                  <row>
                    <cell showlabel="false" rowspan="15" auto="false" id="{52424893-ea70-49cb-83c1-a51d868e95ee}" locklevel="0">
                      <labels>
                        <label description="Note Text" languagecode="1033" />
                      </labels>
                      <control id="notescontrol" classid="{06375649-c143-495e-a496-c962e5b4488e}" disabled="false">
                        <parameters>
                          <DefaultTabId>ActivitiesTab</DefaultTabId>
                        </parameters>
                      </control>
                    </cell>
                  </row>
                  <row></row>
                  <row></row>
                  <row></row>
                  <row></row>
                  <row></row>
                  <row></row>
                  <row></row>
                  <row></row>
                  <row></row>
                  <row></row>
                  <row></row>
                  <row></row>
                  <row></row>
                  <row height="auto"></row>
                </rows>
              </section>
            </sections>
          </column>
        </columns>
      </tab>
    </tabs>
    <header id="{95cc9685-7948-4078-939a-8e37b3033c54}" columns="111">
      <rows>
        <row>
          <cell id="{310cbb39-e06a-46ad-9e5f-70c11065d455}" showlabel="false">
            <labels>
              <label description="" languagecode="1033" />
            </labels>
          </cell>
          <cell id="{4c545c17-31a0-edb8-ce3c-c185163c363d}" showlabel="true" locklevel="0">
            <labels>
              <label description="Created On" languagecode="1033" />
            </labels>
            <control id="header_createdon" classid="{5B773807-9FB2-42db-97C3-7A91EFF8ADFF}" datafieldname="createdon" disabled="false" />
          </cell>
          <cell id="{685d1440-dc8d-7a0a-d333-e47ee817a3e1}" showlabel="true" locklevel="0">
            <labels>
              <label description="Owner" languagecode="1033" />
            </labels>
            <control id="header_ownerid" classid="{270BD3DB-D9AF-4782-9025-509E298DEC0A}" datafieldname="ownerid" disabled="false" />
          </cell>
        </row>
      </rows>
    </header>
    <footer id="{0504aa71-41a2-462f-bf93-3d51c98f4b38}" columns="111">
      <rows>
        <row>
          <cell id="{47b94492-0716-5a7e-444a-e896042b4624}" showlabel="true" locklevel="0">
            <labels>
              <label description="Created By" languagecode="1033" />
            </labels>
            <control id="footer_createdby" classid="{270BD3DB-D9AF-4782-9025-509E298DEC0A}" datafieldname="createdby" disabled="true" />
          </cell>
          <cell id="{011cc8e0-a28e-e019-3333-6758ee6b1591}" showlabel="true" locklevel="0">
            <labels>
              <label description="Modified By" languagecode="1033" />
            </labels>
            <control id="footer_modifiedby" classid="{270BD3DB-D9AF-4782-9025-509E298DEC0A}" datafieldname="modifiedby" disabled="true" />
          </cell>
          <cell id="{d0529805-16ce-2d49-a8b5-c73ad2007cb6}" showlabel="true" locklevel="0">
            <labels>
              <label description="Modified On" languagecode="1033" />
            </labels>
            <control id="footer_modifiedon" classid="{5B773807-9FB2-42db-97C3-7A91EFF8ADFF}" datafieldname="modifiedon" disabled="true" />
          </cell>
        </row>
      </rows>
    </footer>
    <Navigation>
      <NavBar></NavBar>
      <NavBarAreas>
        <NavBarArea Id="Info">
          <Titles>
            <Title LCID="1033" Text="Common" />
          </Titles>
        </NavBarArea>
        <NavBarArea Id="Sales">
          <Titles>
            <Title LCID="1033" Text="Sales" />
          </Titles>
        </NavBarArea>
        <NavBarArea Id="Service">
          <Titles>
            <Title LCID="1033" Text="Service" />
          </Titles>
        </NavBarArea>
        <NavBarArea Id="Marketing">
          <Titles>
            <Title LCID="1033" Text="Marketing" />
          </Titles>
        </NavBarArea>
        <NavBarArea Id="ProcessCenter">
          <Titles>
            <Title LCID="1033" Text="Process Sessions" />
          </Titles>
        </NavBarArea>
      </NavBarAreas>
    </Navigation>
  </form>
  <IsCustomizable>1</IsCustomizable>
  <CanBeDeleted>1</CanBeDeleted>
  <LocalizedNames>
    <LocalizedName description="Information" languagecode="1033" />
  </LocalizedNames>
  <Descriptions>
    <Description description="A form for this entity." languagecode="1033" />
  </Descriptions>
</systemform>