﻿<?xml version="1.0" encoding="utf-8"?>
<systemform>
  <formid>{67b13be6-09de-4cf4-881f-2cc131f3abe1}</formid>
  <IntroducedVersion>1.0.0.0</IntroducedVersion>
  <FormPresentation>1</FormPresentation>
  <FormActivationState>1</FormActivationState>
  <form>
    <tabs>
      <tab verticallayout="true" id="{cab230f5-33bf-45ae-a939-8b889fba2344}" IsUserDefined="1">
        <labels>
          <label description="General Info" languagecode="1033" />
        </labels>
        <columns>
          <column width="24%">
            <sections>
              <section showlabel="false" showbar="false" IsUserDefined="0" id="{ae34f674-804c-4b87-9bf9-0c8e305f3c8c}">
                <labels>
                  <label description="General" languagecode="1033" />
                </labels>
                <rows>
                  <row>
                    <cell id="{e05ce5e5-1995-465a-94a9-e921812b0c80}">
                      <labels>
                        <label description="Name" languagecode="1033" />
                      </labels>
                      <control id="rbs_name" classid="{4273EDBD-AC1D-40d3-9FB2-095C621B552D}" datafieldname="rbs_name" />
                    </cell>
                  </row>
                </rows>
              </section>
            </sections>
          </column>
          <column width="38%">
            <sections>
              <section showlabel="true" showbar="false" id="{57f8dc78-5cca-48e4-95b0-e7d47a19563b}" IsUserDefined="0" height="auto">
                <labels>
                  <label description="TIMELINE" languagecode="1033" />
                </labels>
                <rows>
                  <row>
                    <cell showlabel="false" colspan="1" rowspan="18" auto="false" id="{6bd10413-e6f1-47f4-8f57-b595225feebd}">
                      <labels>
                        <label description="Conversation Tabs" languagecode="1033" />
                      </labels>
                      <control id="interactionwallcontrol" classid="{1F179106-FA28-4495-961E-F6BD93C21974}" />
                    </cell>
                  </row>
                  <row />
                  <row />
                  <row />
                  <row />
                  <row />
                  <row />
                  <row />
                  <row />
                  <row />
                  <row />
                  <row />
                  <row />
                  <row />
                  <row />
                  <row />
                  <row />
                  <row height="auto" />
                </rows>
              </section>
            </sections>
          </column>
          <column width="38%">
            <sections>
              <section showlabel="true" columns="1" showbar="false" id="{0cb30da6-3bd9-4042-85ab-3bac50e506e0}" name="ref_pan_{0cb30da6-3bd9-4042-85ab-3bac50e506e0}" IsUserDefined="0">
                <labels>
                  <label description="RELATED" languagecode="1033" />
                </labels>
                <rows>
                  <row />
                </rows>
              </section>
            </sections>
          </column>
        </columns>
      </tab>
    </tabs>
    <header id="{2a2d9a7a-f456-4321-b152-66ac061742f5}" celllabelposition="Left" columns="1111">
      <rows>
        <row />
      </rows>
    </header>
  </form>
  <IsCustomizable>1</IsCustomizable>
  <CanBeDeleted>1</CanBeDeleted>
  <LocalizedNames>
    <LocalizedName description="Information" languagecode="1033" />
  </LocalizedNames>
  <Descriptions>
    <Description description="A form for this entity." languagecode="1033" />
  </Descriptions>
</systemform>