{
  "version": "v4",
  "repo": "borisyankov/DefinitelyTyped",
  "ref": "master",
  "path": "typings",
  "bundle": "typings/tsd.d.ts",
  "installed": {
    "node/node.d.ts": {
      "commit": "b4bbee8f60560c34bc74b154b283f7ce83a31dae"
    },
    "istanbul/istanbul.d.ts": {
      "commit": "b4bbee8f60560c34bc74b154b283f7ce83a31dae"
    },
    "mocha/mocha.d.ts": {
      "commit": "b4bbee8f60560c34bc74b154b283f7ce83a31dae"
    },
    "sinon/sinon.d.ts": {
      "commit": "b4bbee8f60560c34bc74b154b283f7ce83a31dae"
    },
    "chai/chai.d.ts": {
      "commit": "b4bbee8f60560c34bc74b154b283f7ce83a31dae"
    },
    "assertion-error/assertion-error.d.ts": {
      "commit": "b4bbee8f60560c34bc74b154b283f7ce83a31dae"
    }
  }
}
