﻿<?xml version="1.0" encoding="utf-8"?>
<systemform>
  <formid>{661157fe-2fc9-4eaa-835f-5bfa2f7b64f7}</formid>
  <IntroducedVersion>6.0.0.0</IntroducedVersion>
  <FormPresentation>0</FormPresentation>
  <FormActivationState>1</FormActivationState>
  <form maxWidth="1900">
    <tabs>
      <tab id="{ee019344-2ac2-4ade-b2b8-630ff38801b1}" name="tab_1" showlabel="false" IsUserDefined="0">
        <labels>
          <label description="Tab" languagecode="1033" />
        </labels>
        <columns>
          <column width="33%">
            <sections>
              <section id="{be7e5181-f67d-4fac-9420-ed9e2ac588fd}" name="tab_1_column_1_section_1" columns="1" showlabel="true" showbar="false" IsUserDefined="0" locklevel="0" labelwidth="115" celllabelalignment="Left" celllabelposition="Left">
                <labels>
                  <label description="Details" languagecode="1033" />
                </labels>
                <rows>
                  <row>
                    <cell id="{a2528d42-720c-9931-81ca-784c1881b8c2}" showlabel="true" locklevel="0">
                      <labels>
                        <label description="First Name" languagecode="1033" />
                      </labels>
                      <control id="firstname" classid="{4273EDBD-AC1D-40d3-9FB2-095C621B552D}" datafieldname="firstname" disabled="false" />
                    </cell>
                  </row>
                  <row>
                    <cell id="{7a7e1043-ea62-1a5d-44c8-68757777c3d0}" showlabel="true" locklevel="0">
                      <labels>
                        <label description="Last Name" languagecode="1033" />
                      </labels>
                      <control id="lastname" classid="{4273EDBD-AC1D-40d3-9FB2-095C621B552D}" datafieldname="lastname" disabled="false" />
                    </cell>
                  </row>
                  <row>
                    <cell id="{c7039214-3590-a99c-cce7-e18a7895d74e}" showlabel="true" locklevel="0">
                      <labels>
                        <label description="Job Title" languagecode="1033" />
                      </labels>
                      <control id="jobtitle" classid="{4273EDBD-AC1D-40d3-9FB2-095C621B552D}" datafieldname="jobtitle" disabled="false" />
                    </cell>
                  </row>
                  <row>
                    <cell id="{9b8c8d89-cb26-7dd4-5b88-a8bca504a727}" showlabel="true" locklevel="0">
                      <labels>
                        <label description="Business Area" languagecode="1033" />
                      </labels>
                      <control id="parentcustomerid" classid="{270BD3DB-D9AF-4782-9025-509E298DEC0A}" datafieldname="parentcustomerid" disabled="false">
                        <parameters>
                          <AutoResolve>true</AutoResolve>
                          <DisableMru>false</DisableMru>
                        </parameters>
                      </control>
                    </cell>
                  </row>
                </rows>
              </section>
            </sections>
          </column>
          <column width="33%">
            <sections>
              <section id="{b5f2a6a1-d1e1-439d-ab76-fbb48f1381d4}" name="tab_1_column_2_section_1" columns="1" showlabel="true" showbar="false" IsUserDefined="0" locklevel="0" labelwidth="115" celllabelalignment="Left" celllabelposition="Left">
                <labels>
                  <label description="Contact Information" languagecode="1033" />
                </labels>
                <rows>
                  <row>
                    <cell id="{a6b833e8-225b-4986-c283-067453a7daa2}" showlabel="true" locklevel="0">
                      <labels>
                        <label description="Email" languagecode="1033" />
                      </labels>
                      <control id="emailaddress1" classid="{ADA2203E-B4CD-49be-9DDF-234642B43B52}" datafieldname="emailaddress1" disabled="false" />
                    </cell>
                  </row>
                  <row>
                    <cell id="{192e5ab2-2129-ee55-cd56-2846649cbe47}" showlabel="true" locklevel="0">
                      <labels>
                        <label description="Mobile Phone" languagecode="1033" />
                      </labels>
                      <control id="mobilephone" classid="{4273EDBD-AC1D-40d3-9FB2-095C621B552D}" datafieldname="mobilephone" disabled="false" />
                    </cell>
                  </row>
                  <row>
                    <cell id="{d5a423e7-3536-2052-4e49-5d4b3ce1c0ae}" showlabel="true" locklevel="0">
                      <labels>
                        <label description="Business Phone" languagecode="1033" />
                      </labels>
                      <control id="telephone1" classid="{4273EDBD-AC1D-40d3-9FB2-095C621B552D}" datafieldname="telephone1" disabled="false" />
                    </cell>
                  </row>
                  <row>
                    <cell id="{abb75da6-8727-e2a0-dccb-9ce591c107b7}" showlabel="true" locklevel="0" rowspan="1">
                      <labels>
                        <label description="Description" languagecode="1033" />
                      </labels>
                      <control id="description" classid="{E0DECE4B-6FC8-4a8f-A065-082708572369}" datafieldname="description" disabled="false" />
                    </cell>
                  </row>
                </rows>
              </section>
            </sections>
          </column>
          <column width="33%">
            <sections>
              <section id="{4e35e9f6-ac81-44cf-b8d6-91149b679634}" name="tab_1_column_3_section_1" columns="1" showlabel="true" showbar="false" IsUserDefined="0" locklevel="0" labelwidth="115" celllabelalignment="Left" celllabelposition="Left">
                <labels>
                  <label description="Address" languagecode="1033" />
                </labels>
                <rows>
                  <row>
                    <cell id="{9E47DA5C-45B2-4D9B-8C83-2633E2FB68A5}" showlabel="true" locklevel="0">
                      <labels>
                        <label description="Street 1" languagecode="1033" />
                      </labels>
                      <control id="address1_line1" classid="{4273EDBD-AC1D-40d3-9FB2-095C621B552D}" datafieldname="address1_line1" disabled="false" />
                    </cell>
                  </row>
                  <row>
                    <cell id="{67473FA2-07D2-485B-BC63-7B05D02D5230}" showlabel="true" locklevel="0">
                      <labels>
                        <label description="Street 2" languagecode="1033" />
                      </labels>
                      <control id="address1_line2" classid="{4273EDBD-AC1D-40d3-9FB2-095C621B552D}" datafieldname="address1_line2" disabled="false" />
                    </cell>
                  </row>
                  <row>
                    <cell id="{F43497C8-73CC-4853-9736-964446900C81}" showlabel="true" locklevel="0">
                      <labels>
                        <label description="City" languagecode="1033" />
                      </labels>
                      <control id="address1_city" classid="{4273EDBD-AC1D-40d3-9FB2-095C621B552D}" datafieldname="address1_city" disabled="false" />
                    </cell>
                  </row>
                  <row>
                    <cell id="{2AC67B8F-6335-4448-9E85-1601793BF072}" showlabel="true" locklevel="0">
                      <labels>
                        <label description="ZIP/Postal Code" languagecode="1033" />
                      </labels>
                      <control id="address1_postalcode" classid="{4273EDBD-AC1D-40d3-9FB2-095C621B552D}" datafieldname="address1_postalcode" disabled="false" />
                    </cell>
                  </row>
                </rows>
              </section>
            </sections>
          </column>
        </columns>
      </tab>
    </tabs>
    <DisplayConditions FallbackForm="true" Order="2">
      <Everyone />
    </DisplayConditions>
  </form>
  <LocalizedNames>
    <LocalizedName description="Contact Quick Create" languagecode="1033" />
  </LocalizedNames>
  <Descriptions>
    <Description description="Default quick create form for Contact" languagecode="1033" />
  </Descriptions>
</systemform>