﻿<?xml version="1.0" encoding="utf-8"?>
<systemform>
  <formid>{a3763a46-6510-4164-ab32-e88bd22ec90c}</formid>
  <IntroducedVersion>1.0.0.0</IntroducedVersion>
  <FormPresentation>1</FormPresentation>
  <FormActivationState>1</FormActivationState>
  <form>
    <tabs>
      <tab verticallayout="true" id="{bea0c8c4-0cf6-4e61-98d6-b598ea2632c1}" IsUserDefined="1">
        <labels>
          <label description="General" languagecode="1033" />
        </labels>
        <columns>
          <column width="100%">
            <sections>
              <section showlabel="false" showbar="false" IsUserDefined="0" id="{3d84de5f-4a5e-4f3f-941c-d0fe152da75b}" name="{3d84de5f-4a5e-4f3f-941c-d0fe152da75b}" columns="1" locklevel="0" labelwidth="200" celllabelalignment="Left" celllabelposition="Left">
                <labels>
                  <label description="General" languagecode="1033" />
                </labels>
                <rows>
                  <row>
                    <cell id="{9f0bf77b-fac9-4a8c-b4cc-6ba16bf46398}">
                      <labels>
                        <label description="Owner" languagecode="1033" />
                      </labels>
                      <control id="ownerid" classid="{270BD3DB-D9AF-4782-9025-509E298DEC0A}" datafieldname="ownerid" />
                    </cell>
                  </row>
                  <row>
                    <cell id="{3734a538-7922-4e8d-8bb5-3ea0f10420b1}" showlabel="true" locklevel="0" visible="false">
                      <labels>
                        <label description="Business Benefit" languagecode="1033" />
                      </labels>
                      <control id="rbsm_businessbenefit" classid="{4273EDBD-AC1D-40d3-9FB2-095C621B552D}" datafieldname="rbsm_businessbenefit" disabled="false" />
                    </cell>
                  </row>
                  <row>
                    <cell id="{83a58c6b-5448-675e-1152-8e3a7b724595}" showlabel="true" locklevel="0">
                      <labels>
                        <label description="Opportunity" languagecode="1033" />
                      </labels>
                      <control id="rbsm_opportunity" classid="{270BD3DB-D9AF-4782-9025-509E298DEC0A}" datafieldname="rbsm_opportunity" disabled="false" />
                    </cell>
                  </row>
                  <row>
                    <cell id="{e8ae8198-072e-7302-4134-215468b83e47}" showlabel="true" locklevel="0">
                      <labels>
                        <label description="Business Benefit List" languagecode="1033" />
                      </labels>
                      <control id="rbsm_businessbenefitlist" classid="{3EF39988-22BB-4f0b-BBBE-64B5A3748AEE}" datafieldname="rbsm_businessbenefitlist" disabled="false" />
                    </cell>
                  </row>
                  <row>
                    <cell id="{2337dcb9-01a9-d504-485b-180abe372de2}" showlabel="true" locklevel="0">
                      <labels>
                        <label description="Description" languagecode="1033" />
                      </labels>
                      <control id="rbsm_description" classid="{E0DECE4B-6FC8-4a8f-A065-082708572369}" datafieldname="rbsm_description" disabled="false" />
                    </cell>
                  </row>
                </rows>
              </section>
            </sections>
          </column>
        </columns>
      </tab>
    </tabs>
    <Navigation>
      <NavBar></NavBar>
      <NavBarAreas>
        <NavBarArea Id="Info">
          <Titles>
            <Title LCID="1033" Text="Common" />
          </Titles>
        </NavBarArea>
        <NavBarArea Id="Sales">
          <Titles>
            <Title LCID="1033" Text="Sales" />
          </Titles>
        </NavBarArea>
        <NavBarArea Id="Service">
          <Titles>
            <Title LCID="1033" Text="Service" />
          </Titles>
        </NavBarArea>
        <NavBarArea Id="Marketing">
          <Titles>
            <Title LCID="1033" Text="Marketing" />
          </Titles>
        </NavBarArea>
        <NavBarArea Id="ProcessCenter">
          <Titles>
            <Title LCID="1033" Text="Process Sessions" />
          </Titles>
        </NavBarArea>
      </NavBarAreas>
    </Navigation>
  </form>
  <IsCustomizable>1</IsCustomizable>
  <CanBeDeleted>1</CanBeDeleted>
  <LocalizedNames>
    <LocalizedName description="Information" languagecode="1033" />
  </LocalizedNames>
  <Descriptions>
    <Description description="A form for this entity." languagecode="1033" />
  </Descriptions>
</systemform>