﻿<?xml version="1.0" encoding="utf-8"?>
<systemform>
  <formid>{6e8962f4-4ec3-4a05-90f4-a16e7a9e2df0}</formid>
  <IntroducedVersion>1.0.0.0</IntroducedVersion>
  <FormPresentation>1</FormPresentation>
  <FormActivationState>1</FormActivationState>
  <form maxWidth="400">
    <tabs>
      <tab id="{76146501-d917-42ba-9408-882691278844}" name="tab_details" showlabel="false" locklevel="0" expanded="true">
        <labels>
          <label description="Details" languagecode="1033" />
        </labels>
        <columns>
          <column width="100%">
            <sections>
              <section id="{2ad02199-3df7-4f1a-a86a-1c21c4227928}" name="tab_detail_column_1_section_1" columns="1" showlabel="false" showbar="false" IsUserDefined="0" locklevel="0" labelwidth="115" celllabelalignment="Left" celllabelposition="Left">
                <labels>
                  <label description="Detail" languagecode="1033" />
                </labels>
                <rows>
                  <row>
                    <cell id="{86dbb3ad-dcea-9c53-bd31-b3145e704366}" showlabel="true" locklevel="0">
                      <labels>
                        <label description="Franchise" languagecode="1033" />
                      </labels>
                      <control id="rbsm_franchise" classid="{3EF39988-22BB-4f0b-BBBE-64B5A3748AEE}" datafieldname="rbsm_franchise" disabled="false" />
                    </cell>
                  </row>
                </rows>
              </section>
            </sections>
          </column>
        </columns>
      </tab>
    </tabs>
    <DisplayConditions Order="1">
      <Role Id="{627090ff-40a3-4053-8790-584edc5be201}" />
      <Role Id="{119f245c-3cc8-4b62-b31c-d1a046ced15d}" />
    </DisplayConditions>
  </form>
  <IsCustomizable>1</IsCustomizable>
  <CanBeDeleted>1</CanBeDeleted>
  <LocalizedNames>
    <LocalizedName description="Customer Details Quick View Form" languagecode="1033" />
  </LocalizedNames>
</systemform>