﻿<?xml version="1.0" encoding="utf-8"?>
<savedquery>
  <IsCustomizable>1</IsCustomizable>
  <CanBeDeleted>0</CanBeDeleted>
  <isquickfindquery>0</isquickfindquery>
  <isprivate>0</isprivate>
  <isdefault>0</isdefault>
  <savedqueryid>{53cbf341-e764-4f3a-afa5-9d4518ab5f08}</savedqueryid>
  <layoutxml>
    <grid name="resultset" jump="rbs_name" select="1" icon="1" preview="1">
      <row name="result" id="rbs_accesslogid">
        <cell name="rbs_name" width="300" />
        <cell name="rbs_description" width="100" disableSorting="1" />
        <cell name="rbs_document" width="100" />
        <cell name="rbs_user" width="100" />
        <cell name="rbs_action" width="100" />
        <cell name="rbs_start" width="100" />
        <cell name="rbs_end" width="100" />
        <cell name="createdon" width="125" />
        <cell name="createdby" width="100" />
        <cell name="createdonbehalfby" width="100" />
        <cell name="modifiedby" width="100" />
        <cell name="modifiedonbehalfby" width="100" />
        <cell name="modifiedon" width="100" />
        <cell name="ownerid" width="100" />
        <cell name="statecode" width="100" />
        <cell name="statuscode" width="100" />
      </row>
    </grid>
  </layoutxml>
  <querytype>0</querytype>
  <fetchxml>
    <fetch version="1.0" mapping="logical">
      <entity name="rbs_accesslog">
        <attribute name="rbs_name" />
        <attribute name="createdon" />
        <order attribute="rbs_name" descending="false" />
        <filter type="and">
          <condition attribute="statecode" operator="eq" value="1" />
        </filter>
        <attribute name="rbs_user" />
        <attribute name="statuscode" />
        <attribute name="statecode" />
        <attribute name="ownerid" />
        <attribute name="modifiedon" />
        <attribute name="modifiedonbehalfby" />
        <attribute name="modifiedby" />
        <attribute name="rbs_document" />
        <attribute name="createdonbehalfby" />
        <attribute name="createdby" />
        <attribute name="rbs_start" />
        <attribute name="rbs_end" />
        <attribute name="rbs_action" />
        <attribute name="rbs_description" />
        <attribute name="rbs_accesslogid" />
      </entity>
    </fetch>
  </fetchxml>
  <IntroducedVersion>0.0.0.0</IntroducedVersion>
  <LocalizedNames>
    <LocalizedName description="Inactive Access Logs" languagecode="1033" />
  </LocalizedNames>
</savedquery>