<?xml version="1.0" encoding="utf-8"?>
<forms xmlns:xsi="http://www.w3.org/2001/XMLSchema-instance">
  <systemform>
    <formid>{9367f900-7b24-49e7-8fb5-e832a5620f71}</formid>
    <IntroducedVersion>1.0</IntroducedVersion>
    <FormPresentation>1</FormPresentation>
    <FormActivationState>1</FormActivationState>
    <form
      headerdensity="HighWithControls">
      <tabs>
        <tab
          verticallayout="true"
          id="{ee4c3919-cecd-48f4-b08a-771d6dd89bf3}"
          IsUserDefined="1">
          <labels>
            <label
              description="General"
              languagecode="1033" />
            <label
              description="Umum"
              languagecode="1086" />
          </labels>
          <columns>
            <column
              width="100%">
              <sections>
                <section
                  showlabel="false"
                  showbar="false"
                  IsUserDefined="0"
                  id="{a1d73d32-91f4-41b9-81ff-1866d9adfe15}"
                  columns="11">
                  <labels>
                    <label
                      description="General"
                      languagecode="1033" />
                    <label
                      description="Umum"
                      languagecode="1086" />
                  </labels>
                  <rows>
                    <row>
                      <cell
                        id="{c1e18628-e90a-4ee5-bcd0-41ddef102952}">
                        <labels>
                          <label
                            description="Name"
                            languagecode="1033" />
                        </labels>
                        <control
                          id="rhm_name"
                          classid="{4273EDBD-AC1D-40d3-9FB2-095C621B552D}"
                          datafieldname="rhm_name" />
                      </cell>
                    </row>
                    <row>
                      <cell
                        id="{588f7544-13d1-486d-a68e-47628663d48a}"
                        locklevel="0"
                        colspan="1"
                        rowspan="1">
                        <labels>
                          <label
                            description="Key"
                            languagecode="1033" />
                        </labels>
                        <control
                          id="rhm_key"
                          classid="{4273EDBD-AC1D-40D3-9FB2-095C621B552D}"
                          datafieldname="rhm_key"
                          disabled="false" />
                      </cell>
                    </row>
                    <row>
                      <cell
                        id="{e22c9536-c141-4ffb-b0f3-65a29ff733f0}"
                        locklevel="0"
                        colspan="1"
                        rowspan="6"
                        auto="true">
                        <labels>
                          <label
                            description="Value"
                            languagecode="1033" />
                        </labels>
                        <control
                          id="rhm_value"
                          classid="{E0DECE4B-6FC8-4A8F-A065-082708572369}"
                          datafieldname="rhm_value"
                          disabled="false" />
                      </cell>
                      <cell
                        locklevel="0"
                        id="{7c20983d-86be-4a45-a25f-7733a4274e8d}">
                        <labels>
                          <label
                            description=""
                            languagecode="1033" />
                        </labels>
                      </cell>
                    </row>
                    <row />
                    <row />
                    <row />
                    <row />
                    <row />
                    <row>
                      <cell
                        id="{4159cf00-98e3-4c59-a191-939f98601837}"
                        locklevel="0"
                        colspan="2"
                        rowspan="6"
                        auto="false">
                        <labels>
                          <label
                            description="Description"
                            languagecode="1033" />
                        </labels>
                        <control
                          id="rhm_description"
                          classid="{E0DECE4B-6FC8-4A8F-A065-082708572369}"
                          datafieldname="rhm_description"
                          disabled="false" />
                      </cell>
                    </row>
                  </rows>
                </section>
              </sections>
            </column>
          </columns>
        </tab>
      </tabs>
      <header
        id="{00a4094d-bab2-4ab6-ae1b-940f80d73a5c}"
        celllabelposition="Top"
        columns="111"
        labelwidth="115"
        celllabelalignment="Left">
        <rows>
          <row>
            <cell
              id="{45a5cd18-948f-4677-bfa7-7ba014336006}"
              showlabel="false">
              <labels>
                <label
                  description=""
                  languagecode="1033" />
              </labels>
            </cell>
            <cell
              id="{e8166fa2-1424-469b-a589-bee3a75739c2}"
              showlabel="false">
              <labels>
                <label
                  description=""
                  languagecode="1033" />
              </labels>
            </cell>
            <cell
              id="{36e857dc-e4a4-4c14-ad64-0a8db4ebbc99}"
              showlabel="false">
              <labels>
                <label
                  description=""
                  languagecode="1033" />
              </labels>
            </cell>
          </row>
        </rows>
      </header>
      <footer
        id="{e6a87760-7a29-4def-a148-aee5ab0abdac}"
        celllabelposition="Top"
        columns="111"
        labelwidth="115"
        celllabelalignment="Left">
        <rows>
          <row>
            <cell
              id="{80ff6795-c815-4a5f-a446-a927206dc6c3}"
              showlabel="false">
              <labels>
                <label
                  description=""
                  languagecode="1033" />
              </labels>
            </cell>
            <cell
              id="{177939dc-12ae-49c9-afff-2b2f188c31f9}"
              showlabel="false">
              <labels>
                <label
                  description=""
                  languagecode="1033" />
              </labels>
            </cell>
            <cell
              id="{08bc5d86-3739-4237-8135-84099420d835}"
              showlabel="false">
              <labels>
                <label
                  description=""
                  languagecode="1033" />
              </labels>
            </cell>
          </row>
        </rows>
      </footer>
      <DisplayConditions
        Order="0"
        FallbackForm="true">
        <Everyone />
      </DisplayConditions>
    </form>
    <IsCustomizable>1</IsCustomizable>
    <CanBeDeleted>1</CanBeDeleted>
    <LocalizedNames>
      <LocalizedName
        description="Information"
        languagecode="1033" />
    </LocalizedNames>
    <Descriptions>
      <Description
        description="A form for this entity."
        languagecode="1033" />
    </Descriptions>
  </systemform>
</forms>