<?xml version="1.0" encoding="utf-8"?>
<AppModule>
  <UniqueName>AppforOutlookModule</UniqueName>
  <IntroducedVersion>1.0</IntroducedVersion>
  <WebResourceId>953b9fac-1e5e-e611-80d6-00155ded156f</WebResourceId>
  <OptimizedFor></OptimizedFor>
  <statecode>0</statecode>
  <statuscode>1</statuscode>
  <FormFactor>1</FormFactor>
  <ClientType>8</ClientType>
  <NavigationType>0</NavigationType>
  <AppModuleComponents>
    <AppModuleComponent
      type="1"
      schemaName="account" />
    <AppModuleComponent
      type="1"
      schemaName="activitypointer" />
    <AppModuleComponent
      type="1"
      schemaName="appointment" />
    <AppModuleComponent
      type="1"
      schemaName="competitor" />
    <AppModuleComponent
      type="1"
      schemaName="connection" />
    <AppModuleComponent
      type="1"
      schemaName="contact" />
    <AppModuleComponent
      type="1"
      schemaName="contract" />
    <AppModuleComponent
      type="1"
      schemaName="contractdetail" />
    <AppModuleComponent
      type="1"
      schemaName="email" />
    <AppModuleComponent
      type="1"
      schemaName="entitlement" />
    <AppModuleComponent
      type="1"
      schemaName="incident" />
    <AppModuleComponent
      type="1"
      schemaName="knowledgearticle" />
    <AppModuleComponent
      type="1"
      schemaName="knowledgearticleincident" />
    <AppModuleComponent
      type="1"
      schemaName="knowledgebaserecord" />
    <AppModuleComponent
      type="1"
      schemaName="lead" />
    <AppModuleComponent
      type="1"
      schemaName="msdyn_customerasset" />
    <AppModuleComponent
      type="1"
      schemaName="msdyn_incidenttype" />
    <AppModuleComponent
      type="1"
      schemaName="msdyn_iotalert" />
    <AppModuleComponent
      type="1"
      schemaName="msdyn_swarm" />
    <AppModuleComponent
      type="1"
      schemaName="opportunity" />
    <AppModuleComponent
      type="1"
      schemaName="phonecall" />
    <AppModuleComponent
      type="1"
      schemaName="rhm_casedetail" />
    <AppModuleComponent
      type="1"
      schemaName="rhm_casesubtype" />
    <AppModuleComponent
      type="1"
      schemaName="rhm_productserialnumber" />
    <AppModuleComponent
      type="1"
      schemaName="salesliterature" />
    <AppModuleComponent
      type="1"
      schemaName="slakpiinstance" />
    <AppModuleComponent
      type="1"
      schemaName="systemuser" />
    <AppModuleComponent
      type="1"
      schemaName="task" />
    <AppModuleComponent
      type="60"
      id="{95f2e667-95c3-e611-80d6-00155db7dbc8}" />
    <AppModuleComponent
      type="62"
      schemaName="AppforOutlookSiteMap" />
  </AppModuleComponents>
  <AppModuleRoleMaps>
    <Role
      id="{85937b6b-91a1-46ed-9778-929fc9f61812}" />
    <Role
      id="{1808b939-dd07-4ca7-aa99-ddd2734378f1}" />
    <Role
      id="{ecfd0b44-5720-45e3-ae68-417ddb0fb654}" />
    <Role
      id="{d892cc0b-28c7-4e88-bd92-72f2c366baed}" />
    <Role
      id="{2407db5e-edae-4e36-9be1-fd61d4d15809}" />
    <Role
      id="{b4b40b17-cf37-4ea8-b2c5-b580f2f48654}" />
    <Role
      id="{d9d602db-2761-4170-877f-983494567c08}" />
    <Role
      id="{09a25608-d28b-4d47-b57c-79271fe6a525}" />
    <Role
      id="{c0ed2f4f-6f92-4691-92ba-78f2931e8fba}" />
    <Role
      id="{a4be89ff-7c35-4d69-9900-999c3f603e6f}" />
    <Role
      id="{debec338-bca7-4882-ae04-84e6ddda2984}" />
    <Role
      id="{dcd60b89-421c-44ae-bff0-dd6323df885c}" />
    <Role
      id="{2d101bb3-5ced-4122-83f1-94d5efde4e3b}" />
    <Role
      id="{627090ff-40a3-4053-8790-584edc5be201}" />
    <Role
      id="{119f245c-3cc8-4b62-b31c-d1a046ced15d}" />
    <Role
      id="{6caba073-59a8-4d6b-8e7b-4ccb50c5166b}" />
    <Role
      id="{29123793-6ae5-4955-9f1a-f10ceb9705f1}" />
  </AppModuleRoleMaps>
  <LocalizedNames>
    <LocalizedName
      description="Dynamics 365 App for Outlook"
      languagecode="1033" />
    <LocalizedName
      description="Dynamics 365 App for Outlook"
      languagecode="1086" />
  </LocalizedNames>
  <Descriptions>
    <Description
      description="Provides access to Dynamics 365 App for Outlook for enabled users. Available only as an Outlook app. Contact your admin for set up details."
      languagecode="1033" />
    <Description
      description="Sediakan akses kepada Dynamics 365 App for Outlook untuk pengguna yang didayakan. Tersedia hanya sebagai aplikasi Outlook. Hubungi pentadbir anda untuk butiran persediaan."
      languagecode="1086" />
  </Descriptions>
</AppModule>