﻿<?xml version="1.0" encoding="utf-8"?>
<savedquery>
  <IsCustomizable>1</IsCustomizable>
  <CanBeDeleted>1</CanBeDeleted>
  <isquickfindquery>0</isquickfindquery>
  <isprivate>0</isprivate>
  <isdefault>1</isdefault>
  <returnedtypecode>10086</returnedtypecode>
  <savedqueryid>{0dadc382-83b1-e811-8144-5065f38bc5c1}</savedqueryid>
  <querytype>8192</querytype>
  <fetchxml>
    <fetch version="1.0" mapping="logical" output-format="xml-platform">
      <entity name="rbs_teamrulerelationship">
        <attribute name="rbs_teamrulerelationshipid" />
        <filter type="and">
          <condition attribute="statecode" operator="eq" value="0" />
          <condition attribute="ownerid" operator="eq-userid" />
        </filter>
      </entity>
    </fetch>
  </fetchxml>
  <IntroducedVersion>1.0.0.0</IntroducedVersion>
  <LocalizedNames>
    <LocalizedName description="My Team Rule Relationships" languagecode="1033" />
  </LocalizedNames>
  <Descriptions>
    <Description description="Active Team Rule Relationships owned by me" languagecode="1033" />
  </Descriptions>
</savedquery>