﻿<?xml version="1.0" encoding="utf-8"?>
<savedquery>
  <IsCustomizable>1</IsCustomizable>
  <CanBeDeleted>0</CanBeDeleted>
  <isquickfindquery>0</isquickfindquery>
  <isprivate>0</isprivate>
  <isdefault>1</isdefault>
  <returnedtypecode>10086</returnedtypecode>
  <savedqueryid>{53cc8aef-6ce7-4a27-abfe-a07716026b16}</savedqueryid>
  <layoutxml>
    <grid name="resultset" object="10086" jump="rbs_name" select="1" icon="1" preview="1">
      <row name="result" id="rbs_teamrulerelationshipid">
        <cell name="rbs_team" width="150" imageproviderfunctionname="" imageproviderwebresource="$webresource:" />
        <cell name="rbs_distributionthresholdcount" width="200" imageproviderfunctionname="" imageproviderwebresource="$webresource:" />
        <cell name="createdon" width="125" />
      </row>
    </grid>
  </layoutxml>
  <querytype>0</querytype>
  <fetchxml>
    <fetch version="1.0" mapping="logical">
      <entity name="rbs_teamrulerelationship">
        <attribute name="createdon" />
        <order attribute="rbs_team" descending="false" />
        <filter type="and">
          <condition attribute="statecode" operator="eq" value="0" />
        </filter>
        <attribute name="rbs_team" />
        <attribute name="rbs_distributionthresholdcount" />
        <attribute name="rbs_teamrulerelationshipid" />
      </entity>
    </fetch>
  </fetchxml>
  <IntroducedVersion>1.0.0.0</IntroducedVersion>
  <LocalizedNames>
    <LocalizedName description="Active Team Rule Relationships" languagecode="1033" />
  </LocalizedNames>
</savedquery>