﻿<?xml version="1.0" encoding="utf-8"?>
<systemform>
  <formid>{e3ee3c4f-7d5a-45a9-b6ab-16bf87fc4fda}</formid>
  <IntroducedVersion>1.0.0.0</IntroducedVersion>
  <FormPresentation>1</FormPresentation>
  <FormActivationState>1</FormActivationState>
  <form showImage="true" shownavigationbar="true" maxWidth="1920">
    <ancestor id="{8448b78f-8f42-454e-8e2a-f8196b0419af}" />
    <hiddencontrols>
      <data id="address1_addressid" datafieldname="address1_addressid" classid="{5546E6CD-394C-4bee-94A8-4425E17EF6C6}" />
      <data id="address2_addressid" datafieldname="address2_addressid" classid="{5546E6CD-394C-4bee-94A8-4425E17EF6C6}" />
    </hiddencontrols>
    <tabs>
      <tab name="SUMMARY_TAB" id="{3b0b63a9-d379-689a-0ec3-e71eb4c6a841}" IsUserDefined="0" showlabel="true" expanded="true" locklevel="0" labelid="{c0abd14c-4136-475d-8502-a6086b64309d}">
        <labels>
          <label description="Summary" languagecode="1033" />
        </labels>
        <columns>
          <column width="33%">
            <sections>
              <section name="ACCOUNT_INFORMATION" showlabel="true" showbar="false" id="{0eb92e6c-bcb8-0d52-a188-d81543ddb7cd}" IsUserDefined="0" layout="varwidth" columns="1" labelwidth="115" celllabelposition="Left" labelid="{05feb996-e84e-446e-8257-d7b4dfa46366}">
                <labels>
                  <label description="ACCOUNT INFORMATION" languagecode="1033" />
                </labels>
                <rows>
                  <row>
                    <cell id="{b0e82a7e-5683-d90c-308a-0d779377ea8a}" showlabel="true" labelid="{e4a1419e-ef37-4cbc-9b13-f5ef8270fd5c}" locklevel="1">
                      <labels>
                        <label description="Account Name" languagecode="1033" />
                      </labels>
                      <control id="name" classid="{4273EDBD-AC1D-40d3-9FB2-095C621B552D}" datafieldname="name" disabled="true" uniqueid="{3a0331eb-8635-55d7-e714-7d3ae0037720}" />
                    </cell>
                  </row>
                </rows>
              </section>
            </sections>
          </column>
          <column width="42%">
            <sections></sections>
          </column>
          <column width="25%">
            <sections></sections>
          </column>
        </columns>
      </tab>
      <tab name="documentTab" id="{a5dbcc07-2380-94d8-1465-8c7d737aedc8}" IsUserDefined="0" locklevel="0" showlabel="true" expanded="true">
        <labels>
          <label description="Documents" languagecode="1033" />
        </labels>
        <columns>
          <column width="100%">
            <sections>
              <section name="documentSection" showlabel="false" showbar="false" locklevel="0" id="{0db2ee52-c0e4-0a0d-2bea-5004e1b8139c}" IsUserDefined="0" layout="varwidth" columns="1" labelwidth="115" height="auto" celllabelalignment="Left" celllabelposition="Left">
                <labels>
                  <label description="Section" languagecode="1033" />
                </labels>
                <rows>
                  <row>
                    <cell id="{d84c7ea6-d597-e845-b79b-d4a879ea0117}" showlabel="false" colspan="1" auto="false" rowspan="6">
                      <labels>
                        <label description="Documents" languagecode="1033" />
                      </labels>
                      <control id="DocumentsSubGrid" classid="{E7A81278-8635-4d9e-8D4D-59480B391C5B}" indicationOfSubgrid="true" uniqueid="{14013ca6-89d0-d9a9-0036-d6134c1e31d0}">
                        <parameters>
                          <ViewId>{E61C1C81-5B55-415D-B798-AC1B98D21F0F}</ViewId>
                          <IsUserView>false</IsUserView>
                          <RelationshipName>rbs_account_rbs_document_CustomerReference</RelationshipName>
                          <TargetEntityType>rbs_document</TargetEntityType>
                          <AutoExpand>Fixed</AutoExpand>
                          <EnableQuickFind>false</EnableQuickFind>
                          <EnableViewPicker>false</EnableViewPicker>
                          <ViewIds>{E61C1C81-5B55-415D-B798-AC1B98D21F0F}</ViewIds>
                          <EnableJumpBar>false</EnableJumpBar>
                          <ChartGridMode>All</ChartGridMode>
                          <VisualizationId />
                          <IsUserChart>false</IsUserChart>
                          <EnableChartPicker>true</EnableChartPicker>
                          <RecordsPerPage>4</RecordsPerPage>
                          <HeaderColorCode>#F3F3F3</HeaderColorCode>
                        </parameters>
                      </control>
                    </cell>
                  </row>
                  <row />
                  <row />
                  <row />
                  <row />
                  <row />
                  <row>
                    <cell id="{4a0be1bb-6913-664e-5463-8063048a414d}" showlabel="false" colspan="1" auto="true" rowspan="30">
                      <labels>
                        <label description="Document Upload" languagecode="1033" />
                      </labels>
                      <control id="IFRAME_DocumentUpload" classid="{FD2A7985-3187-444e-908D-6624B21F69C0}">
                        <parameters>
                          <Url>https://devecpvm003845/EcmIntegration/Ecm/Upload/</Url>
                          <PassParameters>true</PassParameters>
                          <Security>false</Security>
                          <Scrolling>auto</Scrolling>
                          <Border>true</Border>
                          <ShowOnMobileClient>false</ShowOnMobileClient>
                        </parameters>
                      </control>
                      <events>
                        <event name="onload" application="false">
                          <dependencies />
                        </event>
                      </events>
                    </cell>
                  </row>
                  <row />
                  <row />
                  <row />
                  <row />
                  <row />
                  <row />
                  <row />
                  <row />
                  <row />
                  <row />
                  <row />
                  <row />
                  <row />
                  <row />
                  <row />
                  <row />
                  <row />
                  <row />
                  <row />
                  <row />
                  <row />
                  <row />
                  <row />
                  <row />
                  <row />
                  <row />
                  <row />
                  <row />
                  <row height="auto" />
                </rows>
              </section>
            </sections>
          </column>
        </columns>
      </tab>
    </tabs>
    <header id="{d5a03552-1183-4347-a237-1f894ba449eb}" columns="111" celllabelposition="Top" labelwidth="115">
      <rows>
        <row>
          <cell id="{0444eeed-c1b4-e424-839c-cec98bc76379}" showlabel="false">
            <labels>
              <label description="" languagecode="1033" />
            </labels>
          </cell>
          <cell id="{1924e2c4-dc68-dc87-5db9-9d75e95b6c45}" showlabel="false">
            <labels>
              <label description="" languagecode="1033" />
            </labels>
          </cell>
          <cell id="{54b2d0a2-eb77-b3cd-b60a-03ea6944e98e}" showlabel="true" locklevel="1" labelid="{2a391f8e-52bc-4493-b317-4ccac77a75cd}">
            <labels>
              <label description="Owner" languagecode="1033" />
            </labels>
            <control id="header_ownerid" classid="{270BD3DB-D9AF-4782-9025-509E298DEC0A}" datafieldname="ownerid" />
          </cell>
        </row>
      </rows>
    </header>
    <clientresources>
      <internalresources>
        <clientincludes>
          <internaljscriptfile src="$webresource:AppCommon/Account/Account_main_system_library.js" />
        </clientincludes>
      </internalresources>
    </clientresources>
    <Navigation>
      <NavBar>
        <NavBarByRelationshipItem RelationshipName="order_customer_accounts" Id="navOrders" TitleResourceId="Tab_Label_MoreOrders" Sequence="10" Area="Info" Show="false">
          <Privileges>
            <Privilege Entity="" Privilege="ReadActivity" />
          </Privileges>
          <Titles>
            <Title LCID="1033" Text="SalesOrder" />
            <Title LCID="1025" Text="SalesOrder" />
            <Title LCID="1026" Text="SalesOrder" />
            <Title LCID="1027" Text="SalesOrder" />
            <Title LCID="1029" Text="SalesOrder" />
            <Title LCID="1030" Text="SalesOrder" />
            <Title LCID="1031" Text="SalesOrder" />
            <Title LCID="1032" Text="SalesOrder" />
            <Title LCID="3082" Text="SalesOrder" />
            <Title LCID="1061" Text="SalesOrder" />
            <Title LCID="1069" Text="SalesOrder" />
            <Title LCID="1035" Text="SalesOrder" />
            <Title LCID="1036" Text="SalesOrder" />
            <Title LCID="1110" Text="SalesOrder" />
            <Title LCID="1037" Text="SalesOrder" />
            <Title LCID="1081" Text="SalesOrder" />
            <Title LCID="1050" Text="SalesOrder" />
            <Title LCID="1038" Text="SalesOrder" />
            <Title LCID="1057" Text="SalesOrder" />
            <Title LCID="1040" Text="SalesOrder" />
            <Title LCID="1041" Text="SalesOrder" />
            <Title LCID="1087" Text="SalesOrder" />
            <Title LCID="1042" Text="SalesOrder" />
            <Title LCID="1063" Text="SalesOrder" />
            <Title LCID="1062" Text="SalesOrder" />
            <Title LCID="1086" Text="SalesOrder" />
            <Title LCID="1044" Text="SalesOrder" />
            <Title LCID="1043" Text="SalesOrder" />
            <Title LCID="1045" Text="SalesOrder" />
            <Title LCID="1046" Text="SalesOrder" />
            <Title LCID="2070" Text="SalesOrder" />
            <Title LCID="1048" Text="SalesOrder" />
            <Title LCID="1049" Text="SalesOrder" />
            <Title LCID="1051" Text="SalesOrder" />
            <Title LCID="1060" Text="SalesOrder" />
            <Title LCID="10266" Text="SalesOrder" />
            <Title LCID="9242" Text="SalesOrder" />
            <Title LCID="1053" Text="SalesOrder" />
            <Title LCID="1054" Text="SalesOrder" />
            <Title LCID="1055" Text="SalesOrder" />
            <Title LCID="1058" Text="SalesOrder" />
            <Title LCID="1066" Text="SalesOrder" />
            <Title LCID="2052" Text="SalesOrder" />
            <Title LCID="3076" Text="SalesOrder" />
            <Title LCID="1028" Text="SalesOrder" />
          </Titles>
        </NavBarByRelationshipItem>
        <NavBarByRelationshipItem RelationshipName="account_customer_relationship_customer" Id="navRelationships" TitleResourceId="Left_Nav_Area_Relationships" Sequence="10" Area="Info" Show="false">
          <Privileges>
            <Privilege Entity="" Privilege="ReadActivity" />
          </Privileges>
          <Titles>
            <Title LCID="1033" Text="CustomerRelationship" />
            <Title LCID="1025" Text="CustomerRelationship" />
            <Title LCID="1026" Text="CustomerRelationship" />
            <Title LCID="1027" Text="CustomerRelationship" />
            <Title LCID="1029" Text="CustomerRelationship" />
            <Title LCID="1030" Text="CustomerRelationship" />
            <Title LCID="1031" Text="CustomerRelationship" />
            <Title LCID="1032" Text="CustomerRelationship" />
            <Title LCID="3082" Text="CustomerRelationship" />
            <Title LCID="1061" Text="CustomerRelationship" />
            <Title LCID="1069" Text="CustomerRelationship" />
            <Title LCID="1035" Text="CustomerRelationship" />
            <Title LCID="1036" Text="CustomerRelationship" />
            <Title LCID="1110" Text="CustomerRelationship" />
            <Title LCID="1037" Text="CustomerRelationship" />
            <Title LCID="1081" Text="CustomerRelationship" />
            <Title LCID="1050" Text="CustomerRelationship" />
            <Title LCID="1038" Text="CustomerRelationship" />
            <Title LCID="1057" Text="CustomerRelationship" />
            <Title LCID="1040" Text="CustomerRelationship" />
            <Title LCID="1041" Text="CustomerRelationship" />
            <Title LCID="1087" Text="CustomerRelationship" />
            <Title LCID="1042" Text="CustomerRelationship" />
            <Title LCID="1063" Text="CustomerRelationship" />
            <Title LCID="1062" Text="CustomerRelationship" />
            <Title LCID="1086" Text="CustomerRelationship" />
            <Title LCID="1044" Text="CustomerRelationship" />
            <Title LCID="1043" Text="CustomerRelationship" />
            <Title LCID="1045" Text="CustomerRelationship" />
            <Title LCID="1046" Text="CustomerRelationship" />
            <Title LCID="2070" Text="CustomerRelationship" />
            <Title LCID="1048" Text="CustomerRelationship" />
            <Title LCID="1049" Text="CustomerRelationship" />
            <Title LCID="1051" Text="CustomerRelationship" />
            <Title LCID="1060" Text="CustomerRelationship" />
            <Title LCID="10266" Text="CustomerRelationship" />
            <Title LCID="9242" Text="CustomerRelationship" />
            <Title LCID="1053" Text="CustomerRelationship" />
            <Title LCID="1054" Text="CustomerRelationship" />
            <Title LCID="1055" Text="CustomerRelationship" />
            <Title LCID="1058" Text="CustomerRelationship" />
            <Title LCID="1066" Text="CustomerRelationship" />
            <Title LCID="2052" Text="CustomerRelationship" />
            <Title LCID="3076" Text="CustomerRelationship" />
            <Title LCID="1028" Text="CustomerRelationship" />
          </Titles>
        </NavBarByRelationshipItem>
        <NavBarByRelationshipItem RelationshipName="Account_CustomerAddress" Id="navAddresses" Sequence="10" Area="Info" Show="false">
          <Privileges>
            <Privilege Entity="" Privilege="ReadActivity" />
          </Privileges>
          <Titles>
            <Title LCID="1033" Text="Addresses" />
            <Title LCID="1025" Text="العناوين" />
            <Title LCID="1026" Text="Адреси" />
            <Title LCID="1027" Text="Adreces" />
            <Title LCID="1029" Text="Adresy" />
            <Title LCID="1030" Text="Adresser" />
            <Title LCID="1031" Text="Adressen" />
            <Title LCID="1032" Text="Διευθύνσεις" />
            <Title LCID="3082" Text="Direcciones" />
            <Title LCID="1061" Text="Aadressid" />
            <Title LCID="1069" Text="Helbideak" />
            <Title LCID="1035" Text="Osoitteet" />
            <Title LCID="1036" Text="Adresses" />
            <Title LCID="1110" Text="Enderezos" />
            <Title LCID="1037" Text="כתובות" />
            <Title LCID="1081" Text="पते" />
            <Title LCID="1050" Text="Adrese" />
            <Title LCID="1038" Text="Címek" />
            <Title LCID="1057" Text="Alamat" />
            <Title LCID="1040" Text="Indirizzi" />
            <Title LCID="1041" Text="住所" />
            <Title LCID="1087" Text="Мекенжайлар" />
            <Title LCID="1042" Text="주소" />
            <Title LCID="1063" Text="Adresai" />
            <Title LCID="1062" Text="Adreses" />
            <Title LCID="1086" Text="Alamat" />
            <Title LCID="1044" Text="Adresser" />
            <Title LCID="1043" Text="Adressen" />
            <Title LCID="1045" Text="Adresy" />
            <Title LCID="1046" Text="Endereços" />
            <Title LCID="2070" Text="Endereços" />
            <Title LCID="1048" Text="Adrese" />
            <Title LCID="1049" Text="Адреса" />
            <Title LCID="1051" Text="Adresy" />
            <Title LCID="1060" Text="Naslovi" />
            <Title LCID="10266" Text="Адресе" />
            <Title LCID="9242" Text="Adrese" />
            <Title LCID="1053" Text="Adresser" />
            <Title LCID="1054" Text="ที่อยู่" />
            <Title LCID="1055" Text="Adresler" />
            <Title LCID="1058" Text="Адреси" />
            <Title LCID="1066" Text="Địa chỉ" />
            <Title LCID="2052" Text="地址" />
            <Title LCID="3076" Text="地址" />
            <Title LCID="1028" Text="地址" />
          </Titles>
        </NavBarByRelationshipItem>
        <NavBarByRelationshipItem RelationshipName="invoice_customer_accounts" Id="navInvoices" TitleResourceId="Tab_Label_MoreInvoices" Sequence="10" Area="Info" Show="false">
          <Privileges>
            <Privilege Entity="" Privilege="ReadActivity" />
          </Privileges>
          <Titles>
            <Title LCID="1033" Text="Invoice" />
            <Title LCID="1025" Text="الفاتورة" />
            <Title LCID="1026" Text="Фактура" />
            <Title LCID="1027" Text="Factura" />
            <Title LCID="1029" Text="Faktura" />
            <Title LCID="1030" Text="Faktura" />
            <Title LCID="1031" Text="Rechnung" />
            <Title LCID="1032" Text="Τιμολόγιο" />
            <Title LCID="3082" Text="Factura" />
            <Title LCID="1061" Text="Arve" />
            <Title LCID="1069" Text="Faktura" />
            <Title LCID="1035" Text="Lasku" />
            <Title LCID="1036" Text="Facture" />
            <Title LCID="1110" Text="Factura" />
            <Title LCID="1037" Text="חשבונית" />
            <Title LCID="1081" Text="इनवॉइस" />
            <Title LCID="1050" Text="Faktura" />
            <Title LCID="1038" Text="Számla" />
            <Title LCID="1057" Text="Faktur" />
            <Title LCID="1040" Text="Fattura" />
            <Title LCID="1041" Text="請求書" />
            <Title LCID="1087" Text="Есеп-шот" />
            <Title LCID="1042" Text="송장" />
            <Title LCID="1063" Text="Sąskaita faktūra" />
            <Title LCID="1062" Text="Rēķins" />
            <Title LCID="1086" Text="Invois" />
            <Title LCID="1044" Text="Faktura" />
            <Title LCID="1043" Text="Factuur" />
            <Title LCID="1045" Text="Faktura" />
            <Title LCID="1046" Text="Fatura" />
            <Title LCID="2070" Text="Fatura" />
            <Title LCID="1048" Text="Factură" />
            <Title LCID="1049" Text="Счет" />
            <Title LCID="1051" Text="Faktúra" />
            <Title LCID="1060" Text="Račun" />
            <Title LCID="10266" Text="Фактура" />
            <Title LCID="9242" Text="Faktura" />
            <Title LCID="1053" Text="Faktura" />
            <Title LCID="1054" Text="ใบแจ้งหนี้" />
            <Title LCID="1055" Text="Fatura" />
            <Title LCID="1058" Text="Рахунок" />
            <Title LCID="1066" Text="Hóa đơn" />
            <Title LCID="2052" Text="发票" />
            <Title LCID="3076" Text="發票" />
            <Title LCID="1028" Text="發票" />
          </Titles>
        </NavBarByRelationshipItem>
        <NavBarByRelationshipItem RelationshipName="quote_customer_accounts" Id="navQuotes" TitleResourceId="Tab_Label_MoreQuotes" Sequence="10" Area="Info" Show="false">
          <Privileges>
            <Privilege Entity="" Privilege="ReadActivity" />
          </Privileges>
          <Titles>
            <Title LCID="1033" Text="Quote" />
            <Title LCID="1025" Text="عرض الأسعار" />
            <Title LCID="1026" Text="Оферта" />
            <Title LCID="1027" Text="Oferta" />
            <Title LCID="1029" Text="Nabídka" />
            <Title LCID="1030" Text="Tilbud" />
            <Title LCID="1031" Text="Angebot" />
            <Title LCID="1032" Text="Προσφορά" />
            <Title LCID="3082" Text="Oferta" />
            <Title LCID="1061" Text="Hinnapakkumine" />
            <Title LCID="1069" Text="Eskaintza" />
            <Title LCID="1035" Text="Tarjous" />
            <Title LCID="1036" Text="Devis" />
            <Title LCID="1110" Text="Oferta" />
            <Title LCID="1037" Text="הצעת מחיר" />
            <Title LCID="1081" Text="कोट" />
            <Title LCID="1050" Text="Ponuda" />
            <Title LCID="1038" Text="Árajánlat" />
            <Title LCID="1057" Text="Kuotasi" />
            <Title LCID="1040" Text="Offerta" />
            <Title LCID="1041" Text="見積もり" />
            <Title LCID="1087" Text="Баға ұсыну" />
            <Title LCID="1042" Text="견적" />
            <Title LCID="1063" Text="Pasiūlymas" />
            <Title LCID="1062" Text="Piedāvājums" />
            <Title LCID="1086" Text="Sebut Harga" />
            <Title LCID="1044" Text="Tilbud" />
            <Title LCID="1043" Text="Prijsopgave" />
            <Title LCID="1045" Text="Oferta" />
            <Title LCID="1046" Text="Cotação" />
            <Title LCID="2070" Text="Proposta" />
            <Title LCID="1048" Text="Ofertă" />
            <Title LCID="1049" Text="Предложение с расценками" />
            <Title LCID="1051" Text="Cenová ponuka" />
            <Title LCID="1060" Text="Ponudba" />
            <Title LCID="10266" Text="Понуда" />
            <Title LCID="9242" Text="Ponuda" />
            <Title LCID="1053" Text="Offert" />
            <Title LCID="1054" Text="ใบเสนอราคา" />
            <Title LCID="1055" Text="Teklif" />
            <Title LCID="1058" Text="Цінова пропозиція" />
            <Title LCID="1066" Text="Báo giá" />
            <Title LCID="2052" Text="报价单" />
            <Title LCID="3076" Text="報價" />
            <Title LCID="1028" Text="報價" />
          </Titles>
        </NavBarByRelationshipItem>
        <NavBarByRelationshipItem RelationshipName="account_parent_account" Id="navSubAccts" TitleResourceId="Label_SubAccounts" Sequence="10" Area="Info" Show="false">
          <Privileges>
            <Privilege Entity="" Privilege="ReadActivity" />
          </Privileges>
          <Titles>
            <Title LCID="1033" Text="Accounts" />
            <Title LCID="1025" Text="الحسابات" />
            <Title LCID="1026" Text="Акаунти" />
            <Title LCID="1027" Text="Comptes" />
            <Title LCID="1029" Text="Obchodní vztahy" />
            <Title LCID="1030" Text="Firmaer" />
            <Title LCID="1031" Text="Firmen" />
            <Title LCID="1032" Text="Λογαριασμοί" />
            <Title LCID="3082" Text="Cuentas" />
            <Title LCID="1061" Text="Kontod" />
            <Title LCID="1069" Text="Kontuak" />
            <Title LCID="1035" Text="Asiakkaat" />
            <Title LCID="1036" Text="Comptes" />
            <Title LCID="1110" Text="Contas" />
            <Title LCID="1037" Text="תיקי לקוחות" />
            <Title LCID="1081" Text="खाते" />
            <Title LCID="1050" Text="Kupci" />
            <Title LCID="1038" Text="Partnerek" />
            <Title LCID="1057" Text="Akun" />
            <Title LCID="1040" Text="Account" />
            <Title LCID="1041" Text="取引先企業" />
            <Title LCID="1087" Text="Тіркелгілер" />
            <Title LCID="1042" Text="거래처" />
            <Title LCID="1063" Text="Klientai" />
            <Title LCID="1062" Text="Uzņēmumi" />
            <Title LCID="1086" Text="Akaun" />
            <Title LCID="1044" Text="Forretningsforbindelser" />
            <Title LCID="1043" Text="Accounts" />
            <Title LCID="1045" Text="Klienci" />
            <Title LCID="1046" Text="Contas" />
            <Title LCID="2070" Text="Contas" />
            <Title LCID="1048" Text="Conturi" />
            <Title LCID="1049" Text="Организации" />
            <Title LCID="1051" Text="Obchodné vzťahy" />
            <Title LCID="1060" Text="Računi" />
            <Title LCID="10266" Text="Пословни контакти" />
            <Title LCID="9242" Text="Poslovni kontakti" />
            <Title LCID="1053" Text="Konton" />
            <Title LCID="1054" Text="บัญชี" />
            <Title LCID="1055" Text="Firmalar" />
            <Title LCID="1058" Text="Бізнес-партнери" />
            <Title LCID="1066" Text="Khách hàng" />
            <Title LCID="2052" Text="帐户" />
            <Title LCID="3076" Text="客戶" />
            <Title LCID="1028" Text="客戶" />
          </Titles>
        </NavBarByRelationshipItem>
        <NavBarByRelationshipItem RelationshipName="contract_customer_accounts" Id="navContracts" TitleResourceId="Tab_Label_MoreContracts" Sequence="10" Area="Info" Show="false">
          <Privileges>
            <Privilege Entity="" Privilege="ReadActivity" />
          </Privileges>
          <Titles>
            <Title LCID="1033" Text="Contract" />
            <Title LCID="1025" Text="العقد" />
            <Title LCID="1026" Text="Договор" />
            <Title LCID="1027" Text="Contracte" />
            <Title LCID="1029" Text="Smlouva" />
            <Title LCID="1030" Text="Kontrakt" />
            <Title LCID="1031" Text="Vertrag" />
            <Title LCID="1032" Text="Σύμβαση" />
            <Title LCID="3082" Text="Contrato" />
            <Title LCID="1061" Text="Leping" />
            <Title LCID="1069" Text="Kontratua" />
            <Title LCID="1035" Text="Palvelusopimus" />
            <Title LCID="1036" Text="Contrat" />
            <Title LCID="1110" Text="Contrato" />
            <Title LCID="1037" Text="חוזה" />
            <Title LCID="1081" Text="संविदा" />
            <Title LCID="1050" Text="Ugovor" />
            <Title LCID="1038" Text="Szerződés" />
            <Title LCID="1057" Text="Kontrak" />
            <Title LCID="1040" Text="Contratto" />
            <Title LCID="1041" Text="契約" />
            <Title LCID="1087" Text="Келісім-шарт" />
            <Title LCID="1042" Text="계약" />
            <Title LCID="1063" Text="Sutartis" />
            <Title LCID="1062" Text="Līgums" />
            <Title LCID="1086" Text="Kontrak" />
            <Title LCID="1044" Text="Kontrakt" />
            <Title LCID="1043" Text="Contract" />
            <Title LCID="1045" Text="Kontrakt" />
            <Title LCID="1046" Text="Contrato" />
            <Title LCID="2070" Text="Contrato" />
            <Title LCID="1048" Text="Contract" />
            <Title LCID="1049" Text="Контракт" />
            <Title LCID="1051" Text="Zmluva" />
            <Title LCID="1060" Text="Pogodba" />
            <Title LCID="10266" Text="Уговор" />
            <Title LCID="9242" Text="Ugovor" />
            <Title LCID="1053" Text="Kontrakt" />
            <Title LCID="1054" Text="สัญญา" />
            <Title LCID="1055" Text="Sözleşme" />
            <Title LCID="1058" Text="Сервісний договір" />
            <Title LCID="1066" Text="Hợp đồng" />
            <Title LCID="2052" Text="合同" />
            <Title LCID="3076" Text="合約" />
            <Title LCID="1028" Text="合約" />
          </Titles>
        </NavBarByRelationshipItem>
        <NavBarByRelationshipItem RelationshipName="hardcoded_{B7196B13-6B9D-42CD-BD58-B19A3953126F}navCampaignsInSFA" Sequence="20" Area="Marketing" Id="navCampaignsInSFA" Show="false">
          <Titles>
            <Title LCID="1033" Text="Campaigns" />
            <Title LCID="1025" Text="الحملات" />
            <Title LCID="1026" Text="Кампании" />
            <Title LCID="1027" Text="Campanyes" />
            <Title LCID="1029" Text="Kampaně" />
            <Title LCID="1030" Text="Kampagner" />
            <Title LCID="1031" Text="Kampagnen" />
            <Title LCID="1032" Text="Εκστρατείες" />
            <Title LCID="3082" Text="Campañas" />
            <Title LCID="1061" Text="Kampaaniad" />
            <Title LCID="1069" Text="Kanpainak" />
            <Title LCID="1035" Text="Kampanjat" />
            <Title LCID="1036" Text="Campagnes" />
            <Title LCID="1110" Text="Campañas" />
            <Title LCID="1037" Text="קמפיינים" />
            <Title LCID="1081" Text="अभियान" />
            <Title LCID="1050" Text="Kampanje" />
            <Title LCID="1038" Text="Kampányok" />
            <Title LCID="1057" Text="Kampanye" />
            <Title LCID="1040" Text="Campagne" />
            <Title LCID="1041" Text="キャンペーン" />
            <Title LCID="1087" Text="Науқандар" />
            <Title LCID="1042" Text="캠페인" />
            <Title LCID="1063" Text="Kampanijos" />
            <Title LCID="1062" Text="Kampaņas" />
            <Title LCID="1086" Text="Kempen" />
            <Title LCID="1044" Text="Kampanjer" />
            <Title LCID="1043" Text="Campagnes" />
            <Title LCID="1045" Text="Kampanie" />
            <Title LCID="1046" Text="Campanhas" />
            <Title LCID="2070" Text="Campanhas" />
            <Title LCID="1048" Text="Campanii" />
            <Title LCID="1049" Text="Кампании" />
            <Title LCID="1051" Text="Kampane" />
            <Title LCID="1060" Text="Akcije" />
            <Title LCID="10266" Text="Кампање" />
            <Title LCID="9242" Text="Kampanje" />
            <Title LCID="1053" Text="Kampanjer" />
            <Title LCID="1054" Text="การส่งเสริมการขาย" />
            <Title LCID="1055" Text="Kampanyalar" />
            <Title LCID="1058" Text="Кампанії" />
            <Title LCID="1066" Text="Chiến dịch" />
            <Title LCID="2052" Text="市场活动" />
            <Title LCID="3076" Text="行銷活動" />
            <Title LCID="1028" Text="行銷活動" />
          </Titles>
        </NavBarByRelationshipItem>
        <NavBarByRelationshipItem RelationshipName="hardcoded_{B7196B13-6B9D-42CD-BD58-B19A3953126F}navAsyncOperations" Sequence="9500" Area="ProcessCenter" Id="navAsyncOperations" Show="false">
          <Titles>
            <Title LCID="1033" Text="Workflows" />
            <Title LCID="1025" Text="عمليات سير العمل" />
            <Title LCID="1026" Text="Работни потоци" />
            <Title LCID="1027" Text="Fluxos de treball" />
            <Title LCID="1029" Text="Pracovní postupy" />
            <Title LCID="1030" Text="Arbejdsprocesser" />
            <Title LCID="1031" Text="Workflows" />
            <Title LCID="1032" Text="Ροές εργασιών" />
            <Title LCID="3082" Text="Flujos de trabajo" />
            <Title LCID="1061" Text="Töövood" />
            <Title LCID="1069" Text="Lan-fluxuak" />
            <Title LCID="1035" Text="Työnkulut" />
            <Title LCID="1036" Text="Workflows" />
            <Title LCID="1110" Text="Fluxos de traballo" />
            <Title LCID="1037" Text="זרימות עבודה" />
            <Title LCID="1081" Text="कार्य प्रवाह" />
            <Title LCID="1050" Text="Tjekovi rada" />
            <Title LCID="1038" Text="Munkafolyamatok" />
            <Title LCID="1057" Text="Alur Kerja" />
            <Title LCID="1040" Text="Flussi di lavoro" />
            <Title LCID="1041" Text="ワークフロー" />
            <Title LCID="1087" Text="Жұмыс ағындары" />
            <Title LCID="1042" Text="워크플로" />
            <Title LCID="1063" Text="Darbo eigos" />
            <Title LCID="1062" Text="Darbplūsmas" />
            <Title LCID="1086" Text="Aliran Kerja" />
            <Title LCID="1044" Text="Arbeidsflyter" />
            <Title LCID="1043" Text="Werkstromen" />
            <Title LCID="1045" Text="Przepływy pracy" />
            <Title LCID="1046" Text="Fluxos de Trabalho" />
            <Title LCID="2070" Text="Fluxos de Trabalho" />
            <Title LCID="1048" Text="Fluxuri de lucru" />
            <Title LCID="1049" Text="Бизнес-процессы" />
            <Title LCID="1051" Text="Pracovné postupy" />
            <Title LCID="1060" Text="Poteki dela" />
            <Title LCID="10266" Text="Токови посла" />
            <Title LCID="9242" Text="Tokovi posla" />
            <Title LCID="1053" Text="Arbetsflöden" />
            <Title LCID="1054" Text="เวิร์กโฟลว์" />
            <Title LCID="1055" Text="İş Akışları" />
            <Title LCID="1058" Text="Робочі цикли" />
            <Title LCID="1066" Text="Quy trình làm việc" />
            <Title LCID="2052" Text="工作流" />
            <Title LCID="3076" Text="工作流程" />
            <Title LCID="1028" Text="工作流程" />
          </Titles>
        </NavBarByRelationshipItem>
        <NavBarByRelationshipItem RelationshipName="hardcoded_{B7196B13-6B9D-42CD-BD58-B19A3953126F}navProcessSessions" Sequence="9700" Area="ProcessCenter" Id="navProcessSessions" Show="false">
          <Titles>
            <Title LCID="1033" Text="Dialog Sessions" />
            <Title LCID="1025" Text="جلسات عمل الحوار" />
            <Title LCID="1026" Text="Диалогови сесии" />
            <Title LCID="1027" Text="Sessions del diàleg" />
            <Title LCID="1029" Text="Relace dialogů" />
            <Title LCID="1030" Text="Dialogsessioner" />
            <Title LCID="1031" Text="Dialogsitzungen" />
            <Title LCID="1032" Text="Περίοδοι λειτουργίας παραθύρου διαλόγου" />
            <Title LCID="3082" Text="Sesiones de diálogo" />
            <Title LCID="1061" Text="Dialoogiseansid" />
            <Title LCID="1069" Text="Elkarrizketa-saioak" />
            <Title LCID="1035" Text="Dialogi-istunnot" />
            <Title LCID="1036" Text="Sessions de dialogue" />
            <Title LCID="1110" Text="Sesións de diálogo" />
            <Title LCID="1037" Text="הפעלות דו-שיח" />
            <Title LCID="1081" Text="संवाद सत्र" />
            <Title LCID="1050" Text="Sesije dijaloga" />
            <Title LCID="1038" Text="Párbeszéd-munkamenetek" />
            <Title LCID="1057" Text="Sesi Dialog" />
            <Title LCID="1040" Text="Sessioni di interazione" />
            <Title LCID="1041" Text="ダイアログ セッション" />
            <Title LCID="1087" Text="Диалог сеанстары" />
            <Title LCID="1042" Text="대화 세션" />
            <Title LCID="1063" Text="Dialogo seansai" />
            <Title LCID="1062" Text="Dialogu sesijas" />
            <Title LCID="1086" Text="Sesi Dialog" />
            <Title LCID="1044" Text="Dialogøkter" />
            <Title LCID="1043" Text="Dialoogvenstersessies" />
            <Title LCID="1045" Text="Sesje dialogowe" />
            <Title LCID="1046" Text="Sessões de Diálogo" />
            <Title LCID="2070" Text="Sessões de Diálogo" />
            <Title LCID="1048" Text="Sesiuni de dialog" />
            <Title LCID="1049" Text="Сеансы диалогового окна" />
            <Title LCID="1051" Text="Relácie dialógového okna" />
            <Title LCID="1060" Text="Seje dialoga" />
            <Title LCID="10266" Text="Сесије дијалога" />
            <Title LCID="9242" Text="Sesije dijaloga" />
            <Title LCID="1053" Text="Dialogsessioner" />
            <Title LCID="1054" Text="เซสชันของกล่องโต้ตอบ" />
            <Title LCID="1055" Text="Diyalog Oturumları" />
            <Title LCID="1058" Text="Сеанси діалогу" />
            <Title LCID="1066" Text="Phiên hộp thoại" />
            <Title LCID="2052" Text="对话会话" />
            <Title LCID="3076" Text="對話方塊工作階段" />
            <Title LCID="1028" Text="對話方塊工作階段" />
          </Titles>
        </NavBarByRelationshipItem>
      </NavBar>
      <NavBarAreas>
        <NavBarArea Id="Info">
          <Titles>
            <Title LCID="1033" Text="Common" />
          </Titles>
        </NavBarArea>
        <NavBarArea Id="Sales">
          <Titles>
            <Title LCID="1033" Text="Sales" />
          </Titles>
        </NavBarArea>
        <NavBarArea Id="Service">
          <Titles>
            <Title LCID="1033" Text="Service" />
          </Titles>
        </NavBarArea>
        <NavBarArea Id="Marketing">
          <Titles>
            <Title LCID="1033" Text="Marketing" />
          </Titles>
        </NavBarArea>
        <NavBarArea Id="ProcessCenter">
          <Titles>
            <Title LCID="1033" Text="Process Sessions" />
          </Titles>
        </NavBarArea>
      </NavBarAreas>
    </Navigation>
    <events>
      <event name="onload" application="true" active="true">
        <InternalHandlers>
          <Handler functionName="AppCommon.Account.Instance.ra_onload" libraryName="AppCommon/Account/Account_main_system_library.js" handlerUniqueId="7927DD68-5AC5-4E9A-B39A-44F62467656A" enabled="true" />
        </InternalHandlers>
        <Handlers>
          <Handler functionName="Rbs.Dynamics365.DocumentIFrame.ShowHideIFrame" libraryName="rbs_DocumentIFrame.js" handlerUniqueId="{9cb8cd7d-c7a5-6b86-758c-509a810e4e64}" enabled="true" parameters="&quot;IFRAME_DocumentUpload&quot;" passExecutionContext="false" />
        </Handlers>
      </event>
    </events>
    <controlDescriptions />
    <formLibraries>
      <Library name="rbs_DocumentIFrame.js" libraryUniqueId="{b1182d73-bd29-90d8-7a17-50810ec6783a}" />
    </formLibraries>
    <DisplayConditions FallbackForm="true" Order="5">
      <Role Id="{EF585F9A-46DC-E811-A956-000D3A441839}" />
      <Role Id="{627090ff-40a3-4053-8790-584edc5be201}" />
      <Role Id="{119f245c-3cc8-4b62-b31c-d1a046ced15d}" />
    </DisplayConditions>
  </form>
  <IsCustomizable>1</IsCustomizable>
  <CanBeDeleted>1</CanBeDeleted>
  <LocalizedNames>
    <LocalizedName description="Document Management" languagecode="1033" />
  </LocalizedNames>
</systemform>