<?xml version="1.0" encoding="utf-8"?>
<environmentvariabledefinition
  schemaname="rhm_OracleOAuthPassword">
  <defaultvalue>fb98cba1-2616-425e-b853-32c044c94f91</defaultvalue>
  <displayname
    default="Rheem Oracle Services - OAuth Password">
    <label
      description="Rheem Oracle Services - OAuth Password"
      languagecode="1033" />
  </displayname>
  <introducedversion>1.0.0.0</introducedversion>
  <iscustomizable>1</iscustomizable>
  <isrequired>0</isrequired>
  <secretstore>0</secretstore>
  <type>100000000</type>
</environmentvariabledefinition>