﻿<?xml version="1.0" encoding="utf-8"?>
<systemform unmodified="1">
  <formid>{14b2ebfc-bf8c-49b1-bc9c-385c421c2cd7}</formid>
  <IntroducedVersion>5.0.0.0</IntroducedVersion>
  <FormPresentation>0</FormPresentation>
  <FormActivationState>1</FormActivationState>
  <form>
    <tabs>
      <tab name="general" verticallayout="true" id="{816f8db3-e405-4d5f-a263-b7baafb8f90d}" IsUserDefined="0">
        <labels>
          <label description="General" languagecode="1033" />
        </labels>
        <columns>
          <column width="100%">
            <sections>
              <section name="account information" showlabel="false" showbar="false" id="{f829ba54-b6aa-47d3-a041-f933ff983a8e}" IsUserDefined="0">
                <labels>
                  <label description="Information" languagecode="1033" />
                </labels>
                <rows>
                  <row>
                    <cell id="{d035a912-921e-4be2-bf7a-d701695edd73}">
                      <labels>
                        <label description="Last Name" languagecode="1033" />
                      </labels>
                      <control id="lastname" classid="{4273EDBD-AC1D-40d3-9FB2-095C621B552D}" datafieldname="lastname" disabled="false" />
                    </cell>
                    <cell id="{f6ed13c8-ec96-4732-bb17-682b35efd7f4}">
                      <labels>
                        <label description="First Name" languagecode="1033" />
                      </labels>
                      <control id="firstname" classid="{4273EDBD-AC1D-40d3-9FB2-095C621B552D}" datafieldname="firstname" disabled="false" />
                    </cell>
                    <cell id="{7809dca8-26a7-4cb4-a0e1-2835f8f51e32}">
                      <labels>
                        <label description="User Name" languagecode="1033" />
                      </labels>
                      <control id="domainname" classid="{4273EDBD-AC1D-40d3-9FB2-095C621B552D}" datafieldname="domainname" disabled="false" />
                    </cell>
                    <cell id="{DBEC3859-AC50-41A1-A113-70604B51777C}">
                      <labels>
                        <label description="Primary Email" languagecode="1033" />
                      </labels>
                      <control id="internalemailaddress" classid="{ADA2203E-B4CD-49be-9DDF-234642B43B52}" datafieldname="internalemailaddress" disabled="false" />
                    </cell>
                    <cell id="{0d6c5ddc-f07f-4fc1-b2e5-afb68c70c0a7}">
                      <labels>
                        <label description="Business Unit" languagecode="1033" />
                      </labels>
                      <control id="businessunitid" classid="{270BD3DB-D9AF-4782-9025-509E298DEC0A}" datafieldname="businessunitid" disabled="false" />
                    </cell>
                    <cell id="{480837f0-f024-4804-9429-315a58c7b846}">
                      <labels>
                        <label description="Access Mode" languagecode="1033" />
                      </labels>
                      <control id="accessmode" classid="{3EF39988-22BB-4f0b-BBBE-64B5A3748AEE}" datafieldname="accessmode" disabled="false" />
                    </cell>
                    <cell id="{260cfcfa-240c-4a86-b15b-b75d088acd05}">
                      <labels>
                        <label description="Restricted Access Mode" languagecode="1033" />
                      </labels>
                      <control id="setupuser" classid="{67FAC785-CD58-4f9f-ABB3-4B7DDC6ED5ED}" datafieldname="setupuser" disabled="false" />
                    </cell>
                    <cell id="{f3e9dd24-3f85-4d84-a474-91301f047e34}">
                      <labels>
                        <label description="Integration user mode" languagecode="1033" />
                      </labels>
                      <control id="isintegrationuser" classid="{67FAC785-CD58-4f9f-ABB3-4B7DDC6ED5ED}" datafieldname="isintegrationuser" disabled="false" />
                    </cell>
                    <cell id="{baebef56-2d0f-4c17-95e5-f7005a14b10e}">
                      <labels>
                        <label description="License Type" languagecode="1033" />
                      </labels>
                      <control id="caltype" classid="{3EF39988-22BB-4f0b-BBBE-64B5A3748AEE}" datafieldname="caltype" disabled="false" />
                    </cell>
                    <cell id="{D4E121AC-9A39-4A72-B9FB-DB49C134C663}">
                      <labels>
                        <label description="Invitation Status" languagecode="1033" />
                      </labels>
                      <control id="invitestatuscode" classid="{3EF39988-22BB-4f0b-BBBE-64B5A3748AEE}" datafieldname="invitestatuscode" disabled="false" />
                    </cell>
                  </row>
                </rows>
              </section>
            </sections>
          </column>
        </columns>
      </tab>
    </tabs>
  </form>
  <LocalizedNames>
    <LocalizedName description="Information" languagecode="1033" />
  </LocalizedNames>
  <Descriptions>
    <Description description="This is the form that is displayed for the Dynamics 365 for phones express application." languagecode="1033" />
  </Descriptions>
</systemform>