<?xml version="1.0" encoding="utf-8"?>
<RibbonDiffXml xmlns:xsi="http://www.w3.org/2001/XMLSchema-instance">
  <CustomActions>
    <CustomAction
      Id="rhm.FieldService.Form.incident.MainTab.Save.ConvertToWorkOrder.CustomAction"
      Location="Mscrm.Form.incident.MainTab.Save.Controls._children"
      Sequence="53">
      <CommandUIDefinition>
        <Button
          Command="FieldService.Form.incident.MainTab.Save.ConvertToWorkOrder.Command"
          Id="FieldService.Form.incident.MainTab.Save.ConvertToWorkOrder"
          LabelText="$LocLabels:FieldService.Form.incident.MainTab.Save.ConvertToWorkOrder.LabelText"
          Sequence="53"
          TemplateAlias="o1"
          ToolTipTitle="$LocLabels:FieldService.Form.incident.MainTab.Save.ConvertToWorkOrder.ToolTipTitle"
          ToolTipDescription="$LocLabels:FieldService.Form.incident.MainTab.Save.ConvertToWorkOrder.ToolTipDescription"
          ModernImage="$webresource:msdyn_/Icons/CommandBar/ConvertToWorkOrder.svg" />
      </CommandUIDefinition>
    </CustomAction>
    <CustomAction
      Id="rhm.incident.CustomButton.Approve.CustomAction"
      Location="Mscrm.Form.incident.MainTab.Save.Controls._children"
      Sequence="46">
      <CommandUIDefinition>
        <Button
          Command="rhm.incident.Command.Approve"
          Id="rhm.incident.CustomButton.Approve"
          LabelText="$LocLabels:rhm.incident.CustomButton.Approve.LabelText"
          Sequence="46"
          TemplateAlias="o1" />
      </CommandUIDefinition>
    </CustomAction>
    <CustomAction
      Id="rhm.incident.CustomButton.CheckOrder.CustomAction"
      Location="Mscrm.Form.incident.MainTab.Save.Controls._children"
      Sequence="46">
      <CommandUIDefinition>
        <Button
          Command="rhm.incident.CustomCommand.CheckOrder"
          Id="rhm.incident.CustomButton.CheckOrder"
          LabelText="$LocLabels:rhm.incident.CustomButton.CheckOrder.LabelText"
          Sequence="46"
          TemplateAlias="o1" />
      </CommandUIDefinition>
    </CustomAction>
    <CustomAction
      Id="rhm.incident.CustomButton.CreateOrder.CustomAction"
      Location="Mscrm.Form.incident.MainTab.Save.Controls._children"
      Sequence="46">
      <CommandUIDefinition>
        <Button
          Command="rhm.incident.CustomCommand.CreateOrder"
          Id="rhm.incident.CustomButton.CreateOrder"
          LabelText="$LocLabels:rhm.incident.CustomButton.CreateOrder.LabelText"
          Sequence="46"
          TemplateAlias="o1" />
      </CommandUIDefinition>
    </CustomAction>
    <CustomAction
      Id="rhm.incident.CustomButton.EscalateCase.CustomAction"
      Location="Mscrm.Form.incident.MainTab.Save.Controls._children"
      Sequence="50">
      <CommandUIDefinition>
        <Button
          Alt="$LocLabels:rhm.incident.CustomButton.EscalateCase.Alt"
          Command="rhm.incident.CustomCommand.EscalateCase"
          Id="rhm.incident.CustomButton.EscalateCase"
          Image32by32="$webresource:Service/_imgs/ribbon/Assign_32.png"
          Image16by16="$webresource:Service/_imgs/ribbon/Assign_16.png"
          LabelText="$LocLabels:rhm.incident.CustomButton.EscalateCase.LabelText"
          Sequence="50"
          TemplateAlias="o1"
          ToolTipTitle="$LocLabels:rhm.incident.CustomButton.EscalateCase.ToolTipTitle"
          ModernImage="$webresource:msdyn_AssignButtonIcon.svg" />
      </CommandUIDefinition>
    </CustomAction>
    <CustomAction
      Id="rhm.incident.CustomButton.PartOrder.CustomAction"
      Location="Mscrm.Form.incident.MainTab.Save.Controls._children"
      Sequence="46">
      <CommandUIDefinition>
        <Button
          Command="rhm.incident.CustomCommand.PartOrder"
          Id="rhm.incident.CustomButton.PartOrder"
          LabelText="$LocLabels:rhm.incident.CustomButton.PartOrder.LabelText"
          Sequence="46"
          TemplateAlias="o1" />
      </CommandUIDefinition>
    </CustomAction>
    <CustomAction
      Id="rhm.incident.CustomButton.Reject.CustomAction"
      Location="Mscrm.Form.incident.MainTab.Save.Controls._children"
      Sequence="46">
      <CommandUIDefinition>
        <Button
          Command="rhm.incident.Command.Reject"
          Id="rhm.incident.CustomButton.Reject"
          LabelText="$LocLabels:rhm.incident.CustomButton.Reject.LabelText"
          Sequence="46"
          TemplateAlias="o1" />
      </CommandUIDefinition>
    </CustomAction>
    <CustomAction
      Id="rhm.incident.CustomButton.SendforApproval.CustomAction"
      Location="Mscrm.Form.incident.MainTab.Save.Controls._children"
      Sequence="46">
      <CommandUIDefinition>
        <Button
          Command="rhm.incident.Command.SendforApproval"
          Id="rhm.incident.CustomButton.SendforApproval"
          LabelText="$LocLabels:rhm.incident.CustomButton.SendforApproval.LabelText"
          Sequence="46"
          TemplateAlias="o1" />
      </CommandUIDefinition>
    </CustomAction>
    <CustomAction
      Id="rhm.Mscrm.Form.incident.Assign.CustomAction"
      Location="Mscrm.Form.incident.MainTab.Save.Controls._children"
      Sequence="51">
      <CommandUIDefinition>
        <Button
          Alt="$LocLabels:Mscrm.Form.incident.Assign.Alt"
          Command="Mscrm.AssignPrimaryRecord"
          Id="Mscrm.Form.incident.Assign"
          Image32by32="$webresource:Service/_imgs/ribbon/Assign_32.png"
          Image16by16="$webresource:Service/_imgs/ribbon/Assign_16.png"
          LabelText="$LocLabels:Mscrm.Form.incident.Assign.LabelText"
          Sequence="51"
          TemplateAlias="o1"
          ToolTipTitle="$LocLabels:Mscrm.Form.incident.Assign.ToolTipTitle"
          ToolTipDescription="$LocLabels(EntityPluralDisplayName):Ribbon.Tooltip.Assign"
          ModernImage="Assign" />
      </CommandUIDefinition>
    </CustomAction>
    <CustomAction
      Id="rhm.Mscrm.Form.incident.SaveAndRunRoutingRule.CustomAction"
      Location="Mscrm.Form.incident.MainTab.Save.Controls._children"
      Sequence="51">
      <CommandUIDefinition>
        <Button
          Alt="$LocLabels:Mscrm.Form.incident.SaveAndRunRoutingRule.Alt"
          Command="Mscrm.Form.incident.SaveAndRunRoutingRule"
          Id="Mscrm.Form.incident.SaveAndRunRoutingRule"
          Image32by32="$webresource:Service/_imgs/ico/32_save_route.png"
          Image16by16="$webresource:Service/_imgs/ico/16_save_route.png"
          LabelText="$LocLabels:Mscrm.Form.incident.SaveAndRunRoutingRule.LabelText"
          Sequence="51"
          TemplateAlias="o1"
          ToolTipTitle="$LocLabels:Mscrm.Form.incident.SaveAndRunRoutingRule.ToolTipTitle"
          ToolTipDescription="$LocLabels:Mscrm.Form.incident.SaveAndRunRoutingRule.ToolTipDescription"
          ModernImage="SaveAndRunRoutingRule" />
      </CommandUIDefinition>
    </CustomAction>
  </CustomActions>
  <Templates>
    <RibbonTemplates
      Id="Mscrm.Templates"></RibbonTemplates>
  </Templates>
  <CommandDefinitions>
    <CommandDefinition
      Id="Mscrm.Form.incident.Resolve">
      <EnableRules>
        <EnableRule
          Id="Mscrm.CanChangeIncidentForm" />
        <EnableRule
          Id="Mscrm.IncidentIsActive" />
        <EnableRule
          Id="Mscrm.IsEntityAvailableForUserInMocaOffline" />
      </EnableRules>
      <DisplayRules>
        <DisplayRule
          Id="Mscrm.CanChangeIncidentForm" />
        <DisplayRule
          Id="Mscrm.IncidentIsActive" />
      </DisplayRules>
      <Actions>
        <JavaScriptFunction
          FunctionName="Rheem.Jscripts.Case_Ribbon.OnClickOfResolveCase"
          Library="$webresource:rhm_/Scripts/Case_Ribbon.js">
          <CrmParameter
            Value="PrimaryControl" />
        </JavaScriptFunction>
      </Actions>
    </CommandDefinition>
    <CommandDefinition
      Id="rhm.incident.Command.Approve">
      <EnableRules>
        <EnableRule
          Id="rhm.incident.EnableRule1.EnableRule" />
      </EnableRules>
      <DisplayRules />
      <Actions>
        <JavaScriptFunction
          FunctionName="Rheem.Jscripts.Case_Ribbon.OnClickOfapproveCase"
          Library="$webresource:rhm_/Scripts/Case_Ribbon.js">
          <CrmParameter
            Value="PrimaryControl" />
        </JavaScriptFunction>
      </Actions>
    </CommandDefinition>
    <CommandDefinition
      Id="rhm.incident.Command.Reject">
      <EnableRules>
        <EnableRule
          Id="rhm.incident.EnableRule1.EnableRule" />
      </EnableRules>
      <DisplayRules />
      <Actions>
        <JavaScriptFunction
          FunctionName="Rheem.Jscripts.Case_Ribbon.OnClickOfrejectCase"
          Library="$webresource:rhm_/Scripts/Case_Ribbon.js">
          <CrmParameter
            Value="PrimaryControl" />
        </JavaScriptFunction>
      </Actions>
    </CommandDefinition>
    <CommandDefinition
      Id="rhm.incident.Command.SendforApproval">
      <EnableRules>
        <EnableRule
          Id="rhm.incident.EnableRule0.EnableRule" />
      </EnableRules>
      <DisplayRules />
      <Actions>
        <JavaScriptFunction
          FunctionName="Rheem.Jscripts.Case_Ribbon.OnClickOfSendForApproval"
          Library="$webresource:rhm_/Scripts/Case_Ribbon.js">
          <CrmParameter
            Value="PrimaryControl" />
        </JavaScriptFunction>
      </Actions>
    </CommandDefinition>
    <CommandDefinition
      Id="rhm.incident.CustomCommand.CheckOrder">
      <EnableRules />
      <DisplayRules>
        <DisplayRule
          Id="rhm.incident.CustomDisplayRule.CheckOrder" />
      </DisplayRules>
      <Actions>
        <JavaScriptFunction
          FunctionName="Rheem.Jscripts.Case_Ribbon.OnClickOfCheckOrder"
          Library="$webresource:rhm_/Scripts/Case_Ribbon.js">
          <CrmParameter
            Value="PrimaryControl" />
        </JavaScriptFunction>
      </Actions>
    </CommandDefinition>
    <CommandDefinition
      Id="rhm.incident.CustomCommand.CreateOrder">
      <EnableRules>
        <EnableRule
          Id="rhm.incident.CustomEnableRule.CreateOrder" />
      </EnableRules>
      <DisplayRules />
      <Actions>
        <JavaScriptFunction
          FunctionName="Rheem.Jscripts.Case_Ribbon.OnClickOfCreateOrder"
          Library="$webresource:rhm_/Scripts/Case_Ribbon.js">
          <CrmParameter
            Value="PrimaryControl" />
        </JavaScriptFunction>
      </Actions>
    </CommandDefinition>
    <CommandDefinition
      Id="rhm.incident.CustomCommand.EscalateCase">
      <EnableRules />
      <DisplayRules>
        <DisplayRule
          Id="rhm.incident.CustomDisplayRule.EscalateCase" />
      </DisplayRules>
      <Actions>
        <JavaScriptFunction
          FunctionName="Rheem.Jscripts.Case_Ribbon.OnClickOfEscalate"
          Library="$webresource:rhm_/Scripts/Case_Ribbon.js">
          <CrmParameter
            Value="PrimaryControl" />
        </JavaScriptFunction>
      </Actions>
    </CommandDefinition>
    <CommandDefinition
      Id="rhm.incident.CustomCommand.PartOrder">
      <EnableRules />
      <DisplayRules>
        <DisplayRule
          Id="rhm.incident.CustomDisplayRule.PartOrder" />
      </DisplayRules>
      <Actions>
        <JavaScriptFunction
          FunctionName="Rheem.Jscripts.Case_Ribbon.OnClickOfPartOrder"
          Library="$webresource:rhm_/Scripts/Case_Ribbon.js">
          <CrmParameter
            Value="PrimaryControl" />
        </JavaScriptFunction>
      </Actions>
    </CommandDefinition>
  </CommandDefinitions>
  <RuleDefinitions>
    <TabDisplayRules />
    <DisplayRules>
      <DisplayRule
        Id="Mscrm.CanChangeIncidentForm">
        <EntityPrivilegeRule
          PrivilegeType="Write"
          PrivilegeDepth="Basic"
          EntityName="incident" />
        <EntityPrivilegeRule
          PrivilegeType="AppendTo"
          PrivilegeDepth="Basic"
          EntityName="incident" />
        <EntityPrivilegeRule
          PrivilegeType="Create"
          PrivilegeDepth="Basic"
          EntityName="activitypointer" />
        <EntityPrivilegeRule
          PrivilegeType="Append"
          PrivilegeDepth="Basic"
          EntityName="activitypointer" />
      </DisplayRule>
      <DisplayRule
        Id="Mscrm.IncidentIsActive">
        <FormStateRule
          State="Existing" />
      </DisplayRule>
      <DisplayRule
        Id="rhm.incident.CustomDisplayRule.CheckOrder">
        <FormStateRule
          State="Existing"
          Default="true" />
      </DisplayRule>
      <DisplayRule
        Id="rhm.incident.CustomDisplayRule.EscalateCase">
        <ValueRule
          Field="isescalated"
          Value="false" />
        <FormStateRule
          State="Existing"
          Default="true" />
      </DisplayRule>
      <DisplayRule
        Id="rhm.incident.CustomDisplayRule.PartOrder">
        <FormStateRule
          State="Existing"
          Default="true" />
      </DisplayRule>
    </DisplayRules>
    <EnableRules>
      <EnableRule
        Id="Mscrm.CanChangeIncidentForm">
        <FormStateRule
          State="Create"
          InvertResult="true" />
        <RecordPrivilegeRule
          PrivilegeType="Write"
          AppliesTo="PrimaryEntity" />
        <RecordPrivilegeRule
          PrivilegeType="AppendTo"
          AppliesTo="PrimaryEntity" />
      </EnableRule>
      <EnableRule
        Id="Mscrm.IncidentIsActive">
        <FormStateRule
          State="Existing" />
      </EnableRule>
      <EnableRule
        Id="Mscrm.IsEntityAvailableForUserInMocaOffline">
        <CustomRule
          FunctionName="XrmCore.Rules.Online.IsEntityAvailableForUserInMocaOffline"
          Library="$webresource:Main_system_library.js">
          <CrmParameter
            Value="SelectedEntityTypeName" />
        </CustomRule>
      </EnableRule>
      <EnableRule
        Id="rhm.incident.CustomEnableRule.CreateOrder">
        <CustomRule
          FunctionName="Rheem.Jscripts.Case_Ribbon.ShowHideCreateOrderButton"
          Library="$webresource:rhm_/Scripts/Case_Ribbon.js">
          <CrmParameter
            Value="PrimaryControl" />
        </CustomRule>
      </EnableRule>
      <EnableRule
        Id="rhm.incident.EnableRule0.EnableRule">
        <CustomRule
          FunctionName="Rheem.Jscripts.Case_Ribbon.ShowHide_SendforApproval_Button"
          Library="$webresource:rhm_/Scripts/Case_Ribbon.js">
          <CrmParameter
            Value="PrimaryControl" />
        </CustomRule>
      </EnableRule>
      <EnableRule
        Id="rhm.incident.EnableRule1.EnableRule">
        <CustomRule
          FunctionName="Rheem.Jscripts.Case_Ribbon.ShowHide_Approve_Reject_Button"
          Library="$webresource:rhm_/Scripts/Case_Ribbon.js">
          <CrmParameter
            Value="PrimaryControl" />
        </CustomRule>
      </EnableRule>
    </EnableRules>
  </RuleDefinitions>
  <LocLabels>
    <LocLabel
      Id="FieldService.Form.incident.MainTab.Save.ConvertToWorkOrder.LabelText">
      <Titles>
        <Title
          description="Convert to Work Order"
          languagecode="1033" />
      </Titles>
    </LocLabel>
    <LocLabel
      Id="FieldService.Form.incident.MainTab.Save.ConvertToWorkOrder.ToolTipDescription">
      <Titles>
        <Title
          description="Convert Case to a Work Order"
          languagecode="1033" />
      </Titles>
    </LocLabel>
    <LocLabel
      Id="FieldService.Form.incident.MainTab.Save.ConvertToWorkOrder.ToolTipTitle">
      <Titles>
        <Title
          description="Convert to Work Order"
          languagecode="1033" />
      </Titles>
    </LocLabel>
    <LocLabel
      Id="Mscrm.Form.incident.Assign.Alt">
      <Titles>
        <Title
          description="Assign"
          languagecode="1033" />
      </Titles>
    </LocLabel>
    <LocLabel
      Id="Mscrm.Form.incident.Assign.LabelText">
      <Titles>
        <Title
          description="Assign"
          languagecode="1033" />
      </Titles>
    </LocLabel>
    <LocLabel
      Id="Mscrm.Form.incident.Assign.ToolTipTitle">
      <Titles>
        <Title
          description="Assign"
          languagecode="1033" />
      </Titles>
    </LocLabel>
    <LocLabel
      Id="Mscrm.Form.incident.SaveAndRunRoutingRule.Alt">
      <Titles>
        <Title
          description="Save &amp; Route"
          languagecode="1033" />
      </Titles>
    </LocLabel>
    <LocLabel
      Id="Mscrm.Form.incident.SaveAndRunRoutingRule.LabelText">
      <Titles>
        <Title
          description="Save &amp; Route"
          languagecode="1033" />
      </Titles>
    </LocLabel>
    <LocLabel
      Id="Mscrm.Form.incident.SaveAndRunRoutingRule.ToolTipDescription">
      <Titles>
        <Title
          description="Save and route this case based on the active routing rule set."
          languagecode="1033" />
      </Titles>
    </LocLabel>
    <LocLabel
      Id="Mscrm.Form.incident.SaveAndRunRoutingRule.ToolTipTitle">
      <Titles>
        <Title
          description="Save &amp; Route"
          languagecode="1033" />
      </Titles>
    </LocLabel>
    <LocLabel
      Id="rhm.incident.CustomButton.Approve.LabelText">
      <Titles>
        <Title
          description="Approve"
          languagecode="1033" />
      </Titles>
    </LocLabel>
    <LocLabel
      Id="rhm.incident.CustomButton.CheckOrder.LabelText">
      <Titles>
        <Title
          description="Fetch Order"
          languagecode="1033" />
      </Titles>
    </LocLabel>
    <LocLabel
      Id="rhm.incident.CustomButton.CreateOrder.LabelText">
      <Titles>
        <Title
          description="Create Order"
          languagecode="1033" />
      </Titles>
    </LocLabel>
    <LocLabel
      Id="rhm.incident.CustomButton.EscalateCase.Alt">
      <Titles>
        <Title
          description="Escalate Case"
          languagecode="1033" />
      </Titles>
    </LocLabel>
    <LocLabel
      Id="rhm.incident.CustomButton.EscalateCase.LabelText">
      <Titles>
        <Title
          description="Escalate Case"
          languagecode="1033" />
      </Titles>
    </LocLabel>
    <LocLabel
      Id="rhm.incident.CustomButton.EscalateCase.ToolTipTitle">
      <Titles>
        <Title
          description="Escalate Case"
          languagecode="1033" />
      </Titles>
    </LocLabel>
    <LocLabel
      Id="rhm.incident.CustomButton.PartOrder.LabelText">
      <Titles>
        <Title
          description="Add Part Order"
          languagecode="1033" />
      </Titles>
    </LocLabel>
    <LocLabel
      Id="rhm.incident.CustomButton.Reject.LabelText">
      <Titles>
        <Title
          description="Reject"
          languagecode="1033" />
      </Titles>
    </LocLabel>
    <LocLabel
      Id="rhm.incident.CustomButton.SendforApproval.LabelText">
      <Titles>
        <Title
          description="Send for Approval"
          languagecode="1033" />
      </Titles>
    </LocLabel>
  </LocLabels>
</RibbonDiffXml>