﻿<?xml version="1.0" encoding="utf-8"?>
<ImportExportXml version="9.1.0.996" SolutionPackageVersion="9.1" languagecode="1033" generatedBy="CrmLive" xmlns:xsi="http://www.w3.org/2001/XMLSchema-instance">
  <SolutionManifest>
    <UniqueName>OptionSetConfiguration</UniqueName>
    <LocalizedNames>
      <LocalizedName description="OptionSet Configuration" languagecode="1033" />
    </LocalizedNames>
    <Descriptions />
    <Version>1.0.0.0</Version>
    <Managed>0</Managed>
    <Publisher>
      <UniqueName>rbs</UniqueName>
      <LocalizedNames>
        <LocalizedName description="RBS" languagecode="1033" />
      </LocalizedNames>
      <Descriptions />
      <EMailAddress xsi:nil="true"></EMailAddress>
      <SupportingWebsiteUrl xsi:nil="true"></SupportingWebsiteUrl>
      <CustomizationPrefix>rbs</CustomizationPrefix>
      <CustomizationOptionValuePrefix>85977</CustomizationOptionValuePrefix>
      <Addresses>
        <Address>
          <AddressNumber>1</AddressNumber>
          <AddressTypeCode>1</AddressTypeCode>
          <City xsi:nil="true"></City>
          <County xsi:nil="true"></County>
          <Country xsi:nil="true"></Country>
          <Fax xsi:nil="true"></Fax>
          <FreightTermsCode xsi:nil="true"></FreightTermsCode>
          <ImportSequenceNumber xsi:nil="true"></ImportSequenceNumber>
          <Latitude xsi:nil="true"></Latitude>
          <Line1 xsi:nil="true"></Line1>
          <Line2 xsi:nil="true"></Line2>
          <Line3 xsi:nil="true"></Line3>
          <Longitude xsi:nil="true"></Longitude>
          <Name xsi:nil="true"></Name>
          <PostalCode xsi:nil="true"></PostalCode>
          <PostOfficeBox xsi:nil="true"></PostOfficeBox>
          <PrimaryContactName xsi:nil="true"></PrimaryContactName>
          <ShippingMethodCode>1</ShippingMethodCode>
          <StateOrProvince xsi:nil="true"></StateOrProvince>
          <Telephone1 xsi:nil="true"></Telephone1>
          <Telephone2 xsi:nil="true"></Telephone2>
          <Telephone3 xsi:nil="true"></Telephone3>
          <TimeZoneRuleVersionNumber xsi:nil="true"></TimeZoneRuleVersionNumber>
          <UPSZone xsi:nil="true"></UPSZone>
          <UTCOffset xsi:nil="true"></UTCOffset>
          <UTCConversionTimeZoneCode xsi:nil="true"></UTCConversionTimeZoneCode>
        </Address>
        <Address>
          <AddressNumber>2</AddressNumber>
          <AddressTypeCode>1</AddressTypeCode>
          <City xsi:nil="true"></City>
          <County xsi:nil="true"></County>
          <Country xsi:nil="true"></Country>
          <Fax xsi:nil="true"></Fax>
          <FreightTermsCode xsi:nil="true"></FreightTermsCode>
          <ImportSequenceNumber xsi:nil="true"></ImportSequenceNumber>
          <Latitude xsi:nil="true"></Latitude>
          <Line1 xsi:nil="true"></Line1>
          <Line2 xsi:nil="true"></Line2>
          <Line3 xsi:nil="true"></Line3>
          <Longitude xsi:nil="true"></Longitude>
          <Name xsi:nil="true"></Name>
          <PostalCode xsi:nil="true"></PostalCode>
          <PostOfficeBox xsi:nil="true"></PostOfficeBox>
          <PrimaryContactName xsi:nil="true"></PrimaryContactName>
          <ShippingMethodCode>1</ShippingMethodCode>
          <StateOrProvince xsi:nil="true"></StateOrProvince>
          <Telephone1 xsi:nil="true"></Telephone1>
          <Telephone2 xsi:nil="true"></Telephone2>
          <Telephone3 xsi:nil="true"></Telephone3>
          <TimeZoneRuleVersionNumber xsi:nil="true"></TimeZoneRuleVersionNumber>
          <UPSZone xsi:nil="true"></UPSZone>
          <UTCOffset xsi:nil="true"></UTCOffset>
          <UTCConversionTimeZoneCode xsi:nil="true"></UTCConversionTimeZoneCode>
        </Address>
      </Addresses>
    </Publisher>
    <RootComponents>
      <RootComponent type="1" schemaName="rbs_optionsetconfiguration" behavior="0" />
      <RootComponent type="1" schemaName="rbs_optionsetvalue" behavior="0" />
      <RootComponent type="29" id="{6d07e9f5-1ddb-4cec-9add-a733cc9318e0}" behavior="0" />
      <RootComponent type="29" id="{8b2b924f-198f-48ae-90b4-9a7672433cb6}" behavior="0" />
      <RootComponent type="29" id="{abe5b276-7c3b-4369-8c5d-6060423328ac}" behavior="0" />
      <RootComponent type="29" id="{f54a1cbf-6c2c-4b3c-9dfa-d1bb3edfa995}" behavior="0" />
      <RootComponent type="61" schemaName="rbs_optionsetconfiguration.js" behavior="0" />
      <RootComponent type="61" schemaName="rbs_optionsetvalue.js" behavior="0" />
      <RootComponent type="91" id="{bf543f6a-69c7-4123-afd0-59767cfcf730}" schemaName="DES.Crm.Core.OpConfig.Plugins, Version=1.0.0.0, Culture=neutral, PublicKeyToken=21b9777e6c94fca5" behavior="0" />
      <RootComponent type="91" id="{c9b48eb1-c1fd-43fd-a6af-db2644c6e0dd}" schemaName="DES.Crm.Core.OpConfig.Workflows, Version=1.0.0.0, Culture=neutral, PublicKeyToken=34e2c7cdf6544032" behavior="0" />
      <RootComponent type="92" id="{2ca0d8dd-e20f-e911-a95e-000d3aba03c4}" behavior="0" />
      <RootComponent type="92" id="{a0f173ca-e20f-e911-a964-000d3aba0f22}" behavior="0" />
    </RootComponents>
    <MissingDependencies />
  </SolutionManifest>
</ImportExportXml>