﻿<?xml version="1.0" encoding="utf-8"?>
<systemform unmodified="1">
  <formid>{d26924ef-4d80-46f7-ab1d-e6ae80a54ce8}</formid>
  <IntroducedVersion>8.2.0.0</IntroducedVersion>
  <FormPresentation>1</FormPresentation>
  <FormActivationState>1</FormActivationState>
  <form showImage="true">
    <ancestor id="{dc997a6b-d4a8-48e0-be9a-a9a7ac1d4039}" />
    <hiddencontrols>
      <data id="emailrouteraccessapproval" datafieldname="emailrouteraccessapproval" classid="{5546E6CD-394C-4bee-94A8-4425E17EF6C6}" />
      <data id="outgoingemaildeliverymethod" datafieldname="outgoingemaildeliverymethod" classid="{5546E6CD-394C-4bee-94A8-4425E17EF6C6}" />
      <data id="incomingemaildeliverymethod" datafieldname="incomingemaildeliverymethod" classid="{5546E6CD-394C-4bee-94A8-4425E17EF6C6}" />
    </hiddencontrols>
    <tabs>
      <tab name="SUMMARY_TAB" id="{b4df8366-c804-4b62-a973-97d00cf9898b}" IsUserDefined="0" showlabel="true" expanded="true">
        <labels>
          <label description="Summary" languagecode="1033" />
        </labels>
        <columns>
          <column width="28%">
            <sections>
              <section name="onpremise account information" showlabel="true" showbar="true" id="{861c0ea7-e1bf-41c6-af29-44620286f46a}" IsUserDefined="0" locklevel="0">
                <labels>
                  <label description="Account Information" languagecode="1033" />
                </labels>
                <rows>
                  <row>
                    <cell auto="false" showlabel="true" locklevel="0" rowspan="1" colspan="1" id="{27a1c94b-2260-453c-902d-ea8c733452b0}">
                      <labels>
                        <label description="User Name" languagecode="1033" />
                      </labels>
                      <control id="domainname" classid="{4273EDBD-AC1D-40d3-9FB2-095C621B552D}" datafieldname="domainname" disabled="true" />
                    </cell>
                  </row>
                  <row>
                    <cell id="{658f6715-944b-42a6-aec4-7ebcb66501f5}">
                      <labels>
                        <label description="Application ID" languagecode="1033" />
                      </labels>
                      <control id="applicationid" classid="{4273EDBD-AC1D-40d3-9FB2-095C621B552D}" datafieldname="applicationid" />
                    </cell>
                  </row>
                  <row>
                    <cell id="{2f89c8b0-e957-4c99-a61b-0b1a9294394f}">
                      <labels>
                        <label description="Application ID URI" languagecode="1033" />
                      </labels>
                      <control id="applicationiduri" classid="{4273EDBD-AC1D-40d3-9FB2-095C621B552D}" datafieldname="applicationiduri" />
                    </cell>
                  </row>
                  <row>
                    <cell id="{0673139a-042b-41d9-9958-ab151cb6e059}">
                      <labels>
                        <label description="Azure AD Object ID" languagecode="1033" />
                      </labels>
                      <control id="azureactivedirectoryobjectid" classid="{4273EDBD-AC1D-40d3-9FB2-095C621B552D}" datafieldname="azureactivedirectoryobjectid" />
                    </cell>
                  </row>
                </rows>
              </section>
              <section name="user information" showlabel="true" showbar="true" id="{9386e20c-b937-4b04-a112-eadb556f7d47}" IsUserDefined="0" locklevel="0">
                <labels>
                  <label description="User Information" languagecode="1033" />
                </labels>
                <rows>
                  <row>
                    <cell id="{e0cb0ab8-8532-4a1d-aa24-c926da926f0c}">
                      <labels>
                        <label description="Full Name" languagecode="1033" />
                      </labels>
                      <control id="fullname" classid="{4273EDBD-AC1D-40d3-9FB2-095C621B552D}" datafieldname="fullname" />
                    </cell>
                  </row>
                  <row>
                    <cell id="{8bdbd9da-3986-4a1e-8c4f-3b977f04361b}">
                      <labels>
                        <label description="Primary Email" languagecode="1033" />
                      </labels>
                      <control id="internalemailaddress" classid="{ADA2203E-B4CD-49be-9DDF-234642B43B52}" datafieldname="internalemailaddress" />
                    </cell>
                  </row>
                </rows>
              </section>
            </sections>
          </column>
        </columns>
      </tab>
    </tabs>
    <footer id="{70d00118-9d66-4a82-b2e9-3fb7bab29cb9}">
      <rows>
        <row>
          <cell id="{d9bca1fc-3281-4acb-84ed-c87a6c94c0e5}">
            <labels>
              <label description="Status" languagecode="1033" />
            </labels>
            <control id="footer_isdisabled" classid="{3EF39988-22BB-4f0b-BBBE-64B5A3748AEE}" datafieldname="isdisabled" />
          </cell>
        </row>
      </rows>
    </footer>
    <clientresources>
      <internalresources>
        <clientincludes>
          <internaljscriptfile src="/_static/_controls/lookup/lookup.js" />
          <internaljscriptfile src="/_static/_grid/cmds/util.js" />
          <internaljscriptfile src="/_static/biz/users/systemuser.js" />
          <internaljscriptfile src="/_static/biz/teams/members.js" />
          <internaljscriptfile src="$webresource:SystemUser_main_system_library.js" />
        </clientincludes>
        <clientvariables>
          <internaljscriptvariable name="LOCID_REASSIGNINGRECORDS" resourceid="Message_Reassigning_Records" />
        </clientvariables>
      </internalresources>
    </clientresources>
    <events>
      <event name="onchange" application="true" active="true" attribute="domainname">
        <InternalHandlers>
          <Handler functionName="Mscrm.domainname_onchange" libraryName="SystemUser_main_system_library.js" handlerUniqueId="d3b227fb-f3b5-4106-ab55-1cbd9edd1946" enabled="true">
            <dependencies>
              <dependency id="domainname" />
            </dependencies>
          </Handler>
        </InternalHandlers>
      </event>
      <event name="onchange" application="true" active="true" attribute="applicationid">
        <InternalHandlers>
          <Handler functionName="applicationIdOnChange" libraryName="SystemUser_main_system_library.js" handlerUniqueId="503d7cdc-acf4-4b02-9569-85ad1cbfad7b" enabled="true">
            <dependencies>
              <dependency id="applicationid" />
            </dependencies>
          </Handler>
        </InternalHandlers>
      </event>
      <event name="onchange" application="true" active="true" attribute="internalemailaddress">
        <InternalHandlers>
          <Handler functionName="primaryemailOnChange" libraryName="SystemUser_main_system_library.js" handlerUniqueId="156053f1-0eee-4c98-89de-e317a7733ecc" enabled="true">
            <dependencies>
              <dependency id="internalemailaddress" />
            </dependencies>
          </Handler>
        </InternalHandlers>
      </event>
      <event name="onload" application="true" active="true">
        <InternalHandlers>
          <Handler functionName="Mscrm.Form_onload" libraryName="SystemUser_main_system_library.js" handlerUniqueId="de67cc7a-a007-412e-a011-fcc38a62ca01" enabled="true">
            <dependencies />
          </Handler>
        </InternalHandlers>
      </event>
    </events>
    <Navigation>
      <NavBar />
      <NavBarAreas>
        <NavBarArea Id="Info">
          <Titles>
            <Title LCID="1033" Text="Common" />
          </Titles>
        </NavBarArea>
        <NavBarArea Id="Sales">
          <Titles>
            <Title LCID="1033" Text="Sales" />
          </Titles>
        </NavBarArea>
        <NavBarArea Id="Service">
          <Titles>
            <Title LCID="1033" Text="Service" />
          </Titles>
        </NavBarArea>
        <NavBarArea Id="Marketing">
          <Titles>
            <Title LCID="1033" Text="Marketing" />
          </Titles>
        </NavBarArea>
        <NavBarArea Id="ProcessCenter">
          <Titles>
            <Title LCID="1033" Text="Processes" />
          </Titles>
        </NavBarArea>
      </NavBarAreas>
    </Navigation>
    <DisplayConditions FallbackForm="true" Order="3">
      <Everyone />
    </DisplayConditions>
  </form>
  <LocalizedNames>
    <LocalizedName description="Application User" languagecode="1033" />
  </LocalizedNames>
  <Descriptions>
    <Description description="Application User Form" languagecode="1033" />
  </Descriptions>
</systemform>