<?xml version="1.0" encoding="utf-8"?>
<Entity xmlns:xsi="http://www.w3.org/2001/XMLSchema-instance">
  <Name
    LocalizedName="Queue"
    OriginalName="">Queue</Name>
  <EntityInfo>
    <entity
      Name="Queue">
      <attributes>
        <attribute
          PhysicalName="rhm_CaseType">
          <Type>picklist</Type>
          <Name>rhm_casetype</Name>
          <LogicalName>rhm_casetype</LogicalName>
          <RequiredLevel>none</RequiredLevel>
          <DisplayMask>ValidForAdvancedFind|ValidForForm|ValidForGrid</DisplayMask>
          <ImeMode>auto</ImeMode>
          <ValidForUpdateApi>1</ValidForUpdateApi>
          <ValidForReadApi>1</ValidForReadApi>
          <ValidForCreateApi>1</ValidForCreateApi>
          <IsCustomField>1</IsCustomField>
          <IsAuditEnabled>1</IsAuditEnabled>
          <IsSecured>0</IsSecured>
          <IntroducedVersion>1.0.0.0</IntroducedVersion>
          <IsCustomizable>1</IsCustomizable>
          <IsRenameable>1</IsRenameable>
          <CanModifySearchSettings>1</CanModifySearchSettings>
          <CanModifyRequirementLevelSettings>1</CanModifyRequirementLevelSettings>
          <CanModifyAdditionalSettings>1</CanModifyAdditionalSettings>
          <SourceType>0</SourceType>
          <IsGlobalFilterEnabled>0</IsGlobalFilterEnabled>
          <IsSortableEnabled>0</IsSortableEnabled>
          <CanModifyGlobalFilterSettings>1</CanModifyGlobalFilterSettings>
          <CanModifyIsSortableSettings>1</CanModifyIsSortableSettings>
          <IsDataSourceSecret>0</IsDataSourceSecret>
          <AutoNumberFormat></AutoNumberFormat>
          <IsSearchable>0</IsSearchable>
          <IsFilterable>0</IsFilterable>
          <IsRetrievable>0</IsRetrievable>
          <IsLocalizable>0</IsLocalizable>
          <AppDefaultValue>-1</AppDefaultValue>
          <optionset
            Name="rhm_queue_rhm_casetype">
            <OptionSetType>picklist</OptionSetType>
            <IntroducedVersion>1.0.0.0</IntroducedVersion>
            <IsCustomizable>1</IsCustomizable>
            <ExternalTypeName></ExternalTypeName>
            <displaynames>
              <displayname
                description="Case Type"
                languagecode="1033" />
            </displaynames>
            <Descriptions>
              <Description
                description=""
                languagecode="1033" />
            </Descriptions>
            <options>
              <option
                value="1"
                ExternalValue=""
                Color="#ff8c00">
                <labels>
                  <label
                    description="Order"
                    languagecode="1033" />
                </labels>
                <Descriptions>
                  <Description
                    description=""
                    languagecode="1033" />
                </Descriptions>
              </option>
              <option
                value="2"
                ExternalValue=""
                Color="#10e83f">
                <labels>
                  <label
                    description="Warranty"
                    languagecode="1033" />
                </labels>
                <Descriptions>
                  <Description
                    description=""
                    languagecode="1033" />
                </Descriptions>
              </option>
              <option
                value="3"
                ExternalValue=""
                Color="#0072c6">
                <labels>
                  <label
                    description="Product / Technical Support"
                    languagecode="1033" />
                </labels>
                <Descriptions>
                  <Description
                    description=""
                    languagecode="1033" />
                </Descriptions>
              </option>
              <option
                value="4"
                ExternalValue=""
                Color="#d90f0f">
                <labels>
                  <label
                    description="Complaints / Escalations"
                    languagecode="1033" />
                </labels>
                <Descriptions>
                  <Description
                    description=""
                    languagecode="1033" />
                </Descriptions>
              </option>
            </options>
          </optionset>
          <displaynames>
            <displayname
              description="Case Type"
              languagecode="1033" />
          </displaynames>
          <Descriptions>
            <Description
              description=""
              languagecode="1033" />
          </Descriptions>
        </attribute>
        <attribute
          PhysicalName="rhm_Team">
          <Type>lookup</Type>
          <Name>rhm_team</Name>
          <LogicalName>rhm_team</LogicalName>
          <RequiredLevel>required</RequiredLevel>
          <DisplayMask>ValidForAdvancedFind|ValidForForm|ValidForGrid</DisplayMask>
          <ValidForUpdateApi>1</ValidForUpdateApi>
          <ValidForReadApi>1</ValidForReadApi>
          <ValidForCreateApi>1</ValidForCreateApi>
          <IsCustomField>1</IsCustomField>
          <IsAuditEnabled>0</IsAuditEnabled>
          <IsSecured>0</IsSecured>
          <IntroducedVersion>1.0.0.0</IntroducedVersion>
          <IsCustomizable>1</IsCustomizable>
          <IsRenameable>1</IsRenameable>
          <CanModifySearchSettings>1</CanModifySearchSettings>
          <CanModifyRequirementLevelSettings>1</CanModifyRequirementLevelSettings>
          <CanModifyAdditionalSettings>1</CanModifyAdditionalSettings>
          <SourceType>0</SourceType>
          <IsGlobalFilterEnabled>0</IsGlobalFilterEnabled>
          <IsSortableEnabled>0</IsSortableEnabled>
          <CanModifyGlobalFilterSettings>1</CanModifyGlobalFilterSettings>
          <CanModifyIsSortableSettings>1</CanModifyIsSortableSettings>
          <IsDataSourceSecret>0</IsDataSourceSecret>
          <AutoNumberFormat></AutoNumberFormat>
          <IsSearchable>0</IsSearchable>
          <IsFilterable>0</IsFilterable>
          <IsRetrievable>0</IsRetrievable>
          <IsLocalizable>0</IsLocalizable>
          <LookupStyle>single</LookupStyle>
          <LookupTypes />
          <displaynames>
            <displayname
              description="Team"
              languagecode="1033" />
          </displaynames>
          <Descriptions>
            <Description
              description=""
              languagecode="1033" />
          </Descriptions>
        </attribute>
      </attributes>
    </entity>
  </EntityInfo>
  <FormXml />
  <RibbonDiffXml />
</Entity>