﻿<?xml version="1.0" encoding="utf-8"?>
<systemform>
  <formid>{588753d6-d6e5-4084-ac96-830d84518def}</formid>
  <IntroducedVersion>1.0.0.0</IntroducedVersion>
  <FormPresentation>1</FormPresentation>
  <FormActivationState>1</FormActivationState>
  <form>
    <tabs>
      <tab verticallayout="true" id="{1fa462c3-4919-4060-9200-699a125375e3}" IsUserDefined="1">
        <labels>
          <label description="General" languagecode="1033" />
        </labels>
        <columns>
          <column width="100%">
            <sections>
              <section showlabel="false" showbar="false" IsUserDefined="0" id="{5eccb45b-1f8c-4122-a831-206c647de55b}">
                <labels>
                  <label description="General" languagecode="1033" />
                </labels>
                <rows>
                  <row>
                    <cell id="{08352178-db45-431b-be0c-8131c4b7e49f}" showlabel="true" locklevel="0" visible="false">
                      <labels>
                        <label description="Name" languagecode="1033" />
                      </labels>
                      <control id="rbs_name" classid="{4273EDBD-AC1D-40d3-9FB2-095C621B552D}" datafieldname="rbs_name" uniqueid="{28ea06e6-2e4c-63e9-bc3d-9a53d9e8194c}" disabled="true" />
                    </cell>
                  </row>
                  <row>
                    <cell id="{ac739c44-23a7-4ac9-b9de-39389bc1f54e}" showlabel="true" locklevel="1" visible="false">
                      <labels>
                        <label description="Owner" languagecode="1033" />
                      </labels>
                      <control id="ownerid" classid="{270BD3DB-D9AF-4782-9025-509E298DEC0A}" datafieldname="ownerid" uniqueid="{cb379e54-e183-d8da-5332-c62b89236973}" disabled="true">
                        <parameters>
                          <AutoResolve>true</AutoResolve>
                          <DisableMru>false</DisableMru>
                        </parameters>
                      </control>
                    </cell>
                  </row>
                  <row>
                    <cell id="{6c9652be-372b-8592-5540-5d4ea5a3ceac}" showlabel="true" locklevel="0">
                      <labels>
                        <label description="Position" languagecode="1033" />
                      </labels>
                      <control id="rbs_position" classid="{270BD3DB-D9AF-4782-9025-509E298DEC0A}" datafieldname="rbs_position" disabled="false" />
                    </cell>
                  </row>
                  <row>
                    <cell id="{c4da5661-1d7d-50c7-ced6-d92e3b530822}" showlabel="true" locklevel="0">
                      <labels>
                        <label description="Distribution Rule" languagecode="1033" />
                      </labels>
                      <control id="rbs_distributionrule" classid="{270BD3DB-D9AF-4782-9025-509E298DEC0A}" datafieldname="rbs_distributionrule" disabled="true" uniqueid="{1b34d0cc-6cae-7977-aa2a-7a52c591416c}">
                        <parameters>
                          <AutoResolve>true</AutoResolve>
                          <DisableMru>false</DisableMru>
                          <DisableQuickFind>false</DisableQuickFind>
                          <DisableViewPicker>false</DisableViewPicker>
                          <DefaultViewId>{3BD6BE9E-6498-4AAF-A099-5B5A992ED3CB}</DefaultViewId>
                          <AllowFilterOff>false</AllowFilterOff>
                        </parameters>
                      </control>
                    </cell>
                  </row>
                  <row>
                    <cell id="{41014632-4746-aa39-7e47-109044dc8cdc}" showlabel="true" locklevel="0">
                      <labels>
                        <label description="Distribution Threshold Count" languagecode="1033" />
                      </labels>
                      <control id="rbs_distributionthresholdcount" classid="{C6D124CA-7EDA-4a60-AEA9-7FB8D318B68F}" datafieldname="rbs_distributionthresholdcount" disabled="false" />
                    </cell>
                  </row>
                </rows>
              </section>
            </sections>
          </column>
        </columns>
      </tab>
    </tabs>
    <header id="{3f651667-db89-42bd-81b8-252f0a017ea3}" columns="111">
      <rows>
        <row>
          <cell id="{fd2e5f64-194d-4f70-a91c-d24125a564e4}">
            <labels>
              <label description="" languagecode="1033" />
            </labels>
          </cell>
          <cell id="{c411b7cd-51b2-caba-5283-41401172ba87}" showlabel="true" locklevel="0">
            <labels>
              <label description="Status" languagecode="1033" />
            </labels>
            <control id="header_statuscode" classid="{5D68B988-0661-4db2-BC3E-17598AD3BE6C}" datafieldname="statuscode" disabled="false" uniqueid="{dc512b70-44da-bea7-caca-5bded47b71da}" />
          </cell>
          <cell id="{9c561267-9c74-5d89-8b33-3b796c6cb9e0}" showlabel="true" locklevel="0">
            <labels>
              <label description="Owner" languagecode="1033" />
            </labels>
            <control id="header_ownerid" classid="{270BD3DB-D9AF-4782-9025-509E298DEC0A}" datafieldname="ownerid" disabled="false" />
          </cell>
        </row>
      </rows>
    </header>
    <Navigation>
      <NavBar></NavBar>
      <NavBarAreas>
        <NavBarArea Id="Info">
          <Titles>
            <Title LCID="1033" Text="Common" />
          </Titles>
        </NavBarArea>
        <NavBarArea Id="Sales">
          <Titles>
            <Title LCID="1033" Text="Sales" />
          </Titles>
        </NavBarArea>
        <NavBarArea Id="Service">
          <Titles>
            <Title LCID="1033" Text="Service" />
          </Titles>
        </NavBarArea>
        <NavBarArea Id="Marketing">
          <Titles>
            <Title LCID="1033" Text="Marketing" />
          </Titles>
        </NavBarArea>
        <NavBarArea Id="ProcessCenter">
          <Titles>
            <Title LCID="1033" Text="Process Sessions" />
          </Titles>
        </NavBarArea>
      </NavBarAreas>
    </Navigation>
    <controlDescriptions />
  </form>
  <IsCustomizable>1</IsCustomizable>
  <CanBeDeleted>1</CanBeDeleted>
  <LocalizedNames>
    <LocalizedName description="Information" languagecode="1033" />
  </LocalizedNames>
  <Descriptions>
    <Description description="A form for this entity." languagecode="1033" />
  </Descriptions>
</systemform>