<appaction uniquename="ey__SyncCustomPage!408c8c07c8354a3583d4f505f7ca8d2c!ey_EverestCRMtrail!account!1">
  <appmoduleid>
    <uniquename>ey_EverestCRMtrail</uniquename>
  </appmoduleid>
  <buttonlabeltext default="Sync Custom Page">
    <label description="Sync Custom Page" languagecode="1033" />
  </buttonlabeltext>
  <context>1</context>
  <contextentity>
    <logicalname>account</logicalname>
  </contextentity>
  <contextvalue>account</contextvalue>
  <hidden>0</hidden>
  <iscustomizable>1</iscustomizable>
  <isdisabled>0</isdisabled>
  <isgrouptitlehidden>0</isgrouptitlehidden>
  <location>1</location>
  <name>SyncCustomPage!408c8c07c8354a3583d4f505f7ca8d2c</name>
  <onclickeventjavascriptfunctionname>openCustomPageDialog</onclickeventjavascriptfunctionname>
  <onclickeventjavascriptparameters>[{"type":5}]</onclickeventjavascriptparameters>
  <onclickeventjavascriptwebresourceid>
    <webresourceid>e55da7e3-a292-ee11-be37-000d3a14bfad</webresourceid>
  </onclickeventjavascriptwebresourceid>
  <onclickeventtype>2</onclickeventtype>
  <origin>0</origin>
  <sequence>1000100003.2500000000</sequence>
  <statecode>0</statecode>
  <statuscode>1</statuscode>
  <type>0</type>
  <visibilitytype>0</visibilitytype>
</appaction>