{
  "EnvironmentVariables": [
    {
      "SchemaName": "rhm_ACDAutoCaseClosure",
      "Value": ""
    },
    {
      "SchemaName": "rhm_CreatePartOrder",
      "Value": "https://rhmoraservices-prj.rheem.com/soa-infra/resources/default/RHMSugarCRMService/CreatePartOrder/v1/CreatePartOrder"
    },
    {
      "SchemaName": "rhm_GetSODetailsBySONumber",
      "Value": "https://project-oic-rheem-idyvcrywlv4c-px.integration.ocp.oraclecloud.com:443/ic/api/integration/v1/flows/rest/RHM_MS_DYNAM_ORDER_DETAI_API/1.0/getorderdetails?"
    },
    {
      "SchemaName": "rhm_MyRheemAuthInputsJSON",
      "Value": "{\n  \"UserName\": \"puneet.jain3@gds.ey.com\",\n  \"Password\": \"EYRheem@123\",\n  \"ClientId\": \"9e322ca0-f9a8-4edb-b9fd-e9fd07b938a5.apps.rheemapi.com\",\n  \"ClientSecret\": \"MzhhNDg2ZDAtNjc2Ny00NzM1LThlMDYtODk0YjBmY2Y4NDA2\",\n  \"AuthUrl\" : \"https://auth.myrheem.com/v1/oauth2/authorize\",\n  \"AuthTokenUrl\": \"https://auth.myrheem.com/v1/oauth2/token\",\n  \"BearerToken\": \"\"\n}"
    },
    {
      "SchemaName": "rhm_MyRheemWarrantyCardLink",
      "Value": "https://www.myrheem.com/static/private/warrantyserial.html?SerialNumber="
    },
    {
      "SchemaName": "rhm_OracleAPIPassword",
      "Value": "Integration123!"
    },
    {
      "SchemaName": "rhm_OracleAPIUsername",
      "Value": "rhm.occ"
    },
    {
      "SchemaName": "rhm_OracleOAuthPassword",
      "Value": "fb98cba1-2616-425e-b853-32c044c94f91"
    },
    {
      "SchemaName": "rhm_OracleOAuthScope",
      "Value": "https://AF7EF23936674F4191A39AD24F54B7B9.integration.ocp.oraclecloud.com:443urn:opc:resource:consumer::all"
    },
    {
      "SchemaName": "rhm_OracleOAuthURL",
      "Value": "https://idcs-d977d261fdd04300b72dc4c0abe37319.identity.oraclecloud.com:443/oauth2/v1/token"
    },
    {
      "SchemaName": "rhm_OracleOAuthUsername",
      "Value": "c87bb5de30fa499286344d3b8d019ef3"
    },
    {
      "SchemaName": "rhm_RaypakAutoCaseClosureConfiguration",
      "Value": ""
    },
    {
      "SchemaName": "rhm_rheemapiclaimdetails",
      "Value": "https://prod-02.westus.logic.azure.com:443/workflows/177c97a441ea4866a234153cfd60368c/triggers/manual/paths/invoke?api-version=2016-06-01&sp=%2Ftriggers%2Fmanual%2Frun&sv=1.0&sig=PGyGpdsFkZOV34RA9r4i9nBKmJzc60FgJVDWPdUWtCQ"
    },
    {
      "SchemaName": "rhm_RheemAPICreatePartOrder",
      "Value": "https://rhmoraservices-prj.rheem.com/soa-infra/resources/default/RHMSugarCRMService/CreatePartOrder/v1/CreatePartOrder"
    },
    {
      "SchemaName": "rhm_RheemAPIGetContractors",
      "Value": "https://resource.myrheem.com/v1/contractor"
    },
    {
      "SchemaName": "rhm_RheemAPIPassword",
      "Value": "P@ssw0rd"
    },
    {
      "SchemaName": "rhm_rheemapipsnusername",
      "Value": "rheem.web"
    },
    {
      "SchemaName": "rhm_rheemapiserialinfo",
      "Value": "https://prod-143.westus.logic.azure.com:443/workflows/43bb419c133d4eb1aadabf07c846e40b/triggers/manual/paths/invoke?api-version=2016-06-01&sp=%2Ftriggers%2Fmanual%2Frun&sv=1.0&sig=UyhwJPAAPYAtM-qJjInheHkbelZRl96kCrkrRJpqlQI"
    },
    {
      "SchemaName": "rhm_RheemAPIUsername",
      "Value": "rheem.web"
    },
    {
      "SchemaName": "rhm_RheemPartsPassword",
      "Value": "EYRheem@123"
    },
    {
      "SchemaName": "rhm_RheemPartsUsername",
      "Value": "puneet.jain3@gds.ey.com"
    },
    {
      "SchemaName": "rhm_WHDAutoCaseClosureConfiguration",
      "Value": ""
    },
    {
      "SchemaName": "rhm_OracleCreateOrderURL",
      "Value": "http://ebsproj.onerheem.com:8054/OA_HTML/AppsLocalLogin.jsp"
    }
  ],
  "ConnectionReferences": [
    {
      "LogicalName": "new_sharedcommondataserviceforapps_71d26",
      "ConnectionId": "",
      "ConnectorId": "/providers/Microsoft.PowerApps/apis/shared_commondataserviceforapps"
    },
    {
      "LogicalName": "rhm_CommonMicrosoftDataverse",
      "ConnectionId": "",
      "ConnectorId": "/providers/Microsoft.PowerApps/apis/shared_commondataserviceforapps"
    },
    {
      "LogicalName": "rhm_sharedcommondataserviceforapps_2c3a5",
      "ConnectionId": "",
      "ConnectorId": "/providers/Microsoft.PowerApps/apis/shared_commondataserviceforapps"
    },
    {
      "LogicalName": "rhm_sharedcommondataserviceforapps_73491",
      "ConnectionId": "",
      "ConnectorId": "/providers/Microsoft.PowerApps/apis/shared_commondataserviceforapps"
    },
    {
      "LogicalName": "rhm_sharedcommondataserviceforapps_ea9d7",
      "ConnectionId": "",
      "ConnectorId": "/providers/Microsoft.PowerApps/apis/shared_commondataserviceforapps"
    },
    {
      "LogicalName": "rhm_sharedcommondataserviceforapps_ebb01",
      "ConnectionId": "",
      "ConnectorId": "/providers/Microsoft.PowerApps/apis/shared_commondataserviceforapps"
    }
  ]
}