{
  "EnvironmentVariables": [
    {
      "SchemaName": "rhm_ACDAutoCaseClosure",
      "Value": "{}"
    },
    {
      "SchemaName": "rhm_CreatePartOrder",
      "Value": "https://rhmoraservices-prj.rheem.com/soa-infra/resources/default/RHMSugarCRMService/CreatePartOrder/v1/CreatePartOrder"
    },
    {
      "SchemaName": "rhm_GetSODetailsBySONumber",
      "Value": "https://project-oic-rheem-idyvcrywlv4c-px.integration.ocp.oraclecloud.com:443/ic/api/integration/v1/flows/rest/RHM_MS_DYNAM_ORDER_DETAI_API/1.0/getorderdetails?"
    },
    {
      "SchemaName": "rhm_MyRheemAuthInputsJSON",
      "Value": "{\n  \"UserName\": \"puneet.jain3@gds.ey.com\",\n  \"Password\": \"EYRheem@123\",\n  \"ClientId\": \"9e322ca0-f9a8-4edb-b9fd-e9fd07b938a5.apps.rheemapi.com\",\n  \"ClientSecret\": \"MzhhNDg2ZDAtNjc2Ny00NzM1LThlMDYtODk0YjBmY2Y4NDA2\",\n  \"AuthUrl\" : \"https://auth.myrheem.com/v1/oauth2/authorize\",\n  \"AuthTokenUrl\": \"https://auth.myrheem.com/v1/oauth2/token\",\n  \"BearerToken\": \"\"\n}"
    },
    {
      "SchemaName": "rhm_MyRheemWarrantyCardLink",
      "Value": "https://www.myrheem.com/static/private/warrantyserial.html?SerialNumber="
    },
    {
      "SchemaName": "rhm_OracleAPIPassword",
      "Value": "Integration123!"
    },
    {
      "SchemaName": "rhm_OracleAPIUsername",
      "Value": "rhm.occ"
    },
    {
      "SchemaName": "rhm_OracleOAuthPassword",
      "Value": "fb98cba1-2616-425e-b853-32c044c94f91"
    },
    {
      "SchemaName": "rhm_OracleOAuthScope",
      "Value": "https://AF7EF23936674F4191A39AD24F54B7B9.integration.ocp.oraclecloud.com:443urn:opc:resource:consumer::all"
    },
    {
      "SchemaName": "rhm_OracleOAuthURL",
      "Value": "https://idcs-d977d261fdd04300b72dc4c0abe37319.identity.oraclecloud.com:443/oauth2/v1/token"
    },
    {
      "SchemaName": "rhm_OracleOAuthUsername",
      "Value": "c87bb5de30fa499286344d3b8d019ef3"
    },
    {
      "SchemaName": "rhm_RaypakAutoCaseClosureConfiguration",
      "Value": "{}"
    },
    {
      "SchemaName": "rhm_rheemapiclaimdetails",
      "Value": "https://prod-64.westus.logic.azure.com:443/workflows/cfe4b64745dd47859c43a0468408955c/triggers/manual/paths/invoke?api-version=2016-06-01&sp=%2Ftriggers%2Fmanual%2Frun&sv=1.0&sig=NWF6Vt0yCSI6a2Ky2HB5htcV7JUqcyPwEWIPYJW3fKg"
    },
    {
      "SchemaName": "rhm_RheemAPICreatePartOrder",
      "Value": "https://rhmoraservices-prj.rheem.com/soa-infra/resources/default/RHMSugarCRMService/CreatePartOrder/v1/CreatePartOrder"
    },
    {
      "SchemaName": "rhm_RheemAPIGetContractors",
      "Value": "https://resource.myrheem.com/v1/contractor"
    },
    {
      "SchemaName": "rhm_RheemAPIPassword",
      "Value": "P@ssw0rd"
    },
    {
      "SchemaName": "rhm_rheemapipsnusername",
      "Value": "rheem.web"
    },
    {
      "SchemaName": "rhm_rheemapiserialinfo",
      "Value": "https://prod-11.westus.logic.azure.com:443/workflows/3aa91196d516483ab66ec50af3a1ef01/triggers/manual/paths/invoke?api-version=2016-06-01&sp=%2Ftriggers%2Fmanual%2Frun&sv=1.0&sig=MW2wksZh1BPmIxeExo-YOZ7escUDdVaI6QdRLgJTtHY"
    },
    {
      "SchemaName": "rhm_RheemAPIUsername",
      "Value": "rheem.web"
    },
    {
      "SchemaName": "rhm_RheemPartsPassword",
      "Value": "EYRheem@123"
    },
    {
      "SchemaName": "rhm_RheemPartsUsername",
      "Value": "puneet.jain3@gds.ey.com"
    },
    {
      "SchemaName": "rhm_WHDAutoCaseClosureConfiguration",
      "Value": "{}"
    },
    {
      "SchemaName": "rhm_OracleCreateOrderURL",
      "Value": "http://ebsproj.onerheem.com:8054/OA_HTML/AppsLocalLogin.jsp"
    },
     {
      "SchemaName": "rhm_FedExAddressValidationRequestURL",
      "Value": "https://ws.fedex.com:443/web-services/addressvalidation"
    },
     {
      "SchemaName": "rhm_FedExAddressValidationRequestKey",
      "Value": "vcqKB5rdPvC2q4WS"
    },
     {
      "SchemaName": "rhm_FedExAddressValidationRequestPassword",
      "Value": "nYzQ8GUAONx7LcSYpQOcOeDsj"
    },
     {
      "SchemaName": "rhm_FedExAddressValidationRequestAccountNumber",
      "Value": "428503902"
    },
     {
      "SchemaName": "rhm_FedExAddressValidationRequestMeterNumber",
      "Value": "258294392"
    },
     {
      "SchemaName": "rhm_FedExAddressValidationRequestSOAPAction",
      "Value": "http://fedex.com/ws/addressvalidation/v4/addressValidation"
    }
  ],
  "ConnectionReferences": [
    {
      "LogicalName": "new_sharedcommondataserviceforapps_71d26",
      "ConnectionId": "shared-commondataser-0957602a-12df-43ad-8e79-98f657fcb855",
      "ConnectorId": "/providers/Microsoft.PowerApps/apis/shared_commondataserviceforapps"
    },
    {
      "LogicalName": "rhm_CommonMicrosoftDataverse",
      "ConnectionId": "shared-commondataser-0957602a-12df-43ad-8e79-98f657fcb855",
      "ConnectorId": "/providers/Microsoft.PowerApps/apis/shared_commondataserviceforapps"
    },
    {
      "LogicalName": "rhm_sharedcommondataserviceforapps_2c3a5",
      "ConnectionId": "shared-commondataser-0957602a-12df-43ad-8e79-98f657fcb855",
      "ConnectorId": "/providers/Microsoft.PowerApps/apis/shared_commondataserviceforapps"
    },
    {
      "LogicalName": "rhm_sharedcommondataserviceforapps_73491",
      "ConnectionId": "shared-commondataser-0957602a-12df-43ad-8e79-98f657fcb855",
      "ConnectorId": "/providers/Microsoft.PowerApps/apis/shared_commondataserviceforapps"
    },
    {
      "LogicalName": "rhm_sharedcommondataserviceforapps_ea9d7",
      "ConnectionId": "shared-commondataser-0957602a-12df-43ad-8e79-98f657fcb855",
      "ConnectorId": "/providers/Microsoft.PowerApps/apis/shared_commondataserviceforapps"
    },
    {
      "LogicalName": "rhm_sharedcommondataserviceforapps_ebb01",
      "ConnectionId": "shared-commondataser-0957602a-12df-43ad-8e79-98f657fcb855",
      "ConnectorId": "/providers/Microsoft.PowerApps/apis/shared_commondataserviceforapps"
    }
  ]
}