﻿<?xml version="1.0" encoding="utf-8"?>
<systemform>
  <formid>{16654191-19ad-48ca-9e46-c4b4fbdad76f}</formid>
  <IntroducedVersion>6.0.0.0</IntroducedVersion>
  <FormPresentation>1</FormPresentation>
  <FormActivationState>1</FormActivationState>
  <form shownavigationbar="true" showImage="false" maxWidth="1900">
    <ancestor id="{16654191-19AD-48CA-9E46-C4B4FBDAD76F}" />
    <hiddencontrols>
      <data id="modifiedby" datafieldname="modifiedby" classid="{5546E6CD-394C-4bee-94A8-4425E17EF6C6}" />
    </hiddencontrols>
    <tabs>
      <tab name="TASK_TAB" verticallayout="true" id="{ADFD103B-691E-4A92-B4CF-F844B645A1F7}" IsUserDefined="0" showlabel="false" expanded="true">
        <labels>
          <label description="TASK" languagecode="1033" />
        </labels>
        <columns>
          <column width="67%">
            <sections>
              <section name="TASK" showlabel="false" showbar="false" id="{EBB3C46D-5E9B-4EBB-A9E4-B8C25D364BB3}" IsUserDefined="0" layout="varwidth" columns="1" labelwidth="115" celllabelposition="Left">
                <labels>
                  <label description="TASK" languagecode="1033" />
                </labels>
                <rows>
                  <row>
                    <cell id="{5FD2BE87-C1CF-41A6-9AD9-4D273733422E}" showlabel="true" locklevel="0" colspan="2" labelid="{f670bd68-6ea9-4665-b504-834f4c254a07}">
                      <labels>
                        <label description="Subject" languagecode="1033" />
                      </labels>
                      <control id="subject" classid="{4273EDBD-AC1D-40d3-9FB2-095C621B552D}" datafieldname="subject" disabled="false" />
                    </cell>
                  </row>
                </rows>
              </section>
              <section name="Description" showlabel="true" showbar="false" locklevel="0" id="{bde07399-10a4-ddc1-ae5c-39b7ac6a0d7c}" IsUserDefined="0" layout="varwidth" columns="1" labelwidth="115" celllabelalignment="Left" celllabelposition="Left" height="auto" labelid="{3e311b53-86ab-4733-ac24-54eba6327ebd}">
                <labels>
                  <label description="Description" languagecode="1033" />
                </labels>
                <rows>
                  <row>
                    <cell id="{34941c93-b671-08a7-5b39-5d4e1443b6e0}" showlabel="false" locklevel="0" auto="true" rowspan="5">
                      <labels>
                        <label description="Description" languagecode="1033" />
                      </labels>
                      <control id="description" classid="{E0DECE4B-6FC8-4a8f-A065-082708572369}" datafieldname="description" disabled="false" />
                    </cell>
                  </row>
                  <row />
                  <row />
                  <row />
                  <row height="auto" />
                </rows>
              </section>
              <section name="task details" showlabel="false" showbar="false" locklevel="0" id="{96BF03F6-399F-42D0-8295-08E1B8890D01}" IsUserDefined="0" layout="varwidth" columns="11" labelid="{a75b944b-2152-476c-8a9c-73cfeda7c0fa}">
                <labels>
                  <label description="Task Details" languagecode="1033" />
                </labels>
                <rows>
                  <row>
                    <cell showlabel="true" id="{E1DB7569-03E5-4B12-A5C0-4E875D1163D8}" locklevel="0" colspan="2" labelid="{1f99d1b9-9de8-4d2f-86f7-0c589f6c24df}">
                      <labels>
                        <label description="Regarding" languagecode="1033" />
                      </labels>
                      <control id="regardingobjectid" classid="{F3015350-44A2-4aa0-97B5-00166532B5E9}" datafieldname="regardingobjectid" disabled="false">
                        <parameters>
                          <AutoResolve>true</AutoResolve>
                          <DisableMru>false</DisableMru>
                        </parameters>
                      </control>
                    </cell>
                  </row>
                  <row>
                    <cell showlabel="true" id="{CC840E7F-65AB-4F53-B495-4AEA458370B0}" labelid="{a7a7baec-6af8-4ab9-8952-8f009923ee1d}">
                      <labels>
                        <label description="Duration" languagecode="1033" />
                      </labels>
                      <control id="actualdurationminutes" classid="{AA987274-CE4E-4271-A803-66164311A958}" datafieldname="actualdurationminutes" disabled="false" uniqueid="{2bae4714-1c20-4e57-2e01-b8c426d9256d}" />
                    </cell>
                    <cell id="{69e2288d-8170-c91c-a36d-ac214733e80d}" showlabel="false">
                      <labels>
                        <label description="" languagecode="1033" />
                      </labels>
                    </cell>
                  </row>
                  <row>
                    <cell id="{683ab652-61dc-c340-7000-20988778d9e3}" showlabel="false" locklevel="0" visible="false" availableforphone="false">
                      <labels>
                        <label description="Modified On" languagecode="1033" />
                      </labels>
                      <control id="modifiedon" classid="{5B773807-9FB2-42db-97C3-7A91EFF8ADFF}" datafieldname="modifiedon" disabled="false" uniqueid="{ec869777-815a-2364-35e8-a54c484a6c36}" />
                    </cell>
                    <cell id="{62b0e273-904b-596a-8e24-cee81d2c9ddb}" showlabel="false">
                      <labels>
                        <label description="" languagecode="1033" />
                      </labels>
                    </cell>
                  </row>
                </rows>
              </section>
            </sections>
          </column>
          <column width="33%">
            <sections>
              <section name="tab_2_section_2" showlabel="false" showbar="false" locklevel="0" id="{7a19c1aa-7ac9-5449-dcb0-208db3ecd341}" IsUserDefined="0" layout="varwidth" columns="1" labelwidth="115" labelid="{bb6af410-fa41-4b02-aed7-2d9c15d663d5}" celllabelalignment="Left" celllabelposition="Top">
                <labels>
                  <label description="Section" languagecode="1033" />
                </labels>
                <rows>
                  <row>
                    <cell id="{818354b2-9e06-25b2-b722-b56e2ac79359}" showlabel="true" colspan="1" auto="false" rowspan="8">
                      <labels>
                        <label description="Related Products" languagecode="1033" />
                      </labels>
                      <control id="WebResource_RelatedProducts" classid="{9FDF5F91-88B1-47f4-AD53-C11EFC01A01D}">
                        <parameters>
                          <Url>nwm_/app/components/widgets/tagging/view.html</Url>
                          <PassParameters>false</PassParameters>
                          <Security>false</Security>
                          <Scrolling>auto</Scrolling>
                          <Border>false</Border>
                          <ShowOnMobileClient>false</ShowOnMobileClient>
                          <WebResourceId>{4538D3FD-64DD-E611-80D9-3863BB34CDB0}</WebResourceId>
                        </parameters>
                      </control>
                      <events>
                        <event name="onload" application="false">
                          <dependencies />
                        </event>
                      </events>
                    </cell>
                  </row>
                  <row />
                  <row />
                  <row />
                  <row />
                  <row />
                  <row />
                  <row />
                </rows>
              </section>
            </sections>
          </column>
        </columns>
      </tab>
    </tabs>
    <header id="{D7EF0A4A-7B76-4B39-A2E0-4207EC3C8C2D}" columns="1111" celllabelposition="Top" labelwidth="115">
      <rows>
        <row>
          <cell id="{0A9B5273-AD20-4A08-8990-64CB20861D81}" showlabel="true">
            <labels>
              <label description="Priority" languagecode="1033" />
            </labels>
            <control id="header_priority" classid="{3EF39988-22BB-4f0b-BBBE-64B5A3748AEE}" datafieldname="prioritycode" />
          </cell>
          <cell showlabel="true" locklevel="0" rowspan="1" colspan="1" id="{E3CC7544-665F-4BDC-874C-FD933C7C05ED}">
            <labels>
              <label description="Due" languagecode="1033" />
            </labels>
            <control id="header_scheduledend" classid="{5B773807-9FB2-42db-97C3-7A91EFF8ADFF}" datafieldname="scheduledend" disabled="false" />
          </cell>
          <cell id="{6A04844E-9375-4428-BF70-85C6C3556B8B}">
            <labels>
              <label description="Activity Status" languagecode="1033" />
            </labels>
            <control id="header_statecode" classid="{3EF39988-22BB-4f0b-BBBE-64B5A3748AEE}" datafieldname="statecode" disabled="true" />
          </cell>
          <cell id="{59BF22C1-8C1D-4235-8516-4647EDEAE36C}" showlabel="true" locklevel="1">
            <labels>
              <label description="Owner" languagecode="1033" />
            </labels>
            <control id="header_ownerid" classid="{270BD3DB-D9AF-4782-9025-509E298DEC0A}" datafieldname="ownerid" />
          </cell>
        </row>
      </rows>
    </header>
    <events>
      <event name="onload" application="true" active="true">
        <InternalHandlers>
          <Handler functionName="Mscrm.Form_onload" libraryName="Task_main_system_library.js" handlerUniqueId="516bea27-d455-43f4-968f-1e372977fc93" enabled="true" />
        </InternalHandlers>
        <Handlers>
          <Handler functionName="Rbs.Crm.FOS.Activity.onLoad" libraryName="nwm_/Script/activity.js" handlerUniqueId="{7682c99b-d798-e72e-e5a2-08a65e0d9bba}" enabled="true" parameters="" passExecutionContext="false" />
          <Handler functionName="captureTelemetry" libraryName="nwm_/Script/Telemetry.js" handlerUniqueId="{1c6b43b3-31ed-a71c-1727-7c02e7e7242a}" enabled="true" parameters="" passExecutionContext="false" />
        </Handlers>
      </event>
    </events>
    <clientresources>
      <internalresources>
        <clientincludes>
          <internaljscriptfile src="$webresource:Task_main_system_library.js" />
        </clientincludes>
      </internalresources>
    </clientresources>
    <Navigation>
      <NavBar></NavBar>
      <NavBarAreas>
        <NavBarArea Id="Info">
          <Titles>
            <Title LCID="1033" Text="Common" />
          </Titles>
        </NavBarArea>
        <NavBarArea Id="Sales">
          <Titles>
            <Title LCID="1033" Text="Sales" />
          </Titles>
        </NavBarArea>
        <NavBarArea Id="Service">
          <Titles>
            <Title LCID="1033" Text="Service" />
          </Titles>
        </NavBarArea>
        <NavBarArea Id="Marketing">
          <Titles>
            <Title LCID="1033" Text="Marketing" />
          </Titles>
        </NavBarArea>
        <NavBarArea Id="ProcessCenter">
          <Titles>
            <Title LCID="1033" Text="Process Sessions" />
          </Titles>
        </NavBarArea>
      </NavBarAreas>
    </Navigation>
    <formLibraries>
      <Library name="nwm_/Script/activity.js" libraryUniqueId="{7dba412a-a5d2-2406-1246-bda6877eb05d}" />
      <Library name="nwm_/Script/Telemetry.js" libraryUniqueId="{c1abe5ab-3dc4-1526-172c-c1902a23a938}" />
    </formLibraries>
    <controlDescriptions />
  </form>
  <LocalizedNames>
    <LocalizedName description="Task" languagecode="1033" />
  </LocalizedNames>
  <Descriptions>
    <Description description="Updated default Task form." languagecode="1033" />
  </Descriptions>
</systemform>