﻿<?xml version="1.0" encoding="utf-8"?>
<PluginAssembly FullName="DES.Crm.Core.OpConfig.Workflows, Version=1.0.0.0, Culture=neutral, PublicKeyToken=34e2c7cdf6544032" PluginAssemblyId="c9b48eb1-c1fd-43fd-a6af-db2644c6e0dd" CustomizationLevel="1">
  <IsolationMode>2</IsolationMode>
  <SourceType>0</SourceType>
  <IntroducedVersion>1.0</IntroducedVersion>
  <FileName>/PluginAssemblies/DESCrmCoreOpConfigWorkflows-C9B48EB1-C1FD-43FD-A6AF-DB2644C6E0DD/DESCrmCoreOpConfigWorkflows.dll</FileName>
  <PluginTypes>
    <PluginType AssemblyQualifiedName="DES.Crm.Core.OpConfig.Workflows.AddRemoveOptionsetValue, DES.Crm.Core.OpConfig.Workflows, Version=1.0.0.0, Culture=neutral, PublicKeyToken=34e2c7cdf6544032" PluginTypeId="93005428-b1fc-400e-8076-ef2a4e237be0" Name="DES.Crm.Core.OpConfig.Workflows.AddRemoveOptionsetValue">
      <FriendlyName>94376cdd-a36d-46a1-8322-8f1c1aed9860</FriendlyName>
      <WorkflowActivityGroupName>DES.Crm.Core.OpConfig.Workflows (1.0.0.0)</WorkflowActivityGroupName>
    </PluginType>
    <PluginType AssemblyQualifiedName="DES.Crm.Core.OpConfig.Workflows.PublishAllChanges, DES.Crm.Core.OpConfig.Workflows, Version=1.0.0.0, Culture=neutral, PublicKeyToken=34e2c7cdf6544032" PluginTypeId="c3a83329-d365-4775-ad7f-d5def3b6fcdd" Name="DES.Crm.Core.OpConfig.Workflows.PublishAllChanges">
      <FriendlyName>9651d674-844a-4938-846d-2c967eaa7027</FriendlyName>
      <WorkflowActivityGroupName>DES.Crm.Core.OpConfig.Workflows (1.0.0.0)</WorkflowActivityGroupName>
    </PluginType>
    <PluginType AssemblyQualifiedName="DES.Crm.Core.OpConfig.Workflows.SyncOptionsetConfiguration, DES.Crm.Core.OpConfig.Workflows, Version=1.0.0.0, Culture=neutral, PublicKeyToken=34e2c7cdf6544032" PluginTypeId="0adef123-dd56-4fe5-a4ef-935cc140157f" Name="DES.Crm.Core.OpConfig.Workflows.SyncOptionsetConfiguration">
      <FriendlyName>8af58289-2807-4e7f-bb94-f6d30a0ce6c3</FriendlyName>
      <WorkflowActivityGroupName>DES.Crm.Core.OpConfig.Workflows (1.0.0.0)</WorkflowActivityGroupName>
    </PluginType>
  </PluginTypes>
</PluginAssembly>