<environmentvariabledefinition schemaname="lcc_FastPaymentInvoiceJournalLineItemPaymentRequisitionMethodOfPayment">
  <defaultvalue>CHAPS,FASTER</defaultvalue>
  <displayname default="Fast Payment Invoice Journal Line Item - Payment Requisition -Method Of Payment">
    <label description="Fast Payment Invoice Journal Line Item - Payment Requisition -Method Of Payment" languagecode="1033" />
  </displayname>
  <introducedversion>1.0.0.79</introducedversion>
  <iscustomizable>1</iscustomizable>
  <isrequired>0</isrequired>
  <secretstore>0</secretstore>
  <type>100000000</type>
</environmentvariabledefinition>