﻿<?xml version="1.0" encoding="utf-8"?>
<Workflow WorkflowId="{29888a35-a0cb-41fe-aca6-c4b3834a2784}" Name="Distribution Rule Audit Validation">
  <XamlFileName>/Workflows/DistributionRuleAuditValidation-29888A35-A0CB-41FE-ACA6-C4B3834A2784.xaml</XamlFileName>
  <Type>1</Type>
  <Subprocess>0</Subprocess>
  <Category>0</Category>
  <Mode>1</Mode>
  <Scope>4</Scope>
  <OnDemand>0</OnDemand>
  <TriggerOnUpdateAttributeList>rbs_targetentityschemaname,rbs_isauditrequired</TriggerOnUpdateAttributeList>
  <TriggerOnCreate>1</TriggerOnCreate>
  <TriggerOnDelete>0</TriggerOnDelete>
  <AsyncAutodelete>0</AsyncAutodelete>
  <SyncWorkflowLogOnFailure>1</SyncWorkflowLogOnFailure>
  <StateCode>1</StateCode>
  <StatusCode>2</StatusCode>
  <CreateStage>40</CreateStage>
  <UpdateStage>40</UpdateStage>
  <RunAs>1</RunAs>
  <IsTransacted>1</IsTransacted>
  <IntroducedVersion>1.0.0.0</IntroducedVersion>
  <IsCustomizable>1</IsCustomizable>
  <PrimaryEntity>rbs_distributionrule</PrimaryEntity>
  <labels>
    <steplabels id="{56278221-0bf8-4159-ac67-2781be60e532}">
      <label languagecode="1033" description="\r\nCould not establish audit log for this rule. Please contact the system administrator.\r\n" />
    </steplabels>
  </labels>
</Workflow>