﻿<?xml version="1.0" encoding="utf-8"?>
<Workflow WorkflowId="{474ec586-b5b1-e811-813e-5065f38a5a01}" Name="Hide Exclusion Team Field" Description="Click to add description">
  <XamlFileName>/Workflows/HideExclusionTeamField-474EC586-B5B1-E811-813E-5065F38A5A01.xaml</XamlFileName>
  <Type>1</Type>
  <Subprocess>0</Subprocess>
  <Category>2</Category>
  <Mode>1</Mode>
  <Scope>4</Scope>
  <OnDemand>0</OnDemand>
  <TriggerOnCreate>0</TriggerOnCreate>
  <TriggerOnDelete>0</TriggerOnDelete>
  <AsyncAutodelete>0</AsyncAutodelete>
  <SyncWorkflowLogOnFailure>0</SyncWorkflowLogOnFailure>
  <StateCode>1</StateCode>
  <StatusCode>2</StatusCode>
  <RunAs>1</RunAs>
  <IsTransacted>1</IsTransacted>
  <IntroducedVersion>1.0.0.0</IntroducedVersion>
  <IsCustomizable>1</IsCustomizable>
  <BusinessProcessType>0</BusinessProcessType>
  <PrimaryEntity>rbs_distributionrule</PrimaryEntity>
  <ProcessTriggers>
    <ProcessTrigger processtriggerid="{574ec586-b5b1-e811-813e-5065f38a5a01}">
      <controltype>1</controltype>
      <scope>1</scope>
      <controlname>rbs_distributiontargettype</controlname>
      <event>change</event>
      <pipelinestage>0</pipelinestage>
      <iscustomizable>1</iscustomizable>
      <primaryentitytypecode>rbs_distributionrule</primaryentitytypecode>
    </ProcessTrigger>
    <ProcessTrigger processtriggerid="{584ec586-b5b1-e811-813e-5065f38a5a01}">
      <scope>1</scope>
      <event>load</event>
      <pipelinestage>0</pipelinestage>
      <iscustomizable>1</iscustomizable>
      <primaryentitytypecode>rbs_distributionrule</primaryentitytypecode>
    </ProcessTrigger>
  </ProcessTriggers>
</Workflow>