﻿<?xml version="1.0" encoding="utf-8"?>
<savedquery>
  <IsCustomizable>1</IsCustomizable>
  <CanBeDeleted>1</CanBeDeleted>
  <isquickfindquery>0</isquickfindquery>
  <isprivate>0</isprivate>
  <isdefault>1</isdefault>
  <returnedtypecode>10076</returnedtypecode>
  <savedqueryid>{6d5b1138-48ff-e611-80d9-3863bb358e18}</savedqueryid>
  <querytype>8192</querytype>
  <fetchxml>
    <fetch version="1.0" mapping="logical" output-format="xml-platform">
      <entity name="nwm_clientdetail">
        <attribute name="nwm_clientdetailid" />
        <filter type="and">
          <condition attribute="statecode" operator="eq" value="0" />
          <condition attribute="ownerid" operator="eq-userid" />
        </filter>
      </entity>
    </fetch>
  </fetchxml>
  <IntroducedVersion>0.0.0.1</IntroducedVersion>
  <LocalizedNames>
    <LocalizedName description="My Client Details" languagecode="1033" />
  </LocalizedNames>
  <Descriptions>
    <Description description="Active Client Details owned by me" languagecode="1033" />
  </Descriptions>
</savedquery>