﻿<?xml version="1.0" encoding="utf-8"?>
<savedquery>
  <IsCustomizable>1</IsCustomizable>
  <CanBeDeleted>0</CanBeDeleted>
  <isquickfindquery>1</isquickfindquery>
  <isprivate>0</isprivate>
  <isdefault>1</isdefault>
  <returnedtypecode>10076</returnedtypecode>
  <savedqueryid>{80879c76-a1bc-41fb-be34-3f2d2daf9b81}</savedqueryid>
  <layoutxml>
    <grid name="resultset" object="10076" jump="nwm_name" select="1" icon="1" preview="1">
      <row name="result" id="nwm_clientdetailid">
        <cell name="nwm_revenuely" width="100" />
        <cell name="nwm_revenueytd" width="100" />
        <cell name="nwm_percentagechange" width="100" />
        <cell name="nwm_budget" width="100" />
        <cell name="nwm_rollingaverage" width="100" />
        <cell name="nwm_creditlimit" width="100" />
      </row>
    </grid>
  </layoutxml>
  <querytype>4</querytype>
  <fetchxml>
    <fetch version="1.0" mapping="logical">
      <entity name="nwm_clientdetail">
        <filter type="and">
          <condition attribute="statecode" operator="eq" value="0" />
        </filter>
        <filter type="or" isquickfindfields="1">
          <condition attribute="nwm_name" operator="like" value="{0}" />
        </filter>
        <order attribute="nwm_rollingaverage" descending="false" />
        <attribute name="nwm_rollingaverage" />
        <attribute name="nwm_revenueytd" />
        <attribute name="nwm_revenuely" />
        <attribute name="nwm_percentagechange" />
        <attribute name="nwm_creditlimit" />
        <attribute name="nwm_budget" />
        <attribute name="nwm_clientdetailid" />
      </entity>
    </fetch>
  </fetchxml>
  <IntroducedVersion>0.0.0.1</IntroducedVersion>
  <LocalizedNames>
    <LocalizedName description="Quick Find Active Client Details" languagecode="1033" />
  </LocalizedNames>
</savedquery>