﻿<?xml version="1.0" encoding="utf-8"?>
<savedquery>
  <IsCustomizable>1</IsCustomizable>
  <CanBeDeleted>0</CanBeDeleted>
  <isquickfindquery>0</isquickfindquery>
  <isprivate>0</isprivate>
  <isdefault>1</isdefault>
  <returnedtypecode>10076</returnedtypecode>
  <savedqueryid>{9b064f0e-dfba-43e0-b7a4-a13130942eaf}</savedqueryid>
  <layoutxml>
    <grid name="" object="10076" jump="nwm_name" select="1" icon="1" preview="0">
      <row name="nwm_clientdetail" id="nwm_clientdetailid">
        <cell name="nwm_name" width="300" />
        <cell name="nwm_revenuely" width="100" />
        <cell name="nwm_revenueytd" width="100" />
        <cell name="nwm_percentagechange" width="100" />
        <cell name="nwm_budget" width="100" />
        <cell name="nwm_rollingaverage" width="100" />
        <cell name="nwm_creditlimit" width="100" />
      </row>
    </grid>
  </layoutxml>
  <querytype>64</querytype>
  <fetchxml>
    <fetch version="1.0" mapping="logical">
      <entity name="nwm_clientdetail">
        <attribute name="nwm_clientdetailid" />
        <attribute name="nwm_name" />
        <filter type="and">
          <condition attribute="statecode" operator="eq" value="0" />
        </filter>
        <order attribute="nwm_name" descending="false" />
        <attribute name="nwm_rollingaverage" />
        <attribute name="nwm_revenueytd" />
        <attribute name="nwm_revenuely" />
        <attribute name="nwm_percentagechange" />
        <attribute name="nwm_creditlimit" />
        <attribute name="nwm_budget" />
      </entity>
    </fetch>
  </fetchxml>
  <IntroducedVersion>0.0.0.1</IntroducedVersion>
  <LocalizedNames>
    <LocalizedName description="Client Detail Lookup View" languagecode="1033" />
  </LocalizedNames>
</savedquery>