﻿<?xml version="1.0" encoding="utf-8"?>
<savedquery>
  <IsCustomizable>1</IsCustomizable>
  <CanBeDeleted>0</CanBeDeleted>
  <isquickfindquery>0</isquickfindquery>
  <isprivate>0</isprivate>
  <isdefault>1</isdefault>
  <returnedtypecode>10076</returnedtypecode>
  <savedqueryid>{a6834231-d47c-4e1f-9d78-a92acf0a368d}</savedqueryid>
  <layoutxml>
    <grid name="resultset" object="10076" jump="nwm_name" select="1" icon="1" preview="1">
      <row name="result" id="nwm_clientdetailid">
        <cell name="nwm_name" width="300" />
        <cell name="nwm_revenuely" width="100" />
        <cell name="nwm_revenueytd" width="100" />
        <cell name="nwm_percentagechange" width="100" />
        <cell name="nwm_budget" width="100" />
        <cell name="nwm_rollingaverage" width="100" />
        <cell name="nwm_creditlimit" width="100" />
      </row>
    </grid>
  </layoutxml>
  <querytype>1</querytype>
  <fetchxml>
    <fetch version="1.0" mapping="logical">
      <entity name="nwm_clientdetail">
        <attribute name="nwm_name" />
        <order attribute="nwm_name" descending="false" />
        <attribute name="nwm_rollingaverage" />
        <attribute name="nwm_revenueytd" />
        <attribute name="nwm_revenuely" />
        <attribute name="nwm_percentagechange" />
        <attribute name="nwm_creditlimit" />
        <attribute name="nwm_budget" />
        <attribute name="nwm_clientdetailid" />
      </entity>
    </fetch>
  </fetchxml>
  <IntroducedVersion>0.0.0.1</IntroducedVersion>
  <LocalizedNames>
    <LocalizedName description="Client Detail Advanced Find View" languagecode="1033" />
  </LocalizedNames>
</savedquery>