﻿<?xml version="1.0" encoding="utf-8"?>
<Entity>
  <Name LocalizedName="Customer" OriginalName="Account">Account</Name>
  <ObjectTypeCode>1</ObjectTypeCode>
  <EntityInfo>
    <entity Name="Account">
      <LocalizedNames>
        <LocalizedName description="Customer" languagecode="1033" />
      </LocalizedNames>
      <LocalizedCollectionNames>
        <LocalizedCollectionName description="Customers" languagecode="1033" />
      </LocalizedCollectionNames>
      <Descriptions>
        <Description description="Business that represents a customer or potential customer. The company that is billed in business transactions." languagecode="1033" />
      </Descriptions>
      <attributes>
        <attribute PhysicalName="Name">
          <Type>nvarchar</Type>
          <Name>name</Name>
          <LogicalName>name</LogicalName>
          <RequiredLevel>required</RequiredLevel>
          <DisplayMask>ActivityRegardingName|ActivityPointerRegardingName|PrimaryName|ValidForAdvancedFind|ValidForForm|ValidForGrid|RequiredForForm|RequiredForGrid</DisplayMask>
          <ImeMode>active</ImeMode>
          <ValidForUpdateApi>1</ValidForUpdateApi>
          <ValidForReadApi>1</ValidForReadApi>
          <ValidForCreateApi>1</ValidForCreateApi>
          <IsCustomField>0</IsCustomField>
          <IsAuditEnabled>1</IsAuditEnabled>
          <IsSecured>0</IsSecured>
          <IntroducedVersion>5.0.0.0</IntroducedVersion>
          <Format>text</Format>
          <MaxLength>160</MaxLength>
          <Length>320</Length>
          <displaynames>
            <displayname description="Customer Name" languagecode="1033" />
          </displaynames>
          <Descriptions>
            <Description description="Type the company or business name." languagecode="1033" />
          </Descriptions>
        </attribute>
        <attribute PhysicalName="rbsm_Franchise">
          <Type>picklist</Type>
          <Name>rbsm_franchise</Name>
          <LogicalName>rbsm_franchise</LogicalName>
          <RequiredLevel>required</RequiredLevel>
          <DisplayMask>ValidForAdvancedFind|ValidForForm|ValidForGrid</DisplayMask>
          <ImeMode>auto</ImeMode>
          <ValidForUpdateApi>1</ValidForUpdateApi>
          <ValidForReadApi>1</ValidForReadApi>
          <ValidForCreateApi>1</ValidForCreateApi>
          <IsCustomField>1</IsCustomField>
          <IsAuditEnabled>1</IsAuditEnabled>
          <IsSecured>0</IsSecured>
          <IntroducedVersion>1.0.0.0</IntroducedVersion>
          <IsCustomizable>1</IsCustomizable>
          <IsRenameable>1</IsRenameable>
          <CanModifySearchSettings>1</CanModifySearchSettings>
          <CanModifyRequirementLevelSettings>1</CanModifyRequirementLevelSettings>
          <CanModifyAdditionalSettings>1</CanModifyAdditionalSettings>
          <AppDefaultValue>-1</AppDefaultValue>
          <OptionSetName>rbsm_franchise</OptionSetName>
          <displaynames>
            <displayname description="Franchise" languagecode="1033" />
          </displaynames>
          <Descriptions>
            <Description description="" languagecode="1033" />
          </Descriptions>
        </attribute>
      </attributes>
      <IsDuplicateCheckSupported>1</IsDuplicateCheckSupported>
      <IsBusinessProcessEnabled>1</IsBusinessProcessEnabled>
      <IsRequiredOffline>0</IsRequiredOffline>
      <IsCollaboration>0</IsCollaboration>
      <AutoRouteToOwnerQueue>0</AutoRouteToOwnerQueue>
      <IsConnectionsEnabled>1</IsConnectionsEnabled>
      <IsDocumentManagementEnabled>1</IsDocumentManagementEnabled>
      <OwnershipTypeMask>UserOwned</OwnershipTypeMask>
      <EntityMask>ActivityPointer</EntityMask>
      <IsAuditEnabled>0</IsAuditEnabled>
      <IsActivity>0</IsActivity>
      <ActivityTypeMask></ActivityTypeMask>
      <IsActivityParty>1</IsActivityParty>
      <IsReplicated>1</IsReplicated>
      <IsReplicationUserFiltered>1</IsReplicationUserFiltered>
      <IsMailMergeEnabled>1</IsMailMergeEnabled>
      <IsVisibleInMobile>1</IsVisibleInMobile>
      <IsVisibleInMobileClient>1</IsVisibleInMobileClient>
      <IsReadOnlyInMobileClient>0</IsReadOnlyInMobileClient>
      <IsMapiGridEnabled>1</IsMapiGridEnabled>
      <IsReadingPaneEnabled>1</IsReadingPaneEnabled>
      <IsQuickCreateEnabled>1</IsQuickCreateEnabled>
      <IntroducedVersion>5.0.0.0</IntroducedVersion>
      <EnforceStateTransitions>0</EnforceStateTransitions>
      <HasRelatedNotes>True</HasRelatedNotes>
      <HasRelatedActivities>True</HasRelatedActivities>
    </entity>
  </EntityInfo>
  <FormXml />
  <SavedQueries />
  <RibbonDiffXml />
</Entity>