<?xml version="1.0" encoding="utf-8"?>
<AppModuleSiteMap xmlns:xsi="http://www.w3.org/2001/XMLSchema-instance">
  <SiteMapUniqueName>AppforOutlookSiteMap</SiteMapUniqueName>
  <EnableCollapsibleGroups>False</EnableCollapsibleGroups>
  <ShowHome>True</ShowHome>
  <ShowPinned>True</ShowPinned>
  <ShowRecents>True</ShowRecents>
  <SiteMap
    IntroducedVersion="7.0.0.0">
    <Area
      Id="Home"
      ResourceId="SitemapDesigner.NewArea"
      DescriptionResourceId="SitemapDesigner.NewArea"
      ShowGroups="true"
      IntroducedVersion="7.0.0.0">
      <Titles>
        <Title
          LCID="1033"
          Title="Home" />
        <Title
          LCID="1025"
          Title="المنزل" />
        <Title
          LCID="1026"
          Title="Начало" />
        <Title
          LCID="1027"
          Title="Domicili" />
        <Title
          LCID="1029"
          Title="Domů" />
        <Title
          LCID="1030"
          Title="Start" />
        <Title
          LCID="1031"
          Title="Start" />
        <Title
          LCID="1032"
          Title="Αρχική" />
        <Title
          LCID="3082"
          Title="Inicio" />
        <Title
          LCID="1061"
          Title="Avaleht" />
        <Title
          LCID="1069"
          Title="Etxea" />
        <Title
          LCID="1035"
          Title="Aloitus" />
        <Title
          LCID="1036"
          Title="Page d'accueil" />
        <Title
          LCID="1110"
          Title="Inicio" />
        <Title
          LCID="1037"
          Title="בית" />
        <Title
          LCID="1081"
          Title="मुखपृष्ठ" />
        <Title
          LCID="1050"
          Title="Početak" />
        <Title
          LCID="1038"
          Title="Otthoni" />
        <Title
          LCID="1057"
          Title="Beranda" />
        <Title
          LCID="1040"
          Title="Home" />
        <Title
          LCID="1041"
          Title="ホーム" />
        <Title
          LCID="1087"
          Title="Бастапқы бет" />
        <Title
          LCID="1042"
          Title="홈" />
        <Title
          LCID="1063"
          Title="Pagrindinis" />
        <Title
          LCID="1062"
          Title="Sākums" />
        <Title
          LCID="1086"
          Title="Utama" />
        <Title
          LCID="1044"
          Title="Hjem" />
        <Title
          LCID="1043"
          Title="Startpagina" />
        <Title
          LCID="1045"
          Title="Narzędzia główne" />
        <Title
          LCID="1046"
          Title="Página Inicial" />
        <Title
          LCID="2070"
          Title="Base" />
        <Title
          LCID="1048"
          Title="Pagină de pornire" />
        <Title
          LCID="1049"
          Title="Главная" />
        <Title
          LCID="1051"
          Title="Domovská stránka" />
        <Title
          LCID="1060"
          Title="Domača stran" />
        <Title
          LCID="3098"
          Title="Почетак" />
        <Title
          LCID="2074"
          Title="Početak" />
        <Title
          LCID="1053"
          Title="Start" />
        <Title
          LCID="1054"
          Title="หน้าหลัก" />
        <Title
          LCID="1055"
          Title="Giriş" />
        <Title
          LCID="1058"
          Title="Головна" />
        <Title
          LCID="1066"
          Title="Trang chủ" />
        <Title
          LCID="2052"
          Title="主页" />
        <Title
          LCID="3076"
          Title="首頁" />
        <Title
          LCID="1028"
          Title="首頁" />
      </Titles>
      <Group
        Id="Activities_bjyve553"
        ResourceId="SitemapDesigner.NewGroup"
        DescriptionResourceId="SitemapDesigner.NewGroup"
        IntroducedVersion="7.0.0.0"
        IsProfile="false"
        ToolTipResourseId="SitemapDesigner.Unknown">
        <Titles>
          <Title
            LCID="1033"
            Title="Activities" />
          <Title
            LCID="1025"
            Title="الأنشطة" />
          <Title
            LCID="1026"
            Title="Дейности" />
          <Title
            LCID="1027"
            Title="Activitats" />
          <Title
            LCID="1029"
            Title="Aktivity" />
          <Title
            LCID="1030"
            Title="Aktiviteter" />
          <Title
            LCID="1031"
            Title="Aktivitäten" />
          <Title
            LCID="1032"
            Title="Δραστηριότητες" />
          <Title
            LCID="3082"
            Title="Actividades" />
          <Title
            LCID="1061"
            Title="Tegevused" />
          <Title
            LCID="1069"
            Title="Jarduerak" />
          <Title
            LCID="1035"
            Title="Aktiviteetit" />
          <Title
            LCID="1036"
            Title="Activités" />
          <Title
            LCID="1110"
            Title="Actividades" />
          <Title
            LCID="1037"
            Title="פעילויות" />
          <Title
            LCID="1081"
            Title="गतिविधियाँ" />
          <Title
            LCID="1050"
            Title="Aktivnosti" />
          <Title
            LCID="1038"
            Title="Tevékenységek" />
          <Title
            LCID="1057"
            Title="Aktivitas" />
          <Title
            LCID="1040"
            Title="Impegni" />
          <Title
            LCID="1041"
            Title="活動" />
          <Title
            LCID="1087"
            Title="Әрекеттер" />
          <Title
            LCID="1042"
            Title="활동 " />
          <Title
            LCID="1063"
            Title="Veiklos" />
          <Title
            LCID="1062"
            Title="Darbības" />
          <Title
            LCID="1086"
            Title="Aktiviti" />
          <Title
            LCID="1044"
            Title="Aktiviteter" />
          <Title
            LCID="1043"
            Title="Activiteiten" />
          <Title
            LCID="1045"
            Title="Działania" />
          <Title
            LCID="1046"
            Title="Atividades" />
          <Title
            LCID="2070"
            Title="Atividades" />
          <Title
            LCID="1048"
            Title="Activități" />
          <Title
            LCID="1049"
            Title="Действия" />
          <Title
            LCID="1051"
            Title="Aktivity" />
          <Title
            LCID="1060"
            Title="Dejavnosti" />
          <Title
            LCID="3098"
            Title="Активности" />
          <Title
            LCID="2074"
            Title="Aktivnosti" />
          <Title
            LCID="1053"
            Title="Aktiviteter" />
          <Title
            LCID="1054"
            Title="กิจกรรม" />
          <Title
            LCID="1055"
            Title="Etkinlikler" />
          <Title
            LCID="1058"
            Title="Справи" />
          <Title
            LCID="1066"
            Title="Hoạt động" />
          <Title
            LCID="2052"
            Title="活动" />
          <Title
            LCID="3076"
            Title="活動" />
          <Title
            LCID="1028"
            Title="活動" />
        </Titles>
        <SubArea
          Id="New_SubArea"
          ResourceId="Homepage_Dashboards"
          DescriptionResourceId="Dashboards_Description"
          Icon="/_imgs/imagestrips/transparent_spacer.gif"
          Url="/workplace/home_dashboards.aspx"
          DefaultDashboard="95f2e667-95c3-e611-80d6-00155db7dbc8"
          IntroducedVersion="7.0.0.0"
          Client="All,Outlook,OutlookLaptopClient,OutlookWorkstationClient,Web"
          AvailableOffline="false"
          PassParams="false"
          Sku="All,OnPremise,Live,SPLA"
          ToolTipResourseId="Dashboards_ToolTip" />
      </Group>
    </Area>
  </SiteMap>
  <LocalizedNames>
    <LocalizedName
      description="App for Outlook"
      languagecode="1033" />
  </LocalizedNames>
</AppModuleSiteMap>