<?xml version="1.0" encoding="utf-8"?>
<AppModule>
  <UniqueName>Customerservicehub</UniqueName>
  <IntroducedVersion>9.0.0.0</IntroducedVersion>
  <WebResourceId>21aa1d8b-2c55-e711-80f0-000d3aa2b1c4</WebResourceId>
  <OptimizedFor></OptimizedFor>
  <statecode>0</statecode>
  <statuscode>1</statuscode>
  <FormFactor>1</FormFactor>
  <ClientType>4</ClientType>
  <NavigationType>0</NavigationType>
  <AppModuleComponents>
    <AppModuleComponent
      type="1"
      schemaName="goal"
      solutionaction="Added" />
    <AppModuleComponent
      type="1"
      schemaName="msdyn_dataanalyticsreport_ksinsights"
      solutionaction="Added" />
    <AppModuleComponent
      type="1"
      schemaName="rhm_partorder"
      solutionaction="Added" />
    <AppModuleComponent
      type="1"
      schemaName="rhm_productserialnumber"
      solutionaction="Added" />
    <AppModuleComponent
      type="1"
      schemaName="salesorder"
      solutionaction="Added" />
    <AppModuleComponent
      type="1"
      schemaName="salesorderdetail"
      solutionaction="Added" />
    <AppModuleComponent
      type="26"
      id="{9e2f290a-e1c8-4c71-9a67-fe6b98b36a88}"
      solutionaction="Removed" />
    <AppModuleComponent
      type="26"
      id="{c4dd54d3-6b9d-4819-81df-c82f0263f838}"
      solutionaction="Removed" />
    <AppModuleComponent
      type="26"
      id="{0d671846-601a-43fb-ad96-d4563022bfb7}"
      solutionaction="Removed" />
    <AppModuleComponent
      type="26"
      id="{6ecb03a4-acda-44ae-83e3-c60ba8338dbb}"
      solutionaction="Removed" />
    <AppModuleComponent
      type="26"
      id="{42169494-69ed-488f-984b-e5d5faf73efa}"
      solutionaction="Removed" />
    <AppModuleComponent
      type="26"
      id="{6fcff708-36a4-4091-b94a-fe4ce63e36b7}"
      solutionaction="Removed" />
    <AppModuleComponent
      type="60"
      id="{8448b78f-8f42-454e-8e2a-f8196b0419af}"
      solutionaction="Added" />
    <AppModuleComponent
      type="60"
      id="{fe78cdfc-f021-11e1-90e5-f81b6188709b}"
      solutionaction="Added" />
    <AppModuleComponent
      type="60"
      id="{1fed44d1-ae68-4a41-bd2b-f13acac4acfa}"
      solutionaction="Added" />
    <AppModuleComponent
      type="60"
      id="{f192f640-7422-4ce6-8dab-a565f5228afc}"
      solutionaction="Added" />
    <AppModuleComponent
      type="60"
      id="{1898d587-4b84-ec11-8d21-0022481c0d29}"
      solutionaction="Removed" />
    <AppModuleComponent
      type="60"
      id="{a72c7955-442b-4ea4-9499-b10cd18b4256}"
      solutionaction="Removed" />
    <AppModuleComponent
      type="60"
      id="{915f6055-2e07-4276-ae08-2b96c8d02c57}"
      solutionaction="Removed" />
    <AppModuleComponent
      type="60"
      id="{cc760212-3eab-4009-b5c3-ea9cf6f3e141}"
      solutionaction="Removed" />
  </AppModuleComponents>
  <EventHandlers>
    <EventHandler
      eventname="onload"
      functionname="Microsoft.CIFramework.Internal.initializeCI"
      libraryname="CRMClients/msdyn_internal_ci_library.js"
      parameters="&quot;4&quot;,&quot;0&quot;"
      enable="true" />
  </EventHandlers>
  <LocalizedNames>
    <LocalizedName
      description="Customer Service Hub"
      languagecode="1033" />
    <LocalizedName
      description="Hab Khidmat Pelanggan"
      languagecode="1086" />
  </LocalizedNames>
  <Descriptions>
    <Description
      description="A focused, interactive experience for managing your customer service."
      languagecode="1033" />
    <Description
      description="Pengalaman tertumpu, interaktif untuk mengurus khidmat pelanggan anda."
      languagecode="1086" />
  </Descriptions>
  <appelements>
    <appelement
      uniquename="rhm_Customerservicehub_canvasappid_rhm_customerservicehubdefaultcommandlibrary_46c14">
      <canvasappid>
        <name>rhm_customerservicehubdefaultcommandlibrary_46c14</name>
      </canvasappid>
      <iscustomizable>1</iscustomizable>
      <name>rhm_Customerservicehub_canvasappid_rhm_customerservicehubdefaultcommandlibrary_46c14</name>
    </appelement>
    <appelement
      uniquename="rhm_Customerservicehub_canvasappid_rhm_escalatecase_66f59">
      <canvasappid>
        <name>rhm_escalatecase_66f59</name>
      </canvasappid>
      <iscustomizable>1</iscustomizable>
      <name>rhm_Customerservicehub_canvasappid_rhm_escalatecase_66f59</name>
    </appelement>
    <appelement
      uniquename="rhm_Customerservicehub_canvasappid_rhm_sendforapprovaldialouge_cddc3">
      <canvasappid>
        <name>rhm_sendforapprovaldialouge_cddc3</name>
      </canvasappid>
      <iscustomizable>1</iscustomizable>
      <name>rhm_Customerservicehub_canvasappid_rhm_sendforapprovaldialouge_cddc3</name>
    </appelement>
  </appelements>
  <appsettings>
    <appsetting
      settingdefinitionid.uniquename="AllowNotificationsEarlyAccess">
      <iscustomizable>1</iscustomizable>
      <value>true</value>
    </appsetting>
    <appsetting
      settingdefinitionid.uniquename="msdynce_enableenhanceemailtemplateeditor">
      <iscustomizable>1</iscustomizable>
      <value>true</value>
    </appsetting>
  </appsettings>
</AppModule>