﻿<?xml version="1.0" encoding="utf-8"?>
<EntityRelationships>
  <EntityRelationship Name="Account_ActivityPointers">
    <EntityRelationshipType>OneToMany</EntityRelationshipType>
    <IntroducedVersion>5.0.0.0</IntroducedVersion>
    <ReferencingEntityName>ActivityPointer</ReferencingEntityName>
    <ReferencedEntityName>Account</ReferencedEntityName>
    <CascadeAssign>NoCascade</CascadeAssign>
    <CascadeDelete>RemoveLink</CascadeDelete>
    <CascadeReparent>NoCascade</CascadeReparent>
    <CascadeShare>NoCascade</CascadeShare>
    <CascadeUnshare>NoCascade</CascadeUnshare>
    <ReferencingAttributeName>RegardingObjectId</ReferencingAttributeName>
    <RelationshipDescription>
      <Descriptions>
        <Description description="Unique identifier of the object with which the activity is associated." languagecode="1033" />
      </Descriptions>
    </RelationshipDescription>
    <field name="regardingobjectid" requiredlevel="none" imemode="auto" lookupstyle="single" lookupbrowse="0" format="regarding">
      <IsSecured>0</IsSecured>
      <DisplayMask>ValidForAdvancedFind|ValidForForm|ValidForGrid</DisplayMask>
      <IsAuditEnabled>0</IsAuditEnabled>
      <displaynames>
        <displayname description="Regarding" languagecode="1033" />
      </displaynames>
    </field>
    <EntityRelationshipRoles>
      <EntityRelationshipRole>
        <NavPaneDisplayOption>UseCollectionName</NavPaneDisplayOption>
        <NavPaneArea>Details</NavPaneArea>
        <NavPaneOrder>20</NavPaneOrder>
      </EntityRelationshipRole>
    </EntityRelationshipRoles>
  </EntityRelationship>
  <EntityRelationship Name="Account_Annotation">
    <EntityRelationshipType>OneToMany</EntityRelationshipType>
    <IntroducedVersion>5.0.0.0</IntroducedVersion>
    <ReferencingEntityName>Annotation</ReferencingEntityName>
    <ReferencedEntityName>Account</ReferencedEntityName>
    <CascadeAssign>Cascade</CascadeAssign>
    <CascadeDelete>Cascade</CascadeDelete>
    <CascadeReparent>Cascade</CascadeReparent>
    <CascadeShare>Cascade</CascadeShare>
    <CascadeUnshare>Cascade</CascadeUnshare>
    <ReferencingAttributeName>ObjectId</ReferencingAttributeName>
    <RelationshipDescription>
      <Descriptions>
        <Description description="Unique identifier of the object with which the note is associated." languagecode="1033" />
      </Descriptions>
    </RelationshipDescription>
    <field name="objectid" requiredlevel="none" imemode="auto" lookupstyle="single" lookupbrowse="0" format="">
      <IsSecured>0</IsSecured>
      <IsAuditEnabled>1</IsAuditEnabled>
      <displaynames>
        <displayname description="Regarding" languagecode="1033" />
      </displaynames>
    </field>
  </EntityRelationship>
  <EntityRelationship Name="Account_Appointments">
    <EntityRelationshipType>OneToMany</EntityRelationshipType>
    <IntroducedVersion>5.0.0.0</IntroducedVersion>
    <ReferencingEntityName>Appointment</ReferencingEntityName>
    <ReferencedEntityName>Account</ReferencedEntityName>
    <CascadeAssign>Cascade</CascadeAssign>
    <CascadeDelete>Cascade</CascadeDelete>
    <CascadeReparent>Cascade</CascadeReparent>
    <CascadeShare>Cascade</CascadeShare>
    <CascadeUnshare>Cascade</CascadeUnshare>
    <ReferencingAttributeName>RegardingObjectId</ReferencingAttributeName>
    <RelationshipDescription>
      <Descriptions>
        <Description description="Unique identifier of the object with which the appointment is associated." languagecode="1033" />
      </Descriptions>
    </RelationshipDescription>
    <field name="regardingobjectid" requiredlevel="none" imemode="auto" lookupstyle="single" lookupbrowse="0" format="regarding">
      <IsSecured>0</IsSecured>
      <DisplayMask>ValidForAdvancedFind|ValidForForm|ValidForGrid</DisplayMask>
      <IsAuditEnabled>0</IsAuditEnabled>
      <displaynames>
        <displayname description="Regarding" languagecode="1033" />
      </displaynames>
    </field>
  </EntityRelationship>
  <EntityRelationship Name="Account_AsyncOperations">
    <EntityRelationshipType>OneToMany</EntityRelationshipType>
    <IntroducedVersion>5.0.0.0</IntroducedVersion>
    <ReferencingEntityName>AsyncOperation</ReferencingEntityName>
    <ReferencedEntityName>Account</ReferencedEntityName>
    <CascadeAssign>NoCascade</CascadeAssign>
    <CascadeDelete>NoCascade</CascadeDelete>
    <CascadeReparent>NoCascade</CascadeReparent>
    <CascadeShare>NoCascade</CascadeShare>
    <CascadeUnshare>NoCascade</CascadeUnshare>
    <ReferencingAttributeName>RegardingObjectId</ReferencingAttributeName>
    <RelationshipDescription>
      <Descriptions>
        <Description description="Unique identifier of the object with which the system job is associated." languagecode="1033" />
      </Descriptions>
    </RelationshipDescription>
    <field name="regardingobjectid" requiredlevel="none" imemode="auto" lookupstyle="single" lookupbrowse="0" format="regarding">
      <IsSecured>0</IsSecured>
      <DisplayMask>ValidForAdvancedFind|ValidForForm|ValidForGrid</DisplayMask>
      <IsAuditEnabled>0</IsAuditEnabled>
      <displaynames>
        <displayname description="Regarding" languagecode="1033" />
      </displaynames>
    </field>
  </EntityRelationship>
  <EntityRelationship Name="Account_BulkDeleteFailures">
    <EntityRelationshipType>OneToMany</EntityRelationshipType>
    <IntroducedVersion>5.0.0.0</IntroducedVersion>
    <ReferencingEntityName>BulkDeleteFailure</ReferencingEntityName>
    <ReferencedEntityName>Account</ReferencedEntityName>
    <CascadeAssign>NoCascade</CascadeAssign>
    <CascadeDelete>Cascade</CascadeDelete>
    <CascadeReparent>NoCascade</CascadeReparent>
    <CascadeShare>NoCascade</CascadeShare>
    <CascadeUnshare>NoCascade</CascadeUnshare>
    <ReferencingAttributeName>RegardingObjectId</ReferencingAttributeName>
    <RelationshipDescription>
      <Descriptions>
        <Description description="Unique identifier of the record that can not be deleted." languagecode="1033" />
      </Descriptions>
    </RelationshipDescription>
    <field name="regardingobjectid" requiredlevel="none" imemode="auto" lookupstyle="single" lookupbrowse="0" format="regarding">
      <IsSecured>0</IsSecured>
      <DisplayMask>ValidForAdvancedFind|ValidForForm|ValidForGrid</DisplayMask>
      <IsAuditEnabled>0</IsAuditEnabled>
      <displaynames>
        <displayname description="Name" languagecode="1033" />
      </displaynames>
    </field>
  </EntityRelationship>
  <EntityRelationship Name="account_connections1">
    <EntityRelationshipType>OneToMany</EntityRelationshipType>
    <IntroducedVersion>5.0.0.0</IntroducedVersion>
    <ReferencingEntityName>Connection</ReferencingEntityName>
    <ReferencedEntityName>Account</ReferencedEntityName>
    <CascadeAssign>NoCascade</CascadeAssign>
    <CascadeDelete>Cascade</CascadeDelete>
    <CascadeReparent>NoCascade</CascadeReparent>
    <CascadeShare>NoCascade</CascadeShare>
    <CascadeUnshare>NoCascade</CascadeUnshare>
    <ReferencingAttributeName>Record1Id</ReferencingAttributeName>
    <RelationshipDescription>
      <Descriptions>
        <Description description="Unique identifier of the source record." languagecode="1033" />
      </Descriptions>
    </RelationshipDescription>
    <field name="record1id" requiredlevel="none" imemode="auto" lookupstyle="single" lookupbrowse="0" format="connection">
      <IsSecured>0</IsSecured>
      <DisplayMask>ValidForAdvancedFind|ValidForForm|ValidForGrid|RequiredForForm</DisplayMask>
      <IsAuditEnabled>1</IsAuditEnabled>
      <displaynames>
        <displayname description="Connected From" languagecode="1033" />
      </displaynames>
    </field>
  </EntityRelationship>
  <EntityRelationship Name="account_connections2">
    <EntityRelationshipType>OneToMany</EntityRelationshipType>
    <IntroducedVersion>5.0.0.0</IntroducedVersion>
    <ReferencingEntityName>Connection</ReferencingEntityName>
    <ReferencedEntityName>Account</ReferencedEntityName>
    <CascadeAssign>NoCascade</CascadeAssign>
    <CascadeDelete>Cascade</CascadeDelete>
    <CascadeReparent>NoCascade</CascadeReparent>
    <CascadeShare>NoCascade</CascadeShare>
    <CascadeUnshare>NoCascade</CascadeUnshare>
    <ReferencingAttributeName>Record2Id</ReferencingAttributeName>
    <RelationshipDescription>
      <Descriptions>
        <Description description="Unique identifier of the target record." languagecode="1033" />
      </Descriptions>
    </RelationshipDescription>
    <field name="record2id" requiredlevel="none" imemode="auto" lookupstyle="single" lookupbrowse="0" format="connection">
      <IsSecured>0</IsSecured>
      <DisplayMask>ValidForAdvancedFind|ValidForForm|ValidForGrid|RequiredForForm</DisplayMask>
      <IsAuditEnabled>1</IsAuditEnabled>
      <displaynames>
        <displayname description="Connected To" languagecode="1033" />
      </displaynames>
    </field>
  </EntityRelationship>
  <EntityRelationship Name="Account_DuplicateBaseRecord">
    <EntityRelationshipType>OneToMany</EntityRelationshipType>
    <IntroducedVersion>5.0.0.0</IntroducedVersion>
    <ReferencingEntityName>DuplicateRecord</ReferencingEntityName>
    <ReferencedEntityName>Account</ReferencedEntityName>
    <CascadeAssign>NoCascade</CascadeAssign>
    <CascadeDelete>Cascade</CascadeDelete>
    <CascadeReparent>NoCascade</CascadeReparent>
    <CascadeShare>NoCascade</CascadeShare>
    <CascadeUnshare>NoCascade</CascadeUnshare>
    <ReferencingAttributeName>BaseRecordId</ReferencingAttributeName>
    <RelationshipDescription>
      <Descriptions>
        <Description description="Unique identifier of the base record." languagecode="1033" />
      </Descriptions>
    </RelationshipDescription>
    <field name="baserecordid" requiredlevel="none" imemode="auto" lookupstyle="single" lookupbrowse="0" format="">
      <IsSecured>0</IsSecured>
      <DisplayMask>ValidForAdvancedFind|ValidForForm|ValidForGrid</DisplayMask>
      <IsAuditEnabled>1</IsAuditEnabled>
      <displaynames>
        <displayname description="Base Record ID" languagecode="1033" />
      </displaynames>
    </field>
  </EntityRelationship>
  <EntityRelationship Name="Account_DuplicateMatchingRecord">
    <EntityRelationshipType>OneToMany</EntityRelationshipType>
    <IntroducedVersion>5.0.0.0</IntroducedVersion>
    <ReferencingEntityName>DuplicateRecord</ReferencingEntityName>
    <ReferencedEntityName>Account</ReferencedEntityName>
    <CascadeAssign>NoCascade</CascadeAssign>
    <CascadeDelete>Cascade</CascadeDelete>
    <CascadeReparent>NoCascade</CascadeReparent>
    <CascadeShare>NoCascade</CascadeShare>
    <CascadeUnshare>NoCascade</CascadeUnshare>
    <ReferencingAttributeName>DuplicateRecordId</ReferencingAttributeName>
    <RelationshipDescription>
      <Descriptions>
        <Description description="Unique identifier of the potential duplicate record." languagecode="1033" />
      </Descriptions>
    </RelationshipDescription>
    <field name="duplicaterecordid" requiredlevel="none" imemode="auto" lookupstyle="single" lookupbrowse="0" format="">
      <IsSecured>0</IsSecured>
      <DisplayMask>ValidForAdvancedFind|ValidForForm|ValidForGrid</DisplayMask>
      <IsAuditEnabled>1</IsAuditEnabled>
      <displaynames>
        <displayname description="Duplicate Record ID" languagecode="1033" />
      </displaynames>
    </field>
  </EntityRelationship>
  <EntityRelationship Name="Account_Emails">
    <EntityRelationshipType>OneToMany</EntityRelationshipType>
    <IntroducedVersion>5.0.0.0</IntroducedVersion>
    <ReferencingEntityName>Email</ReferencingEntityName>
    <ReferencedEntityName>Account</ReferencedEntityName>
    <CascadeAssign>Cascade</CascadeAssign>
    <CascadeDelete>Cascade</CascadeDelete>
    <CascadeReparent>Cascade</CascadeReparent>
    <CascadeShare>Cascade</CascadeShare>
    <CascadeUnshare>Cascade</CascadeUnshare>
    <ReferencingAttributeName>RegardingObjectId</ReferencingAttributeName>
    <RelationshipDescription>
      <Descriptions>
        <Description description="Unique identifier of the object with which the e-mail is associated." languagecode="1033" />
      </Descriptions>
    </RelationshipDescription>
    <field name="regardingobjectid" requiredlevel="none" imemode="auto" lookupstyle="single" lookupbrowse="0" format="regarding">
      <IsSecured>0</IsSecured>
      <DisplayMask>ValidForAdvancedFind|ValidForForm|ValidForGrid|RequiredForForm</DisplayMask>
      <IsAuditEnabled>0</IsAuditEnabled>
      <displaynames>
        <displayname description="Regarding" languagecode="1033" />
      </displaynames>
    </field>
  </EntityRelationship>
  <EntityRelationship Name="Account_Faxes">
    <EntityRelationshipType>OneToMany</EntityRelationshipType>
    <IntroducedVersion>5.0.0.0</IntroducedVersion>
    <ReferencingEntityName>Fax</ReferencingEntityName>
    <ReferencedEntityName>Account</ReferencedEntityName>
    <CascadeAssign>Cascade</CascadeAssign>
    <CascadeDelete>Cascade</CascadeDelete>
    <CascadeReparent>Cascade</CascadeReparent>
    <CascadeShare>Cascade</CascadeShare>
    <CascadeUnshare>Cascade</CascadeUnshare>
    <ReferencingAttributeName>RegardingObjectId</ReferencingAttributeName>
    <RelationshipDescription>
      <Descriptions>
        <Description description="Unique identifier of the object with which the fax activity is associated." languagecode="1033" />
      </Descriptions>
    </RelationshipDescription>
    <field name="regardingobjectid" requiredlevel="none" imemode="auto" lookupstyle="single" lookupbrowse="0" format="regarding">
      <IsSecured>0</IsSecured>
      <DisplayMask>ValidForAdvancedFind|ValidForForm|ValidForGrid</DisplayMask>
      <IsAuditEnabled>0</IsAuditEnabled>
      <displaynames>
        <displayname description="Regarding" languagecode="1033" />
      </displaynames>
    </field>
  </EntityRelationship>
  <EntityRelationship Name="Account_Letters">
    <EntityRelationshipType>OneToMany</EntityRelationshipType>
    <IntroducedVersion>5.0.0.0</IntroducedVersion>
    <ReferencingEntityName>Letter</ReferencingEntityName>
    <ReferencedEntityName>Account</ReferencedEntityName>
    <CascadeAssign>Cascade</CascadeAssign>
    <CascadeDelete>Cascade</CascadeDelete>
    <CascadeReparent>Cascade</CascadeReparent>
    <CascadeShare>Cascade</CascadeShare>
    <CascadeUnshare>Cascade</CascadeUnshare>
    <ReferencingAttributeName>RegardingObjectId</ReferencingAttributeName>
    <RelationshipDescription>
      <Descriptions>
        <Description description="Unique identifier of the object with which the letter activity is associated." languagecode="1033" />
      </Descriptions>
    </RelationshipDescription>
    <field name="regardingobjectid" requiredlevel="none" imemode="auto" lookupstyle="single" lookupbrowse="0" format="regarding">
      <IsSecured>0</IsSecured>
      <DisplayMask>ValidForAdvancedFind|ValidForForm|ValidForGrid</DisplayMask>
      <IsAuditEnabled>0</IsAuditEnabled>
      <displaynames>
        <displayname description="Regarding" languagecode="1033" />
      </displaynames>
    </field>
  </EntityRelationship>
  <EntityRelationship Name="Account_Phonecalls">
    <EntityRelationshipType>OneToMany</EntityRelationshipType>
    <IntroducedVersion>5.0.0.0</IntroducedVersion>
    <ReferencingEntityName>PhoneCall</ReferencingEntityName>
    <ReferencedEntityName>Account</ReferencedEntityName>
    <CascadeAssign>Cascade</CascadeAssign>
    <CascadeDelete>Cascade</CascadeDelete>
    <CascadeReparent>Cascade</CascadeReparent>
    <CascadeShare>Cascade</CascadeShare>
    <CascadeUnshare>Cascade</CascadeUnshare>
    <ReferencingAttributeName>RegardingObjectId</ReferencingAttributeName>
    <RelationshipDescription>
      <Descriptions>
        <Description description="Unique identifier of the object with which the phone call activity is associated." languagecode="1033" />
      </Descriptions>
    </RelationshipDescription>
    <field name="regardingobjectid" requiredlevel="none" imemode="auto" lookupstyle="single" lookupbrowse="0" format="regarding">
      <IsSecured>0</IsSecured>
      <DisplayMask>ValidForAdvancedFind|ValidForForm|ValidForGrid</DisplayMask>
      <IsAuditEnabled>0</IsAuditEnabled>
      <displaynames>
        <displayname description="Regarding" languagecode="1033" />
      </displaynames>
    </field>
  </EntityRelationship>
  <EntityRelationship Name="account_principalobjectattributeaccess">
    <EntityRelationshipType>OneToMany</EntityRelationshipType>
    <IntroducedVersion>5.0.0.0</IntroducedVersion>
    <ReferencingEntityName>PrincipalObjectAttributeAccess</ReferencingEntityName>
    <ReferencedEntityName>Account</ReferencedEntityName>
    <CascadeAssign>NoCascade</CascadeAssign>
    <CascadeDelete>Cascade</CascadeDelete>
    <CascadeReparent>NoCascade</CascadeReparent>
    <CascadeShare>NoCascade</CascadeShare>
    <CascadeUnshare>NoCascade</CascadeUnshare>
    <ReferencingAttributeName>ObjectId</ReferencingAttributeName>
    <RelationshipDescription>
      <Descriptions>
        <Description description="Unique identifier of the entity instance with shared secured field" languagecode="1033" />
      </Descriptions>
    </RelationshipDescription>
    <field name="objectid" requiredlevel="systemrequired" imemode="auto" lookupstyle="single" lookupbrowse="0" format="regarding">
      <IsSecured>0</IsSecured>
      <DisplayMask>ValidForForm|ValidForGrid</DisplayMask>
      <IsAuditEnabled>1</IsAuditEnabled>
      <displaynames>
        <displayname description="Entity instance" languagecode="1033" />
      </displaynames>
    </field>
  </EntityRelationship>
  <EntityRelationship Name="Account_ProcessSessions">
    <EntityRelationshipType>OneToMany</EntityRelationshipType>
    <IntroducedVersion>5.0.0.0</IntroducedVersion>
    <ReferencingEntityName>ProcessSession</ReferencingEntityName>
    <ReferencedEntityName>Account</ReferencedEntityName>
    <CascadeAssign>NoCascade</CascadeAssign>
    <CascadeDelete>NoCascade</CascadeDelete>
    <CascadeReparent>NoCascade</CascadeReparent>
    <CascadeShare>NoCascade</CascadeShare>
    <CascadeUnshare>NoCascade</CascadeUnshare>
    <ReferencingAttributeName>RegardingObjectId</ReferencingAttributeName>
    <RelationshipDescription>
      <Descriptions>
        <Description description="Unique identifier of the object with which the dialog session is associated." languagecode="1033" />
      </Descriptions>
    </RelationshipDescription>
    <field name="regardingobjectid" requiredlevel="none" imemode="auto" lookupstyle="single" lookupbrowse="0" format="regarding">
      <IsSecured>0</IsSecured>
      <DisplayMask>ValidForAdvancedFind|ValidForGrid</DisplayMask>
      <IsAuditEnabled>0</IsAuditEnabled>
      <displaynames>
        <displayname description="Regarding" languagecode="1033" />
      </displaynames>
    </field>
  </EntityRelationship>
  <EntityRelationship Name="Account_RecurringAppointmentMasters">
    <EntityRelationshipType>OneToMany</EntityRelationshipType>
    <IntroducedVersion>5.0.0.0</IntroducedVersion>
    <ReferencingEntityName>RecurringAppointmentMaster</ReferencingEntityName>
    <ReferencedEntityName>Account</ReferencedEntityName>
    <CascadeAssign>Cascade</CascadeAssign>
    <CascadeDelete>Cascade</CascadeDelete>
    <CascadeReparent>Cascade</CascadeReparent>
    <CascadeShare>Cascade</CascadeShare>
    <CascadeUnshare>Cascade</CascadeUnshare>
    <ReferencingAttributeName>RegardingObjectId</ReferencingAttributeName>
    <RelationshipDescription>
      <Descriptions>
        <Description description="Unique identifier of the object with which the recurring appointment series is associated." languagecode="1033" />
      </Descriptions>
    </RelationshipDescription>
    <field name="regardingobjectid" requiredlevel="none" imemode="auto" lookupstyle="single" lookupbrowse="0" format="regarding">
      <IsSecured>0</IsSecured>
      <DisplayMask>ValidForAdvancedFind|ValidForForm|ValidForGrid</DisplayMask>
      <IsAuditEnabled>0</IsAuditEnabled>
      <displaynames>
        <displayname description="Regarding" languagecode="1033" />
      </displaynames>
    </field>
  </EntityRelationship>
  <EntityRelationship Name="Account_ServiceAppointments">
    <EntityRelationshipType>OneToMany</EntityRelationshipType>
    <IntroducedVersion>5.0.0.0</IntroducedVersion>
    <ReferencingEntityName>ServiceAppointment</ReferencingEntityName>
    <ReferencedEntityName>Account</ReferencedEntityName>
    <CascadeAssign>Cascade</CascadeAssign>
    <CascadeDelete>RemoveLink</CascadeDelete>
    <CascadeReparent>Cascade</CascadeReparent>
    <CascadeShare>Cascade</CascadeShare>
    <CascadeUnshare>Cascade</CascadeUnshare>
    <ReferencingAttributeName>RegardingObjectId</ReferencingAttributeName>
    <RelationshipDescription>
      <Descriptions>
        <Description description="Unique identifier of the object with which the service activity is associated." languagecode="1033" />
      </Descriptions>
    </RelationshipDescription>
    <field name="regardingobjectid" requiredlevel="none" imemode="auto" lookupstyle="single" lookupbrowse="0" format="regarding">
      <IsSecured>0</IsSecured>
      <DisplayMask>ValidForAdvancedFind|ValidForForm|ValidForGrid</DisplayMask>
      <IsAuditEnabled>0</IsAuditEnabled>
      <displaynames>
        <displayname description="Regarding" languagecode="1033" />
      </displaynames>
    </field>
  </EntityRelationship>
  <EntityRelationship Name="Account_SocialActivities">
    <EntityRelationshipType>OneToMany</EntityRelationshipType>
    <IntroducedVersion>6.1.0.0</IntroducedVersion>
    <ReferencingEntityName>SocialActivity</ReferencingEntityName>
    <ReferencedEntityName>Account</ReferencedEntityName>
    <CascadeAssign>Cascade</CascadeAssign>
    <CascadeDelete>Cascade</CascadeDelete>
    <CascadeReparent>Cascade</CascadeReparent>
    <CascadeShare>Cascade</CascadeShare>
    <CascadeUnshare>Cascade</CascadeUnshare>
    <ReferencingAttributeName>RegardingObjectId</ReferencingAttributeName>
    <RelationshipDescription>
      <Descriptions>
        <Description description="Shows the record that the social activity relates to." languagecode="1033" />
      </Descriptions>
    </RelationshipDescription>
    <field name="regardingobjectid" requiredlevel="none" imemode="auto" lookupstyle="single" lookupbrowse="0" format="regarding">
      <IsSecured>0</IsSecured>
      <DisplayMask>ValidForAdvancedFind|ValidForForm|ValidForGrid|RequiredForForm</DisplayMask>
      <IsAuditEnabled>0</IsAuditEnabled>
      <displaynames>
        <displayname description="Regarding" languagecode="1033" />
      </displaynames>
    </field>
  </EntityRelationship>
  <EntityRelationship Name="Account_Tasks">
    <EntityRelationshipType>OneToMany</EntityRelationshipType>
    <IntroducedVersion>5.0.0.0</IntroducedVersion>
    <ReferencingEntityName>Task</ReferencingEntityName>
    <ReferencedEntityName>Account</ReferencedEntityName>
    <CascadeAssign>Cascade</CascadeAssign>
    <CascadeDelete>Cascade</CascadeDelete>
    <CascadeReparent>Cascade</CascadeReparent>
    <CascadeShare>Cascade</CascadeShare>
    <CascadeUnshare>Cascade</CascadeUnshare>
    <ReferencingAttributeName>RegardingObjectId</ReferencingAttributeName>
    <RelationshipDescription>
      <Descriptions>
        <Description description="Unique identifier of the object with which the task is associated." languagecode="1033" />
      </Descriptions>
    </RelationshipDescription>
    <field name="regardingobjectid" requiredlevel="none" imemode="auto" lookupstyle="single" lookupbrowse="0" format="regarding">
      <IsSecured>0</IsSecured>
      <DisplayMask>ValidForAdvancedFind|ValidForForm|ValidForGrid</DisplayMask>
      <IsAuditEnabled>0</IsAuditEnabled>
      <displaynames>
        <displayname description="Regarding" languagecode="1033" />
      </displaynames>
    </field>
  </EntityRelationship>
  <EntityRelationship Name="contact_customer_accounts">
    <EntityRelationshipType>OneToMany</EntityRelationshipType>
    <IntroducedVersion>5.0.0.0</IntroducedVersion>
    <ReferencingEntityName>Contact</ReferencingEntityName>
    <ReferencedEntityName>Account</ReferencedEntityName>
    <CascadeAssign>Cascade</CascadeAssign>
    <CascadeDelete>Cascade</CascadeDelete>
    <CascadeReparent>Cascade</CascadeReparent>
    <CascadeShare>Cascade</CascadeShare>
    <CascadeUnshare>Cascade</CascadeUnshare>
    <ReferencingAttributeName>ParentCustomerId</ReferencingAttributeName>
    <RelationshipDescription>
      <Descriptions>
        <Description description="Select the parent account or parent contact for the contact to provide a quick link to additional details, such as financial information, activities, and opportunities." languagecode="1033" />
      </Descriptions>
    </RelationshipDescription>
    <field name="parentcustomerid" requiredlevel="required" imemode="auto" lookupstyle="single" lookupbrowse="0" format="" lookuptypes="1, 2">
      <IsSecured>0</IsSecured>
      <DisplayMask>ValidForAdvancedFind|ValidForForm|ValidForGrid</DisplayMask>
      <IsAuditEnabled>1</IsAuditEnabled>
      <displaynames>
        <displayname description="Business Area" languagecode="1033" />
      </displaynames>
    </field>
    <EntityRelationshipRoles>
      <EntityRelationshipRole>
        <NavPaneDisplayOption>UseCollectionName</NavPaneDisplayOption>
        <NavPaneArea>Details</NavPaneArea>
        <NavPaneOrder>50</NavPaneOrder>
      </EntityRelationshipRole>
    </EntityRelationshipRoles>
  </EntityRelationship>
  <EntityRelationship Name="opportunity_customer_accounts">
    <EntityRelationshipType>OneToMany</EntityRelationshipType>
    <IntroducedVersion>5.0.0.0</IntroducedVersion>
    <ReferencingEntityName>Opportunity</ReferencingEntityName>
    <ReferencedEntityName>Account</ReferencedEntityName>
    <CascadeAssign>Cascade</CascadeAssign>
    <CascadeDelete>Cascade</CascadeDelete>
    <CascadeReparent>Cascade</CascadeReparent>
    <CascadeShare>Cascade</CascadeShare>
    <CascadeUnshare>Cascade</CascadeUnshare>
    <ReferencingAttributeName>CustomerId</ReferencingAttributeName>
    <RelationshipDescription>
      <Descriptions>
        <Description description="Select the customer account or contact to provide a quick link to additional customer details, such as address, phone number, activities, and orders." languagecode="1033" />
      </Descriptions>
    </RelationshipDescription>
    <field name="customerid" requiredlevel="required" imemode="auto" lookupstyle="single" lookupbrowse="0" format="" lookuptypes="1, 2">
      <IsSecured>0</IsSecured>
      <DisplayMask>ValidForAdvancedFind|ValidForForm|ValidForGrid|RequiredForForm</DisplayMask>
      <IsAuditEnabled>1</IsAuditEnabled>
      <displaynames>
        <displayname description="Customer" languagecode="1033" />
      </displaynames>
    </field>
    <EntityRelationshipRoles>
      <EntityRelationshipRole>
        <NavPaneDisplayOption>UseCollectionName</NavPaneDisplayOption>
        <NavPaneArea>Sales</NavPaneArea>
        <NavPaneOrder>10</NavPaneOrder>
      </EntityRelationshipRole>
    </EntityRelationshipRoles>
  </EntityRelationship>
  <EntityRelationship Name="opportunity_parent_account">
    <EntityRelationshipType>OneToMany</EntityRelationshipType>
    <IntroducedVersion>5.0.0.0</IntroducedVersion>
    <ReferencingEntityName>Opportunity</ReferencingEntityName>
    <ReferencedEntityName>Account</ReferencedEntityName>
    <CascadeAssign>NoCascade</CascadeAssign>
    <CascadeDelete>RemoveLink</CascadeDelete>
    <CascadeReparent>NoCascade</CascadeReparent>
    <CascadeShare>NoCascade</CascadeShare>
    <CascadeUnshare>NoCascade</CascadeUnshare>
    <ReferencingAttributeName>ParentAccountId</ReferencingAttributeName>
    <RelationshipDescription>
      <Descriptions>
        <Description description="Choose an account to connect this opportunity to, so that the relationship is visible in reports and analytics, and to provide a quick link to additional details, such as financial information and activities." languagecode="1033" />
      </Descriptions>
    </RelationshipDescription>
    <field name="parentaccountid" requiredlevel="required" imemode="auto" lookupstyle="single" lookupbrowse="0" format="" lookuptypes="1">
      <IsSecured>0</IsSecured>
      <DisplayMask>ValidForAdvancedFind|ValidForForm|ValidForGrid</DisplayMask>
      <IsAuditEnabled>1</IsAuditEnabled>
      <displaynames>
        <displayname description="Account" languagecode="1033" />
      </displaynames>
    </field>
  </EntityRelationship>
  <EntityRelationship Name="rbsm_account_programme_BusinessArea">
    <EntityRelationshipType>OneToMany</EntityRelationshipType>
    <IsCustomizable>1</IsCustomizable>
    <IntroducedVersion>1.0.0.0</IntroducedVersion>
    <ReferencingEntityName>rbsm_programme</ReferencingEntityName>
    <ReferencedEntityName>Account</ReferencedEntityName>
    <CascadeAssign>NoCascade</CascadeAssign>
    <CascadeDelete>RemoveLink</CascadeDelete>
    <CascadeReparent>NoCascade</CascadeReparent>
    <CascadeShare>NoCascade</CascadeShare>
    <CascadeUnshare>NoCascade</CascadeUnshare>
    <IsValidForAdvancedFind>1</IsValidForAdvancedFind>
    <ReferencingAttributeName>rbsm_BusinessArea</ReferencingAttributeName>
    <RelationshipDescription>
      <Descriptions>
        <Description description="" languagecode="1033" />
      </Descriptions>
    </RelationshipDescription>
    <field name="rbsm_businessarea" requiredlevel="required" imemode="auto" lookupstyle="single" lookupbrowse="0" format="">
      <IsCustomizable>1</IsCustomizable>
      <IsRenameable>1</IsRenameable>
      <CanModifySearchSettings>1</CanModifySearchSettings>
      <CanModifyRequirementLevelSettings>1</CanModifyRequirementLevelSettings>
      <IsSecured>0</IsSecured>
      <DisplayMask>ValidForAdvancedFind|ValidForForm|ValidForGrid</DisplayMask>
      <IsAuditEnabled>1</IsAuditEnabled>
      <displaynames>
        <displayname description="Business Area" languagecode="1033" />
      </displaynames>
    </field>
    <EntityRelationshipRoles>
      <EntityRelationshipRole>
        <NavPaneDisplayOption>UseCollectionName</NavPaneDisplayOption>
        <NavPaneArea>Details</NavPaneArea>
        <NavPaneOrder>10000</NavPaneOrder>
        <CustomLabels>
          <CustomLabel description="" languagecode="1033" />
        </CustomLabels>
      </EntityRelationshipRole>
    </EntityRelationshipRoles>
  </EntityRelationship>
  <EntityRelationship Name="rbsm_account_rbsm_customerceoactivityconnection_Customer">
    <EntityRelationshipType>OneToMany</EntityRelationshipType>
    <IsCustomizable>1</IsCustomizable>
    <IntroducedVersion>1.0.0.0</IntroducedVersion>
    <ReferencingEntityName>rbsm_customerceoactivityconnection</ReferencingEntityName>
    <ReferencedEntityName>Account</ReferencedEntityName>
    <CascadeAssign>NoCascade</CascadeAssign>
    <CascadeDelete>RemoveLink</CascadeDelete>
    <CascadeReparent>NoCascade</CascadeReparent>
    <CascadeShare>NoCascade</CascadeShare>
    <CascadeUnshare>NoCascade</CascadeUnshare>
    <IsValidForAdvancedFind>1</IsValidForAdvancedFind>
    <ReferencingAttributeName>rbsm_Customer</ReferencingAttributeName>
    <RelationshipDescription>
      <Descriptions>
        <Description description="" languagecode="1033" />
      </Descriptions>
    </RelationshipDescription>
    <field name="rbsm_customer" requiredlevel="required" imemode="auto" lookupstyle="single" lookupbrowse="0" format="">
      <IsCustomizable>1</IsCustomizable>
      <IsRenameable>1</IsRenameable>
      <CanModifySearchSettings>1</CanModifySearchSettings>
      <CanModifyRequirementLevelSettings>1</CanModifyRequirementLevelSettings>
      <IsSecured>0</IsSecured>
      <DisplayMask>ValidForAdvancedFind|ValidForForm|ValidForGrid</DisplayMask>
      <IsAuditEnabled>1</IsAuditEnabled>
      <displaynames>
        <displayname description="Customer" languagecode="1033" />
      </displaynames>
    </field>
    <EntityRelationshipRoles>
      <EntityRelationshipRole>
        <NavPaneDisplayOption>UseCollectionName</NavPaneDisplayOption>
        <NavPaneArea>Details</NavPaneArea>
        <NavPaneOrder>10000</NavPaneOrder>
        <CustomLabels>
          <CustomLabel description="" languagecode="1033" />
        </CustomLabels>
      </EntityRelationshipRole>
    </EntityRelationshipRoles>
  </EntityRelationship>
  <EntityRelationship Name="userentityinstancedata_account">
    <EntityRelationshipType>OneToMany</EntityRelationshipType>
    <IntroducedVersion>5.0.0.0</IntroducedVersion>
    <ReferencingEntityName>UserEntityInstanceData</ReferencingEntityName>
    <ReferencedEntityName>Account</ReferencedEntityName>
    <CascadeAssign>NoCascade</CascadeAssign>
    <CascadeDelete>Cascade</CascadeDelete>
    <CascadeReparent>NoCascade</CascadeReparent>
    <CascadeShare>NoCascade</CascadeShare>
    <CascadeUnshare>NoCascade</CascadeUnshare>
    <ReferencingAttributeName>ObjectId</ReferencingAttributeName>
    <RelationshipDescription>
      <Descriptions>
        <Description description="Unique identifier of the source record." languagecode="1033" />
      </Descriptions>
    </RelationshipDescription>
    <field name="objectid" requiredlevel="systemrequired" imemode="auto" lookupstyle="single" lookupbrowse="0" format="">
      <IsSecured>0</IsSecured>
      <DisplayMask>ValidForAdvancedFind|ValidForForm|ValidForGrid|RequiredForForm</DisplayMask>
      <IsAuditEnabled>1</IsAuditEnabled>
      <displaynames>
        <displayname description="Object Id" languagecode="1033" />
      </displaynames>
    </field>
  </EntityRelationship>
</EntityRelationships>