﻿<?xml version="1.0" encoding="utf-8"?>
<EntityRelationships>
  <EntityRelationship Name="business_unit_rbsm_businessbenefit">
    <EntityRelationshipType>OneToMany</EntityRelationshipType>
    <IsCustomizable>1</IsCustomizable>
    <IntroducedVersion>1.0.0.0</IntroducedVersion>
    <ReferencingEntityName>rbsm_businessbenefit</ReferencingEntityName>
    <ReferencedEntityName>BusinessUnit</ReferencedEntityName>
    <CascadeAssign>NoCascade</CascadeAssign>
    <CascadeDelete>NoCascade</CascadeDelete>
    <CascadeReparent>NoCascade</CascadeReparent>
    <CascadeShare>NoCascade</CascadeShare>
    <CascadeUnshare>NoCascade</CascadeUnshare>
    <ReferencingAttributeName>OwningBusinessUnit</ReferencingAttributeName>
    <RelationshipDescription>
      <Descriptions>
        <Description description="Unique identifier for the business unit that owns the record" languagecode="1033" />
      </Descriptions>
    </RelationshipDescription>
    <field name="owningbusinessunit" requiredlevel="none" imemode="auto" lookupstyle="single" lookupbrowse="0" format="">
      <IsCustomizable>1</IsCustomizable>
      <IsRenameable>1</IsRenameable>
      <CanModifySearchSettings>1</CanModifySearchSettings>
      <CanModifyRequirementLevelSettings>1</CanModifyRequirementLevelSettings>
      <IsSecured>0</IsSecured>
      <IsAuditEnabled>0</IsAuditEnabled>
      <displaynames>
        <displayname description="Owning Business Unit" languagecode="1033" />
      </displaynames>
    </field>
  </EntityRelationship>
  <EntityRelationship Name="business_unit_rbsm_ceoactivity">
    <EntityRelationshipType>OneToMany</EntityRelationshipType>
    <IsCustomizable>1</IsCustomizable>
    <IntroducedVersion>1.0.0.0</IntroducedVersion>
    <ReferencingEntityName>rbsm_ceoactivity</ReferencingEntityName>
    <ReferencedEntityName>BusinessUnit</ReferencedEntityName>
    <CascadeAssign>NoCascade</CascadeAssign>
    <CascadeDelete>NoCascade</CascadeDelete>
    <CascadeReparent>NoCascade</CascadeReparent>
    <CascadeShare>NoCascade</CascadeShare>
    <CascadeUnshare>NoCascade</CascadeUnshare>
    <ReferencingAttributeName>OwningBusinessUnit</ReferencingAttributeName>
    <RelationshipDescription>
      <Descriptions>
        <Description description="Unique identifier for the business unit that owns the record" languagecode="1033" />
      </Descriptions>
    </RelationshipDescription>
    <field name="owningbusinessunit" requiredlevel="none" imemode="auto" lookupstyle="single" lookupbrowse="0" format="">
      <IsCustomizable>1</IsCustomizable>
      <IsRenameable>1</IsRenameable>
      <CanModifySearchSettings>1</CanModifySearchSettings>
      <CanModifyRequirementLevelSettings>1</CanModifyRequirementLevelSettings>
      <IsSecured>0</IsSecured>
      <IsAuditEnabled>0</IsAuditEnabled>
      <displaynames>
        <displayname description="Owning Business Unit" languagecode="1033" />
      </displaynames>
    </field>
  </EntityRelationship>
  <EntityRelationship Name="business_unit_rbsm_ceoactivitycontact">
    <EntityRelationshipType>OneToMany</EntityRelationshipType>
    <IsCustomizable>1</IsCustomizable>
    <IntroducedVersion>1.0.0.0</IntroducedVersion>
    <ReferencingEntityName>rbsm_ceoactivitycontact</ReferencingEntityName>
    <ReferencedEntityName>BusinessUnit</ReferencedEntityName>
    <CascadeAssign>NoCascade</CascadeAssign>
    <CascadeDelete>NoCascade</CascadeDelete>
    <CascadeReparent>NoCascade</CascadeReparent>
    <CascadeShare>NoCascade</CascadeShare>
    <CascadeUnshare>NoCascade</CascadeUnshare>
    <ReferencingAttributeName>OwningBusinessUnit</ReferencingAttributeName>
    <RelationshipDescription>
      <Descriptions>
        <Description description="Unique identifier for the business unit that owns the record" languagecode="1033" />
      </Descriptions>
    </RelationshipDescription>
    <field name="owningbusinessunit" requiredlevel="none" imemode="auto" lookupstyle="single" lookupbrowse="0" format="">
      <IsCustomizable>1</IsCustomizable>
      <IsRenameable>1</IsRenameable>
      <CanModifySearchSettings>1</CanModifySearchSettings>
      <CanModifyRequirementLevelSettings>1</CanModifyRequirementLevelSettings>
      <IsSecured>0</IsSecured>
      <IsAuditEnabled>0</IsAuditEnabled>
      <displaynames>
        <displayname description="Owning Business Unit" languagecode="1033" />
      </displaynames>
    </field>
  </EntityRelationship>
  <EntityRelationship Name="business_unit_rbsm_customerceoactivityconnection">
    <EntityRelationshipType>OneToMany</EntityRelationshipType>
    <IsCustomizable>1</IsCustomizable>
    <IntroducedVersion>1.0.0.0</IntroducedVersion>
    <ReferencingEntityName>rbsm_customerceoactivityconnection</ReferencingEntityName>
    <ReferencedEntityName>BusinessUnit</ReferencedEntityName>
    <CascadeAssign>NoCascade</CascadeAssign>
    <CascadeDelete>NoCascade</CascadeDelete>
    <CascadeReparent>NoCascade</CascadeReparent>
    <CascadeShare>NoCascade</CascadeShare>
    <CascadeUnshare>NoCascade</CascadeUnshare>
    <ReferencingAttributeName>OwningBusinessUnit</ReferencingAttributeName>
    <RelationshipDescription>
      <Descriptions>
        <Description description="Unique identifier for the business unit that owns the record" languagecode="1033" />
      </Descriptions>
    </RelationshipDescription>
    <field name="owningbusinessunit" requiredlevel="none" imemode="auto" lookupstyle="single" lookupbrowse="0" format="">
      <IsCustomizable>1</IsCustomizable>
      <IsRenameable>1</IsRenameable>
      <CanModifySearchSettings>1</CanModifySearchSettings>
      <CanModifyRequirementLevelSettings>1</CanModifyRequirementLevelSettings>
      <IsSecured>0</IsSecured>
      <IsAuditEnabled>0</IsAuditEnabled>
      <displaynames>
        <displayname description="Owning Business Unit" languagecode="1033" />
      </displaynames>
    </field>
  </EntityRelationship>
  <EntityRelationship Name="business_unit_rbsm_opportunitypackage">
    <EntityRelationshipType>OneToMany</EntityRelationshipType>
    <IsCustomizable>1</IsCustomizable>
    <IntroducedVersion>1.0.0.0</IntroducedVersion>
    <ReferencingEntityName>rbsm_opportunitypackage</ReferencingEntityName>
    <ReferencedEntityName>BusinessUnit</ReferencedEntityName>
    <CascadeAssign>NoCascade</CascadeAssign>
    <CascadeDelete>NoCascade</CascadeDelete>
    <CascadeReparent>NoCascade</CascadeReparent>
    <CascadeShare>NoCascade</CascadeShare>
    <CascadeUnshare>NoCascade</CascadeUnshare>
    <ReferencingAttributeName>OwningBusinessUnit</ReferencingAttributeName>
    <RelationshipDescription>
      <Descriptions>
        <Description description="Unique identifier for the business unit that owns the record" languagecode="1033" />
      </Descriptions>
    </RelationshipDescription>
    <field name="owningbusinessunit" requiredlevel="none" imemode="auto" lookupstyle="single" lookupbrowse="0" format="">
      <IsCustomizable>1</IsCustomizable>
      <IsRenameable>1</IsRenameable>
      <CanModifySearchSettings>1</CanModifySearchSettings>
      <CanModifyRequirementLevelSettings>1</CanModifyRequirementLevelSettings>
      <IsSecured>0</IsSecured>
      <IsAuditEnabled>0</IsAuditEnabled>
      <displaynames>
        <displayname description="Owning Business Unit" languagecode="1033" />
      </displaynames>
    </field>
  </EntityRelationship>
  <EntityRelationship Name="business_unit_rbsm_opportunityservicecatalogconnection">
    <EntityRelationshipType>OneToMany</EntityRelationshipType>
    <IsCustomizable>1</IsCustomizable>
    <IntroducedVersion>1.0.0.0</IntroducedVersion>
    <ReferencingEntityName>rbsm_opportunityservicecatalogconnection</ReferencingEntityName>
    <ReferencedEntityName>BusinessUnit</ReferencedEntityName>
    <CascadeAssign>NoCascade</CascadeAssign>
    <CascadeDelete>NoCascade</CascadeDelete>
    <CascadeReparent>NoCascade</CascadeReparent>
    <CascadeShare>NoCascade</CascadeShare>
    <CascadeUnshare>NoCascade</CascadeUnshare>
    <ReferencingAttributeName>OwningBusinessUnit</ReferencingAttributeName>
    <RelationshipDescription>
      <Descriptions>
        <Description description="Unique identifier for the business unit that owns the record" languagecode="1033" />
      </Descriptions>
    </RelationshipDescription>
    <field name="owningbusinessunit" requiredlevel="none" imemode="auto" lookupstyle="single" lookupbrowse="0" format="">
      <IsCustomizable>1</IsCustomizable>
      <IsRenameable>1</IsRenameable>
      <CanModifySearchSettings>1</CanModifySearchSettings>
      <CanModifyRequirementLevelSettings>1</CanModifyRequirementLevelSettings>
      <IsSecured>0</IsSecured>
      <IsAuditEnabled>0</IsAuditEnabled>
      <displaynames>
        <displayname description="Owning Business Unit" languagecode="1033" />
      </displaynames>
    </field>
  </EntityRelationship>
  <EntityRelationship Name="business_unit_rbsm_productmetrics">
    <EntityRelationshipType>OneToMany</EntityRelationshipType>
    <IsCustomizable>1</IsCustomizable>
    <IntroducedVersion>1.0.0.0</IntroducedVersion>
    <ReferencingEntityName>rbsm_ProductMetrics</ReferencingEntityName>
    <ReferencedEntityName>BusinessUnit</ReferencedEntityName>
    <CascadeAssign>NoCascade</CascadeAssign>
    <CascadeDelete>NoCascade</CascadeDelete>
    <CascadeReparent>NoCascade</CascadeReparent>
    <CascadeShare>NoCascade</CascadeShare>
    <CascadeUnshare>NoCascade</CascadeUnshare>
    <ReferencingAttributeName>OwningBusinessUnit</ReferencingAttributeName>
    <RelationshipDescription>
      <Descriptions>
        <Description description="Unique identifier for the business unit that owns the record" languagecode="1033" />
      </Descriptions>
    </RelationshipDescription>
    <field name="owningbusinessunit" requiredlevel="none" imemode="auto" lookupstyle="single" lookupbrowse="0" format="">
      <IsCustomizable>1</IsCustomizable>
      <IsRenameable>1</IsRenameable>
      <CanModifySearchSettings>1</CanModifySearchSettings>
      <CanModifyRequirementLevelSettings>1</CanModifyRequirementLevelSettings>
      <IsSecured>0</IsSecured>
      <IsAuditEnabled>0</IsAuditEnabled>
      <displaynames>
        <displayname description="Owning Business Unit" languagecode="1033" />
      </displaynames>
    </field>
  </EntityRelationship>
  <EntityRelationship Name="business_unit_rbsm_productservicescatalog">
    <EntityRelationshipType>OneToMany</EntityRelationshipType>
    <IsCustomizable>1</IsCustomizable>
    <IntroducedVersion>1.0.0.0</IntroducedVersion>
    <ReferencingEntityName>rbsm_productservicescatalog</ReferencingEntityName>
    <ReferencedEntityName>BusinessUnit</ReferencedEntityName>
    <CascadeAssign>NoCascade</CascadeAssign>
    <CascadeDelete>NoCascade</CascadeDelete>
    <CascadeReparent>NoCascade</CascadeReparent>
    <CascadeShare>NoCascade</CascadeShare>
    <CascadeUnshare>NoCascade</CascadeUnshare>
    <ReferencingAttributeName>OwningBusinessUnit</ReferencingAttributeName>
    <RelationshipDescription>
      <Descriptions>
        <Description description="Unique identifier for the business unit that owns the record" languagecode="1033" />
      </Descriptions>
    </RelationshipDescription>
    <field name="owningbusinessunit" requiredlevel="none" imemode="auto" lookupstyle="single" lookupbrowse="0" format="">
      <IsCustomizable>1</IsCustomizable>
      <IsRenameable>1</IsRenameable>
      <CanModifySearchSettings>1</CanModifySearchSettings>
      <CanModifyRequirementLevelSettings>1</CanModifyRequirementLevelSettings>
      <IsSecured>0</IsSecured>
      <IsAuditEnabled>0</IsAuditEnabled>
      <displaynames>
        <displayname description="Owning Business Unit" languagecode="1033" />
      </displaynames>
    </field>
  </EntityRelationship>
  <EntityRelationship Name="business_unit_rbsm_programme">
    <EntityRelationshipType>OneToMany</EntityRelationshipType>
    <IsCustomizable>1</IsCustomizable>
    <IntroducedVersion>1.0.0.0</IntroducedVersion>
    <ReferencingEntityName>rbsm_programme</ReferencingEntityName>
    <ReferencedEntityName>BusinessUnit</ReferencedEntityName>
    <CascadeAssign>NoCascade</CascadeAssign>
    <CascadeDelete>NoCascade</CascadeDelete>
    <CascadeReparent>NoCascade</CascadeReparent>
    <CascadeShare>NoCascade</CascadeShare>
    <CascadeUnshare>NoCascade</CascadeUnshare>
    <ReferencingAttributeName>OwningBusinessUnit</ReferencingAttributeName>
    <RelationshipDescription>
      <Descriptions>
        <Description description="Unique identifier for the business unit that owns the record" languagecode="1033" />
      </Descriptions>
    </RelationshipDescription>
    <field name="owningbusinessunit" requiredlevel="none" imemode="auto" lookupstyle="single" lookupbrowse="0" format="">
      <IsCustomizable>1</IsCustomizable>
      <IsRenameable>1</IsRenameable>
      <CanModifySearchSettings>1</CanModifySearchSettings>
      <CanModifyRequirementLevelSettings>1</CanModifyRequirementLevelSettings>
      <IsSecured>0</IsSecured>
      <IsAuditEnabled>0</IsAuditEnabled>
      <displaynames>
        <displayname description="Owning Business Unit" languagecode="1033" />
      </displaynames>
    </field>
  </EntityRelationship>
  <EntityRelationship Name="business_unit_rbsm_project">
    <EntityRelationshipType>OneToMany</EntityRelationshipType>
    <IsCustomizable>1</IsCustomizable>
    <IntroducedVersion>1.0.0.0</IntroducedVersion>
    <ReferencingEntityName>rbsm_Project</ReferencingEntityName>
    <ReferencedEntityName>BusinessUnit</ReferencedEntityName>
    <CascadeAssign>NoCascade</CascadeAssign>
    <CascadeDelete>NoCascade</CascadeDelete>
    <CascadeReparent>NoCascade</CascadeReparent>
    <CascadeShare>NoCascade</CascadeShare>
    <CascadeUnshare>NoCascade</CascadeUnshare>
    <ReferencingAttributeName>OwningBusinessUnit</ReferencingAttributeName>
    <RelationshipDescription>
      <Descriptions>
        <Description description="Unique identifier for the business unit that owns the record" languagecode="1033" />
      </Descriptions>
    </RelationshipDescription>
    <field name="owningbusinessunit" requiredlevel="none" imemode="auto" lookupstyle="single" lookupbrowse="0" format="">
      <IsCustomizable>1</IsCustomizable>
      <IsRenameable>1</IsRenameable>
      <CanModifySearchSettings>1</CanModifySearchSettings>
      <CanModifyRequirementLevelSettings>1</CanModifyRequirementLevelSettings>
      <IsSecured>0</IsSecured>
      <IsAuditEnabled>0</IsAuditEnabled>
      <displaynames>
        <displayname description="Owning Business Unit" languagecode="1033" />
      </displaynames>
    </field>
  </EntityRelationship>
  <EntityRelationship Name="business_unit_rbsm_raidlog">
    <EntityRelationshipType>OneToMany</EntityRelationshipType>
    <IsCustomizable>1</IsCustomizable>
    <IntroducedVersion>1.0.0.0</IntroducedVersion>
    <ReferencingEntityName>rbsm_RAIDLog</ReferencingEntityName>
    <ReferencedEntityName>BusinessUnit</ReferencedEntityName>
    <CascadeAssign>NoCascade</CascadeAssign>
    <CascadeDelete>NoCascade</CascadeDelete>
    <CascadeReparent>NoCascade</CascadeReparent>
    <CascadeShare>NoCascade</CascadeShare>
    <CascadeUnshare>NoCascade</CascadeUnshare>
    <ReferencingAttributeName>OwningBusinessUnit</ReferencingAttributeName>
    <RelationshipDescription>
      <Descriptions>
        <Description description="Unique identifier for the business unit that owns the record" languagecode="1033" />
      </Descriptions>
    </RelationshipDescription>
    <field name="owningbusinessunit" requiredlevel="none" imemode="auto" lookupstyle="single" lookupbrowse="0" format="">
      <IsCustomizable>1</IsCustomizable>
      <IsRenameable>1</IsRenameable>
      <CanModifySearchSettings>1</CanModifySearchSettings>
      <CanModifyRequirementLevelSettings>1</CanModifyRequirementLevelSettings>
      <IsSecured>0</IsSecured>
      <IsAuditEnabled>0</IsAuditEnabled>
      <displaynames>
        <displayname description="Owning Business Unit" languagecode="1033" />
      </displaynames>
    </field>
  </EntityRelationship>
  <EntityRelationship Name="business_unit_rbsm_rbspriority">
    <EntityRelationshipType>OneToMany</EntityRelationshipType>
    <IsCustomizable>1</IsCustomizable>
    <IntroducedVersion>1.0.0.0</IntroducedVersion>
    <ReferencingEntityName>rbsm_rbspriority</ReferencingEntityName>
    <ReferencedEntityName>BusinessUnit</ReferencedEntityName>
    <CascadeAssign>NoCascade</CascadeAssign>
    <CascadeDelete>NoCascade</CascadeDelete>
    <CascadeReparent>NoCascade</CascadeReparent>
    <CascadeShare>NoCascade</CascadeShare>
    <CascadeUnshare>NoCascade</CascadeUnshare>
    <ReferencingAttributeName>OwningBusinessUnit</ReferencingAttributeName>
    <RelationshipDescription>
      <Descriptions>
        <Description description="Unique identifier for the business unit that owns the record" languagecode="1033" />
      </Descriptions>
    </RelationshipDescription>
    <field name="owningbusinessunit" requiredlevel="none" imemode="auto" lookupstyle="single" lookupbrowse="0" format="">
      <IsCustomizable>1</IsCustomizable>
      <IsRenameable>1</IsRenameable>
      <CanModifySearchSettings>1</CanModifySearchSettings>
      <CanModifyRequirementLevelSettings>1</CanModifyRequirementLevelSettings>
      <IsSecured>0</IsSecured>
      <IsAuditEnabled>0</IsAuditEnabled>
      <displaynames>
        <displayname description="Owning Business Unit" languagecode="1033" />
      </displaynames>
    </field>
  </EntityRelationship>
  <EntityRelationship Name="business_unit_rbsm_resourcestrategy">
    <EntityRelationshipType>OneToMany</EntityRelationshipType>
    <IsCustomizable>1</IsCustomizable>
    <IntroducedVersion>1.0.0.0</IntroducedVersion>
    <ReferencingEntityName>rbsm_resourcestrategy</ReferencingEntityName>
    <ReferencedEntityName>BusinessUnit</ReferencedEntityName>
    <CascadeAssign>NoCascade</CascadeAssign>
    <CascadeDelete>NoCascade</CascadeDelete>
    <CascadeReparent>NoCascade</CascadeReparent>
    <CascadeShare>NoCascade</CascadeShare>
    <CascadeUnshare>NoCascade</CascadeUnshare>
    <ReferencingAttributeName>OwningBusinessUnit</ReferencingAttributeName>
    <RelationshipDescription>
      <Descriptions>
        <Description description="Unique identifier for the business unit that owns the record" languagecode="1033" />
      </Descriptions>
    </RelationshipDescription>
    <field name="owningbusinessunit" requiredlevel="none" imemode="auto" lookupstyle="single" lookupbrowse="0" format="">
      <IsCustomizable>1</IsCustomizable>
      <IsRenameable>1</IsRenameable>
      <CanModifySearchSettings>1</CanModifySearchSettings>
      <CanModifyRequirementLevelSettings>1</CanModifyRequirementLevelSettings>
      <IsSecured>0</IsSecured>
      <IsAuditEnabled>0</IsAuditEnabled>
      <displaynames>
        <displayname description="Owning Business Unit" languagecode="1033" />
      </displaynames>
    </field>
  </EntityRelationship>
</EntityRelationships>