﻿<?xml version="1.0" encoding="utf-8"?>
<EntityRelationships>
  <EntityRelationship Name="Connection_AsyncOperations">
    <EntityRelationshipType>OneToMany</EntityRelationshipType>
    <IntroducedVersion>5.0.0.0</IntroducedVersion>
    <ReferencingEntityName>AsyncOperation</ReferencingEntityName>
    <ReferencedEntityName>Connection</ReferencedEntityName>
    <CascadeAssign>NoCascade</CascadeAssign>
    <CascadeDelete>NoCascade</CascadeDelete>
    <CascadeReparent>NoCascade</CascadeReparent>
    <CascadeShare>NoCascade</CascadeShare>
    <CascadeUnshare>NoCascade</CascadeUnshare>
    <ReferencingAttributeName>RegardingObjectId</ReferencingAttributeName>
    <RelationshipDescription>
      <Descriptions>
        <Description description="Unique identifier of the object with which the system job is associated." languagecode="1033" />
      </Descriptions>
    </RelationshipDescription>
    <field name="regardingobjectid" requiredlevel="none" imemode="auto" lookupstyle="single" lookupbrowse="0" format="regarding">
      <IsSecured>0</IsSecured>
      <DisplayMask>ValidForAdvancedFind|ValidForForm|ValidForGrid</DisplayMask>
      <IsAuditEnabled>0</IsAuditEnabled>
      <displaynames>
        <displayname description="Regarding" languagecode="1033" />
      </displaynames>
    </field>
  </EntityRelationship>
  <EntityRelationship Name="connection_principalobjectattributeaccess">
    <EntityRelationshipType>OneToMany</EntityRelationshipType>
    <IntroducedVersion>5.0.0.0</IntroducedVersion>
    <ReferencingEntityName>PrincipalObjectAttributeAccess</ReferencingEntityName>
    <ReferencedEntityName>Connection</ReferencedEntityName>
    <CascadeAssign>NoCascade</CascadeAssign>
    <CascadeDelete>Cascade</CascadeDelete>
    <CascadeReparent>NoCascade</CascadeReparent>
    <CascadeShare>NoCascade</CascadeShare>
    <CascadeUnshare>NoCascade</CascadeUnshare>
    <ReferencingAttributeName>ObjectId</ReferencingAttributeName>
    <RelationshipDescription>
      <Descriptions>
        <Description description="Unique identifier of the entity instance with shared secured field" languagecode="1033" />
      </Descriptions>
    </RelationshipDescription>
    <field name="objectid" requiredlevel="systemrequired" imemode="auto" lookupstyle="single" lookupbrowse="0" format="regarding">
      <IsSecured>0</IsSecured>
      <DisplayMask>ValidForForm|ValidForGrid</DisplayMask>
      <IsAuditEnabled>1</IsAuditEnabled>
      <displaynames>
        <displayname description="Entity instance" languagecode="1033" />
      </displaynames>
    </field>
  </EntityRelationship>
  <EntityRelationship Name="Connection_ProcessSessions">
    <EntityRelationshipType>OneToMany</EntityRelationshipType>
    <IntroducedVersion>5.0.0.0</IntroducedVersion>
    <ReferencingEntityName>ProcessSession</ReferencingEntityName>
    <ReferencedEntityName>Connection</ReferencedEntityName>
    <CascadeAssign>NoCascade</CascadeAssign>
    <CascadeDelete>NoCascade</CascadeDelete>
    <CascadeReparent>NoCascade</CascadeReparent>
    <CascadeShare>NoCascade</CascadeShare>
    <CascadeUnshare>NoCascade</CascadeUnshare>
    <ReferencingAttributeName>RegardingObjectId</ReferencingAttributeName>
    <RelationshipDescription>
      <Descriptions>
        <Description description="Unique identifier of the object with which the dialog session is associated." languagecode="1033" />
      </Descriptions>
    </RelationshipDescription>
    <field name="regardingobjectid" requiredlevel="none" imemode="auto" lookupstyle="single" lookupbrowse="0" format="regarding">
      <IsSecured>0</IsSecured>
      <DisplayMask>ValidForAdvancedFind|ValidForGrid</DisplayMask>
      <IsAuditEnabled>0</IsAuditEnabled>
      <displaynames>
        <displayname description="Regarding" languagecode="1033" />
      </displaynames>
    </field>
  </EntityRelationship>
  <EntityRelationship Name="userentityinstancedata_connection">
    <EntityRelationshipType>OneToMany</EntityRelationshipType>
    <IntroducedVersion>5.0.0.0</IntroducedVersion>
    <ReferencingEntityName>UserEntityInstanceData</ReferencingEntityName>
    <ReferencedEntityName>Connection</ReferencedEntityName>
    <CascadeAssign>NoCascade</CascadeAssign>
    <CascadeDelete>Cascade</CascadeDelete>
    <CascadeReparent>NoCascade</CascadeReparent>
    <CascadeShare>NoCascade</CascadeShare>
    <CascadeUnshare>NoCascade</CascadeUnshare>
    <ReferencingAttributeName>ObjectId</ReferencingAttributeName>
    <RelationshipDescription>
      <Descriptions>
        <Description description="Unique identifier of the source record." languagecode="1033" />
      </Descriptions>
    </RelationshipDescription>
    <field name="objectid" requiredlevel="systemrequired" imemode="auto" lookupstyle="single" lookupbrowse="0" format="">
      <IsSecured>0</IsSecured>
      <DisplayMask>ValidForAdvancedFind|ValidForForm|ValidForGrid|RequiredForForm</DisplayMask>
      <IsAuditEnabled>1</IsAuditEnabled>
      <displaynames>
        <displayname description="Object Id" languagecode="1033" />
      </displaynames>
    </field>
  </EntityRelationship>
</EntityRelationships>