﻿<?xml version="1.0" encoding="utf-8"?>
<EntityRelationships>
  <EntityRelationship Name="rbsm_project_ActivityPointers">
    <EntityRelationshipType>OneToMany</EntityRelationshipType>
    <IsCustomizable>1</IsCustomizable>
    <IntroducedVersion>1.0.0.0</IntroducedVersion>
    <ReferencingEntityName>ActivityPointer</ReferencingEntityName>
    <ReferencedEntityName>rbsm_Project</ReferencedEntityName>
    <CascadeAssign>NoCascade</CascadeAssign>
    <CascadeDelete>RemoveLink</CascadeDelete>
    <CascadeReparent>NoCascade</CascadeReparent>
    <CascadeShare>NoCascade</CascadeShare>
    <CascadeUnshare>NoCascade</CascadeUnshare>
    <ReferencingAttributeName>RegardingObjectId</ReferencingAttributeName>
    <RelationshipDescription>
      <Descriptions>
        <Description description="Unique identifier of the object with which the activity is associated." languagecode="1033" />
      </Descriptions>
    </RelationshipDescription>
    <field name="regardingobjectid" requiredlevel="none" imemode="auto" lookupstyle="single" lookupbrowse="0" format="regarding">
      <IsSecured>0</IsSecured>
      <DisplayMask>ValidForAdvancedFind|ValidForForm|ValidForGrid</DisplayMask>
      <IsAuditEnabled>0</IsAuditEnabled>
      <displaynames>
        <displayname description="Regarding" languagecode="1033" />
      </displaynames>
    </field>
    <EntityRelationshipRoles>
      <EntityRelationshipRole>
        <NavPaneDisplayOption>UseCollectionName</NavPaneDisplayOption>
        <NavPaneArea>Details</NavPaneArea>
        <NavPaneOrder>0</NavPaneOrder>
      </EntityRelationshipRole>
    </EntityRelationshipRoles>
  </EntityRelationship>
  <EntityRelationship Name="rbsm_project_Annotations">
    <EntityRelationshipType>OneToMany</EntityRelationshipType>
    <IsCustomizable>1</IsCustomizable>
    <IntroducedVersion>1.0.0.0</IntroducedVersion>
    <ReferencingEntityName>Annotation</ReferencingEntityName>
    <ReferencedEntityName>rbsm_Project</ReferencedEntityName>
    <CascadeAssign>Cascade</CascadeAssign>
    <CascadeDelete>Cascade</CascadeDelete>
    <CascadeReparent>Cascade</CascadeReparent>
    <CascadeShare>Cascade</CascadeShare>
    <CascadeUnshare>Cascade</CascadeUnshare>
    <ReferencingAttributeName>ObjectId</ReferencingAttributeName>
    <RelationshipDescription>
      <Descriptions>
        <Description description="Unique identifier of the object with which the note is associated." languagecode="1033" />
      </Descriptions>
    </RelationshipDescription>
    <field name="objectid" requiredlevel="none" imemode="auto" lookupstyle="single" lookupbrowse="0" format="">
      <IsSecured>0</IsSecured>
      <IsAuditEnabled>1</IsAuditEnabled>
      <displaynames>
        <displayname description="Regarding" languagecode="1033" />
      </displaynames>
    </field>
  </EntityRelationship>
  <EntityRelationship Name="rbsm_project_Appointments">
    <EntityRelationshipType>OneToMany</EntityRelationshipType>
    <IsCustomizable>1</IsCustomizable>
    <IntroducedVersion>1.0.0.0</IntroducedVersion>
    <ReferencingEntityName>Appointment</ReferencingEntityName>
    <ReferencedEntityName>rbsm_Project</ReferencedEntityName>
    <CascadeAssign>Cascade</CascadeAssign>
    <CascadeDelete>Cascade</CascadeDelete>
    <CascadeReparent>Cascade</CascadeReparent>
    <CascadeShare>Cascade</CascadeShare>
    <CascadeUnshare>Cascade</CascadeUnshare>
    <ReferencingAttributeName>RegardingObjectId</ReferencingAttributeName>
    <RelationshipDescription>
      <Descriptions>
        <Description description="Unique identifier of the object with which the appointment is associated." languagecode="1033" />
      </Descriptions>
    </RelationshipDescription>
    <field name="regardingobjectid" requiredlevel="none" imemode="auto" lookupstyle="single" lookupbrowse="0" format="regarding">
      <IsSecured>0</IsSecured>
      <DisplayMask>ValidForAdvancedFind|ValidForForm|ValidForGrid</DisplayMask>
      <IsAuditEnabled>0</IsAuditEnabled>
      <displaynames>
        <displayname description="Regarding" languagecode="1033" />
      </displaynames>
    </field>
  </EntityRelationship>
  <EntityRelationship Name="rbsm_project_AsyncOperations">
    <EntityRelationshipType>OneToMany</EntityRelationshipType>
    <IsCustomizable>1</IsCustomizable>
    <IntroducedVersion>1.0.0.0</IntroducedVersion>
    <ReferencingEntityName>AsyncOperation</ReferencingEntityName>
    <ReferencedEntityName>rbsm_Project</ReferencedEntityName>
    <CascadeAssign>NoCascade</CascadeAssign>
    <CascadeDelete>NoCascade</CascadeDelete>
    <CascadeReparent>NoCascade</CascadeReparent>
    <CascadeShare>NoCascade</CascadeShare>
    <CascadeUnshare>NoCascade</CascadeUnshare>
    <ReferencingAttributeName>RegardingObjectId</ReferencingAttributeName>
    <RelationshipDescription>
      <Descriptions>
        <Description description="Unique identifier of the object with which the system job is associated." languagecode="1033" />
      </Descriptions>
    </RelationshipDescription>
    <field name="regardingobjectid" requiredlevel="none" imemode="auto" lookupstyle="single" lookupbrowse="0" format="regarding">
      <IsSecured>0</IsSecured>
      <DisplayMask>ValidForAdvancedFind|ValidForForm|ValidForGrid</DisplayMask>
      <IsAuditEnabled>0</IsAuditEnabled>
      <displaynames>
        <displayname description="Regarding" languagecode="1033" />
      </displaynames>
    </field>
  </EntityRelationship>
  <EntityRelationship Name="rbsm_project_BulkDeleteFailures">
    <EntityRelationshipType>OneToMany</EntityRelationshipType>
    <IsCustomizable>1</IsCustomizable>
    <IntroducedVersion>1.0.0.0</IntroducedVersion>
    <ReferencingEntityName>BulkDeleteFailure</ReferencingEntityName>
    <ReferencedEntityName>rbsm_Project</ReferencedEntityName>
    <CascadeAssign>NoCascade</CascadeAssign>
    <CascadeDelete>Cascade</CascadeDelete>
    <CascadeReparent>NoCascade</CascadeReparent>
    <CascadeShare>NoCascade</CascadeShare>
    <CascadeUnshare>NoCascade</CascadeUnshare>
    <ReferencingAttributeName>RegardingObjectId</ReferencingAttributeName>
    <RelationshipDescription>
      <Descriptions>
        <Description description="Unique identifier of the record that can not be deleted." languagecode="1033" />
      </Descriptions>
    </RelationshipDescription>
    <field name="regardingobjectid" requiredlevel="none" imemode="auto" lookupstyle="single" lookupbrowse="0" format="regarding">
      <IsSecured>0</IsSecured>
      <DisplayMask>ValidForAdvancedFind|ValidForForm|ValidForGrid</DisplayMask>
      <IsAuditEnabled>0</IsAuditEnabled>
      <displaynames>
        <displayname description="Name" languagecode="1033" />
      </displaynames>
    </field>
  </EntityRelationship>
  <EntityRelationship Name="rbsm_project_DuplicateBaseRecord">
    <EntityRelationshipType>OneToMany</EntityRelationshipType>
    <IsCustomizable>1</IsCustomizable>
    <IntroducedVersion>1.0.0.0</IntroducedVersion>
    <ReferencingEntityName>DuplicateRecord</ReferencingEntityName>
    <ReferencedEntityName>rbsm_Project</ReferencedEntityName>
    <CascadeAssign>NoCascade</CascadeAssign>
    <CascadeDelete>Cascade</CascadeDelete>
    <CascadeReparent>NoCascade</CascadeReparent>
    <CascadeShare>NoCascade</CascadeShare>
    <CascadeUnshare>NoCascade</CascadeUnshare>
    <ReferencingAttributeName>BaseRecordId</ReferencingAttributeName>
    <RelationshipDescription>
      <Descriptions>
        <Description description="Unique identifier of the base record." languagecode="1033" />
      </Descriptions>
    </RelationshipDescription>
    <field name="baserecordid" requiredlevel="none" imemode="auto" lookupstyle="single" lookupbrowse="0" format="">
      <IsSecured>0</IsSecured>
      <DisplayMask>ValidForAdvancedFind|ValidForForm|ValidForGrid</DisplayMask>
      <IsAuditEnabled>1</IsAuditEnabled>
      <displaynames>
        <displayname description="Base Record ID" languagecode="1033" />
      </displaynames>
    </field>
  </EntityRelationship>
  <EntityRelationship Name="rbsm_project_DuplicateMatchingRecord">
    <EntityRelationshipType>OneToMany</EntityRelationshipType>
    <IsCustomizable>1</IsCustomizable>
    <IntroducedVersion>1.0.0.0</IntroducedVersion>
    <ReferencingEntityName>DuplicateRecord</ReferencingEntityName>
    <ReferencedEntityName>rbsm_Project</ReferencedEntityName>
    <CascadeAssign>NoCascade</CascadeAssign>
    <CascadeDelete>Cascade</CascadeDelete>
    <CascadeReparent>NoCascade</CascadeReparent>
    <CascadeShare>NoCascade</CascadeShare>
    <CascadeUnshare>NoCascade</CascadeUnshare>
    <ReferencingAttributeName>DuplicateRecordId</ReferencingAttributeName>
    <RelationshipDescription>
      <Descriptions>
        <Description description="Unique identifier of the potential duplicate record." languagecode="1033" />
      </Descriptions>
    </RelationshipDescription>
    <field name="duplicaterecordid" requiredlevel="none" imemode="auto" lookupstyle="single" lookupbrowse="0" format="">
      <IsSecured>0</IsSecured>
      <DisplayMask>ValidForAdvancedFind|ValidForForm|ValidForGrid</DisplayMask>
      <IsAuditEnabled>1</IsAuditEnabled>
      <displaynames>
        <displayname description="Duplicate Record ID" languagecode="1033" />
      </displaynames>
    </field>
  </EntityRelationship>
  <EntityRelationship Name="rbsm_project_Emails">
    <EntityRelationshipType>OneToMany</EntityRelationshipType>
    <IsCustomizable>1</IsCustomizable>
    <IntroducedVersion>1.0.0.0</IntroducedVersion>
    <ReferencingEntityName>Email</ReferencingEntityName>
    <ReferencedEntityName>rbsm_Project</ReferencedEntityName>
    <CascadeAssign>Cascade</CascadeAssign>
    <CascadeDelete>Cascade</CascadeDelete>
    <CascadeReparent>Cascade</CascadeReparent>
    <CascadeShare>Cascade</CascadeShare>
    <CascadeUnshare>Cascade</CascadeUnshare>
    <ReferencingAttributeName>RegardingObjectId</ReferencingAttributeName>
    <RelationshipDescription>
      <Descriptions>
        <Description description="Unique identifier of the object with which the e-mail is associated." languagecode="1033" />
      </Descriptions>
    </RelationshipDescription>
    <field name="regardingobjectid" requiredlevel="none" imemode="auto" lookupstyle="single" lookupbrowse="0" format="regarding">
      <IsSecured>0</IsSecured>
      <DisplayMask>ValidForAdvancedFind|ValidForForm|ValidForGrid|RequiredForForm</DisplayMask>
      <IsAuditEnabled>0</IsAuditEnabled>
      <displaynames>
        <displayname description="Regarding" languagecode="1033" />
      </displaynames>
    </field>
  </EntityRelationship>
  <EntityRelationship Name="rbsm_project_Faxes">
    <EntityRelationshipType>OneToMany</EntityRelationshipType>
    <IsCustomizable>1</IsCustomizable>
    <IntroducedVersion>1.0.0.0</IntroducedVersion>
    <ReferencingEntityName>Fax</ReferencingEntityName>
    <ReferencedEntityName>rbsm_Project</ReferencedEntityName>
    <CascadeAssign>Cascade</CascadeAssign>
    <CascadeDelete>Cascade</CascadeDelete>
    <CascadeReparent>Cascade</CascadeReparent>
    <CascadeShare>Cascade</CascadeShare>
    <CascadeUnshare>Cascade</CascadeUnshare>
    <ReferencingAttributeName>RegardingObjectId</ReferencingAttributeName>
    <RelationshipDescription>
      <Descriptions>
        <Description description="Unique identifier of the object with which the fax activity is associated." languagecode="1033" />
      </Descriptions>
    </RelationshipDescription>
    <field name="regardingobjectid" requiredlevel="none" imemode="auto" lookupstyle="single" lookupbrowse="0" format="regarding">
      <IsSecured>0</IsSecured>
      <DisplayMask>ValidForAdvancedFind|ValidForForm|ValidForGrid</DisplayMask>
      <IsAuditEnabled>0</IsAuditEnabled>
      <displaynames>
        <displayname description="Regarding" languagecode="1033" />
      </displaynames>
    </field>
  </EntityRelationship>
  <EntityRelationship Name="rbsm_project_Letters">
    <EntityRelationshipType>OneToMany</EntityRelationshipType>
    <IsCustomizable>1</IsCustomizable>
    <IntroducedVersion>1.0.0.0</IntroducedVersion>
    <ReferencingEntityName>Letter</ReferencingEntityName>
    <ReferencedEntityName>rbsm_Project</ReferencedEntityName>
    <CascadeAssign>Cascade</CascadeAssign>
    <CascadeDelete>Cascade</CascadeDelete>
    <CascadeReparent>Cascade</CascadeReparent>
    <CascadeShare>Cascade</CascadeShare>
    <CascadeUnshare>Cascade</CascadeUnshare>
    <ReferencingAttributeName>RegardingObjectId</ReferencingAttributeName>
    <RelationshipDescription>
      <Descriptions>
        <Description description="Unique identifier of the object with which the letter activity is associated." languagecode="1033" />
      </Descriptions>
    </RelationshipDescription>
    <field name="regardingobjectid" requiredlevel="none" imemode="auto" lookupstyle="single" lookupbrowse="0" format="regarding">
      <IsSecured>0</IsSecured>
      <DisplayMask>ValidForAdvancedFind|ValidForForm|ValidForGrid</DisplayMask>
      <IsAuditEnabled>0</IsAuditEnabled>
      <displaynames>
        <displayname description="Regarding" languagecode="1033" />
      </displaynames>
    </field>
  </EntityRelationship>
  <EntityRelationship Name="rbsm_project_PhoneCalls">
    <EntityRelationshipType>OneToMany</EntityRelationshipType>
    <IsCustomizable>1</IsCustomizable>
    <IntroducedVersion>1.0.0.0</IntroducedVersion>
    <ReferencingEntityName>PhoneCall</ReferencingEntityName>
    <ReferencedEntityName>rbsm_Project</ReferencedEntityName>
    <CascadeAssign>Cascade</CascadeAssign>
    <CascadeDelete>Cascade</CascadeDelete>
    <CascadeReparent>Cascade</CascadeReparent>
    <CascadeShare>Cascade</CascadeShare>
    <CascadeUnshare>Cascade</CascadeUnshare>
    <ReferencingAttributeName>RegardingObjectId</ReferencingAttributeName>
    <RelationshipDescription>
      <Descriptions>
        <Description description="Unique identifier of the object with which the phone call activity is associated." languagecode="1033" />
      </Descriptions>
    </RelationshipDescription>
    <field name="regardingobjectid" requiredlevel="none" imemode="auto" lookupstyle="single" lookupbrowse="0" format="regarding">
      <IsSecured>0</IsSecured>
      <DisplayMask>ValidForAdvancedFind|ValidForForm|ValidForGrid</DisplayMask>
      <IsAuditEnabled>0</IsAuditEnabled>
      <displaynames>
        <displayname description="Regarding" languagecode="1033" />
      </displaynames>
    </field>
  </EntityRelationship>
  <EntityRelationship Name="rbsm_project_PrincipalObjectAttributeAccesses">
    <EntityRelationshipType>OneToMany</EntityRelationshipType>
    <IsCustomizable>1</IsCustomizable>
    <IntroducedVersion>1.0.0.0</IntroducedVersion>
    <ReferencingEntityName>PrincipalObjectAttributeAccess</ReferencingEntityName>
    <ReferencedEntityName>rbsm_Project</ReferencedEntityName>
    <CascadeAssign>NoCascade</CascadeAssign>
    <CascadeDelete>Cascade</CascadeDelete>
    <CascadeReparent>NoCascade</CascadeReparent>
    <CascadeShare>NoCascade</CascadeShare>
    <CascadeUnshare>NoCascade</CascadeUnshare>
    <ReferencingAttributeName>ObjectId</ReferencingAttributeName>
    <RelationshipDescription>
      <Descriptions>
        <Description description="Unique identifier of the entity instance with shared secured field" languagecode="1033" />
      </Descriptions>
    </RelationshipDescription>
    <field name="objectid" requiredlevel="systemrequired" imemode="auto" lookupstyle="single" lookupbrowse="0" format="regarding">
      <IsSecured>0</IsSecured>
      <DisplayMask>ValidForForm|ValidForGrid</DisplayMask>
      <IsAuditEnabled>1</IsAuditEnabled>
      <displaynames>
        <displayname description="Entity instance" languagecode="1033" />
      </displaynames>
    </field>
  </EntityRelationship>
  <EntityRelationship Name="rbsm_project_ProcessSession">
    <EntityRelationshipType>OneToMany</EntityRelationshipType>
    <IsCustomizable>1</IsCustomizable>
    <IntroducedVersion>1.0.0.0</IntroducedVersion>
    <ReferencingEntityName>ProcessSession</ReferencingEntityName>
    <ReferencedEntityName>rbsm_Project</ReferencedEntityName>
    <CascadeAssign>NoCascade</CascadeAssign>
    <CascadeDelete>NoCascade</CascadeDelete>
    <CascadeReparent>NoCascade</CascadeReparent>
    <CascadeShare>NoCascade</CascadeShare>
    <CascadeUnshare>NoCascade</CascadeUnshare>
    <ReferencingAttributeName>RegardingObjectId</ReferencingAttributeName>
    <RelationshipDescription>
      <Descriptions>
        <Description description="Unique identifier of the object with which the dialog session is associated." languagecode="1033" />
      </Descriptions>
    </RelationshipDescription>
    <field name="regardingobjectid" requiredlevel="none" imemode="auto" lookupstyle="single" lookupbrowse="0" format="regarding">
      <IsSecured>0</IsSecured>
      <DisplayMask>ValidForAdvancedFind|ValidForGrid</DisplayMask>
      <IsAuditEnabled>0</IsAuditEnabled>
      <displaynames>
        <displayname description="Regarding" languagecode="1033" />
      </displaynames>
    </field>
  </EntityRelationship>
  <EntityRelationship Name="rbsm_project_RecurringAppointmentMasters">
    <EntityRelationshipType>OneToMany</EntityRelationshipType>
    <IsCustomizable>1</IsCustomizable>
    <IntroducedVersion>1.0.0.0</IntroducedVersion>
    <ReferencingEntityName>RecurringAppointmentMaster</ReferencingEntityName>
    <ReferencedEntityName>rbsm_Project</ReferencedEntityName>
    <CascadeAssign>Cascade</CascadeAssign>
    <CascadeDelete>Cascade</CascadeDelete>
    <CascadeReparent>Cascade</CascadeReparent>
    <CascadeShare>Cascade</CascadeShare>
    <CascadeUnshare>Cascade</CascadeUnshare>
    <ReferencingAttributeName>RegardingObjectId</ReferencingAttributeName>
    <RelationshipDescription>
      <Descriptions>
        <Description description="Unique identifier of the object with which the recurring appointment series is associated." languagecode="1033" />
      </Descriptions>
    </RelationshipDescription>
    <field name="regardingobjectid" requiredlevel="none" imemode="auto" lookupstyle="single" lookupbrowse="0" format="regarding">
      <IsSecured>0</IsSecured>
      <DisplayMask>ValidForAdvancedFind|ValidForForm|ValidForGrid</DisplayMask>
      <IsAuditEnabled>0</IsAuditEnabled>
      <displaynames>
        <displayname description="Regarding" languagecode="1033" />
      </displaynames>
    </field>
  </EntityRelationship>
  <EntityRelationship Name="rbsm_project_ServiceAppointments">
    <EntityRelationshipType>OneToMany</EntityRelationshipType>
    <IsCustomizable>1</IsCustomizable>
    <IntroducedVersion>1.0.0.0</IntroducedVersion>
    <ReferencingEntityName>ServiceAppointment</ReferencingEntityName>
    <ReferencedEntityName>rbsm_Project</ReferencedEntityName>
    <CascadeAssign>Cascade</CascadeAssign>
    <CascadeDelete>Cascade</CascadeDelete>
    <CascadeReparent>Cascade</CascadeReparent>
    <CascadeShare>Cascade</CascadeShare>
    <CascadeUnshare>Cascade</CascadeUnshare>
    <ReferencingAttributeName>RegardingObjectId</ReferencingAttributeName>
    <RelationshipDescription>
      <Descriptions>
        <Description description="Unique identifier of the object with which the service activity is associated." languagecode="1033" />
      </Descriptions>
    </RelationshipDescription>
    <field name="regardingobjectid" requiredlevel="none" imemode="auto" lookupstyle="single" lookupbrowse="0" format="regarding">
      <IsSecured>0</IsSecured>
      <DisplayMask>ValidForAdvancedFind|ValidForForm|ValidForGrid</DisplayMask>
      <IsAuditEnabled>0</IsAuditEnabled>
      <displaynames>
        <displayname description="Regarding" languagecode="1033" />
      </displaynames>
    </field>
  </EntityRelationship>
  <EntityRelationship Name="rbsm_project_SocialActivities">
    <EntityRelationshipType>OneToMany</EntityRelationshipType>
    <IsCustomizable>1</IsCustomizable>
    <IntroducedVersion>1.0.0.0</IntroducedVersion>
    <ReferencingEntityName>SocialActivity</ReferencingEntityName>
    <ReferencedEntityName>rbsm_Project</ReferencedEntityName>
    <CascadeAssign>Cascade</CascadeAssign>
    <CascadeDelete>Cascade</CascadeDelete>
    <CascadeReparent>Cascade</CascadeReparent>
    <CascadeShare>Cascade</CascadeShare>
    <CascadeUnshare>Cascade</CascadeUnshare>
    <ReferencingAttributeName>RegardingObjectId</ReferencingAttributeName>
    <RelationshipDescription>
      <Descriptions>
        <Description description="Shows the record that the social activity relates to." languagecode="1033" />
      </Descriptions>
    </RelationshipDescription>
    <field name="regardingobjectid" requiredlevel="none" imemode="auto" lookupstyle="single" lookupbrowse="0" format="regarding">
      <IsSecured>0</IsSecured>
      <DisplayMask>ValidForAdvancedFind|ValidForForm|ValidForGrid|RequiredForForm</DisplayMask>
      <IsAuditEnabled>0</IsAuditEnabled>
      <displaynames>
        <displayname description="Regarding" languagecode="1033" />
      </displaynames>
    </field>
  </EntityRelationship>
  <EntityRelationship Name="rbsm_project_Tasks">
    <EntityRelationshipType>OneToMany</EntityRelationshipType>
    <IsCustomizable>1</IsCustomizable>
    <IntroducedVersion>1.0.0.0</IntroducedVersion>
    <ReferencingEntityName>Task</ReferencingEntityName>
    <ReferencedEntityName>rbsm_Project</ReferencedEntityName>
    <CascadeAssign>Cascade</CascadeAssign>
    <CascadeDelete>Cascade</CascadeDelete>
    <CascadeReparent>Cascade</CascadeReparent>
    <CascadeShare>Cascade</CascadeShare>
    <CascadeUnshare>Cascade</CascadeUnshare>
    <ReferencingAttributeName>RegardingObjectId</ReferencingAttributeName>
    <RelationshipDescription>
      <Descriptions>
        <Description description="Unique identifier of the object with which the task is associated." languagecode="1033" />
      </Descriptions>
    </RelationshipDescription>
    <field name="regardingobjectid" requiredlevel="none" imemode="auto" lookupstyle="single" lookupbrowse="0" format="regarding">
      <IsSecured>0</IsSecured>
      <DisplayMask>ValidForAdvancedFind|ValidForForm|ValidForGrid</DisplayMask>
      <IsAuditEnabled>0</IsAuditEnabled>
      <displaynames>
        <displayname description="Regarding" languagecode="1033" />
      </displaynames>
    </field>
  </EntityRelationship>
  <EntityRelationship Name="rbsm_project_UserEntityInstanceDatas">
    <EntityRelationshipType>OneToMany</EntityRelationshipType>
    <IsCustomizable>1</IsCustomizable>
    <IntroducedVersion>1.0.0.0</IntroducedVersion>
    <ReferencingEntityName>UserEntityInstanceData</ReferencingEntityName>
    <ReferencedEntityName>rbsm_Project</ReferencedEntityName>
    <CascadeAssign>NoCascade</CascadeAssign>
    <CascadeDelete>Cascade</CascadeDelete>
    <CascadeReparent>NoCascade</CascadeReparent>
    <CascadeShare>NoCascade</CascadeShare>
    <CascadeUnshare>NoCascade</CascadeUnshare>
    <ReferencingAttributeName>ObjectId</ReferencingAttributeName>
    <RelationshipDescription>
      <Descriptions>
        <Description description="Unique identifier of the source record." languagecode="1033" />
      </Descriptions>
    </RelationshipDescription>
    <field name="objectid" requiredlevel="systemrequired" imemode="auto" lookupstyle="single" lookupbrowse="0" format="">
      <IsSecured>0</IsSecured>
      <DisplayMask>ValidForAdvancedFind|ValidForForm|ValidForGrid|RequiredForForm</DisplayMask>
      <IsAuditEnabled>1</IsAuditEnabled>
      <displaynames>
        <displayname description="Object Id" languagecode="1033" />
      </displaynames>
    </field>
  </EntityRelationship>
  <EntityRelationship Name="rbsm_rbsm_project_opportunity">
    <EntityRelationshipType>OneToMany</EntityRelationshipType>
    <IsCustomizable>1</IsCustomizable>
    <IntroducedVersion>1.0.0.0</IntroducedVersion>
    <ReferencingEntityName>Opportunity</ReferencingEntityName>
    <ReferencedEntityName>rbsm_Project</ReferencedEntityName>
    <CascadeAssign>NoCascade</CascadeAssign>
    <CascadeDelete>RemoveLink</CascadeDelete>
    <CascadeReparent>NoCascade</CascadeReparent>
    <CascadeShare>NoCascade</CascadeShare>
    <CascadeUnshare>NoCascade</CascadeUnshare>
    <IsValidForAdvancedFind>1</IsValidForAdvancedFind>
    <ReferencingAttributeName>rbsm_ProjectId</ReferencingAttributeName>
    <RelationshipDescription>
      <Descriptions>
        <Description description="Unique identifier for Project associated with Opportunity." languagecode="1033" />
      </Descriptions>
    </RelationshipDescription>
    <field name="rbsm_projectid" requiredlevel="none" imemode="auto" lookupstyle="single" lookupbrowse="0" format="">
      <IsCustomizable>1</IsCustomizable>
      <IsRenameable>1</IsRenameable>
      <CanModifySearchSettings>1</CanModifySearchSettings>
      <CanModifyRequirementLevelSettings>1</CanModifyRequirementLevelSettings>
      <IsSecured>0</IsSecured>
      <DisplayMask>ValidForAdvancedFind|ValidForForm|ValidForGrid</DisplayMask>
      <IsAuditEnabled>1</IsAuditEnabled>
      <displaynames>
        <displayname description="Project" languagecode="1033" />
      </displaynames>
    </field>
    <EntityRelationshipRoles>
      <EntityRelationshipRole>
        <NavPaneDisplayOption>UseCollectionName</NavPaneDisplayOption>
        <NavPaneArea>Details</NavPaneArea>
        <NavPaneOrder>10000</NavPaneOrder>
        <CustomLabels>
          <CustomLabel description="" languagecode="1033" />
        </CustomLabels>
      </EntityRelationshipRole>
    </EntityRelationshipRoles>
  </EntityRelationship>
</EntityRelationships>