﻿<?xml version="1.0" encoding="utf-8"?>
<EntityRelationships>
  <EntityRelationship Name="lk_gap_powerbioptionsetref_createdby">
    <EntityRelationshipType>OneToMany</EntityRelationshipType>
    <IsCustomizable>1</IsCustomizable>
    <IntroducedVersion>1.0</IntroducedVersion>
    <ReferencingEntityName>gap_PowerBIOptionsetRef</ReferencingEntityName>
    <ReferencedEntityName>SystemUser</ReferencedEntityName>
    <CascadeAssign>NoCascade</CascadeAssign>
    <CascadeDelete>NoCascade</CascadeDelete>
    <CascadeReparent>NoCascade</CascadeReparent>
    <CascadeShare>NoCascade</CascadeShare>
    <CascadeUnshare>NoCascade</CascadeUnshare>
    <ReferencingAttributeName>CreatedBy</ReferencingAttributeName>
    <RelationshipDescription>
      <Descriptions>
        <Description description="Unique identifier of the user who created the record." languagecode="1033" />
      </Descriptions>
    </RelationshipDescription>
    <field name="createdby" requiredlevel="none" imemode="auto" lookupstyle="single" lookupbrowse="0" format="">
      <IsCustomizable>1</IsCustomizable>
      <IsRenameable>1</IsRenameable>
      <CanModifySearchSettings>1</CanModifySearchSettings>
      <CanModifyRequirementLevelSettings>1</CanModifyRequirementLevelSettings>
      <IsSecured>0</IsSecured>
      <DisplayMask>ValidForAdvancedFind|ValidForForm|ValidForGrid</DisplayMask>
      <IsAuditEnabled>0</IsAuditEnabled>
      <displaynames>
        <displayname description="Created By" languagecode="1033" />
      </displaynames>
    </field>
  </EntityRelationship>
  <EntityRelationship Name="lk_gap_powerbioptionsetref_modifiedby">
    <EntityRelationshipType>OneToMany</EntityRelationshipType>
    <IsCustomizable>1</IsCustomizable>
    <IntroducedVersion>1.0</IntroducedVersion>
    <ReferencingEntityName>gap_PowerBIOptionsetRef</ReferencingEntityName>
    <ReferencedEntityName>SystemUser</ReferencedEntityName>
    <CascadeAssign>NoCascade</CascadeAssign>
    <CascadeDelete>NoCascade</CascadeDelete>
    <CascadeReparent>NoCascade</CascadeReparent>
    <CascadeShare>NoCascade</CascadeShare>
    <CascadeUnshare>NoCascade</CascadeUnshare>
    <ReferencingAttributeName>ModifiedBy</ReferencingAttributeName>
    <RelationshipDescription>
      <Descriptions>
        <Description description="Unique identifier of the user who modified the record." languagecode="1033" />
      </Descriptions>
    </RelationshipDescription>
    <field name="modifiedby" requiredlevel="none" imemode="auto" lookupstyle="single" lookupbrowse="0" format="">
      <IsCustomizable>1</IsCustomizable>
      <IsRenameable>1</IsRenameable>
      <CanModifySearchSettings>1</CanModifySearchSettings>
      <CanModifyRequirementLevelSettings>1</CanModifyRequirementLevelSettings>
      <IsSecured>0</IsSecured>
      <DisplayMask>ValidForAdvancedFind|ValidForForm|ValidForGrid</DisplayMask>
      <IsAuditEnabled>0</IsAuditEnabled>
      <displaynames>
        <displayname description="Modified By" languagecode="1033" />
      </displaynames>
    </field>
  </EntityRelationship>
  <EntityRelationship Name="lk_msdyn_postalbum_createdby">
    <EntityRelationshipType>OneToMany</EntityRelationshipType>
    <IsCustomizable>1</IsCustomizable>
    <IntroducedVersion>1.0.5.418</IntroducedVersion>
    <ReferencingEntityName>msdyn_PostAlbum</ReferencingEntityName>
    <ReferencedEntityName>SystemUser</ReferencedEntityName>
    <CascadeAssign>NoCascade</CascadeAssign>
    <CascadeDelete>NoCascade</CascadeDelete>
    <CascadeReparent>NoCascade</CascadeReparent>
    <CascadeShare>NoCascade</CascadeShare>
    <CascadeUnshare>NoCascade</CascadeUnshare>
    <ReferencingAttributeName>CreatedBy</ReferencingAttributeName>
    <RelationshipDescription>
      <Descriptions>
        <Description description="Unique identifier of the user who created the record." languagecode="1033" />
      </Descriptions>
    </RelationshipDescription>
    <field name="createdby" requiredlevel="none" imemode="auto" lookupstyle="single" lookupbrowse="0" format="">
      <IsCustomizable>1</IsCustomizable>
      <IsRenameable>1</IsRenameable>
      <CanModifySearchSettings>1</CanModifySearchSettings>
      <CanModifyRequirementLevelSettings>1</CanModifyRequirementLevelSettings>
      <IsSecured>0</IsSecured>
      <DisplayMask>ValidForAdvancedFind|ValidForForm|ValidForGrid</DisplayMask>
      <IsAuditEnabled>0</IsAuditEnabled>
      <displaynames>
        <displayname description="Created By" languagecode="1033" />
      </displaynames>
    </field>
  </EntityRelationship>
  <EntityRelationship Name="lk_msdyn_postalbum_modifiedby">
    <EntityRelationshipType>OneToMany</EntityRelationshipType>
    <IsCustomizable>1</IsCustomizable>
    <IntroducedVersion>1.0.5.418</IntroducedVersion>
    <ReferencingEntityName>msdyn_PostAlbum</ReferencingEntityName>
    <ReferencedEntityName>SystemUser</ReferencedEntityName>
    <CascadeAssign>NoCascade</CascadeAssign>
    <CascadeDelete>NoCascade</CascadeDelete>
    <CascadeReparent>NoCascade</CascadeReparent>
    <CascadeShare>NoCascade</CascadeShare>
    <CascadeUnshare>NoCascade</CascadeUnshare>
    <ReferencingAttributeName>ModifiedBy</ReferencingAttributeName>
    <RelationshipDescription>
      <Descriptions>
        <Description description="Unique identifier of the user who modified the record." languagecode="1033" />
      </Descriptions>
    </RelationshipDescription>
    <field name="modifiedby" requiredlevel="none" imemode="auto" lookupstyle="single" lookupbrowse="0" format="">
      <IsCustomizable>1</IsCustomizable>
      <IsRenameable>1</IsRenameable>
      <CanModifySearchSettings>1</CanModifySearchSettings>
      <CanModifyRequirementLevelSettings>1</CanModifyRequirementLevelSettings>
      <IsSecured>0</IsSecured>
      <DisplayMask>ValidForAdvancedFind|ValidForForm|ValidForGrid</DisplayMask>
      <IsAuditEnabled>0</IsAuditEnabled>
      <displaynames>
        <displayname description="Modified By" languagecode="1033" />
      </displaynames>
    </field>
  </EntityRelationship>
  <EntityRelationship Name="lk_msdyn_postconfig_createdby">
    <EntityRelationshipType>OneToMany</EntityRelationshipType>
    <IsCustomizable>1</IsCustomizable>
    <IntroducedVersion>1.0.5.418</IntroducedVersion>
    <ReferencingEntityName>msdyn_PostConfig</ReferencingEntityName>
    <ReferencedEntityName>SystemUser</ReferencedEntityName>
    <CascadeAssign>NoCascade</CascadeAssign>
    <CascadeDelete>NoCascade</CascadeDelete>
    <CascadeReparent>NoCascade</CascadeReparent>
    <CascadeShare>NoCascade</CascadeShare>
    <CascadeUnshare>NoCascade</CascadeUnshare>
    <ReferencingAttributeName>CreatedBy</ReferencingAttributeName>
    <RelationshipDescription>
      <Descriptions>
        <Description description="Unique identifier of the user who created the record." languagecode="1033" />
      </Descriptions>
    </RelationshipDescription>
    <field name="createdby" requiredlevel="none" imemode="auto" lookupstyle="single" lookupbrowse="0" format="">
      <IsCustomizable>1</IsCustomizable>
      <IsRenameable>1</IsRenameable>
      <CanModifySearchSettings>1</CanModifySearchSettings>
      <CanModifyRequirementLevelSettings>1</CanModifyRequirementLevelSettings>
      <IsSecured>0</IsSecured>
      <DisplayMask>ValidForAdvancedFind|ValidForForm|ValidForGrid</DisplayMask>
      <IsAuditEnabled>0</IsAuditEnabled>
      <displaynames>
        <displayname description="Created By" languagecode="1033" />
      </displaynames>
    </field>
  </EntityRelationship>
  <EntityRelationship Name="lk_msdyn_postconfig_modifiedby">
    <EntityRelationshipType>OneToMany</EntityRelationshipType>
    <IsCustomizable>1</IsCustomizable>
    <IntroducedVersion>1.0.5.418</IntroducedVersion>
    <ReferencingEntityName>msdyn_PostConfig</ReferencingEntityName>
    <ReferencedEntityName>SystemUser</ReferencedEntityName>
    <CascadeAssign>NoCascade</CascadeAssign>
    <CascadeDelete>NoCascade</CascadeDelete>
    <CascadeReparent>NoCascade</CascadeReparent>
    <CascadeShare>NoCascade</CascadeShare>
    <CascadeUnshare>NoCascade</CascadeUnshare>
    <ReferencingAttributeName>ModifiedBy</ReferencingAttributeName>
    <RelationshipDescription>
      <Descriptions>
        <Description description="Unique identifier of the user who modified the record." languagecode="1033" />
      </Descriptions>
    </RelationshipDescription>
    <field name="modifiedby" requiredlevel="none" imemode="auto" lookupstyle="single" lookupbrowse="0" format="">
      <IsCustomizable>1</IsCustomizable>
      <IsRenameable>1</IsRenameable>
      <CanModifySearchSettings>1</CanModifySearchSettings>
      <CanModifyRequirementLevelSettings>1</CanModifyRequirementLevelSettings>
      <IsSecured>0</IsSecured>
      <DisplayMask>ValidForAdvancedFind|ValidForForm|ValidForGrid</DisplayMask>
      <IsAuditEnabled>0</IsAuditEnabled>
      <displaynames>
        <displayname description="Modified By" languagecode="1033" />
      </displaynames>
    </field>
  </EntityRelationship>
  <EntityRelationship Name="lk_msdyn_postruleconfig_createdby">
    <EntityRelationshipType>OneToMany</EntityRelationshipType>
    <IsCustomizable>1</IsCustomizable>
    <IntroducedVersion>1.0.5.418</IntroducedVersion>
    <ReferencingEntityName>msdyn_PostRuleConfig</ReferencingEntityName>
    <ReferencedEntityName>SystemUser</ReferencedEntityName>
    <CascadeAssign>NoCascade</CascadeAssign>
    <CascadeDelete>NoCascade</CascadeDelete>
    <CascadeReparent>NoCascade</CascadeReparent>
    <CascadeShare>NoCascade</CascadeShare>
    <CascadeUnshare>NoCascade</CascadeUnshare>
    <ReferencingAttributeName>CreatedBy</ReferencingAttributeName>
    <RelationshipDescription>
      <Descriptions>
        <Description description="Unique identifier of the user who created the record." languagecode="1033" />
      </Descriptions>
    </RelationshipDescription>
    <field name="createdby" requiredlevel="none" imemode="auto" lookupstyle="single" lookupbrowse="0" format="">
      <IsCustomizable>1</IsCustomizable>
      <IsRenameable>1</IsRenameable>
      <CanModifySearchSettings>1</CanModifySearchSettings>
      <CanModifyRequirementLevelSettings>1</CanModifyRequirementLevelSettings>
      <IsSecured>0</IsSecured>
      <DisplayMask>ValidForAdvancedFind|ValidForForm|ValidForGrid</DisplayMask>
      <IsAuditEnabled>0</IsAuditEnabled>
      <displaynames>
        <displayname description="Created By" languagecode="1033" />
      </displaynames>
    </field>
  </EntityRelationship>
  <EntityRelationship Name="lk_msdyn_postruleconfig_modifiedby">
    <EntityRelationshipType>OneToMany</EntityRelationshipType>
    <IsCustomizable>1</IsCustomizable>
    <IntroducedVersion>1.0.5.418</IntroducedVersion>
    <ReferencingEntityName>msdyn_PostRuleConfig</ReferencingEntityName>
    <ReferencedEntityName>SystemUser</ReferencedEntityName>
    <CascadeAssign>NoCascade</CascadeAssign>
    <CascadeDelete>NoCascade</CascadeDelete>
    <CascadeReparent>NoCascade</CascadeReparent>
    <CascadeShare>NoCascade</CascadeShare>
    <CascadeUnshare>NoCascade</CascadeUnshare>
    <ReferencingAttributeName>ModifiedBy</ReferencingAttributeName>
    <RelationshipDescription>
      <Descriptions>
        <Description description="Unique identifier of the user who modified the record." languagecode="1033" />
      </Descriptions>
    </RelationshipDescription>
    <field name="modifiedby" requiredlevel="none" imemode="auto" lookupstyle="single" lookupbrowse="0" format="">
      <IsCustomizable>1</IsCustomizable>
      <IsRenameable>1</IsRenameable>
      <CanModifySearchSettings>1</CanModifySearchSettings>
      <CanModifyRequirementLevelSettings>1</CanModifyRequirementLevelSettings>
      <IsSecured>0</IsSecured>
      <DisplayMask>ValidForAdvancedFind|ValidForForm|ValidForGrid</DisplayMask>
      <IsAuditEnabled>0</IsAuditEnabled>
      <displaynames>
        <displayname description="Modified By" languagecode="1033" />
      </displaynames>
    </field>
  </EntityRelationship>
  <EntityRelationship Name="lk_msdyn_wallsavedquery_createdby">
    <EntityRelationshipType>OneToMany</EntityRelationshipType>
    <IsCustomizable>1</IsCustomizable>
    <IntroducedVersion>1.0.5.418</IntroducedVersion>
    <ReferencingEntityName>msdyn_wallsavedquery</ReferencingEntityName>
    <ReferencedEntityName>SystemUser</ReferencedEntityName>
    <CascadeAssign>NoCascade</CascadeAssign>
    <CascadeDelete>NoCascade</CascadeDelete>
    <CascadeReparent>NoCascade</CascadeReparent>
    <CascadeShare>NoCascade</CascadeShare>
    <CascadeUnshare>NoCascade</CascadeUnshare>
    <ReferencingAttributeName>CreatedBy</ReferencingAttributeName>
    <RelationshipDescription>
      <Descriptions>
        <Description description="Unique identifier of the user who created the record." languagecode="1033" />
      </Descriptions>
    </RelationshipDescription>
    <field name="createdby" requiredlevel="none" imemode="auto" lookupstyle="single" lookupbrowse="0" format="">
      <IsCustomizable>1</IsCustomizable>
      <IsRenameable>1</IsRenameable>
      <CanModifySearchSettings>1</CanModifySearchSettings>
      <CanModifyRequirementLevelSettings>1</CanModifyRequirementLevelSettings>
      <IsSecured>0</IsSecured>
      <DisplayMask>ValidForAdvancedFind|ValidForForm|ValidForGrid</DisplayMask>
      <IsAuditEnabled>0</IsAuditEnabled>
      <displaynames>
        <displayname description="Created By" languagecode="1033" />
      </displaynames>
    </field>
  </EntityRelationship>
  <EntityRelationship Name="lk_msdyn_wallsavedquery_modifiedby">
    <EntityRelationshipType>OneToMany</EntityRelationshipType>
    <IsCustomizable>1</IsCustomizable>
    <IntroducedVersion>1.0.5.418</IntroducedVersion>
    <ReferencingEntityName>msdyn_wallsavedquery</ReferencingEntityName>
    <ReferencedEntityName>SystemUser</ReferencedEntityName>
    <CascadeAssign>NoCascade</CascadeAssign>
    <CascadeDelete>NoCascade</CascadeDelete>
    <CascadeReparent>NoCascade</CascadeReparent>
    <CascadeShare>NoCascade</CascadeShare>
    <CascadeUnshare>NoCascade</CascadeUnshare>
    <ReferencingAttributeName>ModifiedBy</ReferencingAttributeName>
    <RelationshipDescription>
      <Descriptions>
        <Description description="Unique identifier of the user who modified the record." languagecode="1033" />
      </Descriptions>
    </RelationshipDescription>
    <field name="modifiedby" requiredlevel="none" imemode="auto" lookupstyle="single" lookupbrowse="0" format="">
      <IsCustomizable>1</IsCustomizable>
      <IsRenameable>1</IsRenameable>
      <CanModifySearchSettings>1</CanModifySearchSettings>
      <CanModifyRequirementLevelSettings>1</CanModifyRequirementLevelSettings>
      <IsSecured>0</IsSecured>
      <DisplayMask>ValidForAdvancedFind|ValidForForm|ValidForGrid</DisplayMask>
      <IsAuditEnabled>0</IsAuditEnabled>
      <displaynames>
        <displayname description="Modified By" languagecode="1033" />
      </displaynames>
    </field>
  </EntityRelationship>
  <EntityRelationship Name="lk_msdyn_wallsavedqueryusersettings_createdby">
    <EntityRelationshipType>OneToMany</EntityRelationshipType>
    <IsCustomizable>1</IsCustomizable>
    <IntroducedVersion>1.0.5.418</IntroducedVersion>
    <ReferencingEntityName>msdyn_wallsavedqueryusersettings</ReferencingEntityName>
    <ReferencedEntityName>SystemUser</ReferencedEntityName>
    <CascadeAssign>NoCascade</CascadeAssign>
    <CascadeDelete>NoCascade</CascadeDelete>
    <CascadeReparent>NoCascade</CascadeReparent>
    <CascadeShare>NoCascade</CascadeShare>
    <CascadeUnshare>NoCascade</CascadeUnshare>
    <ReferencingAttributeName>CreatedBy</ReferencingAttributeName>
    <RelationshipDescription>
      <Descriptions>
        <Description description="Unique identifier of the user who created the record." languagecode="1033" />
      </Descriptions>
    </RelationshipDescription>
    <field name="createdby" requiredlevel="none" imemode="auto" lookupstyle="single" lookupbrowse="0" format="">
      <IsCustomizable>1</IsCustomizable>
      <IsRenameable>1</IsRenameable>
      <CanModifySearchSettings>1</CanModifySearchSettings>
      <CanModifyRequirementLevelSettings>1</CanModifyRequirementLevelSettings>
      <IsSecured>0</IsSecured>
      <DisplayMask>ValidForAdvancedFind|ValidForForm|ValidForGrid</DisplayMask>
      <IsAuditEnabled>0</IsAuditEnabled>
      <displaynames>
        <displayname description="Created By" languagecode="1033" />
      </displaynames>
    </field>
  </EntityRelationship>
  <EntityRelationship Name="lk_msdyn_wallsavedqueryusersettings_modifiedby">
    <EntityRelationshipType>OneToMany</EntityRelationshipType>
    <IsCustomizable>1</IsCustomizable>
    <IntroducedVersion>1.0.5.418</IntroducedVersion>
    <ReferencingEntityName>msdyn_wallsavedqueryusersettings</ReferencingEntityName>
    <ReferencedEntityName>SystemUser</ReferencedEntityName>
    <CascadeAssign>NoCascade</CascadeAssign>
    <CascadeDelete>NoCascade</CascadeDelete>
    <CascadeReparent>NoCascade</CascadeReparent>
    <CascadeShare>NoCascade</CascadeShare>
    <CascadeUnshare>NoCascade</CascadeUnshare>
    <ReferencingAttributeName>ModifiedBy</ReferencingAttributeName>
    <RelationshipDescription>
      <Descriptions>
        <Description description="Unique identifier of the user who modified the record." languagecode="1033" />
      </Descriptions>
    </RelationshipDescription>
    <field name="modifiedby" requiredlevel="none" imemode="auto" lookupstyle="single" lookupbrowse="0" format="">
      <IsCustomizable>1</IsCustomizable>
      <IsRenameable>1</IsRenameable>
      <CanModifySearchSettings>1</CanModifySearchSettings>
      <CanModifyRequirementLevelSettings>1</CanModifyRequirementLevelSettings>
      <IsSecured>0</IsSecured>
      <DisplayMask>ValidForAdvancedFind|ValidForForm|ValidForGrid</DisplayMask>
      <IsAuditEnabled>0</IsAuditEnabled>
      <displaynames>
        <displayname description="Modified By" languagecode="1033" />
      </displaynames>
    </field>
  </EntityRelationship>
  <EntityRelationship Name="lk_rbsm_businessbenefit_createdby">
    <EntityRelationshipType>OneToMany</EntityRelationshipType>
    <IsCustomizable>1</IsCustomizable>
    <IntroducedVersion>1.0.0.0</IntroducedVersion>
    <ReferencingEntityName>rbsm_businessbenefit</ReferencingEntityName>
    <ReferencedEntityName>SystemUser</ReferencedEntityName>
    <CascadeAssign>NoCascade</CascadeAssign>
    <CascadeDelete>NoCascade</CascadeDelete>
    <CascadeReparent>NoCascade</CascadeReparent>
    <CascadeShare>NoCascade</CascadeShare>
    <CascadeUnshare>NoCascade</CascadeUnshare>
    <ReferencingAttributeName>CreatedBy</ReferencingAttributeName>
    <RelationshipDescription>
      <Descriptions>
        <Description description="Unique identifier of the user who created the record." languagecode="1033" />
      </Descriptions>
    </RelationshipDescription>
    <field name="createdby" requiredlevel="none" imemode="auto" lookupstyle="single" lookupbrowse="0" format="">
      <IsCustomizable>1</IsCustomizable>
      <IsRenameable>1</IsRenameable>
      <CanModifySearchSettings>1</CanModifySearchSettings>
      <CanModifyRequirementLevelSettings>1</CanModifyRequirementLevelSettings>
      <IsSecured>0</IsSecured>
      <DisplayMask>ValidForAdvancedFind|ValidForForm|ValidForGrid</DisplayMask>
      <IsAuditEnabled>0</IsAuditEnabled>
      <displaynames>
        <displayname description="Created By" languagecode="1033" />
      </displaynames>
    </field>
  </EntityRelationship>
  <EntityRelationship Name="lk_rbsm_businessbenefit_modifiedby">
    <EntityRelationshipType>OneToMany</EntityRelationshipType>
    <IsCustomizable>1</IsCustomizable>
    <IntroducedVersion>1.0.0.0</IntroducedVersion>
    <ReferencingEntityName>rbsm_businessbenefit</ReferencingEntityName>
    <ReferencedEntityName>SystemUser</ReferencedEntityName>
    <CascadeAssign>NoCascade</CascadeAssign>
    <CascadeDelete>NoCascade</CascadeDelete>
    <CascadeReparent>NoCascade</CascadeReparent>
    <CascadeShare>NoCascade</CascadeShare>
    <CascadeUnshare>NoCascade</CascadeUnshare>
    <ReferencingAttributeName>ModifiedBy</ReferencingAttributeName>
    <RelationshipDescription>
      <Descriptions>
        <Description description="Unique identifier of the user who modified the record." languagecode="1033" />
      </Descriptions>
    </RelationshipDescription>
    <field name="modifiedby" requiredlevel="none" imemode="auto" lookupstyle="single" lookupbrowse="0" format="">
      <IsCustomizable>1</IsCustomizable>
      <IsRenameable>1</IsRenameable>
      <CanModifySearchSettings>1</CanModifySearchSettings>
      <CanModifyRequirementLevelSettings>1</CanModifyRequirementLevelSettings>
      <IsSecured>0</IsSecured>
      <DisplayMask>ValidForAdvancedFind|ValidForForm|ValidForGrid</DisplayMask>
      <IsAuditEnabled>0</IsAuditEnabled>
      <displaynames>
        <displayname description="Modified By" languagecode="1033" />
      </displaynames>
    </field>
  </EntityRelationship>
  <EntityRelationship Name="lk_rbsm_ceoactivity_createdby">
    <EntityRelationshipType>OneToMany</EntityRelationshipType>
    <IsCustomizable>1</IsCustomizable>
    <IntroducedVersion>1.0.0.0</IntroducedVersion>
    <ReferencingEntityName>rbsm_ceoactivity</ReferencingEntityName>
    <ReferencedEntityName>SystemUser</ReferencedEntityName>
    <CascadeAssign>NoCascade</CascadeAssign>
    <CascadeDelete>NoCascade</CascadeDelete>
    <CascadeReparent>NoCascade</CascadeReparent>
    <CascadeShare>NoCascade</CascadeShare>
    <CascadeUnshare>NoCascade</CascadeUnshare>
    <ReferencingAttributeName>CreatedBy</ReferencingAttributeName>
    <RelationshipDescription>
      <Descriptions>
        <Description description="Unique identifier of the user who created the record." languagecode="1033" />
      </Descriptions>
    </RelationshipDescription>
    <field name="createdby" requiredlevel="none" imemode="auto" lookupstyle="single" lookupbrowse="0" format="">
      <IsCustomizable>1</IsCustomizable>
      <IsRenameable>1</IsRenameable>
      <CanModifySearchSettings>1</CanModifySearchSettings>
      <CanModifyRequirementLevelSettings>1</CanModifyRequirementLevelSettings>
      <IsSecured>0</IsSecured>
      <DisplayMask>ValidForAdvancedFind|ValidForForm|ValidForGrid</DisplayMask>
      <IsAuditEnabled>0</IsAuditEnabled>
      <displaynames>
        <displayname description="Created By" languagecode="1033" />
      </displaynames>
    </field>
  </EntityRelationship>
  <EntityRelationship Name="lk_rbsm_ceoactivity_modifiedby">
    <EntityRelationshipType>OneToMany</EntityRelationshipType>
    <IsCustomizable>1</IsCustomizable>
    <IntroducedVersion>1.0.0.0</IntroducedVersion>
    <ReferencingEntityName>rbsm_ceoactivity</ReferencingEntityName>
    <ReferencedEntityName>SystemUser</ReferencedEntityName>
    <CascadeAssign>NoCascade</CascadeAssign>
    <CascadeDelete>NoCascade</CascadeDelete>
    <CascadeReparent>NoCascade</CascadeReparent>
    <CascadeShare>NoCascade</CascadeShare>
    <CascadeUnshare>NoCascade</CascadeUnshare>
    <ReferencingAttributeName>ModifiedBy</ReferencingAttributeName>
    <RelationshipDescription>
      <Descriptions>
        <Description description="Unique identifier of the user who modified the record." languagecode="1033" />
      </Descriptions>
    </RelationshipDescription>
    <field name="modifiedby" requiredlevel="none" imemode="auto" lookupstyle="single" lookupbrowse="0" format="">
      <IsCustomizable>1</IsCustomizable>
      <IsRenameable>1</IsRenameable>
      <CanModifySearchSettings>1</CanModifySearchSettings>
      <CanModifyRequirementLevelSettings>1</CanModifyRequirementLevelSettings>
      <IsSecured>0</IsSecured>
      <DisplayMask>ValidForAdvancedFind|ValidForForm|ValidForGrid</DisplayMask>
      <IsAuditEnabled>0</IsAuditEnabled>
      <displaynames>
        <displayname description="Modified By" languagecode="1033" />
      </displaynames>
    </field>
  </EntityRelationship>
  <EntityRelationship Name="lk_rbsm_ceoactivitycontact_createdby">
    <EntityRelationshipType>OneToMany</EntityRelationshipType>
    <IsCustomizable>1</IsCustomizable>
    <IntroducedVersion>1.0.0.0</IntroducedVersion>
    <ReferencingEntityName>rbsm_ceoactivitycontact</ReferencingEntityName>
    <ReferencedEntityName>SystemUser</ReferencedEntityName>
    <CascadeAssign>NoCascade</CascadeAssign>
    <CascadeDelete>NoCascade</CascadeDelete>
    <CascadeReparent>NoCascade</CascadeReparent>
    <CascadeShare>NoCascade</CascadeShare>
    <CascadeUnshare>NoCascade</CascadeUnshare>
    <ReferencingAttributeName>CreatedBy</ReferencingAttributeName>
    <RelationshipDescription>
      <Descriptions>
        <Description description="Unique identifier of the user who created the record." languagecode="1033" />
      </Descriptions>
    </RelationshipDescription>
    <field name="createdby" requiredlevel="none" imemode="auto" lookupstyle="single" lookupbrowse="0" format="">
      <IsCustomizable>1</IsCustomizable>
      <IsRenameable>1</IsRenameable>
      <CanModifySearchSettings>1</CanModifySearchSettings>
      <CanModifyRequirementLevelSettings>1</CanModifyRequirementLevelSettings>
      <IsSecured>0</IsSecured>
      <DisplayMask>ValidForAdvancedFind|ValidForForm|ValidForGrid</DisplayMask>
      <IsAuditEnabled>0</IsAuditEnabled>
      <displaynames>
        <displayname description="Created By" languagecode="1033" />
      </displaynames>
    </field>
  </EntityRelationship>
  <EntityRelationship Name="lk_rbsm_ceoactivitycontact_modifiedby">
    <EntityRelationshipType>OneToMany</EntityRelationshipType>
    <IsCustomizable>1</IsCustomizable>
    <IntroducedVersion>1.0.0.0</IntroducedVersion>
    <ReferencingEntityName>rbsm_ceoactivitycontact</ReferencingEntityName>
    <ReferencedEntityName>SystemUser</ReferencedEntityName>
    <CascadeAssign>NoCascade</CascadeAssign>
    <CascadeDelete>NoCascade</CascadeDelete>
    <CascadeReparent>NoCascade</CascadeReparent>
    <CascadeShare>NoCascade</CascadeShare>
    <CascadeUnshare>NoCascade</CascadeUnshare>
    <ReferencingAttributeName>ModifiedBy</ReferencingAttributeName>
    <RelationshipDescription>
      <Descriptions>
        <Description description="Unique identifier of the user who modified the record." languagecode="1033" />
      </Descriptions>
    </RelationshipDescription>
    <field name="modifiedby" requiredlevel="none" imemode="auto" lookupstyle="single" lookupbrowse="0" format="">
      <IsCustomizable>1</IsCustomizable>
      <IsRenameable>1</IsRenameable>
      <CanModifySearchSettings>1</CanModifySearchSettings>
      <CanModifyRequirementLevelSettings>1</CanModifyRequirementLevelSettings>
      <IsSecured>0</IsSecured>
      <DisplayMask>ValidForAdvancedFind|ValidForForm|ValidForGrid</DisplayMask>
      <IsAuditEnabled>0</IsAuditEnabled>
      <displaynames>
        <displayname description="Modified By" languagecode="1033" />
      </displaynames>
    </field>
  </EntityRelationship>
  <EntityRelationship Name="lk_rbsm_customerceoactivityconnection_createdby">
    <EntityRelationshipType>OneToMany</EntityRelationshipType>
    <IsCustomizable>1</IsCustomizable>
    <IntroducedVersion>1.0.0.0</IntroducedVersion>
    <ReferencingEntityName>rbsm_customerceoactivityconnection</ReferencingEntityName>
    <ReferencedEntityName>SystemUser</ReferencedEntityName>
    <CascadeAssign>NoCascade</CascadeAssign>
    <CascadeDelete>NoCascade</CascadeDelete>
    <CascadeReparent>NoCascade</CascadeReparent>
    <CascadeShare>NoCascade</CascadeShare>
    <CascadeUnshare>NoCascade</CascadeUnshare>
    <ReferencingAttributeName>CreatedBy</ReferencingAttributeName>
    <RelationshipDescription>
      <Descriptions>
        <Description description="Unique identifier of the user who created the record." languagecode="1033" />
      </Descriptions>
    </RelationshipDescription>
    <field name="createdby" requiredlevel="none" imemode="auto" lookupstyle="single" lookupbrowse="0" format="">
      <IsCustomizable>1</IsCustomizable>
      <IsRenameable>1</IsRenameable>
      <CanModifySearchSettings>1</CanModifySearchSettings>
      <CanModifyRequirementLevelSettings>1</CanModifyRequirementLevelSettings>
      <IsSecured>0</IsSecured>
      <DisplayMask>ValidForAdvancedFind|ValidForForm|ValidForGrid</DisplayMask>
      <IsAuditEnabled>0</IsAuditEnabled>
      <displaynames>
        <displayname description="Created By" languagecode="1033" />
      </displaynames>
    </field>
  </EntityRelationship>
  <EntityRelationship Name="lk_rbsm_customerceoactivityconnection_modifiedby">
    <EntityRelationshipType>OneToMany</EntityRelationshipType>
    <IsCustomizable>1</IsCustomizable>
    <IntroducedVersion>1.0.0.0</IntroducedVersion>
    <ReferencingEntityName>rbsm_customerceoactivityconnection</ReferencingEntityName>
    <ReferencedEntityName>SystemUser</ReferencedEntityName>
    <CascadeAssign>NoCascade</CascadeAssign>
    <CascadeDelete>NoCascade</CascadeDelete>
    <CascadeReparent>NoCascade</CascadeReparent>
    <CascadeShare>NoCascade</CascadeShare>
    <CascadeUnshare>NoCascade</CascadeUnshare>
    <ReferencingAttributeName>ModifiedBy</ReferencingAttributeName>
    <RelationshipDescription>
      <Descriptions>
        <Description description="Unique identifier of the user who modified the record." languagecode="1033" />
      </Descriptions>
    </RelationshipDescription>
    <field name="modifiedby" requiredlevel="none" imemode="auto" lookupstyle="single" lookupbrowse="0" format="">
      <IsCustomizable>1</IsCustomizable>
      <IsRenameable>1</IsRenameable>
      <CanModifySearchSettings>1</CanModifySearchSettings>
      <CanModifyRequirementLevelSettings>1</CanModifyRequirementLevelSettings>
      <IsSecured>0</IsSecured>
      <DisplayMask>ValidForAdvancedFind|ValidForForm|ValidForGrid</DisplayMask>
      <IsAuditEnabled>0</IsAuditEnabled>
      <displaynames>
        <displayname description="Modified By" languagecode="1033" />
      </displaynames>
    </field>
  </EntityRelationship>
  <EntityRelationship Name="lk_rbsm_opportunitypackage_createdby">
    <EntityRelationshipType>OneToMany</EntityRelationshipType>
    <IsCustomizable>1</IsCustomizable>
    <IntroducedVersion>1.0.0.0</IntroducedVersion>
    <ReferencingEntityName>rbsm_opportunitypackage</ReferencingEntityName>
    <ReferencedEntityName>SystemUser</ReferencedEntityName>
    <CascadeAssign>NoCascade</CascadeAssign>
    <CascadeDelete>NoCascade</CascadeDelete>
    <CascadeReparent>NoCascade</CascadeReparent>
    <CascadeShare>NoCascade</CascadeShare>
    <CascadeUnshare>NoCascade</CascadeUnshare>
    <ReferencingAttributeName>CreatedBy</ReferencingAttributeName>
    <RelationshipDescription>
      <Descriptions>
        <Description description="Unique identifier of the user who created the record." languagecode="1033" />
      </Descriptions>
    </RelationshipDescription>
    <field name="createdby" requiredlevel="none" imemode="auto" lookupstyle="single" lookupbrowse="0" format="">
      <IsCustomizable>1</IsCustomizable>
      <IsRenameable>1</IsRenameable>
      <CanModifySearchSettings>1</CanModifySearchSettings>
      <CanModifyRequirementLevelSettings>1</CanModifyRequirementLevelSettings>
      <IsSecured>0</IsSecured>
      <DisplayMask>ValidForAdvancedFind|ValidForForm|ValidForGrid</DisplayMask>
      <IsAuditEnabled>0</IsAuditEnabled>
      <displaynames>
        <displayname description="Created By" languagecode="1033" />
      </displaynames>
    </field>
  </EntityRelationship>
  <EntityRelationship Name="lk_rbsm_opportunitypackage_modifiedby">
    <EntityRelationshipType>OneToMany</EntityRelationshipType>
    <IsCustomizable>1</IsCustomizable>
    <IntroducedVersion>1.0.0.0</IntroducedVersion>
    <ReferencingEntityName>rbsm_opportunitypackage</ReferencingEntityName>
    <ReferencedEntityName>SystemUser</ReferencedEntityName>
    <CascadeAssign>NoCascade</CascadeAssign>
    <CascadeDelete>NoCascade</CascadeDelete>
    <CascadeReparent>NoCascade</CascadeReparent>
    <CascadeShare>NoCascade</CascadeShare>
    <CascadeUnshare>NoCascade</CascadeUnshare>
    <ReferencingAttributeName>ModifiedBy</ReferencingAttributeName>
    <RelationshipDescription>
      <Descriptions>
        <Description description="Unique identifier of the user who modified the record." languagecode="1033" />
      </Descriptions>
    </RelationshipDescription>
    <field name="modifiedby" requiredlevel="none" imemode="auto" lookupstyle="single" lookupbrowse="0" format="">
      <IsCustomizable>1</IsCustomizable>
      <IsRenameable>1</IsRenameable>
      <CanModifySearchSettings>1</CanModifySearchSettings>
      <CanModifyRequirementLevelSettings>1</CanModifyRequirementLevelSettings>
      <IsSecured>0</IsSecured>
      <DisplayMask>ValidForAdvancedFind|ValidForForm|ValidForGrid</DisplayMask>
      <IsAuditEnabled>0</IsAuditEnabled>
      <displaynames>
        <displayname description="Modified By" languagecode="1033" />
      </displaynames>
    </field>
  </EntityRelationship>
  <EntityRelationship Name="lk_rbsm_opportunityservicecatalogconnection_createdby">
    <EntityRelationshipType>OneToMany</EntityRelationshipType>
    <IsCustomizable>1</IsCustomizable>
    <IntroducedVersion>1.0.0.0</IntroducedVersion>
    <ReferencingEntityName>rbsm_opportunityservicecatalogconnection</ReferencingEntityName>
    <ReferencedEntityName>SystemUser</ReferencedEntityName>
    <CascadeAssign>NoCascade</CascadeAssign>
    <CascadeDelete>NoCascade</CascadeDelete>
    <CascadeReparent>NoCascade</CascadeReparent>
    <CascadeShare>NoCascade</CascadeShare>
    <CascadeUnshare>NoCascade</CascadeUnshare>
    <ReferencingAttributeName>CreatedBy</ReferencingAttributeName>
    <RelationshipDescription>
      <Descriptions>
        <Description description="Unique identifier of the user who created the record." languagecode="1033" />
      </Descriptions>
    </RelationshipDescription>
    <field name="createdby" requiredlevel="none" imemode="auto" lookupstyle="single" lookupbrowse="0" format="">
      <IsCustomizable>1</IsCustomizable>
      <IsRenameable>1</IsRenameable>
      <CanModifySearchSettings>1</CanModifySearchSettings>
      <CanModifyRequirementLevelSettings>1</CanModifyRequirementLevelSettings>
      <IsSecured>0</IsSecured>
      <DisplayMask>ValidForAdvancedFind|ValidForForm|ValidForGrid</DisplayMask>
      <IsAuditEnabled>0</IsAuditEnabled>
      <displaynames>
        <displayname description="Created By" languagecode="1033" />
      </displaynames>
    </field>
  </EntityRelationship>
  <EntityRelationship Name="lk_rbsm_opportunityservicecatalogconnection_modifiedby">
    <EntityRelationshipType>OneToMany</EntityRelationshipType>
    <IsCustomizable>1</IsCustomizable>
    <IntroducedVersion>1.0.0.0</IntroducedVersion>
    <ReferencingEntityName>rbsm_opportunityservicecatalogconnection</ReferencingEntityName>
    <ReferencedEntityName>SystemUser</ReferencedEntityName>
    <CascadeAssign>NoCascade</CascadeAssign>
    <CascadeDelete>NoCascade</CascadeDelete>
    <CascadeReparent>NoCascade</CascadeReparent>
    <CascadeShare>NoCascade</CascadeShare>
    <CascadeUnshare>NoCascade</CascadeUnshare>
    <ReferencingAttributeName>ModifiedBy</ReferencingAttributeName>
    <RelationshipDescription>
      <Descriptions>
        <Description description="Unique identifier of the user who modified the record." languagecode="1033" />
      </Descriptions>
    </RelationshipDescription>
    <field name="modifiedby" requiredlevel="none" imemode="auto" lookupstyle="single" lookupbrowse="0" format="">
      <IsCustomizable>1</IsCustomizable>
      <IsRenameable>1</IsRenameable>
      <CanModifySearchSettings>1</CanModifySearchSettings>
      <CanModifyRequirementLevelSettings>1</CanModifyRequirementLevelSettings>
      <IsSecured>0</IsSecured>
      <DisplayMask>ValidForAdvancedFind|ValidForForm|ValidForGrid</DisplayMask>
      <IsAuditEnabled>0</IsAuditEnabled>
      <displaynames>
        <displayname description="Modified By" languagecode="1033" />
      </displaynames>
    </field>
  </EntityRelationship>
  <EntityRelationship Name="lk_rbsm_productmetrics_createdby">
    <EntityRelationshipType>OneToMany</EntityRelationshipType>
    <IsCustomizable>1</IsCustomizable>
    <IntroducedVersion>1.0.0.0</IntroducedVersion>
    <ReferencingEntityName>rbsm_ProductMetrics</ReferencingEntityName>
    <ReferencedEntityName>SystemUser</ReferencedEntityName>
    <CascadeAssign>NoCascade</CascadeAssign>
    <CascadeDelete>NoCascade</CascadeDelete>
    <CascadeReparent>NoCascade</CascadeReparent>
    <CascadeShare>NoCascade</CascadeShare>
    <CascadeUnshare>NoCascade</CascadeUnshare>
    <ReferencingAttributeName>CreatedBy</ReferencingAttributeName>
    <RelationshipDescription>
      <Descriptions>
        <Description description="Unique identifier of the user who created the record." languagecode="1033" />
      </Descriptions>
    </RelationshipDescription>
    <field name="createdby" requiredlevel="none" imemode="auto" lookupstyle="single" lookupbrowse="0" format="">
      <IsCustomizable>1</IsCustomizable>
      <IsRenameable>1</IsRenameable>
      <CanModifySearchSettings>1</CanModifySearchSettings>
      <CanModifyRequirementLevelSettings>1</CanModifyRequirementLevelSettings>
      <IsSecured>0</IsSecured>
      <DisplayMask>ValidForAdvancedFind|ValidForForm|ValidForGrid</DisplayMask>
      <IsAuditEnabled>0</IsAuditEnabled>
      <displaynames>
        <displayname description="Created By" languagecode="1033" />
      </displaynames>
    </field>
  </EntityRelationship>
  <EntityRelationship Name="lk_rbsm_productmetrics_modifiedby">
    <EntityRelationshipType>OneToMany</EntityRelationshipType>
    <IsCustomizable>1</IsCustomizable>
    <IntroducedVersion>1.0.0.0</IntroducedVersion>
    <ReferencingEntityName>rbsm_ProductMetrics</ReferencingEntityName>
    <ReferencedEntityName>SystemUser</ReferencedEntityName>
    <CascadeAssign>NoCascade</CascadeAssign>
    <CascadeDelete>NoCascade</CascadeDelete>
    <CascadeReparent>NoCascade</CascadeReparent>
    <CascadeShare>NoCascade</CascadeShare>
    <CascadeUnshare>NoCascade</CascadeUnshare>
    <ReferencingAttributeName>ModifiedBy</ReferencingAttributeName>
    <RelationshipDescription>
      <Descriptions>
        <Description description="Unique identifier of the user who modified the record." languagecode="1033" />
      </Descriptions>
    </RelationshipDescription>
    <field name="modifiedby" requiredlevel="none" imemode="auto" lookupstyle="single" lookupbrowse="0" format="">
      <IsCustomizable>1</IsCustomizable>
      <IsRenameable>1</IsRenameable>
      <CanModifySearchSettings>1</CanModifySearchSettings>
      <CanModifyRequirementLevelSettings>1</CanModifyRequirementLevelSettings>
      <IsSecured>0</IsSecured>
      <DisplayMask>ValidForAdvancedFind|ValidForForm|ValidForGrid</DisplayMask>
      <IsAuditEnabled>0</IsAuditEnabled>
      <displaynames>
        <displayname description="Modified By" languagecode="1033" />
      </displaynames>
    </field>
  </EntityRelationship>
  <EntityRelationship Name="lk_rbsm_productservicescatalog_createdby">
    <EntityRelationshipType>OneToMany</EntityRelationshipType>
    <IsCustomizable>1</IsCustomizable>
    <IntroducedVersion>1.0.0.0</IntroducedVersion>
    <ReferencingEntityName>rbsm_productservicescatalog</ReferencingEntityName>
    <ReferencedEntityName>SystemUser</ReferencedEntityName>
    <CascadeAssign>NoCascade</CascadeAssign>
    <CascadeDelete>NoCascade</CascadeDelete>
    <CascadeReparent>NoCascade</CascadeReparent>
    <CascadeShare>NoCascade</CascadeShare>
    <CascadeUnshare>NoCascade</CascadeUnshare>
    <ReferencingAttributeName>CreatedBy</ReferencingAttributeName>
    <RelationshipDescription>
      <Descriptions>
        <Description description="Unique identifier of the user who created the record." languagecode="1033" />
      </Descriptions>
    </RelationshipDescription>
    <field name="createdby" requiredlevel="none" imemode="auto" lookupstyle="single" lookupbrowse="0" format="">
      <IsCustomizable>1</IsCustomizable>
      <IsRenameable>1</IsRenameable>
      <CanModifySearchSettings>1</CanModifySearchSettings>
      <CanModifyRequirementLevelSettings>1</CanModifyRequirementLevelSettings>
      <IsSecured>0</IsSecured>
      <DisplayMask>ValidForAdvancedFind|ValidForForm|ValidForGrid</DisplayMask>
      <IsAuditEnabled>0</IsAuditEnabled>
      <displaynames>
        <displayname description="Created By" languagecode="1033" />
      </displaynames>
    </field>
  </EntityRelationship>
  <EntityRelationship Name="lk_rbsm_productservicescatalog_modifiedby">
    <EntityRelationshipType>OneToMany</EntityRelationshipType>
    <IsCustomizable>1</IsCustomizable>
    <IntroducedVersion>1.0.0.0</IntroducedVersion>
    <ReferencingEntityName>rbsm_productservicescatalog</ReferencingEntityName>
    <ReferencedEntityName>SystemUser</ReferencedEntityName>
    <CascadeAssign>NoCascade</CascadeAssign>
    <CascadeDelete>NoCascade</CascadeDelete>
    <CascadeReparent>NoCascade</CascadeReparent>
    <CascadeShare>NoCascade</CascadeShare>
    <CascadeUnshare>NoCascade</CascadeUnshare>
    <ReferencingAttributeName>ModifiedBy</ReferencingAttributeName>
    <RelationshipDescription>
      <Descriptions>
        <Description description="Unique identifier of the user who modified the record." languagecode="1033" />
      </Descriptions>
    </RelationshipDescription>
    <field name="modifiedby" requiredlevel="none" imemode="auto" lookupstyle="single" lookupbrowse="0" format="">
      <IsCustomizable>1</IsCustomizable>
      <IsRenameable>1</IsRenameable>
      <CanModifySearchSettings>1</CanModifySearchSettings>
      <CanModifyRequirementLevelSettings>1</CanModifyRequirementLevelSettings>
      <IsSecured>0</IsSecured>
      <DisplayMask>ValidForAdvancedFind|ValidForForm|ValidForGrid</DisplayMask>
      <IsAuditEnabled>0</IsAuditEnabled>
      <displaynames>
        <displayname description="Modified By" languagecode="1033" />
      </displaynames>
    </field>
  </EntityRelationship>
  <EntityRelationship Name="lk_rbsm_programme_createdby">
    <EntityRelationshipType>OneToMany</EntityRelationshipType>
    <IsCustomizable>1</IsCustomizable>
    <IntroducedVersion>1.0.0.0</IntroducedVersion>
    <ReferencingEntityName>rbsm_programme</ReferencingEntityName>
    <ReferencedEntityName>SystemUser</ReferencedEntityName>
    <CascadeAssign>NoCascade</CascadeAssign>
    <CascadeDelete>NoCascade</CascadeDelete>
    <CascadeReparent>NoCascade</CascadeReparent>
    <CascadeShare>NoCascade</CascadeShare>
    <CascadeUnshare>NoCascade</CascadeUnshare>
    <ReferencingAttributeName>CreatedBy</ReferencingAttributeName>
    <RelationshipDescription>
      <Descriptions>
        <Description description="Unique identifier of the user who created the record." languagecode="1033" />
      </Descriptions>
    </RelationshipDescription>
    <field name="createdby" requiredlevel="none" imemode="auto" lookupstyle="single" lookupbrowse="0" format="">
      <IsCustomizable>1</IsCustomizable>
      <IsRenameable>1</IsRenameable>
      <CanModifySearchSettings>1</CanModifySearchSettings>
      <CanModifyRequirementLevelSettings>1</CanModifyRequirementLevelSettings>
      <IsSecured>0</IsSecured>
      <DisplayMask>ValidForAdvancedFind|ValidForForm|ValidForGrid</DisplayMask>
      <IsAuditEnabled>0</IsAuditEnabled>
      <displaynames>
        <displayname description="Created By" languagecode="1033" />
      </displaynames>
    </field>
  </EntityRelationship>
  <EntityRelationship Name="lk_rbsm_programme_modifiedby">
    <EntityRelationshipType>OneToMany</EntityRelationshipType>
    <IsCustomizable>1</IsCustomizable>
    <IntroducedVersion>1.0.0.0</IntroducedVersion>
    <ReferencingEntityName>rbsm_programme</ReferencingEntityName>
    <ReferencedEntityName>SystemUser</ReferencedEntityName>
    <CascadeAssign>NoCascade</CascadeAssign>
    <CascadeDelete>NoCascade</CascadeDelete>
    <CascadeReparent>NoCascade</CascadeReparent>
    <CascadeShare>NoCascade</CascadeShare>
    <CascadeUnshare>NoCascade</CascadeUnshare>
    <ReferencingAttributeName>ModifiedBy</ReferencingAttributeName>
    <RelationshipDescription>
      <Descriptions>
        <Description description="Unique identifier of the user who modified the record." languagecode="1033" />
      </Descriptions>
    </RelationshipDescription>
    <field name="modifiedby" requiredlevel="none" imemode="auto" lookupstyle="single" lookupbrowse="0" format="">
      <IsCustomizable>1</IsCustomizable>
      <IsRenameable>1</IsRenameable>
      <CanModifySearchSettings>1</CanModifySearchSettings>
      <CanModifyRequirementLevelSettings>1</CanModifyRequirementLevelSettings>
      <IsSecured>0</IsSecured>
      <DisplayMask>ValidForAdvancedFind|ValidForForm|ValidForGrid</DisplayMask>
      <IsAuditEnabled>0</IsAuditEnabled>
      <displaynames>
        <displayname description="Modified By" languagecode="1033" />
      </displaynames>
    </field>
  </EntityRelationship>
  <EntityRelationship Name="lk_rbsm_project_createdby">
    <EntityRelationshipType>OneToMany</EntityRelationshipType>
    <IsCustomizable>1</IsCustomizable>
    <IntroducedVersion>1.0.0.0</IntroducedVersion>
    <ReferencingEntityName>rbsm_Project</ReferencingEntityName>
    <ReferencedEntityName>SystemUser</ReferencedEntityName>
    <CascadeAssign>NoCascade</CascadeAssign>
    <CascadeDelete>NoCascade</CascadeDelete>
    <CascadeReparent>NoCascade</CascadeReparent>
    <CascadeShare>NoCascade</CascadeShare>
    <CascadeUnshare>NoCascade</CascadeUnshare>
    <ReferencingAttributeName>CreatedBy</ReferencingAttributeName>
    <RelationshipDescription>
      <Descriptions>
        <Description description="Unique identifier of the user who created the record." languagecode="1033" />
      </Descriptions>
    </RelationshipDescription>
    <field name="createdby" requiredlevel="none" imemode="auto" lookupstyle="single" lookupbrowse="0" format="">
      <IsCustomizable>1</IsCustomizable>
      <IsRenameable>1</IsRenameable>
      <CanModifySearchSettings>1</CanModifySearchSettings>
      <CanModifyRequirementLevelSettings>1</CanModifyRequirementLevelSettings>
      <IsSecured>0</IsSecured>
      <DisplayMask>ValidForAdvancedFind|ValidForForm|ValidForGrid</DisplayMask>
      <IsAuditEnabled>0</IsAuditEnabled>
      <displaynames>
        <displayname description="Created By" languagecode="1033" />
      </displaynames>
    </field>
  </EntityRelationship>
  <EntityRelationship Name="lk_rbsm_project_modifiedby">
    <EntityRelationshipType>OneToMany</EntityRelationshipType>
    <IsCustomizable>1</IsCustomizable>
    <IntroducedVersion>1.0.0.0</IntroducedVersion>
    <ReferencingEntityName>rbsm_Project</ReferencingEntityName>
    <ReferencedEntityName>SystemUser</ReferencedEntityName>
    <CascadeAssign>NoCascade</CascadeAssign>
    <CascadeDelete>NoCascade</CascadeDelete>
    <CascadeReparent>NoCascade</CascadeReparent>
    <CascadeShare>NoCascade</CascadeShare>
    <CascadeUnshare>NoCascade</CascadeUnshare>
    <ReferencingAttributeName>ModifiedBy</ReferencingAttributeName>
    <RelationshipDescription>
      <Descriptions>
        <Description description="Unique identifier of the user who modified the record." languagecode="1033" />
      </Descriptions>
    </RelationshipDescription>
    <field name="modifiedby" requiredlevel="none" imemode="auto" lookupstyle="single" lookupbrowse="0" format="">
      <IsCustomizable>1</IsCustomizable>
      <IsRenameable>1</IsRenameable>
      <CanModifySearchSettings>1</CanModifySearchSettings>
      <CanModifyRequirementLevelSettings>1</CanModifyRequirementLevelSettings>
      <IsSecured>0</IsSecured>
      <DisplayMask>ValidForAdvancedFind|ValidForForm|ValidForGrid</DisplayMask>
      <IsAuditEnabled>0</IsAuditEnabled>
      <displaynames>
        <displayname description="Modified By" languagecode="1033" />
      </displaynames>
    </field>
  </EntityRelationship>
  <EntityRelationship Name="lk_rbsm_raidlog_createdby">
    <EntityRelationshipType>OneToMany</EntityRelationshipType>
    <IsCustomizable>1</IsCustomizable>
    <IntroducedVersion>1.0.0.0</IntroducedVersion>
    <ReferencingEntityName>rbsm_RAIDLog</ReferencingEntityName>
    <ReferencedEntityName>SystemUser</ReferencedEntityName>
    <CascadeAssign>NoCascade</CascadeAssign>
    <CascadeDelete>NoCascade</CascadeDelete>
    <CascadeReparent>NoCascade</CascadeReparent>
    <CascadeShare>NoCascade</CascadeShare>
    <CascadeUnshare>NoCascade</CascadeUnshare>
    <ReferencingAttributeName>CreatedBy</ReferencingAttributeName>
    <RelationshipDescription>
      <Descriptions>
        <Description description="Unique identifier of the user who created the record." languagecode="1033" />
      </Descriptions>
    </RelationshipDescription>
    <field name="createdby" requiredlevel="none" imemode="auto" lookupstyle="single" lookupbrowse="0" format="">
      <IsCustomizable>1</IsCustomizable>
      <IsRenameable>1</IsRenameable>
      <CanModifySearchSettings>1</CanModifySearchSettings>
      <CanModifyRequirementLevelSettings>1</CanModifyRequirementLevelSettings>
      <IsSecured>0</IsSecured>
      <DisplayMask>ValidForAdvancedFind|ValidForForm|ValidForGrid</DisplayMask>
      <IsAuditEnabled>0</IsAuditEnabled>
      <displaynames>
        <displayname description="Created By" languagecode="1033" />
      </displaynames>
    </field>
  </EntityRelationship>
  <EntityRelationship Name="lk_rbsm_raidlog_modifiedby">
    <EntityRelationshipType>OneToMany</EntityRelationshipType>
    <IsCustomizable>1</IsCustomizable>
    <IntroducedVersion>1.0.0.0</IntroducedVersion>
    <ReferencingEntityName>rbsm_RAIDLog</ReferencingEntityName>
    <ReferencedEntityName>SystemUser</ReferencedEntityName>
    <CascadeAssign>NoCascade</CascadeAssign>
    <CascadeDelete>NoCascade</CascadeDelete>
    <CascadeReparent>NoCascade</CascadeReparent>
    <CascadeShare>NoCascade</CascadeShare>
    <CascadeUnshare>NoCascade</CascadeUnshare>
    <ReferencingAttributeName>ModifiedBy</ReferencingAttributeName>
    <RelationshipDescription>
      <Descriptions>
        <Description description="Unique identifier of the user who modified the record." languagecode="1033" />
      </Descriptions>
    </RelationshipDescription>
    <field name="modifiedby" requiredlevel="none" imemode="auto" lookupstyle="single" lookupbrowse="0" format="">
      <IsCustomizable>1</IsCustomizable>
      <IsRenameable>1</IsRenameable>
      <CanModifySearchSettings>1</CanModifySearchSettings>
      <CanModifyRequirementLevelSettings>1</CanModifyRequirementLevelSettings>
      <IsSecured>0</IsSecured>
      <DisplayMask>ValidForAdvancedFind|ValidForForm|ValidForGrid</DisplayMask>
      <IsAuditEnabled>0</IsAuditEnabled>
      <displaynames>
        <displayname description="Modified By" languagecode="1033" />
      </displaynames>
    </field>
  </EntityRelationship>
  <EntityRelationship Name="lk_rbsm_rbspriority_createdby">
    <EntityRelationshipType>OneToMany</EntityRelationshipType>
    <IsCustomizable>1</IsCustomizable>
    <IntroducedVersion>1.0.0.0</IntroducedVersion>
    <ReferencingEntityName>rbsm_rbspriority</ReferencingEntityName>
    <ReferencedEntityName>SystemUser</ReferencedEntityName>
    <CascadeAssign>NoCascade</CascadeAssign>
    <CascadeDelete>NoCascade</CascadeDelete>
    <CascadeReparent>NoCascade</CascadeReparent>
    <CascadeShare>NoCascade</CascadeShare>
    <CascadeUnshare>NoCascade</CascadeUnshare>
    <ReferencingAttributeName>CreatedBy</ReferencingAttributeName>
    <RelationshipDescription>
      <Descriptions>
        <Description description="Unique identifier of the user who created the record." languagecode="1033" />
      </Descriptions>
    </RelationshipDescription>
    <field name="createdby" requiredlevel="none" imemode="auto" lookupstyle="single" lookupbrowse="0" format="">
      <IsCustomizable>1</IsCustomizable>
      <IsRenameable>1</IsRenameable>
      <CanModifySearchSettings>1</CanModifySearchSettings>
      <CanModifyRequirementLevelSettings>1</CanModifyRequirementLevelSettings>
      <IsSecured>0</IsSecured>
      <DisplayMask>ValidForAdvancedFind|ValidForForm|ValidForGrid</DisplayMask>
      <IsAuditEnabled>0</IsAuditEnabled>
      <displaynames>
        <displayname description="Created By" languagecode="1033" />
      </displaynames>
    </field>
  </EntityRelationship>
  <EntityRelationship Name="lk_rbsm_rbspriority_modifiedby">
    <EntityRelationshipType>OneToMany</EntityRelationshipType>
    <IsCustomizable>1</IsCustomizable>
    <IntroducedVersion>1.0.0.0</IntroducedVersion>
    <ReferencingEntityName>rbsm_rbspriority</ReferencingEntityName>
    <ReferencedEntityName>SystemUser</ReferencedEntityName>
    <CascadeAssign>NoCascade</CascadeAssign>
    <CascadeDelete>NoCascade</CascadeDelete>
    <CascadeReparent>NoCascade</CascadeReparent>
    <CascadeShare>NoCascade</CascadeShare>
    <CascadeUnshare>NoCascade</CascadeUnshare>
    <ReferencingAttributeName>ModifiedBy</ReferencingAttributeName>
    <RelationshipDescription>
      <Descriptions>
        <Description description="Unique identifier of the user who modified the record." languagecode="1033" />
      </Descriptions>
    </RelationshipDescription>
    <field name="modifiedby" requiredlevel="none" imemode="auto" lookupstyle="single" lookupbrowse="0" format="">
      <IsCustomizable>1</IsCustomizable>
      <IsRenameable>1</IsRenameable>
      <CanModifySearchSettings>1</CanModifySearchSettings>
      <CanModifyRequirementLevelSettings>1</CanModifyRequirementLevelSettings>
      <IsSecured>0</IsSecured>
      <DisplayMask>ValidForAdvancedFind|ValidForForm|ValidForGrid</DisplayMask>
      <IsAuditEnabled>0</IsAuditEnabled>
      <displaynames>
        <displayname description="Modified By" languagecode="1033" />
      </displaynames>
    </field>
  </EntityRelationship>
  <EntityRelationship Name="lk_rbsm_resourcestrategy_createdby">
    <EntityRelationshipType>OneToMany</EntityRelationshipType>
    <IsCustomizable>1</IsCustomizable>
    <IntroducedVersion>1.0.0.0</IntroducedVersion>
    <ReferencingEntityName>rbsm_resourcestrategy</ReferencingEntityName>
    <ReferencedEntityName>SystemUser</ReferencedEntityName>
    <CascadeAssign>NoCascade</CascadeAssign>
    <CascadeDelete>NoCascade</CascadeDelete>
    <CascadeReparent>NoCascade</CascadeReparent>
    <CascadeShare>NoCascade</CascadeShare>
    <CascadeUnshare>NoCascade</CascadeUnshare>
    <ReferencingAttributeName>CreatedBy</ReferencingAttributeName>
    <RelationshipDescription>
      <Descriptions>
        <Description description="Unique identifier of the user who created the record." languagecode="1033" />
      </Descriptions>
    </RelationshipDescription>
    <field name="createdby" requiredlevel="none" imemode="auto" lookupstyle="single" lookupbrowse="0" format="">
      <IsCustomizable>1</IsCustomizable>
      <IsRenameable>1</IsRenameable>
      <CanModifySearchSettings>1</CanModifySearchSettings>
      <CanModifyRequirementLevelSettings>1</CanModifyRequirementLevelSettings>
      <IsSecured>0</IsSecured>
      <DisplayMask>ValidForAdvancedFind|ValidForForm|ValidForGrid</DisplayMask>
      <IsAuditEnabled>0</IsAuditEnabled>
      <displaynames>
        <displayname description="Created By" languagecode="1033" />
      </displaynames>
    </field>
  </EntityRelationship>
  <EntityRelationship Name="lk_rbsm_resourcestrategy_modifiedby">
    <EntityRelationshipType>OneToMany</EntityRelationshipType>
    <IsCustomizable>1</IsCustomizable>
    <IntroducedVersion>1.0.0.0</IntroducedVersion>
    <ReferencingEntityName>rbsm_resourcestrategy</ReferencingEntityName>
    <ReferencedEntityName>SystemUser</ReferencedEntityName>
    <CascadeAssign>NoCascade</CascadeAssign>
    <CascadeDelete>NoCascade</CascadeDelete>
    <CascadeReparent>NoCascade</CascadeReparent>
    <CascadeShare>NoCascade</CascadeShare>
    <CascadeUnshare>NoCascade</CascadeUnshare>
    <ReferencingAttributeName>ModifiedBy</ReferencingAttributeName>
    <RelationshipDescription>
      <Descriptions>
        <Description description="Unique identifier of the user who modified the record." languagecode="1033" />
      </Descriptions>
    </RelationshipDescription>
    <field name="modifiedby" requiredlevel="none" imemode="auto" lookupstyle="single" lookupbrowse="0" format="">
      <IsCustomizable>1</IsCustomizable>
      <IsRenameable>1</IsRenameable>
      <CanModifySearchSettings>1</CanModifySearchSettings>
      <CanModifyRequirementLevelSettings>1</CanModifyRequirementLevelSettings>
      <IsSecured>0</IsSecured>
      <DisplayMask>ValidForAdvancedFind|ValidForForm|ValidForGrid</DisplayMask>
      <IsAuditEnabled>0</IsAuditEnabled>
      <displaynames>
        <displayname description="Modified By" languagecode="1033" />
      </displaynames>
    </field>
  </EntityRelationship>
  <EntityRelationship Name="msdyn_systemuser_wallsavedqueryusersettings_userid">
    <EntityRelationshipType>OneToMany</EntityRelationshipType>
    <IntroducedVersion>1.0.5.418</IntroducedVersion>
    <ReferencingEntityName>msdyn_wallsavedqueryusersettings</ReferencingEntityName>
    <ReferencedEntityName>SystemUser</ReferencedEntityName>
    <CascadeAssign>NoCascade</CascadeAssign>
    <CascadeDelete>RemoveLink</CascadeDelete>
    <CascadeReparent>NoCascade</CascadeReparent>
    <CascadeShare>NoCascade</CascadeShare>
    <CascadeUnshare>NoCascade</CascadeUnshare>
    <IsValidForAdvancedFind>1</IsValidForAdvancedFind>
    <ReferencingAttributeName>msdyn_userid</ReferencingAttributeName>
    <RelationshipDescription>
      <Descriptions>
        <Description description="Unique identifier for User associated with Wall View User Setting." languagecode="1033" />
      </Descriptions>
    </RelationshipDescription>
    <field name="msdyn_userid" requiredlevel="required" imemode="auto" lookupstyle="single" lookupbrowse="0" format="">
      <IsSecured>0</IsSecured>
      <DisplayMask>ValidForAdvancedFind|ValidForForm|ValidForGrid</DisplayMask>
      <IsAuditEnabled>0</IsAuditEnabled>
      <displaynames>
        <displayname description="User Id" languagecode="1033" />
      </displaynames>
    </field>
    <EntityRelationshipRoles>
      <EntityRelationshipRole>
        <NavPaneDisplayOption>DoNotDisplay</NavPaneDisplayOption>
        <NavPaneArea>Details</NavPaneArea>
        <NavPaneOrder>10000</NavPaneOrder>
        <CustomLabels>
          <CustomLabel description="" languagecode="1033" />
        </CustomLabels>
      </EntityRelationshipRole>
    </EntityRelationshipRoles>
  </EntityRelationship>
  <EntityRelationship Name="rbsm_deslead_opportunitypackage">
    <EntityRelationshipType>OneToMany</EntityRelationshipType>
    <IsCustomizable>1</IsCustomizable>
    <IntroducedVersion>1.0.0.0</IntroducedVersion>
    <ReferencingEntityName>rbsm_opportunitypackage</ReferencingEntityName>
    <ReferencedEntityName>SystemUser</ReferencedEntityName>
    <CascadeAssign>NoCascade</CascadeAssign>
    <CascadeDelete>RemoveLink</CascadeDelete>
    <CascadeReparent>NoCascade</CascadeReparent>
    <CascadeShare>NoCascade</CascadeShare>
    <CascadeUnshare>NoCascade</CascadeUnshare>
    <IsValidForAdvancedFind>1</IsValidForAdvancedFind>
    <ReferencingAttributeName>rbsm_DESProgrammeLeadId</ReferencingAttributeName>
    <RelationshipDescription>
      <Descriptions>
        <Description description="Unique identifier for User associated with Opportunity Package." languagecode="1033" />
      </Descriptions>
    </RelationshipDescription>
    <field name="rbsm_desprogrammeleadid" requiredlevel="recommended" imemode="auto" lookupstyle="single" lookupbrowse="0" format="">
      <IsCustomizable>1</IsCustomizable>
      <IsRenameable>1</IsRenameable>
      <CanModifySearchSettings>1</CanModifySearchSettings>
      <CanModifyRequirementLevelSettings>1</CanModifyRequirementLevelSettings>
      <IsSecured>0</IsSecured>
      <DisplayMask>ValidForAdvancedFind|ValidForForm|ValidForGrid</DisplayMask>
      <IsAuditEnabled>0</IsAuditEnabled>
      <displaynames>
        <displayname description="DES Programme Lead" languagecode="1033" />
      </displaynames>
    </field>
    <EntityRelationshipRoles>
      <EntityRelationshipRole>
        <NavPaneDisplayOption>UseCollectionName</NavPaneDisplayOption>
        <NavPaneArea>Details</NavPaneArea>
        <NavPaneOrder>10000</NavPaneOrder>
        <CustomLabels>
          <CustomLabel description="" languagecode="1033" />
        </CustomLabels>
      </EntityRelationshipRole>
    </EntityRelationshipRoles>
  </EntityRelationship>
  <EntityRelationship Name="rbsm_systemuser_ceoactivity">
    <EntityRelationshipType>OneToMany</EntityRelationshipType>
    <IsCustomizable>1</IsCustomizable>
    <IntroducedVersion>1.0.0.0</IntroducedVersion>
    <ReferencingEntityName>rbsm_ceoactivity</ReferencingEntityName>
    <ReferencedEntityName>SystemUser</ReferencedEntityName>
    <CascadeAssign>NoCascade</CascadeAssign>
    <CascadeDelete>RemoveLink</CascadeDelete>
    <CascadeReparent>NoCascade</CascadeReparent>
    <CascadeShare>NoCascade</CascadeShare>
    <CascadeUnshare>NoCascade</CascadeUnshare>
    <IsValidForAdvancedFind>1</IsValidForAdvancedFind>
    <ReferencingAttributeName>rbsm_FollowedUpBy</ReferencingAttributeName>
    <RelationshipDescription>
      <Descriptions>
        <Description description="" languagecode="1033" />
      </Descriptions>
    </RelationshipDescription>
    <field name="rbsm_followedupby" requiredlevel="recommended" imemode="auto" lookupstyle="single" lookupbrowse="0" format="">
      <IsCustomizable>1</IsCustomizable>
      <IsRenameable>1</IsRenameable>
      <CanModifySearchSettings>1</CanModifySearchSettings>
      <CanModifyRequirementLevelSettings>1</CanModifyRequirementLevelSettings>
      <IsSecured>0</IsSecured>
      <DisplayMask>ValidForAdvancedFind|ValidForForm|ValidForGrid</DisplayMask>
      <IsAuditEnabled>1</IsAuditEnabled>
      <displaynames>
        <displayname description="Followed Up By" languagecode="1033" />
      </displaynames>
    </field>
    <EntityRelationshipRoles>
      <EntityRelationshipRole>
        <NavPaneDisplayOption>UseCollectionName</NavPaneDisplayOption>
        <NavPaneArea>Details</NavPaneArea>
        <NavPaneOrder>10000</NavPaneOrder>
        <CustomLabels>
          <CustomLabel description="" languagecode="1033" />
        </CustomLabels>
      </EntityRelationshipRole>
    </EntityRelationshipRoles>
  </EntityRelationship>
  <EntityRelationship Name="SystemUser_AsyncOperations">
    <EntityRelationshipType>OneToMany</EntityRelationshipType>
    <IntroducedVersion>5.0.0.0</IntroducedVersion>
    <ReferencingEntityName>AsyncOperation</ReferencingEntityName>
    <ReferencedEntityName>SystemUser</ReferencedEntityName>
    <CascadeAssign>NoCascade</CascadeAssign>
    <CascadeDelete>NoCascade</CascadeDelete>
    <CascadeReparent>NoCascade</CascadeReparent>
    <CascadeShare>NoCascade</CascadeShare>
    <CascadeUnshare>NoCascade</CascadeUnshare>
    <ReferencingAttributeName>RegardingObjectId</ReferencingAttributeName>
    <RelationshipDescription>
      <Descriptions>
        <Description description="Unique identifier of the object with which the system job is associated." languagecode="1033" />
      </Descriptions>
    </RelationshipDescription>
    <field name="regardingobjectid" requiredlevel="none" imemode="auto" lookupstyle="single" lookupbrowse="0" format="regarding">
      <IsSecured>0</IsSecured>
      <DisplayMask>ValidForAdvancedFind|ValidForForm|ValidForGrid</DisplayMask>
      <IsAuditEnabled>0</IsAuditEnabled>
      <displaynames>
        <displayname description="Regarding" languagecode="1033" />
      </displaynames>
    </field>
  </EntityRelationship>
  <EntityRelationship Name="SystemUser_BulkDeleteFailures">
    <EntityRelationshipType>OneToMany</EntityRelationshipType>
    <IntroducedVersion>5.0.0.0</IntroducedVersion>
    <ReferencingEntityName>BulkDeleteFailure</ReferencingEntityName>
    <ReferencedEntityName>SystemUser</ReferencedEntityName>
    <CascadeAssign>NoCascade</CascadeAssign>
    <CascadeDelete>NoCascade</CascadeDelete>
    <CascadeReparent>NoCascade</CascadeReparent>
    <CascadeShare>NoCascade</CascadeShare>
    <CascadeUnshare>NoCascade</CascadeUnshare>
    <ReferencingAttributeName>RegardingObjectId</ReferencingAttributeName>
    <RelationshipDescription>
      <Descriptions>
        <Description description="Unique identifier of the record that can not be deleted." languagecode="1033" />
      </Descriptions>
    </RelationshipDescription>
    <field name="regardingobjectid" requiredlevel="none" imemode="auto" lookupstyle="single" lookupbrowse="0" format="regarding">
      <IsSecured>0</IsSecured>
      <DisplayMask>ValidForAdvancedFind|ValidForForm|ValidForGrid</DisplayMask>
      <IsAuditEnabled>0</IsAuditEnabled>
      <displaynames>
        <displayname description="Name" languagecode="1033" />
      </displaynames>
    </field>
  </EntityRelationship>
  <EntityRelationship Name="systemuser_connections1">
    <EntityRelationshipType>OneToMany</EntityRelationshipType>
    <IntroducedVersion>5.0.0.0</IntroducedVersion>
    <ReferencingEntityName>Connection</ReferencingEntityName>
    <ReferencedEntityName>SystemUser</ReferencedEntityName>
    <CascadeAssign>NoCascade</CascadeAssign>
    <CascadeDelete>NoCascade</CascadeDelete>
    <CascadeReparent>NoCascade</CascadeReparent>
    <CascadeShare>NoCascade</CascadeShare>
    <CascadeUnshare>NoCascade</CascadeUnshare>
    <ReferencingAttributeName>Record1Id</ReferencingAttributeName>
    <RelationshipDescription>
      <Descriptions>
        <Description description="Unique identifier of the source record." languagecode="1033" />
      </Descriptions>
    </RelationshipDescription>
    <field name="record1id" requiredlevel="none" imemode="auto" lookupstyle="single" lookupbrowse="0" format="connection">
      <IsSecured>0</IsSecured>
      <DisplayMask>ValidForAdvancedFind|ValidForForm|ValidForGrid|RequiredForForm</DisplayMask>
      <IsAuditEnabled>1</IsAuditEnabled>
      <displaynames>
        <displayname description="Connected From" languagecode="1033" />
      </displaynames>
    </field>
  </EntityRelationship>
  <EntityRelationship Name="systemuser_connections2">
    <EntityRelationshipType>OneToMany</EntityRelationshipType>
    <IntroducedVersion>5.0.0.0</IntroducedVersion>
    <ReferencingEntityName>Connection</ReferencingEntityName>
    <ReferencedEntityName>SystemUser</ReferencedEntityName>
    <CascadeAssign>NoCascade</CascadeAssign>
    <CascadeDelete>NoCascade</CascadeDelete>
    <CascadeReparent>NoCascade</CascadeReparent>
    <CascadeShare>NoCascade</CascadeShare>
    <CascadeUnshare>NoCascade</CascadeUnshare>
    <ReferencingAttributeName>Record2Id</ReferencingAttributeName>
    <RelationshipDescription>
      <Descriptions>
        <Description description="Unique identifier of the target record." languagecode="1033" />
      </Descriptions>
    </RelationshipDescription>
    <field name="record2id" requiredlevel="none" imemode="auto" lookupstyle="single" lookupbrowse="0" format="connection">
      <IsSecured>0</IsSecured>
      <DisplayMask>ValidForAdvancedFind|ValidForForm|ValidForGrid|RequiredForForm</DisplayMask>
      <IsAuditEnabled>1</IsAuditEnabled>
      <displaynames>
        <displayname description="Connected To" languagecode="1033" />
      </displaynames>
    </field>
  </EntityRelationship>
  <EntityRelationship Name="systemuser_principalobjectattributeaccess">
    <EntityRelationshipType>OneToMany</EntityRelationshipType>
    <IntroducedVersion>5.0.0.0</IntroducedVersion>
    <ReferencingEntityName>PrincipalObjectAttributeAccess</ReferencingEntityName>
    <ReferencedEntityName>SystemUser</ReferencedEntityName>
    <CascadeAssign>NoCascade</CascadeAssign>
    <CascadeDelete>NoCascade</CascadeDelete>
    <CascadeReparent>NoCascade</CascadeReparent>
    <CascadeShare>NoCascade</CascadeShare>
    <CascadeUnshare>NoCascade</CascadeUnshare>
    <ReferencingAttributeName>ObjectId</ReferencingAttributeName>
    <RelationshipDescription>
      <Descriptions>
        <Description description="Unique identifier of the entity instance with shared secured field" languagecode="1033" />
      </Descriptions>
    </RelationshipDescription>
    <field name="objectid" requiredlevel="systemrequired" imemode="auto" lookupstyle="single" lookupbrowse="0" format="regarding">
      <IsSecured>0</IsSecured>
      <DisplayMask>ValidForForm|ValidForGrid</DisplayMask>
      <IsAuditEnabled>1</IsAuditEnabled>
      <displaynames>
        <displayname description="Entity instance" languagecode="1033" />
      </displaynames>
    </field>
  </EntityRelationship>
  <EntityRelationship Name="SystemUser_ProcessSessions">
    <EntityRelationshipType>OneToMany</EntityRelationshipType>
    <IntroducedVersion>5.0.0.0</IntroducedVersion>
    <ReferencingEntityName>ProcessSession</ReferencingEntityName>
    <ReferencedEntityName>SystemUser</ReferencedEntityName>
    <CascadeAssign>NoCascade</CascadeAssign>
    <CascadeDelete>NoCascade</CascadeDelete>
    <CascadeReparent>NoCascade</CascadeReparent>
    <CascadeShare>NoCascade</CascadeShare>
    <CascadeUnshare>NoCascade</CascadeUnshare>
    <ReferencingAttributeName>RegardingObjectId</ReferencingAttributeName>
    <RelationshipDescription>
      <Descriptions>
        <Description description="Unique identifier of the object with which the dialog session is associated." languagecode="1033" />
      </Descriptions>
    </RelationshipDescription>
    <field name="regardingobjectid" requiredlevel="none" imemode="auto" lookupstyle="single" lookupbrowse="0" format="regarding">
      <IsSecured>0</IsSecured>
      <DisplayMask>ValidForAdvancedFind|ValidForGrid</DisplayMask>
      <IsAuditEnabled>0</IsAuditEnabled>
      <displaynames>
        <displayname description="Regarding" languagecode="1033" />
      </displaynames>
    </field>
  </EntityRelationship>
  <EntityRelationship Name="user_msdyn_postalbum">
    <EntityRelationshipType>OneToMany</EntityRelationshipType>
    <IsCustomizable>1</IsCustomizable>
    <IntroducedVersion>1.0.5.418</IntroducedVersion>
    <ReferencingEntityName>msdyn_PostAlbum</ReferencingEntityName>
    <ReferencedEntityName>SystemUser</ReferencedEntityName>
    <CascadeAssign>NoCascade</CascadeAssign>
    <CascadeDelete>NoCascade</CascadeDelete>
    <CascadeReparent>NoCascade</CascadeReparent>
    <CascadeShare>NoCascade</CascadeShare>
    <CascadeUnshare>NoCascade</CascadeUnshare>
    <ReferencingAttributeName>OwningUser</ReferencingAttributeName>
    <RelationshipDescription>
      <Descriptions>
        <Description description="Unique identifier for the user that owns the record." languagecode="1033" />
      </Descriptions>
    </RelationshipDescription>
    <field name="owninguser" requiredlevel="none" imemode="auto" lookupstyle="single" lookupbrowse="0" format="">
      <IsCustomizable>1</IsCustomizable>
      <IsRenameable>1</IsRenameable>
      <CanModifySearchSettings>1</CanModifySearchSettings>
      <CanModifyRequirementLevelSettings>1</CanModifyRequirementLevelSettings>
      <IsSecured>0</IsSecured>
      <IsAuditEnabled>0</IsAuditEnabled>
      <displaynames>
        <displayname description="Owning User" languagecode="1033" />
      </displaynames>
    </field>
  </EntityRelationship>
  <EntityRelationship Name="user_msdyn_wallsavedqueryusersettings">
    <EntityRelationshipType>OneToMany</EntityRelationshipType>
    <IsCustomizable>1</IsCustomizable>
    <IntroducedVersion>1.0.5.418</IntroducedVersion>
    <ReferencingEntityName>msdyn_wallsavedqueryusersettings</ReferencingEntityName>
    <ReferencedEntityName>SystemUser</ReferencedEntityName>
    <CascadeAssign>NoCascade</CascadeAssign>
    <CascadeDelete>NoCascade</CascadeDelete>
    <CascadeReparent>NoCascade</CascadeReparent>
    <CascadeShare>NoCascade</CascadeShare>
    <CascadeUnshare>NoCascade</CascadeUnshare>
    <ReferencingAttributeName>OwningUser</ReferencingAttributeName>
    <RelationshipDescription>
      <Descriptions>
        <Description description="Unique identifier for the user that owns the record." languagecode="1033" />
      </Descriptions>
    </RelationshipDescription>
    <field name="owninguser" requiredlevel="none" imemode="auto" lookupstyle="single" lookupbrowse="0" format="">
      <IsCustomizable>1</IsCustomizable>
      <IsRenameable>1</IsRenameable>
      <CanModifySearchSettings>1</CanModifySearchSettings>
      <CanModifyRequirementLevelSettings>1</CanModifyRequirementLevelSettings>
      <IsSecured>0</IsSecured>
      <IsAuditEnabled>0</IsAuditEnabled>
      <displaynames>
        <displayname description="Owning User" languagecode="1033" />
      </displaynames>
    </field>
  </EntityRelationship>
  <EntityRelationship Name="user_rbsm_businessbenefit">
    <EntityRelationshipType>OneToMany</EntityRelationshipType>
    <IsCustomizable>1</IsCustomizable>
    <IntroducedVersion>1.0.0.0</IntroducedVersion>
    <ReferencingEntityName>rbsm_businessbenefit</ReferencingEntityName>
    <ReferencedEntityName>SystemUser</ReferencedEntityName>
    <CascadeAssign>NoCascade</CascadeAssign>
    <CascadeDelete>NoCascade</CascadeDelete>
    <CascadeReparent>NoCascade</CascadeReparent>
    <CascadeShare>NoCascade</CascadeShare>
    <CascadeUnshare>NoCascade</CascadeUnshare>
    <ReferencingAttributeName>OwningUser</ReferencingAttributeName>
    <RelationshipDescription>
      <Descriptions>
        <Description description="Unique identifier for the user that owns the record." languagecode="1033" />
      </Descriptions>
    </RelationshipDescription>
    <field name="owninguser" requiredlevel="none" imemode="auto" lookupstyle="single" lookupbrowse="0" format="">
      <IsCustomizable>1</IsCustomizable>
      <IsRenameable>1</IsRenameable>
      <CanModifySearchSettings>1</CanModifySearchSettings>
      <CanModifyRequirementLevelSettings>1</CanModifyRequirementLevelSettings>
      <IsSecured>0</IsSecured>
      <IsAuditEnabled>0</IsAuditEnabled>
      <displaynames>
        <displayname description="Owning User" languagecode="1033" />
      </displaynames>
    </field>
  </EntityRelationship>
  <EntityRelationship Name="user_rbsm_ceoactivity">
    <EntityRelationshipType>OneToMany</EntityRelationshipType>
    <IsCustomizable>1</IsCustomizable>
    <IntroducedVersion>1.0.0.0</IntroducedVersion>
    <ReferencingEntityName>rbsm_ceoactivity</ReferencingEntityName>
    <ReferencedEntityName>SystemUser</ReferencedEntityName>
    <CascadeAssign>NoCascade</CascadeAssign>
    <CascadeDelete>NoCascade</CascadeDelete>
    <CascadeReparent>NoCascade</CascadeReparent>
    <CascadeShare>NoCascade</CascadeShare>
    <CascadeUnshare>NoCascade</CascadeUnshare>
    <ReferencingAttributeName>OwningUser</ReferencingAttributeName>
    <RelationshipDescription>
      <Descriptions>
        <Description description="Unique identifier for the user that owns the record." languagecode="1033" />
      </Descriptions>
    </RelationshipDescription>
    <field name="owninguser" requiredlevel="none" imemode="auto" lookupstyle="single" lookupbrowse="0" format="">
      <IsCustomizable>1</IsCustomizable>
      <IsRenameable>1</IsRenameable>
      <CanModifySearchSettings>1</CanModifySearchSettings>
      <CanModifyRequirementLevelSettings>1</CanModifyRequirementLevelSettings>
      <IsSecured>0</IsSecured>
      <IsAuditEnabled>0</IsAuditEnabled>
      <displaynames>
        <displayname description="Owning User" languagecode="1033" />
      </displaynames>
    </field>
  </EntityRelationship>
  <EntityRelationship Name="user_rbsm_ceoactivitycontact">
    <EntityRelationshipType>OneToMany</EntityRelationshipType>
    <IsCustomizable>1</IsCustomizable>
    <IntroducedVersion>1.0.0.0</IntroducedVersion>
    <ReferencingEntityName>rbsm_ceoactivitycontact</ReferencingEntityName>
    <ReferencedEntityName>SystemUser</ReferencedEntityName>
    <CascadeAssign>NoCascade</CascadeAssign>
    <CascadeDelete>NoCascade</CascadeDelete>
    <CascadeReparent>NoCascade</CascadeReparent>
    <CascadeShare>NoCascade</CascadeShare>
    <CascadeUnshare>NoCascade</CascadeUnshare>
    <ReferencingAttributeName>OwningUser</ReferencingAttributeName>
    <RelationshipDescription>
      <Descriptions>
        <Description description="Unique identifier for the user that owns the record." languagecode="1033" />
      </Descriptions>
    </RelationshipDescription>
    <field name="owninguser" requiredlevel="none" imemode="auto" lookupstyle="single" lookupbrowse="0" format="">
      <IsCustomizable>1</IsCustomizable>
      <IsRenameable>1</IsRenameable>
      <CanModifySearchSettings>1</CanModifySearchSettings>
      <CanModifyRequirementLevelSettings>1</CanModifyRequirementLevelSettings>
      <IsSecured>0</IsSecured>
      <IsAuditEnabled>0</IsAuditEnabled>
      <displaynames>
        <displayname description="Owning User" languagecode="1033" />
      </displaynames>
    </field>
  </EntityRelationship>
  <EntityRelationship Name="user_rbsm_customerceoactivityconnection">
    <EntityRelationshipType>OneToMany</EntityRelationshipType>
    <IsCustomizable>1</IsCustomizable>
    <IntroducedVersion>1.0.0.0</IntroducedVersion>
    <ReferencingEntityName>rbsm_customerceoactivityconnection</ReferencingEntityName>
    <ReferencedEntityName>SystemUser</ReferencedEntityName>
    <CascadeAssign>NoCascade</CascadeAssign>
    <CascadeDelete>NoCascade</CascadeDelete>
    <CascadeReparent>NoCascade</CascadeReparent>
    <CascadeShare>NoCascade</CascadeShare>
    <CascadeUnshare>NoCascade</CascadeUnshare>
    <ReferencingAttributeName>OwningUser</ReferencingAttributeName>
    <RelationshipDescription>
      <Descriptions>
        <Description description="Unique identifier for the user that owns the record." languagecode="1033" />
      </Descriptions>
    </RelationshipDescription>
    <field name="owninguser" requiredlevel="none" imemode="auto" lookupstyle="single" lookupbrowse="0" format="">
      <IsCustomizable>1</IsCustomizable>
      <IsRenameable>1</IsRenameable>
      <CanModifySearchSettings>1</CanModifySearchSettings>
      <CanModifyRequirementLevelSettings>1</CanModifyRequirementLevelSettings>
      <IsSecured>0</IsSecured>
      <IsAuditEnabled>0</IsAuditEnabled>
      <displaynames>
        <displayname description="Owning User" languagecode="1033" />
      </displaynames>
    </field>
  </EntityRelationship>
  <EntityRelationship Name="user_rbsm_opportunitypackage">
    <EntityRelationshipType>OneToMany</EntityRelationshipType>
    <IsCustomizable>1</IsCustomizable>
    <IntroducedVersion>1.0.0.0</IntroducedVersion>
    <ReferencingEntityName>rbsm_opportunitypackage</ReferencingEntityName>
    <ReferencedEntityName>SystemUser</ReferencedEntityName>
    <CascadeAssign>NoCascade</CascadeAssign>
    <CascadeDelete>NoCascade</CascadeDelete>
    <CascadeReparent>NoCascade</CascadeReparent>
    <CascadeShare>NoCascade</CascadeShare>
    <CascadeUnshare>NoCascade</CascadeUnshare>
    <ReferencingAttributeName>OwningUser</ReferencingAttributeName>
    <RelationshipDescription>
      <Descriptions>
        <Description description="Unique identifier for the user that owns the record." languagecode="1033" />
      </Descriptions>
    </RelationshipDescription>
    <field name="owninguser" requiredlevel="none" imemode="auto" lookupstyle="single" lookupbrowse="0" format="">
      <IsCustomizable>1</IsCustomizable>
      <IsRenameable>1</IsRenameable>
      <CanModifySearchSettings>1</CanModifySearchSettings>
      <CanModifyRequirementLevelSettings>1</CanModifyRequirementLevelSettings>
      <IsSecured>0</IsSecured>
      <IsAuditEnabled>0</IsAuditEnabled>
      <displaynames>
        <displayname description="Owning User" languagecode="1033" />
      </displaynames>
    </field>
  </EntityRelationship>
  <EntityRelationship Name="user_rbsm_opportunityservicecatalogconnection">
    <EntityRelationshipType>OneToMany</EntityRelationshipType>
    <IsCustomizable>1</IsCustomizable>
    <IntroducedVersion>1.0.0.0</IntroducedVersion>
    <ReferencingEntityName>rbsm_opportunityservicecatalogconnection</ReferencingEntityName>
    <ReferencedEntityName>SystemUser</ReferencedEntityName>
    <CascadeAssign>NoCascade</CascadeAssign>
    <CascadeDelete>NoCascade</CascadeDelete>
    <CascadeReparent>NoCascade</CascadeReparent>
    <CascadeShare>NoCascade</CascadeShare>
    <CascadeUnshare>NoCascade</CascadeUnshare>
    <ReferencingAttributeName>OwningUser</ReferencingAttributeName>
    <RelationshipDescription>
      <Descriptions>
        <Description description="Unique identifier for the user that owns the record." languagecode="1033" />
      </Descriptions>
    </RelationshipDescription>
    <field name="owninguser" requiredlevel="none" imemode="auto" lookupstyle="single" lookupbrowse="0" format="">
      <IsCustomizable>1</IsCustomizable>
      <IsRenameable>1</IsRenameable>
      <CanModifySearchSettings>1</CanModifySearchSettings>
      <CanModifyRequirementLevelSettings>1</CanModifyRequirementLevelSettings>
      <IsSecured>0</IsSecured>
      <IsAuditEnabled>0</IsAuditEnabled>
      <displaynames>
        <displayname description="Owning User" languagecode="1033" />
      </displaynames>
    </field>
  </EntityRelationship>
  <EntityRelationship Name="user_rbsm_productmetrics">
    <EntityRelationshipType>OneToMany</EntityRelationshipType>
    <IsCustomizable>1</IsCustomizable>
    <IntroducedVersion>1.0.0.0</IntroducedVersion>
    <ReferencingEntityName>rbsm_ProductMetrics</ReferencingEntityName>
    <ReferencedEntityName>SystemUser</ReferencedEntityName>
    <CascadeAssign>NoCascade</CascadeAssign>
    <CascadeDelete>NoCascade</CascadeDelete>
    <CascadeReparent>NoCascade</CascadeReparent>
    <CascadeShare>NoCascade</CascadeShare>
    <CascadeUnshare>NoCascade</CascadeUnshare>
    <ReferencingAttributeName>OwningUser</ReferencingAttributeName>
    <RelationshipDescription>
      <Descriptions>
        <Description description="Unique identifier for the user that owns the record." languagecode="1033" />
      </Descriptions>
    </RelationshipDescription>
    <field name="owninguser" requiredlevel="none" imemode="auto" lookupstyle="single" lookupbrowse="0" format="">
      <IsCustomizable>1</IsCustomizable>
      <IsRenameable>1</IsRenameable>
      <CanModifySearchSettings>1</CanModifySearchSettings>
      <CanModifyRequirementLevelSettings>1</CanModifyRequirementLevelSettings>
      <IsSecured>0</IsSecured>
      <IsAuditEnabled>0</IsAuditEnabled>
      <displaynames>
        <displayname description="Owning User" languagecode="1033" />
      </displaynames>
    </field>
  </EntityRelationship>
  <EntityRelationship Name="user_rbsm_productservicescatalog">
    <EntityRelationshipType>OneToMany</EntityRelationshipType>
    <IsCustomizable>1</IsCustomizable>
    <IntroducedVersion>1.0.0.0</IntroducedVersion>
    <ReferencingEntityName>rbsm_productservicescatalog</ReferencingEntityName>
    <ReferencedEntityName>SystemUser</ReferencedEntityName>
    <CascadeAssign>NoCascade</CascadeAssign>
    <CascadeDelete>NoCascade</CascadeDelete>
    <CascadeReparent>NoCascade</CascadeReparent>
    <CascadeShare>NoCascade</CascadeShare>
    <CascadeUnshare>NoCascade</CascadeUnshare>
    <ReferencingAttributeName>OwningUser</ReferencingAttributeName>
    <RelationshipDescription>
      <Descriptions>
        <Description description="Unique identifier for the user that owns the record." languagecode="1033" />
      </Descriptions>
    </RelationshipDescription>
    <field name="owninguser" requiredlevel="none" imemode="auto" lookupstyle="single" lookupbrowse="0" format="">
      <IsCustomizable>1</IsCustomizable>
      <IsRenameable>1</IsRenameable>
      <CanModifySearchSettings>1</CanModifySearchSettings>
      <CanModifyRequirementLevelSettings>1</CanModifyRequirementLevelSettings>
      <IsSecured>0</IsSecured>
      <IsAuditEnabled>0</IsAuditEnabled>
      <displaynames>
        <displayname description="Owning User" languagecode="1033" />
      </displaynames>
    </field>
  </EntityRelationship>
  <EntityRelationship Name="user_rbsm_programme">
    <EntityRelationshipType>OneToMany</EntityRelationshipType>
    <IsCustomizable>1</IsCustomizable>
    <IntroducedVersion>1.0.0.0</IntroducedVersion>
    <ReferencingEntityName>rbsm_programme</ReferencingEntityName>
    <ReferencedEntityName>SystemUser</ReferencedEntityName>
    <CascadeAssign>NoCascade</CascadeAssign>
    <CascadeDelete>NoCascade</CascadeDelete>
    <CascadeReparent>NoCascade</CascadeReparent>
    <CascadeShare>NoCascade</CascadeShare>
    <CascadeUnshare>NoCascade</CascadeUnshare>
    <ReferencingAttributeName>OwningUser</ReferencingAttributeName>
    <RelationshipDescription>
      <Descriptions>
        <Description description="Unique identifier for the user that owns the record." languagecode="1033" />
      </Descriptions>
    </RelationshipDescription>
    <field name="owninguser" requiredlevel="none" imemode="auto" lookupstyle="single" lookupbrowse="0" format="">
      <IsCustomizable>1</IsCustomizable>
      <IsRenameable>1</IsRenameable>
      <CanModifySearchSettings>1</CanModifySearchSettings>
      <CanModifyRequirementLevelSettings>1</CanModifyRequirementLevelSettings>
      <IsSecured>0</IsSecured>
      <IsAuditEnabled>0</IsAuditEnabled>
      <displaynames>
        <displayname description="Owning User" languagecode="1033" />
      </displaynames>
    </field>
  </EntityRelationship>
  <EntityRelationship Name="user_rbsm_project">
    <EntityRelationshipType>OneToMany</EntityRelationshipType>
    <IsCustomizable>1</IsCustomizable>
    <IntroducedVersion>1.0.0.0</IntroducedVersion>
    <ReferencingEntityName>rbsm_Project</ReferencingEntityName>
    <ReferencedEntityName>SystemUser</ReferencedEntityName>
    <CascadeAssign>NoCascade</CascadeAssign>
    <CascadeDelete>NoCascade</CascadeDelete>
    <CascadeReparent>NoCascade</CascadeReparent>
    <CascadeShare>NoCascade</CascadeShare>
    <CascadeUnshare>NoCascade</CascadeUnshare>
    <ReferencingAttributeName>OwningUser</ReferencingAttributeName>
    <RelationshipDescription>
      <Descriptions>
        <Description description="Unique identifier for the user that owns the record." languagecode="1033" />
      </Descriptions>
    </RelationshipDescription>
    <field name="owninguser" requiredlevel="none" imemode="auto" lookupstyle="single" lookupbrowse="0" format="">
      <IsCustomizable>1</IsCustomizable>
      <IsRenameable>1</IsRenameable>
      <CanModifySearchSettings>1</CanModifySearchSettings>
      <CanModifyRequirementLevelSettings>1</CanModifyRequirementLevelSettings>
      <IsSecured>0</IsSecured>
      <IsAuditEnabled>0</IsAuditEnabled>
      <displaynames>
        <displayname description="Owning User" languagecode="1033" />
      </displaynames>
    </field>
  </EntityRelationship>
  <EntityRelationship Name="user_rbsm_raidlog">
    <EntityRelationshipType>OneToMany</EntityRelationshipType>
    <IsCustomizable>1</IsCustomizable>
    <IntroducedVersion>1.0.0.0</IntroducedVersion>
    <ReferencingEntityName>rbsm_RAIDLog</ReferencingEntityName>
    <ReferencedEntityName>SystemUser</ReferencedEntityName>
    <CascadeAssign>NoCascade</CascadeAssign>
    <CascadeDelete>NoCascade</CascadeDelete>
    <CascadeReparent>NoCascade</CascadeReparent>
    <CascadeShare>NoCascade</CascadeShare>
    <CascadeUnshare>NoCascade</CascadeUnshare>
    <ReferencingAttributeName>OwningUser</ReferencingAttributeName>
    <RelationshipDescription>
      <Descriptions>
        <Description description="Unique identifier for the user that owns the record." languagecode="1033" />
      </Descriptions>
    </RelationshipDescription>
    <field name="owninguser" requiredlevel="none" imemode="auto" lookupstyle="single" lookupbrowse="0" format="">
      <IsCustomizable>1</IsCustomizable>
      <IsRenameable>1</IsRenameable>
      <CanModifySearchSettings>1</CanModifySearchSettings>
      <CanModifyRequirementLevelSettings>1</CanModifyRequirementLevelSettings>
      <IsSecured>0</IsSecured>
      <IsAuditEnabled>0</IsAuditEnabled>
      <displaynames>
        <displayname description="Owning User" languagecode="1033" />
      </displaynames>
    </field>
  </EntityRelationship>
  <EntityRelationship Name="user_rbsm_rbspriority">
    <EntityRelationshipType>OneToMany</EntityRelationshipType>
    <IsCustomizable>1</IsCustomizable>
    <IntroducedVersion>1.0.0.0</IntroducedVersion>
    <ReferencingEntityName>rbsm_rbspriority</ReferencingEntityName>
    <ReferencedEntityName>SystemUser</ReferencedEntityName>
    <CascadeAssign>NoCascade</CascadeAssign>
    <CascadeDelete>NoCascade</CascadeDelete>
    <CascadeReparent>NoCascade</CascadeReparent>
    <CascadeShare>NoCascade</CascadeShare>
    <CascadeUnshare>NoCascade</CascadeUnshare>
    <ReferencingAttributeName>OwningUser</ReferencingAttributeName>
    <RelationshipDescription>
      <Descriptions>
        <Description description="Unique identifier for the user that owns the record." languagecode="1033" />
      </Descriptions>
    </RelationshipDescription>
    <field name="owninguser" requiredlevel="none" imemode="auto" lookupstyle="single" lookupbrowse="0" format="">
      <IsCustomizable>1</IsCustomizable>
      <IsRenameable>1</IsRenameable>
      <CanModifySearchSettings>1</CanModifySearchSettings>
      <CanModifyRequirementLevelSettings>1</CanModifyRequirementLevelSettings>
      <IsSecured>0</IsSecured>
      <IsAuditEnabled>0</IsAuditEnabled>
      <displaynames>
        <displayname description="Owning User" languagecode="1033" />
      </displaynames>
    </field>
  </EntityRelationship>
  <EntityRelationship Name="user_rbsm_resourcestrategy">
    <EntityRelationshipType>OneToMany</EntityRelationshipType>
    <IsCustomizable>1</IsCustomizable>
    <IntroducedVersion>1.0.0.0</IntroducedVersion>
    <ReferencingEntityName>rbsm_resourcestrategy</ReferencingEntityName>
    <ReferencedEntityName>SystemUser</ReferencedEntityName>
    <CascadeAssign>NoCascade</CascadeAssign>
    <CascadeDelete>NoCascade</CascadeDelete>
    <CascadeReparent>NoCascade</CascadeReparent>
    <CascadeShare>NoCascade</CascadeShare>
    <CascadeUnshare>NoCascade</CascadeUnshare>
    <ReferencingAttributeName>OwningUser</ReferencingAttributeName>
    <RelationshipDescription>
      <Descriptions>
        <Description description="Unique identifier for the user that owns the record." languagecode="1033" />
      </Descriptions>
    </RelationshipDescription>
    <field name="owninguser" requiredlevel="none" imemode="auto" lookupstyle="single" lookupbrowse="0" format="">
      <IsCustomizable>1</IsCustomizable>
      <IsRenameable>1</IsRenameable>
      <CanModifySearchSettings>1</CanModifySearchSettings>
      <CanModifyRequirementLevelSettings>1</CanModifyRequirementLevelSettings>
      <IsSecured>0</IsSecured>
      <IsAuditEnabled>0</IsAuditEnabled>
      <displaynames>
        <displayname description="Owning User" languagecode="1033" />
      </displaynames>
    </field>
  </EntityRelationship>
  <EntityRelationship Name="userentityinstancedata_systemuser">
    <EntityRelationshipType>OneToMany</EntityRelationshipType>
    <IntroducedVersion>5.0.0.0</IntroducedVersion>
    <ReferencingEntityName>UserEntityInstanceData</ReferencingEntityName>
    <ReferencedEntityName>SystemUser</ReferencedEntityName>
    <CascadeAssign>NoCascade</CascadeAssign>
    <CascadeDelete>NoCascade</CascadeDelete>
    <CascadeReparent>NoCascade</CascadeReparent>
    <CascadeShare>NoCascade</CascadeShare>
    <CascadeUnshare>NoCascade</CascadeUnshare>
    <ReferencingAttributeName>ObjectId</ReferencingAttributeName>
    <RelationshipDescription>
      <Descriptions>
        <Description description="Unique identifier of the source record." languagecode="1033" />
      </Descriptions>
    </RelationshipDescription>
    <field name="objectid" requiredlevel="systemrequired" imemode="auto" lookupstyle="single" lookupbrowse="0" format="">
      <IsSecured>0</IsSecured>
      <DisplayMask>ValidForAdvancedFind|ValidForForm|ValidForGrid|RequiredForForm</DisplayMask>
      <IsAuditEnabled>1</IsAuditEnabled>
      <displaynames>
        <displayname description="Object Id" languagecode="1033" />
      </displaynames>
    </field>
  </EntityRelationship>
</EntityRelationships>