﻿<?xml version="1.0" encoding="utf-8"?>
<savedquery>
  <IsCustomizable>1</IsCustomizable>
  <CanBeDeleted>0</CanBeDeleted>
  <isquickfindquery>0</isquickfindquery>
  <isprivate>0</isprivate>
  <isdefault>1</isdefault>
  <savedqueryid>{1c645655-689b-40b4-8c48-a2e91a705384}</savedqueryid>
  <layoutxml>
    <grid name="" jump="rbs_name" select="1" icon="1" preview="0">
      <row name="rbs_optionsetconfiguration" id="rbs_optionsetconfigurationid">
        <cell name="rbs_name" width="150" imageproviderfunctionname="" imageproviderwebresource="$webresource:" />
        <cell name="rbs_entityname" width="150" imageproviderfunctionname="" imageproviderwebresource="$webresource:" />
        <cell name="rbs_isglobal" width="100" />
        <cell name="rbs_publisher" width="100" />
      </row>
    </grid>
  </layoutxml>
  <querytype>64</querytype>
  <fetchxml>
    <fetch version="1.0" mapping="logical">
      <entity name="rbs_optionsetconfiguration">
        <attribute name="rbs_optionsetconfigurationid" />
        <attribute name="rbs_name" />
        <filter type="and">
          <condition attribute="statecode" operator="eq" value="0" />
        </filter>
        <order attribute="rbs_name" descending="false" />
        <attribute name="rbs_publisher" />
        <attribute name="rbs_isglobal" />
        <attribute name="rbs_entityname" />
      </entity>
    </fetch>
  </fetchxml>
  <IntroducedVersion>3.3.0.0</IntroducedVersion>
  <LocalizedNames>
    <LocalizedName description="Option Set Configuration Lookup View" languagecode="1033" />
  </LocalizedNames>
</savedquery>