﻿<?xml version="1.0" encoding="utf-8"?>
<savedquery>
  <IsCustomizable>1</IsCustomizable>
  <CanBeDeleted>0</CanBeDeleted>
  <isquickfindquery>1</isquickfindquery>
  <isprivate>0</isprivate>
  <isdefault>1</isdefault>
  <savedqueryid>{87a8c2ae-820a-4f52-89f7-dba6230e2f1e}</savedqueryid>
  <layoutxml>
    <grid name="resultset" jump="rbs_name" select="1" icon="1" preview="1">
      <row name="result" id="rbs_optionsetconfigurationid">
        <cell name="rbs_name" width="150" imageproviderfunctionname="" imageproviderwebresource="$webresource:" />
        <cell name="rbs_entityname" width="100" />
        <cell name="rbs_isglobal" width="100" />
        <cell name="rbs_publisher" width="100" />
      </row>
    </grid>
  </layoutxml>
  <querytype>4</querytype>
  <fetchxml>
    <fetch version="1.0" mapping="logical">
      <entity name="rbs_optionsetconfiguration">
        <attribute name="rbs_name" />
        <order attribute="rbs_name" descending="false" />
        <filter type="and">
          <condition attribute="statecode" operator="eq" value="0" />
        </filter>
        <filter type="or" isquickfindfields="1">
          <condition attribute="rbs_name" operator="like" value="{0}" />
          <condition attribute="rbs_entityname" operator="like" value="{0}" />
        </filter>
        <attribute name="rbs_publisher" />
        <attribute name="rbs_isglobal" />
        <attribute name="rbs_entityname" />
        <attribute name="rbs_optionsetconfigurationid" />
      </entity>
    </fetch>
  </fetchxml>
  <IntroducedVersion>3.3.0.0</IntroducedVersion>
  <LocalizedNames>
    <LocalizedName description="Quick Find Active Option Set Configurations" languagecode="1033" />
  </LocalizedNames>
</savedquery>