<?xml version="1.0" encoding="utf-8"?>
<savedqueries xmlns:xsi="http://www.w3.org/2001/XMLSchema-instance">
  <savedquery>
    <IsCustomizable>1</IsCustomizable>
    <CanBeDeleted>0</CanBeDeleted>
    <isquickfindquery>0</isquickfindquery>
    <isprivate>0</isprivate>
    <isdefault>1</isdefault>
    <savedqueryid>{01a2dcf3-af79-46eb-8268-c0c4afcaa843}</savedqueryid>
    <layoutxml>
      <grid
        name="resultset"
        jump="rhm_name"
        select="1"
        icon="1"
        preview="1">
        <row
          name="result"
          id="rhm_wcnrequestid">
          <cell
            name="rhm_name"
            width="300" />
          <cell
            name="createdon"
            width="125" />
        </row>
      </grid>
    </layoutxml>
    <querytype>1</querytype>
    <fetchxml>
      <fetch
        version="1.0"
        mapping="logical">
        <entity
          name="rhm_wcnrequest">
          <attribute
            name="rhm_wcnrequestid" />
          <attribute
            name="rhm_name" />
          <attribute
            name="createdon" />
          <order
            attribute="rhm_name"
            descending="false" />
        </entity>
      </fetch>
    </fetchxml>
    <IntroducedVersion>1.0</IntroducedVersion>
    <LocalizedNames>
      <LocalizedName
        description="WCN Request Advanced Find View"
        languagecode="1033" />
    </LocalizedNames>
  </savedquery>
</savedqueries>