<?xml version="1.0" encoding="utf-8"?>
<savedqueries xmlns:xsi="http://www.w3.org/2001/XMLSchema-instance">
  <savedquery>
    <IsCustomizable>1</IsCustomizable>
    <CanBeDeleted>1</CanBeDeleted>
    <isquickfindquery>0</isquickfindquery>
    <isprivate>0</isprivate>
    <isdefault>1</isdefault>
    <savedqueryid>{693f2eb7-39fa-ed11-8848-0022482b2bee}</savedqueryid>
    <querytype>8192</querytype>
    <fetchxml>
      <fetch
        version="1.0"
        mapping="logical"
        output-format="xml-platform">
        <entity
          name="rhm_wcnrequest">
          <attribute
            name="rhm_wcnrequestid" />
          <filter
            type="and">
            <condition
              attribute="statecode"
              operator="eq"
              value="0" />
            <condition
              attribute="ownerid"
              operator="eq-userid" />
          </filter>
        </entity>
      </fetch>
    </fetchxml>
    <IntroducedVersion>1.0</IntroducedVersion>
    <LocalizedNames>
      <LocalizedName
        description="My WCN Requests"
        languagecode="1033" />
    </LocalizedNames>
    <Descriptions>
      <Description
        description="Active WCN Requests owned by me"
        languagecode="1033" />
    </Descriptions>
  </savedquery>
</savedqueries>