<?xml version="1.0" encoding="utf-8"?>
<environmentvariabledefinition
  schemaname="rhm_OracleCreateOrderURL">
  <defaultvalue>https://www.oracle.com/in/scm/order-management/</defaultvalue>
  <displayname
    default="Rheem Oracle Services - Create Order URL">
    <label
      description="Rheem Oracle Services - Create Order URL"
      languagecode="1033" />
  </displayname>
  <introducedversion>1.0.0.0</introducedversion>
  <iscustomizable>1</iscustomizable>
  <isrequired>0</isrequired>
  <secretstore>0</secretstore>
  <type>100000000</type>
</environmentvariabledefinition>