﻿<?xml version="1.0" encoding="utf-8"?>
<savedquery>
  <IsCustomizable>1</IsCustomizable>
  <CanBeDeleted>0</CanBeDeleted>
  <isquickfindquery>0</isquickfindquery>
  <isprivate>0</isprivate>
  <isdefault>1</isdefault>
  <returnedtypecode>10089</returnedtypecode>
  <savedqueryid>{9015318e-def2-4d88-a69c-3b3efce893c7}</savedqueryid>
  <layoutxml>
    <grid name="resultset" object="10089" jump="rbs_name" select="1" icon="1" preview="1">
      <row name="result" id="rbs_distributionauditlogid">
        <cell name="rbs_targetentityschemaname" width="150" imageproviderfunctionname="" imageproviderwebresource="$webresource:" />
        <cell name="rbs_distributiontargettype" width="150" imageproviderfunctionname="" imageproviderwebresource="$webresource:" />
        <cell name="rbs_distributionrule" width="150" imageproviderfunctionname="" imageproviderwebresource="$webresource:" />
        <cell name="rbs_recordstobeassigned" width="125" imageproviderfunctionname="" imageproviderwebresource="$webresource:" />
        <cell name="rbs_recordsassignmentsuccessful" width="150" imageproviderfunctionname="" imageproviderwebresource="$webresource:" />
        <cell name="rbs_recordsassignmentfailed" width="150" imageproviderfunctionname="" imageproviderwebresource="$webresource:" />
        <cell name="rbs_trigger" width="100" />
        <cell name="createdon" width="125" />
      </row>
    </grid>
  </layoutxml>
  <querytype>1</querytype>
  <fetchxml>
    <fetch version="1.0" mapping="logical">
      <entity name="rbs_distributionauditlog">
        <attribute name="createdon" />
        <order attribute="createdon" descending="true" />
        <attribute name="rbs_trigger" />
        <attribute name="rbs_targetentityschemaname" />
        <attribute name="rbs_recordstobeassigned" />
        <attribute name="rbs_recordsassignmentsuccessful" />
        <attribute name="rbs_recordsassignmentfailed" />
        <attribute name="rbs_distributiontargettype" />
        <attribute name="rbs_distributionrule" />
        <attribute name="rbs_distributionauditlogid" />
      </entity>
    </fetch>
  </fetchxml>
  <IntroducedVersion>1.0.0.0</IntroducedVersion>
  <LocalizedNames>
    <LocalizedName description="Distribution Audit Log Advanced Find View" languagecode="1033" />
  </LocalizedNames>
</savedquery>