﻿<?xml version="1.0" encoding="utf-8"?>
<systemform>
  <formid>{f6bff5b0-9518-4227-94e6-ed3301375753}</formid>
  <IntroducedVersion>0.0.0.1</IntroducedVersion>
  <FormPresentation>1</FormPresentation>
  <FormActivationState>1</FormActivationState>
  <form>
    <tabs>
      <tab verticallayout="true" id="{274b385b-7421-4cad-9242-1e0be38571c9}" IsUserDefined="1">
        <labels>
          <label description="General" languagecode="1033" />
        </labels>
        <columns>
          <column width="100%">
            <sections>
              <section showlabel="false" showbar="false" IsUserDefined="0" id="{2a7d31d1-1e72-4869-a245-2ca422aae018}">
                <labels>
                  <label description="General" languagecode="1033" />
                </labels>
                <rows>
                  <row>
                    <cell id="{dc3c4b81-ee28-b829-5185-a080d244b409}" showlabel="true" locklevel="0">
                      <labels>
                        <label description="Title" languagecode="1033" />
                      </labels>
                      <control id="nwm_title" classid="{4273EDBD-AC1D-40d3-9FB2-095C621B552D}" datafieldname="nwm_title" disabled="false" />
                    </cell>
                  </row>
                  <row>
                    <cell id="{b60a9355-ce88-4c9e-a506-7f9cde2ea423}" showlabel="true" locklevel="0">
                      <labels>
                        <label description="FirstName" languagecode="1033" />
                      </labels>
                      <control id="nwm_name" classid="{4273EDBD-AC1D-40d3-9FB2-095C621B552D}" datafieldname="nwm_name" uniqueid="{5869e000-208a-4096-3c49-68dda55e1244}" disabled="false" />
                    </cell>
                  </row>
                  <row>
                    <cell id="{e8d059aa-ccb9-e5ee-cc24-4744924c7ee3}" showlabel="true" locklevel="0">
                      <labels>
                        <label description="Middle Name" languagecode="1033" />
                      </labels>
                      <control id="nwm_middlename" classid="{4273EDBD-AC1D-40d3-9FB2-095C621B552D}" datafieldname="nwm_middlename" disabled="false" />
                    </cell>
                  </row>
                  <row>
                    <cell id="{d48d464c-be81-a759-8c59-32eb3178304d}" showlabel="true" locklevel="0">
                      <labels>
                        <label description="Last Name" languagecode="1033" />
                      </labels>
                      <control id="nwm_lastname" classid="{4273EDBD-AC1D-40d3-9FB2-095C621B552D}" datafieldname="nwm_lastname" disabled="false" />
                    </cell>
                  </row>
                  <row>
                    <cell id="{382bac3b-9c09-a762-3adc-127dab404d4b}" showlabel="true" locklevel="0">
                      <labels>
                        <label description="Job Title" languagecode="1033" />
                      </labels>
                      <control id="nwm_jobtitle" classid="{4273EDBD-AC1D-40d3-9FB2-095C621B552D}" datafieldname="nwm_jobtitle" disabled="false" />
                    </cell>
                  </row>
                  <row>
                    <cell id="{150d8474-70be-3433-a0d0-699c8c43e369}" showlabel="true" locklevel="0">
                      <labels>
                        <label description="Phone Number" languagecode="1033" />
                      </labels>
                      <control id="nwm_phonenumber" classid="{4273EDBD-AC1D-40d3-9FB2-095C621B552D}" datafieldname="nwm_phonenumber" disabled="false" />
                    </cell>
                  </row>
                  <row>
                    <cell id="{48b06b67-57a7-d8bb-9578-817c3d1d3c2b}" showlabel="true" locklevel="0">
                      <labels>
                        <label description="Email" languagecode="1033" />
                      </labels>
                      <control id="nwm_emailaddress" classid="{ADA2203E-B4CD-49be-9DDF-234642B43B52}" datafieldname="nwm_emailaddress" disabled="false" />
                    </cell>
                  </row>
                  <row>
                    <cell id="{44b427a2-1b6b-13bb-9a41-420cea3b9e19}" showlabel="true" locklevel="0">
                      <labels>
                        <label description="Cost Center Code" languagecode="1033" />
                      </labels>
                      <control id="nwm_costcentercode" classid="{4273EDBD-AC1D-40d3-9FB2-095C621B552D}" datafieldname="nwm_costcentercode" disabled="false" />
                    </cell>
                  </row>
                  <row>
                    <cell id="{b6685849-b159-8abd-50d5-69639a1db242}" showlabel="true" locklevel="0">
                      <labels>
                        <label description="ECD Id" languagecode="1033" />
                      </labels>
                      <control id="nwm_ecdid" classid="{C6D124CA-7EDA-4a60-AEA9-7FB8D318B68F}" datafieldname="nwm_ecdid" disabled="false" />
                    </cell>
                  </row>
                  <row>
                    <cell id="{71fcbe3d-8c05-4aed-9d5a-e7b6c89ace07}">
                      <labels>
                        <label description="Owner" languagecode="1033" />
                      </labels>
                      <control id="ownerid" classid="{270BD3DB-D9AF-4782-9025-509E298DEC0A}" datafieldname="ownerid" />
                    </cell>
                  </row>
                </rows>
              </section>
            </sections>
          </column>
        </columns>
      </tab>
    </tabs>
    <Navigation>
      <NavBar></NavBar>
      <NavBarAreas>
        <NavBarArea Id="Info">
          <Titles>
            <Title LCID="1033" Text="Common" />
          </Titles>
        </NavBarArea>
        <NavBarArea Id="Sales">
          <Titles>
            <Title LCID="1033" Text="Sales" />
          </Titles>
        </NavBarArea>
        <NavBarArea Id="Service">
          <Titles>
            <Title LCID="1033" Text="Service" />
          </Titles>
        </NavBarArea>
        <NavBarArea Id="Marketing">
          <Titles>
            <Title LCID="1033" Text="Marketing" />
          </Titles>
        </NavBarArea>
        <NavBarArea Id="ProcessCenter">
          <Titles>
            <Title LCID="1033" Text="Process Sessions" />
          </Titles>
        </NavBarArea>
      </NavBarAreas>
    </Navigation>
    <controlDescriptions />
  </form>
  <IsCustomizable>1</IsCustomizable>
  <CanBeDeleted>1</CanBeDeleted>
  <LocalizedNames>
    <LocalizedName description="Information" languagecode="1033" />
  </LocalizedNames>
  <Descriptions>
    <Description description="A form for this entity." languagecode="1033" />
  </Descriptions>
</systemform>