﻿<?xml version="1.0" encoding="utf-8"?>
<savedquery>
  <IsCustomizable>1</IsCustomizable>
  <CanBeDeleted>1</CanBeDeleted>
  <isquickfindquery>0</isquickfindquery>
  <isprivate>0</isprivate>
  <isdefault>0</isdefault>
  <returnedtypecode>3234</returnedtypecode>
  <savedqueryid>{566629fd-f24f-e611-8f24-005056ae789b}</savedqueryid>
  <layoutxml>
    <grid name="resultset" object="3234" jump="name" select="1" preview="1" icon="1">
      <row name="result" id="connectionid">
        <cell name="record2id" width="300" />
        <cell name="record1roleid" width="125" />
        <cell name="a_f873f2fe479e4c48b02e7fa58d8da2d8.customerid" width="150" disableSorting="1" />
        <cell name="a_f873f2fe479e4c48b02e7fa58d8da2d8.rbsm_desproduct" width="150" disableSorting="1" />
      </row>
    </grid>
  </layoutxml>
  <querytype>0</querytype>
  <fetchxml>
    <fetch version="1.0" output-format="xml-platform" mapping="logical" distinct="false">
      <entity name="connection">
        <attribute name="record1roleid" />
        <attribute name="record2id" />
        <order attribute="record2id" descending="false" />
        <filter type="and">
          <filter type="or">
            <condition attribute="record1objecttypecode" operator="eq" value="3" />
            <condition attribute="record2objecttypecode" operator="eq" value="3" />
          </filter>
        </filter>
        <link-entity alias="a_f873f2fe479e4c48b02e7fa58d8da2d8" name="opportunity" from="opportunityid" to="record2id" link-type="outer" visible="false">
          <attribute name="rbsm_desproduct" />
          <attribute name="customerid" />
        </link-entity>
        <attribute name="connectionid" />
      </entity>
    </fetch>
  </fetchxml>
  <IntroducedVersion>1.0.1.0</IntroducedVersion>
  <LocalizedNames>
    <LocalizedName description="Opportunities" languagecode="1033" />
  </LocalizedNames>
</savedquery>