﻿<?xml version="1.0" encoding="utf-8"?>
<systemform>
  <formid>{6af40efd-6495-4399-995f-32c5daaed149}</formid>
  <IntroducedVersion>0.0.0.1</IntroducedVersion>
  <FormPresentation>1</FormPresentation>
  <FormActivationState>1</FormActivationState>
  <form>
    <tabs>
      <tab verticallayout="true" id="{a002f98c-c93f-4279-87fe-e00148470e05}" IsUserDefined="1">
        <labels>
          <label description="" languagecode="1033" />
        </labels>
        <columns>
          <column width="100%">
            <sections>
              <section showlabel="false" showbar="false" IsUserDefined="0" id="{78ddb1a3-09b4-48d3-80ec-cd1f06f58f46}">
                <labels>
                  <label description="GENERAL" languagecode="1033" />
                </labels>
                <rows>
                  <row>
                    <cell id="{e30a6343-8587-4573-a03d-690268f30a2c}">
                      <labels>
                        <label description="Name" languagecode="1033" />
                      </labels>
                      <control id="nwm_name" classid="{4273EDBD-AC1D-40d3-9FB2-095C621B552D}" datafieldname="nwm_name" />
                    </cell>
                  </row>
                  <row>
                    <cell id="{21c1a392-a499-41ef-95ab-b4d06eb24eac}">
                      <labels>
                        <label description="Owner" languagecode="1033" />
                      </labels>
                      <control id="ownerid" classid="{270BD3DB-D9AF-4782-9025-509E298DEC0A}" datafieldname="ownerid" />
                    </cell>
                  </row>
                </rows>
              </section>
            </sections>
          </column>
        </columns>
      </tab>
    </tabs>
  </form>
  <IsCustomizable>1</IsCustomizable>
  <CanBeDeleted>1</CanBeDeleted>
  <LocalizedNames>
    <LocalizedName description="Information" languagecode="1033" />
  </LocalizedNames>
</systemform>