<environmentvariabledefinition schemaname="lcc_LCCEnvironmentURL">
  <defaultvalue>https://operations-fin-kpmgqa.crm11.dynamics.com/main.aspx</defaultvalue>
  <displayname default="LCC Environment URL">
    <label description="LCC Environment URL" languagecode="1033" />
  </displayname>
  <introducedversion>1.0.0.0</introducedversion>
  <iscustomizable>1</iscustomizable>
  <isrequired>0</isrequired>
  <secretstore>0</secretstore>
  <type>100000000</type>
</environmentvariabledefinition>