﻿<?xml version="1.0" encoding="utf-8"?>
<WebResource>
  <WebResourceId>{9466cda0-19e3-e611-80d5-3863bb358e18}</WebResourceId>
  <Name>nwm_/app/components/widgets/tagging/autocomp_template.html</Name>
  <DisplayName>nwm_/app/components/widgets/tagging/autocomp_template.html</DisplayName>
  <WebResourceType>1</WebResourceType>
  <IntroducedVersion>0.0.0.1</IntroducedVersion>
  <IsEnabledForMobileClient>0</IsEnabledForMobileClient>
  <IsAvailableForMobileOffline>0</IsAvailableForMobileOffline>
  <IsCustomizable>1</IsCustomizable>
  <CanBeDeleted>1</CanBeDeleted>
  <IsHidden>0</IsHidden>
  <FileName>/WebResources/nwm_appcomponentswidgetstaggingautocomp_templateht9466CDA0-19E3-E611-80D5-3863BB358E18</FileName>
</WebResource>