﻿<?xml version="1.0" encoding="utf-8"?>
<WebResource>
  <WebResourceId>{d2dd36d9-64dd-e611-80d9-3863bb34cdb0}</WebResourceId>
  <Name>nwm_/app/components/widgets/tagging/controller.js</Name>
  <DisplayName>nwm_/app/components/widgets/tagging/controller.js</DisplayName>
  <WebResourceType>3</WebResourceType>
  <IntroducedVersion>0.0.0.1</IntroducedVersion>
  <IsEnabledForMobileClient>0</IsEnabledForMobileClient>
  <IsAvailableForMobileOffline>0</IsAvailableForMobileOffline>
  <IsCustomizable>1</IsCustomizable>
  <CanBeDeleted>1</CanBeDeleted>
  <IsHidden>0</IsHidden>
  <FileName>/WebResources/nwm_appcomponentswidgetstaggingcontrollerjsD2DD36D9-64DD-E611-80D9-3863BB34CDB0</FileName>
</WebResource>