﻿<?xml version="1.0" encoding="utf-8"?>
<WebResource>
  <WebResourceId>{41aa2297-17e3-e611-80d5-3863bb358e18}</WebResourceId>
  <Name>nwm_/app/components/widgets/tagging/ico_16_1024_Product.png</Name>
  <DisplayName>nwm_/app/components/widgets/tagging/ico_16_1024_Product.png</DisplayName>
  <WebResourceType>5</WebResourceType>
  <IntroducedVersion>0.0.0.1</IntroducedVersion>
  <IsEnabledForMobileClient>0</IsEnabledForMobileClient>
  <IsAvailableForMobileOffline>0</IsAvailableForMobileOffline>
  <IsCustomizable>1</IsCustomizable>
  <CanBeDeleted>1</CanBeDeleted>
  <IsHidden>0</IsHidden>
  <FileName>/WebResources/nwm_appcomponentswidgetstaggingico_16_1024_Product41AA2297-17E3-E611-80D5-3863BB358E18</FileName>
</WebResource>