﻿<?xml version="1.0" encoding="utf-8"?>
<WebResource>
  <WebResourceId>{772a4040-17e3-e611-80d5-3863bb358e18}</WebResourceId>
  <Name>nwm_/app/components/widgets/tagging/style.css</Name>
  <DisplayName>nwm_/app/components/widgets/tagging/style.css</DisplayName>
  <WebResourceType>2</WebResourceType>
  <IntroducedVersion>0.0.0.1</IntroducedVersion>
  <IsEnabledForMobileClient>0</IsEnabledForMobileClient>
  <IsAvailableForMobileOffline>0</IsAvailableForMobileOffline>
  <IsCustomizable>1</IsCustomizable>
  <CanBeDeleted>1</CanBeDeleted>
  <IsHidden>0</IsHidden>
  <FileName>/WebResources/nwm_appcomponentswidgetstaggingstylecss772A4040-17E3-E611-80D5-3863BB358E18</FileName>
</WebResource>