﻿<?xml version="1.0" encoding="utf-8"?>
<WebResource>
  <WebResourceId>{7061dcdb-b6e7-e611-80d6-1458d0431600}</WebResourceId>
  <Name>nwm_/app/components/widgets/tagging/tagging_app.js</Name>
  <DisplayName>nwm_/app/components/widgets/tagging/tagging_app.js</DisplayName>
  <WebResourceType>3</WebResourceType>
  <IntroducedVersion>0.0.0.1</IntroducedVersion>
  <IsEnabledForMobileClient>0</IsEnabledForMobileClient>
  <IsAvailableForMobileOffline>0</IsAvailableForMobileOffline>
  <IsCustomizable>1</IsCustomizable>
  <CanBeDeleted>1</CanBeDeleted>
  <IsHidden>0</IsHidden>
  <FileName>/WebResources/nwm_appcomponentswidgetstaggingtagging_appjs7061DCDB-B6E7-E611-80D6-1458D0431600</FileName>
</WebResource>