﻿<?xml version="1.0" encoding="utf-8"?>
<WebResource>
  <WebResourceId>{4538d3fd-64dd-e611-80d9-3863bb34cdb0}</WebResourceId>
  <Name>nwm_/app/components/widgets/tagging/view.html</Name>
  <DisplayName>nwm_/app/components/widgets/tagging/view.html</DisplayName>
  <WebResourceType>1</WebResourceType>
  <IntroducedVersion>0.0.0.1</IntroducedVersion>
  <IsEnabledForMobileClient>0</IsEnabledForMobileClient>
  <IsAvailableForMobileOffline>0</IsAvailableForMobileOffline>
  <DependencyXml>&lt;Dependencies&gt;&lt;Dependency componentType="WebResource"/&gt;&lt;/Dependencies&gt;</DependencyXml>
  <IsCustomizable>1</IsCustomizable>
  <CanBeDeleted>1</CanBeDeleted>
  <IsHidden>0</IsHidden>
  <FileName>/WebResources/nwm_appcomponentswidgetstaggingviewhtml4538D3FD-64DD-E611-80D9-3863BB34CDB0</FileName>
</WebResource>