﻿<?xml version="1.0" encoding="utf-8"?>
<optionset Name="connectionrole_category" localizedName="Category" description="Categories for connection roles.">
  <OptionSetType>picklist</OptionSetType>
  <IsGlobal>1</IsGlobal>
  <IntroducedVersion>5.0.0.0</IntroducedVersion>
  <displaynames>
    <displayname description="Category" languagecode="1033" />
  </displaynames>
  <Descriptions>
    <Description description="Categories for connection roles." languagecode="1033" />
  </Descriptions>
  <options>
    <option value="337340000" Color="#0000ff">
      <labels>
        <label description="Security" languagecode="1033" />
      </labels>
      <Descriptions>
        <Description description="" languagecode="1033" />
      </Descriptions>
    </option>
    <option value="1" Color="">
      <labels>
        <label description="Business" languagecode="1033" />
      </labels>
      <Descriptions>
        <Description description="" languagecode="1033" />
      </Descriptions>
    </option>
    <option value="2" Color="">
      <labels>
        <label description="Family" languagecode="1033" />
      </labels>
      <Descriptions>
        <Description description="" languagecode="1033" />
      </Descriptions>
    </option>
    <option value="3" Color="">
      <labels>
        <label description="Social" languagecode="1033" />
      </labels>
      <Descriptions>
        <Description description="" languagecode="1033" />
      </Descriptions>
    </option>
    <option value="4" Color="">
      <labels>
        <label description="Sales" languagecode="1033" />
      </labels>
      <Descriptions>
        <Description description="" languagecode="1033" />
      </Descriptions>
    </option>
    <option value="5" Color="">
      <labels>
        <label description="Other" languagecode="1033" />
      </labels>
      <Descriptions>
        <Description description="" languagecode="1033" />
      </Descriptions>
    </option>
    <option value="1000" Color="">
      <labels>
        <label description="Stakeholder" languagecode="1033" />
      </labels>
      <Descriptions>
        <Description description="" languagecode="1033" />
      </Descriptions>
    </option>
    <option value="1001" Color="">
      <labels>
        <label description="Sales Team" languagecode="1033" />
      </labels>
      <Descriptions>
        <Description description="" languagecode="1033" />
      </Descriptions>
    </option>
    <option value="1002" Color="">
      <labels>
        <label description="Service" languagecode="1033" />
      </labels>
      <Descriptions>
        <Description description="" languagecode="1033" />
      </Descriptions>
    </option>
  </options>
</optionset>