﻿<?xml version="1.0" encoding="utf-8"?>
<optionset Name="nwm_clientaccessrequesttype" localizedName="Client Access Request Type" description="Client Access Request Type Option Set.">
  <OptionSetType>picklist</OptionSetType>
  <IsGlobal>1</IsGlobal>
  <IntroducedVersion>0.0.0.1</IntroducedVersion>
  <IsCustomizable>1</IsCustomizable>
  <displaynames>
    <displayname description="Client Access Request Type" languagecode="1033" />
  </displaynames>
  <Descriptions>
    <Description description="Client Access Request Type Option Set." languagecode="1033" />
  </Descriptions>
  <options>
    <option value="337340000" Color="#0000ff">
      <labels>
        <label description="Grant" languagecode="1033" />
      </labels>
      <Descriptions>
        <Description description="" languagecode="1033" />
      </Descriptions>
    </option>
    <option value="337340001" Color="#0000ff">
      <labels>
        <label description="Revoke" languagecode="1033" />
      </labels>
      <Descriptions>
        <Description description="" languagecode="1033" />
      </Descriptions>
    </option>
  </options>
</optionset>