﻿<?xml version="1.0" encoding="utf-8"?>
<optionset Name="nwm_frequency" localizedName="Frequency" description="Frequency Option Set.">
  <OptionSetType>picklist</OptionSetType>
  <IsGlobal>1</IsGlobal>
  <IntroducedVersion>0.0.0.1</IntroducedVersion>
  <IsCustomizable>1</IsCustomizable>
  <displaynames>
    <displayname description="Frequency" languagecode="1033" />
  </displaynames>
  <Descriptions>
    <Description description="Frequency Option Set." languagecode="1033" />
  </Descriptions>
  <options>
    <option value="277810000" Color="#ffffff">
      <labels>
        <label description="None" languagecode="1033" />
      </labels>
      <Descriptions>
        <Description description="" languagecode="1033" />
      </Descriptions>
    </option>
    <option value="277810001" Color="#00ff00">
      <labels>
        <label description="Daily" languagecode="1033" />
      </labels>
      <Descriptions>
        <Description description="" languagecode="1033" />
      </Descriptions>
    </option>
    <option value="277810002" Color="#00bb00">
      <labels>
        <label description="Weekly" languagecode="1033" />
      </labels>
      <Descriptions>
        <Description description="" languagecode="1033" />
      </Descriptions>
    </option>
    <option value="277810003" Color="#007700">
      <labels>
        <label description="Monthly" languagecode="1033" />
      </labels>
      <Descriptions>
        <Description description="" languagecode="1033" />
      </Descriptions>
    </option>
    <option value="277810004" Color="#ff0000">
      <labels>
        <label description="Infrequent" languagecode="1033" />
      </labels>
      <Descriptions>
        <Description description="" languagecode="1033" />
      </Descriptions>
    </option>
  </options>
</optionset>