﻿<?xml version="1.0" encoding="utf-8"?>
<optionset Name="nwm_coveragemodel" localizedName="Coverage Model" description="Coverage Model Option Set.">
  <OptionSetType>picklist</OptionSetType>
  <IsGlobal>1</IsGlobal>
  <IntroducedVersion>0.0.0.1</IntroducedVersion>
  <IsCustomizable>1</IsCustomizable>
  <displaynames>
    <displayname description="Coverage Model" languagecode="1033" />
  </displaynames>
  <Descriptions>
    <Description description="Coverage Model Option Set." languagecode="1033" />
  </Descriptions>
  <options>
    <option value="277810000" Color="#0000ff">
      <labels>
        <label description="China FI" languagecode="1033" />
      </labels>
      <Descriptions>
        <Description description="" languagecode="1033" />
      </Descriptions>
    </option>
    <option value="277810001" Color="#0000ff">
      <labels>
        <label description="eFX" languagecode="1033" />
      </labels>
      <Descriptions>
        <Description description="" languagecode="1033" />
      </Descriptions>
    </option>
    <option value="277810002" Color="#0000ff">
      <labels>
        <label description="Execution Services" languagecode="1033" />
      </labels>
      <Descriptions>
        <Description description="" languagecode="1033" />
      </Descriptions>
    </option>
    <option value="277810003" Color="#0000ff">
      <labels>
        <label description="Foreign FI Sales Japan" languagecode="1033" />
      </labels>
      <Descriptions>
        <Description description="" languagecode="1033" />
      </Descriptions>
    </option>
    <option value="277810004" Color="#0000ff">
      <labels>
        <label description="FX Sales Japan" languagecode="1033" />
      </labels>
      <Descriptions>
        <Description description="" languagecode="1033" />
      </Descriptions>
    </option>
    <option value="277810005" Color="#0000ff">
      <labels>
        <label description="FXMP" languagecode="1033" />
      </labels>
      <Descriptions>
        <Description description="" languagecode="1033" />
      </Descriptions>
    </option>
    <option value="277810006" Color="#0000ff">
      <labels>
        <label description="Global FI" languagecode="1033" />
      </labels>
      <Descriptions>
        <Description description="" languagecode="1033" />
      </Descriptions>
    </option>
    <option value="277810007" Color="#0000ff">
      <labels>
        <label description="India FI" languagecode="1033" />
      </labels>
      <Descriptions>
        <Description description="" languagecode="1033" />
      </Descriptions>
    </option>
    <option value="277810008" Color="#0000ff">
      <labels>
        <label description="Macro Sales" languagecode="1033" />
      </labels>
      <Descriptions>
        <Description description="" languagecode="1033" />
      </Descriptions>
    </option>
    <option value="277810009" Color="#0000ff">
      <labels>
        <label description="SG / China FI" languagecode="1033" />
      </labels>
      <Descriptions>
        <Description description="" languagecode="1033" />
      </Descriptions>
    </option>
    <option value="277810010" Color="#0000ff">
      <labels>
        <label description="Taiwan FI" languagecode="1033" />
      </labels>
      <Descriptions>
        <Description description="" languagecode="1033" />
      </Descriptions>
    </option>
  </options>
</optionset>