﻿<?xml version="1.0" encoding="utf-8"?>
<optionset Name="nwm_business" localizedName="Business" description="Business Option Set.">
  <OptionSetType>picklist</OptionSetType>
  <IsGlobal>1</IsGlobal>
  <IntroducedVersion>0.0.0.1</IntroducedVersion>
  <IsCustomizable>1</IsCustomizable>
  <displaynames>
    <displayname description="Business" languagecode="1033" />
  </displaynames>
  <Descriptions>
    <Description description="Business Option Set." languagecode="1033" />
  </Descriptions>
  <options>
    <option value="277810000" Color="#0000ff">
      <labels>
        <label description="Currencies" languagecode="1033" />
      </labels>
      <Descriptions>
        <Description description="" languagecode="1033" />
      </Descriptions>
    </option>
    <option value="277810001" Color="#0000ff">
      <labels>
        <label description="Credit" languagecode="1033" />
      </labels>
      <Descriptions>
        <Description description="" languagecode="1033" />
      </Descriptions>
    </option>
    <option value="277810002" Color="#0000ff">
      <labels>
        <label description="Futures" languagecode="1033" />
      </labels>
      <Descriptions>
        <Description description="" languagecode="1033" />
      </Descriptions>
    </option>
    <option value="277810003" Color="#0000ff">
      <labels>
        <label description="Rates" languagecode="1033" />
      </labels>
      <Descriptions>
        <Description description="" languagecode="1033" />
      </Descriptions>
    </option>
    <option value="277810004" Color="#0000ff">
      <labels>
        <label description="SP" languagecode="1033" />
      </labels>
      <Descriptions>
        <Description description="" languagecode="1033" />
      </Descriptions>
    </option>
  </options>
</optionset>