﻿<?xml version="1.0" encoding="utf-8"?>
<optionset Name="nwm_region" localizedName="Region" description="Region Option Set.">
  <OptionSetType>picklist</OptionSetType>
  <IsGlobal>1</IsGlobal>
  <IntroducedVersion>0.0.0.1</IntroducedVersion>
  <IsCustomizable>1</IsCustomizable>
  <displaynames>
    <displayname description="Region" languagecode="1033" />
  </displaynames>
  <Descriptions>
    <Description description="Region Option Set." languagecode="1033" />
  </Descriptions>
  <options>
    <option value="277810000" Color="#0000ff">
      <labels>
        <label description="AMERICAS" languagecode="1033" />
      </labels>
      <Descriptions>
        <Description description="" languagecode="1033" />
      </Descriptions>
    </option>
    <option value="277810001" Color="#0000ff">
      <labels>
        <label description="APAC Ex JAPAN" languagecode="1033" />
      </labels>
      <Descriptions>
        <Description description="" languagecode="1033" />
      </Descriptions>
    </option>
    <option value="277810002" Color="#0000ff">
      <labels>
        <label description="EMEA" languagecode="1033" />
      </labels>
      <Descriptions>
        <Description description="" languagecode="1033" />
      </Descriptions>
    </option>
    <option value="277810003" Color="#0000ff">
      <labels>
        <label description="JAPAN" languagecode="1033" />
      </labels>
      <Descriptions>
        <Description description="" languagecode="1033" />
      </Descriptions>
    </option>
  </options>
</optionset>