﻿<?xml version="1.0" encoding="utf-8"?>
<optionset Name="nwm_clientaccessrole" localizedName="Client Access Role" description="Option set used to define user's access role details in Client Access Team record">
  <OptionSetType>picklist</OptionSetType>
  <IsGlobal>1</IsGlobal>
  <IntroducedVersion>0.0.0.1</IntroducedVersion>
  <IsCustomizable>1</IsCustomizable>
  <displaynames>
    <displayname description="Client Access Role" languagecode="1033" />
  </displaynames>
  <Descriptions>
    <Description description="Option set used to define user's access role details in Client Access Team record" languagecode="1033" />
  </Descriptions>
  <options>
    <option value="337340000" Color="#0000ff">
      <labels>
        <label description="T&amp;FS (Public)" languagecode="1033" />
      </labels>
      <Descriptions>
        <Description description="" languagecode="1033" />
      </Descriptions>
    </option>
    <option value="337340001" Color="#0000ff">
      <labels>
        <label description="F&amp;RS (Private)" languagecode="1033" />
      </labels>
      <Descriptions>
        <Description description="" languagecode="1033" />
      </Descriptions>
    </option>
  </options>
</optionset>