﻿<?xml version="1.0" encoding="utf-8"?>
<optionset Name="nwm_callreportclassification" localizedName="CallReportClassification">
  <OptionSetType>picklist</OptionSetType>
  <IsGlobal>1</IsGlobal>
  <IntroducedVersion>0.0.0.1</IntroducedVersion>
  <IsCustomizable>1</IsCustomizable>
  <displaynames>
    <displayname description="CallReportClassification" languagecode="1033" />
  </displaynames>
  <Descriptions>
    <Description description="" languagecode="1033" />
  </Descriptions>
  <options>
    <option value="277810001" Color="#0000ff">
      <labels>
        <label description="Public" languagecode="1033" />
      </labels>
      <Descriptions>
        <Description description="Public" languagecode="1033" />
      </Descriptions>
    </option>
    <option value="277810002" Color="#0000ff">
      <labels>
        <label description="Private" languagecode="1033" />
      </labels>
      <Descriptions>
        <Description description="Private" languagecode="1033" />
      </Descriptions>
    </option>
  </options>
</optionset>