﻿<?xml version="1.0" encoding="utf-8"?>
<optionset Name="nwm_accountlevel" localizedName="Client Level" description="Account Level.">
  <OptionSetType>picklist</OptionSetType>
  <IsGlobal>1</IsGlobal>
  <IntroducedVersion>0.0.0.1</IntroducedVersion>
  <IsCustomizable>1</IsCustomizable>
  <displaynames>
    <displayname description="Client Level" languagecode="1033" />
  </displaynames>
  <Descriptions>
    <Description description="Account Level." languagecode="1033" />
  </Descriptions>
  <options>
    <option value="277810000" Color="#0000ff">
      <labels>
        <label description="L1" languagecode="1033" />
      </labels>
      <Descriptions>
        <Description description="" languagecode="1033" />
      </Descriptions>
    </option>
    <option value="277810001" Color="#0000ff">
      <labels>
        <label description="L2" languagecode="1033" />
      </labels>
      <Descriptions>
        <Description description="" languagecode="1033" />
      </Descriptions>
    </option>
    <option value="277810002" Color="#0000ff">
      <labels>
        <label description="L3" languagecode="1033" />
      </labels>
      <Descriptions>
        <Description description="" languagecode="1033" />
      </Descriptions>
    </option>
    <option value="277810003" Color="#0000ff">
      <labels>
        <label description="L4" languagecode="1033" />
      </labels>
      <Descriptions>
        <Description description="" languagecode="1033" />
      </Descriptions>
    </option>
  </options>
</optionset>