﻿<?xml version="1.0" encoding="utf-8"?>
<systemform>
  <formid>{8046ef19-4202-4b03-b379-5f5ca8df7875}</formid>
  <IntroducedVersion>1.0</IntroducedVersion>
  <FormPresentation>0</FormPresentation>
  <FormActivationState>1</FormActivationState>
  <form>
    <tabs>
      <tab name="general" verticallayout="true" id="{161fffd5-c0db-4ad1-b785-eeb55f67174e}" IsUserDefined="0">
        <labels>
          <label description="" languagecode="1033" />
        </labels>
        <columns>
          <column width="100%">
            <sections>
              <section name="account information" showlabel="false" showbar="false" id="{175e68c1-62a1-4fd4-9f2d-941401e8862c}" IsUserDefined="0">
                <labels>
                  <label description="" languagecode="1033" />
                </labels>
                <rows>
                  <row>
                    <cell id="{e8bff830-1350-4a1f-882f-23a27efeefc4}">
                      <labels>
                        <label description="Key" languagecode="1033" />
                      </labels>
                      <control id="rbsm_key" classid="{4273EDBD-AC1D-40d3-9FB2-095C621B552D}" datafieldname="rbsm_key" disabled="false" />
                    </cell>
                    <cell id="{2ed5eb3f-5e63-40bc-ae3e-380ed036c4ce}">
                      <labels>
                        <label description="Status" languagecode="1033" />
                      </labels>
                      <control id="statecode" classid="{3EF39988-22BB-4f0b-BBBE-64B5A3748AEE}" datafieldname="statecode" disabled="false" />
                    </cell>
                  </row>
                </rows>
              </section>
            </sections>
          </column>
        </columns>
      </tab>
    </tabs>
  </form>
  <IsCustomizable>1</IsCustomizable>
  <CanBeDeleted>1</CanBeDeleted>
  <LocalizedNames>
    <LocalizedName description="Information" languagecode="1033" />
  </LocalizedNames>
  <Descriptions>
    <Description description="This is the form that is displayed for the CRM Mobile application." languagecode="1033" />
  </Descriptions>
</systemform>