﻿<?xml version="1.0" encoding="utf-8"?>
<savedquery>
  <IsCustomizable>1</IsCustomizable>
  <CanBeDeleted>0</CanBeDeleted>
  <isquickfindquery>0</isquickfindquery>
  <isprivate>0</isprivate>
  <isdefault>1</isdefault>
  <returnedtypecode>10084</returnedtypecode>
  <savedqueryid>{3bd6be9e-6498-4aaf-a099-5b5a992ed3cb}</savedqueryid>
  <layoutxml>
    <grid name="" object="10084" jump="rbs_name" select="1" icon="1" preview="0">
      <row name="rbs_distributionrule" id="rbs_distributionruleid">
        <cell name="rbs_name" width="150" imageproviderfunctionname="" imageproviderwebresource="$webresource:" />
        <cell name="rbs_description" width="300" disableSorting="1" imageproviderfunctionname="" imageproviderwebresource="$webresource:" />
        <cell name="rbs_targetentityschemaname" width="150" imageproviderfunctionname="" imageproviderwebresource="$webresource:" />
        <cell name="rbs_distributiontargettype" width="150" imageproviderfunctionname="" imageproviderwebresource="$webresource:" />
        <cell name="rbs_nexttriggerdate" width="150" imageproviderfunctionname="" imageproviderwebresource="$webresource:" />
        <cell name="rbs_frequency" width="100" />
        <cell name="statuscode" width="100" />
        <cell name="createdon" width="125" />
      </row>
    </grid>
  </layoutxml>
  <querytype>64</querytype>
  <fetchxml>
    <fetch version="1.0" mapping="logical">
      <entity name="rbs_distributionrule">
        <attribute name="rbs_distributionruleid" />
        <attribute name="rbs_name" />
        <attribute name="createdon" />
        <filter type="and">
          <condition attribute="statecode" operator="eq" value="0" />
        </filter>
        <order attribute="rbs_targetentityschemaname" descending="false" />
        <attribute name="rbs_targetentityschemaname" />
        <attribute name="statuscode" />
        <attribute name="rbs_nexttriggerdate" />
        <attribute name="rbs_frequency" />
        <attribute name="rbs_distributiontargettype" />
        <attribute name="rbs_description" />
      </entity>
    </fetch>
  </fetchxml>
  <IntroducedVersion>1.0.0.0</IntroducedVersion>
  <LocalizedNames>
    <LocalizedName description="Distribution Rule Lookup View" languagecode="1033" />
  </LocalizedNames>
</savedquery>