﻿<?xml version="1.0" encoding="utf-8"?>
<savedquery>
  <IsCustomizable>1</IsCustomizable>
  <CanBeDeleted>0</CanBeDeleted>
  <isquickfindquery>0</isquickfindquery>
  <isprivate>0</isprivate>
  <isdefault>0</isdefault>
  <returnedtypecode>10084</returnedtypecode>
  <savedqueryid>{f5547903-d41f-45c3-897d-1eeecf841f4a}</savedqueryid>
  <layoutxml>
    <grid name="resultset" object="10084" jump="rbs_name" select="1" icon="1" preview="1">
      <row name="result" id="rbs_distributionruleid">
        <cell name="rbs_name" width="150" imageproviderfunctionname="" imageproviderwebresource="$webresource:" />
        <cell name="rbs_description" width="300" disableSorting="1" imageproviderfunctionname="" imageproviderwebresource="$webresource:" />
        <cell name="rbs_targetentityschemaname" width="150" imageproviderfunctionname="" imageproviderwebresource="$webresource:" />
        <cell name="rbs_distributiontargettype" width="150" imageproviderfunctionname="" imageproviderwebresource="$webresource:" />
        <cell name="rbs_frequency" width="100" />
        <cell name="rbs_nexttriggerdate" width="150" imageproviderfunctionname="" imageproviderwebresource="$webresource:" />
        <cell name="statuscode" width="100" />
        <cell name="createdon" width="125" />
      </row>
    </grid>
  </layoutxml>
  <querytype>0</querytype>
  <fetchxml>
    <fetch version="1.0" mapping="logical">
      <entity name="rbs_distributionrule">
        <attribute name="rbs_name" />
        <attribute name="createdon" />
        <order attribute="rbs_targetentityschemaname" descending="false" />
        <filter type="and">
          <condition attribute="statecode" operator="eq" value="1" />
        </filter>
        <attribute name="rbs_targetentityschemaname" />
        <attribute name="statuscode" />
        <attribute name="rbs_nexttriggerdate" />
        <attribute name="rbs_frequency" />
        <attribute name="rbs_distributiontargettype" />
        <attribute name="rbs_description" />
        <attribute name="rbs_distributionruleid" />
      </entity>
    </fetch>
  </fetchxml>
  <IntroducedVersion>1.0.0.0</IntroducedVersion>
  <LocalizedNames>
    <LocalizedName description="Inactive Distribution Rules" languagecode="1033" />
  </LocalizedNames>
</savedquery>