﻿<?xml version="1.0" encoding="utf-8"?>
<systemform>
  <formid>{edad7986-a683-47ad-a504-04141cadaf83}</formid>
  <IntroducedVersion>1.0</IntroducedVersion>
  <FormPresentation>1</FormPresentation>
  <FormActivationState>1</FormActivationState>
  <form>
    <tabs>
      <tab verticallayout="true" id="{8d6f6a67-f9ca-4e2e-aaaf-b1013c4c35a4}" IsUserDefined="1">
        <labels>
          <label description="General" languagecode="1033" />
        </labels>
        <columns>
          <column width="100%">
            <sections>
              <section showlabel="false" showbar="false" IsUserDefined="0" id="{96ce64a9-b915-4fe7-a050-903818741397}">
                <labels>
                  <label description="General" languagecode="1033" />
                </labels>
                <rows>
                  <row>
                    <cell id="{167988e3-ed30-4d05-9181-95cda439331d}">
                      <labels>
                        <label description="Option Set Schema Name" languagecode="1033" />
                      </labels>
                      <control id="gap_optionsetschemaname" classid="{4273EDBD-AC1D-40d3-9FB2-095C621B552D}" datafieldname="gap_optionsetschemaname" />
                    </cell>
                  </row>
                </rows>
              </section>
            </sections>
          </column>
        </columns>
      </tab>
    </tabs>
  </form>
  <IsCustomizable>1</IsCustomizable>
  <CanBeDeleted>1</CanBeDeleted>
  <LocalizedNames>
    <LocalizedName description="Information" languagecode="1033" />
  </LocalizedNames>
  <Descriptions>
    <Description description="A form for this entity." languagecode="1033" />
  </Descriptions>
</systemform>