<environmentvariabledefinition schemaname="lcc_InvoiceJournalLineItemVATGroup">
  <defaultvalue>P-DOM,P-DOM NR</defaultvalue>
  <displayname default="Invoice Journal Line Item VAT Group">
    <label description="Invoice Journal Line Item VAT Group" languagecode="1033" />
  </displayname>
  <introducedversion>1.0.0.9</introducedversion>
  <iscustomizable>1</iscustomizable>
  <isrequired>0</isrequired>
  <secretstore>0</secretstore>
  <type>100000000</type>
</environmentvariabledefinition>