﻿<?xml version="1.0" encoding="utf-8"?>
<systemform unmodified="1">
  <formid>{a9969603-c28d-4a12-9d03-b9ed677a345a}</formid>
  <IntroducedVersion>7.0.0.0</IntroducedVersion>
  <FormPresentation>0</FormPresentation>
  <FormActivationState>1</FormActivationState>
  <form>
    <tabs>
      <tab name="hierarchy" verticallayout="true" id="{cb8e2253-e74e-41e7-9101-7a7e9991bf40}" IsUserDefined="0">
        <labels>
          <label description="Hierarchy" languagecode="1033" />
          <label description="Hierarchia" languagecode="1045" />
        </labels>
        <columns>
          <column width="100%">
            <sections>
              <section name="position tile" showlabel="false" showbar="false" id="{bd08c18f-61ac-4780-ad8c-1d852ffb775b}" IsUserDefined="0">
                <labels>
                  <label description="Information" languagecode="1033" />
                  <label description="Informacje" languagecode="1045" />
                </labels>
                <rows>
                  <row>
                    <cell id="{074458b0-6b4b-4dab-ab03-85c082c47044}">
                      <labels>
                        <label description="Name" languagecode="1033" />
                        <label description="Nazwa" languagecode="1045" />
                      </labels>
                      <control id="name" classid="{4273EDBD-AC1D-40d3-9FB2-095C621B552D}" datafieldname="name" />
                    </cell>
                  </row>
                </rows>
              </section>
            </sections>
          </column>
        </columns>
      </tab>
    </tabs>
  </form>
  <LocalizedNames>
    <LocalizedName description="Position Hierarchy Tile Form" languagecode="1033" />
    <LocalizedName description="Formularz hierarchii pozycji konta" languagecode="1045" />
  </LocalizedNames>
  <Descriptions>
    <Description description="This is the position hierarchy definition." languagecode="1033" />
    <Description description="To jest definicja hierarchii pozycji." languagecode="1045" />
  </Descriptions>
</systemform>