<ImportExportXml xmlns:xsi="http://www.w3.org/2001/XMLSchema-instance">
  <Entities></Entities>
  <Roles></Roles>
  <Workflows>
    <Workflow WorkflowId="{04df7e12-c6c8-eb11-bacc-000d3acc2ee2}" Name="Sales Order Line - Trigger DW sync on Create from Portal" Description="Update SyncStatus so that Dual write can pick up this record and sync to FinOps">
      <JsonFileName>/Workflows/SalesOrderLine-TriggerDWsynconCreatefromPortal-04DF7E12-C6C8-EB11-BACC-000D3ACC2EE2.json</JsonFileName>
      <Type>1</Type>
      <Subprocess>0</Subprocess>
      <Category>5</Category>
      <Mode>0</Mode>
      <Scope>4</Scope>
      <OnDemand>0</OnDemand>
      <TriggerOnCreate>0</TriggerOnCreate>
      <TriggerOnDelete>0</TriggerOnDelete>
      <AsyncAutodelete>0</AsyncAutodelete>
      <SyncWorkflowLogOnFailure>0</SyncWorkflowLogOnFailure>
      <StateCode>1</StateCode>
      <StatusCode>2</StatusCode>
      <RunAs>1</RunAs>
      <IsTransacted>1</IsTransacted>
      <IntroducedVersion>1.2.0.38</IntroducedVersion>
      <IsCustomizable>1</IsCustomizable>
      <IsCustomProcessingStepAllowedForOtherPublishers>1</IsCustomProcessingStepAllowedForOtherPublishers>
      <PrimaryEntity>none</PrimaryEntity>
      <LocalizedNames>
        <LocalizedName languagecode="1033" description="Sales Order Line - Trigger DW sync on Create from Portal" />
      </LocalizedNames>
      <Descriptions>
        <Description languagecode="1033" description="Update SyncStatus so that Dual write can pick up this record and sync to FinOps" />
      </Descriptions>
    </Workflow>
    <Workflow WorkflowId="{2aaa77ae-089f-ea11-a812-000d3ad199e2}" Name="Contact - Create/Update, Check for valid Azure AD">
      <JsonFileName>/Workflows/Contact-CreateUpdateCheckforvalidAzureAD-2AAA77AE-089F-EA11-A812-000D3AD199E2.json</JsonFileName>
      <Type>1</Type>
      <Subprocess>0</Subprocess>
      <Category>5</Category>
      <Mode>0</Mode>
      <Scope>4</Scope>
      <OnDemand>0</OnDemand>
      <TriggerOnCreate>0</TriggerOnCreate>
      <TriggerOnDelete>0</TriggerOnDelete>
      <AsyncAutodelete>0</AsyncAutodelete>
      <SyncWorkflowLogOnFailure>0</SyncWorkflowLogOnFailure>
      <StateCode>1</StateCode>
      <StatusCode>2</StatusCode>
      <RunAs>1</RunAs>
      <IsTransacted>1</IsTransacted>
      <IntroducedVersion>1.0</IntroducedVersion>
      <IsCustomizable>1</IsCustomizable>
      <IsCustomProcessingStepAllowedForOtherPublishers>1</IsCustomProcessingStepAllowedForOtherPublishers>
      <PrimaryEntity>none</PrimaryEntity>
      <LocalizedNames>
        <LocalizedName languagecode="1033" description="Contact - Create/Update, Check for valid Azure AD" />
      </LocalizedNames>
    </Workflow>
    <Workflow WorkflowId="{596b1e3e-56b7-ea11-a812-000d3ad199e2}" Name="BSL Price List - Monitor SharePoint SecureDocument for Price Lists">
      <JsonFileName>/Workflows/BSLPriceList-MonitorSharePointSecureDocumentforPri-596B1E3E-56B7-EA11-A812-000D3AD199E2.json</JsonFileName>
      <Type>1</Type>
      <Subprocess>0</Subprocess>
      <Category>5</Category>
      <Mode>0</Mode>
      <Scope>4</Scope>
      <OnDemand>0</OnDemand>
      <TriggerOnCreate>0</TriggerOnCreate>
      <TriggerOnDelete>0</TriggerOnDelete>
      <AsyncAutodelete>0</AsyncAutodelete>
      <SyncWorkflowLogOnFailure>0</SyncWorkflowLogOnFailure>
      <StateCode>1</StateCode>
      <StatusCode>2</StatusCode>
      <RunAs>1</RunAs>
      <IsTransacted>1</IsTransacted>
      <IntroducedVersion>1.0</IntroducedVersion>
      <IsCustomizable>1</IsCustomizable>
      <IsCustomProcessingStepAllowedForOtherPublishers>1</IsCustomProcessingStepAllowedForOtherPublishers>
      <PrimaryEntity>none</PrimaryEntity>
      <LocalizedNames>
        <LocalizedName languagecode="1033" description="BSL Price List - Monitor SharePoint SecureDocument for Price Lists" />
      </LocalizedNames>
    </Workflow>
    <Workflow WorkflowId="{601debab-71b7-ea11-a812-000d3ad199e2}" Name="[Scheduled] BSL Price List - Make record inactive based on end date">
      <JsonFileName>/Workflows/ScheduledBSLPriceList-Makerecordinactivebasedonend-601DEBAB-71B7-EA11-A812-000D3AD199E2.json</JsonFileName>
      <Type>1</Type>
      <Subprocess>0</Subprocess>
      <Category>5</Category>
      <Mode>0</Mode>
      <Scope>4</Scope>
      <OnDemand>0</OnDemand>
      <TriggerOnCreate>0</TriggerOnCreate>
      <TriggerOnDelete>0</TriggerOnDelete>
      <AsyncAutodelete>0</AsyncAutodelete>
      <SyncWorkflowLogOnFailure>0</SyncWorkflowLogOnFailure>
      <StateCode>1</StateCode>
      <StatusCode>2</StatusCode>
      <RunAs>1</RunAs>
      <IsTransacted>1</IsTransacted>
      <IntroducedVersion>1.0</IntroducedVersion>
      <IsCustomizable>1</IsCustomizable>
      <IsCustomProcessingStepAllowedForOtherPublishers>1</IsCustomProcessingStepAllowedForOtherPublishers>
      <PrimaryEntity>none</PrimaryEntity>
      <LocalizedNames>
        <LocalizedName languagecode="1033" description="[Scheduled] BSL Price List - Make record inactive based on end date" />
      </LocalizedNames>
    </Workflow>
    <Workflow WorkflowId="{d7d3b2ee-7bb7-ea11-a812-000d3ad199e2}" Name="[Scheduled] Statement - Calculate Net Due Amount">
      <JsonFileName>/Workflows/ScheduledStatement-CalculateNetDueAmount-D7D3B2EE-7BB7-EA11-A812-000D3AD199E2.json</JsonFileName>
      <Type>1</Type>
      <Subprocess>0</Subprocess>
      <Category>5</Category>
      <Mode>0</Mode>
      <Scope>4</Scope>
      <OnDemand>0</OnDemand>
      <TriggerOnCreate>0</TriggerOnCreate>
      <TriggerOnDelete>0</TriggerOnDelete>
      <AsyncAutodelete>0</AsyncAutodelete>
      <SyncWorkflowLogOnFailure>0</SyncWorkflowLogOnFailure>
      <StateCode>1</StateCode>
      <StatusCode>2</StatusCode>
      <RunAs>1</RunAs>
      <IsTransacted>1</IsTransacted>
      <IntroducedVersion>1.0</IntroducedVersion>
      <IsCustomizable>1</IsCustomizable>
      <IsCustomProcessingStepAllowedForOtherPublishers>1</IsCustomProcessingStepAllowedForOtherPublishers>
      <PrimaryEntity>none</PrimaryEntity>
      <LocalizedNames>
        <LocalizedName languagecode="1033" description="[Scheduled] Statement - Calculate Net Due Amount" />
      </LocalizedNames>
    </Workflow>
    <Workflow WorkflowId="{036774a7-ecb9-ea11-a812-000d3ad1cf6f}" Name="Child Flow - Get Environment Variables for BlobStorage">
      <JsonFileName>/Workflows/ChildFlow-GetEnvironmentVariablesforBlobStorage-036774A7-ECB9-EA11-A812-000D3AD1CF6F.json</JsonFileName>
      <Type>1</Type>
      <Subprocess>0</Subprocess>
      <Category>5</Category>
      <Mode>0</Mode>
      <Scope>4</Scope>
      <OnDemand>0</OnDemand>
      <TriggerOnCreate>0</TriggerOnCreate>
      <TriggerOnDelete>0</TriggerOnDelete>
      <AsyncAutodelete>0</AsyncAutodelete>
      <SyncWorkflowLogOnFailure>0</SyncWorkflowLogOnFailure>
      <StateCode>1</StateCode>
      <StatusCode>2</StatusCode>
      <RunAs>1</RunAs>
      <IsTransacted>1</IsTransacted>
      <IntroducedVersion>1.0</IntroducedVersion>
      <IsCustomizable>1</IsCustomizable>
      <IsCustomProcessingStepAllowedForOtherPublishers>1</IsCustomProcessingStepAllowedForOtherPublishers>
      <PrimaryEntity>none</PrimaryEntity>
      <LocalizedNames>
        <LocalizedName languagecode="1033" description="Child Flow - Get Environment Variables for BlobStorage" />
      </LocalizedNames>
    </Workflow>
    <Workflow WorkflowId="{bb65132c-29bb-ea11-a812-000d3ad1cf6f}" Name="Statements - Update, Calculate Net Due Amount on Change of Gross Amount, Discount Amount">
      <JsonFileName>/Workflows/Statements-UpdateCalculateNetDueAmountonChangeofGr-BB65132C-29BB-EA11-A812-000D3AD1CF6F.json</JsonFileName>
      <Type>1</Type>
      <Subprocess>0</Subprocess>
      <Category>5</Category>
      <Mode>0</Mode>
      <Scope>4</Scope>
      <OnDemand>0</OnDemand>
      <TriggerOnCreate>0</TriggerOnCreate>
      <TriggerOnDelete>0</TriggerOnDelete>
      <AsyncAutodelete>0</AsyncAutodelete>
      <SyncWorkflowLogOnFailure>0</SyncWorkflowLogOnFailure>
      <StateCode>1</StateCode>
      <StatusCode>2</StatusCode>
      <RunAs>1</RunAs>
      <IsTransacted>1</IsTransacted>
      <IntroducedVersion>1.0</IntroducedVersion>
      <IsCustomizable>1</IsCustomizable>
      <IsCustomProcessingStepAllowedForOtherPublishers>1</IsCustomProcessingStepAllowedForOtherPublishers>
      <PrimaryEntity>none</PrimaryEntity>
      <LocalizedNames>
        <LocalizedName languagecode="1033" description="Statements - Update, Calculate Net Due Amount on Change of Gross Amount, Discount Amount" />
      </LocalizedNames>
    </Workflow>
    <Workflow WorkflowId="{d38d2cbb-bdcc-ea11-a812-000d3ad1cf6f}" Name="Currency - Create, Check if Price List exists else create Price list">
      <JsonFileName>/Workflows/Currency-CreateCheckifPriceListexistselsecreatePri-D38D2CBB-BDCC-EA11-A812-000D3AD1CF6F.json</JsonFileName>
      <Type>1</Type>
      <Subprocess>0</Subprocess>
      <Category>5</Category>
      <Mode>0</Mode>
      <Scope>4</Scope>
      <OnDemand>0</OnDemand>
      <TriggerOnCreate>0</TriggerOnCreate>
      <TriggerOnDelete>0</TriggerOnDelete>
      <AsyncAutodelete>0</AsyncAutodelete>
      <SyncWorkflowLogOnFailure>0</SyncWorkflowLogOnFailure>
      <StateCode>1</StateCode>
      <StatusCode>2</StatusCode>
      <RunAs>1</RunAs>
      <IsTransacted>1</IsTransacted>
      <IntroducedVersion>1.2.0.1</IntroducedVersion>
      <IsCustomizable>1</IsCustomizable>
      <IsCustomProcessingStepAllowedForOtherPublishers>1</IsCustomProcessingStepAllowedForOtherPublishers>
      <PrimaryEntity>none</PrimaryEntity>
      <LocalizedNames>
        <LocalizedName languagecode="1033" description="Currency - Create, Check if Price List exists else create Price list" />
      </LocalizedNames>
    </Workflow>
    <Workflow WorkflowId="{dd6545e3-e164-eb11-a812-00224814859f}" Name="Sales Order Line comments - On Create - Update Notes Present on Sales Order Line">
      <JsonFileName>/Workflows/SalesOrderLinecomments-OnCreate-UpdateNotesPresent-DD6545E3-E164-EB11-A812-00224814859F.json</JsonFileName>
      <Type>1</Type>
      <Subprocess>0</Subprocess>
      <Category>5</Category>
      <Mode>0</Mode>
      <Scope>4</Scope>
      <OnDemand>0</OnDemand>
      <TriggerOnCreate>0</TriggerOnCreate>
      <TriggerOnDelete>0</TriggerOnDelete>
      <AsyncAutodelete>0</AsyncAutodelete>
      <SyncWorkflowLogOnFailure>0</SyncWorkflowLogOnFailure>
      <StateCode>1</StateCode>
      <StatusCode>2</StatusCode>
      <RunAs>1</RunAs>
      <IsTransacted>1</IsTransacted>
      <IntroducedVersion>1.2.0.11</IntroducedVersion>
      <IsCustomizable>1</IsCustomizable>
      <BusinessProcessType>0</BusinessProcessType>
      <IsCustomProcessingStepAllowedForOtherPublishers>1</IsCustomProcessingStepAllowedForOtherPublishers>
      <PrimaryEntity>none</PrimaryEntity>
      <LocalizedNames>
        <LocalizedName languagecode="1033" description="Sales Order Line comments - On Create - Update Notes Present on Sales Order Line" />
      </LocalizedNames>
    </Workflow>
    <Workflow WorkflowId="{6697acd9-c5d1-eb11-bacc-00224814b966}" Name="Sales Order - On Submission from Portal" Description="Update SyncStatus so that Dual write can pick up this record and sync to FinOps">
      <JsonFileName>/Workflows/SalesOrder-OnSubmissionfromPortal-6697ACD9-C5D1-EB11-BACC-00224814B966.json</JsonFileName>
      <Type>1</Type>
      <Subprocess>0</Subprocess>
      <Category>5</Category>
      <Mode>0</Mode>
      <Scope>4</Scope>
      <OnDemand>0</OnDemand>
      <TriggerOnCreate>0</TriggerOnCreate>
      <TriggerOnDelete>0</TriggerOnDelete>
      <AsyncAutodelete>0</AsyncAutodelete>
      <SyncWorkflowLogOnFailure>0</SyncWorkflowLogOnFailure>
      <StateCode>1</StateCode>
      <StatusCode>2</StatusCode>
      <RunAs>1</RunAs>
      <IsTransacted>1</IsTransacted>
      <IntroducedVersion>1.0.0.11</IntroducedVersion>
      <IsCustomizable>1</IsCustomizable>
      <BusinessProcessType>0</BusinessProcessType>
      <IsCustomProcessingStepAllowedForOtherPublishers>1</IsCustomProcessingStepAllowedForOtherPublishers>
      <PrimaryEntity>none</PrimaryEntity>
      <LocalizedNames>
        <LocalizedName languagecode="1033" description="Sales Order - On Submission from Portal" />
      </LocalizedNames>
      <Descriptions>
        <Description languagecode="1033" description="Update SyncStatus so that Dual write can pick up this record and sync to FinOps" />
      </Descriptions>
    </Workflow>
    <Workflow WorkflowId="{006e708c-b07b-eb11-a812-00224814d4c1}" Name="Validate Azure AD Object for a Portal User">
      <JsonFileName>/Workflows/ValidateAzureADObjectforaPortalUser-006E708C-B07B-EB11-A812-00224814D4C1.json</JsonFileName>
      <Type>1</Type>
      <Subprocess>0</Subprocess>
      <Category>5</Category>
      <Mode>0</Mode>
      <Scope>4</Scope>
      <OnDemand>0</OnDemand>
      <TriggerOnCreate>0</TriggerOnCreate>
      <TriggerOnDelete>0</TriggerOnDelete>
      <AsyncAutodelete>0</AsyncAutodelete>
      <SyncWorkflowLogOnFailure>0</SyncWorkflowLogOnFailure>
      <StateCode>1</StateCode>
      <StatusCode>2</StatusCode>
      <RunAs>1</RunAs>
      <IsTransacted>1</IsTransacted>
      <IntroducedVersion>1.2.0.19</IntroducedVersion>
      <IsCustomizable>1</IsCustomizable>
      <BusinessProcessType>0</BusinessProcessType>
      <IsCustomProcessingStepAllowedForOtherPublishers>1</IsCustomProcessingStepAllowedForOtherPublishers>
      <PrimaryEntity>none</PrimaryEntity>
      <LocalizedNames>
        <LocalizedName languagecode="1033" description="Validate Azure AD Object for a Portal User" />
      </LocalizedNames>
    </Workflow>
    <Workflow WorkflowId="{1f87aa0f-a292-eb11-b1ac-00224815256b}" Name="Customer Datasheet - Create, Associate Customers from Permissions field">
      <JsonFileName>/Workflows/CustomerDatasheet-CreateAssociateCustomersfromPerm-1F87AA0F-A292-EB11-B1AC-00224815256B.json</JsonFileName>
      <Type>1</Type>
      <Subprocess>0</Subprocess>
      <Category>5</Category>
      <Mode>0</Mode>
      <Scope>4</Scope>
      <OnDemand>0</OnDemand>
      <TriggerOnCreate>0</TriggerOnCreate>
      <TriggerOnDelete>0</TriggerOnDelete>
      <AsyncAutodelete>0</AsyncAutodelete>
      <SyncWorkflowLogOnFailure>0</SyncWorkflowLogOnFailure>
      <StateCode>1</StateCode>
      <StatusCode>2</StatusCode>
      <RunAs>1</RunAs>
      <IsTransacted>1</IsTransacted>
      <IntroducedVersion>1.2.0.33</IntroducedVersion>
      <IsCustomizable>1</IsCustomizable>
      <BusinessProcessType>0</BusinessProcessType>
      <IsCustomProcessingStepAllowedForOtherPublishers>1</IsCustomProcessingStepAllowedForOtherPublishers>
      <PrimaryEntity>none</PrimaryEntity>
      <LocalizedNames>
        <LocalizedName languagecode="1033" description="Customer Datasheet - Create, Associate Customers from Permissions field" />
      </LocalizedNames>
    </Workflow>
    <Workflow WorkflowId="{35d1a455-9587-eb11-a812-0022481533a3}" Name="Send Welcome Email to Portal User">
      <JsonFileName>/Workflows/SendWelcomeEmailtoPortalUser-35D1A455-9587-EB11-A812-0022481533A3.json</JsonFileName>
      <Type>1</Type>
      <Subprocess>0</Subprocess>
      <Category>5</Category>
      <Mode>0</Mode>
      <Scope>4</Scope>
      <OnDemand>0</OnDemand>
      <TriggerOnCreate>0</TriggerOnCreate>
      <TriggerOnDelete>0</TriggerOnDelete>
      <AsyncAutodelete>0</AsyncAutodelete>
      <SyncWorkflowLogOnFailure>0</SyncWorkflowLogOnFailure>
      <StateCode>1</StateCode>
      <StatusCode>2</StatusCode>
      <RunAs>1</RunAs>
      <IsTransacted>1</IsTransacted>
      <IntroducedVersion>1.0.0.1</IntroducedVersion>
      <IsCustomizable>1</IsCustomizable>
      <BusinessProcessType>0</BusinessProcessType>
      <IsCustomProcessingStepAllowedForOtherPublishers>1</IsCustomProcessingStepAllowedForOtherPublishers>
      <PrimaryEntity>none</PrimaryEntity>
      <LocalizedNames>
        <LocalizedName languagecode="1033" description="Send Welcome Email to Portal User" />
      </LocalizedNames>
    </Workflow>
    <Workflow WorkflowId="{d0e2d1ec-15d0-eb11-bacc-00224815409c}" Name="[Scheduled] Delivery Address - Update records based on Valid To Date" Description="Fetch the active Delivery addresses that have Valid To date in the past and update &quot;Visible on Portal&quot; to false">
      <JsonFileName>/Workflows/ScheduledDeliveryAddress-UpdaterecordsbasedonValid-D0E2D1EC-15D0-EB11-BACC-00224815409C.json</JsonFileName>
      <Type>1</Type>
      <Subprocess>0</Subprocess>
      <Category>5</Category>
      <Mode>0</Mode>
      <Scope>4</Scope>
      <OnDemand>0</OnDemand>
      <TriggerOnCreate>0</TriggerOnCreate>
      <TriggerOnDelete>0</TriggerOnDelete>
      <AsyncAutodelete>0</AsyncAutodelete>
      <SyncWorkflowLogOnFailure>0</SyncWorkflowLogOnFailure>
      <StateCode>1</StateCode>
      <StatusCode>2</StatusCode>
      <RunAs>1</RunAs>
      <IsTransacted>1</IsTransacted>
      <IntroducedVersion>1.0.0.11</IntroducedVersion>
      <IsCustomizable>1</IsCustomizable>
      <BusinessProcessType>0</BusinessProcessType>
      <IsCustomProcessingStepAllowedForOtherPublishers>1</IsCustomProcessingStepAllowedForOtherPublishers>
      <PrimaryEntity>none</PrimaryEntity>
      <LocalizedNames>
        <LocalizedName languagecode="1033" description="[Scheduled] Delivery Address - Update records based on Valid To Date" />
      </LocalizedNames>
      <Descriptions>
        <Description languagecode="1033" description="Fetch the active Delivery addresses that have Valid To date in the past and update &quot;Visible on Portal&quot; to false" />
      </Descriptions>
    </Workflow>
    <Workflow WorkflowId="{dd331391-16d0-eb11-bacc-002248154c1a}" Name="Delivery Address - Update Visible on Portal on Create and Update">
      <JsonFileName>/Workflows/DeliveryAddress-UpdateVisibleonPortalonCreateandUp-DD331391-16D0-EB11-BACC-002248154C1A.json</JsonFileName>
      <Type>1</Type>
      <Subprocess>0</Subprocess>
      <Category>5</Category>
      <Mode>0</Mode>
      <Scope>4</Scope>
      <OnDemand>0</OnDemand>
      <TriggerOnCreate>0</TriggerOnCreate>
      <TriggerOnDelete>0</TriggerOnDelete>
      <AsyncAutodelete>0</AsyncAutodelete>
      <SyncWorkflowLogOnFailure>0</SyncWorkflowLogOnFailure>
      <StateCode>1</StateCode>
      <StatusCode>2</StatusCode>
      <RunAs>1</RunAs>
      <IsTransacted>1</IsTransacted>
      <IntroducedVersion>1.0.0.11</IntroducedVersion>
      <IsCustomizable>1</IsCustomizable>
      <BusinessProcessType>0</BusinessProcessType>
      <IsCustomProcessingStepAllowedForOtherPublishers>1</IsCustomProcessingStepAllowedForOtherPublishers>
      <PrimaryEntity>none</PrimaryEntity>
      <LocalizedNames>
        <LocalizedName languagecode="1033" description="Delivery Address - Update Visible on Portal on Create and Update" />
      </LocalizedNames>
    </Workflow>
    <Workflow WorkflowId="{2838f097-17d0-eb11-bacc-002248154c1a}" Name="[Scheduled] Delivery Address - Update records based on Valid From Date" Description="Fetch the active Delivery addresses that have Valid From date in the future and update &quot;Visible on Portal&quot; to false">
      <JsonFileName>/Workflows/ScheduledDeliveryAddress-UpdaterecordsbasedonValid-2838F097-17D0-EB11-BACC-002248154C1A.json</JsonFileName>
      <Type>1</Type>
      <Subprocess>0</Subprocess>
      <Category>5</Category>
      <Mode>0</Mode>
      <Scope>4</Scope>
      <OnDemand>0</OnDemand>
      <TriggerOnCreate>0</TriggerOnCreate>
      <TriggerOnDelete>0</TriggerOnDelete>
      <AsyncAutodelete>0</AsyncAutodelete>
      <SyncWorkflowLogOnFailure>0</SyncWorkflowLogOnFailure>
      <StateCode>1</StateCode>
      <StatusCode>2</StatusCode>
      <RunAs>1</RunAs>
      <IsTransacted>1</IsTransacted>
      <IntroducedVersion>1.0.0.11</IntroducedVersion>
      <IsCustomizable>1</IsCustomizable>
      <BusinessProcessType>0</BusinessProcessType>
      <IsCustomProcessingStepAllowedForOtherPublishers>1</IsCustomProcessingStepAllowedForOtherPublishers>
      <PrimaryEntity>none</PrimaryEntity>
      <LocalizedNames>
        <LocalizedName languagecode="1033" description="[Scheduled] Delivery Address - Update records based on Valid From Date" />
      </LocalizedNames>
      <Descriptions>
        <Description languagecode="1033" description="Fetch the active Delivery addresses that have Valid From date in the future and update &quot;Visible on Portal&quot; to false" />
      </Descriptions>
    </Workflow>
    <Workflow WorkflowId="{b4b5a213-ae8a-eb11-b1ac-0022481559c1}" Name="BSL Price List - Create, Associate Customers from Permissions field">
      <JsonFileName>/Workflows/BSLPriceList-CreateAssociateCustomersfromPermissio-B4B5A213-AE8A-EB11-B1AC-0022481559C1.json</JsonFileName>
      <Type>1</Type>
      <Subprocess>0</Subprocess>
      <Category>5</Category>
      <Mode>0</Mode>
      <Scope>4</Scope>
      <OnDemand>0</OnDemand>
      <TriggerOnCreate>0</TriggerOnCreate>
      <TriggerOnDelete>0</TriggerOnDelete>
      <AsyncAutodelete>0</AsyncAutodelete>
      <SyncWorkflowLogOnFailure>0</SyncWorkflowLogOnFailure>
      <StateCode>1</StateCode>
      <StatusCode>2</StatusCode>
      <RunAs>1</RunAs>
      <IsTransacted>1</IsTransacted>
      <IntroducedVersion>1.2.0.26</IntroducedVersion>
      <IsCustomizable>1</IsCustomizable>
      <BusinessProcessType>0</BusinessProcessType>
      <IsCustomProcessingStepAllowedForOtherPublishers>1</IsCustomProcessingStepAllowedForOtherPublishers>
      <PrimaryEntity>none</PrimaryEntity>
      <LocalizedNames>
        <LocalizedName languagecode="1033" description="BSL Price List - Create, Associate Customers from Permissions field" />
      </LocalizedNames>
    </Workflow>
    <Workflow WorkflowId="{08143030-a44e-ec11-8f8e-00224815a052}" Name="BSL- Update Parent Account Name ">
      <JsonFileName>/Workflows/BSL-UpdateParentAccountName-08143030-A44E-EC11-8F8E-00224815A052.json</JsonFileName>
      <Type>1</Type>
      <Subprocess>0</Subprocess>
      <Category>5</Category>
      <Mode>0</Mode>
      <Scope>4</Scope>
      <OnDemand>0</OnDemand>
      <TriggerOnCreate>0</TriggerOnCreate>
      <TriggerOnDelete>0</TriggerOnDelete>
      <AsyncAutodelete>0</AsyncAutodelete>
      <SyncWorkflowLogOnFailure>0</SyncWorkflowLogOnFailure>
      <StateCode>1</StateCode>
      <StatusCode>2</StatusCode>
      <RunAs>1</RunAs>
      <IsTransacted>1</IsTransacted>
      <IntroducedVersion>1.0.0.0</IntroducedVersion>
      <IsCustomizable>1</IsCustomizable>
      <BusinessProcessType>0</BusinessProcessType>
      <IsCustomProcessingStepAllowedForOtherPublishers>1</IsCustomProcessingStepAllowedForOtherPublishers>
      <PrimaryEntity>none</PrimaryEntity>
      <LocalizedNames>
        <LocalizedName languagecode="1033" description="BSL- Update Parent Account Name " />
      </LocalizedNames>
    </Workflow>
    <Workflow WorkflowId="{546c27a4-8dca-eb11-bacc-00224817f3dd}" Name="Contact - Create, Associate Customers from mcs_associatedcustomers field">
      <JsonFileName>/Workflows/Contact-CreateAssociateCustomersfrommcs_associated-546C27A4-8DCA-EB11-BACC-00224817F3DD.json</JsonFileName>
      <Type>1</Type>
      <Subprocess>0</Subprocess>
      <Category>5</Category>
      <Mode>0</Mode>
      <Scope>4</Scope>
      <OnDemand>0</OnDemand>
      <TriggerOnCreate>0</TriggerOnCreate>
      <TriggerOnDelete>0</TriggerOnDelete>
      <AsyncAutodelete>0</AsyncAutodelete>
      <SyncWorkflowLogOnFailure>0</SyncWorkflowLogOnFailure>
      <StateCode>1</StateCode>
      <StatusCode>2</StatusCode>
      <RunAs>1</RunAs>
      <IsTransacted>1</IsTransacted>
      <IntroducedVersion>1.0.0.3</IntroducedVersion>
      <IsCustomizable>1</IsCustomizable>
      <BusinessProcessType>0</BusinessProcessType>
      <IsCustomProcessingStepAllowedForOtherPublishers>1</IsCustomProcessingStepAllowedForOtherPublishers>
      <PrimaryEntity>none</PrimaryEntity>
      <LocalizedNames>
        <LocalizedName languagecode="1033" description="Contact - Create, Associate Customers from mcs_associatedcustomers field" />
      </LocalizedNames>
    </Workflow>
    <Workflow WorkflowId="{64a17054-8fca-eb11-bacc-00224817fdbf}" Name="Contact - Create, Associate Web Roles from mcs_associatedwebroles field">
      <JsonFileName>/Workflows/Contact-CreateAssociateWebRolesfrommcs_associatedw-64A17054-8FCA-EB11-BACC-00224817FDBF.json</JsonFileName>
      <Type>1</Type>
      <Subprocess>0</Subprocess>
      <Category>5</Category>
      <Mode>0</Mode>
      <Scope>4</Scope>
      <OnDemand>0</OnDemand>
      <TriggerOnCreate>0</TriggerOnCreate>
      <TriggerOnDelete>0</TriggerOnDelete>
      <AsyncAutodelete>0</AsyncAutodelete>
      <SyncWorkflowLogOnFailure>0</SyncWorkflowLogOnFailure>
      <StateCode>1</StateCode>
      <StatusCode>2</StatusCode>
      <RunAs>1</RunAs>
      <IsTransacted>1</IsTransacted>
      <IntroducedVersion>1.0.0.3</IntroducedVersion>
      <IsCustomizable>1</IsCustomizable>
      <BusinessProcessType>0</BusinessProcessType>
      <IsCustomProcessingStepAllowedForOtherPublishers>1</IsCustomProcessingStepAllowedForOtherPublishers>
      <PrimaryEntity>none</PrimaryEntity>
      <LocalizedNames>
        <LocalizedName languagecode="1033" description="Contact - Create, Associate Web Roles from mcs_associatedwebroles field" />
      </LocalizedNames>
    </Workflow>
    <Workflow WorkflowId="{d1ffbd07-95e4-eb11-bacb-0022481857b7}" Name="Sales Order Line - Create Sales Order Line Comment if Comments present">
      <JsonFileName>/Workflows/SalesOrderLine-CreateSalesOrderLineCommentifCommen-D1FFBD07-95E4-EB11-BACB-0022481857B7.json</JsonFileName>
      <Type>1</Type>
      <Subprocess>0</Subprocess>
      <Category>5</Category>
      <Mode>0</Mode>
      <Scope>4</Scope>
      <OnDemand>0</OnDemand>
      <TriggerOnCreate>0</TriggerOnCreate>
      <TriggerOnDelete>0</TriggerOnDelete>
      <AsyncAutodelete>0</AsyncAutodelete>
      <SyncWorkflowLogOnFailure>0</SyncWorkflowLogOnFailure>
      <StateCode>1</StateCode>
      <StatusCode>2</StatusCode>
      <RunAs>1</RunAs>
      <IsTransacted>1</IsTransacted>
      <IntroducedVersion>1.0.0.17</IntroducedVersion>
      <IsCustomizable>1</IsCustomizable>
      <BusinessProcessType>0</BusinessProcessType>
      <IsCustomProcessingStepAllowedForOtherPublishers>1</IsCustomProcessingStepAllowedForOtherPublishers>
      <PrimaryEntity>none</PrimaryEntity>
      <LocalizedNames>
        <LocalizedName languagecode="1033" description="Sales Order Line - Create Sales Order Line Comment if Comments present" />
      </LocalizedNames>
    </Workflow>
  </Workflows>
  <FieldSecurityProfiles></FieldSecurityProfiles>
  <Templates />
  <EntityMaps />
  <EntityRelationships />
  <OrganizationSettings />
  <optionsets />
  <CustomControls />
  <EntityDataProviders />
  <connectionreferences>
    <connectionreference connectionreferencelogicalname="mcs_azuread">
      <connectionreferencedisplayname>BSL Azure AD</connectionreferencedisplayname>
      <connectorid>/providers/Microsoft.PowerApps/apis/shared_azuread</connectorid>
      <iscustomizable>1</iscustomizable>
      <statecode>0</statecode>
      <statuscode>1</statuscode>
    </connectionreference>
    <connectionreference connectionreferencelogicalname="mcs_azureblobstorage">
      <connectionreferencedisplayname>BSL Azure Blob Storage</connectionreferencedisplayname>
      <connectorid>/providers/Microsoft.PowerApps/apis/shared_azureblob</connectorid>
      <iscustomizable>1</iscustomizable>
      <statecode>0</statecode>
      <statuscode>1</statuscode>
    </connectionreference>
    <connectionreference connectionreferencelogicalname="mcs_azurekeyvault">
      <connectionreferencedisplayname>BSL Azure Key Vault</connectionreferencedisplayname>
      <connectorid>/providers/Microsoft.PowerApps/apis/shared_keyvault</connectorid>
      <iscustomizable>1</iscustomizable>
      <statecode>0</statecode>
      <statuscode>1</statuscode>
    </connectionreference>
    <connectionreference connectionreferencelogicalname="mcs_bsldataverse1">
      <connectionreferencedisplayname>BSL Dataverse 1</connectionreferencedisplayname>
      <connectorid>/providers/Microsoft.PowerApps/apis/shared_commondataserviceforapps</connectorid>
      <iscustomizable>1</iscustomizable>
      <statecode>0</statecode>
      <statuscode>1</statuscode>
    </connectionreference>
    <connectionreference connectionreferencelogicalname="mcs_bsldataverse2">
      <connectionreferencedisplayname>BSL Dataverse 2</connectionreferencedisplayname>
      <connectorid>/providers/Microsoft.PowerApps/apis/shared_commondataserviceforapps</connectorid>
      <iscustomizable>1</iscustomizable>
      <statecode>0</statecode>
      <statuscode>1</statuscode>
    </connectionreference>
    <connectionreference connectionreferencelogicalname="mcs_bsldataverselegacy">
      <connectionreferencedisplayname>BSL Dataverse Legacy</connectionreferencedisplayname>
      <connectorid>/providers/Microsoft.PowerApps/apis/shared_commondataservice</connectorid>
      <iscustomizable>1</iscustomizable>
      <statecode>0</statecode>
      <statuscode>1</statuscode>
    </connectionreference>
    <connectionreference connectionreferencelogicalname="mcs_sharedazureblob_b7c14">
      <connectionreferencedisplayname>Azure Blob Storage MCSPowerAutomates-b7c14</connectionreferencedisplayname>
      <connectorid>/providers/Microsoft.PowerApps/apis/shared_azureblob</connectorid>
      <iscustomizable>1</iscustomizable>
      <statecode>0</statecode>
      <statuscode>1</statuscode>
    </connectionreference>
    <connectionreference connectionreferencelogicalname="mcs_sharedazureblob_c6e85">
      <connectionreferencedisplayname>Azure Blob Storage MCSPowerAutomates-c6e85</connectionreferencedisplayname>
      <connectorid>/providers/Microsoft.PowerApps/apis/shared_azureblob</connectorid>
      <iscustomizable>1</iscustomizable>
      <statecode>0</statecode>
      <statuscode>1</statuscode>
    </connectionreference>
    <connectionreference connectionreferencelogicalname="mcs_sharedcommondataserviceforapps_05ab6">
      <connectionreferencedisplayname>D365 Common Data Service (current environment)</connectionreferencedisplayname>
      <connectorid>/providers/Microsoft.PowerApps/apis/shared_commondataserviceforapps</connectorid>
      <iscustomizable>1</iscustomizable>
      <statecode>0</statecode>
      <statuscode>1</statuscode>
    </connectionreference>
    <connectionreference connectionreferencelogicalname="mcs_sharedcommondataserviceforapps_7db1e">
      <connectionreferencedisplayname>Microsoft Dataverse</connectionreferencedisplayname>
      <connectorid>/providers/Microsoft.PowerApps/apis/shared_commondataserviceforapps</connectorid>
      <iscustomizable>1</iscustomizable>
      <statecode>0</statecode>
      <statuscode>1</statuscode>
    </connectionreference>
    <connectionreference connectionreferencelogicalname="mcs_sharedflowpush_f8bc0">
      <connectionreferencedisplayname>Notifications</connectionreferencedisplayname>
      <connectorid>/providers/Microsoft.PowerApps/apis/shared_flowpush</connectorid>
      <iscustomizable>1</iscustomizable>
      <statecode>0</statecode>
      <statuscode>1</statuscode>
    </connectionreference>
    <connectionreference connectionreferencelogicalname="mcs_sharedsendmail_31e6f">
      <connectionreferencedisplayname>Mail</connectionreferencedisplayname>
      <connectorid>/providers/Microsoft.PowerApps/apis/shared_sendmail</connectorid>
      <iscustomizable>1</iscustomizable>
      <statecode>0</statecode>
      <statuscode>1</statuscode>
    </connectionreference>
    <connectionreference connectionreferencelogicalname="mcs_sharepointonline">
      <connectionreferencedisplayname>BSL SharePoint Online</connectionreferencedisplayname>
      <connectorid>/providers/Microsoft.PowerApps/apis/shared_sharepointonline</connectorid>
      <iscustomizable>1</iscustomizable>
      <statecode>0</statecode>
      <statuscode>1</statuscode>
    </connectionreference>
  </connectionreferences>
  <Languages>
    <Language>1033</Language>
  </Languages>
</ImportExportXml>