<ImportExportXml version="9.2.22012.136" SolutionPackageVersion="9.2" languagecode="1033" generatedBy="CrmLive" xmlns:xsi="http://www.w3.org/2001/XMLSchema-instance">
  <SolutionManifest>
    <UniqueName>MCSPowerAutomates</UniqueName>
    <LocalizedNames>
      <LocalizedName description="MCS Power Automates" languagecode="1033" />
    </LocalizedNames>
    <Descriptions />
    <Version>1.0.0.22</Version>
    <Managed>1</Managed>
    <Publisher>
      <UniqueName>mcspublisher</UniqueName>
      <LocalizedNames>
        <LocalizedName description="MCS publisher" languagecode="1033" />
      </LocalizedNames>
      <Descriptions />
      <EMailAddress xsi:nil="true"></EMailAddress>
      <SupportingWebsiteUrl xsi:nil="true"></SupportingWebsiteUrl>
      <CustomizationPrefix>mcs</CustomizationPrefix>
      <CustomizationOptionValuePrefix>90000</CustomizationOptionValuePrefix>
      <Addresses>
        <Address>
          <AddressNumber>1</AddressNumber>
          <AddressTypeCode>1</AddressTypeCode>
          <City xsi:nil="true"></City>
          <County xsi:nil="true"></County>
          <Country xsi:nil="true"></Country>
          <Fax xsi:nil="true"></Fax>
          <FreightTermsCode xsi:nil="true"></FreightTermsCode>
          <ImportSequenceNumber xsi:nil="true"></ImportSequenceNumber>
          <Latitude xsi:nil="true"></Latitude>
          <Line1 xsi:nil="true"></Line1>
          <Line2 xsi:nil="true"></Line2>
          <Line3 xsi:nil="true"></Line3>
          <Longitude xsi:nil="true"></Longitude>
          <Name xsi:nil="true"></Name>
          <PostalCode xsi:nil="true"></PostalCode>
          <PostOfficeBox xsi:nil="true"></PostOfficeBox>
          <PrimaryContactName xsi:nil="true"></PrimaryContactName>
          <ShippingMethodCode>1</ShippingMethodCode>
          <StateOrProvince xsi:nil="true"></StateOrProvince>
          <Telephone1 xsi:nil="true"></Telephone1>
          <Telephone2 xsi:nil="true"></Telephone2>
          <Telephone3 xsi:nil="true"></Telephone3>
          <TimeZoneRuleVersionNumber xsi:nil="true"></TimeZoneRuleVersionNumber>
          <UPSZone xsi:nil="true"></UPSZone>
          <UTCOffset xsi:nil="true"></UTCOffset>
          <UTCConversionTimeZoneCode xsi:nil="true"></UTCConversionTimeZoneCode>
        </Address>
        <Address>
          <AddressNumber>2</AddressNumber>
          <AddressTypeCode>1</AddressTypeCode>
          <City xsi:nil="true"></City>
          <County xsi:nil="true"></County>
          <Country xsi:nil="true"></Country>
          <Fax xsi:nil="true"></Fax>
          <FreightTermsCode xsi:nil="true"></FreightTermsCode>
          <ImportSequenceNumber xsi:nil="true"></ImportSequenceNumber>
          <Latitude xsi:nil="true"></Latitude>
          <Line1 xsi:nil="true"></Line1>
          <Line2 xsi:nil="true"></Line2>
          <Line3 xsi:nil="true"></Line3>
          <Longitude xsi:nil="true"></Longitude>
          <Name xsi:nil="true"></Name>
          <PostalCode xsi:nil="true"></PostalCode>
          <PostOfficeBox xsi:nil="true"></PostOfficeBox>
          <PrimaryContactName xsi:nil="true"></PrimaryContactName>
          <ShippingMethodCode>1</ShippingMethodCode>
          <StateOrProvince xsi:nil="true"></StateOrProvince>
          <Telephone1 xsi:nil="true"></Telephone1>
          <Telephone2 xsi:nil="true"></Telephone2>
          <Telephone3 xsi:nil="true"></Telephone3>
          <TimeZoneRuleVersionNumber xsi:nil="true"></TimeZoneRuleVersionNumber>
          <UPSZone xsi:nil="true"></UPSZone>
          <UTCOffset xsi:nil="true"></UTCOffset>
          <UTCConversionTimeZoneCode xsi:nil="true"></UTCConversionTimeZoneCode>
        </Address>
      </Addresses>
    </Publisher>
    <RootComponents>
      <RootComponent type="29" id="{006e708c-b07b-eb11-a812-00224814d4c1}" behavior="0" />
      <RootComponent type="29" id="{036774a7-ecb9-ea11-a812-000d3ad1cf6f}" behavior="0" />
      <RootComponent type="29" id="{04df7e12-c6c8-eb11-bacc-000d3acc2ee2}" behavior="0" />
      <RootComponent type="29" id="{08143030-a44e-ec11-8f8e-00224815a052}" behavior="0" />
      <RootComponent type="29" id="{1f87aa0f-a292-eb11-b1ac-00224815256b}" behavior="0" />
      <RootComponent type="29" id="{2838f097-17d0-eb11-bacc-002248154c1a}" behavior="0" />
      <RootComponent type="29" id="{2aaa77ae-089f-ea11-a812-000d3ad199e2}" behavior="0" />
      <RootComponent type="29" id="{35d1a455-9587-eb11-a812-0022481533a3}" behavior="0" />
      <RootComponent type="29" id="{546c27a4-8dca-eb11-bacc-00224817f3dd}" behavior="0" />
      <RootComponent type="29" id="{596b1e3e-56b7-ea11-a812-000d3ad199e2}" behavior="0" />
      <RootComponent type="29" id="{601debab-71b7-ea11-a812-000d3ad199e2}" behavior="0" />
      <RootComponent type="29" id="{64a17054-8fca-eb11-bacc-00224817fdbf}" behavior="0" />
      <RootComponent type="29" id="{6697acd9-c5d1-eb11-bacc-00224814b966}" behavior="0" />
      <RootComponent type="29" id="{b4b5a213-ae8a-eb11-b1ac-0022481559c1}" behavior="0" />
      <RootComponent type="29" id="{bb65132c-29bb-ea11-a812-000d3ad1cf6f}" behavior="0" />
      <RootComponent type="29" id="{d0e2d1ec-15d0-eb11-bacc-00224815409c}" behavior="0" />
      <RootComponent type="29" id="{d1ffbd07-95e4-eb11-bacb-0022481857b7}" behavior="0" />
      <RootComponent type="29" id="{d38d2cbb-bdcc-ea11-a812-000d3ad1cf6f}" behavior="0" />
      <RootComponent type="29" id="{d7d3b2ee-7bb7-ea11-a812-000d3ad199e2}" behavior="0" />
      <RootComponent type="29" id="{dd331391-16d0-eb11-bacc-002248154c1a}" behavior="0" />
      <RootComponent type="29" id="{dd6545e3-e164-eb11-a812-00224814859f}" behavior="0" />
    </RootComponents>
    <MissingDependencies>
      <MissingDependency>
        <Required type="1" schemaName="adx_contentsnippet" displayName="Content Snippet" solution="MicrosoftPortalDependencies (9.2.2103.0)">
          <package>CDSBasePortal (9.3.2109.20)</package>
          <package>CustomerPortal (9.2.2008.0)</package>
          <package>CustomerPortal (9.2.2102.0)</package>
        </Required>
        <Dependent type="29" displayName="Send Welcome Email to Portal User" id="{35d1a455-9587-eb11-a812-0022481533a3}" />
      </MissingDependency>
      <MissingDependency>
        <Required type="1" schemaName="adx_externalidentity" displayName="External Identity" solution="MicrosoftIdentity (9.2.2103.1)">
          <package>CDSBasePortal (9.3.2109.20)</package>
          <package>CustomerPortal (9.2.2008.0)</package>
          <package>CustomerPortal (9.2.2102.0)</package>
        </Required>
        <Dependent type="29" displayName="Validate Azure AD Object for a Portal User" id="{006e708c-b07b-eb11-a812-00224814d4c1}" />
      </MissingDependency>
      <MissingDependency>
        <Required type="1" schemaName="adx_externalidentity" displayName="External Identity" solution="MicrosoftIdentity (9.2.2103.1)">
          <package>CDSBasePortal (9.3.2109.20)</package>
          <package>CustomerPortal (9.2.2008.0)</package>
          <package>CustomerPortal (9.2.2102.0)</package>
        </Required>
        <Dependent type="29" displayName="Contact - Create/Update, Check for valid Azure AD" id="{2aaa77ae-089f-ea11-a812-000d3ad199e2}" />
      </MissingDependency>
      <MissingDependency>
        <Required type="1" schemaName="adx_webrole" displayName="Web Role" solution="MicrosoftPortalDependencies (9.2.2103.0)">
          <package>CDSBasePortal (9.3.2109.20)</package>
          <package>CustomerPortal (9.2.2008.0)</package>
          <package>CustomerPortal (9.2.2102.0)</package>
        </Required>
        <Dependent type="29" displayName="Contact - Create, Associate Web Roles from mcs_associatedwebroles field" id="{64a17054-8fca-eb11-bacc-00224817fdbf}" />
      </MissingDependency>
      <MissingDependency>
        <Required type="1" schemaName="environmentvariabledefinition" displayName="Environment Variable Definition" solution="EnvironmentVariables (1.0.2.115)" />
        <Dependent type="29" displayName="Child Flow - Get Environment Variables for BlobStorage" id="{036774a7-ecb9-ea11-a812-000d3ad1cf6f}" />
      </MissingDependency>
      <MissingDependency>
        <Required type="1" schemaName="environmentvariablevalue" displayName="Environment Variable Value" solution="EnvironmentVariables (1.0.2.115)" />
        <Dependent type="29" displayName="Child Flow - Get Environment Variables for BlobStorage" id="{036774a7-ecb9-ea11-a812-000d3ad1cf6f}" />
      </MissingDependency>
      <MissingDependency>
        <Required type="1" schemaName="mcs_bsldocument" displayName="Price List" solution="Active" />
        <Dependent type="29" displayName="BSL Price List - Monitor SharePoint SecureDocument for Price Lists" id="{596b1e3e-56b7-ea11-a812-000d3ad199e2}" />
      </MissingDependency>
      <MissingDependency>
        <Required type="1" schemaName="mcs_bsldocument" displayName="Price List" solution="Active" />
        <Dependent type="29" displayName="[Scheduled] BSL Price List - Make record inactive based on end date" id="{601debab-71b7-ea11-a812-000d3ad199e2}" />
      </MissingDependency>
      <MissingDependency>
        <Required type="1" schemaName="mcs_bsldocument" displayName="Price List" solution="Active" />
        <Dependent type="29" displayName="BSL Price List - Create, Associate Customers from Permissions field" id="{b4b5a213-ae8a-eb11-b1ac-0022481559c1}" />
      </MissingDependency>
      <MissingDependency>
        <Required type="1" schemaName="mcs_customerstatementparent" displayName="Customer Statement Parent" solution="Active" />
        <Dependent type="29" displayName="BSL- Update Parent Account Name " id="{08143030-a44e-ec11-8f8e-00224815a052}" />
      </MissingDependency>
      <MissingDependency>
        <Required type="1" schemaName="mcs_deliveryaddress" displayName="Delivery Address" solution="Active" />
        <Dependent type="29" displayName="Sales Order Line - Trigger DW sync on Create from Portal" id="{04df7e12-c6c8-eb11-bacc-000d3acc2ee2}" />
      </MissingDependency>
      <MissingDependency>
        <Required type="1" schemaName="mcs_deliveryaddress" displayName="Delivery Address" solution="Active" />
        <Dependent type="29" displayName="[Scheduled] Delivery Address - Update records based on Valid From Date" id="{2838f097-17d0-eb11-bacc-002248154c1a}" />
      </MissingDependency>
      <MissingDependency>
        <Required type="1" schemaName="mcs_deliveryaddress" displayName="Delivery Address" solution="Active" />
        <Dependent type="29" displayName="[Scheduled] Delivery Address - Update records based on Valid To Date" id="{d0e2d1ec-15d0-eb11-bacc-00224815409c}" />
      </MissingDependency>
      <MissingDependency>
        <Required type="1" schemaName="mcs_deliveryaddress" displayName="Delivery Address" solution="Active" />
        <Dependent type="29" displayName="Delivery Address - Update Visible on Portal on Create and Update" id="{dd331391-16d0-eb11-bacc-002248154c1a}" />
      </MissingDependency>
      <MissingDependency>
        <Required type="1" schemaName="mcs_powerautomatelog" displayName="Power Automate Log" solution="Active" />
        <Dependent type="29" displayName="Validate Azure AD Object for a Portal User" id="{006e708c-b07b-eb11-a812-00224814d4c1}" />
      </MissingDependency>
      <MissingDependency>
        <Required type="1" schemaName="mcs_powerautomatelog" displayName="Power Automate Log" solution="Active" />
        <Dependent type="29" displayName="Sales Order Line - Trigger DW sync on Create from Portal" id="{04df7e12-c6c8-eb11-bacc-000d3acc2ee2}" />
      </MissingDependency>
      <MissingDependency>
        <Required type="1" schemaName="mcs_powerautomatelog" displayName="Power Automate Log" solution="Active" />
        <Dependent type="29" displayName="Customer Datasheet - Create, Associate Customers from Permissions field" id="{1f87aa0f-a292-eb11-b1ac-00224815256b}" />
      </MissingDependency>
      <MissingDependency>
        <Required type="1" schemaName="mcs_powerautomatelog" displayName="Power Automate Log" solution="Active" />
        <Dependent type="29" displayName="[Scheduled] Delivery Address - Update records based on Valid From Date" id="{2838f097-17d0-eb11-bacc-002248154c1a}" />
      </MissingDependency>
      <MissingDependency>
        <Required type="1" schemaName="mcs_powerautomatelog" displayName="Power Automate Log" solution="Active" />
        <Dependent type="29" displayName="Contact - Create/Update, Check for valid Azure AD" id="{2aaa77ae-089f-ea11-a812-000d3ad199e2}" />
      </MissingDependency>
      <MissingDependency>
        <Required type="1" schemaName="mcs_powerautomatelog" displayName="Power Automate Log" solution="Active" />
        <Dependent type="29" displayName="Send Welcome Email to Portal User" id="{35d1a455-9587-eb11-a812-0022481533a3}" />
      </MissingDependency>
      <MissingDependency>
        <Required type="1" schemaName="mcs_powerautomatelog" displayName="Power Automate Log" solution="Active" />
        <Dependent type="29" displayName="Contact - Create, Associate Customers from mcs_associatedcustomers field" id="{546c27a4-8dca-eb11-bacc-00224817f3dd}" />
      </MissingDependency>
      <MissingDependency>
        <Required type="1" schemaName="mcs_powerautomatelog" displayName="Power Automate Log" solution="Active" />
        <Dependent type="29" displayName="BSL Price List - Monitor SharePoint SecureDocument for Price Lists" id="{596b1e3e-56b7-ea11-a812-000d3ad199e2}" />
      </MissingDependency>
      <MissingDependency>
        <Required type="1" schemaName="mcs_powerautomatelog" displayName="Power Automate Log" solution="Active" />
        <Dependent type="29" displayName="[Scheduled] BSL Price List - Make record inactive based on end date" id="{601debab-71b7-ea11-a812-000d3ad199e2}" />
      </MissingDependency>
      <MissingDependency>
        <Required type="1" schemaName="mcs_powerautomatelog" displayName="Power Automate Log" solution="Active" />
        <Dependent type="29" displayName="Contact - Create, Associate Web Roles from mcs_associatedwebroles field" id="{64a17054-8fca-eb11-bacc-00224817fdbf}" />
      </MissingDependency>
      <MissingDependency>
        <Required type="1" schemaName="mcs_powerautomatelog" displayName="Power Automate Log" solution="Active" />
        <Dependent type="29" displayName="Sales Order - On Submission from Portal" id="{6697acd9-c5d1-eb11-bacc-00224814b966}" />
      </MissingDependency>
      <MissingDependency>
        <Required type="1" schemaName="mcs_powerautomatelog" displayName="Power Automate Log" solution="Active" />
        <Dependent type="29" displayName="BSL Price List - Create, Associate Customers from Permissions field" id="{b4b5a213-ae8a-eb11-b1ac-0022481559c1}" />
      </MissingDependency>
      <MissingDependency>
        <Required type="1" schemaName="mcs_powerautomatelog" displayName="Power Automate Log" solution="Active" />
        <Dependent type="29" displayName="Statements - Update, Calculate Net Due Amount on Change of Gross Amount, Discount Amount" id="{bb65132c-29bb-ea11-a812-000d3ad1cf6f}" />
      </MissingDependency>
      <MissingDependency>
        <Required type="1" schemaName="mcs_powerautomatelog" displayName="Power Automate Log" solution="Active" />
        <Dependent type="29" displayName="[Scheduled] Delivery Address - Update records based on Valid To Date" id="{d0e2d1ec-15d0-eb11-bacc-00224815409c}" />
      </MissingDependency>
      <MissingDependency>
        <Required type="1" schemaName="mcs_powerautomatelog" displayName="Power Automate Log" solution="Active" />
        <Dependent type="29" displayName="Currency - Create, Check if Price List exists else create Price list" id="{d38d2cbb-bdcc-ea11-a812-000d3ad1cf6f}" />
      </MissingDependency>
      <MissingDependency>
        <Required type="1" schemaName="mcs_powerautomatelog" displayName="Power Automate Log" solution="Active" />
        <Dependent type="29" displayName="[Scheduled] Statement - Calculate Net Due Amount" id="{d7d3b2ee-7bb7-ea11-a812-000d3ad199e2}" />
      </MissingDependency>
      <MissingDependency>
        <Required type="1" schemaName="mcs_powerautomatelog" displayName="Power Automate Log" solution="Active" />
        <Dependent type="29" displayName="Delivery Address - Update Visible on Portal on Create and Update" id="{dd331391-16d0-eb11-bacc-002248154c1a}" />
      </MissingDependency>
      <MissingDependency>
        <Required type="1" schemaName="mcs_powerautomatelog" displayName="Power Automate Log" solution="Active" />
        <Dependent type="29" displayName="Sales Order Line comments - On Create - Update Notes Present on Sales Order Line" id="{dd6545e3-e164-eb11-a812-00224814859f}" />
      </MissingDependency>
      <MissingDependency>
        <Required type="1" schemaName="mcs_salesorderlinecomment" displayName="Sales Order Line Comment" solution="Active" />
        <Dependent type="29" displayName="Sales Order Line - Create Sales Order Line Comment if Comments present" id="{d1ffbd07-95e4-eb11-bacb-0022481857b7}" />
      </MissingDependency>
      <MissingDependency>
        <Required type="1" schemaName="mcs_salesorderlinecomment" displayName="Sales Order Line Comment" solution="Active" />
        <Dependent type="29" displayName="Sales Order Line comments - On Create - Update Notes Present on Sales Order Line" id="{dd6545e3-e164-eb11-a812-00224814859f}" />
      </MissingDependency>
      <MissingDependency>
        <Required type="1" schemaName="mcs_statement" displayName="Statement" solution="Active" />
        <Dependent type="29" displayName="Statements - Update, Calculate Net Due Amount on Change of Gross Amount, Discount Amount" id="{bb65132c-29bb-ea11-a812-000d3ad1cf6f}" />
      </MissingDependency>
      <MissingDependency>
        <Required type="1" schemaName="mcs_statement" displayName="Statement" solution="Active" />
        <Dependent type="29" displayName="[Scheduled] Statement - Calculate Net Due Amount" id="{d7d3b2ee-7bb7-ea11-a812-000d3ad199e2}" />
      </MissingDependency>
      <MissingDependency>
        <Required type="1" schemaName="mcs_systemconfiguration" displayName="System Configuration" solution="Active" />
        <Dependent type="29" displayName="Send Welcome Email to Portal User" id="{35d1a455-9587-eb11-a812-0022481533a3}" />
      </MissingDependency>
      <MissingDependency>
        <Required type="1" schemaName="mcs_technicaldatasheet" displayName="Customer Datasheet" solution="Active" />
        <Dependent type="29" displayName="Customer Datasheet - Create, Associate Customers from Permissions field" id="{1f87aa0f-a292-eb11-b1ac-00224815256b}" />
      </MissingDependency>
      <MissingDependency>
        <Required type="1" schemaName="pricelevel" displayName="Price List" solution="msdynce_ProductManagement (9.0.4.0066)">
          <package>msdynce_ProductManagementAnchor (9.0.21122.10002)</package>
        </Required>
        <Dependent type="29" displayName="Currency - Create, Check if Price List exists else create Price list" id="{d38d2cbb-bdcc-ea11-a812-000d3ad1cf6f}" />
      </MissingDependency>
      <MissingDependency>
        <Required type="1" schemaName="salesorder" displayName="Order" solution="msdynce_Sales (9.0.4.0076)">
          <package>msdynce_SalesAnchor (9.0.21122.10002)</package>
        </Required>
        <Dependent type="29" displayName="Sales Order Line - Trigger DW sync on Create from Portal" id="{04df7e12-c6c8-eb11-bacc-000d3acc2ee2}" />
      </MissingDependency>
      <MissingDependency>
        <Required type="1" schemaName="salesorder" displayName="Order" solution="msdynce_Sales (9.0.4.0076)">
          <package>msdynce_SalesAnchor (9.0.21122.10002)</package>
        </Required>
        <Dependent type="29" displayName="Sales Order - On Submission from Portal" id="{6697acd9-c5d1-eb11-bacc-00224814b966}" />
      </MissingDependency>
      <MissingDependency>
        <Required type="1" schemaName="salesorder" displayName="Order" solution="msdynce_Sales (9.0.4.0076)">
          <package>msdynce_SalesAnchor (9.0.21122.10002)</package>
        </Required>
        <Dependent type="29" displayName="Sales Order Line - Create Sales Order Line Comment if Comments present" id="{d1ffbd07-95e4-eb11-bacb-0022481857b7}" />
      </MissingDependency>
      <MissingDependency>
        <Required type="1" schemaName="salesorderdetail" displayName="Order Line Item" solution="msdynce_Sales (9.0.4.0076)">
          <package>msdynce_SalesAnchor (9.0.21122.10002)</package>
        </Required>
        <Dependent type="29" displayName="Sales Order Line - Trigger DW sync on Create from Portal" id="{04df7e12-c6c8-eb11-bacc-000d3acc2ee2}" />
      </MissingDependency>
      <MissingDependency>
        <Required type="1" schemaName="salesorderdetail" displayName="Order Line Item" solution="msdynce_Sales (9.0.4.0076)">
          <package>msdynce_SalesAnchor (9.0.21122.10002)</package>
        </Required>
        <Dependent type="29" displayName="Sales Order - On Submission from Portal" id="{6697acd9-c5d1-eb11-bacc-00224814b966}" />
      </MissingDependency>
      <MissingDependency>
        <Required type="1" schemaName="salesorderdetail" displayName="Order Line Item" solution="msdynce_Sales (9.0.4.0076)">
          <package>msdynce_SalesAnchor (9.0.21122.10002)</package>
        </Required>
        <Dependent type="29" displayName="Sales Order Line - Create Sales Order Line Comment if Comments present" id="{d1ffbd07-95e4-eb11-bacb-0022481857b7}" />
      </MissingDependency>
      <MissingDependency>
        <Required type="1" schemaName="salesorderdetail" displayName="Order Line Item" solution="msdynce_Sales (9.0.4.0076)">
          <package>msdynce_SalesAnchor (9.0.21122.10002)</package>
        </Required>
        <Dependent type="29" displayName="Sales Order Line comments - On Create - Update Notes Present on Sales Order Line" id="{dd6545e3-e164-eb11-a812-00224814859f}" />
      </MissingDependency>
      <MissingDependency>
        <Required type="2" schemaName="mcs_isapprovedasportaluser" displayName="Is Approved as Portal User?" parentSchemaName="contact" parentDisplayName="Contact" solution="Active" />
        <Dependent type="29" displayName="Contact - Create/Update, Check for valid Azure AD" id="{2aaa77ae-089f-ea11-a812-000d3ad199e2}" />
      </MissingDependency>
      <MissingDependency>
        <Required type="2" schemaName="mcs_validfrom" displayName="Valid From" parentSchemaName="mcs_deliveryaddress" parentDisplayName="Delivery Address" solution="Active" />
        <Dependent type="29" displayName="Delivery Address - Update Visible on Portal on Create and Update" id="{dd331391-16d0-eb11-bacc-002248154c1a}" />
      </MissingDependency>
      <MissingDependency>
        <Required type="2" schemaName="mcs_validto" displayName="Valid To" parentSchemaName="mcs_deliveryaddress" parentDisplayName="Delivery Address" solution="Active" />
        <Dependent type="29" displayName="Delivery Address - Update Visible on Portal on Create and Update" id="{dd331391-16d0-eb11-bacc-002248154c1a}" />
      </MissingDependency>
      <MissingDependency>
        <Required type="2" schemaName="mcs_salesorderlineitemid" displayName="Sales Order Line Item" parentSchemaName="mcs_salesorderlinecomment" parentDisplayName="Sales Order Line Comment" solution="Active" />
        <Dependent type="29" displayName="Sales Order Line comments - On Create - Update Notes Present on Sales Order Line" id="{dd6545e3-e164-eb11-a812-00224814859f}" />
      </MissingDependency>
      <MissingDependency>
        <Required type="2" schemaName="mcs_discdate" displayName="Discount Date" parentSchemaName="mcs_statement" parentDisplayName="Statement" solution="Active" />
        <Dependent type="29" displayName="Statements - Update, Calculate Net Due Amount on Change of Gross Amount, Discount Amount" id="{bb65132c-29bb-ea11-a812-000d3ad1cf6f}" />
      </MissingDependency>
      <MissingDependency>
        <Required type="2" schemaName="mcs_discountamountcur" displayName="Discount Amount" parentSchemaName="mcs_statement" parentDisplayName="Statement" solution="Active" />
        <Dependent type="29" displayName="Statements - Update, Calculate Net Due Amount on Change of Gross Amount, Discount Amount" id="{bb65132c-29bb-ea11-a812-000d3ad1cf6f}" />
      </MissingDependency>
      <MissingDependency>
        <Required type="2" schemaName="mcs_grossamountcur" displayName="Gross Amount" parentSchemaName="mcs_statement" parentDisplayName="Statement" solution="Active" />
        <Dependent type="29" displayName="Statements - Update, Calculate Net Due Amount on Change of Gross Amount, Discount Amount" id="{bb65132c-29bb-ea11-a812-000d3ad1cf6f}" />
      </MissingDependency>
      <MissingDependency>
        <Required type="2" schemaName="mcs_agreetoterms" displayName="Agree to Terms" parentSchemaName="salesorder" parentDisplayName="Order" solution="Active" />
        <Dependent type="29" displayName="Sales Order - On Submission from Portal" id="{6697acd9-c5d1-eb11-bacc-00224814b966}" />
      </MissingDependency>
      <MissingDependency>
        <Required type="2" schemaName="mcs_comments" displayName="Comments" parentSchemaName="salesorderdetail" parentDisplayName="Order Line Item" solution="Active" />
        <Dependent type="29" displayName="Sales Order Line - Create Sales Order Line Comment if Comments present" id="{d1ffbd07-95e4-eb11-bacb-0022481857b7}" />
      </MissingDependency>
      <MissingDependency>
        <Required type="2" schemaName="mcs_cpnheaderid" displayName="Customer Part No." parentSchemaName="salesorderdetail" parentDisplayName="Order Line Item" solution="Active" />
        <Dependent type="29" displayName="Sales Order Line - Trigger DW sync on Create from Portal" id="{04df7e12-c6c8-eb11-bacc-000d3acc2ee2}" />
      </MissingDependency>
      <MissingDependency>
        <Required type="2" schemaName="mcs_customerrequesteddeliverydate" displayName="Customer Req. Delivery Date" parentSchemaName="salesorderdetail" parentDisplayName="Order Line Item" solution="Active" />
        <Dependent type="29" displayName="Sales Order Line - Trigger DW sync on Create from Portal" id="{04df7e12-c6c8-eb11-bacc-000d3acc2ee2}" />
      </MissingDependency>
      <MissingDependency>
        <Required type="2" schemaName="mcs_deliveryaddressid" displayName="Delivery Address" parentSchemaName="salesorderdetail" parentDisplayName="Order Line Item" solution="Active" />
        <Dependent type="29" displayName="Sales Order Line - Trigger DW sync on Create from Portal" id="{04df7e12-c6c8-eb11-bacc-000d3acc2ee2}" />
      </MissingDependency>
      <MissingDependency>
        <Required type="2" schemaName="mcs_purchaseorderlinenumber" displayName="Customer Req. Line" parentSchemaName="salesorderdetail" parentDisplayName="Order Line Item" solution="Active" />
        <Dependent type="29" displayName="Sales Order Line - Trigger DW sync on Create from Portal" id="{04df7e12-c6c8-eb11-bacc-000d3acc2ee2}" />
      </MissingDependency>
      <MissingDependency>
        <Required type="2" schemaName="quantity" displayName="Quantity" parentSchemaName="salesorderdetail" parentDisplayName="Order Line Item" solution="msdynce_Sales (9.0.4.0076)">
          <package>msdynce_SalesAnchor (9.0.21122.10002)</package>
        </Required>
        <Dependent type="29" displayName="Sales Order Line - Trigger DW sync on Create from Portal" id="{04df7e12-c6c8-eb11-bacc-000d3acc2ee2}" />
      </MissingDependency>
      <MissingDependency>
        <Required type="EnvironmentVariableDefinition" displayName="mcs_sharepointsite" solution="Active" id.schemaname="mcs_sharepointsite" />
        <Dependent type="29" displayName="BSL Price List - Monitor SharePoint SecureDocument for Price Lists" id="{596b1e3e-56b7-ea11-a812-000d3ad199e2}" />
      </MissingDependency>
    </MissingDependencies>
  </SolutionManifest>
</ImportExportXml>