﻿Franchise,Group
CPB,CPB Non Personal Customer Onboarding
CPB,CPB Onboarding Natwest
CPB,CPB Onboarding RBS
CPB,CPC OBAO
CPB,Project Esme
Group,Admins & Testers
Group,Default Group
Group,Supply Chain Services
Group,User Access Services
JUNK,DO NOT USE DMO Birmingham Unsecured �
JUNK,NatWest
JUNK,Old DMO NWB Birmingham Unsecured
JUNK,OLD DMO RBS Birmingham Unsecured
JUNK,RBS
NMW,Natwest Business
NWM,CIB MicroRates
NWM,CIB Outreach
NWM,NWM - TFX Product Initiative
PBB,DMO Birmingham Secured Main
PBB,DMO Birmingham Unsecured Main
PBB,DMO NWB Birmingham Secured
PBB,DMO Rotherham
PBB,DMO Rotherham Business Main
PBB,DMO Rotherham Business NWB Central
PBB,DMO Rotherham Business NWB IPM
PBB,DMO Rotherham Business RBS Central
PBB,DMO Rotherham Business RBS IPM
PBB,DMO Rotherham Main
PBB,DMO Rotherham Natwest Income and Expenditure
PBB,DMO Rotherham RBS Income & Expenditure
PBB,DMO Simplification Main
PBB,DMO W&G
PBB,Mortgage Switcher NatWest
PBB,Mortgage Switcher RBS
PBB,Mortgage Switchers Main
PBB,Mortgage Switchers Quality Team
PBB,New DMO NWB Birmingham Unsecured
PBB,New DMO RBS Birmingham Unsecured
PBB,PBB Adapt Account
PBB,PBB Digital Adoption
PBB,RBS Birmingham Secured
PBB,Standard User - PBB DMO Simplification Rotherham
