﻿<?xml version="1.0" encoding="utf-8"?>
<Config xmlns:xsd="http://www.w3.org/2001/XMLSchema" xmlns:xsi="http://www.w3.org/2001/XMLSchema-instance">
  <AudibleCompletionNotification>true</AudibleCompletionNotification>
  <CrmSvcUtilRelativePath>DLaB.EarlyBoundGenerator\crmsvcutil.exe</CrmSvcUtilRelativePath>
  <IncludeCommandLine>true</IncludeCommandLine>
  <MaskPassword>true</MaskPassword>
  <Version>1.2017.1.30</Version>
  <ExtensionConfig>
    <ActionsToSkip />
    <AddDebuggerNonUserCode>false</AddDebuggerNonUserCode>
    <AddNewFilesToProject>true</AddNewFilesToProject>
    <CreateOneFilePerAction>false</CreateOneFilePerAction>
    <CreateOneFilePerEntity>true</CreateOneFilePerEntity>
    <CreateOneFilePerOptionSet>false</CreateOneFilePerOptionSet>
    <EntitiesToSkip>account|rbs_accountcontactrelationship|msdyn_accountkpiitem|accountleads|aciviewmapper|actioncard|msdyn_actioncardrolesetting|cardtype|actioncardusersettings|msdyn_actioncardregarding|actioncarduserstate|activitypointer|msdyn_activityanalysiscleanupstate|activityparty|adx_ad|adx_adplacement|customeraddress|adminsettingsentity|advancedsimilarityrule|adx_accesscontrolrule_publishingstate|adx_accountcontentaccesslevel|adx_accountproduct|adx_adplacement_ad|adx_communityforumaccesspermission_webrole|adx_communityforumthread_contact|adx_communityforumthread_tag|adx_contactcontentaccesslevel|adx_contactproduct|adx_entitypermission_webrole|adx_forum_activityalert|adx_invitation_invitecontacts|adx_invitation_redeemedcontacts|adx_invitation_webrole|adx_kbarticle_kbarticle|adx_knowledgearticlecontentaccesslevel|adx_pagetag_webpage|adx_pollplacement_poll|adx_publishingstatetransitionrule_webrole|adx_webpage_tag|adx_webpageaccesscontrolrule_webrole|adx_webrole_account|adx_webrole_contact|adx_webrole_systemuser|adx_webrolecontentaccesslevel|adx_website_list|adx_website_sponsor|adx_websiteaccess_webrole|msdyn_aiconfiguration|msdyn_aifptrainingdocument|msdyn_aimodel|msdyn_aiodtrainingboundingbox|msdyn_aiodimage|msdyn_aiodtrainingimage|msdyn_aiodlabel|msdyn_aitemplate|adx_alertsubscription|msdyn_analysiscomponent|msdyn_analysisjob|msdyn_analysisresult|msdyn_analysisresultdetail|businessunitnewsarticle|annualfiscalcalendar|appconfigmaster|appconfig|appconfiginstance|appmodulecomponent|appmoduleroles|applicationfile|rbs_applicationparameter|ribboncustomization|appmodulemetadata|appmodulemetadataoperationlog|appmodulemetadatadependency|appointment|rbs_arrearssupportprocess|kbarticle|kbarticlecomment|kbarticletemplate|activitymimeattachment|attachment|attribute|attributemap|audit|authorizationserver|azureserviceconnection|adx_bingmaplookup|bookableresource|bookableresourcebooking|bookableresourcebookingheader|bookableresourcecategory|bookableresourcecategoryassn|bookableresourcecharacteristic|bookableresourcegroup|bookableresourcebookingexchangesyncidmapping|bookingstatus|rbs_branch|bulkdeletefailure|bulkdeleteoperation|bulkoperationlog|businessdatalocalizedlabel|businessprocessflowinstance|businessunit|businessunitmap|rbs_calculationinputparameter|rbs_calculationkey|rbs_calculationparameter|calendar|calendarrule|callbackregistration|campaign|campaignactivity|campaignactivityitem|campaignitem|campaignresponse|canvasapp|incident|rbs_caseconditionofsanction|rbs_casecustomertreatmentreason|adx_casedeflection|rbs_caseeventaudit|rbs_caseimport|incidentresolution|category|adx_bpf_c2857b638fa7473d8e2f112c232cebd8|channelaccessprofile|channelaccessprofilerule|channelaccessprofileruleitem|channelproperty|channelpropertygroup|channelaccessprofileentityaccesslevel|characteristic|childincidentcount|rbs_citycocouncilband|clientupdate|columnmapping|postcomment|commitment|competitor|competitoraddress|competitorproduct|competitorsalesliterature|msdyn_componentlayer|msdyn_componentlayerdatasource|rbs_conditionsofsanctionlist|rbs_configurationoption|connection|connectionrole|connectionroleobjecttypecode|connectionroleassociation|connector|msdyn_connector|contact|msdyn_contactkpiitem|contactinvoices|contactleads|contactorders|contactquotes|adx_contentaccesslevel|adx_contentsnippet|contract|contractdetail|contracttemplate|transactioncurrency|customcontrol|customcontroldefaultconfig|customcontrolresource|rbs_customerchecklist|rbs_customerexpenditure|rbs_customerincome|rbs_customerinformation|rbs_customerletterreceipt|rbs_nonpropertyasset|rbs_propertyasset|customerrelationship|rbs_shorttermdebt|rbs_customertreatmentreason|rbs_customervoiceauthority|import|importmap|dataperformance|rbs_dataretentionchildattribute|rbs_dataretentionconfiguration|rbs_dataretentionobfusctedattribute|rbs_dataretentionparentattribute|rbs_dataretentionrecord|msdyn_databaseversion|delveactionhub|dependency|dependencyfeature|dependencynode|rbs_dependentinformation|discount|discounttype|displaystring|displaystringmap|rbs_document|sharepointdocumentlocation|recommendeddocument|documenttemplate|duplicaterule|duplicaterecord|duplicaterulecondition|email|emailhash|emailsearch|emailserverprofile|emailsignature|template|entitlement|entitlementchannel|entitlementcontacts|entitlemententityallocationtypemapping|entitlementproducts|entitlementtemplate|entitlementtemplatechannel|entitlementtemplateproducts|entity|entityanalyticsconfig|adx_entityform|adx_entityformmetadata|adx_entitylist|entitymap|adx_entitypermission|msdyn_entityrankingrule|exchangesyncidmapping|expanderevent|expiredprocess|adx_externalidentity|externalparty|externalpartyitem|equipment|fax|feedback|fieldpermission|fieldsecurityprofile|principalobjectattributeaccess|fileattachment|msdyn_wallsavedqueryusersettings|filtertemplate|fixedmonthlyfiscalcalendar|msdyn_flowcardtype|postfollow|msdyn_forecastinstance|msdyn_forecastdefinition|msdyn_forecastrecurrence|msfp_survey|msfp_emailtemplate|msfp_surveyinvite|msfp_question|msfp_questionresponse|msfp_surveyresponse|msfp_unsubscribedrecipient|adx_communityforum|adx_communityforumaccesspermission|adx_communityforumalert|adx_communityforumannouncement|adx_forumnotification|adx_communityforumpost|adx_communityforumthread|adx_forumthreadtype|globalsearchconfiguration|goal|metric|rbs_hbpactivity|rbs_hbpcallback|rbs_hbpworkflowaction|rbs_hbpworkflowactivity|rbs_hbpworkflowactivitystatus|hierarchyrule|hierarchysecurityconfiguration|holidaywrapper|msdyn_icebreakersconfig|imagedescriptor|importdata|importentitymapping|importjob|importlog|importfile|incidentknowledgebaserecord|rbs_incomeexpenditurecatalogue|documentindex|li_inmail|rbs_proforma|integrationstatus|interprocesslock|interactionforemail|internaladdress|invaliddependency|adx_invitation|adx_inviteredemption|invoice|invoicedetail|rbs_isiguideline|isvconfig|knowledgearticle|knowledgearticlescategories|knowledgearticleincident|knowledgebaserecord|knowledgesearchmodel|knowledgearticleviews|languagelocale|languageprovisioningstate|lead|leadaddress|msdyn_leadkpiitem|leadtoopportunitysalesprocess|leadcompetitors|msdyn_leadmodelconfig|leadproduct|letter|license|postlike|sales_linkedin_configuration|picklistmapping|localconfigstore|rbs_location|rbs_loginauditlog|lookupmapping|mailmergetemplate|mailbox|mailboxtrackingfolder|mailboxstatistics|mailboxtrackingcategory|list|listmember|rbs_maximumnetincomelimits|li_message|metadatadifference|msdyn_teamscollaboration|msdyn_collabgraphresource|mobileofflineprofile|mobileofflineprofileitem|mobileofflineprofileitemassociation|appmodule|monthlyfiscalcalendar|rbs_mortgage|rbs_mortgageapplication|rbs_mortgageapplicationbp|rbs_mortgageapplicationstatuseschange|rbs_mortgageenquiry|rbs_mortgagerevision|msdyn_mostcontacted|msdyn_mostcontactedby|msdyn_aiodlabel_msdyn_aiconfiguration|msdyn_callablecontext_msdyn_playbooktemplate|msdyn_msteamssetting|msdyn_relationshipinsightsunifiedconfig|multiselectattributeoptionvalues|multientitysearch|multientitysearchentities|navigationsetting|newprocess|annotation|rbs_notetest|msdyn_notesanalysisconfig|notification|msdyn_odatav4ds|officedocument|officegraphdocument|offlinecommanddefinition|opportunity|opportunityclose|msdyn_opportunitykpiitem|opportunityproduct|customeropportunityrole|opportunitysalesprocess|opportunitycompetitors|msdyn_opportunitymodelconfig|optionset|salesorder|orderclose|salesorderdetail|organization|orginsightsmetric|orginsightsnotification|organizationstatistic|organizationui|owner|ownermapping|adx_pagealert|adx_pagenotification|adx_pagetag|adx_pagetemplate|partnerapplication|rbs_passwordresetexpirystatus|personaldocumenttemplate|phonecall|phonetocaseprocess|msdyn_playbookinstance|msdyn_playbookactivity|msdyn_playbookactivityattribute|msdyn_callablecontext|msdyn_playbookcategory|msdyn_playbooktemplate|pluginassembly|plugintracelog|plugintype|plugintypestatistic|li_pointdrivepresentationviewed|adx_poll|adx_polloption|adx_pollplacement|adx_pollsubmission|rbs_portalcapturecase|rbs_portalcapturedependent|rbs_portalcaptureemployment|rbs_portalcaptureexpenditure|rbs_portalcapturecustomer|rbs_portalcapturenpa|rbs_portalcapturenprpa|rbs_portalcaptureshorttermdebt|rbs_portalcapturesubmit|adx_portalcomment|rbs_portalcustomerdatamapping|rbs_portalcustomerheadermapping|adx_portallanguage|rbs_portalmortgageapplication|rbs_portalmortgageapplicationcustomer|rbs_positionsecurityrole|rbs_positionteam|position|post|msdyn_postconfig|postregarding|postrole|msdyn_postruleconfig|msdyn_predictivemodelconfig|pricelevel|productpricelevel|principalsyncattributemap|principalattributeaccessmap|principalentitymap|principalobjectaccess|principalobjectaccessreadsnapshot|privilege|privilegeobjecttypecodes|workflow|complexcontrol|workflowdependency|workflowlog|processsession|processstage|processtrigger|product|productassociation|productsubstitute|productsalesliterature|msdyn_postalbum|dynamicproperty|dynamicpropertyassociation|dynamicpropertyinstance|rbs_propertymaxhousepricechart|dynamicpropertyoptionsetitem|publisher|publisheraddress|adx_publishingstate|adx_publishingstatetransitionrule|quarterlyfiscalcalendar|queue|queueitem|queueitemcount|queuemembercount|queuemembership|bulkoperation|quote|quoteclose|quotedetail|rbs_ratesandproducts|ratingmodel|ratingvalue|convertrule|convertruleitem|recordcountsnapshot|recurrencerule|recurringappointmentmaster|adx_redirect|msdyn_activityanalysisconfig|relationshiprole|relationshiprolemap|replicationbacklog|report|reportlink|reportcategory|reportentity|reportvisibility|resource|resourcegroupexpansion|constraintbasedgroup|resourcespec|rbs_review|rbs_reviewparameter|ribbonclientmetadata|ribboncommand|ribboncontextgroup|ribbondiff|ribbonmetadatatoprocess|ribbonrule|ribbontabtocommandmap|roletemplate|roleprivileges|roletemplateprivileges|rollupfield|rollupjob|rollupproperties|goalrollupquery|routingrule|routingruleitem|runtimedependency|salesliteratureitem|salesliterature|salesprocessinstance|msdyn_salesinsightssettings|savedorginsightsconfiguration|userquery|resourcegroup|sdkmessage|sdkmessagefilter|sdkmessagepair|sdkmessageprocessingstep|sdkmessageprocessingstepimage|sdkmessageprocessingstepsecureconfig|sdkmessagerequest|sdkmessagerequestfield|sdkmessageresponse|sdkmessageresponsefield|role|semiannualfiscalcalendar|rbs_sensitivefields|service|serviceappointment|servicecontractcontacts|serviceendpoint|adx_setting|rbs_standardfinancialstatement|rbs_sfsmapping|rbs_sfssectiona|rbs_sfssectionb|rbs_sfssectionc|rbs_sfssectiond|rbs_sfssectione|rbs_sfssectionf|rbs_sfssectiong|sharedobjectsforread|sharepointdata|sharepointdocument|sharepointsite|adx_shortcut|msdyn_sikeyvalueconfig|msdyn_siconfig|similarityrule|site|sitemap|adx_sitemarker|adx_sitesetting|sla|slaitem|slakpiinstance|rbs_smsprovider|rbs_smsproviderparameter|socialactivity|socialprofile|socialinsightsconfiguration|solution|solutioncomponent|msdyn_solutioncomponentdatasource|solutioncomponentdefinition|msdyn_solutioncomponentsummary|msdyn_solutionhealthrule|msdyn_solutionhealthruleargument|msdyn_solutionhealthruleset|msdyn_solutionhistory|msdyn_solutionhistorydatasource|solutionhistorydata|sqlencryptionaudit|statusmap|stringmap|subject|subscription|subscriptionclients|subscriptionmanuallytrackedobject|subscriptionstatisticsoffline|subscriptionstatisticsoutlook|subscriptionsyncentryoffline|subscriptionsyncentryoutlook|subscriptionsyncinfo|suggestioncardtemplate|syncattributemapping|syncattributemappingprofile|syncerror|systemapplicationmetadata|savedqueryvisualization|systemform|asyncoperation|systemusermanagermap|systemuserprincipals|systemuserbusinessunitentitymap|systemuserlicenses|systemuserprofiles|systemuserroles|systemusersyncmappingprofiles|adx_tag|task|team|teamprofiles|teamsyncattributemappingprofiles|teamtemplate|teammembership|teamroles|territory|textanalyticsentitymapping|topic|theme|timestampdatemapping|timezonedefinition|timezonelocalizedname|timezonerule|topichistory|topicmodel|topicmodelconfiguration|topicmodelexecutionhistory|tracelog|traceassociation|traceregarding|subscriptiontrackingdeletedobject|transformationmapping|transformationparametermapping|translationprocess|rbs_treatment|rbs_treatmentcalculationcatalogue|rbs_treatmentcalculationinput|rbs_treatmentcalculationitem|rbs_treatmentcontrol|rbs_treatmenttype|uom|uomschedule|unresolvedaddress|msdyn_untrackedappointment|untrackedemail|msdyn_upgraderun|msdyn_upgradestep|msdyn_upgradeversion|adx_urlhistory|rbs_userposition|systemuser|userapplicationmetadata|userqueryvisualization|userform|userentityinstancedata|userentityuisettings|userfiscalcalendar|usermapping|usersearchfacet|usersettings|savedquery|entitydataprovider|entitydatasource|msdyn_wallsavedquery|adx_webfile|adx_webfilelog|adx_webform|adx_webformmetadata|adx_webformsession|adx_webformstep|adx_weblink|adx_weblinkset|adx_webnotificationentity|adx_webnotificationurl|adx_webpage|adx_webpageaccesscontrolrule|adx_webpagehistory|adx_webpagelog|webresource|adx_webrole|adx_webtemplate|webwizard|wizardaccessprivilege|adx_website|adx_websiteaccess|adx_websitebinding|adx_websitelanguage|wizardpage|msdyn_wkwconfig|workflowwaitsubscription</EntitiesToSkip>
    <EntityAttributeSpecifiedNames />
    <GenerateAttributeNameConsts>false</GenerateAttributeNameConsts>
    <GenerateAnonymousTypeConstructor>true</GenerateAnonymousTypeConstructor>
    <GenerateEntityRelationships>true</GenerateEntityRelationships>
    <GenerateEnumProperties>true</GenerateEnumProperties>
    <InvalidCSharpNamePrefix>_</InvalidCSharpNamePrefix>
    <MakeReadonlyFieldsEditable>false</MakeReadonlyFieldsEditable>
    <LocalOptionSetFormat>{0}_{1}</LocalOptionSetFormat>
    <OptionSetsToSkip>organization_currencyformatcode|quote_statuscode</OptionSetsToSkip>
    <RemoveRuntimeVersionComment>false</RemoveRuntimeVersionComment>
    <PropertyEnumMappings />
    <UnmappedProperties>duplicaterule:BaseEntityTypeCode,MatchingEntityTypeCode|invoicedetail:InvoiceStateCode|leadaddress:AddressTypeCode,ShippingMethodCode|organization:CurrencyFormatCode,DateFormatCode,TimeFormatCode,WeekStartDayCode|quote:StatusCode|quotedetail:QuoteStateCode|salesorderdetail:SalesOrderStateCode</UnmappedProperties>
    <UseDeprecatedOptionSetNaming>false</UseDeprecatedOptionSetNaming>
    <UseTfsToCheckoutFiles>false</UseTfsToCheckoutFiles>
    <UseXrmClient>false</UseXrmClient>
  </ExtensionConfig>
  <ExtensionArguments>
    <Argument>
      <SettingType>Actions</SettingType>
      <Name>codecustomization</Name>
      <Value>DLaB.CrmSvcUtilExtensions.Action.CustomizeCodeDomService,DLaB.CrmSvcUtilExtensions</Value>
    </Argument>
    <Argument>
      <SettingType>Actions</SettingType>
      <Name>codegenerationservice</Name>
      <Value>DLaB.CrmSvcUtilExtensions.Action.CustomCodeGenerationService,DLaB.CrmSvcUtilExtensions</Value>
    </Argument>
    <Argument>
      <SettingType>Actions</SettingType>
      <Name>codewriterfilter</Name>
      <Value>DLaB.CrmSvcUtilExtensions.Action.CodeWriterFilterService,DLaB.CrmSvcUtilExtensions</Value>
    </Argument>
    <Argument>
      <SettingType>Actions</SettingType>
      <Name>metadataproviderservice</Name>
      <Value>DLaB.CrmSvcUtilExtensions.BaseMetadataProviderService,DLaB.CrmSvcUtilExtensions</Value>
    </Argument>
    <Argument>
      <SettingType>Entities</SettingType>
      <Name>codecustomization</Name>
      <Value>DLaB.CrmSvcUtilExtensions.Entity.CustomizeCodeDomService,DLaB.CrmSvcUtilExtensions</Value>
    </Argument>
    <Argument>
      <SettingType>Entities</SettingType>
      <Name>codegenerationservice</Name>
      <Value>DLaB.CrmSvcUtilExtensions.Entity.CustomCodeGenerationService,DLaB.CrmSvcUtilExtensions</Value>
    </Argument>
    <Argument>
      <SettingType>Entities</SettingType>
      <Name>codewriterfilter</Name>
      <Value>DLaB.CrmSvcUtilExtensions.Entity.CodeWriterFilterService,DLaB.CrmSvcUtilExtensions</Value>
    </Argument>
    <Argument>
      <SettingType>Entities</SettingType>
      <Name>namingservice</Name>
      <Value>DLaB.CrmSvcUtilExtensions.NamingService,DLaB.CrmSvcUtilExtensions</Value>
    </Argument>
    <Argument>
      <SettingType>Entities</SettingType>
      <Name>metadataproviderservice</Name>
      <Value>DLaB.CrmSvcUtilExtensions.Entity.MetadataProviderService,DLaB.CrmSvcUtilExtensions</Value>
    </Argument>
    <Argument>
      <SettingType>OptionSets</SettingType>
      <Name>codegenerationservice</Name>
      <Value>DLaB.CrmSvcUtilExtensions.OptionSet.CustomCodeGenerationService,DLaB.CrmSvcUtilExtensions</Value>
    </Argument>
    <Argument>
      <SettingType>OptionSets</SettingType>
      <Name>codewriterfilter</Name>
      <Value>DLaB.CrmSvcUtilExtensions.OptionSet.CodeWriterFilterService,DLaB.CrmSvcUtilExtensions</Value>
    </Argument>
    <Argument>
      <SettingType>OptionSets</SettingType>
      <Name>namingservice</Name>
      <Value>DLaB.CrmSvcUtilExtensions.NamingService,DLaB.CrmSvcUtilExtensions</Value>
    </Argument>
    <Argument>
      <SettingType>OptionSets</SettingType>
      <Name>metadataproviderservice</Name>
      <Value>DLaB.CrmSvcUtilExtensions.BaseMetadataProviderService,DLaB.CrmSvcUtilExtensions</Value>
    </Argument>
    <Argument>
      <SettingType>OptionSets</SettingType>
      <Name>codecustomization</Name>
      <Value>DLaB.CrmSvcUtilExtensions.OptionSet.CustomizeCodeDomService,DLaB.CrmSvcUtilExtensions</Value>
    </Argument>
  </ExtensionArguments>
  <UserArguments>
    <Argument>
      <SettingType>Actions</SettingType>
      <Name>generateActions</Name>
    </Argument>
    <Argument>
      <SettingType>Actions</SettingType>
      <Name>out</Name>
      <Value>CrmSvcUtil Ref\Actions.cs</Value>
    </Argument>
    <Argument>
      <SettingType>All</SettingType>
      <Name>namespace</Name>
      <Value>Rbs.Crm.Ulster.Workflow.CRMClasses</Value>
    </Argument>
    <Argument>
      <SettingType>Entities</SettingType>
      <Name>out</Name>
      <Value>C:\Src\Git\DESCRM\uls.common\src\VS\Rbs.Crm.Ulster.Workflow\CRMClasses</Value>
    </Argument>
    <Argument>
      <SettingType>Entities</SettingType>
      <Name>servicecontextname</Name>
      <Value>CrmServiceContext</Value>
    </Argument>
    <Argument>
      <SettingType>OptionSets</SettingType>
      <Name>out</Name>
      <Value>C:\Src\Git\DESCRM\uls.common\src\VS\Rbs.Crm.Ulster.Workflow\CRMClasses\OptionSets.cs</Value>
    </Argument>
  </UserArguments>
</Config>