﻿<?xml version="1.0" encoding="utf-8"?>
<systemform>
  <formid>{1fdad285-ff19-44f5-ba56-9ff76a7f51ef}</formid>
  <IntroducedVersion>1.0.0.0</IntroducedVersion>
  <FormPresentation>0</FormPresentation>
  <FormActivationState>1</FormActivationState>
  <form>
    <tabs>
      <tab name="general" verticallayout="true" id="{f59ded79-fb24-4a43-a480-5fe3a629102f}" IsUserDefined="0">
        <labels>
          <label description="" languagecode="1033" />
        </labels>
        <columns>
          <column width="100%">
            <sections>
              <section name="account information" showlabel="false" showbar="false" id="{b1daeee3-1997-422e-aef8-7c51242e8a87}" IsUserDefined="0">
                <labels>
                  <label description="" languagecode="1033" />
                </labels>
                <rows>
                  <row>
                    <cell id="{4618bdb7-8812-4a65-85e4-dc39001e5144}">
                      <labels>
                        <label description="Stategy" languagecode="1033" />
                      </labels>
                      <control id="rbsm_strategy" classid="{4273EDBD-AC1D-40d3-9FB2-095C621B552D}" datafieldname="rbsm_strategy" disabled="false" />
                    </cell>
                    <cell id="{c1c70f9d-caf4-4cd7-8c2a-206bc3b49503}">
                      <labels>
                        <label description="Status" languagecode="1033" />
                      </labels>
                      <control id="statecode" classid="{3EF39988-22BB-4f0b-BBBE-64B5A3748AEE}" datafieldname="statecode" disabled="false" />
                    </cell>
                    <cell id="{478fcde5-1bae-408a-9d02-1e5aa9296e8a}">
                      <labels>
                        <label description="Owner" languagecode="1033" />
                      </labels>
                      <control id="ownerid" classid="{270BD3DB-D9AF-4782-9025-509E298DEC0A}" datafieldname="ownerid" disabled="false" />
                    </cell>
                  </row>
                </rows>
              </section>
            </sections>
          </column>
        </columns>
      </tab>
    </tabs>
  </form>
  <IsCustomizable>1</IsCustomizable>
  <CanBeDeleted>1</CanBeDeleted>
  <LocalizedNames>
    <LocalizedName description="Information" languagecode="1033" />
  </LocalizedNames>
  <Descriptions>
    <Description description="This is the form that is displayed for the CRM Mobile application." languagecode="1033" />
  </Descriptions>
</systemform>