﻿<?xml version="1.0" encoding="utf-8"?>
<systemform>
  <formid>{549a8aa3-c349-4ab9-8bac-4873fa9a7a5c}</formid>
  <IntroducedVersion>6.0.0.0</IntroducedVersion>
  <FormPresentation>1</FormPresentation>
  <FormActivationState>1</FormActivationState>
  <form>
    <ancestor id="{549A8AA3-C349-4AB9-8BAC-4873FA9A7A5C}" />
    <hiddencontrols>
      <data id="activityid" datafieldname="activityid" classid="{5546E6CD-394C-4bee-94A8-4425E17EF6C6}" />
      <data id="seriesid" datafieldname="seriesid" classid="{5546E6CD-394C-4bee-94A8-4425E17EF6C6}" />
      <data id="organizer" datafieldname="organizer" classid="{5546E6CD-394C-4bee-94A8-4425E17EF6C6}" />
      <data id="statuscode" datafieldname="statuscode" classid="{5546E6CD-394C-4bee-94A8-4425E17EF6C6}" />
      <data id="instancetypecode" datafieldname="instancetypecode" classid="{5546E6CD-394C-4bee-94A8-4425E17EF6C6}" />
    </hiddencontrols>
    <tabs>
      <tab name="appointment" id="{2A2A5AC4-581A-4131-BA0B-8A34943B19FC}" IsUserDefined="0" showlabel="false" expanded="true">
        <labels>
          <label description="Appointment" languagecode="1033" />
        </labels>
        <columns>
          <column width="67%">
            <sections>
              <section name="general information" showlabel="false" showbar="false" locklevel="0" id="{846F5D88-C043-4E1F-9BF3-90CD9093C1D7}" IsUserDefined="0" layout="varwidth" columns="11" labelwidth="115" celllabelposition="Left">
                <labels>
                  <label description="" languagecode="1033" />
                </labels>
                <rows>
                  <row>
                    <cell auto="false" showlabel="true" locklevel="1" rowspan="1" colspan="2" id="{8901DF19-82EB-4BD3-B96B-CD3D4F5710D4}">
                      <labels>
                        <label description="Required" languagecode="1033" />
                      </labels>
                      <control id="requiredattendees" classid="{CBFB742C-14E7-4a17-96BB-1A13F7F64AA2}" datafieldname="requiredattendees" disabled="false" />
                    </cell>
                  </row>
                  <row>
                    <cell auto="false" showlabel="true" locklevel="0" rowspan="1" colspan="2" id="{3953269C-ABD1-4B75-8DDB-23D5BC088D64}">
                      <labels>
                        <label description="Optional" languagecode="1033" />
                      </labels>
                      <control id="optionalattendees" classid="{CBFB742C-14E7-4a17-96BB-1A13F7F64AA2}" datafieldname="optionalattendees" disabled="false" />
                    </cell>
                  </row>
                  <row>
                    <cell auto="false" showlabel="true" locklevel="0" rowspan="1" colspan="2" id="{9BF8162D-95A7-4390-86E1-8305ACF475B0}">
                      <labels>
                        <label description="Subject" languagecode="1033" />
                      </labels>
                      <control id="subject" classid="{4273EDBD-AC1D-40d3-9FB2-095C621B552D}" datafieldname="subject" disabled="false" />
                    </cell>
                  </row>
                  <row>
                    <cell colspan="2" id="{E15ACF1F-BA3E-4BC5-8AE5-AA3A290E7769}">
                      <labels>
                        <label description="Location" languagecode="1033" />
                      </labels>
                      <control id="location" classid="{4273EDBD-AC1D-40d3-9FB2-095C621B552D}" datafieldname="location" />
                    </cell>
                  </row>
                  <row>
                    <cell auto="false" showlabel="true" locklevel="1" rowspan="1" colspan="2" id="{5D06EDBF-8D54-4710-8C6A-81483D6F41F4}">
                      <labels>
                        <label description="Regarding" languagecode="1033" />
                      </labels>
                      <control id="regardingobjectid" classid="{F3015350-44A2-4aa0-97B5-00166532B5E9}" datafieldname="regardingobjectid" disabled="false">
                        <parameters>
                          <AutoResolve>true</AutoResolve>
                        </parameters>
                      </control>
                    </cell>
                  </row>
                </rows>
              </section>
              <section name="scheduling information" showlabel="false" showbar="false" locklevel="1" id="{A83EF0B4-92A2-4442-AF94-DC43BA1C31D3}" IsUserDefined="0" layout="varwidth" columns="1">
                <labels>
                  <label description="Scheduling Information" languagecode="1033" />
                </labels>
                <rows>
                  <row>
                    <cell auto="false" showlabel="true" locklevel="0" rowspan="1" colspan="1" id="{B4D87035-7744-4AE7-AFB5-AC85CA81642C}">
                      <labels>
                        <label description="Start Time" languagecode="1033" />
                      </labels>
                      <control id="scheduledstart" classid="{5B773807-9FB2-42db-97C3-7A91EFF8ADFF}" datafieldname="scheduledstart" disabled="false" />
                    </cell>
                    <cell auto="false" showlabel="true" locklevel="0" rowspan="1" colspan="1" id="{4899B6A9-00DC-46BF-B6C6-4809D6EAAA67}">
                      <labels>
                        <label description="All Day Event" languagecode="1033" />
                      </labels>
                      <control id="isalldayevent" classid="{B0C6723A-8503-4fd7-BB28-C8A06AC933C2}" datafieldname="isalldayevent" disabled="false" />
                    </cell>
                  </row>
                  <row>
                    <cell auto="false" showlabel="true" locklevel="0" rowspan="1" colspan="1" id="{0BF43F88-DA02-4A74-823F-1EF5014867A9}">
                      <labels>
                        <label description="End Time" languagecode="1033" />
                      </labels>
                      <control id="scheduledend" classid="{5B773807-9FB2-42db-97C3-7A91EFF8ADFF}" datafieldname="scheduledend" disabled="false" />
                    </cell>
                    <cell auto="false" showlabel="true" locklevel="0" rowspan="1" colspan="1" id="{ECDDF39D-1393-4C80-941A-4F8FE486305F}">
                      <labels>
                        <label description="Duration" languagecode="1033" />
                      </labels>
                      <control id="scheduleddurationminutes" classid="{AA987274-CE4E-4271-A803-66164311A958}" datafieldname="scheduleddurationminutes" disabled="false" />
                    </cell>
                  </row>
                </rows>
              </section>
              <section name="appointment description" showlabel="true" showbar="false" locklevel="0" id="{299BE158-E0A5-423D-9B70-BC82B5BC26B9}" IsUserDefined="0" layout="varwidth" columns="11" height="auto">
                <labels>
                  <label description="Description" languagecode="1033" />
                </labels>
                <rows>
                  <row>
                    <cell showlabel="false" locklevel="0" rowspan="7" colspan="2" id="{EA609D20-9CD9-4988-86B7-0F0C367ADD10}">
                      <labels>
                        <label description="Description" languagecode="1033" />
                      </labels>
                      <control id="description" classid="{E0DECE4B-6FC8-4a8f-A065-082708572369}" datafieldname="description" disabled="false" />
                    </cell>
                  </row>
                  <row />
                  <row />
                  <row />
                  <row />
                  <row />
                  <row />
                </rows>
              </section>
            </sections>
          </column>
          <column width="33%">
            <sections>
              <section name="tab_2_section_2" showlabel="false" showbar="false" locklevel="0" id="{08520212-16e5-7152-81d4-d5e62eec683a}" IsUserDefined="0" layout="varwidth" columns="1" labelwidth="115" celllabelalignment="Left" celllabelposition="Left" height="auto">
                <labels>
                  <label description="Section" languagecode="1033" />
                </labels>
                <rows>
                  <row>
                    <cell id="{68330121-7acd-5709-6ac7-2b10758cab3e}" showlabel="false" rowspan="20" auto="true" colspan="1" locklevel="0">
                      <labels>
                        <label description="Notes" languagecode="1033" />
                      </labels>
                      <control id="notescontrol" classid="{06375649-c143-495e-a496-c962e5b4488e}" disabled="false">
                        <parameters>
                          <DefaultTabId>NotesTab</DefaultTabId>
                        </parameters>
                      </control>
                    </cell>
                  </row>
                  <row />
                  <row />
                  <row />
                  <row />
                  <row />
                  <row />
                  <row />
                  <row />
                  <row />
                  <row />
                  <row />
                  <row />
                  <row />
                  <row />
                  <row />
                  <row />
                  <row />
                  <row />
                  <row height="auto" />
                </rows>
              </section>
            </sections>
          </column>
        </columns>
      </tab>
    </tabs>
    <header id="{42B31823-0752-4F96-83F8-0F3AC9C24E31}" columns="111" celllabelposition="Top" labelwidth="115">
      <rows>
        <row>
          <cell id="{BD0D7CAA-7581-4BC8-9FBC-906A16BA4881}">
            <labels>
              <label description="Priority" languagecode="1033" />
            </labels>
            <control id="header_prioritycode" classid="{3EF39988-22BB-4f0b-BBBE-64B5A3748AEE}" datafieldname="prioritycode" />
          </cell>
          <cell id="{FDE00F70-5571-47E9-B6BC-275E779B5269}" showlabel="true">
            <labels>
              <label description="Status" languagecode="1033" />
            </labels>
            <control id="header_statecode" classid="{3EF39988-22BB-4f0b-BBBE-64B5A3748AEE}" datafieldname="statecode" />
          </cell>
          <cell id="{83C1A8F6-E296-402C-836D-E41758053C08}" showlabel="true" locklevel="1">
            <labels>
              <label description="Owner" languagecode="1033" />
            </labels>
            <control id="header_ownerid" classid="{270BD3DB-D9AF-4782-9025-509E298DEC0A}" datafieldname="ownerid" />
          </cell>
        </row>
      </rows>
    </header>
    <events>
      <event name="onload" application="true" active="true">
        <InternalHandlers>
          <Handler functionName="Mscrm.Form_onload" libraryName="Appointment_main_system_library.js" handlerUniqueId="53c66106-3c6e-4fa2-b569-bef97d304230" enabled="true" />
        </InternalHandlers>
      </event>
      <event name="onchange" application="true" active="true" attribute="isalldayevent">
        <InternalHandlers>
          <Handler functionName="Mscrm.isalldayevent_onchange" libraryName="Appointment_main_system_library.js" handlerUniqueId="a254303d-a7f9-4e54-94b8-be488afd1bf3" enabled="true">
            <dependencies>
              <dependency id="scheduledstart" />
              <dependency id="scheduledend" />
            </dependencies>
          </Handler>
        </InternalHandlers>
      </event>
    </events>
    <clientresources>
      <internalresources>
        <clientincludes>
          <internaljscriptfile src="$webresource:Appointment_main_system_library.js" />
        </clientincludes>
      </internalresources>
    </clientresources>
    <Navigation>
      <NavBar></NavBar>
      <NavBarAreas>
        <NavBarArea Id="Info">
          <Titles>
            <Title LCID="1033" Text="Common" />
          </Titles>
        </NavBarArea>
        <NavBarArea Id="Sales">
          <Titles>
            <Title LCID="1033" Text="Sales" />
          </Titles>
        </NavBarArea>
        <NavBarArea Id="Service">
          <Titles>
            <Title LCID="1033" Text="Service" />
          </Titles>
        </NavBarArea>
        <NavBarArea Id="Marketing">
          <Titles>
            <Title LCID="1033" Text="Marketing" />
          </Titles>
        </NavBarArea>
        <NavBarArea Id="ProcessCenter">
          <Titles>
            <Title LCID="1033" Text="Process Sessions" />
          </Titles>
        </NavBarArea>
      </NavBarAreas>
    </Navigation>
    <DisplayConditions FallbackForm="true" Order="2">
      <Everyone />
    </DisplayConditions>
  </form>
  <LocalizedNames>
    <LocalizedName description="Appointment" languagecode="1033" />
  </LocalizedNames>
  <Descriptions>
    <Description description="Updated default Appointment form." languagecode="1033" />
  </Descriptions>
</systemform>