﻿<?xml version="1.0" encoding="utf-8"?>
<Workflow WorkflowId="{80c18178-383f-4ed9-b8d0-59e366479e45}" Name="Sanitize Phone Call Data Action">
  <XamlFileName>/Workflows/SanitizePhoneCallDataAction-80C18178-383F-4ED9-B8D0-59E366479E45.xaml</XamlFileName>
  <Type>1</Type>
  <Subprocess>0</Subprocess>
  <Category>3</Category>
  <Mode>0</Mode>
  <Scope>4</Scope>
  <OnDemand>1</OnDemand>
  <TriggerOnCreate>0</TriggerOnCreate>
  <TriggerOnDelete>0</TriggerOnDelete>
  <AsyncAutodelete>0</AsyncAutodelete>
  <SyncWorkflowLogOnFailure>1</SyncWorkflowLogOnFailure>
  <StateCode>0</StateCode>
  <StatusCode>1</StatusCode>
  <CreateStage>40</CreateStage>
  <RunAs>1</RunAs>
  <SdkMessageId>{fbe803a8-541d-e811-811d-5065f38b1651}</SdkMessageId>
  <UniqueName>SanitizePhoneCallDataAction</UniqueName>
  <IsTransacted>1</IsTransacted>
  <IntroducedVersion>1.0.0.0</IntroducedVersion>
  <IsCustomizable>1</IsCustomizable>
  <PrimaryEntity>PhoneCall</PrimaryEntity>
  <LocalizedNames>
    <LocalizedName languagecode="1033" description="Sanitize Phone Call Data Action" />
  </LocalizedNames>
</Workflow>