﻿<?xml version="1.0" encoding="utf-8"?>
<Workflow WorkflowId="{dec68f3f-1712-4f5d-9aec-4652e176a015}" Name="Sanitize Case Data">
  <XamlFileName>/Workflows/SanitizeCaseData-DEC68F3F-1712-4F5D-9AEC-4652E176A015.xaml</XamlFileName>
  <Type>1</Type>
  <Subprocess>0</Subprocess>
  <Category>0</Category>
  <Mode>1</Mode>
  <Scope>4</Scope>
  <OnDemand>1</OnDemand>
  <TriggerOnCreate>0</TriggerOnCreate>
  <TriggerOnDelete>0</TriggerOnDelete>
  <AsyncAutodelete>0</AsyncAutodelete>
  <SyncWorkflowLogOnFailure>1</SyncWorkflowLogOnFailure>
  <StateCode>1</StateCode>
  <StatusCode>2</StatusCode>
  <CreateStage>40</CreateStage>
  <RunAs>0</RunAs>
  <IsTransacted>1</IsTransacted>
  <IntroducedVersion>1.0.0.0</IntroducedVersion>
  <IsCustomizable>1</IsCustomizable>
  <PrimaryEntity>Incident</PrimaryEntity>
  <LocalizedNames>
    <LocalizedName languagecode="1033" description="Sanitize Case Data" />
  </LocalizedNames>
</Workflow>