﻿<?xml version="1.0" encoding="utf-8"?>
<Workflow WorkflowId="{7aac6a6f-d997-4420-9d30-4a2abb42354a}" Name="Sanitize Customer Data Action">
  <XamlFileName>/Workflows/SanitizeCustomerDataAction-7AAC6A6F-D997-4420-9D30-4A2ABB42354A.xaml</XamlFileName>
  <Type>1</Type>
  <Subprocess>0</Subprocess>
  <Category>3</Category>
  <Mode>0</Mode>
  <Scope>4</Scope>
  <OnDemand>1</OnDemand>
  <TriggerOnCreate>0</TriggerOnCreate>
  <TriggerOnDelete>0</TriggerOnDelete>
  <AsyncAutodelete>0</AsyncAutodelete>
  <SyncWorkflowLogOnFailure>1</SyncWorkflowLogOnFailure>
  <StateCode>0</StateCode>
  <StatusCode>1</StatusCode>
  <CreateStage>40</CreateStage>
  <RunAs>1</RunAs>
  <SdkMessageId>{fa51a044-fa1c-e811-8117-5065f38b3571}</SdkMessageId>
  <UniqueName>SanitizeCustomerDataAction</UniqueName>
  <IsTransacted>1</IsTransacted>
  <IntroducedVersion>1.0.0.0</IntroducedVersion>
  <IsCustomizable>1</IsCustomizable>
  <PrimaryEntity>Account</PrimaryEntity>
  <LocalizedNames>
    <LocalizedName languagecode="1033" description="Sanitize Customer Data Action" />
  </LocalizedNames>
</Workflow>