﻿<?xml version="1.0" encoding="utf-8"?>
<Workflow WorkflowId="{9e494bcf-9762-43fc-ace0-db171a229fe0}" Name="Sanitize Phone Call Data">
  <XamlFileName>/Workflows/SanitizePhoneCallData-9E494BCF-9762-43FC-ACE0-DB171A229FE0.xaml</XamlFileName>
  <Type>1</Type>
  <Subprocess>0</Subprocess>
  <Category>0</Category>
  <Mode>1</Mode>
  <Scope>4</Scope>
  <OnDemand>1</OnDemand>
  <TriggerOnCreate>0</TriggerOnCreate>
  <TriggerOnDelete>0</TriggerOnDelete>
  <AsyncAutodelete>0</AsyncAutodelete>
  <SyncWorkflowLogOnFailure>1</SyncWorkflowLogOnFailure>
  <StateCode>0</StateCode>
  <StatusCode>1</StatusCode>
  <CreateStage>40</CreateStage>
  <RunAs>1</RunAs>
  <IsTransacted>1</IsTransacted>
  <IntroducedVersion>1.0.0.0</IntroducedVersion>
  <IsCustomizable>1</IsCustomizable>
  <PrimaryEntity>PhoneCall</PrimaryEntity>
  <LocalizedNames>
    <LocalizedName languagecode="1033" description="Sanitize Phone Call Data" />
  </LocalizedNames>
</Workflow>