﻿<?xml version="1.0" encoding="utf-8"?>
<Workflow WorkflowId="{9710b2f3-901a-4acc-a439-395f84006306}" Name="Sanitize Case Data Action">
  <XamlFileName>/Workflows/SanitizeCaseDataAction-9710B2F3-901A-4ACC-A439-395F84006306.xaml</XamlFileName>
  <Type>1</Type>
  <Subprocess>0</Subprocess>
  <Category>3</Category>
  <Mode>0</Mode>
  <Scope>4</Scope>
  <OnDemand>1</OnDemand>
  <TriggerOnCreate>0</TriggerOnCreate>
  <TriggerOnDelete>0</TriggerOnDelete>
  <AsyncAutodelete>0</AsyncAutodelete>
  <SyncWorkflowLogOnFailure>1</SyncWorkflowLogOnFailure>
  <StateCode>1</StateCode>
  <StatusCode>2</StatusCode>
  <CreateStage>40</CreateStage>
  <RunAs>1</RunAs>
  <SdkMessageId>{2b9749db-5a1d-e811-811d-5065f38b1651}</SdkMessageId>
  <UniqueName>SanitizeCaseDataAction</UniqueName>
  <IsTransacted>1</IsTransacted>
  <IntroducedVersion>1.0.0.0</IntroducedVersion>
  <IsCustomizable>1</IsCustomizable>
  <PrimaryEntity>Incident</PrimaryEntity>
  <LocalizedNames>
    <LocalizedName languagecode="1033" description="Sanitize Case Data Action" />
  </LocalizedNames>
</Workflow>