﻿<?xml version="1.0" encoding="utf-8"?>
<Workflow WorkflowId="{938ee892-1f65-4ab0-b357-2f5c2d7f519f}" Name="Sanitize Customer Data">
  <XamlFileName>/Workflows/SanitizeCustomerData-938EE892-1F65-4AB0-B357-2F5C2D7F519F.xaml</XamlFileName>
  <Type>1</Type>
  <Subprocess>0</Subprocess>
  <Category>0</Category>
  <Mode>1</Mode>
  <Scope>4</Scope>
  <OnDemand>1</OnDemand>
  <TriggerOnCreate>0</TriggerOnCreate>
  <TriggerOnDelete>0</TriggerOnDelete>
  <AsyncAutodelete>1</AsyncAutodelete>
  <SyncWorkflowLogOnFailure>1</SyncWorkflowLogOnFailure>
  <StateCode>0</StateCode>
  <StatusCode>1</StatusCode>
  <RunAs>0</RunAs>
  <IsTransacted>1</IsTransacted>
  <IntroducedVersion>1.0.0.0</IntroducedVersion>
  <IsCustomizable>1</IsCustomizable>
  <PrimaryEntity>Account</PrimaryEntity>
  <LocalizedNames>
    <LocalizedName languagecode="1033" description="Sanitize Customer Data" />
  </LocalizedNames>
</Workflow>