<?xml version="1.0" encoding="utf-8"?>
<Workflow
  WorkflowId="{15850987-05d8-438a-ab33-38e6103f6b55}"
  Name="FetchPartsList" xmlns:xsi="http://www.w3.org/2001/XMLSchema-instance">
  <XamlFileName>/Workflows/FetchPartsList-15850987-05D8-438A-AB33-38E6103F6B55.xaml</XamlFileName>
  <Type>1</Type>
  <Subprocess>0</Subprocess>
  <Category>3</Category>
  <Mode>0</Mode>
  <Scope>4</Scope>
  <OnDemand>0</OnDemand>
  <TriggerOnCreate>0</TriggerOnCreate>
  <TriggerOnDelete>0</TriggerOnDelete>
  <AsyncAutodelete>0</AsyncAutodelete>
  <SyncWorkflowLogOnFailure>1</SyncWorkflowLogOnFailure>
  <StateCode>1</StateCode>
  <StatusCode>2</StatusCode>
  <CreateStage>40</CreateStage>
  <RunAs>1</RunAs>
  <SdkMessageId>{a081485e-ff08-ee11-8f6e-0022482b247c}</SdkMessageId>
  <UniqueName>FetchPartsList</UniqueName>
  <IsTransacted>1</IsTransacted>
  <IntroducedVersion>1.0.0.5</IntroducedVersion>
  <IsCustomizable>1</IsCustomizable>
  <FormId>{00000000-0000-0000-0000-000000000000}</FormId>
  <IsCustomProcessingStepAllowedForOtherPublishers>1</IsCustomProcessingStepAllowedForOtherPublishers>
  <PrimaryEntity>none</PrimaryEntity>
  <LocalizedNames>
    <LocalizedName
      languagecode="1033"
      description="FetchPartsList" />
  </LocalizedNames>
</Workflow>