﻿<?xml version="1.0" encoding="utf-8"?>
<systemform>
  <formid>{7567988f-9edf-4814-87f4-81889fbe72bc}</formid>
  <IntroducedVersion>1.0</IntroducedVersion>
  <FormPresentation>0</FormPresentation>
  <FormActivationState>1</FormActivationState>
  <form>
    <tabs>
      <tab name="general" verticallayout="true" id="{8d009624-06da-4ae1-b990-91c0ab760574}" IsUserDefined="0">
        <labels>
          <label description="" languagecode="1033" />
        </labels>
        <columns>
          <column width="100%">
            <sections>
              <section name="account information" showlabel="false" showbar="false" id="{9294f8c9-8cd6-47ad-944a-996b258d247f}" IsUserDefined="0">
                <labels>
                  <label description="" languagecode="1033" />
                </labels>
                <rows>
                  <row>
                    <cell id="{634f4a23-9294-48eb-a380-8e3b44d2110b}">
                      <labels>
                        <label description="Option Set Schema Name" languagecode="1033" />
                      </labels>
                      <control id="gap_optionsetschemaname" classid="{4273EDBD-AC1D-40d3-9FB2-095C621B552D}" datafieldname="gap_optionsetschemaname" disabled="false" />
                    </cell>
                    <cell id="{13e9fbf2-3af3-40ee-97c8-fc920de4792c}">
                      <labels>
                        <label description="Status" languagecode="1033" />
                      </labels>
                      <control id="statecode" classid="{3EF39988-22BB-4f0b-BBBE-64B5A3748AEE}" datafieldname="statecode" disabled="false" />
                    </cell>
                  </row>
                </rows>
              </section>
            </sections>
          </column>
        </columns>
      </tab>
    </tabs>
  </form>
  <IsCustomizable>1</IsCustomizable>
  <CanBeDeleted>1</CanBeDeleted>
  <LocalizedNames>
    <LocalizedName description="Information" languagecode="1033" />
  </LocalizedNames>
  <Descriptions>
    <Description description="This is the form that is displayed for the CRM Mobile application." languagecode="1033" />
  </Descriptions>
</systemform>